Date,SPY,QQQ,IWM,EFA,VNQ,GLD,TLT,LQD
2012-01-03,0.125,0.125,0.125,0.125,0.125,0.125,0.125,0.125
2012-01-04,0.12564697338072198,0.12597927146774926,0.12476412581953306,0.12471044794650386,0.12330534319389855,0.12608578486079158,0.12395857930240985,0.12554947402839195
2012-01-05,0.12579504015522938,0.12682757624158308,0.12528118771509097,0.12267944986968529,0.12427931786251323,0.1267588049298432,0.12355489463156906,0.1248237285944857
2012-01-06,0.12563271294110942,0.12743199820947143,0.12512488716802828,0.12116136891607657,0.1240321976081286,0.1264557325980365,0.12469096109488154,0.1254701414642677
2012-01-09,0.12598925645649944,0.1270652588791909,0.12581218545872022,0.12167965207033869,0.12365404894254338,0.12594427009243836,0.12452145804954264,0.12533387005072644
2012-01-10,0.12595470476079054,0.12685637410454983,0.126521219383303,0.12243375530429111,0.12391824011111771,0.1265342654496637,0.12320884689474336,0.12457259399154072
2012-01-11,0.12555686022519014,0.12664849529291194,0.12654908138834012,0.12159129952273107,0.1243284843395525,0.12688479372597564,0.12435089236869688,0.12409009313660167
2012-01-12,0.12567538970365044,0.1269647638936032,0.1267449586768983,0.12192541627087179,0.12323836960444501,0.1272639824612538,0.12399426367967785,0.1241928557095995
2012-01-13,0.12527970218339052,0.12676563953658213,0.12632491777668234,0.12085774755997675,0.12376475946321303,0.12663243516907005,0.12548189743515392,0.12489290087593137
2012-01-17,0.1250163713208394,0.12715807873420962,0.12552268041761994,0.12156655635370328,0.12403852959369371,0.12685784622564278,0.12531193951127462,0.12452799784301669
2012-01-18,0.12548142807460738,0.12791253255705362,0.12683137142312315,0.12270427124048981,0.1239961262867878,0.12680049315705855,0.12289690202990301,0.12337687523097676
2012-01-19,0.12586465822735501,0.12842348087503946,0.1273324565315889,0.12394449253943558,0.12420191710676988,0.1262226063011421,0.12093852502901647,0.12307186338965276
2012-01-20,0.12623753702670154,0.12813277202587545,0.1273168447395871,0.12449747140029892,0.12487903244201927,0.12679149355903666,0.11947791780472186,0.1226669310017593
2012-01-23,0.1258426336622398,0.12810473213988183,0.12708379732448094,0.12490775701095096,0.12541436336701317,0.12757357654049584,0.11865639032021072,0.12241674963472662
2012-01-24,0.12565255509505563,0.1278215719500359,0.12776807821485536,0.12416677117742067,0.12632622038078806,0.12662736041882341,0.11882661807914204,0.12281082468387906
2012-01-25,0.12541899164898077,0.12811538430808864,0.12755049763352677,0.12418789395216745,0.12665388069634323,0.12875516556990796,0.11733881688305027,0.12197936930793492
2012-01-26,0.12441871785868966,0.1273049066146427,0.12704116929506798,0.1238799197098871,0.12717586810372475,0.12904255486973165,0.11855410693846458,0.12258275660979169
2012-01-27,0.12395204011528219,0.12726438943808543,0.12748585483066305,0.1236834884917625,0.12679748689839831,0.12992422049963614,0.11853468093533599,0.12235783879083639
2012-01-30,0.12392527208940744,0.12777847613197013,0.12690026780295113,0.12261478238027261,0.1262584817064552,0.12961603876345373,0.12031487190328459,0.12259180922220525
2012-01-31,0.12338633765231893,0.12743965763255272,0.12626872669685096,0.12276375944317597,0.12637172042880357,0.1300849659549518,0.12122139101635791,0.1224634411749881
2012-02-01,0.125,0.125,0.125,0.125,0.125,0.125,0.125,0.125
2012-02-02,0.1248057335120473,0.12499621008744807,0.1253182897167512,0.12486701198372663,0.12488816905013539,0.1257031961290583,0.12455587785367704,0.1248655116671561
2012-02-03,0.12598527787741734,0.12614074560468444,0.12747374806675282,0.12624859103869604,0.12605755971061658,0.12264223173324856,0.12133023641539001,0.12412160955319422
2012-02-06,0.12595351682978848,0.12609169990584201,0.12711187451361433,0.12569202910685465,0.12571184363608243,0.12235672343304593,0.12258874921064218,0.12449356336412985
2012-02-07,0.12613959012014314,0.12622354936989708,0.12690174223072598,0.12633261845705163,0.12526162318796588,0.1240707946032195,0.12094155431615719,0.12412852771483969
2012-02-08,0.12634599520733525,0.12672555149014653,0.12700940022927018,0.12660912601283505,0.12531394816340782,0.12302994658497884,0.12087458734774383,0.12409144496428243
2012-02-09,0.12673203230477176,0.12786766959073492,0.1266074941761036,0.12716425855337948,0.12462328144059978,0.12289971058288697,0.1201860994317747,0.12391945391974875
2012-02-10,0.12659750685659962,0.12778269480412285,0.12566711189787116,0.12554725197811467,0.12425577716891786,0.12303526047368395,0.12252309970029886,0.12459129712039113
2012-02-13,0.1266141481993208,0.12803303949437358,0.12636685870797146,0.12606330731570115,0.12460678103879265,0.12241268711753082,0.12178979058021998,0.12411338754608958
2012-02-14,0.12672821673310972,0.128635155293213,0.12607061489508714,0.12539769184186395,0.1236004544143363,0.12239148032245965,0.12269885342724222,0.12447753307268815
2012-02-15,0.12649098634794,0.12809762555797913,0.12537473979048738,0.12589002672625937,0.12320725314008367,0.12346138852475529,0.12282318022488328,0.12465479968761174
2012-02-16,0.1269675713329937,0.12891442836523484,0.12681219993984896,0.12670786240945905,0.12360669754797853,0.12248914973493565,0.1209605916242009,0.12354149904534824
2012-02-17,0.1273190231432258,0.12852482000791318,0.12681223997013902,0.12728353216031796,0.12372092341931486,0.12203005079843922,0.12094428455101461,0.12336512594963535
2012-02-21,0.1275284433830377,0.12904474855972095,0.1261061404007629,0.12746019174180861,0.12194283405168042,0.12485633645405143,0.11974997408889647,0.12331133132004166
2012-02-22,0.12708275891755605,0.12842165130666247,0.1250754034582525,0.127051756531667,0.12087700252895425,0.12622387638150429,0.12122320763765568,0.12404434323774781
2012-02-23,0.1268728529130456,0.1284931621463469,0.1261796791195173,0.1273300814921117,0.12164775448173741,0.12552003120111957,0.120491507789725,0.12346493085639659
2012-02-24,0.12693448425524093,0.1287166776990429,0.12572094532098715,0.12787805829358012,0.12159784121559282,0.12473372360753543,0.12106894594154807,0.1233493236664726
2012-02-27,0.12708709911957955,0.12883632816509327,0.12544814294625656,0.12716815778345447,0.12134288139190047,0.12429060697753852,0.12208233262717932,0.12374445098899778
2012-02-28,0.1270636922067096,0.12974145804793535,0.12472676068790571,0.1279533398069668,0.12026080636535587,0.1251980984020368,0.1213045562327951,0.12375128825029466
2012-02-29,0.12814905605454086,0.13077658388154745,0.12440009368791045,0.12787051564775323,0.12126899895678364,0.1200429209607508,0.1220743996917285,0.1254174311189852
2012-03-01,0.125,0.125,0.125,0.125,0.125,0.125,0.125,0.125
2012-03-02,0.12495269332635889,0.1252383589643084,0.12345798130582998,0.12417852995685127,0.1251510033128839,0.12513176629852832,0.12651191219657298,0.12537775463866624
2012-03-05,0.12479300582699496,0.12429337527476504,0.12394401810738345,0.12386839548828743,0.12677287406033455,0.12496309557286982,0.12586052103407377,0.125504714635291
2012-03-06,0.12446654239835092,0.12457363528417129,0.12295602575792772,0.12137369114093485,0.12661779945555257,0.12423356169128595,0.12894002231027715,0.12683872196149962
2012-03-07,0.12470747356969007,0.12490552525431545,0.12349038552151397,0.12225453098175214,0.1266648258807008,0.12431828187889632,0.12750930717765996,0.12614966973547126
2012-03-08,0.12517725733430124,0.12547811846267487,0.12432505565923452,0.12412342533503457,0.12523337567106752,0.1248032309573558,0.12546054429341483,0.1253989922869167
2012-03-09,0.1251717326087462,0.12551035055541038,0.1255172742862782,0.12323172121590129,0.1253581791143979,0.12514434815499306,0.1252201848171558,0.12484620924711709
2012-03-12,0.12528492056926185,0.12567272101779509,0.12537529561532118,0.12301657590381523,0.1263822103964319,0.1242622673275125,0.12530257593788077,0.1247034332319816
2012-03-13,0.12665557413258344,0.12711937234823548,0.12697932018114164,0.12414303951438582,0.12803983559643733,0.12132666578558576,0.12224127764063197,0.1234949148009985
2012-03-14,0.12763965841237054,0.12868958187107477,0.12705428380489905,0.12412797767851222,0.12882483899449743,0.12034156649403946,0.12021599187297669,0.12310610087162972
2012-03-15,0.12783879784406507,0.1285145835156234,0.12757976595839746,0.12478295660829435,0.12809957276812026,0.12096950310687694,0.11989375778032711,0.12232106241829528
2012-03-16,0.1277402285194749,0.12814743838475648,0.12719786216398135,0.12537261199718513,0.1285563938167028,0.12087397586434524,0.11987233353520363,0.12223915571835037
2012-03-19,0.12790266750337126,0.1287124159385235,0.12793218478311194,0.12569509242964258,0.1291101444579896,0.12077183358485902,0.11812916977081679,0.12174649153168537
2012-03-20,0.12799771049959638,0.12941546537159723,0.12725040364882986,0.12466359545986136,0.12940003571747952,0.12011920979671312,0.11903576156542242,0.12211781794049993
2012-03-21,0.1276931449258227,0.12933872302770932,0.1271252867815756,0.12375768167813683,0.1291207079588658,0.12008997662889424,0.12029241684322554,0.12258206215577004
2012-03-22,0.1274540222079728,0.12976183177845238,0.12657489958274015,0.12355902677665145,0.1280337174748416,0.12025240976444984,0.12132771465525298,0.1230363777596388
2012-03-23,0.12710918601829532,0.12891669977487416,0.12705660456702378,0.12368568713142031,0.12806919111034362,0.12100897780510628,0.12174951152550967,0.1224041420674269
2012-03-26,0.12742081118996038,0.12967164810412304,0.12821827150178652,0.12383529075763339,0.12809008531167693,0.1217521613207929,0.11974217758860528,0.12126955422542152
2012-03-27,0.1271421722030244,0.12998189812747613,0.12743952041197354,0.12316763187463722,0.12822859822513352,0.12100468665669838,0.12071474194792445,0.12232075055313234
2012-03-28,0.12709978289406154,0.13006919588818133,0.12728331325699546,0.12288726564436897,0.12862081289755037,0.12027880685727298,0.1211048333711456,0.12265598919042373
2012-03-29,0.12698737262343218,0.1296783804883071,0.12702145120703706,0.12220246912880818,0.12878821422450595,0.12020666178542072,0.1221141244657075,0.12300132607678137
2012-03-30,0.12747575453903537,0.12939190717049187,0.1265720676549829,0.1232675461696819,0.12981150209766348,0.12079782442957936,0.1200145186656228,0.12266887927294225
2012-04-02,0.125,0.125,0.125,0.125,0.125,0.125,0.125,0.125
2012-04-03,0.12571454741110397,0.12619377984975078,0.1253874920043505,0.12402575099437417,0.12573839425458636,0.1238678736977046,0.12404328795063851,0.12502887383749128
2012-04-04,0.1256308496389753,0.12563591066646035,0.12453691199025832,0.12238464324985066,0.12552113641172766,0.12292890203445435,0.12692270273687112,0.12643894327140223
2012-04-05,0.12544885941681064,0.1263000779299529,0.12387211415477466,0.12153502132296368,0.12492552650375706,0.12367161598031769,0.12771843849819992,0.12652834619322345
2012-04-09,0.12424019263939846,0.12555129379852886,0.1220342174081305,0.12120318126601014,0.12379458983727956,0.12470068103699382,0.13091562031328044,0.1275602237003782
2012-04-10,0.12332348742029346,0.1247156379720529,0.12029972158175932,0.11974344143768617,0.1222881827392979,0.12726029600075328,0.133666582178449,0.12870265066970799
2012-04-11,0.12372997671446974,0.12472266956884687,0.12142334962233167,0.12083446365476218,0.12326488845242761,0.1266309983037223,0.13143661799350712,0.1279570356899325
2012-04-12,0.12416831819716133,0.12496336752621465,0.12200765581387073,0.1218924772693912,0.12378898067817977,0.12671013057004046,0.12965985357193652,0.12680921637320536
2012-04-13,0.12350255049961853,0.12387982627935186,0.12119840773447985,0.12035129316983247,0.1240885606426849,0.12609681454753158,0.13262764657609258,0.12825490055040825
2012-04-16,0.12332273409043319,0.12239676556249916,0.12129926626521943,0.12112836049908107,0.12568169073489988,0.1256903776458674,0.13232857766933534,0.12815222753266461
2012-04-17,0.12403400676903674,0.1237709351570546,0.12195352499285414,0.12196228325660137,0.12562717924847316,0.1244071230649612,0.13107063113178824,0.1271743163792307
2012-04-18,0.1240503778606893,0.123890778469878,0.12145946563098442,0.12175192247332439,0.12521819957256078,0.12411310832855382,0.13191580712115814,0.1276003405428509
2012-04-19,0.1236636270186804,0.12290316193007514,0.12116438826408299,0.12142276779239862,0.12563452633612954,0.12461955588604552,0.1324790505266246,0.12811292224596313
2012-04-20,0.12345723877077594,0.12215866547925196,0.12145704378728749,0.1221838322141649,0.12674056162389252,0.12428981200343761,0.13205997743742276,0.12765286868376688
2012-04-23,0.12327879309431174,0.1218927198592956,0.12061733005663623,0.12057869075088247,0.12631440878471423,0.12479391185646621,0.1339528540483623,0.12857129154933103
2012-04-24,0.12342718513444205,0.1209234262601052,0.12121775625420522,0.1212309723605286,0.12787710641338218,0.12465092801225318,0.13266581511047473,0.12800681045460877
2012-04-25,0.12391445616001215,0.12294337380614226,0.12192040766232021,0.12170295712407168,0.12810570955329398,0.1237007618376396,0.13071739383094325,0.1269949400255769
2012-04-26,0.12404376920089241,0.1229372087859716,0.12240094469280811,0.12171023555246363,0.12766526970969622,0.12405914258281435,0.13072911342623342,0.12645431604912033
2012-04-27,0.12377178935571305,0.12319960789592241,0.12288716058565895,0.12173987033774551,0.12805455219776254,0.12385295226498204,0.13033983782077815,0.12615422954143732
2012-04-30,0.12373201545988523,0.12273548390640096,0.12194242294573789,0.12145267893979127,0.12815653367481009,0.12465849043132131,0.13081579602271007,0.1265065786193433
2012-05-01,0.125,0.125,0.125,0.125,0.125,0.125,0.125,0.125
2012-05-02,0.1246416404952535,0.12536992102877928,0.12535194594395632,0.12404182291573852,0.12482575242374479,0.12444899563821168,0.1258952019165124,0.1254247196378035
2012-05-03,0.1245350365323161,0.12488884786973958,0.12443220801333202,0.12379197048239611,0.12523996511914814,0.12403403962754135,0.1267215844581227,0.12635634789740408
2012-05-04,0.12362875189394334,0.12288231043016107,0.12317255193503458,0.12300324809260026,0.12525736064974927,0.1255472578792086,0.12886899282762532,0.12763952629167755
2012-05-07,0.12344216985257546,0.12272111230858611,0.12322333949431766,0.1236202725938173,0.12585792442380583,0.1249600254576141,0.12860245138867712,0.1275727044806065
2012-05-08,0.12351214238731387,0.12282833822835733,0.12371174662669238,0.12227794420661844,0.1262056241703234,0.12310392129456295,0.12988253979410394,0.12847774329202769
2012-05-09,0.12339333398813973,0.1230597723641714,0.12362429914500411,0.1214669686726899,0.12643065026129513,0.12250601857791796,0.13061967781912545,0.12889927917165644
2012-05-10,0.12355763597044174,0.12272143116853017,0.12400432800838708,0.12194688628156745,0.1264350022681354,0.12265436422853396,0.13014007324786894,0.12854027882653513
2012-05-11,0.12327012411630296,0.12278696967186947,0.12377615094488431,0.12127241148266907,0.12679284763237048,0.12177938721831974,0.1313066889465388,0.12901541998704508
2012-05-14,0.12288811933935156,0.12261834607121426,0.12311214209238423,0.1199070082868987,0.12619624778918695,0.12097709908771438,0.134213564533497,0.13008747279975294
2012-05-15,0.12272189958321117,0.1227528583834678,0.12343331497112464,0.1189242968819584,0.12608783723899164,0.1202344469779833,0.1353512359300706,0.13049411003319242
2012-05-16,0.12280835136000617,0.12247423880781769,0.12310088619501651,0.11828359256688056,0.12526510206684532,0.12055525553210415,0.1363577944940458,0.13115477897728386
2012-05-17,0.1219841516070395,0.1208742690433219,0.12130016100399278,0.11779994266652946,0.12261027899645478,0.12426509831848134,0.13991540179077694,0.13125069657340327
2012-05-18,0.12156566161617224,0.11992181867189756,0.12077947034841771,0.11755404223214909,0.12174997889085516,0.12633840274528652,0.14067315781277323,0.13141746768244847
2012-05-21,0.12201242375616199,0.1216366802974399,0.12198321480736948,0.11854801446513748,0.12274756753635949,0.1247406918178424,0.13851383862773467,0.1298175686919546
2012-05-22,0.12281692161643464,0.12208883099325005,0.12183635186806008,0.11868599792553348,0.12357905291852014,0.12326172966599415,0.1376347496315469,0.13009636538066047
2012-05-23,0.1227356900248955,0.12217786557692066,0.12247608341926922,0.11757682210035825,0.12360954491921258,0.12274261781848034,0.13842432389236803,0.1302570522484953
2012-05-24,0.123124647710013,0.12152293653191942,0.1228797030340912,0.1169427532515914,0.12431120580024013,0.12271983930397581,0.13806283137459008,0.13043608299357906
2012-05-25,0.12268450490352258,0.12132630802929001,0.12275882146281769,0.11649232946443117,0.1237762657573249,0.12370819537666161,0.13853352052006765,0.13072005448588433
2012-05-29,0.12337289224121555,0.12208127841045356,0.12373803551811102,0.11721192560994094,0.12472776878908659,0.12157725367709674,0.13721983809373417,0.13007100766036134
2012-05-30,0.1223922657777696,0.12185797634036655,0.12217328205207674,0.11520664542986264,0.12257530996431923,0.12310798476681535,0.1416367589862077,0.13104977668258222
2012-05-31,0.12178375339121177,0.12099312170492205,0.12167409986380107,0.11536982961153577,0.1231607888885522,0.12253172742275341,0.14287814094138884,0.13160853817583487
2012-06-01,0.125,0.125,0.125,0.125,0.125,0.125,0.125,0.125
2012-06-04,0.12510251303656642,0.12611412897683744,0.12487288849399106,0.1262097116294962,0.12429915308579388,0.12501805921637738,0.124172219944203,0.12421132561673465
2012-06-05,0.125487084900051,0.12606676628867103,0.12591889234356662,0.1265562988649916,0.1262979733468837,0.12431751967155062,0.12196420768773215,0.12339125689655321
2012-06-06,0.1267347983831556,0.1273747090245444,0.1274441319339742,0.12849604629172975,0.1275154632362125,0.12284932506022071,0.11806267447437498,0.12152285159578778
2012-06-07,0.12727939881691672,0.1273334012922335,0.127077619702075,0.12915581361351666,0.1270744049980589,0.12117701487157928,0.11867826901200539,0.12222407769361457
2012-06-08,0.1275332707496776,0.12780053130953453,0.12803991979530366,0.12797039631227577,0.12811536797028122,0.12064015711058845,0.11794858977015567,0.12195176698218305
2012-06-11,0.12714907869289296,0.12687828893284517,0.12644016467374936,0.12797363453764057,0.12646459292189569,0.12231956896011174,0.11964781512828458,0.12312685615258001
2012-06-12,0.12767301729554434,0.12748208788032234,0.12710314761921315,0.12915678196362057,0.12673396457907457,0.12228806013282652,0.11769002351421357,0.12187291701518498
2012-06-13,0.1272024860126791,0.12695104168094945,0.12597817216788473,0.12847478795500666,0.12643190974027635,0.1231387546672298,0.1191756132800022,0.12264723449597179
2012-06-14,0.12775270916287013,0.12662990219978473,0.12662512354814145,0.12862578742997036,0.12747719602529958,0.12286488353317246,0.11828509607973067,0.12173930202103064
2012-06-15,0.1279831274184095,0.12713420651178228,0.12725015842530568,0.12935637676771505,0.12719213099108925,0.12190991620693897,0.11795204856065102,0.12122203511810846
2012-06-18,0.12785649722956874,0.12794997998002083,0.1270262159266026,0.128613637828427,0.12787447276161606,0.12162298840098669,0.1182401178063564,0.12081609006642165
2012-06-19,0.128429337867154,0.12861341049369715,0.12856338269653184,0.13007784337045877,0.12773130939729144,0.12040761169106104,0.11609543374133306,0.12008167074247271
2012-06-20,0.12820807117102054,0.12870041969843302,0.1283541571912227,0.13081629324190056,0.12765895408189432,0.11948374831410975,0.11665750788029453,0.12012084842112461
2012-06-21,0.12748882771966472,0.1276578434223402,0.1273882260482867,0.12958519712013455,0.12774363299803032,0.11846260337534276,0.11929655976906856,0.12237710954713206
2012-06-22,0.12799754298417507,0.12852672978657884,0.1283602179153453,0.13021004363908312,0.1272932223535669,0.11850768134762953,0.11727192913914183,0.12183263283447937
2012-06-25,0.1268578458191339,0.1269649624093566,0.12727148424638998,0.12822947532955242,0.12756208920617026,0.12024228585775609,0.11984133551000736,0.12303052162163323
2012-06-26,0.12724581634888946,0.12751186112185492,0.12751934433540799,0.12881613859464203,0.12773908474958476,0.11911715535735588,0.11913519296126324,0.12291540653100187
2012-06-27,0.1275967216941763,0.12749114765911598,0.12879058102258137,0.12922555378966705,0.1274515924640035,0.1185411561996538,0.118583574295886,0.12231967287491619
2012-06-28,0.1273905399466817,0.12622880317160923,0.12873397426085825,0.12965487689634445,0.1290050037557675,0.11730596161603447,0.11902170135256351,0.12265913900014078
2012-06-29,0.12794188106185175,0.12758963417991867,0.12981806528380763,0.13163362498435213,0.1296420147619808,0.11809891527204237,0.11511256771265034,0.12016329674339638
2012-07-02,0.125,0.125,0.125,0.125,0.125,0.125,0.125,0.125
2012-07-03,0.12501899238867392,0.12524243257303036,0.12582054953194508,0.12533619127607665,0.12493241800988965,0.12609813807420708,0.12324566801263322,0.12430561013354402
2012-07-05,0.12494839757574103,0.1258165761168927,0.12617998948928613,0.12375045616197689,0.12465495429724155,0.1251670307567571,0.12436660125397284,0.12511599434813162
2012-07-06,0.12440052684036335,0.12488908676834738,0.1254148993281194,0.12321855523264857,0.12560230907685738,0.12422179638600775,0.12617108670947477,0.12608173965818142
2012-07-09,0.12418859439683251,0.1245992995581466,0.12487591562747519,0.12288918163850464,0.12567841468375276,0.12443251097367963,0.12722604827857617,0.12611003484303243
2012-07-10,0.12399368443845268,0.12426281367604296,0.12438126379233479,0.12294763260566802,0.12523070221340896,0.12379240453014324,0.12840380912247815,0.12698768962147128
2012-07-11,0.12395312961944782,0.12351759119317032,0.12389896928963727,0.12326530094119918,0.1253045461849638,0.12441659334988675,0.12850256009944583,0.12714130932224899
2012-07-12,0.12357517082010436,0.12258205421306319,0.12369869003818973,0.12225661462519356,0.12591266749692498,0.12431521566312739,0.12964537779077756,0.1280142093526192
2012-07-13,0.12443853865877325,0.12324901581115988,0.12403122843119282,0.12279624162305393,0.12623246344970157,0.1243687381051682,0.1280598244200174,0.1268239495009331
2012-07-16,0.12413504398143355,0.12288888850649833,0.12352356471114007,0.12276129955334832,0.12646798701316106,0.12441500461975324,0.12864416549229737,0.12716404612236798
2012-07-17,0.1247529043729545,0.12329875464061837,0.12372628317650762,0.12287860406820977,0.12743895301186003,0.12358562906910417,0.1273934514415796,0.1269254202191659
2012-07-18,0.12517654657279303,0.12447024274408561,0.12399099899818763,0.12335403012742405,0.1261793606137746,0.12275669578300889,0.1269551971127795,0.12711692804794683
2012-07-19,0.12534591153437924,0.12568362858042312,0.12341745100006862,0.1243344308151622,0.1247051623941077,0.12286584247812993,0.1264699553763293,0.1271776178214001
2012-07-20,0.12495916874949177,0.12478217385066445,0.12258841428209191,0.12216231050966496,0.12480684179798232,0.12385134560602086,0.12879852758119836,0.12805121762288543
2012-07-23,0.12473838235098265,0.12430618925774836,0.12164841882754916,0.12066063057803524,0.12494432614188139,0.12437526724479983,0.13061330821336747,0.12871347738563588
2012-07-24,0.12413155074530137,0.12378979515815497,0.12050161198979337,0.11980544593739315,0.12499264079859564,0.12524197723682587,0.13213626498530048,0.1294007131486351
2012-07-25,0.12386420728602801,0.12267176792618276,0.12048178747491585,0.12014812230219413,0.12463829474222711,0.1266940980969044,0.13216214326674114,0.1293395789048068
2012-07-26,0.12473926308584599,0.12314637326593236,0.12038929364086917,0.12266362094093625,0.12457814339430855,0.12640535499682512,0.12973690495786178,0.12834104571742075
2012-07-27,0.1258531469853939,0.12488502982870173,0.12209823515095863,0.12408093546473803,0.1245955712468577,0.12584093943228186,0.1261020102465211,0.12654413164454706
2012-07-30,0.125714709508333,0.12465148234668808,0.1215487806978585,0.12379680766059033,0.12503842948483826,0.12561474495078184,0.12690452061668392,0.1267305247342259
2012-07-31,0.1251844154510549,0.12496142104467453,0.12080932251846252,0.1233779740012996,0.12520039676684702,0.12521378692457377,0.12751487507711812,0.12773780821596947
2012-08-01,0.125,0.125,0.125,0.125,0.125,0.125,0.125,0.125
2012-08-02,0.12453253614077825,0.12495192726802694,0.12494270940400537,0.1236431718848254,0.12575707155516508,0.12458200550118621,0.1261092050280469,0.12548137321796582
2012-08-03,0.12551862079385204,0.1258322221005249,0.12642612773464296,0.1263618894025853,0.12525808349309517,0.12426082138595153,0.12262444643437376,0.12371778865497439
2012-08-06,0.12529119288109422,0.1263168879757613,0.1269303656669071,0.12677781044956762,0.1246592281042359,0.12439271684230499,0.12221348273258743,0.1234183153475415
2012-08-07,0.12589494990384392,0.12734330259414856,0.1280591838051667,0.12781472283111406,0.12316681694413541,0.12435271380412764,0.12061785391124016,0.12275045620622342
2012-08-08,0.12627958418872998,0.12752038400823684,0.12810243761449178,0.12797591275690692,0.12255576448700253,0.12474116209276262,0.12019652756246264,0.12262822728940666
2012-08-09,0.126258457887709,0.12777263717144388,0.12858089210156684,0.12791938080852944,0.1220400080644437,0.12501995520765574,0.11998742534739879,0.12242124341125246
2012-08-10,0.12629734622020952,0.12767959809040066,0.1279621158830695,0.12797185941866862,0.12204542729823568,0.12500531693539269,0.12043195630326033,0.12260637985076299
2012-08-13,0.12649742670124722,0.12825171804732563,0.12802003878360418,0.12762022178533244,0.12220651069221942,0.1243172525282419,0.1204811485361842,0.12260568292584482
2012-08-14,0.12690420985715017,0.12870340436947386,0.1281076510278156,0.12831008076082723,0.12232067872630367,0.12401182785377456,0.11921421526033686,0.12242793214431812
2012-08-15,0.12705674253322066,0.12903822864576273,0.12924272009221346,0.1279465103984875,0.12288888986922242,0.12441971087597571,0.11754633993978159,0.12186085764533601
2012-08-16,0.1272652483552607,0.12983020418172225,0.12985089394685867,0.12879591028000215,0.12311729129576357,0.12445028981269471,0.11588081635190967,0.12080934577578825
2012-08-17,0.1270897998382296,0.1300490436088579,0.13040830639445639,0.12861864128333497,0.12282030247196185,0.1242394884821877,0.11612990690332003,0.1206445110176516
2012-08-20,0.1270459821681572,0.13018524429653458,0.13006698361672608,0.1284176885146283,0.12241761605822034,0.12461579036889056,0.11632034908216654,0.12093034589467634
2012-08-21,0.1264112020557414,0.12941501223501414,0.12973006235234597,0.12889974237508836,0.12243405080930841,0.12561091903807,0.1166047503334436,0.12089426080098815
2012-08-22,0.12599716676162456,0.1294663228678363,0.12863174333611832,0.1282764954959647,0.12190776763826298,0.1264938792298318,0.11809098024837002,0.12113564442199122
2012-08-23,0.12527312004414218,0.12872178928506756,0.12804091527016698,0.12785608023711045,0.12183789828540229,0.127870488657437,0.11887548808141556,0.12152422013925802
2012-08-24,0.12575422621080418,0.12923481306316698,0.12810969827037239,0.12738056081864235,0.12197613492242088,0.12765360567852763,0.11850126437204817,0.12138969666401753
2012-08-27,0.12560233561190526,0.12925924865175095,0.12830813209577485,0.12727300217101703,0.12217063486075248,0.12699232421684156,0.11902519004006665,0.12136913235189108
2012-08-28,0.1252977503009153,0.12907345980111412,0.12870904433946942,0.12696817656640214,0.12241724561015258,0.12702983947824328,0.11913820089157563,0.12136628301212758
2012-08-29,0.12558763755116353,0.1292715168517563,0.12930270904573715,0.1267723175233756,0.12256832727976787,0.12639831681893554,0.11879941970593384,0.1212997552233302
2012-08-30,0.1253148119102091,0.12861661912690756,0.12866866505503272,0.12552573441562676,0.12291285293574103,0.12698411193744638,0.12002151354959179,0.12195569106944464
2012-08-31,0.12479713343856477,0.12832454215952352,0.12804977316393668,0.12550836465775442,0.12220871535262899,0.12876033251580052,0.12063970290306365,0.12171143580872743
2012-09-04,0.125,0.125,0.125,0.125,0.125,0.125,0.125,0.125
2012-09-05,0.1250730907389297,0.12505094495004243,0.12521007375230564,0.12483822139906209,0.12495605222509204,0.12505020346864798,0.12458969551014813,0.1252317179557721
2012-09-06,0.12639254822960597,0.12660581656039954,0.12629392860397515,0.12671253468274346,0.12486929575600343,0.12429274833027162,0.12134465192494664,0.12348847591205438
2012-09-07,0.12617393345806271,0.12571540743404921,0.1265173347335183,0.1278997772176215,0.12427981596000531,0.12625734938725686,0.12010323633854984,0.12305314547093625
2012-09-10,0.12614603718430456,0.12478547310485855,0.12663844296905422,0.12758803436836244,0.12398459992318682,0.12608398472259214,0.12105488180178915,0.12371854592585216
2012-09-11,0.12623957584497258,0.12433101142440363,0.1266512753262572,0.12877352455301644,0.12409981646502503,0.12628555407290026,0.12005008818320492,0.12356915413021995
2012-09-12,0.12655880821935506,0.1245940780565251,0.12719674633949066,0.12951266017668558,0.12425755248598987,0.1261990243443241,0.11845837873391266,0.1232227516437169
2012-09-13,0.12702261310860477,0.12484314707930372,0.12739901760274744,0.12998842022143686,0.1243506749890241,0.12727936197566528,0.11664751263806007,0.12246925238515773
2012-09-14,0.12741075483499,0.12578301576193981,0.12841312437072494,0.13109356682985188,0.12487010238882791,0.12746820028264547,0.11339130252641048,0.12156993300460951
2012-09-17,0.12714175675016398,0.12599894278766044,0.12798336806438312,0.13057228251921912,0.12466736502882475,0.12659240488128368,0.11490037357185633,0.12214350639660866
2012-09-18,0.12706439480261494,0.12613309835705813,0.1275934636398232,0.13005210467728284,0.12351128313463934,0.12759979219553333,0.11550036203560357,0.12254550115744459
2012-09-19,0.12701782225552094,0.12625120536696852,0.12725406689949917,0.1304805965906665,0.12270817001902073,0.12749832683463036,0.11615276067410137,0.12263705135959244
2012-09-20,0.12745293539868532,0.1265491102673794,0.12711425091938547,0.13008336472312088,0.12129696417781462,0.12772522298307873,0.1168314300419625,0.12294672148857315
2012-09-21,0.12723941540004183,0.12642600575068816,0.1274163361590838,0.12999129035019905,0.12116261654134575,0.12792912315854482,0.116819013317879,0.12301619932221748
2012-09-24,0.12728046113664032,0.12591746341182591,0.1272332784795868,0.1297759358231588,0.12093424484184791,0.12748543197903273,0.11794786041310133,0.1234253239148062
2012-09-25,0.12674242218502868,0.124953027410618,0.126217873930958,0.12970412544629456,0.11992322824046929,0.1281019876816908,0.11988525511996195,0.12447207998497861
2012-09-26,0.1264001122688012,0.12429932151932954,0.12578668372713397,0.12878348225931835,0.12025683994834399,0.12775594573456736,0.12152988657088842,0.12518772797161712
2012-09-27,0.1266657058182792,0.12509875996148373,0.12622627896703792,0.12938096719840872,0.11990073073847615,0.12871911570181285,0.11978991559371087,0.12421852602079048
2012-09-28,0.1267452324625036,0.12472302030135055,0.12598726786340406,0.12749077159521724,0.12034909096649263,0.12906140919933898,0.1204907176801858,0.12515248993150713
2012-10-01,0.125,0.125,0.125,0.125,0.125,0.125,0.125,0.125
2012-10-02,0.12489169152740538,0.12512637671368554,0.12500047239525083,0.12525237222947405,0.12571001653021197,0.12462443693087995,0.1245915991095915,0.1248030345635008
2012-10-03,0.12527150127594514,0.1257975691792981,0.12451347395868237,0.12460926948905315,0.12583084851396859,0.12471942773952482,0.12450242669632877,0.12475548314719896
2012-10-04,0.12580783727523856,0.12587266650636508,0.12500279971742256,0.12576404303411245,0.12543170602723783,0.12522759739388842,0.12259739412688962,0.12429595591884555
2012-10-05,0.12619387169359522,0.12557667440256606,0.12522890683346782,0.1263045856434495,0.12596257026819116,0.12488697444459802,0.12137219341540106,0.12447422329873126
2012-10-08,0.1260706975726809,0.12473510400269154,0.12474511928209896,0.12586618021385393,0.1260003800669894,0.12478003230819835,0.12269435303923425,0.12510813351425257
2012-10-09,0.1258110643444765,0.12371625527467663,0.12425709539559045,0.125022673627737,0.12652782240548643,0.12499167546070752,0.12344168153838728,0.1262317319529381
2012-10-10,0.12506850348958304,0.123150138943799,0.12412120833595669,0.12472907551621631,0.1270967059525963,0.1249420931406895,0.12437204949654944,0.12652022512460964
2012-10-11,0.12483065304319682,0.12246178053065633,0.12426643123211639,0.12522220490960906,0.1266867186926286,0.12498507388670435,0.12492490397871749,0.12662223372637108
2012-10-12,0.12473584654068749,0.12271613608810984,0.12357205578587135,0.1253972354400361,0.12655747756717706,0.12437942906373997,0.12555464160990557,0.12708717790447266
2012-10-15,0.12531366644797554,0.12316469316076838,0.1239288523342273,0.1261594034774313,0.1269307596550012,0.12267738514328677,0.12481191337184261,0.12701332640946686
2012-10-16,0.12585747368433767,0.12419033509507453,0.12412764475131144,0.12751519396002592,0.1269770123741152,0.12274906799028473,0.12238050144847874,0.12620277069637179
2012-10-17,0.12628091557122031,0.12397282013580523,0.12510001571448673,0.12855679739358813,0.126481095888953,0.12269290604352528,0.12110550230134406,0.1258099469510773
2012-10-18,0.12635281742897816,0.12292349511533744,0.12481016833944125,0.12847357711219984,0.12818235599362537,0.12253819018729266,0.12074625374560741,0.125973142077518
2012-10-19,0.1254803381577904,0.12117320996552704,0.12349893021231069,0.12799906454383397,0.1283772339893576,0.12241994272722855,0.12359948002019139,0.12745180038376025
2012-10-22,0.12547012545781097,0.12177353438539076,0.12344142909107193,0.12886902545708104,0.12770261460903126,0.12284004434636678,0.12278051363556984,0.12712271301767736
2012-10-23,0.12462407263448406,0.12148394724230499,0.12371145715826574,0.1270156411169164,0.1273245190514392,0.12214121197195695,0.12543740943931547,0.1282617413853171
2012-10-24,0.12466349401208036,0.1214385228959394,0.12376629335022848,0.12748790715397942,0.1276271961282529,0.12210428779436884,0.12459205740959277,0.128320241255558
2012-10-25,0.12488485386375764,0.12130145626090406,0.12412903580048323,0.12810745374285273,0.12712735424087282,0.12282466182450155,0.12381625101323557,0.1278089332533924
2012-10-26,0.12471733494083598,0.1215607276163797,0.12343939287873738,0.1278172378333601,0.12592269115403065,0.12266277020340867,0.1255422408923827,0.12833760448086476
2012-10-31,0.1243529340134459,0.12046359107676172,0.12382197042034024,0.12734875870666063,0.12677563649290316,0.12296775484183868,0.12591025797202612,0.12835909647602362
2012-11-01,0.125,0.125,0.125,0.125,0.125,0.125,0.125,0.125
2012-11-02,0.12485324466172591,0.12463463854267147,0.1239880405816428,0.12476498735027965,0.12681073850107513,0.12334118435108204,0.12588071583969154,0.12572645017183146
2012-11-05,0.12485767253121975,0.12520487962724872,0.12456193327310078,0.12421279882842877,0.12572023353062703,0.1235702551761237,0.12633681426621526,0.12553541276703606
2012-11-06,0.1252847640955466,0.1248857819973144,0.12494318304001585,0.12484756701648056,0.12571263487343504,0.12534419989730775,0.12459798099783533,0.12438388808206458
2012-11-07,0.1235064728349575,0.1229970924381207,0.1229647872293871,0.12404302794555783,0.12623601113989466,0.12657487128378916,0.12795826014247633,0.12571947698581684
2012-11-08,0.12261681096603813,0.1216519111708256,0.12182689749237986,0.12352486729231649,0.12534183957889675,0.12833842258703335,0.1304905820811619,0.12620866883134793
2012-11-09,0.12268586656252833,0.1221345593538729,0.12205096568024898,0.12353385748037654,0.1249701677295534,0.12816931870985146,0.13059582028045863,0.1258594442031098
2012-11-12,0.12287040296957942,0.12220172191553987,0.12178347620301176,0.12352762049082683,0.1247642600991468,0.12797721601981762,0.13090610502360206,0.12596919727847558
2012-11-13,0.12274505288553997,0.12165236657317925,0.121388915364876,0.12322123023071246,0.12497284597530296,0.12802383988764443,0.13166483263843387,0.12633091644431105
2012-11-14,0.12213291159760067,0.12126030463492109,0.12016485994371716,0.12298240271870188,0.12369043351399142,0.12915939267748813,0.13292677003836992,0.12768292487520985
2012-11-15,0.12226078909051565,0.1211827245770709,0.1198705899882543,0.12372336780187287,0.12345284499235334,0.12870012133113334,0.1330284907048002,0.1277810715139994
2012-11-16,0.1225485076967221,0.12139724416069338,0.12055823484131645,0.12333422167019166,0.12388942667814136,0.12820689556215056,0.13257102435125956,0.12749444503952498
2012-11-19,0.12338641215151343,0.12264863929421656,0.12149289422436595,0.12435444613202601,0.12376974604535265,0.1280406182267034,0.13009461086270233,0.1262126330631196
2012-11-20,0.123519871036392,0.1227668696169483,0.12178697485392705,0.12462234303852884,0.12477109969890984,0.12775751879499192,0.12887383028860447,0.12590149267169748
2012-11-21,0.123593483827302,0.12286082792486054,0.12227679855999506,0.1246742548957176,0.12439741052931887,0.1277248836784043,0.12863773819854343,0.12583460238585822
2012-11-23,0.12405475706019849,0.12350770905646152,0.12228397578151207,0.1261167263168969,0.1240940677731791,0.1280257082031626,0.12725930992151196,0.1246577458870774
2012-11-26,0.12363205446394807,0.12388081868798151,0.12252109496851357,0.125654130301542,0.12418586289004786,0.12772517848246567,0.1276992209273926,0.12470163927810873
2012-11-27,0.1233081517453577,0.12377098743328425,0.12267497105528266,0.1253428023178931,0.12379760671945354,0.12750001957052548,0.1285207209621935,0.12508474019600968
2012-11-28,0.1240524187214702,0.12458823521056211,0.12346200605764321,0.12599315622854768,0.1233949896580392,0.12561580716719267,0.12807933258973184,0.124814054366813
2012-11-29,0.12400080165555746,0.12469589720191811,0.12424254102717588,0.12643632238778688,0.12344512272408577,0.12545317443537338,0.12745182358399354,0.12427431698410894
2012-11-30,0.12417800899273172,0.12463946049138346,0.12415189528172624,0.1267514587883745,0.12384624205939636,0.12475700901124483,0.12726043120050204,0.1244154941746409
2012-12-03,0.125,0.125,0.125,0.125,0.125,0.125,0.125,0.125
2012-12-04,0.1248283663379263,0.12492899335257801,0.12515763130515944,0.12532250948413784,0.12519899718726207,0.12371845428937604,0.1257270896705132,0.12511795837304715
2012-12-05,0.12524434708331422,0.12373209164307615,0.12520008305406655,0.12569957314873026,0.1250058742727348,0.12368528511121503,0.12586291927391777,0.12556982641294526
2012-12-06,0.12524638826079773,0.12411376471370678,0.12497669995922743,0.12552556505980675,0.1257465498154714,0.12355454201800685,0.12570965604001214,0.12512683413297102
2012-12-07,0.12571655392665132,0.12346199915619221,0.12515847187394322,0.12566164614356676,0.1263023235543676,0.1241399921493822,0.12463864077612644,0.12492037241977016
2012-12-10,0.12549533581851058,0.12355330732506814,0.12543266781856166,0.1255233094188479,0.12596896066010482,0.12434936588882896,0.12491668522149696,0.12476036784858105
2012-12-11,0.1259342074668462,0.12475436587383572,0.12633793358839754,0.1258311613235798,0.1258629299572333,0.12382826958790266,0.12355943648149319,0.12389169572071151
2012-12-12,0.12632135174295453,0.1248114363725942,0.12595084890891106,0.12656289760807332,0.12584061722843085,0.12423831500774987,0.12244061467550782,0.12383391845577822
2012-12-13,0.12618630714774418,0.1244563303802179,0.12578344272498812,0.12682183212435091,0.12551112884349516,0.1238165974234363,0.12315468316239708,0.12426967819337026
2012-12-14,0.12577489131854702,0.12333122580511172,0.1257646325390003,0.12733391152130658,0.12554910927674096,0.12369233317073611,0.12413495502827898,0.12441894134027823
2012-12-17,0.12674020972474082,0.12446714459373258,0.127021911935222,0.12734087239947994,0.125700701809215,0.1234265048530939,0.12178414792975695,0.12351850675475866
2012-12-18,0.12759609333878702,0.12581911909256618,0.12819847282340474,0.12811002618318168,0.12644707567141122,0.12112865176302041,0.12002213221505277,0.12267842891257594
2012-12-19,0.1266915712334984,0.12531381296861233,0.12852820232859372,0.12860941689461508,0.12631702545397072,0.12087865759171787,0.12046187598230347,0.12319943754668841
2012-12-20,0.12709378472256166,0.12499264793605859,0.12883894998293108,0.1291428663621604,0.1276458037584537,0.11910732326883054,0.120172967704079,0.1230056562649251
2012-12-21,0.1261970160438078,0.12393032713835932,0.12856714391514715,0.1286097162487877,0.12769435231805154,0.11979858605441238,0.12173247995746282,0.12347037832397123
2012-12-24,0.12599937036170758,0.12387122598898155,0.12813555764802123,0.12846331104284012,0.12805821878565987,0.12019767775413068,0.12169822079422811,0.12357641762443099
2012-12-26,0.1257737006432408,0.1230850193120097,0.12752760524824241,0.12875313557950593,0.12776340122053545,0.12061030172992107,0.1224332243423167,0.124053611924228
2012-12-27,0.1253909501373515,0.1226846487341306,0.1272182812849645,0.12912665340959575,0.12801437329192172,0.1206892129755386,0.12263452145065142,0.12424135871584582
2012-12-28,0.1246759691919421,0.12213077655136384,0.1269673138280122,0.12841755412639963,0.12783096940834193,0.12084552798007124,0.12397135273581046,0.12516053617805853
2012-12-31,0.12565462269814687,0.12359408871233725,0.1285544173805645,0.12919389283477503,0.12802377838120543,0.120862670803318,0.12073424814573973,0.12338228104391312
2013-01-02,0.125,0.125,0.125,0.125,0.125,0.125,0.125,0.125
2013-01-03,0.12551279122844702,0.12514186264500604,0.12550716503058865,0.12457693098717301,0.1257780684141044,0.12427821057695901,0.12409247530351093,0.12511249581421097
2013-01-04,0.12579736007604883,0.1244661503812986,0.1261672594958105,0.12494392419165593,0.1260961688426294,0.12343063413209938,0.12431291836350616,0.12478558451695133
2013-01-07,0.12564984809217958,0.1246983422967678,0.1258866363236111,0.12459498087983382,0.1265765167803266,0.12284549449497,0.12456004460960131,0.12518813652270974
2013-01-08,0.12526685703915663,0.12443377564338232,0.12577818186084405,0.12387699651295564,0.12630958044417062,0.12369503515120495,0.12535881492674572,0.1252807584215399
2013-01-09,0.12531299312073485,0.12463056206798075,0.12611242173222548,0.12423835964318374,0.1263933848256705,0.12337298557831958,0.12497156400882307,0.12496772902306215
2013-01-10,0.12572944511530634,0.12480174316268365,0.12582127652786754,0.12524671083234284,0.12594448050097592,0.12394689847552243,0.12405343137918909,0.12445601400611221
2013-01-11,0.12562218673668868,0.12487083703355319,0.1255356490605281,0.12540771921644167,0.1257707154464083,0.12314617414370337,0.12506211023651378,0.12458460812616291
2013-01-14,0.1255729295098941,0.12434971274772569,0.1256436442628292,0.12559508037138714,0.1261628197630963,0.1235487201690064,0.12475365250848114,0.12437344066758008
2013-01-15,0.1254481892449545,0.12352994294515879,0.12597891752848148,0.12519085589996812,0.12655022429317975,0.12412091479676057,0.12511818572909747,0.12406276956239937
2013-01-16,0.12547057542777373,0.12406950888369397,0.12564527947689716,0.12462584094194183,0.12644037807448597,0.12422867252530119,0.12541797298323695,0.12410177168666922
2013-01-17,0.12589810809436175,0.12428484126958243,0.1264236589000054,0.12525921334617135,0.12644855302337388,0.12438489793022728,0.12379058673725578,0.12351014069902201
2013-01-18,0.1259705239928193,0.12380270649088403,0.12657217888904193,0.12492349091097887,0.12677969076685816,0.12398184490657811,0.12454065794901195,0.12342890609382753
2013-01-22,0.12624687942956936,0.12361108967077224,0.12708100927823937,0.12459014909656037,0.12702583506290857,0.12402678500280573,0.12438216361659765,0.12303608884254674
2013-01-23,0.12643594289279445,0.12435170246580629,0.12676776905400208,0.12444785907106787,0.12697456900843151,0.12366449537700731,0.12418224491371882,0.12317541721717173
2013-01-24,0.12677010548143086,0.12293186921902612,0.1274828065206359,0.12534427390933817,0.12753652018143338,0.12259856437269301,0.12404173822549956,0.12329412208994305
2013-01-25,0.12729207587338157,0.12337399929551307,0.12821865411062353,0.12650686015729676,0.12807003078394583,0.12183116941319945,0.1221586972656468,0.12254851310039293
2013-01-28,0.12725384490226574,0.12376133563555909,0.1284195269565464,0.1259984857734278,0.12851979406032704,0.12166741612433964,0.12182311834668767,0.1225564782008467
2013-01-29,0.12757522229927837,0.12360644540420639,0.12831094827962503,0.12667888553388948,0.12871115127514932,0.12202767233205772,0.12098016562438978,0.12210950925140401
2013-01-30,0.12747059535078487,0.12373215476593295,0.127166042512608,0.1272015356276576,0.12788203975735749,0.12331930134322808,0.12114858056276155,0.12207975007966952
2013-01-31,0.12728677243081885,0.12358185111517829,0.12816930027870402,0.12685882719284966,0.1272489491863955,0.12269228740420512,0.12186487494632726,0.12229713744552136
2013-02-01,0.125,0.125,0.125,0.125,0.125,0.125,0.125,0.125
2013-02-04,0.12423921428252817,0.12346022528310639,0.12413603522929645,0.12339008473904037,0.12535873391157412,0.12607966407710355,0.1272611418522493,0.12607490062510157
2013-02-05,0.1251123918095742,0.12489939984291602,0.12486768238198129,0.12358400996571238,0.12468583787508057,0.12566545139925314,0.12574670421597167,0.12543852250951062
2013-02-06,0.1249139096019678,0.12420419447147406,0.12510446976207587,0.12327713578043473,0.12483432943360856,0.1257076634079669,0.1264835898820707,0.12547470766040134
2013-02-07,0.1250827319067305,0.12464794006527323,0.125023539292961,0.12259556313778379,0.12463941117087303,0.12561746115513217,0.1265403300257313,0.12585302324551512
2013-02-08,0.12511012807803965,0.12525653616834154,0.1252417087723192,0.12271961637705492,0.1251205427902729,0.1247412526881752,0.12635322369094587,0.12545699143485073
2013-02-11,0.12529513982770568,0.1255034702785269,0.12531353794921124,0.12279938526169054,0.12551222601879844,0.12350423753370594,0.12646782390091474,0.12560417922944656
2013-02-12,0.12531298265855673,0.12479903027074093,0.1256771690851752,0.12322306437803505,0.12626789130483743,0.12346544116550334,0.12596490990550377,0.12528951123164764
2013-02-13,0.1255046573288692,0.12532555933321438,0.12628632037878168,0.12359987935982768,0.12628024058266815,0.12289952617081566,0.12502403263329528,0.125079784212528
2013-02-14,0.12560288388953963,0.12527156866671868,0.12658649228066657,0.1229115057435921,0.12573610285264247,0.12234185878865442,0.1261403497498327,0.12540923802835333
2013-02-15,0.12585175871624987,0.12529834938582304,0.12702885876271058,0.12298496905201588,0.12618888511654341,0.12072186645545702,0.1261716560959812,0.12575365641521893
2013-02-19,0.12623541642715325,0.12564759842512205,0.12758492075471908,0.12388812970261852,0.126629990556354,0.11985730117386707,0.12498936842107206,0.12516727453909393
2013-02-20,0.12596247272783392,0.12500485934310415,0.12652000566873856,0.12395243885358445,0.12712591868209086,0.11807468635639112,0.1266746245784221,0.1266849937898347
2013-02-21,0.12573562270173,0.12419753630226658,0.12583342750592236,0.12261457904885889,0.12671561739798104,0.11950682708545454,0.12796385823729664,0.12743253172048993
2013-02-22,0.12602249935275053,0.12451879596927143,0.12639962769310978,0.12345688208904436,0.12703665691149726,0.11889233625100286,0.12710150286552607,0.12657169886779773
2013-02-25,0.1245943362974651,0.12394409634965274,0.12457822852566391,0.12144705572522466,0.1256016848734984,0.12089804251242317,0.13061591445150988,0.12832064126456214
2013-02-26,0.12492111359803945,0.1238895651897617,0.12454335995718116,0.12191210012176382,0.12593700689976745,0.12185741556865641,0.1293160462824149,0.12762339238241505
2013-02-27,0.1258778328342935,0.1245447541490423,0.1252394390410947,0.12285626787842445,0.1262353037517993,0.11998221589995368,0.12830559631570318,0.12695859012968888
2013-02-28,0.12581346660861598,0.1244676942257496,0.12565925565210528,0.12290975942342264,0.12629243506245896,0.11893768392509892,0.12873262278307218,0.1271870823194766
2013-03-01,0.125,0.125,0.125,0.125,0.125,0.125,0.125,0.125
2013-03-04,0.12539508522867454,0.12528626813958726,0.12506027592844146,0.125267662410945,0.1256666217719917,0.12461639497088219,0.12407011673918446,0.12463757481029343
2013-03-05,0.12574324710830576,0.1263583666041599,0.12573973223046972,0.12573762389778745,0.1258801704006005,0.12391783656306274,0.12295534471581601,0.12366767847979802
2013-03-06,0.1259969142063949,0.1261282143204635,0.12614968691230707,0.12614027834151004,0.12558690925541316,0.1246907502523573,0.12191962612813657,0.12338762058341748
2013-03-07,0.12633239497220505,0.1265669802545497,0.12685779356947102,0.12661063302828476,0.12510244956145689,0.12435680098203407,0.12108335306758874,0.1230895945644097
2013-03-08,0.12678590105237267,0.12662912647461935,0.12794648705054212,0.12680312491872742,0.12523312350595772,0.12428949876191782,0.11973932631049679,0.12257341192536618
2013-03-11,0.12704787227945427,0.12677864242089673,0.12768519112448426,0.12696842715683132,0.125124620271793,0.12430290523312285,0.11964765692268771,0.1224446845907298
2013-03-12,0.1267654562039385,0.12632174646205022,0.12742891013995183,0.12633149859123047,0.12466267882073563,0.1252804772979207,0.12051475744298719,0.12269447504118547
2013-03-13,0.12697573290412303,0.12618724945349297,0.12793721581025594,0.12617055567378302,0.12481829942039682,0.12488044323440373,0.12041930515860039,0.12261119834494408
2013-03-14,0.12712973496108448,0.12609233554173044,0.12869005996543717,0.12688627330493246,0.1250910265794696,0.1243859160331584,0.11956360243550493,0.12216105117868255
2013-03-15,0.1268430280056932,0.12562406721264158,0.12850178309472984,0.12702209098486286,0.12525844241805964,0.12452824272255573,0.12001155865279364,0.1222107869086636
2013-03-18,0.12632600330316635,0.12553086628079294,0.1279819565795638,0.1258040535742015,0.12474563603013207,0.12582641830543312,0.121099234565524,0.12268583136118627
2013-03-19,0.12609193534238128,0.12535121405160074,0.1274987031542492,0.1254806915819631,0.1241986577032598,0.12645282049687467,0.12197686580443702,0.12294911186523429
2013-03-20,0.12674374375855774,0.1260054231552095,0.12844882710788103,0.12601830874870498,0.12436594456130864,0.125650608077899,0.12039865303777039,0.12236849155266859
2013-03-21,0.12605963439847515,0.12497016310389193,0.12772697277370004,0.12526863713266392,0.12438578425285456,0.12676313601135228,0.1219455340951685,0.12288013823189368
2013-03-22,0.1265789982270297,0.125694477473005,0.12762412956600677,0.12586365130613583,0.1245547733501157,0.12570530973622263,0.12156537724272272,0.12241328309876168
2013-03-25,0.1264078190583531,0.1255916536600959,0.1280597904604764,0.12464724706836929,0.12492612660535267,0.1258107268841065,0.1217960456014947,0.12276059066175157
2013-03-26,0.12694070256619547,0.12579724412608034,0.12798616205695496,0.12496272579646502,0.1255302768498633,0.1249182215567054,0.12148332856276561,0.12238133848496993
2013-03-27,0.1267067626730939,0.12572988105879612,0.12783159286495713,0.12411927157286677,0.12553109861875855,0.12520378094037393,0.12229269535082653,0.12258491692032705
2013-03-28,0.12703790976477458,0.1259827097557117,0.12793553336455513,0.12465416877311714,0.12590200833465418,0.12441335051453334,0.1216169788660745,0.12245734062657937
2013-04-01,0.125,0.125,0.125,0.125,0.125,0.125,0.125,0.125
2013-04-02,0.12558953683162768,0.1259581426413098,0.12419478811285992,0.12630443312055709,0.1253615552844106,0.12316296776542038,0.12446620228756676,0.12496237395624765
2013-04-03,0.12496407221645547,0.125459163532257,0.1228867390505409,0.12633660920001955,0.1255709073297624,0.12242406721124191,0.12623964480714314,0.12611879665257952
2013-04-04,0.12465055000191784,0.12467505313635788,0.12312795154802335,0.12662561080286094,0.1267784653036858,0.12126834421275984,0.1269108531292404,0.12596317186515407
2013-04-05,0.12368858193851132,0.12323585459346002,0.12248857826618453,0.12563798942457405,0.1270534709574034,0.12290210792578873,0.1290528549609125,0.12594056193316552
2013-04-08,0.12420004255629301,0.1235656808797357,0.12318049974834597,0.12579990957871617,0.12773856878584772,0.12205935301138428,0.12773035289350373,0.1257255925461735
2013-04-09,0.12436514666345108,0.12413508718980233,0.12256044051264597,0.12597997099522368,0.12748518138152684,0.12274508681693193,0.12714570234714154,0.12558338409327655
2013-04-10,0.1253028653579764,0.1259683968126298,0.12419950378878288,0.12725765466536657,0.12767612899550412,0.12011057407576053,0.12481596861891306,0.1246689076850667
2013-04-11,0.1253582290635724,0.1255585950217822,0.12401992566791338,0.1278905184764369,0.12806227323935945,0.12000947749106557,0.12470202269671245,0.12439895834315776
2013-04-12,0.12556182410852545,0.12598128777481174,0.12402315561522076,0.12809479342319208,0.1288992315732036,0.11483560221659102,0.12707682414891167,0.12552728113954373
2013-04-15,0.12569385937990574,0.12655824924670867,0.1223076988962834,0.12868572517590024,0.1293611367270787,0.10734998199238638,0.1313605541319386,0.1286827944497983
2013-04-16,0.12634543715056396,0.12702759803638947,0.12325057370433017,0.12927907190243548,0.1302647787575177,0.10754326969055229,0.12905202955493394,0.127237241203277
2013-04-17,0.12568715180032602,0.12572900584611538,0.12226830454532978,0.12779615957343912,0.13011331069443738,0.10862651447951138,0.13114833550422722,0.12863121755661364
2013-04-18,0.12517429783666492,0.12426484088784495,0.12185552159785878,0.12768357894644955,0.1302006985736476,0.11003565790626725,0.13175616035186297,0.12902924389940396
2013-04-19,0.12524885922460985,0.12495561660294685,0.12226708925511837,0.12767390515676963,0.1311457457795233,0.11010322893270749,0.1304225014777515,0.128183053570573
2013-04-22,0.12522033957353462,0.12565385693415962,0.12204846268126537,0.12761845795092852,0.13035980365471503,0.11155765448679153,0.12991183122953337,0.12762959348907194
2013-04-23,0.12577552463116526,0.12612163501715773,0.12326139549406497,0.12867196562186226,0.13032256673870488,0.11008847042578988,0.1287044490396686,0.12705399303158646
2013-04-24,0.12539936280160954,0.1256105187212981,0.12345355499925119,0.12931347729192885,0.13013090484547327,0.11088373374351367,0.1285627094924959,0.12664573810442933
2013-04-25,0.1253789069833968,0.12574963002045345,0.12374316584721705,0.1294490611358214,0.12914809236111807,0.11301944261085389,0.12747028086127182,0.12604142017986764
2013-04-26,0.12522564424359972,0.12542153548800505,0.1231478704950365,0.12962580338441754,0.1287995466541576,0.11250619137303214,0.12870803167115769,0.12656537669059367
2013-04-29,0.12527688345364843,0.12578459723487811,0.12326114027318309,0.13046095962342272,0.12908782913294944,0.11290621562531028,0.1274375002627753,0.12578487439383262
2013-04-30,0.12509805073678706,0.1262163402726403,0.12348782420353224,0.13013281520732528,0.13010040041448726,0.11284824637184876,0.12702502147195363,0.12509130132142535
2013-05-01,0.125,0.125,0.125,0.125,0.125,0.125,0.125,0.125
2013-05-02,0.12534731103109853,0.12576409459974086,0.12616860734854773,0.12457708927810933,0.12500870454395338,0.12490674955780734,0.12403358982384406,0.12419385381689867
2013-05-03,0.12625168495721079,0.12687761165686604,0.12779916585918666,0.12580512862183832,0.12514405070519682,0.12469409932125092,0.12075843707435104,0.12266982180409929
2013-05-06,0.12633812742340647,0.12713439095075774,0.12838372842610155,0.12541162528318248,0.1255579232844108,0.12451582007734104,0.12023589273183247,0.12242249182296754
2013-05-07,0.12692695598392997,0.12701255812516968,0.1293811691102932,0.1255613547721432,0.12620180252136565,0.1229154823651476,0.11971880244008365,0.12228187468186719
2013-05-08,0.12685998154605932,0.12698167753605566,0.1291020254093863,0.1262443660582506,0.12562965620282887,0.1241061240401982,0.11930188463914795,0.12177428456807297
2013-05-09,0.12714107400097407,0.1274469682680359,0.1293093765247626,0.12565737764597654,0.12543638296221904,0.12328769450265828,0.11959506859189184,0.12212605750348161
2013-05-10,0.1275814257718656,0.128246083690289,0.13031894697733898,0.12582409407260753,0.12592595791379707,0.12225381852203798,0.11833455219374879,0.12151512085831495
2013-05-13,0.1278803953019549,0.12860259182717287,0.13042610126601475,0.1259583811685861,0.12671730381660146,0.12141665147084242,0.11760930446573511,0.12138927068309241
2013-05-14,0.12891554987468787,0.12898424710867848,0.13180475898564153,0.12591988665223358,0.12689940018552312,0.12060496494628561,0.11607403761408686,0.12079715463286292
2013-05-15,0.12942327439106976,0.12906120813088737,0.1318834489841917,0.1262792546337278,0.1279715821689735,0.1176522338254011,0.11668239313746752,0.1210466047282813
2013-05-16,0.12898441446109227,0.12909009399953902,0.13172016631437622,0.12558249971089594,0.1274780129821755,0.11733396600511058,0.11805016268398094,0.12176068384282937
2013-05-17,0.13011746449730716,0.1302203442156595,0.13308163063949163,0.12633301589452578,0.12807567276980314,0.11458994045496186,0.11645354209206053,0.12112838943619023
2013-05-20,0.12955598728341283,0.12947422841709735,0.1327294717754758,0.12649378353342788,0.1278267264388775,0.11762807203475362,0.11581934818499888,0.12047238233195626
2013-05-21,0.12964516000029658,0.12951683362997632,0.13265683333955855,0.12665826529325527,0.1284543267186412,0.11559145478994785,0.11664327916642102,0.12083384706190314
2013-05-22,0.130238010323227,0.12993422461932935,0.1322974498304995,0.12689697366641606,0.12684532999844053,0.11616024945745586,0.11629921251512434,0.12132854958950733
2013-05-23,0.13008051325734798,0.12985305817105475,0.13268351410885032,0.12529216834106635,0.12467664489379511,0.11871103063059656,0.11704751939486999,0.12165555120241899
2013-05-24,0.1302683590435138,0.1300797962652471,0.13296037651895648,0.12448537603759978,0.1246449491500139,0.11823173318765615,0.1174767147750418,0.12185269502197078
2013-05-28,0.1312818296481405,0.13116341480027346,0.13492538721733396,0.12503175445001855,0.12379608784340043,0.11820320497126999,0.11470341895089212,0.120894902118671
2013-05-29,0.13096949529850838,0.13108287170037153,0.13422705765091134,0.12434729008355422,0.12167113496549696,0.1198842309344576,0.11647355395466781,0.12134436541203229
2013-05-30,0.13106501259720824,0.1313890955092089,0.1347300653781529,0.12446787047813491,0.12017291732191648,0.12118816235918223,0.11584727484998825,0.12113960150620812
2013-05-31,0.1307611705365047,0.13176993589409747,0.13487188337473846,0.12354014584052246,0.12001239703827497,0.12017314496221358,0.11686347444248575,0.12200784791116256
2013-06-03,0.125,0.125,0.125,0.125,0.125,0.125,0.125,0.125
2013-06-04,0.12523531223810502,0.1251885473556062,0.12450191045596457,0.12629936325753668,0.12409005805768292,0.12466032010760622,0.12467814070720938,0.12534634782028908
2013-06-05,0.12435396331591557,0.12443205489835346,0.12377670367907166,0.12435407318991705,0.12393370104856861,0.1258098824049493,0.12729195769357324,0.12604766376965099
2013-06-06,0.1245916429424589,0.12415148795680675,0.12420061512614945,0.12416256309181457,0.125036507538989,0.12585043447627356,0.12631428095263264,0.12569246791487507
2013-06-07,0.12615413679330975,0.1258268158790619,0.12513429422628372,0.1258096801314307,0.1250319727372319,0.12283286710881548,0.12403400507071985,0.1251762280531467
2013-06-10,0.1262181485907952,0.1259420949180532,0.12596273787901832,0.1259987414251669,0.1240167211297669,0.12350377168350246,0.12350472058633587,0.12485306378736105
2013-06-11,0.12575936688604297,0.12553159026933977,0.12543969352883888,0.12529418651136426,0.12300234908476702,0.12369694264172675,0.12581788443891684,0.1254579866390035
2013-06-12,0.1255800453957588,0.12493822219497444,0.1250526794130182,0.12601163656202427,0.12216704892984499,0.12548623224988628,0.12487501711581096,0.12588911813868206
2013-06-13,0.1257755515754383,0.12481920039038172,0.1255512596921977,0.12621677735356004,0.12365449562157416,0.12332844220834231,0.1251259662418857,0.12552830691662004
2013-06-14,0.12539353213832197,0.1243994805380655,0.12498786520812236,0.12524542553508047,0.12451838294912954,0.12436831113306245,0.12523619240207634,0.12585081009614146
2013-06-17,0.12589677537128727,0.12514197981825328,0.1253435553063601,0.12657902498307652,0.12441369535131104,0.12330226360184754,0.12411764965691373,0.12520505591095057
2013-06-18,0.12646921011786383,0.12575039302114177,0.1263993204788675,0.1270515704856318,0.12463335343230884,0.12138478600714138,0.12376961424355629,0.12454175221348848
2013-06-19,0.12666631109475535,0.12628770650492127,0.12679618727299927,0.1266245366868369,0.12269371494533374,0.12184045128214373,0.12440106573111638,0.12469002648189349
2013-06-20,0.12728549910596054,0.12703534718098325,0.12719731451060518,0.1256883918878165,0.12117137111382442,0.11882682901349853,0.12608157438954434,0.12671367279776716
2013-06-21,0.12764628076158582,0.12631339337522782,0.12752167344125231,0.12605462486704858,0.12276630086452109,0.12017578454767285,0.12389695827752373,0.12562498386516793
2013-06-24,0.1271084125822666,0.12612477924030674,0.12692091796385674,0.1251332306738324,0.12325239888639473,0.12011537197078437,0.1254725640451078,0.12587232463745068
2013-06-25,0.12757981249569536,0.12630406978784872,0.12739088044452798,0.1259936416690522,0.12458358143777645,0.11896954100240066,0.12362702759639702,0.1255514455663015
2013-06-26,0.12856827312962898,0.1271651696451618,0.12771747103923206,0.12622560383404255,0.12619814703633705,0.113725682454312,0.12416384614037329,0.12623580672091214
2013-06-27,0.12839363450021346,0.12678576860615798,0.1287663475188932,0.1265797489956228,0.1278049482800597,0.11067476784171704,0.12453177465733832,0.12646300959999765
2013-06-28,0.1276536651506928,0.12675162485741043,0.12781306578749393,0.12612591349137373,0.12679776449842906,0.11351061778804097,0.12517368140858642,0.1261736670179725
2013-07-01,0.125,0.125,0.125,0.125,0.125,0.125,0.125,0.125
2013-07-02,0.12484174992422013,0.1250101649560209,0.12486881561688624,0.12433142500582754,0.1268713702479048,0.12384382405424871,0.12487865881304192,0.12535399138184963
2013-07-03,0.12489669499399725,0.12551620867502142,0.1251241303556394,0.12437533733758302,0.1260338291799462,0.12455630890632982,0.12450587720881262,0.12499161334267014
2013-07-05,0.12681543836991163,0.12704687179240454,0.1274679737353684,0.1255240614607261,0.12599999801287448,0.12237378266646423,0.12080608864745356,0.12396578531479695
2013-07-08,0.1267875238778549,0.12642022059271468,0.12722557431356546,0.12556123774061245,0.12538508306344784,0.1231157068430327,0.12125842653163323,0.12424622703713878
2013-07-09,0.12684862149879297,0.12633793254298137,0.12755184408023693,0.12540983860218272,0.12632065443381524,0.12343072329127613,0.12057339298444081,0.12352699256627375
2013-07-10,0.12682134637435852,0.12699039075683372,0.127831448979318,0.12570142503205678,0.12630176687940048,0.12369681163529563,0.11956119619274955,0.12309561414998738
2013-07-11,0.12624121750093903,0.12718788158109468,0.1270118667205737,0.1266421844712306,0.12703308555755727,0.12478077306341415,0.11879239069058022,0.12231060041461031
2013-07-12,0.12645860585694554,0.12791417045420403,0.12743803118970226,0.12596477485306604,0.1264169144055653,0.12483275529073451,0.11884791060778366,0.12212683734199854
2013-07-15,0.12635258333208718,0.1276079057295094,0.12795831181879092,0.12615572195302205,0.12636064816675951,0.12430338597015439,0.1189222777558011,0.12233916527387538
2013-07-16,0.1259225907280248,0.12748273628186602,0.1273598522692438,0.12611532217011692,0.12649264042415392,0.12505720596823014,0.11936970820485977,0.12219994395350459
2013-07-17,0.12610922083088016,0.12766581706744062,0.12771582955025695,0.12635594896398716,0.12681525012779057,0.12335149478503823,0.11946003829716408,0.12252640037744231
2013-07-18,0.1265450252788326,0.12708873810746302,0.12830908839833918,0.1269380897417854,0.1276358550187164,0.12379225207791038,0.11773039103438615,0.12196056034256698
2013-07-19,0.12644811388932217,0.12545427879606677,0.12818003341573284,0.1265116219113511,0.12722395417722118,0.12457332506953434,0.11928863377912166,0.12232003896165003
2013-07-22,0.12592062505584795,0.12505548331616276,0.12766546611566493,0.1264432586082907,0.12683121045935816,0.12750346128415666,0.1187334480136046,0.12184704714691429
2013-07-23,0.1257753380762764,0.1242567833967142,0.12770402512521642,0.1268358496802057,0.12681447867076376,0.12848921860851487,0.11834895166780435,0.12177535477450419
2013-07-24,0.12633201828487922,0.12567085487857163,0.12766901488974677,0.12769874654493743,0.1253571362298823,0.1273058815190714,0.11779832051176257,0.1221680271411487
2013-07-25,0.12617118987576445,0.12599605891516671,0.12836346031879012,0.12747655931185728,0.12508691310590717,0.12801909668283343,0.11731900812384649,0.12156771366583437
2013-07-26,0.12623467165694288,0.12659713724057706,0.12777592491005593,0.12661366548558534,0.12512209714297062,0.1280566047911891,0.11797323364337545,0.12162666512930365
2013-07-29,0.12648267764793916,0.1270007536379892,0.12752143425516813,0.1260397631272821,0.1248188393277038,0.12839410162068413,0.11770336806452514,0.12203906231870823
2013-07-30,0.12647851010885067,0.12767178852960076,0.12762825804307373,0.12601469454767447,0.12444405609807252,0.12804008330517597,0.11765563345548032,0.12206697591207158
2013-07-31,0.12668389887322898,0.12802469319332493,0.12796679250657159,0.12642278766342968,0.1225253528330576,0.1279967423195129,0.11819084957120243,0.12218888303967186
2013-08-01,0.125,0.125,0.125,0.125,0.125,0.125,0.125,0.125
2013-08-02,0.12481601015495367,0.12530435073143018,0.12471106714083327,0.12562283290484566,0.12399096026608573,0.12435828352690013,0.1259762474598719,0.12522024781507937
2013-08-05,0.1248984916347802,0.12565227269436455,0.12540409163809804,0.12562452620851627,0.1241641508061299,0.12397174512715871,0.12527222793229964,0.1250124939586527
2013-08-06,0.12476257776990442,0.1254789519649796,0.1247179040074035,0.12602039825615935,0.12430193705765573,0.12283046378935993,0.12622024239144278,0.12566752476309462
2013-08-07,0.1244830098901177,0.12537515277301675,0.12395858092705245,0.12559253895064262,0.1240994234283919,0.1231321924133217,0.12728831278720165,0.12607078883025524
2013-08-08,0.12418459833119509,0.12523756494340327,0.12372070847558377,0.12595620433036062,0.12340403650955566,0.12506002161764768,0.12686306475175507,0.12557380104049895
2013-08-09,0.12376237875083267,0.1246677195334762,0.12352635058853587,0.12611566554923068,0.12442417515687686,0.12499559755483879,0.12699900055949348,0.12550911230671544
2013-08-12,0.12350819560269294,0.12485196224886869,0.12407087136839509,0.1256590759228378,0.1234311592645322,0.1271210717949204,0.1260243632358575,0.12533330056189532
2013-08-13,0.12437874171708238,0.12606440901786908,0.12441030949005044,0.12699009265625472,0.12223155886438129,0.1262657249662176,0.12470936720367094,0.12494979608447362
2013-08-14,0.12383793964158886,0.12568883403100914,0.12401923366330829,0.1271512352996263,0.12185606151367741,0.12761130521307928,0.12499748520972273,0.12483790542798799
2013-08-15,0.1232604236437545,0.1247298858519414,0.12286947814919509,0.12727870830674198,0.12075673846514608,0.13150409883825492,0.1244753130322897,0.12512535371267652
2013-08-16,0.12333161546475037,0.1251660086859513,0.12282874032815978,0.12800279046477867,0.11825026967727004,0.1329086371758205,0.12452654745372621,0.12498539074954321
2013-08-19,0.12341484402698545,0.12583911605975964,0.12244927407857652,0.12799371208848553,0.11751823882792903,0.1332784440713491,0.124320365163979,0.1251860056829358
2013-08-20,0.12308733085447982,0.12543825529459562,0.12327770776948763,0.12686368249486835,0.1192779564569709,0.13271538013032916,0.12433515293934944,0.12500453405991915
2013-08-21,0.12309211648861469,0.125786987055252,0.12329324059822484,0.12615239545427467,0.11974461458835808,0.13316000822170507,0.12374148092704226,0.12502915666652858
2013-08-22,0.1231517228098584,0.12593476414068921,0.12396132248323377,0.12629420537985928,0.11943512565687694,0.1327608598366837,0.12393244658610851,0.1245295531066902
2013-08-23,0.12256360166734925,0.12574859849658956,0.12326530047301644,0.12635627989970658,0.1197011449611782,0.13375501964882042,0.12426055764592323,0.12434949720741631
2013-08-26,0.12213528419997079,0.12584281284070736,0.12330535828236638,0.12546129261344258,0.11938296884561089,0.13433091385192192,0.12490855301051529,0.12463281635546483
2013-08-27,0.12098799823131048,0.12410545310334123,0.12123213306529636,0.1241651155332417,0.11960911749648415,0.13654240579335342,0.12734179608677657,0.12601598069019607
2013-08-28,0.12151210518973561,0.12468131341439528,0.12156724485659087,0.12411691897261187,0.11896944914043094,0.13660865096734612,0.12640801597229315,0.1261363014865962
2013-08-29,0.12139482439357857,0.12523757101203717,0.12247063674884523,0.12359450492299692,0.11884913861979957,0.13542343843682125,0.12709227045558896,0.1259376154103323
2013-08-30,0.12186618191694333,0.12530981581570777,0.12141367441845938,0.12293122250659076,0.11867776295835822,0.13512657590262583,0.12784640241794648,0.12682836406336817
2013-09-03,0.125,0.125,0.125,0.125,0.125,0.125,0.125,0.125
2013-09-04,0.12561728535486935,0.12591612548075187,0.12568381348132154,0.12570208542878394,0.1256582767237565,0.12297927027097706,0.12431164658399266,0.124131496675547
2013-09-05,0.12651776772132012,0.12687294544205538,0.1266230027119225,0.1263391382434688,0.12506615435531437,0.12144427715853875,0.12330083011781855,0.12383588424956157
2013-09-06,0.125853097564725,0.12629334633413433,0.1262423141664191,0.12629659761689757,0.1262783945581203,0.1225290873671473,0.12320364013550161,0.12330352225705465
2013-09-09,0.12590967315313137,0.12661577729160628,0.12699484742910772,0.1268746568668221,0.12774381420598752,0.12120419829211455,0.12214914351592444,0.12250788924530609
2013-09-10,0.1267426357661781,0.12713525330062236,0.12814165904628846,0.12820827451306624,0.12754825920265828,0.1191476206388518,0.12120197051472784,0.12187432701760696
2013-09-11,0.1267221812934463,0.12647399178978808,0.12778096509342224,0.1282351218419322,0.12814800928321946,0.1187196136028663,0.12187703323445914,0.12204308386086632
2013-09-12,0.1272510829128194,0.1272585093962939,0.12771257855767484,0.12837417974114881,0.1281928763747322,0.11587489552994144,0.12254528340858371,0.12279059407880562
2013-09-13,0.12718894955996807,0.12699229898111908,0.12806023952928575,0.12863783644539242,0.1282097367942474,0.11569422497034797,0.12268456855883617,0.12253214516080309
2013-09-16,0.1277922962384704,0.12651928681610738,0.1282080912647201,0.1295065062554425,0.12934991004607824,0.114335415125857,0.12174057022237597,0.12254792403094832
2013-09-17,0.12784221259261933,0.12684799571029437,0.1289525752103124,0.12906298037826933,0.12874866994711254,0.11391693751323685,0.12224905254663802,0.12237957610151726
2013-09-18,0.12674901756509566,0.12581561424277796,0.12759045515684406,0.12986931059443027,0.1304619297361076,0.1165137792602646,0.12129568236712829,0.1217042110773516
2013-09-19,0.1268527813061974,0.12643209192919744,0.12777786267118624,0.1295733038327582,0.13067458608669627,0.11657483783674291,0.1208806494995001,0.1212338868377214
2013-09-20,0.12691388143664797,0.12694644894137624,0.12827011593595983,0.12960067047428012,0.12950868452325462,0.11407342535424887,0.12243218925928571,0.1222545840749467
2013-09-23,0.12638977983170221,0.12675280385338059,0.12834637254808973,0.12962523454479105,0.12868633304443255,0.11376487408905404,0.12339245577546301,0.12304214631308685
2013-09-24,0.1260052231193494,0.1266652812621653,0.1286836340944731,0.12933411174026285,0.12761873844049743,0.11378436404857518,0.1246372778713765,0.12327136942330011
2013-09-25,0.12549462272966624,0.12608424356591882,0.1282925979922251,0.12932432982054856,0.12789168673212492,0.1146577280311338,0.12474839872237205,0.12350639240601034
2013-09-26,0.12579660545941923,0.126881231720545,0.12881869884908861,0.12968196666236748,0.12849322741978741,0.11360445699679977,0.12369690074431615,0.12302691214767622
2013-09-27,0.12535132000036403,0.1268554661377067,0.12837729552714616,0.1293566098710353,0.12809309931557977,0.11477515027180471,0.12413102250658337,0.12306003636977995
2013-09-30,0.1252322510319418,0.1271077268825551,0.12897871629239813,0.12899597882380714,0.12729054905349363,0.11457425086972776,0.12449031371239448,0.12333021333368192
2013-10-01,0.125,0.125,0.125,0.125,0.125,0.125,0.125,0.125
2013-10-02,0.12456854353983905,0.1246394360120687,0.12417770160652847,0.124647529371076,0.12487215735170294,0.12715828464261247,0.12487494424419547,0.12506140323197695
2013-10-03,0.12427494333978893,0.12403755786180587,0.1237574675965917,0.12468897322384563,0.1235480841673489,0.12816015752110418,0.1255382771812538,0.12599453910826108
2013-10-04,0.12496438429757052,0.12485708957812232,0.12433308748696181,0.12473087528779478,0.12305652873254619,0.12724840084793107,0.12519078991330101,0.1256188438557721
2013-10-07,0.12418865911193849,0.12412353642131654,0.12318296710478087,0.12374501086906098,0.12392062824667563,0.12868024581583118,0.1260090454457099,0.12614990698468634
2013-10-08,0.12377824912839458,0.12275491744491976,0.12221437200218296,0.12382182844079247,0.12360747708712969,0.12952238200433785,0.127108510891649,0.1271922630005936
2013-10-09,0.12421972740577743,0.12272084751456223,0.1220666249954144,0.12470805810683665,0.12397727650844943,0.12857488836272465,0.12644888864722478,0.12728368845901042
2013-10-10,0.12537707148808877,0.12381764737057269,0.12351314234051981,0.12542479735466525,0.12561525234636733,0.12518071383379642,0.1251353173267217,0.1259360579392681
2013-10-11,0.12568921513766512,0.12430401913874002,0.1248130018949338,0.12559478785534486,0.1263700350508668,0.1230133501972931,0.12460827183884325,0.12560731888631307
2013-10-14,0.1260211614769991,0.1250139500020051,0.12526990331806018,0.12585377781314497,0.12627418277909025,0.12307806331627169,0.12343751111065068,0.12505145018377803
2013-10-15,0.12546513777277193,0.12488467915550641,0.1243979226280436,0.1256088809567214,0.12616915557717284,0.12433474294472106,0.12370791727455192,0.1254315636905108
2013-10-16,0.1259195028345852,0.12501038173731113,0.12465710499717175,0.125254874552772,0.1272275552786107,0.12287739406346108,0.12398034361481486,0.12507284292127327
2013-10-17,0.125241205781951,0.12421838693291831,0.12424098564006922,0.12539474064418007,0.12759976730006212,0.12521703465772022,0.1236047630168092,0.12448311602628971
2013-10-18,0.12548949586951874,0.12563289303433042,0.12506433881031823,0.12554126837010546,0.1268677217502542,0.1240659588931829,0.12328374735150935,0.12405457592078058
2013-10-21,0.12563821591808394,0.12605020937864397,0.12495658530528163,0.12587302410888238,0.12624723708297805,0.12433317520188569,0.12303072324900916,0.12387082975523522
2013-10-22,0.1253508827742097,0.12522002609790892,0.12427834425948484,0.12610730223250102,0.126387499867913,0.12562682005199377,0.12340379457796607,0.1236253301380227
2013-10-23,0.12511970219317933,0.1248288934814449,0.12422965232225758,0.1252504029744631,0.12699657143642534,0.12536528123217333,0.12425066713350207,0.1239588292265543
2013-10-24,0.12515613304060902,0.12499843535545843,0.1245162811865012,0.12573980416125463,0.12657684373950334,0.12616168630915844,0.1233949386166793,0.12345587759083548
2013-10-25,0.12525647653477937,0.12542251982116204,0.12416125907703256,0.12491134401620531,0.12764735168087304,0.1262306067558785,0.1233880590538571,0.12298238306021203
2013-10-28,0.1256010312283868,0.1255980330812704,0.12424908208242953,0.12484900722910218,0.12687792522322944,0.12647364580534906,0.12310891844094189,0.12324235690929064
2013-10-29,0.12622918381918066,0.1257684656527455,0.12456596376065017,0.1250710221756516,0.12609863925749012,0.12566675328706786,0.12322778371913089,0.12337218832808326
2013-10-30,0.12624758935043726,0.12629298382494558,0.12349691795183806,0.12525989277290775,0.12568028169884543,0.12614701135748854,0.1231159355465893,0.123759387496948
2013-10-31,0.12646188542765702,0.12657666040047583,0.12333545573691308,0.12512666734765887,0.1255073309054548,0.12490187330319145,0.12394047705782482,0.12414964982082416
2013-11-01,0.125,0.125,0.125,0.125,0.125,0.125,0.125,0.125
2013-11-04,0.12507528250075345,0.12481736893592409,0.12606971048277762,0.12524508957070152,0.12486989400725414,0.12449926540229964,0.12475405947740971,0.12466932962287972
2013-11-05,0.12544364503530717,0.12571889011176487,0.1264043774379922,0.12492275199120448,0.1235783240889124,0.12501566081174087,0.12401927184529236,0.12489707867778552
2013-11-06,0.1258561395316904,0.12546136764744972,0.12563469142678513,0.1257851493403996,0.12317467949586049,0.12542065302245078,0.12385392545245136,0.12481339408291252
2013-11-07,0.1254326511419498,0.12426005608235384,0.12467686448407564,0.12496280965375882,0.12278662319288247,0.1255641305054383,0.12607677985889662,0.1262400850806445
2013-11-08,0.12730644129762664,0.1261183557827682,0.1271244783229882,0.12587473311727776,0.12130507344674007,0.1238697137632471,0.12321838714919227,0.1251828171201596
2013-11-11,0.12741567469894918,0.12600642538917792,0.12738666856259398,0.12623177740193547,0.1215161746859931,0.12354609091619848,0.12283829646944017,0.12505889187571176
2013-11-12,0.12737125594880042,0.12641784825440555,0.1277063010400453,0.12601888308122353,0.12117335686274898,0.12233557459726273,0.12361852299198686,0.1253582572235266
2013-11-13,0.12761346431056397,0.12717226593920378,0.12814809457519516,0.12565723668406745,0.1212173817811792,0.1219897195759156,0.12331880203588985,0.12488303509798497
2013-11-14,0.12758845875468486,0.12690980150833572,0.12735996667519675,0.12558268948642373,0.12144011349962189,0.12276302020496146,0.12343827143127929,0.12491767843949618
2013-11-15,0.12775458931981803,0.1267662128602161,0.12745643372949594,0.1262123028268927,0.12152136490212329,0.12243966497838843,0.12331089460049774,0.1245385367825679
2013-11-18,0.12774678762891636,0.1259611222033621,0.12699593791436128,0.12664769249689464,0.1211822604087298,0.12145869514677583,0.12448056741481943,0.1255269367861405
2013-11-19,0.12797250987397774,0.12609357860402862,0.1267097164386703,0.12682127519763117,0.12080894497804166,0.12198798222214456,0.12402333316840841,0.12558265951709752
2013-11-20,0.12867376099781647,0.12687553116143327,0.12775712005380158,0.12702496275243239,0.12037125303515339,0.12020923870803321,0.12296465883191807,0.12612347445941158
2013-11-21,0.12885855173965735,0.1273209676104229,0.12920340251190132,0.1269784607865101,0.12050549973271717,0.11923936424979731,0.12235763973329872,0.12553611363569506
2013-11-22,0.1290612146752581,0.12756997025497904,0.12939877542813855,0.12690964101945026,0.11962365602958308,0.11881262851191467,0.12307714854872769,0.1255469655319486
2013-11-25,0.12886797105716988,0.127809506036874,0.1294956713899654,0.12646240530039365,0.11900274952620178,0.1192876824489299,0.12337048698994321,0.1257035272505222
2013-11-26,0.12873269228783862,0.12830714438765298,0.1302823700464099,0.12629471785843352,0.11842943428890673,0.11849657804892584,0.12366799077865673,0.12578907230317563
2013-11-27,0.1286978324231833,0.12885282410065477,0.1306562964107081,0.12625936580904645,0.11911873342095548,0.11782164458975752,0.12312195586744636,0.1254713473782479
2013-11-29,0.12847585777196022,0.12948619966430838,0.13058645217882076,0.12637318248523816,0.11789416277562347,0.11891810685690328,0.12302638814439586,0.12523965012274982
2013-12-02,0.125,0.125,0.125,0.125,0.125,0.125,0.125,0.125
2013-12-03,0.12460754570427574,0.12504579033082958,0.12454690402545496,0.12427275778643093,0.12489839892960719,0.1255527419906144,0.12560850340956647,0.12546735782322063
2013-12-04,0.1245829008186021,0.12515203919055332,0.12420196520246773,0.12359582481949151,0.12534877893256258,0.1276703940016571,0.12439874906716698,0.12504934796749867
2013-12-05,0.12444280881257404,0.125401676436846,0.12469943807384165,0.1232954135067408,0.126204010083224,0.12631736304178307,0.12445499893175904,0.1251842911132314
2013-12-06,0.12497953448613643,0.1254548463611965,0.12481840984578503,0.12397568074950126,0.12624731291208893,0.12572503636444873,0.12420147855176115,0.12459770072908191
2013-12-09,0.1249235335016282,0.12558968356704286,0.12441287642205909,0.12347347601891576,0.1264816992912887,0.12658712444066014,0.12411984689757743,0.1244117598608279
2013-12-10,0.12429963593549645,0.1253248013145142,0.12310987422569462,0.12309102688621384,0.1259785400100163,0.12862521772015806,0.12483322530274044,0.12473767860516606
2013-12-11,0.12432139547195475,0.12513967106144777,0.12248481406293527,0.12334581329610361,0.12450051051412926,0.12908361824207965,0.1253009049086707,0.12582327244267894
2013-12-12,0.12459450783969021,0.1255049883665137,0.12343014012949827,0.12312355696181063,0.12448918973907917,0.12703567902307455,0.12551552648594888,0.1263064114543846
2013-12-13,0.1242590136874896,0.12501904954678045,0.12351514384268086,0.12272922616927129,0.12447738503483305,0.12787542090257362,0.12580102490866085,0.12632373590771026
2013-12-16,0.12450915872387085,0.12518444687090605,0.12445939622095552,0.12309210604018261,0.12437920689177859,0.12766993126080264,0.12481233142220993,0.1258934225692938
2013-12-17,0.1242320007045087,0.12505459228439977,0.1243998317446995,0.12267533259891805,0.12507662857399013,0.12668176157352928,0.1254907414573547,0.1263891110625997
2013-12-18,0.12538886675927935,0.12554329613143908,0.1251468858134219,0.12365431423899381,0.12632236633682767,0.1246132487157403,0.12390626168100273,0.1254247603232952
2013-12-19,0.12605445922205513,0.12600370329669858,0.12501947347784859,0.12445453128810043,0.12538768062597502,0.1224444057410742,0.1245867101168772,0.1260490362313709
2013-12-20,0.1256190419064121,0.12611364014546694,0.12595660454170915,0.12401254724757527,0.12499499041483139,0.12249914503625411,0.12533796679895076,0.12546606390880027
2013-12-23,0.1258303312101502,0.12697638476321496,0.12692114993464582,0.12483326376009374,0.12478701459456211,0.12166360370513668,0.12417486309045048,0.12481338894174614
2013-12-24,0.12601658523208117,0.1269443188153087,0.12731725205616348,0.12499137201016314,0.12481031033287186,0.12213482144885897,0.12309319227159235,0.12469214783296025
2013-12-26,0.12640925407954273,0.12711589964631148,0.12707905218932095,0.12542845424664886,0.12466222508320125,0.12256763630007765,0.12237872750250632,0.1243587509523906
2013-12-27,0.12634514475737363,0.1267397687505759,0.12694428082928266,0.12601523065484968,0.1248751721220076,0.12291091184968246,0.12197588330144314,0.12419360773478483
2013-12-30,0.12636550084821876,0.12659258804452875,0.1269083162272702,0.1265863335957713,0.1249542326282423,0.1211346720659974,0.12285432632854656,0.12460403026142472
2013-12-31,0.1268123476867759,0.12726644531696693,0.12705449383214143,0.1269083296067238,0.12413240507834992,0.12175578600174627,0.12193002028030794,0.12414017219698785
2014-01-02,0.125,0.125,0.125,0.125,0.125,0.125,0.125,0.125
2014-01-03,0.12471827630379585,0.1238382210148704,0.12537277815356135,0.1248712299371423,0.1254342027352991,0.12610240522279959,0.12473873503252303,0.12492415160000836
2014-01-06,0.12439786668932727,0.12342153552491969,0.12439718618652047,0.12476097247649544,0.12611330195040588,0.12636608270270597,0.12530503207257465,0.1252380223970506
2014-01-07,0.12469950379010947,0.12410524901757636,0.12497264865236479,0.12499794155734115,0.1262057513027594,0.12518284646718597,0.12515853253682824,0.1246775266758347
2014-01-08,0.12495204284666889,0.12460057382585028,0.1253621108128754,0.1251859394265223,0.12581653041493399,0.12467015315598669,0.12504326617296113,0.12436938334420125
2014-01-09,0.1249114154807389,0.12406522223337985,0.12527210172380915,0.12496910019440084,0.1256934174186178,0.12490666103881808,0.1256516192307419,0.12453046267949343
2014-01-10,0.12421270111668599,0.1234321825936113,0.12491443679164364,0.1250746477819875,0.12635174807607505,0.12575298248209668,0.12609499075561165,0.12416631040228832
2014-01-13,0.12323187002804566,0.12227488465910544,0.12388132521489437,0.12466850813250466,0.12619886784909268,0.12724137759409304,0.12741764814300927,0.1250855183792549
2014-01-14,0.12395787816203539,0.12398926124328569,0.12478243911306532,0.12504381962114783,0.12649171025350398,0.12542905758411657,0.1262066331183813,0.12409920090446408
2014-01-15,0.12415970935317022,0.12453996932962277,0.12524236261088462,0.1250983405012069,0.12697071430695062,0.1247199392867019,0.12560191457819814,0.12366705003326485
2014-01-16,0.12381940876436165,0.12437440374844977,0.12521240875249215,0.12486201398602602,0.12701572391650354,0.12467534779638882,0.12626217637114062,0.12377851666463752
2014-01-17,0.12341030465085755,0.12378560622458669,0.12488704818400916,0.12460497161487982,0.1263913016184344,0.12597872910065733,0.12690890364837143,0.12403313495820366
2014-01-21,0.12347290592802597,0.12442678557568508,0.12532556972426157,0.12489801911094459,0.1272241227955887,0.12439485193375892,0.12669698119111017,0.12356076374062494
2014-01-22,0.12349820827471782,0.12469431164434112,0.12590341511274805,0.12484232214409179,0.1277178986737606,0.12380961826226339,0.1263285873876866,0.12320563850039058
2014-01-23,0.12229833743745773,0.12408219779093559,0.12486288717089349,0.12381511044154758,0.12721859267426203,0.12631620120860204,0.12791946441802435,0.12348720885827728
2014-01-24,0.12113844232877485,0.12311520909011908,0.12315109294204736,0.12187538942057635,0.12714785401833334,0.12837080804157502,0.13030513361545512,0.12489607054311895
2014-01-27,0.12147499337793505,0.12286602274152973,0.12228777304204475,0.12224997418442507,0.1271454479652435,0.12795686229785955,0.13039679294320936,0.12562213344775316
2014-01-28,0.12159226956081017,0.12218546797486268,0.12296566296453874,0.12269890172222955,0.12757280530744958,0.1273116650143411,0.1300661911869426,0.12560703626882552
2014-01-29,0.12083522790248125,0.12128852250419443,0.12160495124504586,0.12173718092606416,0.12731323135031175,0.12935146270892456,0.13158333170166644,0.12628609166131158
2014-01-30,0.12154178957537143,0.12294961432031137,0.122837476544427,0.12178568513326263,0.1286354489211589,0.12590475538642348,0.13058804682680827,0.12575718329223684
2014-01-31,0.12104040936326224,0.12283649110702283,0.12213696903477265,0.11992416068748238,0.12955257078891633,0.12646125596451097,0.13169150144054706,0.1263566416134856
2014-02-03,0.125,0.125,0.125,0.125,0.125,0.125,0.125,0.125
2014-02-04,0.12544577429797935,0.12548947199752497,0.12551336201692834,0.12601263362590923,0.1260774375994183,0.12423432886270096,0.1232513830874877,0.12397560851205121
2014-02-05,0.12562158729312,0.1254971904533961,0.12490448089004993,0.12660834118110145,0.12614879386321332,0.12487359577689669,0.12243658366232364,0.12390942687989887
2014-02-06,0.12642856083100681,0.12624920441705492,0.12505281957151398,0.12799337620063342,0.12622444689617843,0.1239889162030178,0.12109722106683522,0.1229654548137593
2014-02-07,0.12681653165320325,0.1273174433145321,0.12530360701850646,0.1284713277209304,0.12600782050822712,0.12378893409927226,0.12008273961321274,0.12221159607211579
2014-02-10,0.12664496350226154,0.127638970148991,0.12523180455748756,0.12762970666029105,0.12679041924991313,0.1241523583577652,0.12003672641035995,0.12187505111293058
2014-02-11,0.1271423780440622,0.12819674676385232,0.12547143486352808,0.12875541967970772,0.12640639842297866,0.12473505684144054,0.11851356124834085,0.12077900413608954
2014-02-12,0.12718208962687605,0.12841872425847667,0.12594120833662592,0.12894671762259863,0.12645678056202997,0.12478249553724473,0.11787977486569157,0.1203922091904565
2014-02-13,0.12703718035814698,0.12856019946239527,0.12674282111089358,0.12852626395420932,0.12613838572491137,0.12505644497066237,0.11780423378839329,0.12013447063038793
2014-02-14,0.12722130253058414,0.12829706916300082,0.12640721163216698,0.1284892018768606,0.12611861659278575,0.12619787541977878,0.11739351412875025,0.11987520865607265
2014-02-18,0.12679274051949144,0.12833795449708424,0.12714379616223273,0.12900003533770774,0.12615889304035083,0.1258696661529097,0.11712164918039683,0.11957526510982655
2014-02-19,0.1266757941184651,0.12818751123660177,0.12656401226380515,0.1288695098133544,0.1268099128155873,0.1254689645364121,0.11729731615331997,0.12012697906245416
2014-02-20,0.12694538260898064,0.12830514728576695,0.12744887231261567,0.12882945483494412,0.1260623349789112,0.12631496120486124,0.11657174450353422,0.11952210227038593
2014-02-21,0.12662839067643694,0.12796021670954968,0.12767324230314572,0.12890472409303197,0.12619892222879864,0.12612364477141544,0.1170278198665271,0.11948303935109438
2014-02-24,0.12670897402798678,0.12801502856720615,0.1279834555914879,0.12938621033081,0.1258889187674533,0.12689486663688046,0.11616158161958627,0.11896096445858924
2014-02-25,0.12643800847414044,0.12764826282918085,0.1278897061807529,0.12885246278437812,0.1260808954606527,0.12688749667079308,0.11699240262916565,0.11921076497093624
2014-02-26,0.12638678591993927,0.12747654126705882,0.12862008662617558,0.12835367343074755,0.12631045273034022,0.12574941104156792,0.11755948717962131,0.1195435618045494
2014-02-27,0.12664154208460407,0.12789115042930452,0.1289058186775988,0.12837922194839618,0.12556406749687088,0.1254332603013671,0.11782225321481811,0.11936268584704031
2014-02-28,0.12690027533161372,0.1276878092936056,0.12833011485224158,0.1285454847722348,0.1266672657109597,0.12480524467896001,0.11783016000997965,0.11923364535040491
2014-03-03,0.125,0.125,0.125,0.125,0.125,0.125,0.125,0.125
2014-03-04,0.12591663663193906,0.1257499932129959,0.12729444632430842,0.12663296201363142,0.12596102665191186,0.12263695625745322,0.12230364517992663,0.12350433372783358
2014-03-05,0.12596599811729045,0.12603144937417998,0.12715477442788364,0.12645526954881445,0.12573854021956787,0.12277403643700462,0.12250254967324964,0.12337738220200946
2014-03-06,0.12624676807843022,0.12591297028807874,0.12712575048942262,0.1277621053000045,0.12467865355293287,0.12398566860095961,0.12128854300051198,0.12299954068965943
2014-03-07,0.126921339624128,0.1259061819842511,0.12770808958187527,0.12769198143211494,0.12393474049008031,0.12356150551125943,0.12111848903720361,0.12315767233908731
2014-03-10,0.1270838624277862,0.12624586772386692,0.12751200737563229,0.12712931486315152,0.12350617582683368,0.1238238124919555,0.12150991988576716,0.12318903940500685
2014-03-11,0.1266562509108409,0.1259017716891463,0.12638670815226513,0.12640295590283898,0.12448000645287778,0.1247212484437449,0.12202393817913935,0.12342712026914669
2014-03-12,0.12619752781267263,0.1258848963211755,0.12627923601795693,0.12543994634658368,0.12436591599346379,0.12605404736258682,0.1223954874124183,0.12338294273314233
2014-03-13,0.12541744150994977,0.12473711774623072,0.125453519324889,0.12372735221675421,0.12441456431329187,0.12712823779878624,0.1246729937783524,0.12444877331174567
2014-03-14,0.1250510671388067,0.12387074696329378,0.1259643222015347,0.12344785645630382,0.12471901965444815,0.12796944483897754,0.12468179233917866,0.12429575040745663
2014-03-17,0.1259170873868524,0.12469815201459582,0.1262560192177979,0.12474000193889687,0.12472223505566155,0.12630007550346592,0.12349143241981385,0.12387499646291578
2014-03-18,0.12615447819793296,0.12554554378072394,0.12742741611829353,0.12486097365007484,0.12444075346560483,0.12466786257909238,0.12329225967397703,0.12361071253430045
2014-03-19,0.1267912241822436,0.12616858914029724,0.12791823066353125,0.12462329065842283,0.12335976314503111,0.12352844354178448,0.1236102495823017,0.12400020908638776
2014-03-20,0.1274384272377397,0.12642645863114765,0.12799666812244137,0.12405722954396567,0.12348253917693586,0.12321656166011143,0.12330117545114568,0.12408094017651257
2014-03-21,0.12686375063681582,0.12482603283574285,0.12732512651084388,0.12373177446408867,0.12453902815239104,0.12372597659557465,0.1245580269428166,0.12443028386172642
2014-03-24,0.12692863700401638,0.12430938880375127,0.12646329405629936,0.1246334537584309,0.12430075662208441,0.12208758168578698,0.12602959843007858,0.1252472896395521
2014-03-25,0.1271163864399421,0.12431254707829806,0.12602196372259075,0.12557837457825527,0.12502788627876438,0.12191248624561057,0.12514739258529478,0.12488296307124412
2014-03-26,0.1269464842736551,0.12343511849623943,0.1243368079953537,0.12629984320058676,0.12434512470592986,0.1216613884432998,0.12687078454647654,0.12610444833845888
2014-03-27,0.12667593712563133,0.12274011454672464,0.12401964844819136,0.12692821781297506,0.12513332050517698,0.12086318244186235,0.12750559386983532,0.12613398524960306
2014-03-28,0.12709559937413845,0.12278238100485576,0.1237009768840397,0.1276787731665496,0.12568568538522495,0.12063960427102233,0.12658275727494148,0.12583422263922767
2014-03-31,0.1275504212335328,0.12309070166313582,0.12534325320208503,0.1277404750718299,0.12616431251990018,0.11917137541467762,0.12569210031657405,0.12524736057826452
2014-04-01,0.125,0.125,0.125,0.125,0.125,0.125,0.125,0.125
2014-04-02,0.12520539236383008,0.12510954672508104,0.12534892323521413,0.12502766182229436,0.12489333514803673,0.12572831068269,0.12407070940237148,0.12461612062048213
2014-04-03,0.12537427456718514,0.12444851649783258,0.12441045182194868,0.12501070034983883,0.12496294993831752,0.12565913389240446,0.12494772530525941,0.12518624762721334
2014-04-04,0.12446846357709938,0.12170213780211374,0.12209919035127527,0.12520200699116343,0.12596964985272238,0.12792473207171362,0.1263679211481569,0.12626589820575532
2014-04-07,0.12360115878355876,0.12104433389782229,0.1208149586683155,0.1251216605131613,0.126898957889514,0.12777772117993347,0.12765014282867126,0.12709106623902347
2014-04-08,0.12348964364507667,0.12155083428930145,0.12105215030715166,0.12442127560019578,0.12704292576914367,0.1283393743505661,0.12731399287499293,0.1267898031635717
2014-04-09,0.12405430147259612,0.12287862557201189,0.12204892014539957,0.1252480115637681,0.12594961748246547,0.12778754293774358,0.12591094365738656,0.1261220371686288
2014-04-10,0.12283265708755753,0.12042984638466162,0.11991613451753903,0.12443541239645742,0.12617494146875805,0.12994992916456374,0.12852786090204804,0.12773321807841462
2014-04-11,0.12229268964416423,0.11958288619209022,0.11880648165185409,0.12426447631016548,0.12599350694589906,0.1304725818139779,0.13017237521016384,0.12841500223168514
2014-04-14,0.12271731614023502,0.11999439035922241,0.11861922078116012,0.12443078963753411,0.12619028028526436,0.13084373074881778,0.1292639098785503,0.12794036216921598
2014-04-15,0.12339734177531479,0.12022980558540515,0.1189206715420611,0.12374229992621655,0.12751490230512807,0.12825678446717045,0.12989766983740259,0.12804052456130124
2014-04-16,0.12384801166989186,0.12100430596175978,0.1194032691649767,0.12442519402926451,0.1274657866045091,0.12744120797483272,0.1291827930231815,0.12722943157158376
2014-04-17,0.12430045120494505,0.12130504551240907,0.12026871481621804,0.12535522961884368,0.12700968873997615,0.12692455077818646,0.12805422028281846,0.12678209904660323
2014-04-21,0.12444266359396775,0.12192037337246422,0.12055106855453229,0.12522918573947936,0.1274369743398913,0.126110504641616,0.12765076154183772,0.12665846821621146
2014-04-22,0.12455902496590233,0.12244756152923988,0.12135675704978259,0.12529596654928216,0.12726059627049227,0.12519218818998498,0.12762014247071107,0.12626776297460457
2014-04-23,0.12451003171667915,0.12160745936620013,0.120829916803334,0.1252448367008083,0.1269979715376631,0.12541641296873343,0.12859948230891904,0.12679388859766272
2014-04-24,0.12442724359203691,0.12244098808376992,0.12019844283669212,0.12488993249630975,0.12718412321106656,0.12588796401131058,0.12849672672999612,0.12647457903881798
2014-04-25,0.12404608360599675,0.12110774504664538,0.11869388344609799,0.12492489094547223,0.12734789163328436,0.12742362998691176,0.12934789922814396,0.12710797610744748
2014-04-28,0.12442187035815244,0.12148457058920803,0.11798648234464561,0.12529701092975956,0.1283198860186379,0.12684753573087534,0.1287029201002214,0.1269397239284997
2014-04-29,0.12467981414596047,0.1221392436138315,0.11798013111449977,0.1257882500347067,0.12807813384517175,0.12650119727134645,0.12819831549594202,0.12663491447854125
2014-04-30,0.12471805690963589,0.12213473480271948,0.11844805817925036,0.125950337199518,0.12819334413992428,0.12551696039256827,0.12838778620908195,0.1266507221673017
2014-05-01,0.125,0.125,0.125,0.125,0.125,0.125,0.125,0.125
2014-05-02,0.12460090333276745,0.12455200107922057,0.12488012625674794,0.12457946398787853,0.12474573229166187,0.12604976654458652,0.12554845802545073,0.12504354848168625
2014-05-05,0.12471513253344797,0.12508218062540033,0.12459981201258229,0.12436436933265144,0.12487676680430075,0.12709223125382246,0.12466666725020617,0.12460284018758867
2014-05-06,0.12424140609889987,0.12407187103599929,0.12317970527575589,0.12476045807679387,0.12505013684000632,0.12747836351857372,0.1257868202936098,0.12543123886036114
2014-05-07,0.12499229395673585,0.12373357424385577,0.12327697187241567,0.12492588502455809,0.126574527629187,0.1256661314090813,0.1253588790022674,0.12547173686189897
2014-05-08,0.12507009641057634,0.12382797510794129,0.12224065843446702,0.12515519006701623,0.12707955510576038,0.1258783436033879,0.12503274873568088,0.12571543253516976
2014-05-09,0.12512452089511344,0.124155017328209,0.12323166917767246,0.12484013407597162,0.1270310701723994,0.1256746386987948,0.12449789695176912,0.1254450527000701
2014-05-12,0.1254259104711214,0.12528465680277634,0.12511701287346413,0.1247516877731031,0.12650003099529572,0.12560713830872441,0.12309452091631863,0.12421904185919615
2014-05-13,0.12559748958184053,0.12542900945394508,0.12395245322280554,0.124992337110426,0.12574374037153868,0.12532443067351123,0.12421970631306599,0.12474083327286688
2014-05-14,0.12503549590754656,0.12480847916041657,0.12197127813929805,0.12478905182766296,0.12582797570484885,0.1265749077114332,0.1255978365560049,0.12539497499278898
2014-05-15,0.12435288991750303,0.12424294697668947,0.12155387027242612,0.12465995427227188,0.12618139247117569,0.12594921514806667,0.1270227611062,0.12603696983566717
2014-05-16,0.12445188826883556,0.1247224869217508,0.12199833302636645,0.12460079634654958,0.12700229969092225,0.12534192938212155,0.12632841978949116,0.12555384657396262
2014-05-19,0.12479586350751792,0.12547667054272627,0.12320094169175001,0.12423393799280634,0.1263777803742434,0.12530933843409342,0.12528071468764512,0.12532475276921767
2014-05-20,0.1244952612032992,0.12551218296454247,0.12179668418502225,0.12393639781322478,0.12648072821081666,0.12591173450034093,0.126050880263278,0.12581613085947574
2014-05-21,0.1253312641239535,0.12649551499461156,0.12221455847149251,0.124691811504161,0.12543157286845952,0.1253958892087186,0.12506854724991484,0.1253708415786884
2014-05-22,0.12536834045201506,0.12678008831535476,0.12322241903008417,0.1245897464636868,0.12494321326068443,0.12541037454830267,0.12462421678583857,0.12506160114403345
2014-05-23,0.12526377142336614,0.1270876079124364,0.12396761272956026,0.12431430097467411,0.12544028038557128,0.12464519699384811,0.12468678464841602,0.12459444493212776
2014-05-27,0.1254782587250092,0.1281041773755388,0.12519594562530081,0.12464894464484669,0.12578024974747154,0.1214447294464836,0.12486428040938201,0.12448341402596742
2014-05-28,0.12549359713679317,0.12781906696320977,0.12465201022124342,0.1243408632323827,0.1250952470004844,0.12090005971228936,0.12651436981585093,0.12518478591774604
2014-05-29,0.12594149981030228,0.12843100082487816,0.12487164996672742,0.12489828588337483,0.1251481567711116,0.12044819798202434,0.12564097681398598,0.12462023194759543
2014-05-30,0.12618186406306817,0.12848321320113912,0.1243467587439989,0.12495334242662778,0.12575777046241435,0.11997585937024696,0.12562320611150568,0.12467798562099898
2014-06-02,0.125,0.125,0.125,0.125,0.125,0.125,0.125,0.125
2014-06-03,0.12525793902354407,0.12526788158762878,0.1250213794949656,0.1250165383196698,0.12525594829701164,0.12564739084009768,0.12378075758781847,0.12475216484926398
2014-06-04,0.12537735540807987,0.12560078928715984,0.12537875796369133,0.12484712443634002,0.1253729319214755,0.12525187637733126,0.12361546129552226,0.12455570331039979
2014-06-05,0.12507723280745653,0.1255356378509018,0.12687688980841802,0.12459756535043587,0.12654792769474976,0.1250753461211509,0.12257539209627459,0.1237140082706126
2014-06-06,0.1253130227256278,0.12589238314213702,0.127723363236932,0.12491417141892575,0.12565442331183008,0.12466289499968007,0.12222183517136044,0.12361790599350687
2014-06-09,0.12555050764946882,0.12590705106150318,0.12895983266130134,0.12489839489065181,0.12424332515321358,0.12481288712457694,0.12215293704370034,0.12347506441558398
2014-06-10,0.12570541270014365,0.12626693368322345,0.1288516875729387,0.12477230204755702,0.12345724005786475,0.1257204764828111,0.1218411579442277,0.12338478951123373
2014-06-11,0.12548347291485926,0.12645649253600363,0.12844237652886176,0.1243616240313827,0.12333772976527942,0.125957117169319,0.12227026612530888,0.12369092092898551
2014-06-12,0.1246367411432489,0.12535488224646876,0.12769959473996928,0.12443894903188817,0.12306395658319678,0.1272757353990218,0.12339984992342291,0.12413029093278333
2014-06-13,0.12481471432521804,0.12551944831291664,0.1277142146148041,0.12432701613509502,0.12317960344386213,0.12740161771918357,0.12313456842269808,0.1239088170262226
2014-06-16,0.12492077342621272,0.12563137382159642,0.1283362527428508,0.12436587053367729,0.12255370535371299,0.12684535680427797,0.12344515662473289,0.12390151069293881
2014-06-17,0.12526723416889435,0.12569861236179078,0.12924152404539535,0.12427595603658814,0.12286749614460817,0.1266995391999849,0.12246724775501609,0.12348239028772227
2014-06-18,0.1253730415789089,0.1255906115021032,0.1292754143853366,0.12453770574209024,0.12293053959162765,0.12628409656890038,0.12261574652750871,0.12339284410352444
2014-06-19,0.1249822602548182,0.12497830667356657,0.12883756495096543,0.12468099747420718,0.12342561642117165,0.13012675911022809,0.12053250718621425,0.12243598792882866
2014-06-20,0.12501844891779132,0.12490788076037172,0.1290392702797391,0.12425299076554057,0.12363628752521016,0.1294503920297427,0.12123395782786638,0.12246077189373801
2014-06-23,0.12512219695027307,0.12507684581790843,0.12893471503307583,0.12405924324143723,0.12326938089262125,0.1299561186482956,0.12099180174048506,0.12258969767590357
2014-06-24,0.12450036750857682,0.12508808679002698,0.12769342868767572,0.12341415498355607,0.12349108544313815,0.1302272837009985,0.1223482755713381,0.12323731731468973
2014-06-25,0.12473881161689244,0.12555777010940514,0.12844224719557185,0.12305090459626775,0.12292349653180283,0.12989984586660364,0.12234527646837837,0.12304164761507806
2014-06-26,0.12461448649159032,0.12558976947669445,0.1281880405061647,0.12310647177829387,0.12277351917009385,0.12959746506995987,0.12289609456357228,0.12323415294363063
2014-06-27,0.1245589183620001,0.12584054925619523,0.12874173838096606,0.12288476421379793,0.12341835310018565,0.1292169104362887,0.1224191717442729,0.12291959450629338
2014-06-30,0.12423800176945966,0.12579474881680563,0.12898583607881003,0.12273844026556151,0.12286770509230172,0.13035471574191496,0.12246817960022151,0.12255237263492508
2014-07-01,0.125,0.125,0.125,0.125,0.125,0.125,0.125,0.125
2014-07-02,0.1253805595392708,0.12546452755536816,0.12477044764913547,0.12545315965387793,0.12495369148977896,0.12525341387769318,0.12391481912532573,0.1248093811095498
2014-07-03,0.12592186178502665,0.12618061795515023,0.125449712321875,0.12563225623893065,0.12416358765513492,0.12464920127280596,0.12339475830518312,0.12460800446589354
2014-07-07,0.12580973951345736,0.12612536979288552,0.12362396587258383,0.12497628585346608,0.12485338944953428,0.12483571313625695,0.12462102359396042,0.1251545127878555
2014-07-08,0.12535940822276642,0.12496267687543698,0.12247328574188802,0.12402092828803217,0.12557969436100883,0.1252431726910193,0.12637980533599524,0.12598102848385315
2014-07-09,0.1255059529593593,0.12547507435778485,0.12222639083881247,0.12401166950106068,0.12536525147112432,0.1255861669172741,0.12606320473566804,0.1257662892189163
2014-07-10,0.12530575186983117,0.1253752533896255,0.12121203908767902,0.1229383578743544,0.1262307226021538,0.12657323839343657,0.12639564625896618,0.12596899052395338
2014-07-11,0.12518414950014078,0.12588767042933685,0.12077078749555206,0.12272318823789755,0.1259517401226196,0.12651257484861994,0.12690408739551443,0.12606580197031864
2014-07-14,0.12585094100514543,0.12667746969747415,0.12142499082444047,0.12366842003691456,0.12660527133838748,0.12354219289383352,0.12639322529098074,0.12583748891282368
2014-07-15,0.12607651277454615,0.12670486607800538,0.12066994233523248,0.12381210290166358,0.12715382078937784,0.12282213798352697,0.12659925938898167,0.1261613577486659
2014-07-16,0.12613731287909077,0.12680099931852792,0.11995736364132949,0.12417947792813576,0.12714649155541477,0.12286078110130162,0.1268641860040192,0.1260533875721804
2014-07-17,0.12508331725454172,0.12550252969859668,0.11846893258264221,0.12296913411946092,0.12688092141048757,0.12532544095339598,0.1288542375278797,0.12691548645299516
2014-07-18,0.12563265821610312,0.12675665869655817,0.11961804390551144,0.12322183979145626,0.12739699393259224,0.12366125637025423,0.1276982752105201,0.1260142738770045
2014-07-21,0.12551715163315827,0.1267192097380487,0.11925002063642742,0.12288518397992138,0.12705220383116556,0.12398534181471411,0.1284563689846147,0.1261345193819499
2014-07-22,0.1256773847361132,0.12713313621987507,0.11988730155017227,0.12305159632274176,0.1270608631871001,0.12301793012438395,0.12832938193470433,0.12584240592490933
2014-07-23,0.12575631517477015,0.12774583318825067,0.11984297948048996,0.12310934946738751,0.1270912268091166,0.12270534384793656,0.12795888268347494,0.12579006934857362
2014-07-24,0.12613421645729098,0.12797823838932249,0.1199563532936661,0.12376326788489772,0.12730036682307527,0.12182362748484611,0.1273786197755049,0.12566530989139643
2014-07-25,0.12556475610718107,0.12749894661409628,0.1188880846290377,0.12327604423060029,0.12644032714544515,0.12325506540391701,0.12890453902815197,0.12617223684157053
2014-07-28,0.12563295125221782,0.1275561311363428,0.11830794506793814,0.12331128226428714,0.1273393944352493,0.12306635932881907,0.12874406229154947,0.1260418742235964
2014-07-29,0.12523052244230357,0.12747188347105556,0.1187626901641326,0.12319239677492784,0.12686314840304236,0.12282871341815338,0.12935402919541286,0.12629661613097176
2014-07-30,0.12552530811572085,0.12825514520136672,0.11949677857182801,0.1232816291594302,0.12687548801928256,0.12273537333811486,0.12783847079688998,0.12599180679736674
2014-07-31,0.12477962632843673,0.12743309485582682,0.11841112829653641,0.12293201296929636,0.12675035796515066,0.12302840210178098,0.12925359705223385,0.1274117804307381
2014-08-01,0.125,0.125,0.125,0.125,0.125,0.125,0.125,0.125
2014-08-04,0.12544652037892606,0.12540232780862537,0.1256499721279867,0.12513099473694442,0.12541396005224695,0.12415662085241706,0.12422103542180142,0.12457856862105203
2014-08-05,0.12485042935818463,0.12506328596951874,0.12596073465271196,0.12414693590321983,0.12475025555669869,0.12465579851938124,0.12524553939109098,0.12532702064919385
2014-08-06,0.12468301446073182,0.12476411765157364,0.12614763196800718,0.12363933194654035,0.12449382122491622,0.12625812928378286,0.12511489555682936,0.12489905790761867
2014-08-07,0.12408350993489056,0.12444400920695005,0.12561459510910075,0.12271272737648882,0.12463676384701497,0.1268479006458327,0.12635899616398347,0.12530149771573865
2014-08-08,0.12493011315539344,0.12475407227685338,0.12623956934667838,0.12285205624308182,0.12478481088314189,0.1262627425726079,0.12549457106403994,0.12468206445820335
2014-08-11,0.1248718126689092,0.12506923993559893,0.12701516341118557,0.12290883620858557,0.12514634850461717,0.12560980262311489,0.12506276584971668,0.12431603079827207
2014-08-12,0.1249775848764061,0.125297270681612,0.12642403460021223,0.12309053988485746,0.12522744477314332,0.12592153217756563,0.12452941043256636,0.12453218257363695
2014-08-13,0.1249558697420579,0.12575024549643105,0.12653371644248104,0.12293240061180492,0.1261647588230318,0.12526156945810668,0.12447887345548428,0.12392256597060239
2014-08-14,0.12513926077464416,0.12599294671696246,0.12631293903222973,0.12318556628678111,0.1256738521402093,0.12496473857114417,0.125074715040901,0.12365598143712808
2014-08-15,0.12498164670051394,0.12647020297720027,0.12593528440401816,0.12292539690646984,0.12540957459216087,0.12401253864887309,0.12630541486609256,0.1239599409046714
2014-08-18,0.12554702178285937,0.12695679884902233,0.12727929022943396,0.12325166807733183,0.1261591965259856,0.1230264318461169,0.12457188557223783,0.12320770711701234
2014-08-19,0.12599751534844275,0.12746108733188696,0.12751467860953966,0.12334751923832002,0.12621638230928253,0.12255162855334167,0.12398563700778155,0.12292555160140495
2014-08-20,0.1264546649845886,0.12758268783838694,0.1270945304835226,0.12307658319377628,0.12690995611774572,0.1222159673885421,0.12390087248884256,0.1227647375045952
2014-08-21,0.12669365060804152,0.1277104801869958,0.12724070653211403,0.12346835953762063,0.12658389298057687,0.12077396299125562,0.12446788986030945,0.1230610573030861
2014-08-22,0.12655316344576584,0.1279611773294841,0.1273084829701834,0.12293153986340395,0.12562547417959996,0.12113261460053688,0.12521727281267916,0.12327027479834665
2014-08-25,0.1268864841300629,0.12810201284035364,0.12759504720812173,0.12342683257188825,0.12504335462075605,0.12039751004607648,0.12538225833179292,0.12316650025094807
2014-08-26,0.12672709256279374,0.12798667895556753,0.1285073204936334,0.12321020497032409,0.12504965743018787,0.12076544559415336,0.12473968049381813,0.12301391949952185
2014-08-27,0.12652267139726928,0.1278570357833399,0.12803266317268783,0.12329972948328304,0.12497921808675733,0.1205895166878556,0.1256498118917241,0.12306935349708291
2014-08-28,0.12643409774232844,0.12769643938791886,0.12735407559336837,0.12272939699988979,0.12494407188026123,0.1212361281864622,0.12628899970216856,0.12331679050760268
2014-08-29,0.12651557828330165,0.12789009315265004,0.1277868942199996,0.12240474461333975,0.1253353862616098,0.12083320714457875,0.12609623038197454,0.12313786594254583
2014-09-02,0.125,0.125,0.125,0.125,0.125,0.125,0.125,0.125
2014-09-03,0.12480851560846179,0.12414074123955456,0.12408856558449165,0.12575508147313325,0.12520052157322495,0.12539026591957905,0.12557230133189645,0.12504400726965842
2014-09-04,0.1252472247165766,0.12464468732771494,0.12422322072906128,0.12577906059371133,0.12535107630006126,0.12532206658379522,0.12465880829483086,0.12477385545424854
2014-09-05,0.12539383308701693,0.12485706572223337,0.12420693278098856,0.12538144245902275,0.12626493284627438,0.12550361398922663,0.12401046713025514,0.12438171198498217
2014-09-08,0.12543033879985993,0.125455382815189,0.12475783358790343,0.12441057470188707,0.12649909014604582,0.12449413879862269,0.1244218138021276,0.12453082734836442
2014-09-09,0.12522927544090734,0.12500696491365093,0.12386741121300453,0.12464434553198213,0.1263172590483418,0.12523159528423197,0.1249166887056292,0.12478645986225198
2014-09-10,0.12578357616110625,0.12612305246894795,0.12468106659104475,0.12544375394109114,0.12440737807501032,0.12468194302548193,0.12421060014870337,0.12466862958861424
2014-09-11,0.12606353441303758,0.12615768385321052,0.1256230589086158,0.12487967460067258,0.1246392487672263,0.123996034538705,0.12393306037544666,0.12470770454308563
2014-09-12,0.12656035813179017,0.12674924348824765,0.1255101766078009,0.12593679181567863,0.122000521678497,0.12407369440063916,0.12384175031775567,0.12532746355959087
2014-09-15,0.1268533154864389,0.12591148917795483,0.12452052554147096,0.12605554893334195,0.1217785948025889,0.12472796532929327,0.12440828426178893,0.12574427646712213
2014-09-16,0.12732476516032315,0.1265288032444661,0.12439607119293596,0.12611111210978326,0.12250508681959857,0.12445383245747108,0.12343426223954129,0.12524606677588052
2014-09-17,0.12778358881346677,0.12700537038207946,0.12500327416379992,0.1254974101418662,0.12274806088438667,0.12338022929711771,0.12339521535390541,0.1251868509633779
2014-09-18,0.12805875650083115,0.127558103526648,0.1253685890412834,0.12607212895773623,0.12128835152299548,0.1232415008303347,0.12339789328951155,0.12501467633065944
2014-09-19,0.12803713354108046,0.12757245389017122,0.1238735893283832,0.12572617098248542,0.12152572723167383,0.12260928687526235,0.12505973510377727,0.12559590304716622
2014-09-22,0.1277388306307313,0.12707272132260639,0.12279832090816548,0.12585381842567112,0.12122391614242572,0.12302300987845562,0.1258931100623054,0.12639627262963896
2014-09-23,0.12731144001272957,0.12702946499321063,0.12194192196937642,0.12509846884098907,0.12063236316628353,0.12410878705616094,0.12697509242872157,0.12690246153252832
2014-09-24,0.12802752176173066,0.12811201165114963,0.12277687744514877,0.1254574839900517,0.12004710584823537,0.12325836917728353,0.12599521304267744,0.1263254170837229
2014-09-25,0.1268475034800729,0.12629922525444645,0.1215541970752435,0.12448684550044771,0.12035148076559764,0.12448565334622232,0.128384113637227,0.12759098094074242
2014-09-26,0.12724878411746232,0.12703755247695983,0.12206500407187569,0.12441492945789659,0.12139214269828472,0.12354676404827272,0.12758814829934587,0.12670667482990236
2014-09-29,0.12712921097470598,0.1269821405670652,0.12207359404949378,0.12337100249540411,0.12133108726631908,0.12362393289547309,0.12872438993390872,0.1267646418176301
2014-09-30,0.1273182096305231,0.12768752666849606,0.12072301668961613,0.12378398677328299,0.12122476088198879,0.12326469149761642,0.1285263561624026,0.12747145169607396
2014-10-01,0.125,0.125,0.125,0.125,0.125,0.125,0.125,0.125
2014-10-02,0.1252030634206042,0.12518380105305651,0.12637985449955338,0.12384026986292171,0.12497495176376994,0.12515164072685858,0.12409314708724618,0.12517327158598957
2014-10-03,0.1262085652656089,0.12604752922214413,0.1269569338280266,0.12347537807691665,0.12538781826361875,0.12250614005856483,0.12425536531527963,0.12516226996984056
2014-10-06,0.12590127592652872,0.12561878748079527,0.12570928779088753,0.12410610378667,0.12555851613508348,0.12386704301285731,0.12417197626979402,0.12506700959738373
2014-10-07,0.12475732627145208,0.12463501849005211,0.12443681447255817,0.12278786606085987,0.12537382089528248,0.1250205226495974,0.12666012350469397,0.126328507655504
2014-10-08,0.12524520810942705,0.1253656692931626,0.12513015972300984,0.12306378955175155,0.12638600790163548,0.12452873924450107,0.1250011599535777,0.1252792662229347
2014-10-09,0.12426133730641663,0.12484823267415761,0.12324197443469123,0.12122555275570117,0.12793045644239628,0.12623290732525808,0.12597762551344305,0.12628191354793597
2014-10-10,0.12363819088464068,0.12251698079621977,0.1225307354587172,0.12017914325173745,0.1288814041675723,0.12699607849220498,0.12805172781536986,0.1272057391335378
2014-10-13,0.12189560458480254,0.12088298852603974,0.12232882923417543,0.12030458440131665,0.12931015440391028,0.12830405506733866,0.12913591497603075,0.12783786880638592
2014-10-14,0.12144885011348444,0.12026678403863363,0.12311533031626136,0.11997616792436083,0.13071815977705192,0.12771169023475562,0.1293041693088989,0.1274588482865533
2014-10-15,0.12063143459177357,0.11949489835987916,0.1243562803659156,0.1192659202737084,0.1302156746344983,0.12814703795095966,0.13032988068833254,0.12755887313493275
2014-10-16,0.12067558147764378,0.11889007899247646,0.12591028228244824,0.11829922723255522,0.1305853644102714,0.12855206336387098,0.129658919263697,0.1274284829770368
2014-10-17,0.12161960362664297,0.11998259734586159,0.12504174017792666,0.12003009337041017,0.13022763187710612,0.12779840020157235,0.12842652319737868,0.12687341020310142
2014-10-20,0.12173538663970027,0.12071958653411216,0.12541028481382477,0.1197346124769531,0.13106902909036547,0.12755230221562266,0.12777534578001998,0.1260034524494016
2014-10-21,0.12298925509585414,0.12273593645631223,0.1262858406975477,0.12003698919236412,0.13102846383171127,0.12659475127232703,0.12557308936359,0.12475567409029363
2014-10-22,0.12272131247113033,0.1227089998036922,0.12509904311071562,0.11975422776013397,0.13171378826198968,0.12650283920172223,0.12633303697936785,0.12516675241124822
2014-10-23,0.12347774660898019,0.1238828944925261,0.12662781188134814,0.12025409155389136,0.13201287436952508,0.12495540217178638,0.12453692232142853,0.12425225660051425
2014-10-24,0.12408842510945683,0.12455525888234058,0.12649866770182952,0.12058486266411178,0.1315502372384609,0.12443572768137141,0.1243217532961213,0.12396506742630786
2014-10-27,0.1238901689085695,0.12461586948596186,0.12640216759622055,0.11987986703656313,0.1324938235448003,0.12410311190806793,0.12452240845546782,0.1240925830643489
2014-10-28,0.12429803151670406,0.12547450496886559,0.1289491498962783,0.1207169166477515,0.13199824737829913,0.12314139015054405,0.12274319159062667,0.12267856785093074
2014-10-29,0.12465026960183731,0.12555517228465193,0.1292041334317228,0.12031595170384651,0.1318245597889727,0.12190755952615276,0.12355669680466336,0.12298565685815262
2014-10-30,0.12510235739335007,0.1254713270430893,0.12994405153101465,0.12084926102916403,0.13229082459854752,0.12029627957727523,0.12331807625383509,0.12272782257372404
2014-10-31,0.12578017011740278,0.12644562685927588,0.13107128696693937,0.12234951479924377,0.1331557171094436,0.1169540870814421,0.1222664676191382,0.12197712944711443
2014-11-03,0.125,0.125,0.125,0.125,0.125,0.125,0.125,0.125
2014-11-04,0.12472750821603332,0.12474322346620435,0.12458084246345277,0.12445096435132966,0.12536590505870734,0.12523980429025064,0.1255509880920212,0.1253407640620008
2014-11-05,0.12578281665825394,0.12502142345584988,0.12507269640678692,0.1249536365715225,0.12536547583912916,0.12278903301869976,0.12563935758562722,0.12537556046413065
2014-11-06,0.12644910593497619,0.12557771601919815,0.12577355011784283,0.124441152015982,0.12456558542910881,0.12304805046713808,0.12498839392647515,0.12515644608927892
2014-11-07,0.12583846698480836,0.12474397261888664,0.12524232502526841,0.12378356592357438,0.12369151346593657,0.12577978211361904,0.12569611975599715,0.12522425411190935
2014-11-10,0.1264304066333796,0.12538028551860794,0.12606010315884278,0.12452800076658288,0.12490365223269408,0.12317604223687355,0.12473478139085682,0.12478672806216241
2014-11-11,0.1262133768220551,0.12543490229029183,0.12580615543652643,0.1249399544815743,0.12408182913052314,0.12460126726181857,0.12448251482418907,0.12443999975302154
2014-11-12,0.12633825324227746,0.12591555803866925,0.12663569444508932,0.12413395256106974,0.1233974009777287,0.12425725488608677,0.12463492723230983,0.12468695861676889
2014-11-13,0.126326345587411,0.1263019727844895,0.12540840080515536,0.12457314143142238,0.1239204984637182,0.12429485234231741,0.12477668523429895,0.1243981033511872
2014-11-14,0.12594917053511487,0.12628557285664108,0.12477879258807587,0.1243474675240468,0.12250524308991774,0.12699990996499658,0.12498035900474248,0.12415348443646458
2014-11-17,0.12632663837179925,0.12620334319118062,0.1240335213920242,0.124148997251854,0.12334208320664398,0.1268324341302827,0.12496061888802384,0.12415236356819138
2014-11-18,0.12631780613957228,0.12640882583849086,0.1240267431508123,0.12477709674214069,0.1231544923897376,0.12720109996689322,0.12457855097564752,0.12353538479670549
2014-11-19,0.12694498792200903,0.1266639421183473,0.12351294299755686,0.12522424694764814,0.12285284832305063,0.12651357234142716,0.1246010969597938,0.12368636239016706
2014-11-20,0.12662737280964026,0.12668795229779617,0.12436600939100788,0.12394734391644699,0.12273644006446266,0.12728370542818127,0.12471943133776567,0.12363174475469912
2014-11-21,0.12669840728632362,0.126327611069539,0.12392233856349377,0.12442981366100532,0.12291232415466939,0.1272618144258586,0.12487379222806416,0.12357389861104622
2014-11-24,0.12655183902409733,0.12680956270098287,0.124904262622443,0.12465707504833538,0.12285953934020831,0.12645129786790765,0.1244838374819991,0.12328258591402641
2014-11-25,0.1261462751867871,0.1266880973146632,0.12468917960503573,0.12456077227597498,0.12277040089020778,0.12643319068358555,0.12520789928705187,0.12350418475669375
2014-11-26,0.12599625921568938,0.12703311902811973,0.12463336413949637,0.12457786133614768,0.12349456159346259,0.12572032589030668,0.12507940455764088,0.12346510423913674
2014-11-28,0.12626435979857029,0.12816611980095952,0.12330400644725655,0.12409956784135809,0.12432869297598871,0.1229114917831944,0.1266039385780865,0.12432182277458599
2014-12-01,0.125,0.125,0.125,0.125,0.125,0.125,0.125,0.125
2014-12-02,0.12576470166003087,0.12545771127316388,0.12645814164395341,0.1253088107295698,0.1257343651776219,0.12341351407888007,0.12374339865562532,0.1241193567811548
2014-12-03,0.12580588565041345,0.1252415607726643,0.12722682903689714,0.12471163554635141,0.12516757416844815,0.12424986738567181,0.1237893083035965,0.12380733913595716
2014-12-04,0.1256838622549915,0.1251992746829808,0.1266371205473202,0.12431960953456214,0.12551008325868684,0.12378613256328515,0.12484141252838021,0.12402250462979302
2014-12-05,0.1261392398644938,0.12545940658340973,0.12784414247298145,0.12483938483976746,0.12512239527576674,0.12247957326938365,0.12435975547171665,0.12375610222248054
2014-12-08,0.1253067401394798,0.12457690992336669,0.12625783619795455,0.1237566664277196,0.12592469319681307,0.12393485835678938,0.1258902451688502,0.12435205058902658
2014-12-09,0.12451597200183376,0.12426537924303749,0.12765264127918438,0.12239914741278582,0.12578619643887565,0.12580150203839,0.12582405073279546,0.12375511085309737
2014-12-10,0.12347110904288638,0.1232615879842137,0.1259113364771127,0.12178465936877851,0.1266383463408004,0.12653157569505777,0.12772736485304761,0.12467402023810306
2014-12-11,0.12386206119878047,0.12361162270224828,0.1261726394031233,0.12139778827839312,0.12663141479017287,0.12600282000353416,0.1280092966303559,0.12431235699339178
2014-12-12,0.12268098040002517,0.1230894096138411,0.12548004242786373,0.11985677548962743,0.12637419341139255,0.12654963915742087,0.13061927391405428,0.1253496855857749
2014-12-15,0.12309858206297038,0.12307874062657839,0.12549604554584115,0.11909094158491935,0.12602287161485784,0.12456995822142669,0.13169871701438746,0.12694414332901882
2014-12-16,0.12214326329514741,0.12113594306991815,0.1253518675342384,0.11997616137253098,0.12588190155502152,0.12521247046307166,0.13336356714734746,0.12693482556272448
2014-12-17,0.12319695893160491,0.1220130993223304,0.12782983482686042,0.1201031219252284,0.12738694001181675,0.12313161164076405,0.13073870648300323,0.12559972685839185
2014-12-18,0.12503469994197935,0.12375310133459948,0.12849040660224156,0.12107547594325523,0.12704958737882854,0.12289175760432874,0.1271827935629301,0.12452217763183697
2014-12-19,0.1252253318732698,0.12395971792729371,0.12843278657332619,0.12092274471896965,0.12664244821940931,0.12215322852856916,0.12854250066639983,0.12412124149276232
2014-12-22,0.12546620673782893,0.12393758909243861,0.12896326422621765,0.12118697747602131,0.12841676369348276,0.11947129630667615,0.1283731943147733,0.12418470815256138
2014-12-23,0.12615860602782983,0.12401323037128542,0.1296624181478914,0.12129893506011094,0.12859088767734633,0.12017116628307992,0.12635075984436095,0.12375399658809523
2014-12-24,0.12596551012673662,0.12391850859500385,0.12982547190837146,0.1216503060093829,0.12784977463597041,0.12000763003173538,0.12683181964223694,0.12395097905056249
2014-12-26,0.12566113297297862,0.12409594831298232,0.129936268927711,0.12127802100461167,0.12758205671030354,0.12151271048775773,0.1265866654735046,0.12334719611015045
2014-12-29,0.12577010995289692,0.124013319568658,0.1304240103946267,0.1203439797079099,0.1282212327608468,0.12022805087958517,0.12747236413138052,0.12352693260409603
2014-12-30,0.12527089361648247,0.12335971243539043,0.12984111697492395,0.11940126464515984,0.12830785933047129,0.12201741431585829,0.12799766991965938,0.12380406876205434
2014-12-31,0.12497506597985517,0.1230269401189914,0.13004995292085997,0.11956636152759312,0.12710658550762466,0.12122032898853129,0.12922143720551854,0.12483332775102582
2015-01-02,0.125,0.125,0.125,0.125,0.125,0.125,0.125,0.125
2015-01-05,0.12319457751852385,0.12362000403099632,0.12378302983792919,0.12249885094232875,0.12614706457300834,0.12735194620460527,0.12743112260157258,0.12597340429103565
2015-01-06,0.12213618449287982,0.12206439032333305,0.12174325715011623,0.1212125013219622,0.12750471759093018,0.12891124691533418,0.12983554623477772,0.12659215597066664
2015-01-07,0.12279268649896855,0.12277254350434168,0.12237984824830993,0.12170190371704052,0.12855339667563745,0.1272548141916667,0.1286722265294746,0.1258725806345607
2015-01-08,0.12421499834834616,0.12436486500913449,0.12370219292559075,0.12260173619843959,0.12825747516290795,0.12595207705540218,0.1261995057055821,0.12470714959459667
2015-01-09,0.12326741258067252,0.12359415752069075,0.12256179981990319,0.12205580293286435,0.12836750908209063,0.12743549327040998,0.12763119558675765,0.125086629206611
2015-01-12,0.12225118785912506,0.12225484131435363,0.12210471448842815,0.12171889726804253,0.1292941595403953,0.1287949945208433,0.12830841954579605,0.12527278546301587
2015-01-13,0.12193042493283704,0.12224182468601337,0.12222160571316242,0.12235577112298003,0.12912268035026975,0.12838476944263433,0.12833270901387547,0.12541021473822755
2015-01-14,0.121212245361672,0.12158555900632113,0.12174977183797113,0.12202601174036806,0.13025755308775688,0.1281973069026547,0.12932546632416914,0.1256460857390868
2015-01-15,0.11983201617120093,0.11973829426659018,0.11942737298823063,0.1225277137238533,0.13026570897602907,0.13112949676488928,0.1310652821180241,0.12601411499118254
2015-01-16,0.12056158138238098,0.12030400591683581,0.12053055210492944,0.12325956169664554,0.1304828605981563,0.13192136801770363,0.12849695626544752,0.12444311401790069
2015-01-20,0.12034884782414318,0.12078705527355135,0.11955765703907835,0.12320436068378723,0.12894858258483752,0.13321019657908573,0.1296982500781762,0.12424504993734041
2015-01-21,0.12093133758128528,0.12138002003723444,0.11915237255620789,0.12414813435873974,0.12883257962212546,0.1332148112416746,0.1281724655752118,0.12416827902752092
2015-01-22,0.12154131123824422,0.12242897579755935,0.12040259329669033,0.12340593114254753,0.12985428261713444,0.13298684723154913,0.12647475250451573,0.12290530617175938
2015-01-23,0.12089057789963832,0.12271550472209602,0.12033664965363057,0.12272191721833021,0.12950262853394903,0.13194195869039302,0.12825163211665663,0.1236391311653062
2015-01-26,0.1208912576555801,0.12228853788990329,0.12121486885243142,0.12411196969100342,0.13028874410076963,0.1303205223392444,0.12756340536623414,0.12332069410483355
2015-01-27,0.119696026292529,0.1195168366952194,0.12103938264370855,0.12470767184298961,0.130769128653567,0.13225584639052929,0.12819050260676693,0.12382460487469017
2015-01-28,0.11875781120118592,0.11950474087259425,0.11960086576480089,0.1234662692477324,0.13055492763655713,0.13187672686645457,0.13094425607114346,0.1252944023395315
2015-01-29,0.11961065728021535,0.120406819954669,0.12100328775780851,0.12490074665479779,0.1307468696658656,0.12877083048682272,0.12981676528668823,0.12474402291313287
2015-01-30,0.11852871479324602,0.11990027680448913,0.11876680317832089,0.12337222279589996,0.1285117798750107,0.132109742552914,0.13259165350924132,0.126218806490878
2015-02-02,0.125,0.125,0.125,0.125,0.125,0.125,0.125,0.125
2015-02-03,0.12639378016832575,0.12578935101369396,0.12682222276226068,0.12658277803214235,0.12567453868607836,0.12319773718611612,0.12195495157669975,0.12358464057468296
2015-02-04,0.12612777180941398,0.1258943056915678,0.12656879725816064,0.12575182494609896,0.1253689517029217,0.12394873847215061,0.12237216615997674,0.12396744395970952
2015-02-05,0.12667761937804634,0.1262624373320139,0.12747623094282406,0.12676014858370876,0.12615219014546153,0.12345777251384851,0.12034142152371777,0.12287217958037917
2015-02-06,0.12800561067078145,0.12716302791466041,0.12902978847245405,0.1268409387777385,0.12411350158708756,0.12186238580433313,0.11978163250185399,0.12320311427109089
2015-02-09,0.12782278413468212,0.12714423235774636,0.12839855814130474,0.12661857067906845,0.12361675845242763,0.1227815223571608,0.11995566190273842,0.12366191197487149
2015-02-10,0.1287077440306113,0.1286465393065205,0.1287425849565517,0.1273072827339841,0.12355354030148856,0.12160978700610775,0.1185623119903273,0.12287020967440881
2015-02-11,0.1290185505833843,0.1293514775195346,0.12879534359540654,0.12684985703860657,0.12341547173804088,0.12039300881694791,0.11899940155755148,0.12317688915052771
2015-02-12,0.12924383843826184,0.12983747831124706,0.12924628536797597,0.12781654607699974,0.1239149206449018,0.11972999581223895,0.1176810879744299,0.12252984737394472
2015-02-13,0.12959460360364097,0.13076925745487755,0.12983497699685237,0.1284835506091878,0.12291821079936517,0.12021488687742571,0.11631000357988974,0.12187451007876057
2015-02-17,0.13026646838144076,0.1313634893288759,0.13071057402346845,0.12924990734486697,0.12305681380035824,0.11863378714503345,0.11497193833408186,0.12174702164187429
2015-02-18,0.1297979550937394,0.13106205182455005,0.13036687542807726,0.12953773662675175,0.12374410149413577,0.11853206222327667,0.1152279017483775,0.12173131556109157
2015-02-19,0.1301113945522862,0.1321226278123334,0.1307857756288373,0.1301048661002302,0.12146449296514705,0.11849436911194608,0.11482426004510525,0.1220922137841146
2015-02-20,0.13033848521728958,0.13244339172625005,0.13058471465387314,0.13076101945708524,0.12211984623618569,0.11732148013244621,0.11467391383632983,0.12175714874054018
2015-02-23,0.12997652919538577,0.13222837176910313,0.1303682437870851,0.12995511187747041,0.12277683892989572,0.11716451576428061,0.11568221423195436,0.12184817444482501
2015-02-24,0.13019465275521877,0.1321724649603399,0.13038723247764733,0.13060576829478904,0.12021897544050844,0.11685638183644954,0.11706480888305913,0.12249971535198784
2015-02-25,0.12996699068640982,0.1317252230401195,0.13041859685411733,0.13058832498250258,0.12013952942780551,0.11719691854112889,0.11746455882051333,0.12249985764740313
2015-02-26,0.13014751083091466,0.13273472851365564,0.13123334748989676,0.13056321896259945,0.11913805768494325,0.11787426915229042,0.11615724547964285,0.12215162188605694
2015-02-27,0.12962460616258367,0.13206846448853052,0.13043988206442694,0.13054322477568,0.12000048668869862,0.11789328197192496,0.11706201970973629,0.12236803413841907
2015-03-02,0.125,0.125,0.125,0.125,0.125,0.125,0.125,0.125
2015-03-03,0.12493591300524316,0.12486585503015528,0.12470901235461096,0.12468110692635578,0.12521142079735684,0.12522300532104855,0.12499582685791703,0.12537785970731238
2015-03-04,0.12484942268678796,0.12482425101385558,0.12476284066222405,0.1246202461472991,0.12445332501203177,0.12527429170636628,0.12547779519393631,0.12573782757749888
2015-03-05,0.12482862698753903,0.12488541916978092,0.12497226905126628,0.12475255996927656,0.12465644637133565,0.12499694548988365,0.12516122051635215,0.12574651244456583
2015-03-06,0.12534142761977157,0.1257473065931801,0.1256682095796521,0.1253236067564069,0.1227391010974802,0.12382500148915981,0.12465215643044489,0.1267031904339044
2015-03-09,0.12531095488480085,0.12555919685470715,0.1256663788371708,0.1249715676587874,0.1231758779785598,0.12340518939809021,0.12525309170695456,0.12665774268092922
2015-03-10,0.1241942106666603,0.12414364706941627,0.1251438088353289,0.12316195399907531,0.12399928652562725,0.12371149280922972,0.12784409749478123,0.12780150259988104
2015-03-11,0.12377675207236685,0.12330120288979894,0.1257849153096038,0.12335092328056659,0.12397959006598303,0.12284189656935836,0.1286438878144111,0.12832083199791128
2015-03-12,0.12436640984329403,0.12313625148387661,0.12686985984472993,0.12390556099399211,0.12514702567932406,0.12184454115734986,0.1275436438997852,0.12718670709764815
2015-03-13,0.12399117680706316,0.12298518869894018,0.12681245245618888,0.12356925825440275,0.12546318598666054,0.12240308802888475,0.12755091027777174,0.12722473949008792
2015-03-16,0.12465646717112779,0.1235901864619093,0.12655075144163086,0.12397400764881047,0.12575767323418557,0.12136074085736948,0.12776288176206482,0.12634729142290171
2015-03-17,0.12423370199321458,0.12373510451754458,0.12683603622659068,0.12361111334235325,0.1256594464367621,0.12065285321101574,0.1287672625943784,0.12650448167814057
2015-03-18,0.1238202627659671,0.12305561878915017,0.12591232295779664,0.12433776115858583,0.12634169114698326,0.12115169070469879,0.12926205626366263,0.12611859621315566
2015-03-19,0.1236313194330115,0.1236138719423496,0.12653947257037917,0.12325871820556407,0.12666729685444758,0.12143462923834948,0.1289955933865637,0.12585909836933495
2015-03-20,0.12332579028901035,0.12302067054959596,0.12622435358698766,0.12457237201738322,0.12839098508750438,0.12144337604393728,0.12822369104889195,0.12479876137668934
2015-03-23,0.12298992752831733,0.1226873693676952,0.12601619520532537,0.12510127699280907,0.1281291924623284,0.1221184203094945,0.12796827608189526,0.12498934205213492
2015-03-24,0.12239644909976237,0.1223431799124827,0.12608681111097703,0.12493555696144018,0.127139785723442,0.12251535627175993,0.12930878653141728,0.1252740743887186
2015-03-25,0.1220329701742023,0.12096086307584931,0.12453440853579062,0.1258218853741422,0.12642786957102126,0.1241412309041413,0.12973701086242617,0.12634376150242677
2015-03-26,0.12230516174740833,0.12110524758519074,0.1249568891176511,0.12530423873125932,0.1263485041307238,0.12553039856114695,0.12830492813911995,0.12614463198749987
2015-03-27,0.12213394790267403,0.12114159874750507,0.12529072365918598,0.1251695794728705,0.12604867380582793,0.12461338195832967,0.12942243240828977,0.12617966204531716
2015-03-30,0.12305573475665181,0.12196755769579694,0.12640678125871269,0.12467078618265146,0.12726483754054485,0.12262841056312634,0.12818876565377246,0.12581712634874337
2015-03-31,0.1226450516243153,0.12133384247627678,0.12668819263128242,0.12340780769082255,0.12683007768347448,0.12319911375001204,0.12916402796081994,0.1267318861829966
2015-04-01,0.125,0.125,0.125,0.125,0.125,0.125,0.125,0.125
2015-04-02,0.1253341393896297,0.12496812442860375,0.12511580962649788,0.12596703918280908,0.12583426049677365,0.12453922354965673,0.12356169832882033,0.12467970499720875
2015-04-06,0.12542594173850413,0.12523951865795097,0.12491878448411135,0.12648388620451387,0.12638177649915314,0.12531106296618566,0.12213932513215726,0.12409970431742366
2015-04-07,0.1254569103393648,0.12538944116490738,0.12448063103928976,0.12667742334406404,0.12451533735734792,0.12504990286871642,0.12352069535939988,0.1249096585269098
2015-04-08,0.12556299674305813,0.12606616564678313,0.125234607252462,0.12689588505644483,0.1243930573150341,0.12404689670192906,0.12324666468131802,0.12455372660297066
2015-04-09,0.12670121314480026,0.12744448139432735,0.12536209275877414,0.12765598543111142,0.1223745844067693,0.12375672939197675,0.12221102416122367,0.12449388931101714
2015-04-10,0.12691872704522392,0.1274908850169065,0.12549509309826354,0.12743106738191395,0.12183069909304349,0.12469409843223427,0.12193512864883649,0.12420430128357786
2015-04-13,0.12668800164366437,0.12751702990455613,0.12591626045023407,0.12696741048644997,0.12183608821154919,0.12413808527199406,0.12243619475481354,0.12450092927673852
2015-04-14,0.12672525364190454,0.12694375902690555,0.12568275531506037,0.12770566688970786,0.12206779858282164,0.12318402027738218,0.12310481931345323,0.12458592695276452
2015-04-15,0.12691979992719196,0.12736199907328377,0.12619092517355657,0.1279062567770058,0.1207954239390215,0.12388451621237245,0.12263975303457093,0.12430132586299696
2015-04-16,0.12697744042888076,0.12727890514055795,0.12621442477911507,0.12834665525764338,0.1211945510792749,0.12354651719453771,0.12211963878089797,0.12432186733909224
2015-04-17,0.12618772183711316,0.1259631164043952,0.124832484889454,0.12741042211942336,0.1212789349666536,0.12482244028180609,0.12418005410666394,0.1253248253944908
2015-04-20,0.12705660390737197,0.12756714245065678,0.12577521888769325,0.12726110866690732,0.12118588876928904,0.123595893001986,0.12280957883883846,0.12474856547725723
2015-04-21,0.1266858266680341,0.12789094775360293,0.12542783802179883,0.12817598921222412,0.12118306554735042,0.12409198885417999,0.12204210125390841,0.12450224268890128
2015-04-22,0.12760506404046215,0.12888892370437416,0.12591038819644032,0.12872540587485265,0.12171716331700075,0.12271028412910387,0.12045910379551505,0.12398366694225103
2015-04-23,0.12742702158902647,0.12887055656043084,0.12598784732437476,0.12870334495685015,0.12156662933821724,0.1231227937497713,0.12050582570133375,0.12381598077999538
2015-04-24,0.12748269649939586,0.13037393554522328,0.12533293770339898,0.12920913963933373,0.12158840225542464,0.12116586471591947,0.1210295790287624,0.12381744461254171
2015-04-27,0.126879313379423,0.12996852395007039,0.12387709751908012,0.12976674651973494,0.12135629250542379,0.1235380800838655,0.12095960606709266,0.1236543399753096
2015-04-28,0.12735657697359581,0.12978459067370007,0.12463619491731401,0.12999547604050637,0.12119138934552352,0.12468165808645401,0.11936077406086273,0.12299333990204346
2015-04-29,0.1280652678948638,0.13022427696725333,0.1244800747595648,0.1301168845892801,0.11990254969840584,0.12500605607737647,0.11904383520281359,0.1231610548104419
2015-04-30,0.1282159601232369,0.12962560433332154,0.1232237807229122,0.1301986357923121,0.11929002180411202,0.12418721151446788,0.12060088932711187,0.12465789638252545
2015-05-01,0.125,0.125,0.125,0.125,0.125,0.125,0.125,0.125
2015-05-04,0.12528616497818754,0.125136617313977,0.12538107267337661,0.1248003816507553,0.12505539281780959,0.12605731121297606,0.12375165158579253,0.12453140776712535
2015-05-05,0.12506138482046053,0.12430003916140989,0.12499257407554573,0.12414380922692743,0.12353268809610696,0.12764586944269998,0.12478769787204637,0.12553593730480322
2015-05-06,0.12499635310544792,0.123889843188315,0.1258799479217001,0.12491218334881007,0.12374138471952788,0.1280396663502152,0.12309421301673702,0.12544640834924678
2015-05-07,0.12495690260577648,0.12409840151525901,0.12581559607984308,0.12396416747549434,0.12510219711524406,0.12644271428045867,0.12421336685257256,0.1254066540753517
2015-05-08,0.12529625109936887,0.12435152937630357,0.12544875649469045,0.1255240537210593,0.12554340972570507,0.1257453697996973,0.12326421202030209,0.12482641776287327
2015-05-11,0.12579669279423464,0.12496212201810056,0.12662595121531653,0.12552550493051892,0.12474508164797062,0.12636324323703219,0.12132521555110186,0.1246561886057248
2015-05-12,0.1253767119244724,0.12435326316708536,0.1263549528688857,0.12540695236801452,0.12507920559652708,0.12739850863713476,0.12159751983401852,0.12443288560386176
2015-05-13,0.1252492597090173,0.12445671269684426,0.12620248332974235,0.12618993221721408,0.12373414288845778,0.12952296490380824,0.12047788737328069,0.12416661688163529
2015-05-14,0.12532523503014947,0.12505008297808087,0.12630222694730134,0.1264623215195932,0.12489652323760526,0.12895736277181802,0.11962801915099804,0.12337822836445382
2015-05-15,0.12482961191206232,0.12442071114974572,0.1255243828877081,0.1259731276551698,0.12553737409642698,0.12869156282297373,0.12141244490378113,0.12361078457213213
2015-05-18,0.1253917190222082,0.1251396120119039,0.12712225069740665,0.12572437047920354,0.12538651571470735,0.12885967538039686,0.1195416223246594,0.1228342343695141
2015-05-19,0.12595101812861553,0.12560201404148003,0.12755764595383887,0.12584500994079714,0.12555107712782287,0.1276811580353199,0.11904923116691206,0.12276284560521368
2015-05-20,0.12574728230428225,0.12556713933903813,0.12767574175845597,0.1259705711278676,0.12532732058004947,0.12777358691647905,0.11914120543470513,0.12279715253912231
2015-05-21,0.1257648788962295,0.1258688169963604,0.1271803505543366,0.12628683546108013,0.1243911347936652,0.12699228631123974,0.12047362818643091,0.12304206880065757
2015-05-22,0.1257253060678868,0.12600506991990212,0.12689405365484155,0.12573558620770894,0.12449423362506838,0.12715731326570356,0.12077420061974066,0.12321423663914792
2015-05-26,0.12518325887080195,0.12536729764800325,0.1264986959883812,0.12428291817495259,0.12434982852041733,0.1261140368400098,0.12364022291897106,0.12456374103846272
2015-05-27,0.1254212116562175,0.12643000839815724,0.1270857432802028,0.12454931811729485,0.12462656373677927,0.12514371794511353,0.12299110181559507,0.1237523350506397
2015-05-28,0.12545887396395405,0.12632546081000465,0.1271551707332661,0.12450536751855402,0.12455581693907787,0.12546570015503125,0.1228658913489883,0.12366771853112374
2015-05-29,0.12524550515673394,0.12614260981907338,0.12696399998024072,0.1238625880933202,0.12368361489514564,0.1261238507315809,0.12369598730098005,0.1242818440229252
2015-06-01,0.125,0.125,0.125,0.125,0.125,0.125,0.125,0.125
2015-06-02,0.12521767833418038,0.12494480089864762,0.12558417000856736,0.12592676714090956,0.12418431560022579,0.12584788290451407,0.12359342376590322,0.12470096134705203
2015-06-03,0.1259043572253134,0.12567364583020257,0.12719331198254988,0.12698252546209243,0.1227466644719068,0.1252994940396277,0.12195040515405399,0.12424959583425332
2015-06-04,0.1252847252112493,0.12516083559303015,0.1263665798266503,0.12606736343834535,0.12294684607938475,0.12485972838169801,0.12397728864817262,0.12533663282146942
2015-06-05,0.12573343606115112,0.12552608799683299,0.12795518361714103,0.12522863485102667,0.12222177203117549,0.1248545482276904,0.12311682597798325,0.125363511236999
2015-06-08,0.12532225169477193,0.12461128556389661,0.12773233674113768,0.12541919469542362,0.12235358411785523,0.12558440669569315,0.12333700172636006,0.12563993876486174
2015-06-09,0.12573849690763814,0.12483504968455277,0.12778477829505702,0.125162535806581,0.12188550877260093,0.12629950147861707,0.12278456814805754,0.12550956090689558
2015-06-10,0.12624113254910635,0.12554576688899222,0.12835425589027363,0.1267836140924376,0.12177594272049183,0.126367823836074,0.1207483450086923,0.12418311901393209
2015-06-11,0.12600970827967792,0.1250955163441527,0.1280316640053634,0.12648579560359258,0.12190124429104457,0.12515627493115944,0.12266694048350632,0.12465285606150306
2015-06-12,0.1255144262112004,0.12453440877922554,0.12812559297505755,0.12595213473988257,0.1222482740906083,0.1255927494490374,0.12312734591412912,0.12490506784085909
2015-06-15,0.12525913638435948,0.12419623167978898,0.12800737239241916,0.12547417730037114,0.12186025681095607,0.12643255304568762,0.12360449576434861,0.12516577662206896
2015-06-16,0.12543514355749927,0.12437081926191725,0.12839608898311697,0.12493117098057727,0.12234668723022107,0.12546974240370715,0.12407613465334158,0.12497421292961948
2015-06-17,0.1255469202015314,0.12462335289851754,0.12811022809786982,0.12455596483780519,0.12329715766602091,0.12596521459976942,0.12302817037085081,0.1248729913276349
2015-06-18,0.12578912252286067,0.12537963368157762,0.12873707705941181,0.12462214752852867,0.12394976037586744,0.12652204129466768,0.12139803169516082,0.12360218584192523
2015-06-19,0.1252922988165499,0.12482110783352922,0.12873994330887897,0.124382143096299,0.1230578531694135,0.12636471071543762,0.12301755655229137,0.12432438650760043
2015-06-22,0.12613348836982383,0.12594018505299912,0.12983116318383203,0.12693632484209416,0.12198531813033445,0.12493757743396433,0.12069792105604295,0.12353802193090899
2015-06-23,0.12648079214413013,0.12630022901891602,0.13036942655305195,0.1275359435191389,0.12121568840036885,0.12436673310785787,0.12021893996531562,0.12351224729122062
2015-06-24,0.1259874594923253,0.12607598214904972,0.12970574548750685,0.12686817838969522,0.12096555801372731,0.12445631342125141,0.1216664533950723,0.1242743096513719
2015-06-25,0.1259551720822873,0.12617578496655332,0.12999682749440258,0.1271664018547743,0.1200730224766996,0.1246376499815756,0.12157846349122003,0.12441667765248732
2015-06-26,0.1262109587611966,0.12561679985696628,0.12992890215967548,0.12739076140839517,0.12120523323362728,0.12504779962921922,0.1204788570675528,0.12412068788336712
2015-06-29,0.12479436639122457,0.12387188627457464,0.12790838251389997,0.12470565038079652,0.1205088165918961,0.12686491905118083,0.12489896265641892,0.12644701614000836
2015-06-30,0.1251921332610556,0.12444876698398012,0.1286456066386542,0.12439116946073651,0.12059188638792143,0.12621715251791563,0.12416844600443651,0.12634483874530003
2015-07-01,0.125,0.125,0.125,0.125,0.125,0.125,0.125,0.125
2015-07-02,0.12487182262374892,0.12502103347413118,0.12406315099318478,0.12514275996240953,0.12529905008984168,0.12474071579786325,0.12539707810859602,0.1254643889502246
2015-07-06,0.12442422620050723,0.12463917302789577,0.12393130741828091,0.12252876519894958,0.125995935674973,0.12498296519767291,0.12762660056600308,0.12587102671571745
2015-07-07,0.12476770344783682,0.12451348221618654,0.12363645353057318,0.1221380932953725,0.12752132751447787,0.1230998943194722,0.12837397329189823,0.1259490723841827
2015-07-08,0.12364313012512092,0.12331143498846008,0.1227115235316658,0.12023646593049273,0.12803259285425445,0.12444156729172268,0.13050514713905373,0.1271181381392295
2015-07-09,0.1240082311243561,0.12338249627904745,0.12329476869216786,0.12235871266024069,0.12756671804000966,0.12488649206969028,0.12808003185012784,0.12642254928436014
2015-07-10,0.12463083314331817,0.12433101512091141,0.1240721333911039,0.1254231170431686,0.12766366631514967,0.12409744097748315,0.12510638949444897,0.12467540451441615
2015-07-13,0.12545557354887146,0.12596077294380337,0.1249229502992248,0.12534087069699473,0.12728537231254958,0.12300081000972135,0.12417300017420407,0.12386065001463062
2015-07-14,0.1255455674388495,0.12633169949931575,0.1251667080669678,0.12593398754189072,0.12708713769458993,0.12228135557762668,0.12413188311965086,0.12352166106110883
2015-07-15,0.12548175745836607,0.1264469021755367,0.12448042399884433,0.12544745977095495,0.12727647325161653,0.12161948394827031,0.12542515120820136,0.12382234818820967
2015-07-16,0.1257011737869188,0.12743559029275964,0.12444440787447525,0.12574314511360518,0.1275035254045664,0.12042345157518301,0.1255049820416354,0.1232437239108563
2015-07-17,0.12577073928291813,0.12927599245228122,0.12386606812690512,0.1254947300762592,0.12701304656908124,0.11917054070687427,0.12611605357808944,0.12329282920759128
2015-07-20,0.12630867324277137,0.13020727812275337,0.12365920523133747,0.12629424413687138,0.12763648517080703,0.11637052368846028,0.12605687210130612,0.12346671830569297
2015-07-21,0.12597459548868403,0.13029797129098186,0.12323732890195083,0.12609281871966244,0.1274461533814694,0.11615935509758143,0.12690550061539693,0.12388627650427317
2015-07-22,0.12591685457573404,0.12899480881940578,0.12385824151594987,0.1252944104289028,0.1281702940338879,0.11568562547268309,0.12786651126894089,0.12421325388449557
2015-07-23,0.1255900356272881,0.12890596612105348,0.12286417438933012,0.12534694247138722,0.12696101668639226,0.11551831698883043,0.12985464662221433,0.12495890109350405
2015-07-24,0.12478491022149894,0.128153099520689,0.12136938933282124,0.12446545161717613,0.12801023299331474,0.11711456284619985,0.13069736065037946,0.12540499281792056
2015-07-27,0.12447168182453516,0.12751462223953608,0.12076149298009874,0.12396083284969986,0.1286664490229891,0.11695762470856133,0.13183429581924838,0.12583300055533136
2015-07-28,0.1254454735803936,0.12804744364039558,0.12125655256448621,0.12497150216809501,0.1281814574784832,0.11662000912110672,0.13029628597554696,0.12518127547149266
2015-07-29,0.12598798642148645,0.12820532370551938,0.12128713242194501,0.12510090455841688,0.1286894819323218,0.1164903109521426,0.1294829791532097,0.12475588085495823
2015-07-30,0.12597776291548887,0.12877344627651816,0.12159653666702583,0.1249640272643464,0.12801154687769914,0.11545665579183823,0.13043912817102402,0.12478089603605949
2015-07-31,0.12523321217443345,0.12805828167651637,0.1217249104863021,0.12514848663101397,0.12845655723354127,0.11567638920837224,0.1308262504988306,0.12487591209099003
2015-08-03,0.125,0.125,0.125,0.125,0.125,0.125,0.125,0.125
2015-08-04,0.12512669522525388,0.12513574873214417,0.1250744958536375,0.12546875322006054,0.12445688512276779,0.12562460400130326,0.12437721432705517,0.1247356035177778
2015-08-05,0.12558568013734775,0.12614875240468587,0.12540799286278506,0.12617532750199148,0.1236826678194771,0.12521344647751018,0.12348952768237575,0.12429660511382677
2015-08-06,0.12495793379276067,0.12452499899732258,0.12411442096940858,0.12605528237109084,0.12425450836776143,0.12617207226135932,0.12498645493493318,0.12493432830536338
2015-08-07,0.12454597141248962,0.12419561068827875,0.12311141630113895,0.12564801084262403,0.12454150051696403,0.12631186089501795,0.1264513761440414,0.12519425319944544
2015-08-10,0.12551590360012668,0.12501732080295122,0.12393689470255236,0.12657999072041531,0.12355644265997007,0.1269969874313189,0.12429180814965998,0.12410465193300543
2015-08-11,0.12460474444225429,0.12363463257498442,0.1230926087849785,0.12486635436163343,0.1245958411131097,0.12787286882726817,0.12649029709381304,0.12484265280195844
2015-08-12,0.12466027095521796,0.12396794455412463,0.12276481353581797,0.12388129663526722,0.12489588656105592,0.12956847803166427,0.12570623140969872,0.12455507831715337
2015-08-13,0.12483074691365494,0.1240896971802733,0.12267550114576027,0.12412755381252813,0.12536460723050738,0.12883428386624704,0.12562860855181723,0.12444900129921173
2015-08-14,0.12494675201637812,0.12394501083690328,0.1231316416929593,0.12398576586295543,0.12570285115076224,0.12847403743845912,0.12558288098888726,0.12423106001269522
2015-08-17,0.12499862011525596,0.12433405141032489,0.12379094144646641,0.12311685621900015,0.1261216420229478,0.1281482178632293,0.12550133836843658,0.12398833255433883
2015-08-18,0.12514316670331116,0.12420089426312102,0.12330293231062045,0.12268842785179286,0.12698034567538205,0.12864512170731973,0.1250198051274101,0.1240193063610427
2015-08-19,0.12432257096313565,0.12355072393509929,0.12219132721527456,0.12177001586918443,0.126396874476589,0.13055182208735092,0.12642599139026162,0.12479067406310464
2015-08-20,0.12287637935138672,0.12126375465782119,0.12022601069875344,0.11994698110218487,0.12665272463638513,0.1340795430858479,0.12890905775643807,0.1260455487111827
2015-08-21,0.12089861711610357,0.11763855945830859,0.12053718659771888,0.11890115784418803,0.12609475642912088,0.13686567212988152,0.131165088802587,0.12789896162209144
2015-08-24,0.11883418842355462,0.11606801999195392,0.11885908158034962,0.11779328947914976,0.12333238677296492,0.13968388395011114,0.13455005952516513,0.13087909027675093
2015-08-25,0.1185719270027191,0.11675055474307088,0.11908614174577883,0.12006365631537234,0.12109996591806406,0.13928717259397577,0.13366921899198786,0.13147136268903117
2015-08-26,0.12130335190544601,0.1208165744535006,0.12030907260884051,0.12108304096986687,0.12253566839669969,0.13535400836924338,0.1291501484564361,0.1294481348399668
2015-08-27,0.12278932243227203,0.12236794361770968,0.12096699821683247,0.1210684211211048,0.12338462806543989,0.13377944070398298,0.12764990485442793,0.12799334098823006
2015-08-28,0.12247307436682554,0.12202353579311301,0.12184017225376349,0.12057091706094564,0.12288225499981152,0.13462955783432412,0.12769039999701864,0.1278900876941981
2015-08-31,0.12243902887038821,0.12145790086099235,0.12235236978897358,0.12061417066846382,0.12102049232104076,0.13583819282767262,0.1277059753772756,0.12857186928519312
2015-09-01,0.125,0.125,0.125,0.125,0.125,0.125,0.125,0.125
2015-09-02,0.12619077405884774,0.12733294956666277,0.12606463997667566,0.12567769250059072,0.12511914786035738,0.12318242524639532,0.12277460290118669,0.12365776788928365
2015-09-03,0.12625458302854148,0.12668120577761255,0.12583892130383847,0.1259502996302589,0.12543376388796695,0.122272080392425,0.12334740453946005,0.12422174143989649
2015-09-04,0.12541977873177942,0.1262575571665333,0.12596828863770237,0.12413159636111012,0.12416344799402111,0.12293011664815824,0.12555098853462177,0.12557822592607368
2015-09-08,0.12695874595976886,0.12818838393335233,0.12723134855273435,0.1261701165223915,0.1244567909047841,0.1214218470446408,0.12214686261015203,0.12342590447217607
2015-09-09,0.12617676167358616,0.12767485730815242,0.12668496616140013,0.12657806231195892,0.12392970387857533,0.12072826648093832,0.12363014085063255,0.1245972413347562
2015-09-10,0.12648838158362047,0.12868246080330567,0.12688603740638474,0.12703731034091087,0.12383625719508284,0.12065494115642658,0.12243247621000675,0.1239821353042621
2015-09-11,0.12645115588523592,0.12877006383184347,0.12686962892897416,0.12640410045135955,0.12559898167192374,0.1198254346609133,0.12261029850560126,0.12347033606414855
2015-09-14,0.12624495404510314,0.12864774426058018,0.1265495185130877,0.12570904832775012,0.12592924580187442,0.12014346892598556,0.12305860666817862,0.12371741345744021
2015-09-15,0.1274456955005205,0.12977922039157586,0.12759565863402186,0.12618790460233503,0.1267954483389782,0.11942796842963967,0.12034405162844362,0.12242405247448525
2015-09-16,0.1275822867689188,0.12952781789402573,0.12772721520644145,0.12715674015767298,0.12718722570536473,0.12010691093753595,0.11898722934342525,0.12172457398661515
2015-09-17,0.12661198292663087,0.1288804149084109,0.12747591904223307,0.1265368783357728,0.1279439214978879,0.12068655883058438,0.11979282182183247,0.12207150263664762
2015-09-18,0.12528768298514015,0.12780707726726093,0.1264677921356223,0.12410754229927538,0.1284901294044916,0.1223041859869652,0.12236318350839037,0.12317240641285411
2015-09-21,0.1261283134155511,0.1284040971920053,0.12643184668118101,0.12423450586155708,0.1297834547869827,0.12172905315323969,0.12055350622774895,0.12273522268173413
2015-09-22,0.12558249488286766,0.12759312587522134,0.12560791528870058,0.12233914814739816,0.1292708573038289,0.12195889049421788,0.1233011352745843,0.12434643273318129
2015-09-23,0.12536182738277812,0.12767093954782324,0.12521265489952643,0.1217442630634132,0.13006123371197384,0.12242597639300824,0.12327139245413668,0.12425171254734035
2015-09-24,0.12481617547754204,0.12711115116843472,0.12491047448927367,0.12131346670122645,0.12874610763667782,0.12490151704833442,0.12401984994418769,0.12418125753432321
2015-09-25,0.12520825329233579,0.12646214892767935,0.12368566578149237,0.12279454857411289,0.12970077985559553,0.12455498680034076,0.1233657251589411,0.12422789160950228
2015-09-28,0.12378483433552037,0.12459218701546457,0.12191527926812222,0.12207497768739078,0.12948341242337885,0.12471021612345555,0.127244022398955,0.12619507074771272
2015-09-29,0.12388430884972722,0.12397128932182297,0.12107485473412127,0.12192823410190612,0.13089208410463682,0.12423121013327332,0.12763210159946767,0.12638591715504469
2015-09-30,0.1251056972000502,0.12572987220020634,0.12189318586209438,0.12317434750578436,0.13085274955856344,0.12188070888705908,0.12609082453209433,0.12527261425414773
2015-10-01,0.125,0.125,0.125,0.125,0.125,0.125,0.125,0.125
2015-10-02,0.12525089641918424,0.12556850226892816,0.1252414075438475,0.1255107394351912,0.12430155595121495,0.12602058382123849,0.12415501339017718,0.12395130117021817
2015-10-05,0.12630083254073093,0.12618951792881083,0.12704428464676482,0.12681670782177074,0.1252298943517802,0.1246032154796656,0.12133800177501033,0.12247754545546653
2015-10-06,0.12587212952662324,0.12559543999272754,0.126173441996932,0.12696953897796662,0.12494386657109995,0.12585586267731774,0.12186526518221641,0.12272445507511652
2015-10-07,0.12603469497120312,0.12548440393474158,0.12752688068859003,0.12768465304914353,0.12551271476893533,0.12481260484613542,0.12062923479598349,0.12231481294526744
2015-10-08,0.1268269697685176,0.1256412120241161,0.12832474878740563,0.1283487913335038,0.12622468226416453,0.12383819424322604,0.11929410332720439,0.1215012982518619
2015-10-09,0.12649119658602836,0.12580072265932468,0.1281634276882066,0.1281636326239702,0.12560876275177513,0.12539335849204264,0.11921932597868387,0.12115957321996854
2015-10-12,0.12626063284716316,0.1257592220930229,0.12762151666063987,0.1275582189225976,0.12614968803954216,0.12554307284085156,0.11979413754101875,0.12131351105516389
2015-10-13,0.12612296006099186,0.12560197682715094,0.1265369390940964,0.12660676326152748,0.12582294397818228,0.1268250975398339,0.12062760321898074,0.12185571601923652
2015-10-14,0.12539166064822194,0.12527415186388705,0.12516718995032475,0.1267312413276197,0.12475639481672429,0.12890573220195872,0.12156034928391084,0.12221327990735271
2015-10-15,0.12610512157371315,0.12611991429488897,0.1269414705329361,0.12766979993544347,0.12525665676133824,0.1270953861628126,0.11981341341258216,0.12099823732628523
2015-10-16,0.1265569326556846,0.12652546757882838,0.12665503710117043,0.12744330541631205,0.1260819622764367,0.1260767952845374,0.11973704122352449,0.12092345846350594
2015-10-19,0.12643057911486777,0.1270614970823514,0.12670744883618115,0.12681723449232715,0.1276564610233619,0.12536303607187924,0.11923070201888113,0.12073304136015023
2015-10-20,0.12648694933089424,0.12662537403533747,0.12675060439900765,0.12651598342152764,0.12782955440028348,0.12637541879586064,0.11870205997242814,0.12071405564466076
2015-10-21,0.1261269282659517,0.12627795718155596,0.12524046932062363,0.12688070550975042,0.127786955083427,0.12567748807352483,0.12028605708447207,0.12172343948069426
2015-10-22,0.12714328105168435,0.12773054211016086,0.1252440406048305,0.1271857409698141,0.12778976476720014,0.12454091510390661,0.11944278054659352,0.12092293484580986
2015-10-23,0.12795445106624723,0.1307097157253324,0.125904501551504,0.1278661141806689,0.12597767968783463,0.12376557814080948,0.11788721043320241,0.11993474921440093
2015-10-26,0.12772618375590755,0.13087919096068903,0.12513044107854582,0.12747831642884228,0.12603155459344692,0.12377145233254554,0.11875197596974547,0.12023088488027732
2015-10-27,0.1277227587972458,0.13139628818724589,0.12399641231572482,0.12660618765376913,0.12622518831330073,0.12428593599151483,0.11927604578106439,0.1204911829601345
2015-10-28,0.12851433403882165,0.13181038503305942,0.12696063398069696,0.12678017803995467,0.12568809621324367,0.12265330123803292,0.11818835704819719,0.11940471440799348
2015-10-29,0.12929700577125303,0.13247984196045925,0.1264431846024528,0.12669462041210588,0.1263537830751048,0.12228974915311192,0.11708368064625581,0.11935813437925658
2015-10-30,0.12905380682981782,0.13220810338378303,0.1261718845236414,0.1267340774466687,0.1254995842498229,0.12211882787293361,0.11825533104866298,0.11995838464466951
2015-11-02,0.125,0.125,0.125,0.125,0.125,0.125,0.125,0.125
2015-11-03,0.125704062133837,0.1257781166294894,0.1259900467506737,0.12530002166570267,0.12408098285623961,0.12348232443561992,0.12431285781226324,0.12535158771617452
2015-11-04,0.12567986307100013,0.12614741003181812,0.12628493267101898,0.12496425259203892,0.12387988432582503,0.12266500749512668,0.1248113536946504,0.12556729611852183
2015-11-05,0.1256523659505596,0.1259055983054982,0.12647964180912924,0.12483743838285626,0.1244699240878305,0.12237842619519429,0.12457864351206163,0.1256979617568703
2015-11-06,0.12659270183779928,0.12700277153568468,0.12839756199018354,0.1252619768291544,0.12156614090994733,0.12156051122936715,0.12373618175671566,0.12588215391114807
2015-11-09,0.1264190485907644,0.12666262135738213,0.12790937252475312,0.12496313388263361,0.12044364702009801,0.12289042552674846,0.12402819685739375,0.1266835542402266
2015-11-10,0.12644862227730425,0.12607788181550578,0.128023983618484,0.1246219663735445,0.12157032147521024,0.12237782509306558,0.12413780202812817,0.12674159731875756
2015-11-11,0.12616227497122542,0.12613279544911704,0.12712049898980143,0.1254726070233468,0.12191472598727937,0.1221708132282255,0.12408366606900395,0.1269426182820005
2015-11-12,0.1253168877816065,0.12582605102004088,0.12560760359282666,0.12474803614237302,0.1219761299998841,0.12309392149005975,0.12559866659559102,0.12783270337761807
2015-11-13,0.12471596691728848,0.12415786819806907,0.1255115788678641,0.12450964114901583,0.12137248640494237,0.123548800486633,0.12713827639202466,0.12904538158416243
2015-11-16,0.12563039793788378,0.12496692297796352,0.12560793447144258,0.12510662448481844,0.12181740297713464,0.12276801385387597,0.1260360645301426,0.12806663876673843
2015-11-17,0.12571950279092922,0.12522548334168382,0.12530765204733932,0.12562064466122028,0.12199278471500187,0.12132067137885028,0.12642863604253435,0.12838462502244083
2015-11-18,0.12655691089303617,0.1264726094874087,0.1262741288254741,0.12561963854993283,0.12195055216273008,0.12032710164188654,0.1255446380254475,0.12725442041408402
2015-11-19,0.12606897037392906,0.1261825250369969,0.1253665355362027,0.12588242531564342,0.12195934422367224,0.12129008557369993,0.12600278339819793,0.12724733054165777
2015-11-20,0.12622485391353588,0.1267322340009072,0.12587402248498927,0.1252925268349728,0.12319070191853757,0.1204499732823064,0.12531558240357482,0.1269201051611761
2015-11-23,0.1261991827196722,0.12648621904680607,0.12661842276218582,0.1246285354264447,0.12357164096590174,0.11959300804794953,0.12581918275393894,0.12708380827710103
2015-11-24,0.12621905194809455,0.12622627214211954,0.12739553300792386,0.12450199590165972,0.12277284869800742,0.12024619732214185,0.1256602984782391,0.12697780250181384
2015-11-25,0.12598424029007582,0.12611997631882116,0.12816615336826093,0.12457554772829,0.12305863267819951,0.11947994376931616,0.12573523709203957,0.1268802687549968
2015-11-27,0.1260776325871775,0.1262456610979856,0.12859809641012554,0.12454567616035235,0.12407927442303203,0.11802118464421192,0.12555977153207937,0.1268727031450357
2015-11-30,0.12569078654063012,0.12606236884517313,0.1281783503286339,0.1245784705540061,0.12329797234995835,0.11893139693148827,0.12619516263669536,0.12706549181341464
2015-12-01,0.125,0.125,0.125,0.125,0.125,0.125,0.125,0.125
2015-12-02,0.12490685634348789,0.12541662735829198,0.12483686239950956,0.12485635392954662,0.12362339824429908,0.12423292091136777,0.12623575780875826,0.12589122300473873
2015-12-03,0.12469171890371748,0.12482628431005165,0.12426027694335579,0.1258068352232478,0.12319474753494274,0.12711681786907442,0.1243337451729613,0.12576957404264885
2015-12-04,0.125297506478956,0.12590924311553583,0.1237147969314941,0.12500649314304546,0.1237407378120566,0.12807347124471793,0.12362429954251612,0.12463345173167796
2015-12-07,0.1251112629888524,0.12591713806018603,0.12241614273803647,0.1247765059600535,0.12396412759175268,0.12699277097753073,0.1253980144589077,0.12542403722468043
2015-12-08,0.12468744606139016,0.1263505043641754,0.12214913038736497,0.12335179687797106,0.12426953087748037,0.12762971064117268,0.12588067074583187,0.12568121004461347
2015-12-09,0.12445440259508145,0.12517389764119446,0.12150289996068543,0.12352412322988959,0.1243118622816262,0.12814035551386868,0.1264954344820537,0.12639702429560046
2015-12-10,0.12475297132803496,0.12571654005190075,0.12188546621550587,0.12352250034546855,0.12340099947916768,0.12800473374861726,0.12663870440429462,0.1260780844270103
2015-12-11,0.12328302237791425,0.12377472802128785,0.12009338734390718,0.1221075572578271,0.12413341367311222,0.12970097564507674,0.1296310520241283,0.12727586365674629
2015-12-14,0.12425486536213041,0.12506439099247818,0.11957067884076227,0.12264088389915088,0.12505998937291443,0.12840114380046186,0.12831547764635365,0.12669257008574825
2015-12-15,0.12497491546029986,0.1252407061225244,0.120728089208736,0.1226778223538276,0.12583420463051892,0.1274646389214814,0.12696558915618605,0.1261140341464258
2015-12-16,0.12533547830254357,0.1256314368857328,0.12115138709568839,0.12370129438828813,0.12680589471461814,0.12751534822213695,0.1252269883058726,0.12463217208511938
2015-12-17,0.12448005742334053,0.1248593929288636,0.12088368774014946,0.1231706963821955,0.12725304203838167,0.12578857793461087,0.12772470614678275,0.12583983940567559
2015-12-18,0.12307449659671638,0.12327768450994568,0.11982706597089107,0.12268514893450298,0.12660922776098876,0.1285643444699976,0.12928639509571294,0.1266756366612445
2015-12-21,0.12337319658075459,0.12392734281409801,0.1200328352382012,0.12254187552980855,0.126371663125593,0.12921244570497645,0.12850854536765322,0.12603209563891507
2015-12-22,0.12415719367435293,0.12440576652792514,0.12080707684694843,0.12313698967024674,0.12653903696713525,0.12818957982031565,0.12723639193101507,0.12552796456206075
2015-12-23,0.12492953031193954,0.12456654475053663,0.12158644583085665,0.12443591596302693,0.12706143207277296,0.12703672032912008,0.12551057650530315,0.12487283423644413
2015-12-24,0.12449461548492562,0.1243160588018488,0.12159287994638797,0.12399907238728966,0.12682841820691937,0.1277209199475963,0.1259981357553326,0.12504989946969974
2015-12-28,0.12436561123708033,0.1244053325990979,0.12118155732317128,0.1238618070984611,0.12769072740375476,0.12691284336782663,0.12652867322567704,0.12505344774493096
2015-12-29,0.12514849111140952,0.12581488714353506,0.12195889690133215,0.12455258625270804,0.12849090516967465,0.12627671142872915,0.12388774985367165,0.12386977213893981
2015-12-30,0.1249525655585679,0.12537454811070456,0.12140230903919037,0.12449233662865655,0.12875729835726127,0.12600990908368576,0.1244523357334051,0.12455869748852852
2015-12-31,0.12448667506509843,0.1245986726184302,0.12065056422044888,0.12359757302021147,0.12844576752784753,0.12685863663975935,0.12580458447203346,0.12555752643617066
2016-01-04,0.125,0.125,0.125,0.125,0.125,0.125,0.125,0.125
2016-01-05,0.12491176175445035,0.12448446661553997,0.1249729201362558,0.12450678510314667,0.1271072701654538,0.12505236358682792,0.12419775148951483,0.12476668114881057
2016-01-06,0.12371977152137215,0.12367223334722924,0.12345142215974574,0.12283885236368731,0.12715326885421202,0.1272528225789985,0.12626297569246858,0.1256486534822865
2016-01-07,0.122347429464743,0.12138292412455018,0.1217418762408582,0.12187576406864288,0.12632367427632446,0.13075770794138136,0.12816127692413715,0.12740934695936262
2016-01-08,0.12191860854334863,0.12129702369766904,0.12054896470747095,0.12131674735870979,0.12557582522403443,0.131162234664701,0.12970781192283823,0.12847278388122785
2016-01-11,0.12226037493480682,0.12189054570923055,0.1202440368883948,0.1220453481854206,0.1265178662477858,0.13023102340937784,0.12852070292541776,0.1282901016995658
2016-01-12,0.12275842554762963,0.12281566904144668,0.12012665231384957,0.1221347519051042,0.12517537197976863,0.1290586310794095,0.12985797014262773,0.128072527990164
2016-01-13,0.12121714054628129,0.12008603106640722,0.11774634538964039,0.12176676196121718,0.12494691370653312,0.13133754467727496,0.1328036612682868,0.1300956013843591
2016-01-14,0.12278664668140775,0.12222473638411481,0.118969463045075,0.12290812530492153,0.1242265890376011,0.12876449642870427,0.1311115753225149,0.12900836779566052
2016-01-15,0.12142324746838745,0.11968540472217538,0.1182800351100218,0.11971423072461422,0.12468415937861436,0.13146698878200128,0.13456527777607402,0.1301806560381114
2016-01-19,0.12165012017388666,0.1200108912127449,0.11674771168261916,0.12088040620646964,0.12541137055191623,0.13141112216826997,0.13421992554820678,0.12966845245588673
2016-01-20,0.12059642643738744,0.12014613061272655,0.11772556711414753,0.11863373773709066,0.1225572267148438,0.13372811914866828,0.13620388294217411,0.13040890929296162
2016-01-21,0.12115913015853413,0.1201534339229297,0.11734327869112705,0.11940329722297935,0.12312215729964904,0.13375578192875692,0.13515326448541629,0.12990965629060766
2016-01-22,0.12185038070460286,0.12183816176192569,0.11846855719305432,0.12113923458539637,0.1247139961386168,0.1312024190846325,0.13268387493615544,0.1281033755956159
2016-01-25,0.12082426766246943,0.12084604816510285,0.11662655333438272,0.12032853796799194,0.12477309402333514,0.1334530625109972,0.1343105069931183,0.1288379293426025
2016-01-26,0.12104713271167628,0.12051424329959216,0.1175715739236459,0.12105200339243409,0.12590309493468596,0.13340415884452203,0.13281031878877422,0.12769747410466936
2016-01-27,0.12082065528933111,0.11858231128605272,0.11701166088061911,0.12137351411176707,0.1245918676328546,0.13512157631768285,0.13398857989387486,0.12850983458781767
2016-01-28,0.12137930023113834,0.12018650494357183,0.11692011149262527,0.12165990580920819,0.12356933634579326,0.13360083203220366,0.13410184037172115,0.12858216877373826
2016-01-29,0.12234358677920293,0.12072794972906932,0.11881808482343292,0.1218160505774008,0.12408509324707462,0.1319634421088782,0.13306901531519866,0.1271767774197426
2016-02-01,0.125,0.125,0.125,0.125,0.125,0.125,0.125,0.125
2016-02-02,0.12387468376596454,0.12341757606820909,0.123427936890655,0.12321180250736581,0.125003105162901,0.1261947938755146,0.1284885158174538,0.12638158591193618
2016-02-03,0.12435036977877394,0.1225624793755456,0.12332326622141833,0.12396999476261857,0.1255678177277587,0.12727589952389898,0.1271499517390586,0.12580022087092743
2016-02-04,0.12416098082632071,0.12217223230209594,0.12342021964165716,0.12374593843219696,0.12524538663373302,0.1284161863373337,0.12737176942811557,0.125467286398547
2016-02-05,0.12328824927231923,0.11937471346618536,0.12151188086685787,0.12333702547544763,0.1243753616536085,0.13204720856186122,0.12908311692020072,0.12698244378351958
2016-02-08,0.12237719739507984,0.11827318827865782,0.12025193976609723,0.12178981927550767,0.1215610117363819,0.13464594541250618,0.13267238245082877,0.12842851568494054
2016-02-09,0.1230493823361579,0.11854718744293158,0.12009094837113683,0.1210377932048608,0.11997267365653065,0.13508089450393146,0.13353587163618424,0.12868524884826651
2016-02-10,0.12251587961317074,0.11858895340571654,0.11973597178883862,0.12047841742102648,0.12038593781484164,0.13565433272388294,0.13424453575466194,0.12839597147786105
2016-02-11,0.12088714977029737,0.11838292738168163,0.11840227616171688,0.1186879323640172,0.11864126274380693,0.14106524169669749,0.13514554489585778,0.12878766498592473
2016-02-12,0.1226206968465909,0.11944619633548134,0.1199086319010035,0.12002419612332345,0.11926446817274337,0.13937342270178368,0.13208453452307917,0.1272778533959945
2016-02-16,0.12394612399859672,0.12141031109586516,0.12201887876045593,0.12172688820994815,0.12073378029183895,0.13433945403364322,0.12990834903250414,0.1259162145771477
2016-02-17,0.12474593236176135,0.12295277353313376,0.12272658831042901,0.12262245317898728,0.12058297191893207,0.13385624426403608,0.12785427011329786,0.12465876631942252
2016-02-18,0.12374871301459904,0.12107362973174148,0.12166198220873113,0.12151222558572776,0.12132430890523456,0.13657676771403415,0.12891979538828913,0.1251825774516428
2016-02-19,0.12360794739800081,0.12135074192955982,0.12218870369652797,0.12129586181757339,0.12193818613763348,0.13566607931719993,0.1289416717553515,0.12501080794815309
2016-02-22,0.12472034478847537,0.12265480380524145,0.12288372422986779,0.12200552251654415,0.12243718061170691,0.13253481470295247,0.1281767008628127,0.12458690848239912
2016-02-23,0.12367407308653001,0.12115398404875345,0.12228148521104762,0.12052967879866357,0.12264010970639176,0.13509788719373644,0.1292482899051504,0.12537449204972675
2016-02-24,0.12391236508437267,0.12198842419101925,0.12313455288100829,0.11978605722144425,0.12217173787406252,0.1351899617252024,0.12865248910840885,0.12516441191448188
2016-02-25,0.12426038994890959,0.12205744923602552,0.12311931226118608,0.12010602781775197,0.12352202440351924,0.13430031889431038,0.12792651652401382,0.12470796091428343
2016-02-26,0.1243234391039415,0.12224746864441227,0.12424856720026095,0.1201324577910364,0.12322973595159678,0.13375332311179491,0.12704941136463144,0.12501559683232577
2016-02-29,0.12352518037342242,0.12132184107725877,0.12387202732540241,0.11959103429862472,0.12292556558522241,0.13569493760597717,0.1277875455470438,0.12528186818704812
2016-03-01,0.125,0.125,0.125,0.125,0.125,0.125,0.125,0.125
2016-03-02,0.1248876723774232,0.12437619926418989,0.12560870932878807,0.1251877027666451,0.12522768657536473,0.125289864340655,0.12484225722222915,0.12457990812470503
2016-03-03,0.12454776805081544,0.12331989124300832,0.12608411537812883,0.12557145807873388,0.12505697286042514,0.1266108747297936,0.12446838958876566,0.12434053007032912
2016-03-04,0.12482032083104039,0.1232355705875888,0.12664386451703932,0.12635733429694468,0.12493979583120808,0.12627737189179875,0.1235388659437178,0.12418687610066213
2016-03-07,0.12471792175493726,0.12227949026721174,0.1278124646600767,0.12599634235066376,0.12506576360013735,0.12670073519935282,0.12330076091340657,0.12412652125421382
2016-03-08,0.12416814931152242,0.12206462833319628,0.12554630037878395,0.12558639519764633,0.12459981573307977,0.1269450469457168,0.12548313915653894,0.1256065249435155
2016-03-09,0.12462640629755507,0.12269715968095028,0.1260274415531689,0.12590280822234606,0.12513573659969981,0.12573576607720116,0.12456543789620565,0.12530924367287316
2016-03-10,0.12469431285548542,0.1224783667451601,0.12496863842287959,0.12566800165067368,0.12464837665600481,0.12772175551687429,0.12402246306205714,0.1257980850908649
2016-03-11,0.12547455028541507,0.12340827288402136,0.12640554275071134,0.12769875199343161,0.12620325653256123,0.12430426072652788,0.12157572010370452,0.12492964472362707
2016-03-14,0.12548773650133332,0.12378850708997975,0.1262535485139324,0.1276084143126431,0.12639411654633495,0.12287156487147133,0.1221269163351676,0.12546919582913765
2016-03-15,0.12568459556398523,0.12413850043567225,0.12468629421744896,0.12680864563602418,0.12686146342048377,0.12335930598933692,0.12263322893350066,0.12582796580354808
2016-03-16,0.12527413288458747,0.12411722412441953,0.12443635319430378,0.1267762417488231,0.1272361847692115,0.12497460341944552,0.12189058662294353,0.12529467323626547
2016-03-17,0.12533989268504703,0.12333068778905518,0.12561319495961684,0.1270133753380134,0.12828519591940268,0.12377798571357383,0.12168641261819557,0.12495325497709557
2016-03-18,0.1256757506315971,0.12337010478205623,0.126588551690158,0.12663497125270962,0.12757219053768143,0.12328421733782555,0.1217897370729046,0.12508447669506742
2016-03-21,0.12622472687657665,0.12421745707289121,0.12666019169567522,0.12680909981894184,0.12679316403283722,0.12278031437950095,0.12121142546686864,0.12530362065670828
2016-03-22,0.12615188865347365,0.1245928415829052,0.12650464479307397,0.12658326291724795,0.12678816489677028,0.1231366976430159,0.12117824775952768,0.12506425175398542
2016-03-23,0.12619629436491858,0.12443191859697139,0.1250349392701163,0.12617899421239137,0.12698488494811663,0.12119227363321428,0.12340807033805272,0.12657262463621885
2016-03-24,0.12623403832584196,0.12455913207963987,0.12550238597040983,0.125426866639605,0.12712627622378664,0.1209910416649053,0.12354740542984508,0.12661285366596628
2016-03-28,0.12599689193042454,0.12407798587387084,0.1253444941811684,0.1258722476948061,0.12795615003021096,0.12097257165526394,0.12340426372067648,0.12637539491357874
2016-03-29,0.12529943320088874,0.12422348596538867,0.12693732819920417,0.12536275194355617,0.12881375121420888,0.12140846096969123,0.12287130186624884,0.1250834866408132
2016-03-30,0.12601033806150044,0.1249882673227083,0.12711134392427134,0.1264651867991795,0.12873132081755173,0.11986468187531721,0.12173324709374005,0.1250956141057314
2016-03-31,0.12553862516428202,0.12464070088123307,0.12730038571954821,0.12505133476061997,0.12934867733029676,0.1202585484347769,0.1224350023155228,0.1254267253937203
2016-04-01,0.125,0.125,0.125,0.125,0.125,0.125,0.125,0.125
2016-04-04,0.12498492449488051,0.12491377096031413,0.12434153706374687,0.12512488611104075,0.12521116260381784,0.12455451162152703,0.12546771576386925,0.12540149138080356
2016-04-05,0.12420317470678312,0.12417585417740845,0.12339449714638427,0.12312614677362756,0.1248560883935415,0.12664951734031613,0.12731813434606765,0.12627658711587134
2016-04-06,0.12489894591788513,0.1255532061322046,0.12413110178593316,0.12447087490939922,0.12449838251012157,0.12521220218926446,0.12572839284307702,0.1255068937121148
2016-04-07,0.1238867521051216,0.12423304178663234,0.12293089598905353,0.12313481667878817,0.12420400345640889,0.1274967093531392,0.12777797332272653,0.12633580730812966
2016-04-08,0.1239124079750672,0.12383366267180654,0.12311080814193326,0.12517920108046932,0.12458470911462081,0.12698711174877772,0.1266548244944376,0.12573727477288743
2016-04-11,0.12359377839715992,0.12335149061979171,0.12269960176443945,0.12521757310611287,0.124302070319243,0.1286737794336664,0.1264632287396519,0.12569847761993472
2016-04-12,0.1241342832213453,0.12377635136221622,0.12341249289400497,0.12645761548014767,0.12458809439469971,0.12806539379545798,0.12497563483854059,0.12459013401358757
2016-04-13,0.12458380254285864,0.12455456649374512,0.1252641624867515,0.12764078680021063,0.12324089425453856,0.1258871586426868,0.12461027029505044,0.12421835848415835
2016-04-14,0.12494511382423834,0.12492112170638034,0.12546485206785543,0.12842243714437,0.12290924265151021,0.12448171435076699,0.12436647515543714,0.12448904309944159
2016-04-15,0.12444060617565,0.12424000359620783,0.12540883930964117,0.12776061812103404,0.12346654274151708,0.12497480976603077,0.12506355805143998,0.12464502223847905
2016-04-18,0.12486835937671728,0.1244573361154875,0.12590644919920596,0.1283970523772586,0.12361668007909013,0.12433926411637666,0.12407914598643588,0.12433571274942809
2016-04-19,0.12478763985825686,0.12322777034316373,0.12552899372806794,0.13012938791473044,0.12320703619794718,0.1258038886123364,0.1232230469838223,0.12409223636167509
2016-04-20,0.12539679819665608,0.12381217195877174,0.12621067208759051,0.13074936029277864,0.12159523910080959,0.12565343734597703,0.12234587641987395,0.12423644459754246
2016-04-21,0.1252932636263992,0.12439015205011326,0.12615194602578625,0.13055806737847162,0.11997266751459186,0.12670605194938656,0.12217492391428432,0.12475292754096695
2016-04-22,0.12542589883150787,0.12264247655814649,0.1275373148731726,0.13076215780340025,0.12140553277263451,0.1252151171819882,0.12199063466102622,0.12502086731812379
2016-04-25,0.12536105991679938,0.1227905984392127,0.12678495185486008,0.13026040251744153,0.12256251810115112,0.1257279125139278,0.12163362451325274,0.12487893214335466
2016-04-26,0.12533874689019084,0.12199043733741687,0.12781437414672614,0.13050501605608586,0.1228335432361387,0.12601801582480113,0.12088056859471526,0.12461929791392513
2016-04-27,0.1253334238275061,0.12075812710826035,0.12799229683137986,0.13031901727757603,0.12250206104726645,0.12611401494056088,0.12183106735248724,0.1251499916149631
2016-04-28,0.12457995144750048,0.11966771853122449,0.1269231155501182,0.12894208951158775,0.12262840570997958,0.12889503757778223,0.12271171543451817,0.12565196623728903
2016-04-29,0.12405170941009103,0.11917590866146754,0.1259290432732121,0.12854234824382343,0.12164157541556317,0.13155611067211426,0.1231688917565068,0.12593441256722168
2016-05-02,0.125,0.125,0.125,0.125,0.125,0.125,0.125,0.125
2016-05-03,0.12449060352717418,0.1244186004694637,0.12352521977459288,0.12351818511279922,0.12578002367396682,0.12529825115928922,0.12716540296747245,0.12580371331524154
2016-05-04,0.12409616503718866,0.12391791390844017,0.12280393171699082,0.12238744182615521,0.1278875176974346,0.12483576234387314,0.12817288506436372,0.12589838240555368
2016-05-05,0.12400674701808563,0.12381743826389528,0.12225156243344709,0.12206715467052248,0.12818370936720297,0.12462723522726991,0.12896192246969668,0.12608423054988005
2016-05-06,0.12397781014331793,0.1239949530799212,0.12249535694616012,0.12193376933816373,0.1290892729903891,0.1252727999433291,0.12791265405442662,0.12532338350429217
2016-05-09,0.12412068820863394,0.12438772831652578,0.12288876778472065,0.12171837007091414,0.1305495433688215,0.1227397584637613,0.1283565177940701,0.12523862599255262
2016-05-10,0.12481932004191407,0.12524369903539626,0.1232918727095512,0.12263164938385518,0.12965703223407832,0.12224823361120526,0.12750347767344372,0.12460471531055603
2016-05-11,0.12435369233964115,0.12481639227867361,0.12245776697113131,0.1222661252992365,0.12760500566260122,0.12410073757342707,0.12895236451607864,0.12544791535921054
2016-05-12,0.12467594598687423,0.12455073292676629,0.12208687874103548,0.12250481876286011,0.12863874170080314,0.12340841166963962,0.12865982801187734,0.12547464220014373
2016-05-13,0.12392642737515812,0.12443023541056096,0.12160996228044488,0.12157969436220852,0.12783826822717848,0.12430653817676111,0.13026117753135819,0.12604769663632978
2016-05-16,0.12446030977271445,0.12529380853237598,0.12247403299017079,0.12235383319202199,0.12833985544935825,0.12371392663295432,0.12842789253497464,0.12493634089542954
2016-05-17,0.12421109702647692,0.12463768546247633,0.12142459006862351,0.12236128153787384,0.12689199950650706,0.12505920063584058,0.12959529867262612,0.12581884708957555
2016-05-18,0.12498662034925248,0.12583078230443104,0.12278411067777215,0.12313220359640092,0.12564709305455093,0.12362100393650612,0.12851042941302993,0.12548775666805628
2016-05-19,0.12502127157981227,0.12564713980689618,0.12225781768620622,0.12270949509159508,0.12470926996772351,0.12384761131195683,0.12955090332945507,0.12625649122635485
2016-05-20,0.1250287443420329,0.12624123641474289,0.12353818252491897,0.12295483531554094,0.12492357233325563,0.12291323404974021,0.12884434275516188,0.12555585226460667
2016-05-23,0.12497533857485175,0.12619331914061765,0.12350879984230138,0.1226619619111637,0.1250558639740553,0.12267893320741724,0.1292523358404806,0.12567344750911244
2016-05-24,0.12570077872088561,0.12781170461990982,0.12516284103473616,0.12356505526794136,0.1257158410402718,0.11969977757591113,0.1277684776507887,0.12457552408955534
2016-05-25,0.1261478149063052,0.12831825931768825,0.125490723817316,0.12446551084912702,0.1253128601755692,0.11899058149527339,0.1268783187982131,0.12439593064050786
2016-05-26,0.1260005453376713,0.1285070420157362,0.12516493209780571,0.12462415805379078,0.12537175457939784,0.11841132687233172,0.12735005436667976,0.12457018667658655
2016-05-27,0.12632088616435536,0.1289496705536283,0.1261902908686183,0.12427907485276384,0.12582914465806447,0.11723083548589419,0.12694155689387146,0.124258540522804
2016-05-31,0.12597904365328777,0.12909158218836433,0.12652878641846613,0.12358626000301383,0.12571276085044222,0.11758222791395838,0.1271421492366623,0.12437718973580507
2016-06-01,0.125,0.125,0.125,0.125,0.125,0.125,0.125,0.125
2016-06-02,0.12499231280756179,0.12487275502455682,0.1255709317697316,0.12461303551059803,0.12525295566332584,0.12432283324023088,0.12551111819231311,0.12486405779168193
2016-06-03,0.12389482259944179,0.12356332669316798,0.12409224893471855,0.12469599358667682,0.12502817498859156,0.12703050432313848,0.12655820383902605,0.12513672503523873
2016-06-06,0.12440621891173884,0.12389381675113595,0.12530982976781055,0.1252769986560944,0.1239478600174344,0.12695172022103213,0.12549773806257766,0.12471581761217605
2016-06-07,0.12431529477614252,0.12329696076919873,0.1253857153871012,0.1259006185936571,0.12441630061143537,0.12655468565207678,0.12551340775984285,0.1246170164505454
2016-06-08,0.12403120467477016,0.12282697004999761,0.12561547941437531,0.12545742637304455,0.12452059121215939,0.12771945327746195,0.1254882930294817,0.12434058196870922
2016-06-09,0.12395346247682033,0.12271741414532794,0.1249017579375223,0.1240122575395701,0.1248915142421115,0.12852415576243162,0.12639154280325124,0.124607895092965
2016-06-10,0.12366648752467746,0.122202545965986,0.12409425341549982,0.12128006295296966,0.1252032933614866,0.12997661713238964,0.12792236863217052,0.12565437101482033
2016-06-13,0.12316972022348015,0.12163300927528714,0.12320422333751584,0.119963757247063,0.12569924796883017,0.1314250950827061,0.12897038411137432,0.1259345627537433
2016-06-14,0.12330692997790352,0.12200847276340636,0.12322935939223076,0.11841109601366366,0.12575982442412467,0.1319705247220737,0.12927289058310037,0.12604090212349692
2016-06-15,0.1227066905173992,0.12123509383201933,0.12288642460174413,0.11878695122623673,0.12650883021244583,0.13248620370035302,0.12931832943168028,0.12607147647812136
2016-06-16,0.12293682639900318,0.12146089543283982,0.12273988948296034,0.1189108794301097,0.1270800332390455,0.1309487268673626,0.1298031962506183,0.1261195528980605
2016-06-17,0.1225952054886805,0.12015102568183388,0.12233079097451403,0.12019452182764169,0.12699298418550825,0.13275445299953662,0.12911706928267855,0.12586394955960656
2016-06-20,0.12292932085268246,0.12046078376459532,0.12320432394032171,0.12272035003847627,0.12670163095157205,0.13147489293341572,0.12726502194687958,0.12524367557205685
2016-06-21,0.12343323982967896,0.12099489776468472,0.12312382335493537,0.12387272904877349,0.12734445318422444,0.1291079852465004,0.12683609917272912,0.12528677239847352
2016-06-22,0.12332359060885466,0.12079204604539322,0.12273361099161938,0.12388896547890738,0.1272450652832568,0.12926820333102057,0.1271395966303435,0.12560892163060447
2016-06-23,0.1240217950739876,0.12162517856928978,0.12416958054890812,0.1263907558416124,0.12695805195983959,0.12749037289915857,0.12477205464694513,0.1245722104602588
2016-06-24,0.12150889280856084,0.11850839665499781,0.12138892346991766,0.11741402060853648,0.12787329409899698,0.13591293698993506,0.13020123108222337,0.12719230428683176
2016-06-27,0.12007207486710468,0.11687585948715748,0.11813053464266116,0.11587381767561936,0.1287566545313767,0.13749310678910717,0.13427885976706916,0.12851909223990432
2016-06-28,0.120810169375579,0.11804217703761058,0.11855558893481694,0.11752338301857934,0.1299352772885759,0.134428555689377,0.13298722326019005,0.12771762539527126
2016-06-29,0.12164268789816615,0.11893537588212508,0.12004321945238211,0.11848478859166368,0.13019802316656343,0.13364095347304547,0.1306516056015723,0.12640334593448177
2016-06-30,0.12208408469937745,0.11912253464139044,0.12106813968449574,0.11906294695994643,0.13024809693288386,0.13298275648047841,0.12983722146234433,0.12559421913908334
2016-07-01,0.125,0.125,0.125,0.125,0.125,0.125,0.125,0.125
2016-07-05,0.12428951825230905,0.12442553412101061,0.12334563762078102,0.1227678749980077,0.12657322484715205,0.12622343221509322,0.12675742205185578,0.12561735589379067
2016-07-06,0.12465412584453814,0.12506269209233709,0.12386282728368322,0.12217031313575348,0.12563892927423959,0.12657764455845233,0.12657556653537727,0.12545790127561893
2016-07-07,0.1247887510197921,0.12564563819886734,0.12433499099207802,0.1218853759235942,0.1245558780893228,0.1263158830696718,0.12678190430018496,0.12569157840648876
2016-07-08,0.12502554155966542,0.12595552920440373,0.12560391692211806,0.12216012761373846,0.12495110032316836,0.12544844769639663,0.12608075002501834,0.12477458665549096
2016-07-11,0.12513757091767078,0.1263428436587315,0.12672274039923526,0.12362611638097523,0.1254561601813453,0.12394045773525583,0.12464685226142042,0.12412725846536558
2016-07-12,0.1260335338520993,0.12696762040905832,0.12840433899302345,0.1252892360383675,0.12542937751364655,0.12187647766106739,0.122585002680408,0.12341441285232951
2016-07-13,0.12566674644667866,0.126309130006208,0.12754579802363405,0.1248101304986384,0.12577372186871455,0.12265712770119315,0.12368614936413805,0.12355119609079515
2016-07-14,0.12654490175505267,0.12734983660118146,0.12785246513297915,0.1260633707913185,0.12482690874030787,0.12188076856400325,0.1220576664086022,0.12342408200655498
2016-07-15,0.12670527236494342,0.12747733404656172,0.1285408802867635,0.12575252268244938,0.12519474286053592,0.12172896076076167,0.12132446009940837,0.12327582689857602
2016-07-18,0.12677704612704413,0.12804968607041975,0.12848331530275847,0.12579500556481837,0.12526269384206526,0.12166303445152561,0.12095412917427932,0.12301508946708907
2016-07-19,0.12671844034876167,0.12765401778824056,0.12791131182515444,0.12487286920215988,0.12594257433883768,0.1218934668476589,0.12170399600193893,0.12330332364724784
2016-07-20,0.12704979614040554,0.12894626560589983,0.1285491063195825,0.12580280204813155,0.12576226480754932,0.11996427328628051,0.12085216611376766,0.12307332567838317
2016-07-21,0.12649788440844548,0.1285775123999861,0.12786615083614367,0.12522530504747575,0.12593988132463757,0.12172233711300494,0.12102795243480448,0.12314297643550208
2016-07-22,0.1267314285283918,0.12877223486942938,0.12847988418948866,0.1251376228926599,0.12671349967226597,0.1204965298779508,0.12091906103174899,0.12274973893806453
2016-07-25,0.12662895125054782,0.12902988747290073,0.128533234743435,0.1252231485330445,0.12672069732127444,0.11988618259003737,0.12106310953008938,0.12291478855867072
2016-07-26,0.1265216745860708,0.12900848485149058,0.1289843844632972,0.12558615587913285,0.1259332511374021,0.12023510009344669,0.1210964514032626,0.12263449758589721
2016-07-27,0.12581402105702227,0.12931478178062122,0.12876056760014226,0.12547526366064624,0.12438550858636607,0.12161793785451769,0.12204823553149603,0.12258368392918821
2016-07-28,0.1258843571143329,0.12968903474186136,0.1283546569736232,0.12526959871399893,0.12546600142647915,0.12119432778930449,0.1217501956903952,0.12239182755000479
2016-07-29,0.12526921028665813,0.1291274284808089,0.1277748406007792,0.12593191167777223,0.12623552893842419,0.12165270268296625,0.12196802743308431,0.12204034989950671
2016-08-01,0.125,0.125,0.125,0.125,0.125,0.125,0.125,0.125
2016-08-02,0.12508632542835174,0.12493655366933115,0.1241370311952702,0.12525974538458556,0.12388193869766773,0.12691589912366377,0.12459594090316392,0.12518656559796595
2016-08-03,0.12541913582133435,0.12531679801106343,0.1251121225000077,0.12479048584267718,0.12312959565833208,0.1262788651393939,0.12463540327132616,0.12531759375586526
2016-08-04,0.1252386125723212,0.1253610573647451,0.12491323382213108,0.1251969517138691,0.12232030504820965,0.12617682128927712,0.12525788844570998,0.12553512974373662
2016-08-05,0.12618588053858162,0.12648681199120115,0.12663877129773715,0.12568629043758428,0.12232691618617997,0.12384717811969392,0.12387978765022484,0.12494836377879696
2016-08-08,0.12605928987498918,0.12629450537566575,0.126525026410549,0.1258960682073731,0.12249365499534114,0.12368991034812175,0.12406261709810311,0.124978927689857
2016-08-09,0.1255536992287533,0.12600402399009206,0.12607642837904226,0.1263123814093681,0.12258993521727583,0.12362281279833724,0.12470618495370848,0.12513453402342264
2016-08-10,0.1252210500833106,0.12565874497360657,0.12514789701421775,0.12672327625694835,0.1224337218539196,0.12418076009402543,0.12516662481646343,0.12546792490750822
2016-08-11,0.1259473721696377,0.12634321120571368,0.1258905527297505,0.12777980385183174,0.12118590840285122,0.12346346415922707,0.12419352754930058,0.12519615993168748
2016-08-12,0.12563169012724398,0.12622218974410443,0.1258077142159869,0.12724575242126532,0.12149894977365852,0.12300038088587964,0.1250342863088569,0.12555903652300437
2016-08-15,0.12581981207377424,0.12658552800540468,0.12687790370070395,0.12756685248971988,0.12120998330777327,0.12325459778282705,0.12368483470411064,0.12500048793568624
2016-08-16,0.12566957956040875,0.12638798629282053,0.1263511231336824,0.1278798471455658,0.12023479885872192,0.12435546449239035,0.1238464813656474,0.12527471915076294
2016-08-17,0.1256983362961424,0.12640596481985078,0.12577175294883897,0.12762564174580343,0.12052177450177738,0.12417938747213636,0.12438379250481596,0.12541334971063484
2016-08-18,0.1256614855231241,0.126118250950759,0.126378576963235,0.12795066926978294,0.1197730401471942,0.1244530621655951,0.12426509086701872,0.12539982411329098
2016-08-19,0.12598891495160777,0.12659963923212678,0.12689340261592633,0.12751753529876117,0.11949150964326971,0.12385668727217217,0.1241180204794,0.1255342905067361
2016-08-22,0.125675414035644,0.12638728191674564,0.12687172554023604,0.12733585847290052,0.1198459967569027,0.12337069087164611,0.12485919070594055,0.12565384169998425
2016-08-23,0.1256483017673194,0.12633178780795318,0.12747300118108387,0.1275923309779842,0.1196465799118065,0.1230769828379124,0.1247150021601978,0.12551601335574256
2016-08-24,0.12564218224043505,0.1261541829174088,0.1270791788537093,0.12793820336386177,0.1197291395847152,0.12232873835141078,0.12505468813273277,0.12607368655572634
2016-08-25,0.1256470745827161,0.12604068749890987,0.1274196886342189,0.12751020345581068,0.12035683435895324,0.12231122467740786,0.12467096439000573,0.12604332240197758
2016-08-26,0.1258581933983848,0.12667505887555444,0.1276153820715581,0.12720271231466812,0.11959311132899611,0.12257287447568485,0.12438787291027242,0.1260947946248812
2016-08-29,0.1257672609414503,0.12613585261751908,0.1275582595213183,0.12687802576779403,0.12009438711977782,0.12212588198432814,0.12534277450655426,0.12609755754125807
2016-08-30,0.12589432110036974,0.12606079422396377,0.1281357441248063,0.1270420967531335,0.12018436765776705,0.12121981052303327,0.12519253746175968,0.12627032815516667
2016-08-31,0.12572038949772205,0.12611576069544508,0.12759891529103962,0.1269673379573463,0.12048248644479181,0.12115489516334443,0.12555564513043338,0.12640456981987735
2016-09-01,0.125,0.125,0.125,0.125,0.125,0.125,0.125,0.125
2016-09-02,0.12497077987028897,0.12481490997384695,0.1256104628575537,0.1258499424189425,0.12548930188745247,0.1256809487514137,0.12339521703165704,0.12418843720884469
2016-09-06,0.12453303882901814,0.12477583203173054,0.12491359721233133,0.12587279229967438,0.12563392309818122,0.12697450468051208,0.12348567262605477,0.12381063922249763
2016-09-07,0.1244013568792963,0.12472930338151059,0.12557390794652637,0.1258142087753179,0.1262639022600167,0.12641815616739968,0.12327804320870057,0.12352112138123196
2016-09-08,0.12489815957765198,0.12477951841133267,0.12611200519781535,0.12624613546464422,0.12550404301653634,0.12653904435293448,0.12249773406847954,0.12342335991060532
2016-09-09,0.1245580125590567,0.12428293352105953,0.12482722713674835,0.12648287107970857,0.12315307676475892,0.12843771767143722,0.12309788886194431,0.12516027240528632
2016-09-12,0.1253218446503732,0.12548782415357462,0.12554206770780027,0.1264874268939665,0.1236030768080502,0.12723675437042067,0.12216407332646792,0.12415693208934654
2016-09-13,0.12522678548493174,0.12608411818808143,0.12483320447011692,0.12564889282974642,0.12216455375744796,0.12813860206953656,0.122445019582637,0.12545882361750194
2016-09-14,0.12499276698600201,0.12649634881449037,0.12466741596815112,0.12528762921630457,0.12237255370011692,0.12838470335509383,0.1224445649999898,0.1253540169598514
2016-09-15,0.1256162231792736,0.12782531053676083,0.12553077844682548,0.1257462950618017,0.122226723234761,0.12692839952299967,0.12131141295753595,0.12481485706004176
2016-09-16,0.1253165531423646,0.12795409851474365,0.1255318609765555,0.12431136355733645,0.12246591065589385,0.12680265480891445,0.1224732626673475,0.12514429567684404
2016-09-19,0.12510450211423468,0.12715842062149224,0.126128821699817,0.12472525973515233,0.12334350069949765,0.12682752076266132,0.12184396848823392,0.12486800587891085
2016-09-20,0.12498652262018657,0.12727178537500142,0.1254698142837055,0.12535639391237202,0.12303457540612771,0.12682327013744396,0.12214924467959135,0.12490839358557146
2016-09-21,0.12492684491279195,0.12703289087592295,0.12581234403195543,0.1260769718242618,0.12317085724692808,0.12718182245209952,0.1217096393558971,0.12408862930014315
2016-09-22,0.12461011654459837,0.12691911957749852,0.12649882891413766,0.12623728222965808,0.12427161493171013,0.12636213221902176,0.12159978961942494,0.12350111596395064
2016-09-23,0.12432407818983227,0.12651289370147856,0.12600526450291794,0.12558179797054045,0.1250508327340255,0.12684614243463385,0.12187326009166145,0.12380573037491001
2016-09-26,0.12372740960878548,0.1258721764087198,0.12516942462456687,0.12483053939908242,0.12576482631556296,0.1271688387417673,0.1230566230582706,0.12441016184324456
2016-09-27,0.12423929795808743,0.12685491649671068,0.1254186394361285,0.1251677462941741,0.12417659213830973,0.1259818003143993,0.12370420542780577,0.12445680193438459
2016-09-28,0.1244678368754697,0.1266740240722885,0.1259886992470381,0.1256670813801838,0.12480572145458564,0.12519344137606345,0.12305288301214762,0.1241503125822232
2016-09-29,0.12421119640779063,0.12664272016419909,0.1250247905745484,0.12497661162389877,0.12401003200026739,0.12592611526995479,0.1242337399909186,0.12497479396842222
2016-09-30,0.12494584614476974,0.12738177534190195,0.12619384990491517,0.12575247697830066,0.12295868296851051,0.1252933514167751,0.12292405443677355,0.12454996280805344
2016-10-03,0.125,0.125,0.125,0.125,0.125,0.125,0.125,0.125
2016-10-04,0.12556188802907192,0.1260136007427966,0.12558349973635793,0.1261838347466819,0.12448535409121304,0.12182452665923225,0.12472932602939286,0.12561796996525346
2016-10-05,0.1262635096785924,0.1266071385068908,0.12648400150924097,0.1268441429613653,0.12210600094570988,0.12177398837279622,0.1242918381019514,0.12562937992345308
2016-10-06,0.1266758312133186,0.12686817219219065,0.12667583121331863,0.12648246664290388,0.12246424981914264,0.12095459993427828,0.1239165406379052,0.12596230834694203
2016-10-07,0.12650881861898944,0.12685848876456282,0.12592919310055994,0.1261046017349319,0.1225148291055623,0.1212918347851649,0.12426255689109078,0.12652967699913806
2016-10-10,0.12668783854846272,0.1271798333132204,0.12695536712324315,0.12599326448393164,0.12281021227577832,0.12125795686074066,0.12306333804302626,0.1260521893515969
2016-10-11,0.1263494691149522,0.12663082965476008,0.12589404176124533,0.12546617331645188,0.12284840100594448,0.12185924407712766,0.12402452086309564,0.1269273202064227
2016-10-12,0.12631746798844803,0.1263252957577702,0.12559420942698013,0.12498885435106655,0.12406473895224268,0.12186209254584361,0.12395186027189885,0.12689548070574988
2016-10-13,0.12594579769669406,0.12591551809704463,0.12459549729468072,0.12455466766685469,0.12508048516875436,0.12219808787208924,0.12445959959246346,0.12725034661141887
2016-10-14,0.12647210276916276,0.12652762571380377,0.12454482426578033,0.1252277263280231,0.12498174946685091,0.12196077337879668,0.12316483283982968,0.1271203652377528
2016-10-17,0.12596955062223583,0.1261185009965845,0.12433744606379074,0.12479576633132448,0.12518951113052942,0.12222621810021896,0.12388872144551372,0.12747428530980226
2016-10-18,0.1259860917294205,0.12646600779172412,0.12428874806803317,0.12526494276321998,0.12521879518149961,0.12223264046695724,0.123533676605516,0.12700909739362937
2016-10-19,0.1260156241119033,0.12614846460751852,0.12450986665435675,0.12530533147755996,0.12518330940848427,0.12263476328601468,0.12333596397949177,0.12686667647467073
2016-10-20,0.12592264108109288,0.12614113535154747,0.12428132976589633,0.12564096874253652,0.12504132830684073,0.12239838382291655,0.1236055251566426,0.12696868777252693
2016-10-21,0.1259720072051278,0.12660307873755233,0.12421035482435935,0.12535141734166907,0.1245692650326709,0.12248036548715067,0.12378182112154688,0.12703169024992295
2016-10-24,0.12626352343372663,0.1278773237965591,0.12475904556516103,0.12508792757938222,0.1246117745618608,0.1219707604915266,0.12300539964586137,0.12642424492592233
2016-10-25,0.12595620195941554,0.12758817537863457,0.12394110836347036,0.12511688932391216,0.12450274454512492,0.12300443612252344,0.12344319887506894,0.1264472454318501
2016-10-26,0.12653669494500633,0.12756118933171104,0.12352480213086255,0.12538315407740594,0.12369237691992334,0.12312675920928236,0.1234212017930461,0.12675382159276233
2016-10-27,0.12714260937454314,0.1279285542472224,0.12302420623325175,0.12616768354678254,0.12135111644312885,0.12427311348563667,0.12298918756413016,0.12712352910530447
2016-10-28,0.12690811762926912,0.1272668600713359,0.12281785904669311,0.1262645541455451,0.12177390292737607,0.12499760534163958,0.12285317241189862,0.12711792842624245
2016-10-31,0.12645091094063904,0.1266832521232234,0.12285691235147392,0.1258690256224512,0.12330512831861051,0.12491016691776988,0.12315537495473568,0.1267692287710963
2016-11-01,0.125,0.125,0.125,0.125,0.125,0.125,0.125,0.125
2016-11-02,0.12479211651509318,0.12454215094702868,0.12394954540719355,0.1246972103969753,0.12371108585385275,0.12647860732308006,0.12609404671143437,0.12573523684534213
2016-11-03,0.12472293042125986,0.12381862130783396,0.1238473681159378,0.12506978074951583,0.1232496446747346,0.1276676179831524,0.1256317617257016,0.125992275021864
2016-11-04,0.12438740571483217,0.12318814497800372,0.12444606725519507,0.1236684953309873,0.12402922386580267,0.12755686249742643,0.12655589473237086,0.12616790562538163
2016-11-07,0.12598037459273517,0.12497331997272434,0.12633511595352157,0.12423895859071389,0.12505854435332378,0.12412615459616776,0.12434429411715342,0.12494323782366
2016-11-08,0.12636917526906766,0.12561210552208266,0.12648664319859512,0.12440973676496443,0.1255360882863586,0.12343343907406847,0.12366495614319027,0.12448785574167283
2016-11-09,0.1281107129833301,0.12658831354972935,0.13079097553637342,0.12490960538920702,0.12402537086018703,0.12374032096976299,0.11879015839774798,0.12304454231366214
2016-11-10,0.1291742242816203,0.1252652409980974,0.13365255548300886,0.12528381752065354,0.12265408649979771,0.12260383727715232,0.11771339712492777,0.12365284081474195
2016-11-11,0.12901912752709402,0.12545807067779052,0.1368741389207638,0.12465769964349757,0.12352905721463966,0.12002337816435635,0.11718112198307272,0.12325740586878543
2016-11-14,0.12903621403341883,0.12410944579430976,0.1387072369316442,0.12389941127397543,0.12637197883068146,0.11893098945179713,0.11640410533486732,0.12254061834930582
2016-11-15,0.12944286411153197,0.1252501854436719,0.1384946964526491,0.12387099359790679,0.1247405038876654,0.11941187201494763,0.1164399935758626,0.12234889091576462
2016-11-16,0.129239037328185,0.1260320849389808,0.13852610273996294,0.12260409436107002,0.12441848167398788,0.11909120319147329,0.11752636606024733,0.12256262970609286
2016-11-17,0.1300411794659473,0.12708309199921702,0.1394866524634593,0.12367005547292356,0.12328142377176407,0.11860494266637672,0.11591985087797811,0.12191280328233382
2016-11-18,0.13015091082587768,0.12699921406927056,0.14065832368768796,0.12269837358600727,0.12402356241379102,0.1179266252586823,0.11594205731442996,0.12160093284425327
2016-11-21,0.13054850623319036,0.12774724137763932,0.14068274030154157,0.12319409658448478,0.12309463932894656,0.11783877451444535,0.11571116331175556,0.12118283834799656
2016-11-22,0.13020175919289007,0.12754571179514856,0.1413124708602839,0.12293024236045895,0.12467743148431705,0.11725607545225998,0.1151408640955407,0.1209354447591009
2016-11-23,0.13076144302608822,0.12750749072439396,0.14272924926687533,0.12295718804837487,0.12461376386921348,0.11536332982841167,0.11512441488582688,0.1209431203508155
2016-11-25,0.13098749011581295,0.12766345374857835,0.14291573675416955,0.12308226004867909,0.12508473921541494,0.11448431240657513,0.11506790694817208,0.120714100762598
2016-11-28,0.1304020569079927,0.12740217759831027,0.14109292252838315,0.12245982050491332,0.12569043364390878,0.11572035493444333,0.11594184617273023,0.1212903877093183
2016-11-29,0.13030265851599163,0.12749675335613564,0.14063644135441816,0.12290655672024388,0.1265483948739273,0.11486955135167307,0.11611244942557357,0.1211271944020368
2016-11-30,0.13103849819975533,0.12696906852936418,0.14107405020292874,0.12376713891574724,0.1261101742076637,0.11424216912527126,0.11515281631670142,0.1216460845025682
2016-12-01,0.125,0.125,0.125,0.125,0.125,0.125,0.125,0.125
2016-12-02,0.12456921427014345,0.12475486854909144,0.12444031828691897,0.12481494838050548,0.1257486331758958,0.12517658299423834,0.12541917458863028,0.1250762597545763
2016-12-05,0.12463467507268798,0.12504000266324897,0.12588933544319122,0.12536046806138199,0.12598561439404454,0.12382820980897158,0.12460003364394014,0.12466166091253365
2016-12-06,0.12459382746477353,0.12490354706877779,0.12680744894883192,0.12577437152210036,0.12635668532888683,0.12327505552681263,0.12407232332326759,0.12421674081654932
2016-12-07,0.12486631140090704,0.12512513080452503,0.12666485784732126,0.1262777291706703,0.12749454879303457,0.1223872744871081,0.12378690620703765,0.12339724128939603
2016-12-08,0.12504173215616146,0.12521653303606342,0.12852543666544805,0.12603840965973637,0.12823930911829864,0.12197553384958575,0.12219954772431287,0.12276349779039347
2016-12-09,0.12590828059235018,0.12631027460233388,0.12889071158989504,0.12668925905377576,0.12821402501030207,0.120803166396835,0.12078619159795718,0.12239809115655091
2016-12-12,0.12591729793351164,0.12589303181682443,0.12768589281188414,0.12628225135143153,0.1292190952759128,0.12141078278836874,0.12116009726272516,0.12243155075934156
2016-12-13,0.12624793289056438,0.12696784249116597,0.1271817335295956,0.12712992688239835,0.1286379941517052,0.12051886585608071,0.12110339623612781,0.12221230796236207
2016-12-14,0.12665945566328596,0.1281753043663669,0.1270507210104724,0.12671234194319497,0.12728694475452468,0.12012982704074553,0.12114056499431662,0.122844840227093
2016-12-15,0.12721954698933455,0.1284168524704715,0.12803902313827872,0.1264677357860236,0.126579283700578,0.11852105847450542,0.12178937364168223,0.12296712579912594
2016-12-16,0.12678913681026546,0.1277578267483916,0.1276211181019136,0.12637383594255933,0.12829242699939794,0.11913438404957911,0.12133547398166084,0.12269579736623211
2016-12-19,0.12639326549377297,0.12760286693516856,0.12777759653219953,0.12551091284080215,0.12898848330377446,0.11909662951307279,0.12199208170857259,0.12263816367263687
2016-12-20,0.1267253921400809,0.12793475207324953,0.128703207964856,0.12578915261019155,0.12912352521403506,0.11807440283177395,0.12123544628202691,0.1224141208837862
2016-12-21,0.1266540485951997,0.12812376082479146,0.12814814815610487,0.12610411276887165,0.12744762015937502,0.11840308094646078,0.12204166453642572,0.1230775640127708
2016-12-22,0.12677473662629685,0.12810520064459419,0.12738430354603245,0.12615761024404554,0.12757615728856236,0.11843479728824202,0.12215055732956932,0.12341663703265734
2016-12-23,0.1266533120314487,0.12788049811044602,0.12775236054583092,0.1261806714525967,0.12759912541780935,0.11852173998474029,0.12210340243461555,0.1233088900225125
2016-12-27,0.12674723182340414,0.12831706660257408,0.12810252380347903,0.12580887510757444,0.12764572200838323,0.11900672563828897,0.12149910665110598,0.12287274836519009
2016-12-28,0.12607027651506483,0.12769406057659036,0.1271639027373221,0.12569785714244164,0.12724740656032796,0.11968736137813589,0.12274789408641128,0.12369124100370604
2016-12-29,0.12550554371363576,0.12697005365653258,0.1267348015224215,0.12546799936758996,0.1282796539856606,0.1207433129940054,0.1226584311453189,0.12364020361483527
2016-12-30,0.12511709479538013,0.12573605376161046,0.126318907023116,0.12597492426324178,0.1299738408719555,0.12006626324046656,0.12291296726072298,0.12389994878350659
2017-01-03,0.125,0.125,0.125,0.125,0.125,0.125,0.125,0.125
2017-01-04,0.12473292489225483,0.12466951657669521,0.12606308615976472,0.12540403378832024,0.12580725628886824,0.1244330133707195,0.1244719530335105,0.12441821588986678
2017-01-05,0.12399302351235743,0.12473022134358926,0.12396760469101102,0.12582106035181792,0.1255626864445396,0.12571388138646447,0.12577040101218312,0.1244411212580371
2017-01-06,0.12469367075406827,0.12608396108099204,0.12376759228655085,0.12565533890285982,0.1258369688066348,0.12504479436114088,0.12487296934541052,0.12404470446234282
2017-01-09,0.12426487009973401,0.12648010983680005,0.12293881081310364,0.12544650986989617,0.12468511802346341,0.12605683751284363,0.12585781925090456,0.12426992459325459
2017-01-10,0.12416582314271188,0.12665823244270508,0.12401635463465625,0.1253677952934955,0.12352679470680693,0.12649296895166906,0.125674882729707,0.12409714809824834
2017-01-11,0.12429142764654587,0.1267693479950292,0.12401027691310204,0.12579873110970125,0.12254391011138237,0.1266546083820413,0.12586992840938002,0.12406176943281791
2017-01-12,0.12403872435716869,0.12663390310910672,0.12311395437124463,0.12604997757687422,0.1232281074151131,0.1271729004610596,0.12565181537736014,0.12411061733207283
2017-01-13,0.12415175553437817,0.12689179095500216,0.12383455904789553,0.1263423395895619,0.12287946463358196,0.12733174353614,0.12488115556922022,0.12368719113422012
2017-01-17,0.12350967440359015,0.12630129248736027,0.12195123140326501,0.12566768681670387,0.12362656958952244,0.12894650972482716,0.12597978996045786,0.12401724561427323
2017-01-18,0.124123296230935,0.12690674227084373,0.1226872051983387,0.12565272473094025,0.12417531391111879,0.12820762715486242,0.12470854562990318,0.123538544873058
2017-01-19,0.1242217449476145,0.1274174936215382,0.12223571990014409,0.12590014547800887,0.12346444255591213,0.1286742779553403,0.12441231148198328,0.12367386405945864
2017-01-20,0.1242709923352617,0.1272801971858357,0.12246505842154438,0.12621155406517234,0.12395584535726811,0.128566962608668,0.12375840413278374,0.12349098589346591
2017-01-23,0.12354417467916724,0.12696881776327473,0.12155796871018767,0.12611844395668317,0.12459256093723159,0.12897270676778227,0.12458972451622295,0.12365560266945035
2017-01-24,0.12408127708130381,0.12756105057660067,0.12316616332300702,0.1261768607342171,0.12436669821011043,0.1281301771472653,0.12348228476983539,0.12303548815766026
2017-01-25,0.1250382588496239,0.1287245869565298,0.1242097885185307,0.12736825988116351,0.12343551918036817,0.12695538823119698,0.12181845623084231,0.1224497421517447
2017-01-26,0.12514022759364063,0.1290981053505228,0.12394231393722516,0.12709777431567906,0.12342799390707394,0.12601256848009096,0.1224563688814444,0.12282464753432304
2017-01-27,0.12506207416097098,0.1294672632075992,0.12363299655503861,0.1270062956245783,0.12234128477307538,0.12638797556879822,0.1230143427467309,0.12308776736320849
2017-01-30,0.12494832553785953,0.12914277692900608,0.12255737240766074,0.12676711330182744,0.12215634750337089,0.12759842305399752,0.12329732303513206,0.12353231823114583
2017-01-31,0.12437646675967708,0.12830550851350772,0.12286117182625547,0.12638876407396407,0.12248527873813768,0.12878658621256342,0.12359799683934206,0.12319822703655252
2017-02-01,0.125,0.125,0.125,0.125,0.125,0.125,0.125,0.125
2017-02-02,0.12484704306994426,0.12465541470288966,0.12445096552908258,0.12482734922662547,0.12625192280334763,0.12545795725859712,0.12471252362484873,0.12479682378466463
2017-02-03,0.12511816312110968,0.12442736707458604,0.12576026560513723,0.1247398560260344,0.12634662369587396,0.1251823306887899,0.12407559787016495,0.12434979591830389
2017-02-06,0.12480600845979573,0.12448758589642171,0.1247254163196873,0.12376023109309511,0.12604367834267105,0.12678482415653813,0.12473781038206695,0.12465444534972403
2017-02-07,0.12478478935878988,0.12491597296452803,0.12414796761590992,0.12360944927918112,0.12557461698815336,0.12649925441321416,0.12562782102085704,0.12484012835936643
2017-02-08,0.12441596503010617,0.12459058838297592,0.12339965305155368,0.12328913280605798,0.1260262874636982,0.126743120200233,0.12679372948724993,0.12474152357812508
2017-02-09,0.12505114642167292,0.12494082095343793,0.12503345162444648,0.12370318295818779,0.12622605718831845,0.12567457260066506,0.125228114790411,0.12414265346286027
2017-02-10,0.12513564384279974,0.12494581449592244,0.12557294126049323,0.12358792377896986,0.12670682225281607,0.1255962669930566,0.12474790758883073,0.12370667978711124
2017-02-13,0.12569684156732897,0.12553230593141795,0.125780625960946,0.12396286791841611,0.1266313600304777,0.12462297230986777,0.12423683096855198,0.12353619531299351
2017-02-14,0.12626983891779664,0.12602436872907552,0.12626986021528444,0.12384754838125772,0.12603750098966215,0.12483170620195347,0.12340821961836626,0.1233109569466039
2017-02-15,0.12666285039673572,0.1265037010071744,0.12675875320085636,0.12405930123788991,0.12535094261221194,0.12512390054696965,0.1225826596409363,0.12295789135722571
2017-02-16,0.1262756628262563,0.1261854307355373,0.12612559427216577,0.12407183447119076,0.12581157552752892,0.12551739833337106,0.12298035762397756,0.12303214620997228
2017-02-17,0.12632353553870662,0.12658067244860183,0.12589339902403582,0.12359662158259428,0.12590163075823507,0.1249426545923596,0.1235624931141893,0.1231989929412775
2017-02-21,0.12653292202824606,0.12666131107521886,0.1263377340941065,0.12347545513402969,0.12696504429309421,0.12448290000379128,0.12281988548979139,0.12272474788172212
2017-02-22,0.1264931858075941,0.12678263906373868,0.12585128546116303,0.12354637329850991,0.126618757367894,0.12472364655763546,0.12309503643535127,0.12288907600811362
2017-02-23,0.12638226810215572,0.12611044522468604,0.12490868899829248,0.12361869518758796,0.12707995388948737,0.12561779541680684,0.12327164483643273,0.1230105083445508
2017-02-24,0.1261876806118745,0.12599852182193527,0.12446854645570934,0.12238032570708426,0.12731979535943322,0.12606587869345698,0.12429099844493069,0.12328825290557582
2017-02-27,0.12629893228873393,0.1260674559716431,0.1255949280246556,0.12237807734940705,0.12790356800319144,0.12536965826731206,0.12347346646805565,0.12291391362700109
2017-02-28,0.12634586641151202,0.12606780765618286,0.12403797618961107,0.12257204193318269,0.12741573057927189,0.12587181793397376,0.12431312190586474,0.12337563739040086
2017-03-01,0.125,0.125,0.125,0.125,0.125,0.125,0.125,0.125
2017-03-02,0.1250306160587917,0.12519114188701333,0.12437969175692883,0.12499745324718711,0.1251419963245834,0.12425887785186598,0.1253699869225066,0.12563023595112305
2017-03-03,0.12500249714119788,0.12531384147525218,0.1241839301150227,0.12563307377310232,0.12454711047866147,0.12407890344002681,0.12558923693742696,0.1256514066393096
2017-03-06,0.12514497026342994,0.12555284643520292,0.12384238757863963,0.12575853695529488,0.12449711408172501,0.12375372214029585,0.12550559859655014,0.1259448239488617
2017-03-07,0.12532550546888632,0.12589840954076478,0.1235796380071298,0.1258805541086419,0.1244535521319494,0.12330247470999373,0.1256811281084931,0.12587873792414103
2017-03-08,0.12577363140926312,0.1268067171415238,0.12343470984486601,0.1261056007284464,0.12282111751597012,0.12320256681874121,0.1256821573573807,0.1261734991838086
2017-03-09,0.12642822306334667,0.12740255026704803,0.12342761491844519,0.12708418338058713,0.12145190772438981,0.12305268010831595,0.12516922642652276,0.1259836141113444
2017-03-10,0.12646104007310965,0.12752448166879837,0.12357386010490339,0.12774042324105836,0.12068408973640525,0.12292270820661219,0.12520239253991086,0.12589100442920195
2017-03-13,0.12648114423307785,0.12769384418533805,0.12382189775789972,0.12836555687723333,0.12094237361247318,0.12290161036345876,0.12436917542869208,0.1254243975418271
2017-03-14,0.12629470147317792,0.1276841832789096,0.12352235487187446,0.1276833299923607,0.12119792404623576,0.12252619675583325,0.125261988648879,0.12582932093272936
2017-03-15,0.12575616204928164,0.12682660840636198,0.12382842641474812,0.12784878245736736,0.12206571402623236,0.12321463506860102,0.12516829991170575,0.1252913716657018
2017-03-16,0.12552088516799045,0.1267524217349417,0.12400217618885719,0.12848205330903517,0.12183984806970144,0.12373527653452125,0.12454652253959729,0.12512081645535553
2017-03-17,0.1249914073275791,0.12639567362403983,0.12418965523919616,0.12849553587428633,0.12210219221129734,0.12370503155475765,0.1250191327063539,0.12510137146248979
2017-03-20,0.12479884127423221,0.12645464269278517,0.12359659571444082,0.12817016814165227,0.12194434595440927,0.12419970616480366,0.1255008520632277,0.12533484799444894
2017-03-21,0.12389997464800526,0.12524703173687254,0.12079491883481583,0.1283208477255251,0.12210464666068374,0.1260037664475803,0.12726613879097207,0.1263626751555451
2017-03-22,0.12391136992730094,0.12581164041700482,0.12054942394558117,0.1280521301982929,0.12176194181267883,0.1260271056593899,0.1274864441524846,0.1263999438872669
2017-03-23,0.12365499758098274,0.12536807021314772,0.12112947882624105,0.12821331773066463,0.12253668248976843,0.12573114629831936,0.1271789736964837,0.12618733316439246
2017-03-24,0.12340985084510112,0.12546980682394954,0.12106454214995578,0.1284034507745166,0.12224825959337224,0.12577417250416548,0.1274726341987039,0.12615728311023539
2017-03-27,0.1231498782203925,0.12553561532310145,0.12115842703369223,0.1285948171701122,0.12101241671854292,0.12634633177727295,0.12791405278320758,0.1262884609736782
2017-03-28,0.12378477347139441,0.12603720381700853,0.12184542761924567,0.12894191428424415,0.12127848083034266,0.12556342559304215,0.1267933228275713,0.12575545155715112
2017-03-29,0.12349943270460617,0.12621130270587472,0.12184451949999107,0.12852449260426146,0.12156819797249416,0.12546184382441122,0.12713725258066935,0.12575295810769183
2017-03-30,0.12401240991682956,0.12654350225990282,0.12288443461325402,0.128196649578883,0.12190849459656361,0.12467807169860855,0.12623231984322808,0.12554411749273042
2017-03-31,0.12358494741746047,0.12631568853471783,0.12294332747600817,0.12786808131301264,0.12249850802732759,0.12480099902728466,0.1264574037528923,0.12553104445129634
2017-04-03,0.125,0.125,0.125,0.125,0.125,0.125,0.125,0.125
2017-04-04,0.1251588586222483,0.1252776462847951,0.12493201528844697,0.12503889232788845,0.12507910779944878,0.12536207297750226,0.12440057239456713,0.124750834305103
2017-04-05,0.12506717454731237,0.12504745255667038,0.12379350272746661,0.12465471978154355,0.12554169019107178,0.1256437391418119,0.1250613197387672,0.12519040131535614
2017-04-06,0.12520278433658844,0.12489833638114098,0.12473026214300084,0.1244601968621163,0.12599030746236217,0.12496600545292999,0.12466081267538316,0.1250912946864781
2017-04-07,0.12515846442459977,0.12491529178294836,0.12475813248005811,0.12446258433913242,0.1262556716307319,0.12534306477276477,0.1242396053894041,0.12486718518036057
2017-04-10,0.12500139110916808,0.12473153107114379,0.12480307089325085,0.12409173167562951,0.1268068527111654,0.12511125975068055,0.1245850545386364,0.12486910825032542
2017-04-11,0.1241896626902417,0.12353348346685955,0.12512748155608147,0.1240124954753185,0.12700410784760693,0.12624912410824177,0.12509871597446223,0.12478492888118776
2017-04-12,0.12378258028070742,0.12317182999644874,0.12356428879405158,0.12404993334724933,0.12691955679653324,0.1272546972400271,0.12592282144305572,0.1253342921019269
2017-04-13,0.12327232899000255,0.12297558887779239,0.12264867871288955,0.12354383658855522,0.12693650877988857,0.12816494942504147,0.12661323519763024,0.12584487342819992
2017-04-17,0.12376543448548898,0.12339680670539037,0.1234909892643315,0.12370729284093682,0.12785404116643287,0.12717303763478496,0.12561553255758698,0.12499686534504749
2017-04-18,0.1231204773194641,0.12293394822056125,0.12324249027636502,0.12287330086036538,0.12791248704400598,0.12749107638089813,0.12697434853007641,0.12545187136826372
2017-04-19,0.1231997353470124,0.12343679486588376,0.12397803822121753,0.12267964587368105,0.12805063360961888,0.1266738444913481,0.1265959945950294,0.12538531299620884
2017-04-20,0.12368561673190413,0.12395143277549378,0.12503506594288896,0.12314346441054837,0.1275326833321335,0.12638503560603948,0.12558119629660866,0.12468550490438317
2017-04-21,0.12338086030943328,0.12401324907852995,0.12484370436668508,0.1233123839761171,0.1271619370487463,0.12683965720838206,0.1256722745038426,0.12477593350826371
2017-04-24,0.12418138053363574,0.1249502770114407,0.12583576902003776,0.12587254339768628,0.12519645598602192,0.12541702366618138,0.12449401112153774,0.1240525392634585
2017-04-25,0.1247789734799814,0.12572772508998276,0.12693146970901634,0.1266370684995913,0.1255912581229193,0.12402288245223043,0.12287204293888736,0.123438579707391
2017-04-26,0.12461420146065369,0.12546406349735517,0.12749474862533663,0.12619348093440735,0.12456882065117476,0.1245451606703735,0.12346438623739259,0.12365513792330629
2017-04-27,0.12469085814797776,0.1261889572214835,0.12743006933951262,0.12628389488628794,0.12421424708146013,0.12405360883541296,0.12339636271626107,0.12374200177160408
2017-04-28,0.12471558045457419,0.12671330341313697,0.1260209485155739,0.12644605060657943,0.12321549557106465,0.12474170329900064,0.1239639236784896,0.12418299446158054
2017-05-01,0.125,0.125,0.125,0.125,0.125,0.125,0.125,0.125
2017-05-02,0.12491662510068739,0.12507890227615892,0.12423562201245275,0.1255128023868828,0.12465962507529843,0.12484866349662187,0.12550889008895338,0.1252388695629444
2017-05-03,0.12538697018939424,0.12530005225880567,0.12408340610557687,0.1258839095823282,0.12360849760646608,0.12371988722607502,0.12621755654296413,0.12579972048838975
2017-05-04,0.12572262255059213,0.12553391973073863,0.12409895676687771,0.12726968428207394,0.12319044381531415,0.12265586300960461,0.12578429465800783,0.12574421518679108
2017-05-05,0.1256252605330661,0.12540067489426376,0.12431254914956584,0.12807835129746567,0.12376893016803799,0.12231020899309589,0.125307649522222,0.12519637544228282
2017-05-08,0.12601635339252887,0.12608649952888673,0.12419992460498445,0.12753856360141363,0.12330091583380315,0.1224387998183264,0.1250346168824843,0.12538432633757254
2017-05-09,0.1260810213496265,0.1267067854735157,0.12432391648196128,0.12740731109238573,0.12281346184891591,0.12187899223736258,0.12520329560873666,0.1255852159074956
2017-05-10,0.12602402938576782,0.12649566414670502,0.1248160823765667,0.1273172153125007,0.12350161559211534,0.12159506102636986,0.12477735618748452,0.12547297597249002
2017-05-11,0.12596977132417245,0.12659923321803307,0.12414653218727699,0.12720915881604397,0.12308274677446537,0.12227427671933778,0.1249789136000109,0.1257393673606595
2017-05-12,0.12556421607305807,0.12668628265458265,0.1232994499319416,0.12771661816747357,0.12239492430839198,0.12243046040794249,0.1257276682134449,0.12618038024316477
2017-05-15,0.12587573788972778,0.12670388667794671,0.12388290934908146,0.1279742481991746,0.12238489677469322,0.12238388474446164,0.12500639100960875,0.1257880453553058
2017-05-16,0.12555593866555823,0.12702551234178333,0.12372604910298966,0.12858445687937173,0.12136148008110714,0.12271678337108925,0.1252670022505394,0.12576277730756122
2017-05-17,0.12393973636486941,0.12440974389320911,0.1209851805465766,0.12775354570996864,0.12246043235061771,0.12556864842286372,0.12772209825725106,0.12716061445464374
2017-05-18,0.12418857989090101,0.12524515508268683,0.12118029435000946,0.12771141681345327,0.12289045427726425,0.12429073645680769,0.12760980161748198,0.1268835615113956
2017-05-19,0.12436746353247792,0.1251415933499128,0.12114952929179455,0.12854663763540958,0.12293031162297767,0.12427952921671019,0.12726609457445995,0.12631884077625732
2017-05-22,0.1245997382670891,0.12579176382758805,0.12157939359452714,0.1282912134473273,0.1230148004209822,0.12440141721805746,0.12651110255613507,0.1258105706682937
2017-05-23,0.12501329781156653,0.12605741310695967,0.1221134857619965,0.1284522067098996,0.12325503878736636,0.12374932414877099,0.12579857248113904,0.12556066119230136
2017-05-24,0.12487716611598516,0.1262049435686237,0.12177634963906656,0.1280910633416061,0.12383090750293058,0.12381339935057598,0.12607516794376095,0.12533100253745105
2017-05-25,0.12525801523834912,0.1270602988227282,0.12164632351024605,0.12787055043877718,0.12363256622745539,0.12346591655751882,0.1258989071163303,0.1251674220885948
2017-05-26,0.12519327638972752,0.12724611466262675,0.12157321118936154,0.12746421547457687,0.12270358183969186,0.1245226497691443,0.12607427649046635,0.12522267418440475
2017-05-30,0.1252548420222025,0.1275276779434708,0.1207828733371024,0.12750255531259672,0.12209767538421905,0.12427844030804377,0.126869686409999,0.1256862492823658
2017-05-31,0.1251000304594235,0.12735667791279928,0.12053979513120883,0.12753104747155442,0.12205139158658149,0.12465174254810961,0.12706090444936372,0.1257084104409592
2017-06-01,0.125,0.125,0.125,0.125,0.125,0.125,0.125,0.125
2017-06-02,0.12438404369752946,0.12538738823200027,0.12477442528862742,0.12533251452345132,0.12524686442498387,0.12488538006172525,0.12543926620069074,0.12455011757099163
2017-06-05,0.1246827563351406,0.1257549387960378,0.12438765699428626,0.12503413465142701,0.12509833731046566,0.12540128488184898,0.1250519451346863,0.12458894589610735
2017-06-06,0.12422412547935129,0.12519467485080685,0.12421130393172926,0.12461858435771338,0.12443617337797491,0.1267513569861231,0.12567245546861372,0.12489132554768749
2017-06-07,0.12441396855402582,0.1256450913880279,0.12428763377794352,0.12461590268825289,0.1252684559205197,0.12604155818971036,0.12503150038273084,0.12469588909878909
2017-06-08,0.12447583576721528,0.12577701117342013,0.12598737356454534,0.12439221379020496,0.12496825515634796,0.12521866068752788,0.12470177474387095,0.12447887511686753
2017-06-09,0.1247526099029809,0.1230914529159674,0.1271147324795408,0.12438934060845934,0.12631212259974672,0.12454103709929845,0.12497812380173492,0.12482058059227147
2017-06-12,0.12477980470060357,0.12248380741520389,0.12696204497897512,0.12397283270564044,0.12749832768815625,0.12440769729935823,0.12499088449128065,0.12490460072078187
2017-06-13,0.12491848956531533,0.12301359200814019,0.12712880135913324,0.12446020537270533,0.12730476214492112,0.12406350128871485,0.12454095235131608,0.12456969590975388
2017-06-14,0.12466850834478019,0.12238897571437454,0.12628441551990727,0.12427535704681002,0.12739165067049377,0.12329322867529328,0.12637052510880997,0.12532733891953096
2017-06-15,0.12481351794457182,0.12222295279265062,0.1260294186116931,0.12336674553419819,0.12843430958037008,0.12315855537477192,0.12656068780853566,0.1254138123532086
2017-06-16,0.12480631004446863,0.12165909721181895,0.12568088479574266,0.12438184078091727,0.12806712838607287,0.12314518039462966,0.12677662335961748,0.12548293502673252
2017-06-19,0.12543749921355002,0.12329250167336944,0.12620293965661256,0.12448297333114923,0.12766715562096223,0.12181013935093736,0.12618576478499258,0.12492102636842667
2017-06-20,0.12499646346625087,0.12272450662598103,0.12533105818226425,0.12388231888143407,0.12778051051929054,0.12194806216257194,0.12772967711520702,0.1256074030470003
2017-06-21,0.12482382041220333,0.12379915579818855,0.12487541168267902,0.12358958364493738,0.12737945340281787,0.12216010742295622,0.12784530034836142,0.12552716728785626
2017-06-22,0.12460767013106959,0.1236056176252158,0.12518965109198282,0.12341248868838238,0.12733684619288457,0.1224155686590163,0.12796201479405508,0.12547014281739347
2017-06-23,0.12441708515766325,0.12374248138983138,0.12567854727694666,0.12337982203468045,0.12743113136985626,0.12260612998187119,0.12755401084661144,0.12519079194253932
2017-06-26,0.12445166400930041,0.12311739064500607,0.12578236456267322,0.12354118552457398,0.12829095917226102,0.1214615031089822,0.12798450803275996,0.12537042494444317
2017-06-27,0.12431726244843418,0.1217343562764389,0.12555370328151091,0.12439099749556534,0.12803466167573727,0.12278079555479095,0.12750797222181165,0.12568025104571073
2017-06-28,0.12468351206624495,0.12275450815807128,0.12671640361542832,0.12473105543710936,0.12757577799434497,0.12214254264393004,0.1263295852111823,0.12506661487368875
2017-06-29,0.12467228347537913,0.1216827478356233,0.12707222445190242,0.12458292731547412,0.12722791005212605,0.1226134143914148,0.126370106287663,0.12577838619041717
2017-06-30,0.12497372032472649,0.12179422336724122,0.12694420855479466,0.12472828846548013,0.12729820562026145,0.12237009949864522,0.12614766147084044,0.12574359269801036
2017-07-03,0.125,0.125,0.125,0.125,0.125,0.125,0.125,0.125
2017-07-05,0.12528813025555463,0.12622895800595763,0.1245504787937839,0.124999109324552,0.12323439203734946,0.12546210921110373,0.1250292564911323,0.12520756588056625
2017-07-06,0.12516780546959236,0.12612404559664397,0.12393925039042887,0.1254702547581523,0.12191971156381815,0.1264440818092797,0.12501889481593995,0.12591595559614466
2017-07-07,0.12573614037296876,0.12723811093286297,0.12490008656893913,0.12524721010692447,0.12237066459044789,0.12491041149941633,0.1240295421513303,0.1255678337771101
2017-07-10,0.12584454926877164,0.12804234225808256,0.12433148488680204,0.1255297420893165,0.1212258165232942,0.12508985238454276,0.12418520279708946,0.1257510097921008
2017-07-11,0.12559867984002043,0.1282468178440431,0.12454476243654976,0.1256669069959777,0.12094476382489282,0.12510053491493092,0.12424655928851147,0.1256509748550737
2017-07-12,0.12556634731493221,0.12876758831139706,0.12453535101139329,0.1256927840294262,0.12149043591290595,0.12457567187845958,0.12413934839067217,0.12523247315081365
2017-07-13,0.12578597325012908,0.12906006880738047,0.12464965887136187,0.12606505437809928,0.12169103056838074,0.12435871760091372,0.12336667636587391,0.12502282015786098
2017-07-14,0.1257033845227028,0.12938723033829944,0.12419979853417032,0.12627330137921974,0.12220864633352402,0.12471477073690518,0.12286274839834439,0.1246501197568342
2017-07-17,0.12542669870679063,0.12918180478366129,0.12423018393606028,0.12576375947573168,0.12293803428839732,0.1250096992553349,0.12294532044963147,0.12450449910439258
2017-07-18,0.12512526903374738,0.12966368704884382,0.1235434232988627,0.1255087846734684,0.12231425426580532,0.12551468830018106,0.12365546578422694,0.12467442759486436
2017-07-19,0.12528705671369408,0.12988995940499645,0.1242614263511303,0.12554147895689105,0.12273119665942915,0.12496846235184852,0.12319800573011946,0.12412241383189096
2017-07-20,0.12523111465828493,0.12994543264441044,0.12423736941378391,0.12593848517824208,0.12205380671997783,0.12502621673749786,0.12344324770825084,0.12412432693955211
2017-07-21,0.1250469322969416,0.1298159352379028,0.12360170192801441,0.12537552919227277,0.12189558561462328,0.1260315411361758,0.12389402136209039,0.1243387532319789
2017-07-24,0.12506755934641867,0.13046369522856227,0.12382556473944135,0.12508747830992417,0.12171237378680712,0.12613583692824668,0.12346127492701914,0.12424621673358059
2017-07-25,0.12553839134562628,0.13030334882379704,0.12511943738245432,0.12542371094978866,0.12203470524157013,0.12589077624979314,0.12201601028111593,0.12367361972585444
2017-07-26,0.12517077999515858,0.13033941314333256,0.12405517252019452,0.12582285349672692,0.12251554103807696,0.1265302984297461,0.12185077235985012,0.12371516901691432
2017-07-27,0.12541334899801873,0.12989245737441008,0.12362094813800088,0.12590093434150845,0.12301296394574152,0.12679822097872318,0.12159823087833765,0.1237628953452595
2017-07-28,0.12511449848653178,0.12962695365750684,0.1231416018790935,0.12588039900632286,0.12252908125899774,0.12759613274283943,0.12217082779095573,0.12394050517775217
2017-07-31,0.1250905466296867,0.1291257554788813,0.12279739140635977,0.1261916376190737,0.12273532329547827,0.12770754003043108,0.1223647215002699,0.1239870840398193
2017-08-01,0.125,0.125,0.125,0.125,0.125,0.125,0.125,0.125
2017-08-02,0.12536562133458012,0.12564520288182726,0.12393493312836859,0.12536064724303328,0.12416488901293261,0.12504516156556153,0.1253751677928733,0.12510837704082337
2017-08-03,0.12510463319603213,0.12513867483032834,0.12329869920682628,0.1254173012660626,0.123895596779191,0.1252246769624606,0.12665408423488084,0.12526633352421818
2017-08-04,0.12544543859236798,0.12547842891684446,0.1240112271790314,0.12569792667195592,0.12442200587087959,0.12436044248231719,0.12569155315345418,0.12489297713314922
2017-08-07,0.12553050483538378,0.1261244117317438,0.12406814533663806,0.12560553567267993,0.12414211926692449,0.1240684722376423,0.12568413541478787,0.12477667550419974
2017-08-08,0.12558146554698668,0.1262682060261887,0.12403491650336335,0.1252946038376208,0.1239052591291622,0.12478943845804838,0.12559176557946367,0.1245343449191662
2017-08-09,0.1255192701883697,0.12604454723045486,0.12290696190831768,0.12503240996012827,0.12343357474632406,0.12624164011649713,0.12621961743446627,0.12460197841544197
2017-08-10,0.12466948649482708,0.12426101332559944,0.12157442696711016,0.12417841711513779,0.12345646769963085,0.1281257187415258,0.12824589071312203,0.1254885789430468
2017-08-11,0.12470194689479716,0.12505176283845837,0.12160497160995841,0.12380231627691829,0.12254529366713802,0.12857741880793774,0.12815089607109814,0.12556539383369397
2017-08-14,0.1251890189474626,0.12590874847396297,0.12271520139765515,0.12396162170311724,0.12384909528748275,0.12690702592208877,0.1267336746384623,0.12473561362976812
2017-08-15,0.12555790436273598,0.12638288493574715,0.12207886337982975,0.1242483894509213,0.12385704923939045,0.12631500274836988,0.1265869703827341,0.1249729355002715
2017-08-16,0.12534775271779885,0.1261702524965403,0.12169769327699094,0.1245333002297126,0.12392396576413366,0.12681007161968663,0.12661836048369973,0.12489860341143723
2017-08-17,0.12428969886339519,0.12448814792035832,0.12034297233490415,0.1240286181644564,0.12404709332425845,0.128380928457743,0.12849166165698822,0.12593087927789615
2017-08-18,0.12428445554742076,0.1245896308221797,0.12051735214082791,0.12455626708513222,0.1229792147119644,0.12837705157716672,0.12865691470563353,0.1260391134096746
2017-08-21,0.12411951794747898,0.12416853522701524,0.12018308274223133,0.12425612552622183,0.12403386772922095,0.1285882583450762,0.12869995770954357,0.12595065477321185
2017-08-22,0.12497545844238664,0.1256168819543768,0.12105641082984861,0.12441701485056898,0.12323968038950125,0.12756102130810154,0.12775135706827193,0.12538217515694425
2017-08-23,0.12427639359926042,0.12491731146458562,0.12061742787930808,0.12418492086531499,0.1242534377764982,0.12778309415968264,0.1283610812158897,0.12560633303946042
2017-08-24,0.12424261528357061,0.12480664484349116,0.12123934660420348,0.12416052309360917,0.12412301274951935,0.1276501573410696,0.12815107930823227,0.1256266207763044
2017-08-25,0.1241637453758502,0.12417429622227108,0.1212253813462098,0.12453879812613469,0.12434848298581176,0.12774011865483584,0.12826489685813508,0.1255442804307515
2017-08-28,0.12393297505228605,0.12432255348277149,0.12150786010151853,0.1243022585952501,0.12316466648204541,0.12952308709982535,0.12794076802313037,0.1253058311631726
2017-08-29,0.12404435050792244,0.12478071527886783,0.12150448212618827,0.1237690075313369,0.1230011401142846,0.1292108169157319,0.12832149648896196,0.12536799103670615
2017-08-30,0.12421457013100405,0.1258241251965618,0.12187257949722512,0.12318746815090231,0.1232825885255048,0.12871594618669402,0.1278516419396768,0.1250510803724311
2017-08-31,0.12408626067053842,0.12628136364512077,0.12220807622297684,0.12326402334098116,0.12312203868116373,0.1293146203857964,0.12733388352188618,0.12438973353153641
2017-09-01,0.125,0.125,0.125,0.125,0.125,0.125,0.125,0.125
2017-09-05,0.12413382500536815,0.12390997095934454,0.12383056151429854,0.12419191945643217,0.12469075576434822,0.12642038378653903,0.1270145884527652,0.1258079950609041
2017-09-06,0.12452258709828212,0.12425184275828845,0.1240537434614414,0.12492204740558148,0.12498182312859682,0.12574035426952804,0.12619986083812523,0.1253277410401565
2017-09-07,0.12390303347774005,0.1239383196405551,0.12314170820581868,0.12533687200729227,0.12517160026539792,0.12643246010673678,0.12687276286588883,0.12520324343057043
2017-09-08,0.12398106753438204,0.12308680502481638,0.12346165872830256,0.12558190489964882,0.1255011595500316,0.12650267858947833,0.12682667159599212,0.12505805407734813
2017-09-11,0.12498880453333694,0.12419098360350304,0.12444315604642281,0.12624998761429068,0.12633576427941767,0.12442987405060996,0.12499797917347744,0.12436345069894143
2017-09-12,0.12541574531821914,0.12449459246607156,0.12520956828273397,0.12664535050228193,0.12485267312706284,0.124800319890169,0.12434654288734123,0.12423520752612038
2017-09-13,0.12572226312327364,0.12490964724700479,0.12582766108114282,0.1262060574064218,0.12477286839908021,0.1241067153146169,0.12409937456636075,0.12435541286209917
2017-09-14,0.1254648099703542,0.12396132270503207,0.12549512877546204,0.12621066028223255,0.12558926413123583,0.12443467529759393,0.12439490345602477,0.12444923538206461
2017-09-15,0.12550999437800525,0.124264633350768,0.12588428343544608,0.12619759653169674,0.12570124743768163,0.12369135356437022,0.12432141336274115,0.12442947793929084
2017-09-18,0.12597102758047204,0.12429328033880188,0.12693729720643046,0.1265594852753191,0.12521665016322867,0.1227275906371545,0.12379675935870782,0.12449790943988555
2017-09-19,0.12608050272232543,0.12449035158746881,0.12692051353209358,0.12713695004647227,0.12437403856285721,0.12296791886701058,0.12347616478753565,0.12455355989423651
2017-09-20,0.12632827636386637,0.1243053011088607,0.12753201118617122,0.12706200349435776,0.12423387885126144,0.12217694726428617,0.12376275127262781,0.12459883045856844
2017-09-21,0.1263343540682967,0.12388198469572827,0.12774740426676787,0.1271483717353503,0.12433656900478417,0.12157948921767406,0.12403226150761115,0.1249395655037874
2017-09-22,0.12622872657410783,0.12363366815201793,0.12815683290477434,0.12740786461013814,0.1233315658697392,0.1220078945659917,0.12425816461764802,0.12497528270558275
2017-09-25,0.1258286862791541,0.12219366958078363,0.12818981502388663,0.12653853229498374,0.12390942450610583,0.12314604368679871,0.12489505844177094,0.12529877018651636
2017-09-26,0.12601675447137206,0.12261948244639988,0.12871262450865764,0.1263719435729111,0.12422916349610544,0.12188007083162579,0.12478010796473842,0.1253898527081897
2017-09-27,0.12656157280390704,0.1237772212837591,0.1312875599371739,0.12651914724130645,0.12316070855461093,0.12078354204893715,0.1229524057146204,0.12495784241568503
2017-09-28,0.12650107922182968,0.12352703135612511,0.13141429556385575,0.12664199442299917,0.12379032675436873,0.12080849981318967,0.12238265341785036,0.12493411944978149
2017-09-29,0.12664063794045058,0.12411759070151807,0.13140877315795085,0.12707989044953516,0.12374603866107975,0.11989687984198882,0.12236312827777714,0.1247470609696996
2017-10-02,0.125,0.125,0.125,0.125,0.125,0.125,0.125,0.125
2017-10-03,0.12507867538304235,0.12507731624882118,0.12508613414752282,0.12523115964445486,0.12463100963265336,0.12487358291626355,0.12493207754482448,0.12509004448241748
2017-10-04,0.12515787008502255,0.12512816727070641,0.12461782959298495,0.124924918452845,0.12519362909710555,0.1251557475737233,0.12487307978369583,0.12494875814391639
2017-10-05,0.12572746960417264,0.12618090094193765,0.12478811537639324,0.1246814839872167,0.12547308557843903,0.1243143573134816,0.12423144053451221,0.12460314666384698
2017-10-06,0.12564819301653626,0.12641637582861676,0.12467718693476915,0.12465384150795009,0.1251313273180546,0.12496584549123763,0.12394363989578581,0.12456359000704972
2017-10-09,0.12531738435358367,0.12614666412383596,0.12403984035249434,0.1245676388225882,0.12530842182841578,0.12586362943817567,0.12421249399975388,0.1245439270811525
2017-10-10,0.12527816409970885,0.12586913425905458,0.12403063550828407,0.12538035812567347,0.12531364046971072,0.125822102533901,0.12404657454916386,0.12425939045450342
2017-10-11,0.12525108497468193,0.1260190353120063,0.1237184163325209,0.12546457901058367,0.12550823643446887,0.12599778357928987,0.12406458914479088,0.12397627521165752
2017-10-12,0.12495794185235012,0.12568213001860784,0.12352227000467883,0.1252491340867476,0.1262072286715916,0.125992994600493,0.12448698178002507,0.1239013189855059
2017-10-13,0.12464450945163053,0.1256974067227317,0.12284057495556668,0.12543212797227218,0.12606465637381786,0.1264740870256828,0.12491708109625341,0.12392955640204477
2017-10-16,0.12497992889176872,0.1263006181831964,0.12290009775704949,0.125511883629095,0.12561028171233002,0.12577614934213543,0.12499699763254964,0.1239240428518753
2017-10-17,0.12519342293904528,0.12658855608143782,0.12266884670947462,0.12531245002155536,0.12588524858580508,0.12504222400254758,0.125281431147081,0.12402782051305333
2017-10-18,0.12540351209779624,0.12652403396746725,0.12334021776771466,0.12576170613213897,0.12583899508708074,0.12465830333169811,0.12454268599753995,0.12393054561856406
2017-10-19,0.12544461096522594,0.1260633684996586,0.12315714949803244,0.12556956358931276,0.1254729303832508,0.12540275731962167,0.12476843191269993,0.12412118783219783
2017-10-20,0.12631720081001047,0.12662911860382625,0.12394733996885872,0.12563076918030927,0.124979868372141,0.12482610821717269,0.1236646856120818,0.1240049092355998
2017-10-23,0.12613559793415988,0.12611280803985117,0.12332457680461394,0.1256675568645926,0.12480820483578436,0.1253288657123683,0.12418904119201238,0.1244333486166174
2017-10-24,0.12653677464154192,0.12650572976610502,0.12375695941485919,0.12604618780249024,0.12423562630173361,0.12502263079487005,0.12359442465674769,0.1243016666216523
2017-10-25,0.1263466466598494,0.12646366738693737,0.12358633462375201,0.1259900980047326,0.12430479141016822,0.12547648352595558,0.12342984905973915,0.12440212932886559
2017-10-26,0.1268270513744565,0.12637647930856832,0.12415487547831312,0.1262876306084654,0.12359038744686981,0.12473366830058047,0.12332624934293628,0.12470365813981016
2017-10-27,0.1268231668274662,0.1289982844836679,0.12399680724551308,0.12554994943238051,0.12313804944355222,0.12430433444981484,0.12313159374909836,0.12405781436850692
2017-10-30,0.12628492737744598,0.12922097671740748,0.12262495560353805,0.1257747870434299,0.1229691950936401,0.12447594127930194,0.12424578101840064,0.12440343586683592
2017-10-31,0.12629786533356935,0.12951837189083606,0.12331426234311185,0.1261172635760826,0.12277556103304182,0.12382303145269721,0.12410513148186257,0.12404851288879848
2017-11-01,0.125,0.125,0.125,0.125,0.125,0.125,0.125,0.125
2017-11-02,0.12477027616730531,0.12448405176683265,0.12509198239734212,0.12509762224479737,0.125778824376223,0.12480422628365737,0.1252717876374503,0.12470122912639192
2017-11-03,0.1250726510963318,0.12556665368311354,0.12489376982490621,0.12478688924845549,0.12534731027845172,0.12410393207606506,0.12549714540130996,0.1247316483913661
2017-11-06,0.12484847360798226,0.12557246883156684,0.12461966364507217,0.12454889345881377,0.12577126430655328,0.12474627166795269,0.12554649609407897,0.1243464683879801
2017-11-07,0.12488294692815322,0.12576814171336387,0.12324846737807199,0.12420626388982754,0.1269169272091636,0.12441591594499636,0.126196704104604,0.12436463283181931
2017-11-08,0.12485605600938711,0.12603325562778558,0.12318002810315026,0.12437805841925684,0.12730500360855926,0.12460816286854783,0.12567679297246087,0.12396264239085215
2017-11-09,0.12468982342575063,0.12566149716181851,0.12302779384150972,0.12395101812895633,0.12773393916838013,0.12540878832588434,0.12560761398922962,0.12391952595847067
2017-11-10,0.1251483842412942,0.12615446354176094,0.12342587973746254,0.12410505082776088,0.12837946588296678,0.12487803266934312,0.1242069176856697,0.12370180541374189
2017-11-13,0.1251517268486895,0.1261964879125197,0.12334816883359423,0.12347408010504257,0.12891304581848115,0.12495077553617345,0.12435486222788332,0.12361085271761604
2017-11-14,0.12490097428120633,0.12577733370343266,0.12305097970816549,0.1234240381268215,0.12868230139920084,0.1252483075416041,0.12523478080203376,0.12368128443753537
2017-11-15,0.12450767729095866,0.1254202125220946,0.12279153491985242,0.12306239909745958,0.12762074056204312,0.1253271427728873,0.12683141697675543,0.12443887585794891
2017-11-16,0.12490977911254889,0.12635911803911837,0.12394459861564049,0.12340050615730042,0.12800765583518647,0.12466180583037145,0.12507190355869593,0.12364463285113798
2017-11-17,0.12438124423162755,0.12571349199973084,0.12435353861796444,0.12279502618069571,0.12728535132021296,0.1259974690943316,0.12583563533386838,0.12363824322156858
2017-11-20,0.12468438276368055,0.12570716863277792,0.12534959300413448,0.12315209757438907,0.12700199679836016,0.12449864839539027,0.12587766643172496,0.12372844639954264
2017-11-21,0.12470477062577741,0.12626646249171772,0.12585461931961456,0.12329303752375667,0.12713907429552235,0.12391356956455632,0.12547586874377348,0.12335259743528149
2017-11-22,0.1243510093142137,0.12617375824954555,0.12544246766079933,0.12338812801526176,0.1266071132650815,0.12481136823884915,0.12563581676530705,0.12359033849094198
2017-11-24,0.1244929307073817,0.12648807150522545,0.12534601477776275,0.12425113846733117,0.1266234547149324,0.12435070610266381,0.1251438859006989,0.12330379782400373
2017-11-27,0.12462634701550815,0.12663012791249442,0.12516048010692604,0.12370333946437796,0.12622531117141722,0.12506544092067773,0.12516270664370793,0.12342624676489058
2017-11-28,0.12537530008014683,0.12643469077503297,0.12661113220309084,0.12390174076397309,0.12523280679448165,0.1245331677970948,0.1248176717548609,0.12309348983131904
2017-11-29,0.12590401798522785,0.12483027886466931,0.12764698534028324,0.12400428359560756,0.12588231617904003,0.12434991210024354,0.12418385371812019,0.1231983522168083
2017-11-30,0.12685607867678508,0.12572800754629998,0.12772874487205368,0.12398141970621673,0.12592743973864023,0.12324619136434034,0.12362204488619181,0.12291007320947221
2017-12-01,0.125,0.125,0.125,0.125,0.125,0.125,0.125,0.125
2017-12-04,0.1252609752453389,0.12396772916267383,0.12494556730957503,0.12496371328757562,0.12478999903625275,0.12498980716113493,0.12547210038217926,0.12561010841526962
2017-12-05,0.1251792133083774,0.12441544651254516,0.12406528733469299,0.12506275397790398,0.12411784987867011,0.12446946028580562,0.12646903581097327,0.12622095289103147
2017-12-06,0.12519688082052485,0.12497108907379725,0.12347554001467739,0.12480443985806133,0.12399279337194229,0.12420473203566737,0.12690018836798414,0.12645433645734536
2017-12-07,0.12566208251351677,0.12546479502853414,0.12440841300908557,0.12519883386058084,0.12437476116224289,0.1226390962337452,0.12597690587024188,0.1262751123220528
2017-12-08,0.12603170262926952,0.12570394806470292,0.12421253856453805,0.12555125324661967,0.12470223856452425,0.1223224370224676,0.12567215808541043,0.12580372382246746
2017-12-11,0.12628961829531885,0.12655691949729947,0.12404362732061622,0.12575353516875534,0.12456722040726206,0.12171976653947847,0.12529334066325676,0.12577597210801283
2017-12-12,0.12645712891574837,0.1263311228253179,0.12360423492481286,0.1258600427398637,0.1251202538963798,0.121810804331287,0.12518897270705942,0.12562743965953088
2017-12-13,0.12592811688855554,0.12605933501693942,0.12383536222358262,0.12583039206528676,0.12481758389959731,0.12236225499316417,0.12561660052876902,0.1255503543841051
2017-12-14,0.12568845099656045,0.12624652517739218,0.12273315428191496,0.1254073919996613,0.1250615507295354,0.12238348866600397,0.1264258425313407,0.12605359561759097
2017-12-15,0.12599354986327796,0.12693285425841128,0.12375453490463131,0.12463794360842569,0.1251090472729804,0.12192309618104706,0.1261578549413653,0.1254911189698609
2017-12-18,0.1261765495603545,0.12737532018830575,0.12481977556217126,0.12550380004934752,0.12532085032171386,0.1218907675336155,0.12440055491829609,0.1245123818661954
2017-12-19,0.12664280245220105,0.12757848841351374,0.12476966773514041,0.12598933639544962,0.12358540632404533,0.12290514513444983,0.1237154119483628,0.12481374159683725
2017-12-20,0.12695457662963494,0.12782162359722174,0.1253876247635217,0.12614844686195023,0.1225201134740413,0.12360152665421004,0.12271105112231728,0.12485503689710278
2017-12-21,0.12695816627637993,0.1275787181946959,0.12568128798818465,0.1263444069691984,0.12179820425083261,0.1235255180401632,0.12317604554890882,0.12493765273163651
2017-12-22,0.1267140992740807,0.12722121142709647,0.12524356091522834,0.12645914296809796,0.12243367801521762,0.12396602766311286,0.12313908803567006,0.12482319170149592
2017-12-26,0.1264116054410234,0.12638321605137792,0.1251676864648128,0.12627234604854826,0.12290043165309215,0.12466797570562213,0.1233570614228269,0.12483967721269647
2017-12-27,0.1260491989528185,0.12597566415539638,0.12462611189061754,0.12608254336257346,0.12289065022523749,0.1247195143390749,0.12454498103416382,0.12511133604011793
2017-12-28,0.12604763312435813,0.12586805281142943,0.12485597280596372,0.12589376022261223,0.1232908139726006,0.12509320167420587,0.12417991118227995,0.12477065420655005
2017-12-29,0.1256951092183386,0.12521133560911069,0.12394554881572997,0.1261064907861678,0.12345591511160901,0.12603087959543505,0.12449750592879591,0.12505721493481303
2018-01-02,0.125,0.125,0.125,0.125,0.125,0.125,0.125,0.125
2018-01-03,0.12543090121464126,0.12585362621849322,0.12477208757217965,0.1252408165387369,0.12428068680706597,0.12431383632193327,0.1252384452322627,0.12486960009468703
2018-01-04,0.12584769694906925,0.12596185042879193,0.1249930651491928,0.12650097927378406,0.12203126822447302,0.12484029236115367,0.1251073763762927,0.12471747123724251
2018-01-05,0.1263580517267548,0.1268972201861698,0.12492739276278272,0.1268745745569388,0.12177510783767793,0.12438773568341584,0.12442682164308964,0.12435309560317048
2018-01-08,0.12641148756934487,0.12721216936628368,0.12494548497367224,0.12666153830409857,0.12223439608741078,0.12419338011875324,0.12417319839106376,0.12416834518937284
2018-01-09,0.12720616057591175,0.12773062160748208,0.12527712043270547,0.1273106088790497,0.12114335463571543,0.12411473556231731,0.12300444337803051,0.1242129549287877
2018-01-10,0.12724654130587215,0.12766783491713582,0.1255251160987547,0.1272995534836373,0.12000920242892577,0.12464344810274466,0.12308285177818537,0.12452545188474418
2018-01-11,0.1274551820197385,0.1278198331739514,0.1269645096538442,0.12746046822548557,0.11893013103828022,0.12434993365599047,0.12289588037658628,0.12412406185612336
2018-01-12,0.12772972765322776,0.1282007938663159,0.12694364918165324,0.12818083956052956,0.11745809792898043,0.12531095180714105,0.12256966920318085,0.1236062707989712
2018-01-16,0.1274831550526761,0.12802531869525133,0.1255094128488784,0.12824990997930127,0.11785790149771834,0.12570557966347756,0.12326520652139684,0.12390351574130018
2018-01-17,0.1282175388757599,0.12892351948994113,0.12622581784327105,0.12843210262730587,0.11823763489787306,0.12422170865764144,0.12263782390721337,0.1231038537009943
2018-01-18,0.12859731490547913,0.12954652149340778,0.12594394176141083,0.12887204048199274,0.1172597593734582,0.12452237858901753,0.12206362096380698,0.12319442243142681
2018-01-19,0.12872829354528859,0.1294959038721662,0.12715275454314898,0.12913319002390275,0.11747439541642579,0.12463672470821192,0.12099544214902289,0.12238329574183293
2018-01-22,0.12911865981442894,0.13021979445406234,0.1271877416715218,0.12913878501059994,0.11794949522031462,0.1242320544428173,0.1205009283471642,0.1216525410390909
2018-01-23,0.1286885084947352,0.1305818552857645,0.12690016247441455,0.128849652411716,0.11893218157605018,0.12417057686347184,0.12036081141973615,0.12151625147411158
2018-01-24,0.12880596557087703,0.12990333585579641,0.12627884314870333,0.12924170083887976,0.11846581445418958,0.12584624553328816,0.11986469640368726,0.12159339819457846
2018-01-25,0.1288463953569108,0.1298427765267103,0.1263126801488062,0.12872703621903553,0.11824578699906832,0.12499244118396376,0.12083534199318108,0.12219754157232403
2018-01-26,0.12979985324668805,0.13128817845300692,0.12624186665428258,0.12932973662433297,0.1173451880675732,0.12457352239885042,0.11989009114214376,0.12153156341312216
2018-01-29,0.12982583425839453,0.1315489536719372,0.12639305180581803,0.1290249348619646,0.11656552350148836,0.12472485427823142,0.11987445359589866,0.12204239402626726
2018-01-30,0.12942618095425432,0.1314125427207315,0.1260904596018134,0.1288800956532012,0.11655980681971041,0.12508695174409046,0.12003558557991702,0.12250837692628176
2018-01-31,0.12901688626035507,0.13147523344006326,0.12497391671031668,0.12823507447436772,0.11821658110554531,0.12546493977987755,0.1203023573899461,0.12231501083952835
2018-02-01,0.125,0.125,0.125,0.125,0.125,0.125,0.125,0.125
2018-02-02,0.12409726737284973,0.1243286752562567,0.1244164119771217,0.12428923675528601,0.12578191069596853,0.12519482158923922,0.125681790467371,0.12620988588590715
2018-02-05,0.1216115507272031,0.12214299288398964,0.12235739549927718,0.12178954750553954,0.12482072761730463,0.12836635294779078,0.12975493959908385,0.1291564932198112
2018-02-06,0.12313343022869394,0.12449585954097826,0.12294867839319805,0.12331453123413913,0.12395741884183664,0.12612359861029201,0.1280397566901629,0.127986726460699
2018-02-07,0.12322420776100983,0.12364646063862106,0.12383438459079572,0.1227656448765351,0.12419182450464078,0.12630785297924968,0.12760875610793615,0.12842086854121168
2018-02-08,0.12111524545618405,0.12093859646043514,0.12274492050580825,0.12209554916508802,0.12317936191975407,0.12918057203211142,0.13017003636997712,0.1305757180906419
2018-02-09,0.12205948304278748,0.12215140503311755,0.12298570861884116,0.12174117936981012,0.1253626855278183,0.12804551015253615,0.12842671673866152,0.12922731151642777
2018-02-12,0.12284199833537417,0.12330526962190587,0.12313807609182562,0.12259692765438533,0.12439075606420762,0.12761215499215992,0.12794123415533448,0.12817358308480697
2018-02-13,0.12278388868123775,0.12357576319654044,0.12303960042547799,0.12186630690476986,0.12489284647932011,0.1279558914834521,0.12813418769476842,0.12775151513443325
2018-02-14,0.12348629339679851,0.12492376592518133,0.12429122606967877,0.12307375412656939,0.12303874293033902,0.12913947308746837,0.125740584145687,0.1263061603182776
2018-02-15,0.12402196778305055,0.12618464918629288,0.12460311041548074,0.12281022156885057,0.1232001353943784,0.12821532155335763,0.12511874423306935,0.12584584986551997
2018-02-16,0.12383850156064832,0.12539859923233168,0.12482193373563316,0.12314441603794157,0.12365524623189034,0.1275694620695293,0.1255740825419101,0.1259977585901154
2018-02-20,0.12392660065177831,0.12653104397816628,0.12466488178921786,0.12284508775493588,0.12305087979880167,0.1267377355498172,0.12590121938057175,0.1263425510967111
2018-02-21,0.12413985123638861,0.12702020522668225,0.12563576961952888,0.1230773583218349,0.12143125920912819,0.12700432758429964,0.12519338768687746,0.12649784111526005
2018-02-22,0.1239076839071715,0.12660322011096567,0.12504103718419585,0.12333291122810887,0.12242493012865817,0.1272475370336372,0.1251716707612082,0.12627100964605456
2018-02-23,0.1245547141957464,0.12782920450313115,0.12533352723984748,0.12299731257711179,0.12307124788224995,0.12574561488609962,0.12495116881993017,0.1255172098958835
2018-02-26,0.12525259698740568,0.12875487514825737,0.1254063107934032,0.12341497686584024,0.12268301157373282,0.12530586256982423,0.12425106677807829,0.12493129928345817
2018-02-27,0.12515078810033659,0.1286637335185136,0.12506303926416804,0.12301837696471599,0.12124261797879426,0.1254636231995364,0.12553899373810393,0.1258588272358312
2018-02-28,0.12443130944715605,0.12840381326610473,0.12363481281785312,0.12239584906948872,0.12169625161101176,0.1258880064716449,0.12689609515794192,0.1266538621587988
2018-03-01,0.125,0.125,0.125,0.125,0.125,0.125,0.125,0.125
2018-03-02,0.125194016052067,0.12569543484008008,0.12654543589191958,0.1251468385932319,0.12450104619681299,0.12522103253797764,0.12353940726484616,0.12415678862306452
2018-03-05,0.12595346456965856,0.12639880638598794,0.12698194160244194,0.12513084556914203,0.12522554954768395,0.12433263668902111,0.12253655156771069,0.12344020406835372
2018-03-06,0.12563048437229013,0.12628789167364793,0.12770047240216317,0.12522575488265064,0.12517615090484357,0.1250343001412346,0.12202685390948473,0.12291809171368531
2018-03-07,0.12544251491105154,0.12643701968780738,0.12868084149841363,0.12504854796229653,0.12580594739826764,0.12409343998074224,0.12175480470835331,0.12273688385306765
2018-03-08,0.12577401036985103,0.12685520353064197,0.12813745186252862,0.1250419037353325,0.12576518519643567,0.12352669830529756,0.12218866508711354,0.12271088191279915
2018-03-09,0.12706432722776476,0.12841178324341584,0.12927140122547107,0.1249584345603033,0.12556331202297116,0.12277678314922721,0.12053348911356829,0.12142046945727833
2018-03-12,0.12661464750066603,0.12879883021211175,0.1292030243668719,0.12481359522158528,0.12582316522997014,0.12249600880757,0.12095137602735015,0.12129935263387473
2018-03-13,0.1261783951768468,0.1274310966218704,0.12899295965542815,0.12436227544749727,0.12632165179519445,0.12310290577563361,0.12193250651126332,0.12167820901626604
2018-03-14,0.1254801553266518,0.12735731886973084,0.1283305509711235,0.12461220133798254,0.12638696733147844,0.12297488241501281,0.12295691911156267,0.12190100463645731
2018-03-15,0.12555079079030274,0.1274566016101397,0.1278990128746859,0.12474763950038258,0.12656274414745225,0.12239439433963259,0.12316034810543078,0.12222846863197351
2018-03-16,0.1256028051345993,0.12699255787553565,0.12853010425777642,0.12457572093505871,0.12735966973265375,0.1220186682547395,0.12263773244775192,0.12228274136188473
2018-03-19,0.12493857037406124,0.12532137832232743,0.12835552429503128,0.12460044929623831,0.12731664591013067,0.12330472770690082,0.12327015952090636,0.12289254457440392
2018-03-20,0.125319352248201,0.12590294198683238,0.12849528906243174,0.12475019162402169,0.12705116469092184,0.12291684030409694,0.12293989018591173,0.1226243298975826
2018-03-21,0.12490131953819615,0.12517684146485628,0.12906023581083154,0.12476922316495234,0.12593154360764613,0.12488502443939932,0.12289949102583568,0.12237632094828259
2018-03-22,0.12315373843915511,0.12346524344426764,0.1276551385214556,0.12383423466049553,0.12660665877252414,0.12579540030397388,0.12551834998486042,0.12397123587326778
2018-03-23,0.12188322160849373,0.12156267348898941,0.1263117659941393,0.12384055435875438,0.1257480968991586,0.12885495691683232,0.1268339129656402,0.12496481776799208
2018-03-26,0.12337934503794071,0.12422860419323505,0.1271777659696451,0.12421348801416679,0.12531142067535794,0.12762969750652234,0.12449332489676455,0.12356635370636748
2018-03-27,0.12226205037384281,0.12118149481932287,0.12572371343925487,0.12429538188209642,0.12680735885186356,0.1278702915736826,0.12684280114820434,0.12501690791173262
2018-03-28,0.12177747007552926,0.11966624594438881,0.12555476645818311,0.12489318153198035,0.12985852806705403,0.12597749123466156,0.12704961882156302,0.1252226978666398
2018-03-29,0.12244600779569319,0.12098104402319154,0.12591176940611892,0.12512572724793614,0.1287705180544943,0.1251306389265112,0.12674889908557785,0.12488539546047686
2018-04-02,0.125,0.125,0.125,0.125,0.125,0.125,0.125,0.125
2018-04-03,0.12604526713531708,0.12585064982504335,0.12623136083914224,0.12524707139470903,0.1255033444544758,0.12351142002638767,0.12349037422618633,0.1241205120987385
2018-04-04,0.12656054254426946,0.1269991020257879,0.12699976494525178,0.12485953843347176,0.12599426689010185,0.12284919135327073,0.12242901741622789,0.12330857639161853
2018-04-05,0.12729844256299577,0.12746139430933026,0.12778952959185902,0.12543007110609433,0.12568681458193565,0.1219677409188345,0.12126749693244479,0.12309850999650564
2018-04-06,0.1254751276116839,0.125284005324138,0.126260742086544,0.12561896136571304,0.12575812830130506,0.12353774332934891,0.12359212151885533,0.12447317046241174
2018-04-09,0.12572032175954595,0.12579046000579253,0.12603774226523728,0.12627588212981233,0.12498615455689403,0.12359119536290625,0.12342983227034761,0.12416841164946398
2018-04-10,0.12664628295272767,0.12748562248529005,0.12733663391473277,0.12655715984564958,0.12380389908836223,0.12284275391161827,0.1221708433757131,0.12315680442590643
2018-04-11,0.12596596982105832,0.1267336385678371,0.12759396947701776,0.12605752816679777,0.12405207379454242,0.12378331454413759,0.12258871589496248,0.1232247897336466
2018-04-12,0.12702062616238474,0.1282781604206577,0.12848408352026286,0.12655889509410945,0.12268240986053273,0.12236125527186001,0.12170836090266364,0.12290620876752895
2018-04-13,0.12662437723535397,0.12759007079723333,0.1277877048836007,0.1266605088950147,0.12330358179641256,0.12314034170096347,0.12196814283949459,0.12292527185192666
2018-04-16,0.12710951443577817,0.1280028011337109,0.128404869053202,0.12630490579161324,0.12352306325048218,0.12277727482994197,0.12147714670780502,0.12240042479746654
2018-04-17,0.12745152167137935,0.12972204605296717,0.12877307935457186,0.12586974352715588,0.12397994308675778,0.12191904631039405,0.12084354170560743,0.12144107829116653
2018-04-18,0.1275965349380366,0.1300392356435327,0.12916873268823095,0.126573894045642,0.12376801062065589,0.1220629175482817,0.11992451750146141,0.12086615701415872
2018-04-19,0.1277500204593943,0.12971840044128455,0.1291454296067143,0.12695247159460712,0.12280087528930629,0.12265118442907631,0.1197550486214189,0.12122656955819822
2018-04-20,0.12765370859083516,0.12866008687596095,0.12945261568578217,0.1274572540278869,0.12261510285529684,0.12266717559816324,0.11981827128552443,0.12167578508055023
2018-04-23,0.12786434962017149,0.12856611275443522,0.12949390781783757,0.1275249564320868,0.12273637365571963,0.12190786987918469,0.12006433232255204,0.12184209751801263
2018-04-24,0.12684743752018907,0.12654563389570858,0.12947152962408437,0.12771376133910772,0.12388950123105058,0.12318459643152772,0.12018528112726899,0.1221622588310629
2018-04-25,0.12743690438927086,0.12697223722367337,0.12955928565993335,0.1277735353027181,0.12392430649046568,0.12264995704487855,0.11963943221686564,0.12204434167219445
2018-04-26,0.12776279949948288,0.12866886502700142,0.12917547950596756,0.1274402712039898,0.1246002102283206,0.12129907008900201,0.11956924894645209,0.12148405549978372
2018-04-27,0.12737414202045896,0.12823621702965232,0.12847896496126238,0.12705870371423525,0.12623638058038303,0.12132899843688531,0.12001228125909473,0.12127431199802803
2018-04-30,0.126992340698951,0.12792864574431223,0.1279434377195569,0.1272459953040084,0.12633539864835217,0.12101896757073934,0.12079292471846155,0.12174228959561838
2018-05-01,0.125,0.125,0.125,0.125,0.125,0.125,0.125,0.125
2018-05-02,0.12439807142151027,0.12450075279279874,0.1257108720446274,0.12518608023190292,0.12478266028708622,0.12517864613337396,0.1251019024694974,0.12514101461920304
2018-05-03,0.12405481387006455,0.12441604814604972,0.12495844840353403,0.12550703374697889,0.12463160128110772,0.12574636481071386,0.1255924953644143,0.1250931943771369
2018-05-04,0.12466752024783855,0.12577456820903302,0.12551813559789232,0.12495532610879087,0.12500499963411302,0.12501331994411366,0.1247884614681994,0.1242776687900191
2018-05-07,0.12470529396979643,0.1264303448035212,0.12619346640580298,0.1245892629137758,0.12545965331966355,0.12465953501272276,0.12420673360359082,0.12375570997112646
2018-05-08,0.1247367360792177,0.12633288036117843,0.12685218655721742,0.12463820086845319,0.12486232118634097,0.12471098164597014,0.12412297543725273,0.12374371786436941
2018-05-09,0.12551833244686508,0.12727974434282543,0.12710588246434534,0.12451619777646501,0.12527770027934346,0.12403167878387514,0.12296497380509115,0.12330549010118937
2018-05-10,0.12575856848909409,0.1276514596612932,0.12684523414841192,0.12439822394239956,0.12532797807073176,0.12395956969099736,0.12304188091747024,0.12301708507960178
2018-05-11,0.12604710325758395,0.12743486184879665,0.12699583829173883,0.12463428849654587,0.1248029103748368,0.12368791220932791,0.12325917007210611,0.1231379154490639
2018-05-14,0.12641426255373728,0.12796373340589492,0.12681924746529602,0.12516411071532946,0.12403603977043336,0.12348323754171935,0.12290646252868957,0.12321290601890005
2018-05-15,0.12674872331718715,0.127761216353257,0.12806068211403918,0.12545160222739038,0.12319353596998923,0.12265563111213576,0.12267372457669419,0.1234548843293071
2018-05-16,0.12706644796636044,0.12838851968956966,0.12917668180165426,0.1254149051384826,0.12261473709106953,0.12225825784349888,0.1219962562457972,0.12308419422356733
2018-05-17,0.1271129129799932,0.1280496079988684,0.12992788795828458,0.12576007517127644,0.1221504216637808,0.12247642957706949,0.12152709356844048,0.1229955710822867
2018-05-18,0.12673204717500663,0.1273244420179156,0.13003200059771988,0.12524104482845114,0.12225084806913822,0.12246555819407157,0.12251188258115832,0.12344217653653862
2018-05-21,0.1270526765202215,0.12740516616456535,0.13024337552472456,0.1254070640263975,0.12308911871330247,0.12192883224970463,0.12196766743180466,0.12290609936927935
2018-05-22,0.1269316901684334,0.12747192173322053,0.1295371648143757,0.12547940255034196,0.123491489355826,0.12208251426726777,0.12200365589207933,0.12300216121845546
2018-05-23,0.12690131118033646,0.1281648366199194,0.12931855104540438,0.12372657915304476,0.12435683401097682,0.12184768322283977,0.12252282379639158,0.12316138097108684
2018-05-24,0.1264549497342034,0.12793850595681472,0.12917601714410124,0.12316111478632764,0.12391782025899588,0.12271087805813978,0.12331758643843373,0.12332312762298353
2018-05-25,0.12615604623377505,0.1280691578879536,0.1289472807247889,0.12236189846327004,0.12435216356942239,0.1223359030789429,0.12408758150740477,0.1236899685344423
2018-05-29,0.12479750090983405,0.12759769876782864,0.12886725464695492,0.11995885473370176,0.12503665803658998,0.12240665647824377,0.12689936526648876,0.12443601116035823
2018-05-30,0.12558448490783478,0.12761875598587932,0.13000049169257968,0.1209439219509741,0.12585336642452416,0.12173404528030048,0.12517261478805344,0.12309231896985405
2018-05-31,0.1252669639212351,0.12799799328146938,0.12942937287325285,0.12061701785910181,0.12587814716641335,0.12190731581038335,0.1254187324525262,0.12348445663561802
2018-06-01,0.125,0.125,0.125,0.125,0.125,0.125,0.125,0.125
2018-06-04,0.1252756434340158,0.12580919745513305,0.12534530478369932,0.12505721938591743,0.1257689090410275,0.12456105779348876,0.12378152695237796,0.12440114115434012
2018-06-05,0.12516698334393286,0.12599780335176403,0.12592053293556074,0.12466229787088981,0.12523859082349506,0.12485033745243859,0.12387394906944045,0.12428950515247839
2018-06-06,0.12587052297846768,0.126388522781657,0.12648762694421345,0.12544092459498823,0.12519596825555035,0.1245820552956985,0.12253635772582037,0.12349802142360441
2018-06-07,0.1259707407543998,0.12547417802755803,0.1259119509669592,0.12484433444123823,0.12530922703882857,0.12463389487732743,0.1238350600159625,0.1240206138777262
2018-06-08,0.12622574466371617,0.12536477470392265,0.12617372510070363,0.12487013317498007,0.12564705890513378,0.12467005226207765,0.12334843390523718,0.12370007728422897
2018-06-11,0.12624431562127772,0.12555409349571825,0.12621392700419012,0.1255198226197869,0.12531092597114585,0.1247455449407639,0.12297605667780948,0.12343531366930777
2018-06-12,0.1262838020709246,0.1260910375631693,0.12666504057466355,0.12460064713301398,0.1259387061490199,0.12420884703411117,0.12288659071870968,0.12332532875638788
2018-06-13,0.12625870781298137,0.1264623186092533,0.12654474590601317,0.12515216427996056,0.12385496124852471,0.12495700572694954,0.12319348330509987,0.12357661311121751
2018-06-14,0.12595182762403587,0.12711206607125622,0.1265917416643859,0.12426952591413727,0.12441381750740234,0.12453200636800556,0.12360290653851987,0.12352610831225709
2018-06-15,0.12622011012823825,0.12710031750869807,0.12706131698762602,0.12405531556494977,0.12475985559526276,0.1228906180002841,0.12413779052521255,0.12377467568972858
2018-06-18,0.12609445540445544,0.12716196517927877,0.12779522117081923,0.1233001519562267,0.12492731068909202,0.12278810334370974,0.12415629357241144,0.12377649868400661
2018-06-19,0.125815214347398,0.1270077425856283,0.12801038819591504,0.12236598879832009,0.1250035114698149,0.12267278925915456,0.12508177913094914,0.12404258621282005
2018-06-20,0.12586666275645025,0.12774408033593773,0.12887579460311743,0.12229800424501468,0.12623404264701468,0.12196624283294015,0.1238251547507017,0.12319001782882336
2018-06-21,0.12545795127497078,0.1270193087468579,0.1280584810738106,0.12179848270215239,0.1272209754586688,0.1221234991630784,0.12485427094137969,0.12346703063908149
2018-06-22,0.12540497034705006,0.12645336381910177,0.12734653483592084,0.12281159716482686,0.12793348516249556,0.12214414048504361,0.1245640866250563,0.12334182156050505
2018-06-25,0.124817121635762,0.12472274655494621,0.12640080620266855,0.12220472736068483,0.12875552762822978,0.1227884732607825,0.12597281725414522,0.12433778010278089
2018-06-26,0.12483105358317952,0.12496945052688944,0.1268691244361735,0.12216721377017065,0.12889992691044297,0.12188698889923812,0.12588537866997915,0.12449086320392663
2018-06-27,0.12448071416529023,0.12395084778649286,0.12552615973697398,0.12168657531010967,0.12911494089212344,0.12186140567615672,0.12777359052480036,0.12560576590805278
2018-06-28,0.12478410977329994,0.12460935008430148,0.12549973514960713,0.12174669244616793,0.1298444348684896,0.12109520915389864,0.1273881562384294,0.12503231228580594
2018-06-29,0.12477733144419062,0.12475776436908519,0.1252283777016865,0.122240433479799,0.12996988268491041,0.12135434688761333,0.12676065207643453,0.12491121135628033
2018-07-02,0.125,0.125,0.125,0.125,0.125,0.125,0.125,0.125
2018-07-03,0.1242697754356203,0.12326680184152251,0.12520734975246894,0.12508608936079307,0.12564939171749986,0.12597366491344703,0.1253781898089242,0.12516873716972401
2018-07-05,0.12430384264513705,0.12382087955354867,0.12564398811442729,0.12533852972749465,0.12614858409853888,0.12540988778694886,0.12475448550724223,0.12457980256666239
2018-07-06,0.12463685379415052,0.1250264494168737,0.1259797098104643,0.12528760469095626,0.12609388059202725,0.12449217635062129,0.12444515773598994,0.12403816760891676
2018-07-09,0.12540393651191167,0.12579502646127716,0.1264153572232463,0.126135389966946,0.12473813179424915,0.12444344959136745,0.12329498970735965,0.12377371874364258
2018-07-10,0.12588146288921137,0.12591362320453137,0.12586669673638085,0.12610626850966464,0.12502176607588447,0.12423962111806569,0.1233106265403044,0.12365993492595713
2018-07-11,0.12568589057700164,0.12600156698242837,0.12552305565201335,0.12471797295699238,0.12533588308094304,0.12360522732846425,0.12450428167747878,0.12462612174467827
2018-07-12,0.12606372569024005,0.12740305379176037,0.12537398862054777,0.1249302313677705,0.12496179116378098,0.12337465834055228,0.12374646497006411,0.12414608605528404
2018-07-13,0.12619976902247776,0.12754661735483044,0.1250370295324306,0.12535495249352535,0.12461944428652431,0.1228673414533161,0.12409595481400079,0.12427889104289458
2018-07-16,0.12639123224422738,0.1275484161024035,0.12485228738947682,0.12560193085140164,0.12425213021074313,0.1231010995856088,0.12387858500087556,0.12437431861526316
2018-07-17,0.12695405292174142,0.12837642575381314,0.125457159636212,0.12587542334735285,0.12348218989479909,0.12182054310817123,0.12369559823581305,0.12433860710209726
2018-07-18,0.12730238715604156,0.12821616447887296,0.12588953493413843,0.12597441864958556,0.123013774439274,0.1219298318448115,0.12327739031966105,0.12439649817761493
2018-07-19,0.12664420661122822,0.12739567856218356,0.12660339239887886,0.12553813753290538,0.12428325084847117,0.12123520142764777,0.1238845413810871,0.12441559123759802
2018-07-20,0.1268033500172604,0.1276732325106785,0.1263899343368643,0.12643411438531485,0.12337964350608027,0.12231348774987712,0.12265858587266976,0.12434765162125486
2018-07-23,0.12730091920555414,0.12834372876010858,0.12680817910371395,0.12669461918969152,0.12337464478500969,0.12197665217973856,0.12139478059137827,0.12410647618480537
2018-07-24,0.12784125910239968,0.12877165038914312,0.12535677907613402,0.12733922066537146,0.12265324918022577,0.12192308201062337,0.1217166304138511,0.12439812916225153
2018-07-25,0.12817290080430588,0.12980399260576947,0.12507546195620908,0.1275336962638714,0.12290177420973011,0.12187495933881297,0.12080913612600845,0.12382807869529264
2018-07-26,0.12823293424520776,0.1281996082221834,0.1261038913955162,0.12732036385869502,0.12366021861947404,0.12126717158771949,0.12091829475102336,0.12429751732018081
2018-07-27,0.12808177114630195,0.1271820535636672,0.12444991804863996,0.1282802657159835,0.12302811506819292,0.12201376361738407,0.12180366534343218,0.12516044749639826
2018-07-30,0.1279228353344042,0.12588683578902782,0.1241467759968195,0.12877513447652872,0.12359733985466903,0.12231189375973796,0.12187159002146253,0.1254875947673503
2018-07-31,0.1277216870864367,0.12602947695740158,0.1245980164798429,0.12810937648132767,0.12485475019289735,0.12187782322655422,0.12174423519084901,0.12506463438469062
2018-08-01,0.125,0.125,0.125,0.125,0.125,0.125,0.125,0.125
2018-08-02,0.12547619630667783,0.12649436801776923,0.1257072683079687,0.12397687666757626,0.12429724461424092,0.12412433875963032,0.1249754415414002,0.12494826578473654
2018-08-03,0.12559270464556288,0.12645789640864277,0.12485196210472667,0.12363516806323034,0.12522336970049217,0.12414162367833866,0.12517724030890062,0.12492003509010592
2018-08-06,0.1259568289373115,0.1271048751166128,0.12545378523594145,0.12301460944559987,0.1249618448023598,0.12340978235848493,0.1251549558493717,0.12494331825431793
2018-08-07,0.12622695845374007,0.12742084480349197,0.12560852284526144,0.12383274310719106,0.12459199600631024,0.12354769232578772,0.12436069282948013,0.12441054962873728
2018-08-08,0.12624531404496767,0.12764719353973006,0.12556719244953524,0.12379405626227434,0.12393997046610732,0.1239628078066463,0.1245569186095717,0.12428654682116727
2018-08-09,0.12598047900669396,0.12747666899988475,0.12579726005672542,0.12334118884500334,0.12390940289485088,0.12368878930216409,0.1255135095006132,0.12429270139406434
2018-08-10,0.12570437049516928,0.1270767551439446,0.12601467032433689,0.1214265939861931,0.12351988483587112,0.12419601182865556,0.12699888309946986,0.12506283028635962
2018-08-13,0.12576146127161006,0.12747080436206282,0.12580540366301798,0.12149975367215964,0.12379759548960344,0.12283805643031497,0.12726977578924709,0.12555714932198395
2018-08-14,0.12613083472837125,0.1278306749368015,0.12661700665598458,0.12106576561879422,0.12397875263044261,0.12253692430815404,0.12654985817653497,0.1252901829449168
2018-08-15,0.1259356381983663,0.1270198373936219,0.12577440350669417,0.12002947619051474,0.12567661967571273,0.12121824637994412,0.12804637917105394,0.12629939948409205
2018-08-16,0.12638339470435386,0.12686453640675605,0.12636933555955657,0.12032813024931839,0.1261256762886311,0.12057509447401864,0.12745972099424957,0.12589411132311573
2018-08-17,0.1262880755976963,0.12635223301542653,0.12637157572189567,0.12052372071920484,0.12674943687080506,0.12117459137274883,0.12707431053623555,0.1254660561659871
2018-08-20,0.1261753621281145,0.1258578485880249,0.12634086325014335,0.12081066097676368,0.1264560745076723,0.12141124807229256,0.12753800140593854,0.1254099410710501
2018-08-21,0.12624413839426465,0.12609324288390772,0.12756323724092294,0.12133457660067787,0.12546374293564455,0.1215481229184469,0.1268803969951451,0.12487254203099024
2018-08-22,0.12601142321542524,0.12642426606540866,0.12771699325296412,0.1216519690166845,0.12460238231238505,0.1216645941093241,0.12722281160094373,0.12470556042686465
2018-08-23,0.1262006331572863,0.12660050324951466,0.12768987333068157,0.12112802958268717,0.12463985361412146,0.12085680501513735,0.1277822487880048,0.12510205326256665
2018-08-24,0.12611715204702767,0.12692838623847372,0.12753319019506196,0.12102482260883886,0.12454377429423279,0.12215150888514571,0.12718341206727166,0.12451775366394766
2018-08-27,0.12670937812018135,0.12781507302298686,0.12731361067146826,0.12225349606937813,0.12370198381268922,0.1222223788563034,0.12605387128948686,0.12393020815750601
2018-08-28,0.1268049624487574,0.12803700569368942,0.12746662895634286,0.12217907928400985,0.1254027420684876,0.12128463069873609,0.12533109128113368,0.12349385956884315
2018-08-29,0.1270026522776703,0.12902200331527613,0.12735123515183097,0.12237534247850963,0.12495571694503026,0.12137627072777303,0.12501999106610787,0.12289678803780185
2018-08-30,0.1268712364793229,0.12918368712845618,0.12763291858661993,0.12158138022234907,0.1245305960301577,0.12114653695521926,0.12566763766871333,0.12338600692916153
2018-08-31,0.12692981962206507,0.12940522214610475,0.1281764208223633,0.12066571873694767,0.1250748536606239,0.12105964966084219,0.1254310938333976,0.12325722151765552
2018-09-04,0.125,0.125,0.125,0.125,0.125,0.125,0.125,0.125
2018-09-05,0.12499882661651057,0.12371756198232906,0.1250013660175821,0.1241910798896559,0.1260605304011548,0.1257689517260829,0.12500196334339989,0.1252597200232848
2018-09-06,0.12478311106042062,0.12276954876538769,0.12431730809014528,0.12397518134545733,0.12658563038542794,0.12617548270858636,0.12562299595546964,0.12577074168910507
2018-09-07,0.12517742454664244,0.1229222390073649,0.12488706338875011,0.12360786098317841,0.1258507098444561,0.12647440455459336,0.12519350710915125,0.12588679056586335
2018-09-10,0.1250332862042461,0.12298037693613591,0.12468011246210717,0.12400472050820885,0.1260480253626902,0.12602041281315723,0.12529342677849997,0.12593963893495455
2018-09-11,0.12538263617054074,0.12386573908850437,0.12482191700806668,0.12405550154309969,0.12596966676842508,0.1260351448145676,0.12427747439195294,0.12559192021484292
2018-09-12,0.1252181181152359,0.12330858976870077,0.1243292797345502,0.12438912145722417,0.12583438839456532,0.12689522030265124,0.12437720606907647,0.1256480761579959
2018-09-13,0.12550413902367924,0.12417570707328714,0.12390957196892964,0.12485799110209429,0.12599763475527506,0.1259831834416893,0.12411586025930614,0.12545591237573922
2018-09-14,0.12577676787209394,0.12405991319491952,0.12468113154797877,0.12529535346575096,0.12544990343394175,0.12541394982301832,0.12376893916915468,0.12555404149314203
2018-09-17,0.12544684757690958,0.12260150313672301,0.12368835470198299,0.12574473868862457,0.12619529532289947,0.12640721996729723,0.12410132853777021,0.1258147120677929
2018-09-18,0.12601115830035217,0.12350152888090563,0.12409164329173468,0.12694479321647675,0.12547427205497516,0.12610160949988006,0.12268995632100782,0.12518503843466774
2018-09-19,0.1263800069881128,0.12363643800181266,0.12386972126888697,0.1276328941025263,0.12423857796374554,0.1268261027249919,0.1221845773452223,0.12523168160470147
2018-09-20,0.12644139789805092,0.12405882999827655,0.12407133034370234,0.12823864731373572,0.12445698483210434,0.12629875019515321,0.12182282154089868,0.12461123787807835
2018-09-21,0.12661317482852782,0.12366113556632936,0.12375802309155555,0.12858653991358263,0.12469489965345192,0.12572195711268846,0.12204780074644353,0.12491646908742082
2018-09-24,0.12669587239656,0.12449961069150105,0.12379216455537108,0.1285162293538971,0.12294401219060845,0.12620110466621534,0.12222055382024027,0.1251304523256067
2018-09-25,0.12645553840981058,0.12454788798765962,0.12386148990594581,0.12903054701766387,0.12284010561397994,0.1262787096456453,0.12197662754832825,0.12500909387096662
2018-09-26,0.12635493749015175,0.12491041943503191,0.12299979496403471,0.12937136015650824,0.12163677880417777,0.12588880280693926,0.12310457685523982,0.1257333294879165
2018-09-27,0.12659765136498735,0.1258582096166897,0.12289995776943989,0.1289952022716788,0.12211373681448472,0.1246665445647249,0.12308093442015719,0.12578776317783755
2018-09-28,0.1264412683201369,0.12566273951361956,0.1231079821712182,0.12777018515921432,0.12360491596840935,0.12528858622152028,0.12259222541880622,0.12553209722707517
2018-10-01,0.125,0.125,0.125,0.125,0.125,0.125,0.125,0.125
2018-10-02,0.12496648523155053,0.12475732638493366,0.12368620463802142,0.1243964466032985,0.12475779567224707,0.12648338181033622,0.12580369923048876,0.12514866042912384
2018-10-03,0.12549717227521823,0.12535321002620434,0.12522986666341587,0.12463491795536148,0.12388423374899618,0.12644912055865387,0.12407519749187962,0.12487628128027047
2018-10-04,0.12564235802069165,0.12405841400263673,0.12458838748700425,0.12429234116335984,0.12395891205348376,0.12766014814154458,0.12431408606735052,0.12548535306392866
2018-10-05,0.12561119553060518,0.12320060769736761,0.12412559448954905,0.12421271438107653,0.12456192399576152,0.12870869977382227,0.12390853723899209,0.12567072689282574
2018-10-08,0.12583596561766394,0.12266748355327624,0.1240870449949157,0.123835375463184,0.1265879351744612,0.12751139018939198,0.1237129739077773,0.12576183109932954
2018-10-09,0.12549371050490957,0.12290946641693239,0.12344788285250427,0.12336088518702103,0.12660341650361798,0.12741830831305134,0.1248070311964829,0.1259592990254806
2018-10-10,0.12372159669086133,0.11963271997470697,0.12207411241307849,0.12292830382747352,0.1269823553532316,0.13004920705473041,0.12672191075633202,0.1278897939295856
2018-10-11,0.12178498759301463,0.11891884815511793,0.1205231313957105,0.12200353081781207,0.12415168560140794,0.13425961452678806,0.1290986782817836,0.12925952362836532
2018-10-12,0.12297530532461136,0.12173239509666109,0.1200575165688869,0.12194773379542848,0.12332260338993194,0.13307961310213265,0.12812711066625537,0.1287577220560923
2018-10-15,0.12235563535556326,0.12032885646000141,0.12057306741941094,0.12173198439054332,0.12422433955973684,0.13404676479433553,0.1281455570131714,0.12859379500723733
2018-10-16,0.1232197513190096,0.12203561055927278,0.12227158530522872,0.12202128657329922,0.12494277268349101,0.13187708135432957,0.1265761491394846,0.12705576306588448
2018-10-17,0.12361523053339811,0.12245375526065648,0.12211641976119982,0.12169211206569758,0.12483874735753162,0.13226531083979967,0.1262069454947723,0.12681147868694437
2018-10-18,0.12293822874355749,0.12070299974948254,0.1209180572356295,0.12081654675057349,0.12573082136635735,0.1336182248785068,0.12731018069069197,0.1279649405852009
2018-10-19,0.12287374174421802,0.12059366673432048,0.11964082870713286,0.12150497525236481,0.12682074123915654,0.13372436984959166,0.12703315062549198,0.12780852584772362
2018-10-22,0.12271047555939824,0.12159869212909416,0.11976226169203204,0.12135521004252872,0.1254481841110238,0.13380192292140883,0.127268280208884,0.12805497333563023
2018-10-23,0.12225282497333864,0.12131699628949183,0.11885249025140752,0.1203722785238873,0.12617425424528236,0.1347723902994031,0.1278463871598457,0.12841237825734358
2018-10-24,0.12029164593001608,0.11746669735461797,0.11605933000810105,0.11868334244496831,0.12923728013788027,0.13707108643395324,0.13070535787916315,0.13048525981129994
2018-10-25,0.12113278732840177,0.12022344796655436,0.11729691892051441,0.1188870081195622,0.12948433233206016,0.13529469605362857,0.12875897466052222,0.12892183461875623
2018-10-26,0.12008291106127157,0.11819463514425155,0.11706806923584444,0.11915181083366684,0.12752147191770305,0.13695707259102433,0.13071234780446833,0.1303116814117699
2018-10-29,0.119829462612213,0.11616129327462885,0.11682664156753993,0.11923184385332292,0.1295856300808789,0.13688802708946682,0.1308665718814535,0.13061052964049596
2018-10-30,0.1206638178966358,0.11716158245704764,0.11834074388706718,0.11973803460484918,0.13034240034790393,0.13523281111463273,0.12920837378843028,0.1293122359034333
2018-10-31,0.1217267326700011,0.11969339956241826,0.11835826869541859,0.12040298027600084,0.12857423717043096,0.13422467037990166,0.12831387063085167,0.128705840614977
2018-11-01,0.125,0.125,0.125,0.125,0.125,0.125,0.125,0.125
2018-11-02,0.1249042225825214,0.12369134516710266,0.12606592515143464,0.1258271882160725,0.12461050469721695,0.1256699678087022,0.12408632564031286,0.12514452073663665
2018-11-05,0.125274333183993,0.12307126337099442,0.12564776956361962,0.12550762916015704,0.12614159267094385,0.12504992443329255,0.12425739204221996,0.1250500955747795
2018-11-06,0.12565517930399503,0.12359845614860204,0.1258557523276668,0.12561097241230837,0.12636441413036714,0.12428788530948649,0.12377430141017927,0.12485303895739497
2018-11-07,0.12676260626595184,0.12590345737233952,0.12653035250717592,0.12571980957322318,0.12629566416451055,0.12274463408357446,0.12241114156469296,0.12363233446853159
2018-11-08,0.12693156620678195,0.1254948897818903,0.12659071480230003,0.12488367509434677,0.12678833631601433,0.12286641681807475,0.12278625849511669,0.12365814248547524
2018-11-09,0.12656665943388243,0.12423891000341455,0.12510914405712453,0.12492559658177584,0.12765511420042103,0.12233258315078094,0.12456416667180274,0.12460782590079791
2018-11-12,0.12551594035189334,0.12175441767516489,0.1239301972410426,0.12417685910368943,0.12926195508615435,0.12274149695684972,0.1267039804063503,0.1259151531788554
2018-11-13,0.12532112651802685,0.12189586431089323,0.12357583169528491,0.12475430867609567,0.1291752052227473,0.12282395044633777,0.12666677197604526,0.12578694115456893
2018-11-14,0.12473303541849329,0.12122705986406707,0.12293773441230922,0.1251233722930577,0.12913311161328833,0.1241066916027311,0.12701807656383474,0.1257209182322186
2018-11-15,0.1254652251799166,0.12279025763119261,0.12412631786728466,0.12495526640549404,0.1276709851475481,0.1236858783329632,0.12638864766027716,0.12491742177532361
2018-11-16,0.12534066633708293,0.12192075297152447,0.12397519170488527,0.12464600385197752,0.12858215981831503,0.1241553528385808,0.1266645353001947,0.12471533717743921
2018-11-19,0.12436752821425956,0.11905911819475683,0.12259267263535276,0.12470722334961082,0.12995574625195797,0.12536521749076898,0.12820023662356486,0.12575225723972833
2018-11-20,0.1233670684919373,0.11817491074298715,0.12151064712326855,0.12385545959128981,0.12999348742386604,0.12670149271151607,0.12961173335552334,0.12678520055961176
2018-11-21,0.12313441742905136,0.11844515742987703,0.12255859182241394,0.12492963449040674,0.12942072802394494,0.12624008414104101,0.12888318083243627,0.12638820583082874
2018-11-23,0.12265351101232562,0.11791669093182623,0.12278451063898307,0.12445250007198681,0.1295229490684959,0.12649419326466366,0.12937783349082016,0.1267978115208986
2018-11-26,0.12363978681696643,0.11968013367336486,0.12338671110842162,0.12531853013865757,0.1287310104218674,0.12534454283999888,0.12805624615931938,0.1258430388414039
2018-11-27,0.1241669259326606,0.12019183151138556,0.12247505643744222,0.12495080361139506,0.12939305165793197,0.12470829209349059,0.12831610544751945,0.12579793330817443
2018-11-28,0.12541179030169558,0.12248361634687806,0.12390576854568264,0.12512059258197486,0.12889189714793808,0.12358421420428695,0.12606869588273908,0.12453342498880478
2018-11-29,0.1252733096197405,0.12221652975971307,0.12370594583720937,0.12462354164395265,0.12906335591625887,0.12410412345519797,0.12670152678482297,0.12431166698310463
2018-11-30,0.12563919240463522,0.12271484097859943,0.12395716225517489,0.12369818578506095,0.12987592226178862,0.12349871660965682,0.12677439867354498,0.12384158103153901
2018-12-03,0.125,0.125,0.125,0.125,0.125,0.125,0.125,0.125
2018-12-04,0.12296418565612685,0.12220744899148026,0.12167134719098475,0.12378500701733737,0.12520083254756992,0.12785701522853224,0.12920946047263487,0.12710470289533374
2018-12-06,0.12238992123282635,0.12268158608063817,0.12102409997514507,0.12223888628740745,0.12789491422807645,0.127475059836293,0.12920595664576687,0.12708957571384658
2018-12-07,0.12089202981553049,0.11996686385323635,0.1197426898621156,0.1223662578849588,0.12764061696704038,0.12995571127441052,0.13090385213714759,0.12853197820556028
2018-12-10,0.12113989334962875,0.12124170574697078,0.11941177980445082,0.12143814273438786,0.126836241619097,0.12952433071776043,0.13146566626725406,0.12894223976045027
2018-12-11,0.12107020593885708,0.12154562998380522,0.11919136474105792,0.12172319751400659,0.12679662273256306,0.12926646902729924,0.13133813280703815,0.1290683772553727
2018-12-12,0.12137889982925296,0.12231216233625683,0.12003207817840755,0.12320923759255915,0.124530745490443,0.12922102751479247,0.13042922799985418,0.12888662105843385
2018-12-13,0.12151452800232702,0.1225274405457114,0.11850533712044858,0.12316755165051357,0.1254328499294011,0.12912361920919782,0.13031020778187258,0.1294184657605279
2018-12-14,0.12037478906463273,0.1206505538996507,0.11779271387287595,0.12270430891979803,0.12622945017773754,0.12979767752950136,0.13197305270611753,0.1304774538296861
2018-12-17,0.1194032842299554,0.11930556427590043,0.11652601218123108,0.12316396408091562,0.12290586061154922,0.13223525431250896,0.13430516670439127,0.13215489360354807
2018-12-18,0.1188644511534974,0.11964523700064038,0.1159834043148404,0.12284200220237704,0.12374789264191728,0.13209606315394212,0.1346474629616902,0.13217348657109515
2018-12-19,0.11812412328709697,0.1177437733192725,0.11457650476310588,0.12274345651134845,0.12347648262450697,0.1324569937333753,0.13763776004448094,0.13324090571681296
2018-12-20,0.11699324461820204,0.11682785050937643,0.11345486581999584,0.12307577116684977,0.12245137694972841,0.13541527363904568,0.1380726040746393,0.13370901322216255
2018-12-21,0.11617068347478954,0.11476240699333705,0.1120290742737386,0.12259435742986116,0.12240611459063722,0.13667722716242045,0.13994652624660162,0.13541360982861445
2018-12-24,0.11447446923161761,0.11327549509875509,0.11119001371426564,0.12263868624637295,0.11947904641984466,0.1398516810001617,0.1423499285210296,0.13674067976795284
2018-12-26,0.11755582729092139,0.11764386537958878,0.11391522975315259,0.12266434487734598,0.12070138412810154,0.13629888854147984,0.13766000461122188,0.1335604554181881
2018-12-27,0.11807648053168439,0.11771842330794985,0.11402136504614169,0.12262601812518946,0.12029605554898451,0.13689269933344841,0.13723905493563232,0.13312990317096934
2018-12-28,0.11751347260670733,0.11724711799799695,0.11395017298437969,0.12284779713165003,0.12026518396533493,0.13697031843933036,0.1379117593695804,0.13329417750502015
2018-12-31,0.11800838124262912,0.11770282457285014,0.11432448761818849,0.12248155278146122,0.12004504762348794,0.13656689989338822,0.1378118327367318,0.1330589735312631
2019-01-02,0.125,0.125,0.125,0.125,0.125,0.125,0.125,0.125
2019-01-03,0.12287090908154936,0.1217622329650105,0.12362187238623581,0.12473731962433139,0.1267546568057594,0.12701582229875874,0.12730694230140735,0.12593024453694746
2019-01-04,0.12490465137859952,0.12489010938864371,0.12613719478426247,0.126449258382563,0.12613613907727048,0.12392320931107681,0.12377035386005482,0.12378908381752908
2019-01-07,0.1250792969123048,0.12556367612918642,0.1275178000516937,0.12611777868551935,0.12655537944755277,0.12355147846107224,0.12261127973783396,0.12300331057483682
2019-01-08,0.12533793460994141,0.12577972182260644,0.12853284263802725,0.12601419432296326,0.1282314070168937,0.12232244727043128,0.12140130544697963,0.12238014687215701
2019-01-09,0.12530189864655317,0.12617856813029116,0.12895395646783792,0.12680058932366875,0.12741495563419383,0.12249962068572756,0.12061282745990948,0.12223758365181815
2019-01-10,0.12550782147384834,0.12630189861469762,0.12937840382218518,0.12705877528295087,0.12890489141758424,0.12154986807884327,0.11961180469171172,0.12168653661817881
2019-01-11,0.12555359791448248,0.12583714529599815,0.1294116293062918,0.12618761140027185,0.12926792181926258,0.12175718419919823,0.12007592708969154,0.12190898297480342
2019-01-14,0.12537129736047736,0.12530859428278146,0.1287228884035681,0.12619620917655702,0.12943825270533346,0.12261793691474604,0.12018871330710938,0.12215610784942715
2019-01-15,0.12601475692488315,0.12695608449453913,0.128996692309947,0.12606724300692856,0.12985676341767569,0.12164118911901378,0.11900050702101336,0.12146676370599924
2019-01-16,0.1259103521946178,0.12652130108186138,0.12953770753487356,0.1260085072895907,0.1303459391996674,0.12163496709098287,0.11873345370612254,0.1213077719022837
2019-01-17,0.1263193641800882,0.1269697901129052,0.13014912396701475,0.12591669354435858,0.13041074701802657,0.12095278356900176,0.11825179653934356,0.12102970106926136
2019-01-18,0.12742661604980773,0.12765174867940082,0.1308981075697156,0.1266165436210893,0.13026872864594935,0.11933549875446253,0.11710435798123926,0.1206983986983355
2019-01-22,0.1266271378198431,0.12601249548307486,0.12977298342384508,0.12557294785805947,0.1308277966455139,0.12063800749679307,0.11876255951923206,0.12178607175363851
2019-01-23,0.1267966301397221,0.12608095279267814,0.12931766649641105,0.12605333357779983,0.1307458630736776,0.12037852001941998,0.1186239631569089,0.12200307074338246
2019-01-24,0.12646425944788672,0.12649761271989343,0.1296857791663303,0.12579940792875494,0.13077822512213375,0.11981123347997197,0.11902653989251562,0.1219369422425132
2019-01-25,0.1264472010850164,0.1269178285981365,0.13023320301687744,0.12614738716786494,0.1312787284389461,0.12052630257797275,0.11744676572465913,0.1210025833905267
2019-01-28,0.1257810068980267,0.12564460262067667,0.12983926240786714,0.1257522838361365,0.13287914904338333,0.1212322993699022,0.11760553577666231,0.12126586004734516
2019-01-29,0.12546280137649418,0.1243084592576089,0.12937312416847868,0.1258852232779948,0.1337645430508651,0.1217639500816343,0.11805888984594398,0.12138300894098004
2019-01-30,0.12616321808511585,0.12618460798163705,0.12946956597064813,0.12598262569790847,0.1334822667773338,0.12122581867540531,0.11678098768747305,0.1207109091244783
2019-01-31,0.12632901392008822,0.12712527282167113,0.1296065953033162,0.12510985429408253,0.13387438466928342,0.12038627053434842,0.11691332856897564,0.1206552798882344
2019-02-01,0.125,0.125,0.125,0.125,0.125,0.125,0.125,0.125
2019-02-04,0.12537234072852144,0.12604285818786248,0.12598196643922108,0.12495338171062166,0.1254276837042312,0.12395643797368885,0.1239406567012717,0.12432467455458163
2019-02-05,0.12528906205420828,0.12654317286238845,0.12550552392207914,0.12531798603550776,0.1255387295114294,0.12367544371207821,0.12390464653616891,0.12422543536613984
2019-02-06,0.12552109388150287,0.1265663347531116,0.12574569891087953,0.12508111144106812,0.12511252422446575,0.1232295122106208,0.12435961674615806,0.12438410783219327
2019-02-07,0.12475630976994943,0.12530026447227377,0.1251456989291658,0.12384353870056776,0.12658526918654325,0.1239579958384261,0.12561636776713214,0.12479455533594182
2019-02-08,0.12472749565596947,0.12536393364420456,0.12509776270080603,0.1232663897033957,0.12640163819407682,0.12424832233380262,0.1259695150267621,0.12492494274098266
2019-02-11,0.12481709981069147,0.12526541923387707,0.12616193567608006,0.12316727500256382,0.12676798848145085,0.1236583620150345,0.12549584405678882,0.12466607572351329
2019-02-12,0.1256952992411648,0.12638675211251593,0.12700554255389845,0.12388215782131574,0.12524716819509144,0.12320601493033669,0.12445690204253541,0.12412016310314153
2019-02-13,0.12607348264924245,0.12644546507256152,0.1273322230678223,0.12387249356440462,0.12585984093086233,0.1226894596841069,0.12395654263474178,0.12377049239625815
2019-02-14,0.1255251659920498,0.1263303792250222,0.12735018415967497,0.12364737328074706,0.12599355608155463,0.12311216015187831,0.12439654776864442,0.12364463334042862
2019-02-15,0.12592970129443765,0.12589852724393297,0.12839700005084584,0.12448934743743521,0.12588029814705268,0.12290631421186979,0.12364482189996068,0.12285398971446522
2019-02-19,0.12570518152472476,0.12570503497669339,0.12829886642052996,0.12452069554713997,0.12540929741643736,0.12433983231271739,0.12352427140325369,0.12249682039850344
2019-02-20,0.12599228626242687,0.125716822697075,0.12893942139158046,0.12490512619305279,0.12466133576956813,0.12415717045128671,0.12320366646577302,0.12242417076923692
2019-02-21,0.12609753158913997,0.12580903315480366,0.12901397013211702,0.12520089590308295,0.12532917529831608,0.12329440214479363,0.12264049317678595,0.12261449860096071
2019-02-22,0.12615915249463383,0.12602060518636068,0.12939440985133632,0.12489929451567802,0.1253541575882896,0.12303573690394964,0.12267086483556652,0.12246577862418538
2019-02-25,0.126392276092691,0.126541314473545,0.12949003081205746,0.12533027684415785,0.12442788997566448,0.12296803302767322,0.1223670512206718,0.12248312755353924
2019-02-26,0.1262550452179231,0.1266256205086343,0.12855007516460842,0.125887750254914,0.12399884133565515,0.123128338890022,0.12292718125013258,0.12262714737811037
2019-02-27,0.12666850014734307,0.12701438543121463,0.12920720709905542,0.12584585664836181,0.12383742281209187,0.12270876148151443,0.12198491656853017,0.12273294981188851
2019-02-28,0.1266981035846475,0.12698786829223915,0.12903416999603418,0.1259338319701266,0.12442348556016626,0.12227617177467133,0.12182498739200141,0.12282138143011366
2019-03-01,0.125,0.125,0.125,0.125,0.125,0.125,0.125,0.125
2019-03-04,0.12461094271359324,0.12508741836886744,0.12393569877573532,0.12460137004523132,0.12563346008724435,0.12473751903779534,0.12604608711530946,0.12534750385622356
2019-03-05,0.1244069386661373,0.1251459203766671,0.12332451029429412,0.12468290763931604,0.12594211395805907,0.12486706561191913,0.12627453623030008,0.12535600722330714
2019-03-06,0.12418782884576499,0.1249739152481697,0.12142923158870642,0.1249108409470978,0.12590147429760745,0.12529337145595185,0.12728591539870354,0.1260174222179983
2019-03-07,0.12368870846656434,0.12398119666968578,0.12089341668957064,0.12385786462128165,0.12618213081845603,0.12573904616562098,0.1286728034139009,0.12698483315491976
2019-03-08,0.12322322768069888,0.12357443075352853,0.1206479708105982,0.12365852056966666,0.1260945323320691,0.12689074071898587,0.12898655958476235,0.12692401754969032
2019-03-11,0.12395321727663339,0.1250780659721961,0.12171856203966587,0.12367556781121698,0.12686235672831458,0.12520341852296835,0.12751734167975434,0.12599146996925037
2019-03-12,0.12395952658324738,0.12529918680662816,0.12133030774002433,0.1231402060121423,0.1269714404585159,0.12549449606700444,0.12793565964060244,0.12586917669183506
2019-03-13,0.12423888997702545,0.12569308971377469,0.12128149130134168,0.12366016585351805,0.12704198244452167,0.12582404681434953,0.1271408094347888,0.12511952446068014
2019-03-14,0.12456179118223637,0.12588673080472365,0.12117995381805602,0.12404169912979411,0.12764659260924227,0.12477421329934661,0.126631458396236,0.12527756076036495
2019-03-15,0.12456544011437481,0.12643414586776472,0.12090798474516526,0.12477467321520597,0.12662410593898465,0.12473244709185874,0.1268461747286589,0.125115028297987
2019-03-18,0.12485912239021786,0.12657509687864432,0.1215277595314521,0.12505648404186312,0.12583001537930247,0.12464575895508197,0.12661301107934128,0.12489275174409684
2019-03-19,0.12491634506320136,0.12702735743028817,0.1209367056071907,0.12533120952558058,0.1254729734161039,0.12501643960716935,0.12635858560798738,0.12494038374247857
2019-03-20,0.12422504215454509,0.12720824604409173,0.11962519862064011,0.1250711202078429,0.12553783979327668,0.12550852876535792,0.1273571935297655,0.12546683088448005
2019-03-21,0.1247387569574866,0.12828206596322056,0.12033611532501635,0.12410998225996737,0.126869415065117,0.12411820494077609,0.12673379222577055,0.12481166726264549
2019-03-22,0.12355873990914339,0.1267163742665201,0.1171143796798244,0.12293966515485182,0.1272059830381993,0.12565064559611636,0.12998685013851846,0.1268273622168262
2019-03-25,0.12322618997011267,0.1262296549142598,0.11740267202634459,0.12287278035388784,0.12712110480294714,0.12636777785769368,0.12994239140769795,0.12683742866705652
2019-03-26,0.12368707670312187,0.1263500397512359,0.1181996589574374,0.12302813687524386,0.1276647044399495,0.12527708190843576,0.12937027804734896,0.1264230233172267
2019-03-27,0.12322778934372963,0.12572984188362268,0.11791986869496608,0.12327273653202522,0.127491993745324,0.12481189307437648,0.13075965084233532,0.12678622588362062
2019-03-28,0.12349839220167655,0.12581937806490529,0.11878323088732666,0.12277275319765572,0.12852453799978897,0.12284995644962408,0.13100737337682247,0.1267443778222002
2019-03-29,0.12398163621161468,0.12647061015031813,0.11886576080599077,0.12299288077073696,0.1281010898037412,0.12266849094009237,0.13057201598339196,0.1263475153341139
2019-04-01,0.125,0.125,0.125,0.125,0.125,0.125,0.125,0.125
2019-04-02,0.12481268309221463,0.1252244966229754,0.12442921823891587,0.1247895789249493,0.12562771746044074,0.12521355438285495,0.1249823137822032,0.12492043749544594
2019-04-03,0.12490245375122191,0.12583654526410354,0.12496738996519081,0.12565082079093107,0.12537706016002184,0.1249220934733475,0.12379333097697687,0.12455030561820649
2019-04-04,0.1250715006138338,0.12562558990401676,0.1254166821497516,0.1252226443823832,0.1250138976196435,0.12507768426474047,0.12398309918842947,0.12458890187720123
2019-04-05,0.12519454657827456,0.125790593032816,0.12610519508421209,0.12506296624955068,0.1254049360171585,0.12446500191443939,0.1236668273929502,0.12430993373059857
2019-04-08,0.12535178123779378,0.1261729638466109,0.12595898366279393,0.12520019335177857,0.1247668596442097,0.12506745177701503,0.12328887931798045,0.12419288716181773
2019-04-09,0.12505578344428156,0.1260791897109426,0.1247654204539361,0.12475252741036111,0.12445462150521976,0.12607004083220236,0.1240215133606938,0.1248009032823627
2019-04-10,0.124768941009596,0.126035129984853,0.1257426181545116,0.12451403772816637,0.12488636530713698,0.125740055042494,0.12361483871033811,0.12469801406290398
2019-04-11,0.12514760599467012,0.12615277016981377,0.12599887878699947,0.12466209177418808,0.12521443618027034,0.1245431129730383,0.12329584159357597,0.12498526252744395
2019-04-12,0.1257121554846566,0.126414505136732,0.12617280830323502,0.12525012651429124,0.1255328359638906,0.12414194888813045,0.12214354931198473,0.12463207039707926
2019-04-15,0.12577823618552306,0.126584243706728,0.12591325294747627,0.1254546656718742,0.12503875150145247,0.12405391198345547,0.12259682556272257,0.124580112440768
2019-04-16,0.12638419642745874,0.12754845562217282,0.12673470957318433,0.12607129467622552,0.1227209610593829,0.123453356147678,0.12233609240708576,0.12475093408681201
2019-04-17,0.12632609557253988,0.12824792491987747,0.12582637600531693,0.12668319014448526,0.12184514812749672,0.12346311493200128,0.12262984208893034,0.1249783082093522
2019-04-18,0.12635501217729392,0.12818939608534594,0.12523767252920096,0.12638734700330798,0.12256543454409981,0.12334093406488397,0.12305766300738546,0.1248665405884819
2019-04-22,0.12674349706544172,0.12883607835399927,0.12518389931286633,0.12645770389302438,0.1214856897745465,0.12361354434163517,0.12273756173175661,0.12494202552673009
2019-04-23,0.1269887569529957,0.12956215617376138,0.12618229036459291,0.12581857079647799,0.12223407807368757,0.12249410886006587,0.12213833547603017,0.12458170330238846
2019-04-24,0.12651641121043253,0.12895949687326166,0.12638436638677963,0.12476289693699565,0.12294784027549954,0.12266631708833978,0.12294970197625844,0.12481296925243278
2019-04-25,0.12657676802552018,0.12962459132733864,0.1254740008427531,0.1248050557430447,0.12282561324399181,0.12290243006012545,0.12290488684907436,0.1248866539081518
2019-04-26,0.12652416351036144,0.12908516509714243,0.126051064808789,0.1246815177107683,0.12317038246052577,0.12309326394075132,0.12270057815571696,0.12469386431594483
2019-04-29,0.12690855821700597,0.12952558703548042,0.12684229056816584,0.12537192336562566,0.12214323074025635,0.12272549901111093,0.12209660386295032,0.12438630719940451
2019-04-30,0.12687631412327458,0.12842379362261647,0.12615555638403717,0.12535121545206826,0.12321437246715675,0.12300721318207086,0.12262811998737272,0.12434341478140314
2019-05-01,0.125,0.125,0.125,0.125,0.125,0.125,0.125,0.125
2019-05-02,0.1249568212976294,0.12468368982490076,0.12581021951127117,0.12503854261623124,0.12535702777199817,0.12474875258756124,0.12463088014590878,0.12477406624449922
2019-05-03,0.12497104855896571,0.1254586293323098,0.12698598132464414,0.12516725081516028,0.1252129526896199,0.12428501661807295,0.12378721595513964,0.12413190470608765
2019-05-06,0.12474215765288195,0.12497644380620791,0.1274198539453345,0.12403100918543081,0.12509922728615408,0.12473520424908362,0.12441218724494897,0.12458391662995817
2019-05-07,0.12391266921427088,0.12379435905592627,0.12617517060789438,0.1231040878162749,0.12409297405323338,0.12642730600967408,0.12664672456363893,0.12584670867908715
2019-05-08,0.1240336056364909,0.12377447034676801,0.12585579490982884,0.12354741273371833,0.12425648208684442,0.12641313069749557,0.1263980883498554,0.1257210152389985
2019-05-09,0.1237587139992225,0.12320816567191653,0.12550001240991712,0.12307835645887917,0.1246765130759525,0.12681921599148588,0.12701926769204117,0.12593975470058513
2019-05-10,0.12394561142635468,0.12293028695984978,0.12540557112514286,0.12355586709631587,0.12557063550404635,0.12661567496854398,0.12640294486741094,0.12557340805233547
2019-05-13,0.12230101640109584,0.12010806637057492,0.12288733562748788,0.12214954943015079,0.12696684974074585,0.12946494275115308,0.12894605227430106,0.12717618740449063
2019-05-14,0.12276299821460611,0.12079260613513891,0.1237858668268453,0.1227307890303345,0.12677000210795916,0.1285688125897489,0.1278956243410021,0.12669330075436505
2019-05-15,0.12284477150507324,0.12186645968611878,0.12354798239393543,0.12253305623282898,0.12697006027039412,0.12783210193462227,0.12801697296465092,0.12638859501237623
2019-05-16,0.12360204791412036,0.12271350012747363,0.12393649819285948,0.12313916428778493,0.12708574061925643,0.12652354993576567,0.12719917524742483,0.1258003236753147
2019-05-17,0.12347455796104859,0.12212365658211205,0.12287779543114641,0.12299610008262417,0.12753406472675058,0.1263151696650496,0.12817972265476685,0.12649893289650185
2019-05-20,0.12347793744952913,0.1208644865299283,0.12284113987006612,0.12332114746080301,0.12653069022955188,0.12714889191874248,0.12877023230478768,0.12704547423659135
2019-05-21,0.12390515137568832,0.12145466740494852,0.12380664487808336,0.12345955896316545,0.12690928985475444,0.1261552395329682,0.12785739287018844,0.12645205512020327
2019-05-22,0.1236865255836278,0.12107218306388476,0.1229293800007686,0.12312647729912994,0.1274540178790565,0.12619470877437294,0.12875934845508072,0.12677735894407877
2019-05-23,0.1226690980518287,0.11970140002859903,0.12088537646675437,0.1224964982752917,0.12826141151826634,0.12768481502246193,0.13073392671817902,0.127567473918619
2019-05-24,0.12250871405173361,0.11921411275269853,0.12158292121212984,0.12337357964003931,0.1281968838243088,0.12736578525103373,0.13037969132270327,0.1273783119453528
2019-05-28,0.12191688243920107,0.11930165545217902,0.12115954342782594,0.12272494534350058,0.1275029984941284,0.12744467032263387,0.13191084769028147,0.1280384568302496
2019-05-29,0.12168249144141659,0.11889063705724519,0.12072624157033161,0.12252838997161339,0.12641309938274992,0.12810141548936466,0.13294837697449255,0.12870934811278614
2019-05-30,0.12149941416852829,0.11888611927745135,0.11988402265466959,0.12247021552608113,0.1264058756534717,0.12842567321544707,0.13352516922648378,0.1289035102778671
2019-05-31,0.12008891294046915,0.11721085617195533,0.11843011671306285,0.1215895644502913,0.12737799492927698,0.13040266576558834,0.1354525749299503,0.12944731409940574
2019-06-03,0.125,0.125,0.125,0.125,0.125,0.125,0.125,0.125
2019-06-04,0.1265745061471037,0.1273736051498455,0.12709322287858296,0.12530357623551514,0.12333071718526561,0.1239250126664774,0.12247289758049905,0.1239264621567106
2019-06-05,0.12714370095114783,0.12779038164848525,0.12659365220225904,0.12474742672568832,0.12538518483779457,0.12372880285208501,0.12127783014699878,0.12333302063554125
2019-06-06,0.12755117614461048,0.12838364142107475,0.12585118401461085,0.12484002604889127,0.1252143434331008,0.12372637304637894,0.12127036639197578,0.12316288949935705
2019-06-07,0.12767971429151723,0.129696961633805,0.1256124633303251,0.1252948493106843,0.12456044808852032,0.12331561011233629,0.12122975809901075,0.12261019513380104
2019-06-10,0.12827021688869664,0.13121323268162477,0.1263580157604658,0.12564328277353654,0.12415906549325978,0.12209252131662568,0.12009291448141245,0.12217075060437829
2019-06-11,0.12813939347214345,0.1312901547002893,0.12588526959671173,0.12617582594077326,0.12439807844933377,0.12185158286932408,0.12007314011121709,0.12218655486020737
2019-06-12,0.12797122357541937,0.1305906298264323,0.1260840131958195,0.12529690169808066,0.12487420518787766,0.12253989546461914,0.12021956552210121,0.12242356552965022
2019-06-13,0.12789107103494288,0.13074225174162543,0.1268127075928619,0.12481789372484378,0.12481214997381262,0.12270616595409845,0.12006257403217133,0.12215518594564356
2019-06-14,0.1280489901966817,0.13049121819241188,0.1259969970273396,0.12419539331102823,0.1251743115352755,0.1229547450133782,0.12064668958608744,0.12249165513779751
2019-06-17,0.12767295532424167,0.13084191681375829,0.12644553815527695,0.12387289204595614,0.12609446275454145,0.12246960541883353,0.12045697559950111,0.12214565388789081
2019-06-18,0.12795187567581442,0.13165465271560178,0.12686667020122297,0.12449311499953229,0.1249362896411851,0.1220799372599354,0.12006799769860314,0.12194946180810484
2019-06-19,0.12768279527703377,0.13157412120278209,0.12676583304135464,0.12471808621050162,0.1250657364821846,0.12228507069097846,0.11971722562723976,0.12219113146792511
2019-06-20,0.12777511507292055,0.13163604020191344,0.12625047890450808,0.12470988190252667,0.12459797826645108,0.1242673346925221,0.11898337317255805,0.12177979778660004
2019-06-21,0.12818964475238825,0.13205930545553146,0.1257498612525903,0.12476222805514979,0.12341972011161209,0.12568045546064527,0.1182297658657919,0.12190901904629094
2019-06-24,0.1278770893171322,0.13190298577947554,0.12407145964165274,0.12487748497393689,0.12284622343761414,0.12739191758018054,0.1189666673902764,0.12206617187973144
2019-06-25,0.12746240674805223,0.1304982208589124,0.12413032173772681,0.12495706624577364,0.12183160183878787,0.1284854466056036,0.12012620563988806,0.12250873032525539
2019-06-26,0.12788293976757317,0.1316689728462385,0.12437555932619689,0.12564865858288493,0.11991101802915763,0.127855376255304,0.11987078982543937,0.12278668536720556
2019-06-27,0.12749758648170154,0.1313082177751519,0.1258814566346467,0.12513370728092307,0.12066076819668906,0.12689549500181396,0.11992647888862783,0.12269628974044597
2019-06-28,0.12763542187957477,0.13094550878143213,0.12689838269307285,0.12533318626224035,0.12058669847123568,0.12672481138449562,0.11936065334434838,0.12251533718360015
2019-07-01,0.125,0.125,0.125,0.125,0.125,0.125,0.125,0.125
2019-07-02,0.12450746667752736,0.12467615769216299,0.12342820031466221,0.12454129646639552,0.1263446755134091,0.12683653963729977,0.12514191451663517,0.12452374918190798
2019-07-03,0.12467865558517267,0.12478948148865435,0.12349484143661676,0.12456400769019949,0.12701186234123,0.1262113155573408,0.12520629456893542,0.12404354133185051
2019-07-05,0.12524176150985253,0.12524018852744148,0.12452773543101463,0.12431100763535564,0.12727641293129785,0.12551051470032032,0.12424504994260915,0.12364732932210848
2019-07-08,0.1250310133276094,0.1248384948543688,0.12381626490529782,0.12407087448093022,0.12822045315790506,0.12518115631399407,0.12489085148056417,0.12395089147933053
2019-07-09,0.12506439448780857,0.12534091858484386,0.12386252721278397,0.12342201108771284,0.12852228867818852,0.1254968980961816,0.12472164039330187,0.12356932145917872
2019-07-10,0.12506034403577052,0.1259839177258072,0.12348373634753533,0.12326236322297587,0.12864401642264267,0.12686786349882875,0.12344099703771194,0.12325676170872771
2019-07-11,0.12605413609372162,0.12659597888038862,0.1235676491957734,0.12391356427553214,0.12768115578564973,0.1264997303242433,0.12247368458971707,0.12321410085497414
2019-07-12,0.1262039387986331,0.12690943027694304,0.12411721949948523,0.12365826932876366,0.1270927127724883,0.12687425416086656,0.12221355713531011,0.12293061802751001
2019-07-15,0.12615466948379697,0.1272239488571941,0.12337603673184218,0.12368154845343125,0.12690143047143937,0.12678251455481576,0.12282853581075302,0.12305131563672733
2019-07-16,0.1262027797379447,0.12702660892975168,0.12378256554026125,0.12362016517140792,0.12706140428976426,0.1261644764305871,0.12290593796771157,0.1232360619325715
2019-07-17,0.12520748810868174,0.12626424594529104,0.12276367533669905,0.12331616810589882,0.12649607348518183,0.12810220918930174,0.12409776054982875,0.12375237927911695
2019-07-18,0.1252214032710928,0.12596168328508373,0.122789810537034,0.12325519423467386,0.12604864650613914,0.12945124495649998,0.12366818571983029,0.12360383148964621
2019-07-19,0.12541933092742344,0.12593580501511129,0.12295941527553872,0.12378058467177407,0.12488199562054317,0.12845993190529542,0.12426301879096215,0.1242999177933518
2019-07-22,0.1254996663060666,0.12670803962205776,0.12262495349703327,0.12368838592145377,0.12454166978541283,0.1282081514881021,0.12427346036075992,0.12445567301911381
2019-07-23,0.1259696138718041,0.1271060821821631,0.12302147369953063,0.12404084114634205,0.12552737899234895,0.1270524119675836,0.12317736590809612,0.12410483223213145
2019-07-24,0.12590137890288228,0.1273303343896745,0.12440485049617099,0.12348723786284305,0.12497146833379727,0.1270324618660354,0.12306705265291332,0.12380521549568324
2019-07-25,0.12620649064460293,0.12703579917575292,0.1237910733820988,0.12311883554556005,0.125135304152268,0.12704695589207177,0.12336496798677331,0.12430057322087225
2019-07-26,0.1264067755522754,0.12769172692557335,0.12462097027153786,0.12273709147849923,0.1250663629223537,0.12661010266906947,0.12302842147421383,0.1238385487064771
2019-07-29,0.1261888544979294,0.12726607072355145,0.12380062155017116,0.12301140972731349,0.1254185467721763,0.12746570700624743,0.12307783969875813,0.12377095002385263
2019-07-30,0.12578498821813533,0.1266219822995887,0.12504694853106998,0.12149621712961924,0.12632979955604867,0.12779641333893357,0.12328508354551733,0.12363856738108718
2019-07-31,0.12516194578981008,0.12562674376879615,0.12478369274722304,0.12142159553769723,0.12659608664240182,0.1268841169236669,0.12502867773131965,0.12449714085908517
2019-08-01,0.125,0.125,0.125,0.125,0.125,0.125,0.125,0.125
2019-08-02,0.12453981613592599,0.12363688019913537,0.12409393311430497,0.12437176650446248,0.12609171179230239,0.1250063119156479,0.12664435339678112,0.1256152269414398
2019-08-05,0.12243514676065421,0.12088812231285861,0.12200388450467925,0.12291445369635833,0.12528602737193328,0.12847575388389096,0.1305837020388934,0.1274129094307319
2019-08-06,0.12296780185882386,0.12141105904246495,0.12195044711907589,0.12256516078970717,0.12546558096397437,0.12828451316613532,0.13037175878984003,0.1269836782699783
2019-08-07,0.12250629846336362,0.12153704308416807,0.12138853644291764,0.12250146504082722,0.12613442124962887,0.12966775444056303,0.1298521672378138,0.1264123140407178
2019-08-08,0.1233867101637813,0.12266790551549822,0.12249407936831348,0.12218366958755857,0.12678467911392396,0.1287314724325707,0.12854357217443105,0.1252079116439227
2019-08-09,0.12323480837327806,0.12219732332835696,0.12163187729135808,0.12201717885505196,0.12734285320289684,0.12902547712637816,0.12900792552132795,0.12554255630135208
2019-08-12,0.12186312326176388,0.12092252932044432,0.1201838526022351,0.1211755870573824,0.1271404789110977,0.13041430351042832,0.131836677878446,0.1264634474582022
2019-08-13,0.12304006708774617,0.1228554541860032,0.12077230415971499,0.12161071746356367,0.12658402926469223,0.12888478823992508,0.13062236874704833,0.12563027085130624
2019-08-14,0.12082249525650647,0.12060177964639425,0.1187933529854895,0.11967985550772892,0.12614184418683197,0.13131029627952284,0.1351541304507017,0.12749624568682427
2019-08-15,0.12061406806510837,0.11993856142540166,0.117806327802409,0.11956679718267037,0.1268433181795024,0.13160845492182244,0.1360617906500999,0.12756068177298585
2019-08-16,0.12150793573400415,0.12098160103019137,0.1194778085961213,0.12012950223742423,0.1272229548590543,0.12981945943732032,0.13399504903288284,0.12686568907300155
2019-08-19,0.1226778544279599,0.12261197960418495,0.12039510872033249,0.120573896381552,0.1278374555185754,0.1279943286676393,0.1317628008594104,0.1261465758203455
2019-08-20,0.12184644795264667,0.12177051918628454,0.11971593857744657,0.12027682722530436,0.1270459837451062,0.12910719828919628,0.13324467409863122,0.12699241092538407
2019-08-21,0.1224254054945121,0.12243926027539276,0.12029803336676732,0.1207180856561556,0.12714713693636182,0.12826664538905205,0.13191219531701256,0.1267932375647458
2019-08-22,0.12263623831973053,0.12229114483897202,0.12026182096640071,0.12073231302984572,0.12798971893193772,0.12820072330761131,0.13130238321009213,0.12658565739540978
2019-08-23,0.12055524826888166,0.11948086134149064,0.11761759337291847,0.12029824944348852,0.12732412208401708,0.13188181553362063,0.1346544951439569,0.12818761481162624
2019-08-26,0.12117481487594192,0.12057545496099716,0.1182155285117083,0.12057838808921408,0.12755565586429235,0.13112794128963542,0.13332511663618563,0.12744709977202515
2019-08-27,0.12057251751951999,0.12019454573832715,0.11634034685536586,0.12035525637168148,0.12705912831861213,0.1322437946811604,0.1352371434892426,0.12799726702609038
2019-08-28,0.12107571263517192,0.12028115636532953,0.11736244902714754,0.12001245363300017,0.1271142453563858,0.1314957213573847,0.1350255637508759,0.12763269787470438
2019-08-29,0.12192256467834783,0.12142340822224629,0.11873938408536609,0.12036001303512424,0.1273703137050077,0.1298087143049632,0.13374639158325244,0.12662921038569208
2019-08-30,0.1219051648736006,0.12116924909677318,0.11856013300918647,0.12087439936598685,0.12750560043540077,0.12951451909068196,0.13382315920075127,0.12664777492761897
2019-09-03,0.125,0.125,0.125,0.125,0.125,0.125,0.125,0.125
2019-09-04,0.1253855980990572,0.12576811980407082,0.12497589923876219,0.12572735219517744,0.12501667632358227,0.12475246589641634,0.12416363966026416,0.12421024878266965
2019-09-05,0.12701621994756937,0.12809096680846466,0.12731937769666965,0.12641412597381904,0.12412980255620172,0.12177623063721568,0.12193298163280109,0.12332029474725882
2019-09-06,0.12706927552196487,0.12791873880809548,0.1266911193108917,0.12678194779736202,0.12436531145899206,0.12069556444924978,0.12275707633729079,0.12372096631615334
2019-09-09,0.12742241146015437,0.12794198966934273,0.12868198682125823,0.12744446274309232,0.12404795917260546,0.1205183297576785,0.12085050873786171,0.12309235163800672
2019-09-10,0.12790466139805737,0.12808681274343975,0.1308492126993192,0.12817429502529054,0.12326103537965126,0.11996729405624072,0.11920954611737787,0.12254714258062319
2019-09-11,0.1280388454474307,0.12851127868277187,0.13272464445943818,0.1281102628374913,0.12265222795622695,0.11996827417430438,0.11828150281857519,0.12171296362376148
2019-09-12,0.1282619758331486,0.12882420651030535,0.13253070372244397,0.1286360144286423,0.1230929920286496,0.12000877234258177,0.11730510719910639,0.12134022793512199
2019-09-13,0.12888512394877683,0.12907356375637205,0.13349223898197668,0.13007677359112813,0.12245040188756157,0.11967290907918393,0.11543409885017208,0.12091488990482877
2019-09-16,0.12816505260861816,0.12817504057936094,0.1336571128521825,0.12858987450291084,0.12320983740129675,0.12036960072725851,0.11661209541861972,0.12122138590975261
2019-09-17,0.12803645497991556,0.12833609511722072,0.132839961706581,0.1285677720191713,0.12410350442096933,0.1201827552226201,0.1168311215646294,0.12110233496889264
2019-09-18,0.12828464987805102,0.12845459682459984,0.13219858249609928,0.12858289977816983,0.12384413297041266,0.11958731994858578,0.11748407469323813,0.12156374341084342
2019-09-19,0.12806875723318278,0.12846009038291992,0.13134401275952298,0.12880628518743067,0.12408208560558107,0.1198776493719221,0.1176469886287333,0.12171413083070716
2019-09-20,0.12730158148490897,0.1269395200113727,0.13089906132589363,0.1283488397089264,0.12392429542026566,0.12114041585098537,0.11904955463218025,0.12239673156546711
2019-09-23,0.1272262305841943,0.1269501649249554,0.130751310609049,0.12797028279476536,0.124078861609417,0.1217748446879601,0.11898186105326322,0.12226644373639563
2019-09-24,0.12660257173033448,0.12563598435744922,0.12915997184430347,0.1278594277201281,0.12417113135639855,0.12278203598269938,0.12077353953795653,0.12301533747073025
2019-09-25,0.1275166726148499,0.12721110319256881,0.1307445119036273,0.12765189362054435,0.12457379975352502,0.12066135533484836,0.11916139002695414,0.12247927355308218
2019-09-26,0.12721050702072698,0.1267023101243183,0.1292440714422597,0.12808281416925568,0.12558052964351737,0.12058892676257195,0.1198897511923081,0.12270108964504188
2019-09-27,0.12712516761362785,0.12572338024892912,0.1288172437967699,0.12825584290830297,0.12547507331360763,0.12053694250278206,0.1207543202127288,0.12331202940325171
2019-09-30,0.12752839206286637,0.12673472180143497,0.12878238219214155,0.12854180107569527,0.12550735954185677,0.11849241735450149,0.12087381957052662,0.12353910640097704
2019-10-01,0.125,0.125,0.125,0.125,0.125,0.125,0.125,0.125
2019-10-02,0.12361625128774495,0.12367544122686581,0.1248892494497404,0.12326666626108738,0.12530780130994235,0.12730817366567784,0.12614668044504515,0.1257897363538962
2019-10-03,0.12375794359360497,0.12415892336226103,0.12442902938989664,0.12321790869142012,0.12563604725414232,0.12699113392237577,0.12640763572616687,0.12540137806013224
2019-10-04,0.12445430982197907,0.12500455466271748,0.12462843794496845,0.12321693860870452,0.12540779515365338,0.1260006395569194,0.12634773009148725,0.12493959415957051
2019-10-07,0.12445353186308739,0.1251664629585885,0.12494949093929839,0.12359583784356665,0.12568081815597648,0.12546680721644937,0.12584272536977723,0.12484432565325597
2019-10-08,0.12330167732753686,0.12407647907728117,0.12370118973747599,0.12321844041293883,0.12581635997355373,0.12736964626162953,0.1269851983871651,0.1255310088224189
2019-10-09,0.1240343038092334,0.12484651036424285,0.12382953169382105,0.12367416607921408,0.125616671836417,0.1270374285469352,0.1258233208279667,0.12513806684216966
2019-10-10,0.12491607558325536,0.1258565915916021,0.12436884523760995,0.124587205408029,0.12586268914391144,0.1259717230024932,0.12399182143258722,0.12444504860051175
2019-10-11,0.12561649630658578,0.1268769460824715,0.12587781738562517,0.1262145925155754,0.12521595929122334,0.12468376755621194,0.12188028896017943,0.12363413190212742
2019-10-14,0.12538708549656663,0.12677318296040244,0.12532747116288695,0.12560501461622256,0.12518039765080324,0.12509308944531672,0.12267794566600651,0.12395581300179492
2019-10-15,0.12622067957965832,0.1279718621706519,0.12635948376544112,0.1266581515172663,0.12493816032634428,0.12382109477342257,0.12080465863600975,0.12322590923120573
2019-10-16,0.12591581282983752,0.12755094179524729,0.12639047723570457,0.126747134576301,0.12485029618273531,0.12442966524617521,0.1208535928874894,0.12326207924650973
2019-10-17,0.12586129543854657,0.12745669276516988,0.12745212163164374,0.126625299831847,0.12524367453296584,0.12418671581530294,0.12015338556512337,0.12302081441940058
2019-10-18,0.12549311167291105,0.12641587499763285,0.12703028004828776,0.126752569417791,0.12638895598294198,0.12423514116237995,0.12032859712774097,0.12335546959031439
2019-10-21,0.1259616813834271,0.1271512323273602,0.12783272182696648,0.12705559943660152,0.12696637602268873,0.12326848941124849,0.11906211697431912,0.12270178261738834
2019-10-22,0.1256369151429378,0.12622589341198098,0.12806226049258107,0.1268381188111944,0.1266806408235423,0.1237155020913346,0.11984113923224549,0.12299952999418341
2019-10-23,0.1257242244596798,0.12619003393934444,0.12793692023376643,0.12724346445601406,0.126680371163538,0.1237328456799279,0.11969659911263374,0.12279554095509575
2019-10-24,0.12566945722410158,0.12715438899842504,0.12749066027084252,0.12720855106682943,0.1260999085525962,0.12435585286901636,0.11920950440733145,0.12281167661085746
2019-10-25,0.12608815817114644,0.12807240995562494,0.12807125666686464,0.12724472650815352,0.12492896608387401,0.12455104453456003,0.11853698485245097,0.12250645322732549
2019-10-28,0.12675080780848494,0.1292868697810107,0.12912949373912036,0.12776592025990283,0.12412540979137088,0.12343311525649783,0.11741420037461339,0.12209418298899909
2019-10-29,0.12677434035651305,0.1283475166892671,0.12961326790274438,0.12778957897895954,0.12494188600403046,0.12315022175475637,0.11754793991227028,0.12183524840145882
2019-10-30,0.12660689492007768,0.12840530622683446,0.12861844976744194,0.127759883151616,0.12484464204117227,0.12328466296448613,0.11874632828909051,0.12173383263928104
2019-10-31,0.12601219839564484,0.12820199672947863,0.12763367677998133,0.12719746897156922,0.12436586894256425,0.12426340639683554,0.12010288444311562,0.12222249934081057
2019-11-01,0.125,0.125,0.125,0.125,0.125,0.125,0.125,0.125
2019-11-04,0.1256124250477478,0.12588356619709282,0.1257824126503951,0.12575357694072944,0.12423399021703933,0.12474996209579382,0.12346310751275917,0.12452095933844254
2019-11-05,0.12627964687209225,0.12676199158191032,0.12674987350443778,0.1263208609215316,0.12290865613227286,0.12352005028858325,0.1228589182549807,0.12460000244419128
2019-11-06,0.1261573738077929,0.12632581809376298,0.12586647656810163,0.12611432141659545,0.12302845413795932,0.12390162481672615,0.12345457189196354,0.125151359267098
2019-11-07,0.127208318577888,0.12735751740558632,0.12680591656640872,0.12710941568063486,0.1223855104926637,0.12256360341827723,0.12179930562745225,0.12477041223108892
2019-11-08,0.1276067955453893,0.127950883618868,0.12723413044391144,0.1271195614880893,0.12217181935546101,0.12186453085216079,0.12136746887661568,0.12468480981950454
2019-11-11,0.127455717450633,0.12787210315186628,0.12708652343048532,0.12704454157901474,0.12252906861982782,0.12166019048950319,0.12153670825389384,0.12481514702477578
2019-11-12,0.1276206414555474,0.12813697162701645,0.1270232654042259,0.12699707810374036,0.12150413339653268,0.12188951821700879,0.1219956695165916,0.12483272227933688
2019-11-13,0.12743593741034542,0.12794189547710585,0.12625555947746234,0.12632696675029842,0.1224002210043521,0.1221607162498593,0.1225699216970724,0.12490878193350413
2019-11-14,0.1272302439547508,0.1274484501026808,0.1258286875805959,0.1255882085562607,0.12297259343801459,0.12229814073056465,0.12345644522063173,0.12517723041650083
2019-11-15,0.12769771181891856,0.1279308166300553,0.12603407841125336,0.12593669374810793,0.12320265411309846,0.12155781460305194,0.12288596249137879,0.1247542681841357
2019-11-18,0.12762027040473053,0.12785972100566595,0.12554793737026154,0.1259148478360684,0.12363481006902599,0.12175464370826007,0.1229435992397119,0.12472417036627562
2019-11-19,0.1273291020839951,0.12779333020514513,0.12576396317174293,0.12549844908507088,0.1236004195558482,0.12157326913696376,0.12372094064663444,0.12472052611459952
2019-11-20,0.12698925725558152,0.12716055398065154,0.1254217375495395,0.12483984250243692,0.12366430643733446,0.12176277650947437,0.12513292324082773,0.12502860252415396
2019-11-21,0.1273904060718784,0.12748337913877264,0.12540058056174844,0.1252697048913202,0.12250836138463812,0.12167417820120041,0.12494354398323665,0.1253298457672052
2019-11-22,0.1275551100023556,0.1274470770706705,0.12567328294277075,0.12550414008118913,0.12194171951970077,0.12133214186897931,0.12498828657791271,0.12555824193642126
2019-11-25,0.12767955908677783,0.12808931175225924,0.1274793831306332,0.125650649488993,0.12150558394721432,0.11993899157827331,0.1245118722813787,0.1251446487344704
2019-11-26,0.12748571086634847,0.12784945000553144,0.12708456006502786,0.1251032403374601,0.12265488489346273,0.12006149288476178,0.12476679187285303,0.12499386907455452
2019-11-27,0.12776547436818025,0.12845291923153587,0.1276922261588946,0.1251494857319584,0.12295720380736862,0.11915612356856049,0.12412402922631932,0.12470253790718233
2019-11-29,0.12768869407273312,0.12826580967815762,0.12725668932240497,0.12466221983893744,0.12277348891528866,0.1202693719597694,0.12424583584258489,0.12483789037012384
2019-12-02,0.125,0.125,0.125,0.125,0.125,0.125,0.125,0.125
2019-12-03,0.12380133711264955,0.12366095173316902,0.12424038136723432,0.12417781487166961,0.12543947289777396,0.12583118651265163,0.12725045987166964,0.12559839563318223
2019-12-04,0.12428028807947718,0.12400286203125557,0.12481011208971446,0.12503035237053606,0.12566806897345895,0.12537186281436413,0.12569169691045073,0.12514475673074296
2019-12-05,0.12453536510703728,0.12427946964148603,0.12496603870703679,0.12482376202120893,0.12576782445974924,0.12547594330407866,0.12511213670233925,0.12503946005706387
2019-12-06,0.1252576238652511,0.12519411201817796,0.12600810883581412,0.1255445219115212,0.12560930128591868,0.12381975417615258,0.12400856815143683,0.12455800975572749
2019-12-09,0.12503925439311772,0.12480120432351785,0.1259448701696831,0.12506199807473647,0.12602953328062755,0.12395765476093923,0.12445197765412225,0.12471350734325587
2019-12-10,0.12496002741556851,0.12475740463273347,0.12608312112064962,0.1251772281352141,0.12535854542126185,0.12436898040464917,0.12452104883695095,0.12477364403297224
2019-12-11,0.12497905519213101,0.12508222725222712,0.12570669797340633,0.125499342042328,0.12375234589283682,0.12488987108563775,0.1251636637859269,0.12492679677550614
2019-12-12,0.12615942493128074,0.12611902177998016,0.12689309913100177,0.12644282874755017,0.12217649191292648,0.12455121520141961,0.1232044770437563,0.1244534412520849
2019-12-13,0.12576959766951398,0.1260677569063202,0.12593951007495915,0.1268507252178378,0.1217529876663968,0.12464780706936844,0.12417021123604072,0.12480140415956305
2019-12-16,0.126149081725762,0.12684609362649865,0.12634182710448022,0.1277154700932464,0.12215966313268588,0.12416186515969736,0.12258300891236366,0.12404299024526572
2019-12-17,0.12635968864739414,0.12710292610101995,0.12715817109116373,0.127165886620309,0.12118070356589924,0.12431512940464565,0.1225915513528907,0.12412594321667748
2019-12-18,0.1262945123776557,0.12712647738033706,0.127331531589184,0.12692707792520874,0.12258674826065302,0.12425219134125921,0.12151451140160689,0.12396694972409518
2019-12-19,0.12635916397771937,0.12746424633555364,0.12742250997562868,0.12647363856458999,0.12323135340059498,0.12412891686610525,0.12127409641870716,0.1236460744611009
2019-12-20,0.12662620229858376,0.1276886477754226,0.12731853118779135,0.126278934387384,0.12362771530146797,0.1239726357251148,0.12115947383667015,0.12332785948756542
2019-12-23,0.12674025044670834,0.12794580919534573,0.1274918379204139,0.12640054712090876,0.12292972284318442,0.1242768669135979,0.1209063996593949,0.1233085659004461
2019-12-24,0.1264658261134897,0.1277311175545372,0.12750249143085096,0.12599555192699316,0.12298279648559621,0.12517353240763224,0.12098571118685322,0.12316297289404718
2019-12-26,0.1265844115372099,0.12829606192757662,0.12694623631378185,0.12598952433270952,0.12298247839318363,0.1256066728366295,0.12074835615275326,0.12284625850615569
2019-12-27,0.12654002324935082,0.12817486557187044,0.1263087592279507,0.12619401637248392,0.12335849367929909,0.1255496507812662,0.12086797285587476,0.123006218261904
2019-12-30,0.12617468638237403,0.127671088485701,0.1263216333604681,0.1255825389938138,0.12380521555330057,0.12614656256252132,0.12074597865730093,0.12355229600452022
2019-12-31,0.12638800526621705,0.12781743655890954,0.12640398292246263,0.12607096150920105,0.12460022052522746,0.12629219433391986,0.11947525425625079,0.1229519446278115
2020-01-02,0.125,0.125,0.125,0.125,0.125,0.125,0.125,0.125
2020-01-03,0.12397194201952778,0.12377365318999188,0.124428090773043,0.12336838666991078,0.12569439752089367,0.1265753418703476,0.12684169748425891,0.12534649047202626
2020-01-06,0.12416485919809761,0.1242908091071664,0.12431347443730247,0.12357056757729654,0.1255609786272019,0.12761522708811765,0.12583760389957868,0.12464648006523868
2020-01-07,0.12418266465492542,0.12464177268094781,0.12426715417385796,0.12359813641888295,0.12452895908123805,0.12849708608686522,0.12559008270970062,0.12469414419358218
2020-01-08,0.12475071919940094,0.12548429254063184,0.12455805220074208,0.12386147176141998,0.12481685477953082,0.12743735944181955,0.12466611925247985,0.124425130823975
2020-01-09,0.12527236861844587,0.12622089554276944,0.1243868250808402,0.12382593426617229,0.12442668058810669,0.126390003281983,0.12478073762688709,0.12469655499479548
2020-01-10,0.12471717849792988,0.1257018971493824,0.12372781235032483,0.12317179454635638,0.12518239520225324,0.1269534817379324,0.12569393787255778,0.124851502643263
2020-01-13,0.1251206158289086,0.12669208539495785,0.12408008817506033,0.12336233572450969,0.12622979077288135,0.1255556571859834,0.12485927859501451,0.12410014832268422
2020-01-14,0.12491707958396386,0.12618035012526166,0.12452345886046501,0.12347347131816849,0.12574387104967696,0.125430913097975,0.12548873424393384,0.12424212172055513
2020-01-15,0.12471277317756684,0.12574133240097016,0.12463520696411119,0.1229935752004835,0.12638602453678183,0.12567235930438658,0.12582993975609555,0.12402878865960433
2020-01-16,0.12513069570454122,0.12632100828410425,0.12562182682104672,0.12289555427744638,0.12676810043053985,0.12485700699162186,0.1248155449206898,0.12359026257000988
2020-01-17,0.1254817243613252,0.1269072463620403,0.1252425590558364,0.12322557468559212,0.12684980898092826,0.1250490901527375,0.12371075713972368,0.12353323926181638
2020-01-21,0.12512151306878877,0.12673444664754283,0.12409190861444076,0.12213335985717257,0.12793801925517623,0.12507114079070789,0.12489612137708091,0.1240134903890901
2020-01-22,0.12511093120223335,0.12704324289994276,0.12398499945748516,0.12235310753185352,0.12705560408183236,0.12508804769399423,0.1253090922734569,0.12405497485920171
2020-01-23,0.12493397172291891,0.12712576034746648,0.1235866402601644,0.12174353785474643,0.12779797377836527,0.12504852284633516,0.12586374907843018,0.12389984411157323
2020-01-24,0.1241588594034124,0.1263979913405331,0.1223974564321665,0.12154911371637812,0.12770321577702184,0.12612078949147099,0.12722606973125106,0.12444650410776599
2020-01-27,0.12291201490472013,0.12454034898557333,0.12174238064781503,0.11975455728180459,0.1278610343251925,0.12775420258722062,0.12999110318835944,0.12544435807931442
2020-01-28,0.12375138387603593,0.1259964656047547,0.1223115323305666,0.12044415954914667,0.12790879819537923,0.1261563931950221,0.12850723842717018,0.12492402882192463
2020-01-29,0.12348909529018919,0.12603788980543623,0.12145674645166321,0.1203057238217656,0.12727437459867852,0.12667566724860568,0.1295958748849241,0.12516462789873753
2020-01-30,0.12377327975877489,0.12636783604011595,0.12134252048732917,0.12008761122620801,0.1272483810479927,0.12656505300437498,0.12949189579696133,0.125123422638243
2020-01-31,0.1225193993403357,0.12538060323559408,0.11979724304555285,0.11902333321764594,0.1267236667347874,0.1283388709509648,0.13174249726086482,0.12647438621425422
2020-02-03,0.125,0.125,0.125,0.125,0.125,0.125,0.125,0.125
2020-02-04,0.12609660363096978,0.12704642119221163,0.12607828857737127,0.1262785307984475,0.1254819787989987,0.12258782151147019,0.12253097157611838,0.1238993839144125
2020-02-05,0.12706430704359387,0.12697718648723633,0.12753154975556627,0.1270022136884524,0.12508022738461266,0.12226847528519888,0.12072694149410233,0.12334909886123731
2020-02-06,0.1270917991329782,0.12767137749196628,0.12684259624537075,0.12695016928833763,0.12510652311301895,0.12254159135118284,0.12089049116061158,0.12290545221653387
2020-02-07,0.12663085125491663,0.12733990281525476,0.1254994451161918,0.1259619312227149,0.12529449537430523,0.12307614575458088,0.12260857813796709,0.1235886503240687
2020-02-10,0.12684053545674467,0.1281357103328597,0.1254795007950073,0.1254898485116984,0.1259667227442277,0.12268107615711653,0.12223915308613346,0.12316745291621213
2020-02-11,0.12684470104192788,0.12794029821877814,0.12613534450589187,0.1261289503821439,0.12670280557582567,0.12205130045468754,0.1214165505034499,0.12278004931729516
2020-02-12,0.12723551716526352,0.12875502401663916,0.12657989452274163,0.12614125990202182,0.1270317962484813,0.12154473133599537,0.12039797761945005,0.12231379918940719
2020-02-13,0.12697525702890017,0.12846421026222385,0.12678693876789957,0.1251332495609115,0.12767184555709685,0.12211705380123562,0.12074150278393217,0.12210994223780024
2020-02-14,0.12685839027464152,0.1285075665422132,0.12597986914523274,0.12460198856560857,0.1286684387651771,0.12231844610804442,0.12096461000410003,0.12210069059498241
2020-02-18,0.12638645897484277,0.12840955013857117,0.12556568878091642,0.1236678373805553,0.1283790015697895,0.1237444352298075,0.12165346259812718,0.12219356532739008
2020-02-19,0.12677404360258882,0.1294192106674468,0.12599487594776518,0.12386976027936028,0.1264331272839013,0.12425365058756213,0.1214375975528632,0.1218177340785123
2020-02-20,0.12609892154575086,0.12806102912642794,0.1261472325671531,0.12298312282081136,0.12778446925447107,0.12460867847271749,0.12223923748417438,0.12207730872849382
2020-02-21,0.1250480824802248,0.1258504311166628,0.12511735423275666,0.12265230811295982,0.12841220947832327,0.1267320666335135,0.12362597942166004,0.12256156852389921
2020-02-24,0.12291957778850506,0.12301754206618774,0.12337732574420865,0.11971300172232238,0.12877313482279126,0.13000587592998566,0.12756659824120706,0.12462694368479223
2020-02-25,0.12143367562521838,0.1219203381684755,0.12122755348625754,0.11995156791013278,0.1276386215668278,0.13008043192106522,0.1306547232448354,0.12709308807718753
2020-02-26,0.12135655238912453,0.12292291905999897,0.12018973847459541,0.12046723989249336,0.12664832810685137,0.13104794355566354,0.13035964234916217,0.12700763617211067
2020-02-27,0.1189244985095331,0.1198084030830135,0.11897740164300315,0.11994576860360709,0.1230310427286391,0.13448670983064423,0.1352053303781139,0.1296208452234459
2020-02-28,0.1192211552102716,0.1207079083923483,0.11758380551510761,0.12001957960264521,0.12086885598875943,0.1304501720641083,0.1391884938589437,0.13196002936781578
2020-03-02,0.125,0.125,0.125,0.125,0.125,0.125,0.125,0.125
2020-03-03,0.12192600369719112,0.12149488826090152,0.12296021834132738,0.12450450206130184,0.12523050449406353,0.12946561103717344,0.1274687096917178,0.12694956241632335
2020-03-04,0.12441350629164023,0.12393660210964359,0.12383394167589802,0.12556602197754008,0.12726075081867838,0.12700048685196186,0.12349714427554656,0.12449154599909128
2020-03-05,0.12175467359909961,0.12164672091629541,0.12136719511922252,0.12373278523423298,0.1260632490823951,0.131336939319747,0.12812550727250704,0.12597292945650046
2020-03-06,0.12009040346219103,0.11994233932120378,0.11930778331323762,0.12223219371490797,0.12425128596526894,0.13176935640218745,0.13518584903946476,0.12722078878153845
2020-03-09,0.11624263465604395,0.11718612657105176,0.11308807421002458,0.11838299468353855,0.12040090173373294,0.13858022331721742,0.1457861108318329,0.1303329339965579
2020-03-10,0.12080241995025623,0.12209617618970997,0.11523069599060407,0.12128649189715396,0.12399402399797824,0.13404130408894527,0.1366670685454835,0.1258818193398687
2020-03-11,0.1199279332381933,0.12187412118153895,0.11261031668362975,0.12012794640919348,0.12162905051641404,0.13939239591238956,0.1373823443892193,0.12705589166942155
2020-03-12,0.11679110720290238,0.11920947958828562,0.10786711019881412,0.11514572239531874,0.1177108494313233,0.1441208264597125,0.14886047593137192,0.13029442879227132
2020-03-13,0.1216146374202748,0.12404364743759554,0.11040733473054432,0.11714501669437175,0.12277465734955323,0.13403525838961525,0.13957328526712715,0.13040616271091796
2020-03-16,0.11658678816426991,0.11753144764682744,0.10308015785726074,0.11308752980160469,0.10873128806043891,0.14263028033582348,0.15997365155033852,0.13837885658343624
2020-03-17,0.12078938206136643,0.1242924197601993,0.10596991699672102,0.11657378340666845,0.11305847506979672,0.14210238641064493,0.1467640642486555,0.13044957204594773
2020-03-18,0.12111417315270119,0.1272805251075863,0.10324648073648258,0.11606946388904535,0.10804937695891295,0.14709367584514782,0.14626291355362292,0.1308833907565008
2020-03-19,0.12113293257623384,0.12779278981766978,0.10706341805233875,0.1176439478046962,0.1082160187612689,0.14402909312745657,0.14994957497202582,0.12417222488831012
2020-03-20,0.11640042877195572,0.12330290299444895,0.10495714964845047,0.11667575348125134,0.10325585965719002,0.14680389951117892,0.16190336714825218,0.12670063878727233
2020-03-23,0.11208743247030999,0.1219376106200766,0.102185791951722,0.11395278464406956,0.0973027866679769,0.15148291592190075,0.16658838771436918,0.134462290009575
2020-03-24,0.11593997506192813,0.12460609276582583,0.10578409738269492,0.11723481780817144,0.10058841865904662,0.15064482455988285,0.1550579293114984,0.13014384445095176
2020-03-25,0.1159170105569929,0.12183497576004192,0.10549831014496541,0.11923758594452837,0.10442041726131873,0.14636205135847963,0.152393733806085,0.13433591516758803
2020-03-26,0.11851588448203551,0.12389225395211448,0.10825175471141113,0.12033849330212766,0.10798529971065336,0.14320079439172045,0.14793918156743865,0.12987633788249878
2020-03-27,0.11641665089908916,0.12111990323483675,0.10561117817721004,0.11836515364875277,0.10943837603991077,0.1440460790086196,0.1537781254927809,0.13122453349879995
2020-03-30,0.11827364853043985,0.1235164679391924,0.10621057468750796,0.11882840730528477,0.1100388898488707,0.14236442247878622,0.15007180335097667,0.1306957858589415
2020-03-31,0.1180731831073253,0.12410384370875094,0.10709220035209198,0.11937242739442197,0.108819385063266,0.13967892746520266,0.1508497960621177,0.13201023684682342
2020-04-01,0.125,0.125,0.125,0.125,0.125,0.125,0.125,0.125
2020-04-02,0.12628752990952435,0.12594433194843227,0.12460802703450982,0.1258552503204719,0.12385529894616863,0.12546272447265375,0.12422243768836429,0.12376439967987496
2020-04-03,0.12591524753994635,0.1256063766775603,0.1224918172678996,0.12441586174115181,0.12348338351605893,0.1275541930824103,0.12597173401699827,0.12456138615797445
2020-04-06,0.1281903536878445,0.12839454484346693,0.1258031064212489,0.12498782702190933,0.12652829964085593,0.12505773232287515,0.1198623118175111,0.12117582424428804
2020-04-07,0.12825282729493068,0.12827409667586523,0.12605997141275874,0.12562056193434798,0.12762877804330017,0.12432199645405906,0.11854402682996928,0.12129774135476884
2020-04-08,0.12961277785571962,0.12808697602116054,0.1288806143241886,0.12383211870986943,0.13330286402613906,0.12047684550903316,0.11506666106545749,0.12074114248843212
2020-04-09,0.12804639467115977,0.1248225403073719,0.13141608676371663,0.12322948598649468,0.13699199371688936,0.12029948365462577,0.11217568869890734,0.12301832620083449
2020-04-13,0.12822038580838582,0.12750664520420482,0.12921113118438457,0.12334616629850473,0.13261738974616455,0.12365671068647592,0.11232818376125826,0.12311338731062146
2020-04-14,0.12964199625191564,0.13067331811520252,0.12947341847436106,0.12329787931597197,0.13389929591456248,0.12240148552581841,0.11029297023897283,0.12031963616319516
2020-04-15,0.12889702030077213,0.1312203658768357,0.12615854968738005,0.12133801228465234,0.13062891921411696,0.12370572440774301,0.11500762675315268,0.12304378147534714
2020-04-16,0.12935984466183773,0.1334498371968139,0.12505168402187453,0.1212560560124224,0.12898260396060554,0.12344699758215445,0.11617102172408693,0.1222819548402046
2020-04-17,0.13101785847702468,0.13286386372122383,0.12875535968486762,0.12275087141837862,0.13121644581546754,0.11937645520281026,0.11302923897901751,0.12098990670120986
2020-04-20,0.13014553511209517,0.13275491946058993,0.12865591613293068,0.12227215136295475,0.12774692193371068,0.12156848160696039,0.11520972309058782,0.12164635130017065
2020-04-21,0.128302372636538,0.12999256384024202,0.12768230606274897,0.12189258834893005,0.12752399777984338,0.1227560454317144,0.11860958535714017,0.12324054054284303
2020-04-22,0.12939730397389373,0.13206128837899478,0.1275060138300246,0.12229635062604764,0.12774342878526063,0.12349800841715487,0.11582881693071721,0.12166878905790644
2020-04-23,0.12914579260519618,0.13153286576070095,0.12851677851616558,0.12168836365187191,0.12643949977435903,0.12449390285763554,0.11622578504791932,0.12195701178615147
2020-04-24,0.12994721821332994,0.13258817669815967,0.12973037401481557,0.1221541527075973,0.12601211254948602,0.12301492669090205,0.1156100015676482,0.12094303755806135
2020-04-27,0.13050766315805507,0.1323232428757805,0.13352691344306894,0.12253634279441855,0.12902685437011718,0.12098077577868985,0.11232780022152787,0.11877040735834207
2020-04-28,0.12966010314938423,0.12958366031519347,0.13520994977984438,0.12322120375158215,0.12984228991120617,0.12021219519581904,0.11340442632708359,0.1188661715698869
2020-04-29,0.1303774615883083,0.13147927195762243,0.13900589676017502,0.12376281836303253,0.12914194837110332,0.11844544242214648,0.11054622482791956,0.11724093570969245
2020-04-30,0.13111006198816405,0.13340577929445532,0.13573623283212852,0.12301835050684744,0.12957295787548068,0.11805224260991172,0.11090187076928584,0.11820250412372646
2020-05-01,0.125,0.125,0.125,0.125,0.125,0.125,0.125,0.125
2020-05-04,0.1251284150638131,0.12623887855330002,0.12532269868098592,0.12473910358872331,0.12417334310020942,0.12522156840285206,0.12419726609786393,0.12497872651225225
2020-05-05,0.1257862178728838,0.12716628596218468,0.12579156144933268,0.12447148124070788,0.12429181521856535,0.12525640737517896,0.12291531048982626,0.12432092039132027
2020-05-06,0.1260707773577454,0.12911393931026646,0.1260045882490758,0.12478869458769298,0.1231719770505505,0.1247717510549529,0.12203290139274366,0.12404537099697227
2020-05-07,0.1259755855651275,0.12911964202137974,0.12611026897013664,0.12506498814669953,0.12334591256947292,0.12508205464520736,0.1224997447762898,0.12280180330568646
2020-05-08,0.12668608472798715,0.12948487825347224,0.12957364000583613,0.12582613400417184,0.12492109842815861,0.12299631508869606,0.11960983636991822,0.12090201312175974
2020-05-11,0.1272399435097587,0.13118660678054328,0.1294646971774953,0.12623924451394367,0.12361821234894221,0.12273885258199366,0.11917062838028977,0.12034181470703345
2020-05-12,0.12651213484591903,0.13030239880255307,0.12662482464031194,0.12644605988996532,0.11970869706026817,0.12500288991915867,0.12213958086587148,0.12326341397595235
2020-05-13,0.12548414172843741,0.1299239052892226,0.12357754624831842,0.1266975945957542,0.11794360481852138,0.12743407866210446,0.12419122809554096,0.12474790056210067
2020-05-14,0.12623376297968555,0.13062057975123095,0.12324602689614428,0.12474747224156366,0.11765387648215969,0.12780043194165153,0.1246639446317177,0.1250339050758466
2020-05-15,0.12632352443292685,0.13095995849728054,0.12472369632736002,0.12437762485795117,0.11674063623923325,0.12802455464062132,0.1238622898955967,0.1249877151090303
2020-05-18,0.1272667442287832,0.1304234152718193,0.12934993396564676,0.12651848211982503,0.12088769324747116,0.12422111725026501,0.11843983710865551,0.12289277680753405
2020-05-19,0.12669679655569993,0.13085794909514423,0.12753782656391408,0.12550719738959468,0.11995992894631784,0.12615392558235058,0.11957872191872833,0.12370765394825035
2020-05-20,0.12702895740165365,0.13158551422300216,0.12954518470117365,0.1263138481957121,0.11931820089931598,0.12466713140207202,0.118242467135302,0.12329869604176842
2020-05-21,0.12679352717870387,0.13081439463359903,0.13043727082518725,0.12548414313653147,0.1200242191802332,0.12347474797749333,0.11914067758356707,0.12383101948468489
2020-05-22,0.1265231257668631,0.13073775665587814,0.13054141441643732,0.12462907770998792,0.12115514725219306,0.12370554949194774,0.11937518145201952,0.12333274725467323
2020-05-26,0.12687199060288107,0.1291530443902211,0.13303723517123373,0.12698508248245258,0.1244964982159451,0.12079504873071427,0.11666172713160979,0.12199937327494248
2020-05-27,0.1273272002998959,0.12841314804978982,0.13564279581393485,0.1270942044425431,0.12556325212438102,0.11966640813967355,0.1151518737977621,0.12114111733201971
2020-05-28,0.12731375350109478,0.1284693408025787,0.13265995577492035,0.12851818563081904,0.12638001540661217,0.12027655510633446,0.11492803906237843,0.12145415471526219
2020-05-29,0.12756576904922415,0.13003040111108075,0.13157509444878898,0.127751521290741,0.12481112598100977,0.12086289033917101,0.11546344874392477,0.12193974903605942
2020-06-01,0.125,0.125,0.125,0.125,0.125,0.125,0.125,0.125
2020-06-02,0.12550534476703304,0.12530954794407362,0.12550430531273016,0.12563829969549895,0.12548025487232656,0.12366843163867833,0.12402203824132736,0.12487177752833191
2020-06-03,0.12613147691740106,0.1248398612520983,0.1274759304145024,0.12758331182778015,0.1284394389722975,0.12039015105100906,0.12136824041953871,0.12377158914537283
2020-06-04,0.1263157231655993,0.12447234220805196,0.1278127189571664,0.12755722515323545,0.12768271743234919,0.12215598292419085,0.12010116079911205,0.12390212936029468
2020-06-05,0.12764035592374834,0.12506611483882338,0.1307940700175901,0.12783727157138686,0.13056125014192732,0.11791225775594776,0.11748503467649962,0.12270364507407686
2020-06-08,0.1276408890192573,0.12453184329504999,0.13173657766160385,0.12795370238776801,0.1322012110721957,0.11776529861972113,0.11652847074713224,0.12164200719727165
2020-06-09,0.12721555270899054,0.12595531769013155,0.12983865709295772,0.12681600738447607,0.13054800875213435,0.11939486916748868,0.11834185610148726,0.1218897311023337
2020-06-10,0.12676626093754909,0.12772949839977488,0.12657329186769933,0.12679836278412232,0.12749088109977533,0.12135459122519845,0.12034388054945569,0.12294323313642479
2020-06-11,0.12422022054094957,0.12623991758730796,0.12157948519027359,0.12479116913016532,0.12406204272629684,0.12528172682319194,0.12750638216823457,0.1263190558335802
2020-06-12,0.12426991384561784,0.12578782404944944,0.12307270897089531,0.1254928620467275,0.12703886815250368,0.12402412058443793,0.1248326665951895,0.12548103575517874
2020-06-15,0.12425242173580896,0.12612296875613804,0.12473593666729461,0.12482470565089614,0.12762540205577344,0.12264060280251006,0.12372925240705722,0.12606870992452157
2020-06-16,0.12547622465310088,0.12710589436792602,0.1265572623344931,0.12520204241043975,0.12893825878422496,0.121449839034579,0.1207085408805144,0.12456193753472193
2020-06-17,0.12537123941059716,0.12793366893273822,0.12468340112649028,0.12608935569162794,0.127490418080902,0.12208723703226305,0.12161057507122491,0.12473410465415627
2020-06-18,0.12546882201022788,0.1283306494188492,0.12468840448693788,0.125463938976553,0.12614356245801944,0.12189478534098365,0.12294652152148433,0.1250633157869446
2020-06-19,0.12503793830012105,0.12860397009284227,0.12433070017368358,0.12513670419637632,0.12459721728012868,0.12352235168823472,0.12332728638393521,0.12544383188467795
2020-06-22,0.1251328897340044,0.1294148769804709,0.12486839532670739,0.12592161038701064,0.12377320671806094,0.1236219156083688,0.12264930995333365,0.12461779529204337
2020-06-23,0.1254134893517155,0.1302095311891986,0.12509975523043781,0.12631709724199422,0.12297301568369229,0.12436974706190039,0.12152465485021914,0.12409270939084219
2020-06-24,0.12422087958996572,0.12961894852089834,0.12302788222075442,0.12510425650531862,0.12143116834214195,0.1259712969435353,0.12484471967523927,0.12578084820214652
2020-06-25,0.1245352718538614,0.1297925817720964,0.12387437579568153,0.1258539393795636,0.12198558367089847,0.12487528532727382,0.12419016081408761,0.12489280138653698
2020-06-26,0.12299479055487347,0.12820499222498863,0.12194576814363482,0.12547507686871504,0.12103912318289087,0.12689496577913825,0.12698275201753786,0.12646253122822107
2020-06-29,0.12346858164871899,0.12821802361877752,0.12458815207592722,0.1251394649796292,0.12205726097905821,0.12560650409588336,0.12523018957401497,0.12569182302799062
2020-06-30,0.12412879888758048,0.12976806687479536,0.12545771465155553,0.12399338619579196,0.12259418889604576,0.12523475365336234,0.1237038349657779,0.12511925587509068
2020-07-01,0.125,0.125,0.125,0.125,0.125,0.125,0.125,0.125
2020-07-02,0.1252166962209338,0.12537603229751074,0.12504021035102042,0.12589646326715642,0.12417434055738143,0.12479995421041416,0.12466042374904823,0.12483587934653459
2020-07-06,0.12608093667361928,0.12737861793268837,0.12488599894192105,0.1268794762934439,0.12306910693534738,0.12449207877773014,0.123106334691998,0.12410744975325202
2020-07-07,0.12553523283000448,0.1272662136561185,0.1234163190241412,0.1257762751814094,0.12135483373228899,0.1260353394026653,0.12559176876613828,0.12502401740723373
2020-07-08,0.1259259845150444,0.12836212195863517,0.12377642855778108,0.12626262320218218,0.12063925050621456,0.1262473533838604,0.12452696460579485,0.12425927327048748
2020-07-09,0.12545890969812507,0.1297015621723689,0.12151559416269318,0.12507450558647873,0.1201240982093684,0.12615708152813318,0.12676203490971882,0.12520621373311364
2020-07-10,0.12615474995099302,0.12998418602809275,0.12290279129647341,0.12582943535381194,0.1199379996933308,0.12524890014298545,0.12554272293577637,0.1243992145985363
2020-07-13,0.12598427004131724,0.1282487859998697,0.12224043067892411,0.12594352365150663,0.11938372442350836,0.12632875254499418,0.12688636022130723,0.12498415243857276
2020-07-14,0.1264885425131883,0.12801457329715094,0.123165628616112,0.1266642348525034,0.11932458150878689,0.1257957386571,0.12594538959084675,0.12460131096431167
2020-07-15,0.12659929064438663,0.1272187067203799,0.12662978331928945,0.1270403581376943,0.11949725293918048,0.12486962498081637,0.1243250796764699,0.12381990358178303
2020-07-16,0.12675631722741357,0.1269255043778463,0.12645306869831455,0.1267948629960687,0.11860520835438207,0.1242520341602954,0.1254837916177773,0.12472921256790208
2020-07-17,0.12658331867798783,0.126532176132661,0.12628586026359642,0.12699563959790047,0.1196369289609171,0.12474298695374855,0.12468860019933765,0.12453448921385095
2020-07-20,0.12703304538548288,0.129537428812902,0.12517820549653566,0.12704223423932873,0.11767637447581968,0.12478116225518739,0.12443351498220517,0.12431803435253841
2020-07-21,0.1269246994617195,0.12780638274589062,0.12657596634454996,0.12692241656710865,0.11761319015207002,0.12590933201018803,0.12413767846003422,0.12411033425843901
2020-07-22,0.12687761786139004,0.12748342402028143,0.1258808996667316,0.12649267054410987,0.11868949673000018,0.12705288716365928,0.12375817022935225,0.12376483378447535
2020-07-23,0.12581183135094964,0.1245972267051836,0.1264586841189793,0.12593499467195673,0.11861684421928054,0.12863222912306982,0.12565133000878756,0.12429685980179273
2020-07-24,0.12557937708207106,0.12398458216261954,0.12517523320493065,0.12582100687127415,0.11828782481376825,0.13033547782103844,0.12622464603356262,0.12459185201073536
2020-07-27,0.1253757894582259,0.12508014419668845,0.1253585092174673,0.12634385449021862,0.11835054772741567,0.13173396195365777,0.12464340250845804,0.1231137904478682
2020-07-28,0.12461222884817617,0.12351984537283284,0.12414155785308517,0.12556747869841287,0.1207350212339318,0.13286649878874507,0.12553753648901347,0.1230198327158026
2020-07-29,0.12479611713003816,0.12360770732274572,0.12552052584422047,0.12553198180352618,0.12175853643180837,0.1324331452164332,0.12398385798274585,0.12236812826848201
2020-07-30,0.12475374600534832,0.12465740632958087,0.12542971230243483,0.12407944769404178,0.12136419019387461,0.1318789792642765,0.1252050351567119,0.12263148305373121
2020-07-31,0.1256828408464874,0.12682473399095487,0.1241932392677498,0.12138258873657175,0.12108625929814594,0.1330174605742244,0.12506812879207757,0.12274474849378818
2020-08-03,0.125,0.125,0.125,0.125,0.125,0.125,0.125,0.125
2020-08-04,0.12440318635913633,0.12438459046826461,0.12477684204534648,0.12461020485995021,0.12577625345836616,0.12656138273578613,0.12510580262550833,0.12438173744764182
2020-08-05,0.1247700000106552,0.12428852846052175,0.1268467017657602,0.12461625553505755,0.12473783797370623,0.12732212260847559,0.12360991544234701,0.12380863820347651
2020-08-06,0.12489523948769002,0.12522407511502223,0.12608168295987962,0.12404892377623328,0.1242327194647085,0.12828418214803003,0.12359897216807944,0.12363420488035695
2020-08-07,0.1251467811713992,0.12393896218349282,0.12824876890541642,0.12370413068988245,0.1261700505240396,0.1264098605821455,0.12293405588122253,0.12344739006240157
2020-08-10,0.12545455639888098,0.12334422771602256,0.12951072706658012,0.1240468810896927,0.12630244818323474,0.12590612034088114,0.12231956854012678,0.12311547066458096
2020-08-11,0.12624720010031254,0.12278600752972169,0.13065582436037917,0.1263231001522209,0.1263101677547633,0.12089639094318162,0.12264175627152564,0.12413955288789522
2020-08-12,0.1270584822817374,0.12494124435686506,0.1302164099266515,0.12816566533651383,0.12663789308559187,0.11944002516383749,0.12062539707904509,0.12291488276975769
2020-08-13,0.12707291103478713,0.12546721754429696,0.13019372509202692,0.12784371372297318,0.12532168461328727,0.12249627856065352,0.1195656869922612,0.12203878243971404
2020-08-14,0.1273988192913084,0.12563751703916942,0.13044071484906586,0.1273815229487415,0.12565485730992992,0.12227761426625136,0.1194005372406253,0.12180841705490829
2020-08-17,0.12682372305700337,0.12612188478949796,0.13010812280549078,0.12736078657744135,0.12570568209654132,0.12397250650225493,0.11878276767555743,0.12112452649621278
2020-08-18,0.1268590759298699,0.12709680272938292,0.1286219868605637,0.12704379681866512,0.12487155313958419,0.12485443323006126,0.11940775371370146,0.12124459757817152
2020-08-19,0.12749633350011313,0.12740640340225612,0.1298168829464877,0.12764596878721624,0.12381016328326626,0.12202879953742665,0.11975600837759731,0.12203944016563656
2020-08-20,0.12728810073516203,0.12856248513672552,0.1286738339334362,0.1266312718030183,0.12439507000915626,0.12229107374189899,0.12026666756769425,0.12189149707290835
2020-08-21,0.12775087051878523,0.12946486021803738,0.12773504397045318,0.12599693374116652,0.12460625333815946,0.12132205719975071,0.12099798683138918,0.1221259941822584
2020-08-24,0.12842801799220208,0.1296500061120145,0.12845597715189702,0.12704867315944954,0.12480742340560332,0.12005843236528611,0.12022349857289572,0.1213279712406517
2020-08-25,0.12878617100450634,0.13057682759922384,0.12850469887847765,0.1270365118470655,0.12504079564724974,0.12011924100144117,0.1192188853016789,0.12071686872035685
2020-08-26,0.1295759699642668,0.13284917750028186,0.12720728581470853,0.12728317432503183,0.12341420061423974,0.12106926997440304,0.11830497541280935,0.12029594639425878
2020-08-27,0.13033778401912768,0.13292314397519012,0.12798821848530934,0.12644921280800453,0.12569187496889112,0.12011045042399875,0.11672124830794749,0.11977806701153088
2020-08-28,0.1303080125837894,0.1327112878755973,0.12821485976806118,0.12649759463812524,0.1256783752376995,0.12138598278288865,0.11585933351122375,0.11934455360261494
2020-08-31,0.1300231466686624,0.13397027983105403,0.12701858248292183,0.12571266711596843,0.12457951573702405,0.12185105757939257,0.1167968862763731,0.12004786430860362
2020-09-01,0.125,0.125,0.125,0.125,0.125,0.125,0.125,0.125
2020-09-02,0.12579856816921972,0.12517919244118927,0.12499096119070603,0.12566342818780885,0.12630895532839087,0.12237657530835967,0.12518550591976033,0.12449681345456512
2020-09-03,0.12390185828451773,0.12121232351945946,0.12372854976139096,0.12528269840101686,0.12729227822211356,0.12381566791045395,0.1280553405961839,0.1267112833048636
2020-09-04,0.12379918959835126,0.12048166907884314,0.12384937951749958,0.12638562050214464,0.12756401823384045,0.12507574751031683,0.12655288033836373,0.1262914952206403
2020-09-08,0.12212677195141822,0.11631963473081136,0.12319148353656378,0.12661108286165013,0.12779598476779988,0.12660763291189206,0.1291389469699502,0.12820846226991436
2020-09-09,0.12302649645702193,0.11828293546173965,0.12353921390176913,0.12740937694128354,0.12749285414365366,0.12628472448332564,0.1272281593262891,0.12673623928491728
2020-09-10,0.12196610395235173,0.11695641717856926,0.1230164429195608,0.12703840404126826,0.12705308419285025,0.12699791638200597,0.12901286585863878,0.1279587654747549
2020-09-11,0.12210728468063221,0.1162200178151065,0.12227629417743223,0.12838874713488752,0.126426408159278,0.12707321303153238,0.129371729995116,0.1281363050060151
2020-09-14,0.12225430637389913,0.11684740822897413,0.1240159109134034,0.1275575754596384,0.12798452568608276,0.12656341519239053,0.12783593898971976,0.12694091915589192
2020-09-15,0.12233385975854973,0.11798454340604092,0.12370666850737612,0.12781762484820566,0.12895845923732438,0.12570760458353528,0.1269665989309315,0.1265246407280364
2020-09-16,0.12190379568531685,0.11615586397265715,0.12493304083044883,0.12787575359634867,0.1296993908766977,0.1261212644495727,0.12664487526310153,0.12666601532585653
2020-09-17,0.12161334871555032,0.11508107785934713,0.12482351782721171,0.1288797323788228,0.12799452830484015,0.12624033540420812,0.12785381174347754,0.12751364776654225
2020-09-18,0.12113234707869527,0.1144809533386599,0.12545051316847308,0.1288168208375573,0.12606374258423847,0.1273723786034569,0.12843091458481842,0.1282523298041005
2020-09-21,0.12155300422443874,0.11645000793881481,0.12284333536614545,0.12740736715274892,0.12407922135221473,0.12665686882201582,0.13098866186179195,0.13002153328182955
2020-09-22,0.12216159702590854,0.11800562076435309,0.1231556175547895,0.1267144588762818,0.12491984895276241,0.12539704171130017,0.13021438036212205,0.12943143475248228
2020-09-23,0.12156489782359822,0.11654644287847214,0.12172588372073842,0.12801111100508905,0.12342763257692366,0.12498696564218717,0.1328322981639912,0.1309047681890002
2020-09-24,0.12163945034947496,0.11684943983812017,0.12147673935669444,0.12762730172634668,0.12383680223705819,0.1251949968868323,0.13306816915522157,0.1303071004502517
2020-09-25,0.12248601370234391,0.11848265705399197,0.12233118362564911,0.1268933317748845,0.1252454215275648,0.12370707441109646,0.13186248034605402,0.12899183755841515
2020-09-28,0.12286079996777192,0.11933147729580094,0.12367685122394773,0.12708763898151082,0.12610487831320433,0.12328624167212303,0.12973470467652246,0.12791740786911884
2020-09-29,0.12241023813025251,0.11900582299522727,0.12333638876671375,0.12717574259565773,0.12542224265691207,0.12454818995503814,0.13011667525240095,0.12798469964779746
2020-09-30,0.12335477742124246,0.11983683271865582,0.1237245389018807,0.12657621905577415,0.12582144921420577,0.12381679303370895,0.12888663364233882,0.12798275601219333
2020-10-01,0.125,0.125,0.125,0.125,0.125,0.125,0.125,0.125
2020-10-02,0.1241620135481258,0.12182587225476325,0.125904072209808,0.1250976284265392,0.12751557059021035,0.12523993191667884,0.12488412203158475,0.12537078902228985
2020-10-05,0.12527907509902605,0.123355897997641,0.12826953850732192,0.12590676241816395,0.1271461580037609,0.12476990026099623,0.12139295172300782,0.12387971599008213
2020-10-06,0.1244234824880411,0.1220621868581659,0.1288603992520194,0.1255007206141055,0.1272593942944865,0.12422642611949843,0.12296164344273325,0.12470574693094981
2020-10-07,0.1256546954714325,0.12325698993726585,0.13070210677594246,0.1256418894168936,0.12650502815987444,0.12325363637386384,0.1211637175990645,0.12382193626566282
2020-10-08,0.1258070959470739,0.12297351230176579,0.13118614811260776,0.1255561561556917,0.12764384373218915,0.12275389365666217,0.12089428505536523,0.12318506503864443
2020-10-09,0.12609193121340945,0.12402762192176725,0.13099572758518793,0.12570270203976278,0.12629849919567995,0.12415752521807917,0.12007307501878342,0.12265291780733008
2020-10-12,0.12700403339423844,0.12674236109647508,0.13072417420553298,0.1253282685615529,0.1257860405601531,0.12272219412032764,0.11940591549490143,0.1222870125668186
2020-10-13,0.1269950616917162,0.12756153605903328,0.1306980060433041,0.1247295966768871,0.1244328846863673,0.12157679637174598,0.12104240522264137,0.12296371324830466
2020-10-14,0.12671835284873254,0.1270186180069712,0.12993920222506203,0.12503386905547356,0.12342276155672173,0.12245679205243487,0.12182039417389444,0.1235900100807096
2020-10-15,0.12661208060659646,0.12621635897249997,0.13133041731091252,0.12360666053549052,0.12411224594212412,0.12295218245823995,0.12165839311351885,0.12351166106061755
2020-10-16,0.12683667981076863,0.12582326539356173,0.13131937817027287,0.12447758265428427,0.12352111702502029,0.12281767974613157,0.12160884182405604,0.12359545537590473
2020-10-19,0.12598855208693205,0.12483951850581226,0.13087227643375893,0.12508864126474178,0.1226469531007339,0.12394234616312182,0.12219689662016162,0.1244248158247376
2020-10-20,0.12627418427812587,0.12489121759118534,0.13093072381864151,0.12549152274345735,0.12331174400385257,0.12432419255349593,0.12082445311667125,0.12395196189457017
2020-10-21,0.12630196412198783,0.1250587805047046,0.13008157879143,0.12515576651620522,0.12320266378168869,0.12552569419254817,0.12066199832333208,0.12401155376810324
2020-10-22,0.12696260063169465,0.12502269841709548,0.13229250382191177,0.1252210255810314,0.12315607709228442,0.12426396210929899,0.11937731054118035,0.12370382180550293
2020-10-23,0.1268974718741493,0.12478118416080845,0.13254125800664754,0.12554479110705266,0.12341354891093582,0.12364846637193422,0.1196392264839152,0.12353405308455671
2020-10-26,0.12578464812487333,0.12412591785776121,0.130963204378608,0.12450395254906152,0.12285090446911859,0.12480884780293912,0.12194688491644022,0.1250156399011981
2020-10-27,0.12558685572611156,0.12533052980207957,0.1300829467995049,0.12376077387455214,0.12110861180523948,0.12537280291793174,0.12299595180743689,0.12576152726714362
2020-10-28,0.12406092598238581,0.12319137561667522,0.12895357312587288,0.12280461334905426,0.1209147894119887,0.12616222749634126,0.12591889362031353,0.12799360139736837
2020-10-29,0.12468867467466886,0.12471233581583131,0.12983364179380769,0.12276113179803955,0.12191683909229174,0.1250045980765079,0.12406651459012022,0.12701626415873274
2020-10-30,0.12450150104139733,0.12264531492228191,0.12927328782702377,0.1232257839905747,0.1222024635097992,0.12670709047335188,0.12395027865214739,0.1274942795834237
2020-11-02,0.125,0.125,0.125,0.125,0.125,0.125,0.125,0.125
2020-11-03,0.12548735205348577,0.12544313516736408,0.1268080029392767,0.12654215998061621,0.12568458964481768,0.1240102204707538,0.12259473065042553,0.12342980909326026
2020-11-04,0.12644645833676452,0.12915773908259334,0.12512422018268474,0.1260898438438917,0.12409355861586506,0.12215805920327362,0.12345236106750523,0.12347775966742175
2020-11-05,0.12682766491906425,0.13038170398198226,0.12654614742753972,0.12703078608913546,0.12266605858385975,0.1229446947812657,0.12166699036489813,0.12193595385225488
2020-11-06,0.12720196994033056,0.13089408942278408,0.12595551328858748,0.12770480880926197,0.1222149065940986,0.1235110073303272,0.12057892420293374,0.1219387804116764
2020-11-09,0.12846429121455613,0.12788489484016885,0.13017993489823232,0.131084469748744,0.12621353610694483,0.11773507386447972,0.1177369706099015,0.12070082871697274
2020-11-10,0.12797423626987173,0.12529858848963707,0.1322867006965704,0.13194693305273017,0.12775834681940085,0.11784731987394562,0.1167827110079207,0.12010516378992347
2020-11-11,0.12822804286958134,0.1274090322783101,0.13151835979361365,0.1323408928499918,0.12755223273481486,0.11670323576862589,0.1165706884664945,0.11967751523856787
2020-11-12,0.12753047209087698,0.12735669891080056,0.13005667698240914,0.13097408883793318,0.12642872059553498,0.11791572852039396,0.11906460077401979,0.1206730132880314
2020-11-13,0.127794176287234,0.1269815511303051,0.13120784360791443,0.13144223384226594,0.12829598404261627,0.11734080069063052,0.1175254343736926,0.11941197602534108
2020-11-16,0.12828430893743786,0.12687942248123868,0.13318385781857175,0.13167222667239661,0.12863049200509727,0.11633208173550946,0.116241755572809,0.11877585477693936
2020-11-17,0.12756459293332936,0.12644740803867002,0.1337749982139797,0.1315100630784366,0.12871964464501678,0.115878215102742,0.11697330953209861,0.11913176845572677
2020-11-18,0.12699609802841416,0.12647569887413218,0.13291276619934128,0.1318185869286345,0.12718553783104583,0.11609889497662075,0.1182120110538347,0.12030040610797649
2020-11-19,0.126893219454623,0.1268280993567742,0.13326288873679232,0.13208227423524405,0.1270424466064032,0.11530123575169168,0.1182265482906812,0.12036328756779037
2020-11-20,0.1260989758947912,0.12603521013450883,0.13348472083440122,0.13255627823999003,0.12643040062305938,0.11571866389113714,0.11934607245189546,0.12032967793021684
2020-11-23,0.1267725417131579,0.1259577250487361,0.1358932701142697,0.13230077372708335,0.12658725443937846,0.11336611733994276,0.11872206061805117,0.12040025699938059
2020-11-24,0.128069097243032,0.12698754619306926,0.13764650994955052,0.1335000718344823,0.1265220760739262,0.11098175002580786,0.11685960942551346,0.11943333925461821
2020-11-25,0.12791314577678364,0.12780957934091539,0.13722028343585282,0.1333748710000954,0.12663742031201736,0.11096540365402394,0.11653769790079016,0.11954159857952121
2020-11-27,0.12789833606417553,0.1286140803947983,0.13740463109097859,0.13390406586192843,0.1257083464827443,0.10952171076998105,0.11732827067638915,0.11962055865900466
2020-11-30,0.12829340066815473,0.1298494241426841,0.1359264388767244,0.1319799576341779,0.12532950658252393,0.10961196203801658,0.11806643923722202,0.12094287082049629
2020-12-01,0.125,0.125,0.125,0.125,0.125,0.125,0.125,0.125
2020-12-02,0.12537368570043994,0.12527124267242554,0.1252405503200234,0.12512786139897583,0.12412522786929753,0.12605149071402386,0.12411751054529714,0.12469243077951678
2020-12-03,0.12476733518433815,0.12487589735699985,0.12537097227726965,0.12476483354703023,0.12459790556532173,0.1264640163675782,0.12454729074974574,0.12461174895171646
2020-12-04,0.1252675761795878,0.12481189330817934,0.12770235564405952,0.1252480166198914,0.12592285250770596,0.12552927012898124,0.12215999006491803,0.12335804554667679
2020-12-07,0.12481766549376819,0.12532537397848845,0.12762767046690462,0.12403805739386166,0.12463782199643544,0.12720526355217646,0.12307213392148812,0.12327601319687706
2020-12-08,0.1247705791515839,0.12533535457067235,0.12884141035388288,0.12405901656284096,0.12379223993212439,0.12722845930350363,0.1232463720549733,0.1227265680704187
2020-12-09,0.12471437503169262,0.12355057881369484,0.12900220210117846,0.12529869139517352,0.12408118676696779,0.12612851098291475,0.12389487368821125,0.12332958122016678
2020-12-10,0.12432481447944638,0.12369972740196371,0.12988416614568518,0.12512099133865057,0.12319442434458308,0.12553506362387798,0.12464340933859144,0.1235974033272016
2020-12-11,0.12427278583817296,0.12351895675755353,0.12934332300786724,0.12483494629812242,0.12317068387907439,0.1258633305417959,0.12517898724056034,0.12381698643685327
2020-12-14,0.12385288172598787,0.12455236795005632,0.1296376070264558,0.12504966117167474,0.12276598921458827,0.12530826642551632,0.12496989129205446,0.12386333519366624
2020-12-15,0.12408595663732219,0.12443831076562478,0.1313539442315721,0.1248752765963156,0.12384059726745188,0.12560244989169636,0.1231213880879974,0.12268207652201973
2020-12-16,0.12411903847793153,0.12495996723787034,0.1307113607956322,0.12519609289241654,0.12382378185522201,0.12613138167773663,0.12263397680586914,0.12242440025732157
2020-12-17,0.12402845866618463,0.12498621490276621,0.1314364647093976,0.12528377354510398,0.12423510017008707,0.1266570784128291,0.12154059866214782,0.12183231093148361
2020-12-18,0.12419433238109218,0.12527527796790702,0.13150030946538588,0.12529899365884134,0.12239246068045485,0.12711875180945093,0.1218247592753387,0.12239511476152917
2020-12-21,0.12414783377266107,0.12544261903030882,0.1318552496790348,0.12409285438926226,0.12209169994629902,0.12712235963359847,0.12270079277044076,0.12254659077839467
2020-12-22,0.12367374437188261,0.12551489758283382,0.13306954037295277,0.12351697813899144,0.12268198895884636,0.12584819674412734,0.12307050368622904,0.12262415014413656
2020-12-23,0.12364145063937049,0.1247381221348648,0.13404621365822933,0.12470142725250202,0.12174728870414821,0.12653804363701657,0.12207860738430058,0.12250884658956807
2020-12-24,0.12369345412584785,0.12485548847561107,0.1334957070153433,0.12432198530810534,0.12238869940831938,0.12660323829689948,0.12213809662600625,0.12250333074386731
2020-12-28,0.12435283859802267,0.12570626901335782,0.13256942287706805,0.12493049593889959,0.12272032601733668,0.12573604043303185,0.12179749370947049,0.12218711341281292
2020-12-29,0.12443641098749521,0.1261440198151244,0.13033790009676127,0.1260603942377041,0.1219876656525799,0.12652020089540716,0.12195711695243476,0.12255629136249324
2020-12-30,0.12414919991964334,0.1256776021485134,0.13117414966983587,0.12576128193303657,0.12220094732410203,0.12701323509077836,0.12176508453438908,0.12225849937970133
2020-12-31,0.12458049711933747,0.1257853775416676,0.13073108954166082,0.12460387992981983,0.1231804000813441,0.127281196187799,0.1217479485215154,0.12208961107685587
2021-01-04,0.125,0.125,0.125,0.125,0.125,0.125,0.125,0.125
2021-01-05,0.12531669979430424,0.1254856037663312,0.1263826867625584,0.12574924862463233,0.12464128774825682,0.12482813222754903,0.12353528332271961,0.1240610577536485
2021-01-06,0.12603209478679647,0.12371415154014676,0.13151876236176793,0.1271575844845141,0.1248198884986696,0.12276784928491984,0.12096687274537102,0.12302279629781426
2021-01-07,0.1271760948258777,0.12598532316321007,0.1330969452276062,0.12656827878094468,0.1238679821511804,0.12178360321981768,0.11921767254298694,0.12230410008837647
2021-01-08,0.12792611376665997,0.127630625511558,0.13283565354070218,0.12777451922577598,0.12509737371067656,0.11764079225492327,0.118856529250869,0.12223839273883505
2021-01-11,0.12797213140986452,0.12668557732748523,0.13366931527561537,0.1270056035328437,0.1243232814235036,0.11824935418098785,0.11950846350772816,0.12258627334197152
2021-01-12,0.1274865556801075,0.12597754661613583,0.13552033825761003,0.12707242839597918,0.12411241967259973,0.11853825611452226,0.11893524939452838,0.12235720586851713
2021-01-13,0.12740380011839803,0.1264056040048662,0.1341032272703366,0.12648023073990292,0.12520435170898642,0.11763430322892954,0.11987383877012875,0.12289464415845154
2021-01-14,0.126755938603505,0.12552991145641856,0.13656475972609639,0.12728976100889594,0.12574196721110684,0.11738642708852436,0.11856215494420974,0.12216907996124322
2021-01-15,0.12650158313280657,0.12519866333992874,0.13524479890097388,0.12596966601884874,0.12786226137350826,0.11654723359304547,0.11966645929623734,0.12300933434465108
2021-01-19,0.12664699836507765,0.12618054733535652,0.13606652715612358,0.12604013603881367,0.1266516767251014,0.11675311536064364,0.11925428243257666,0.12240671658630704
2021-01-20,0.12705989363974057,0.12776837542105,0.13523977353992467,0.12557385058959414,0.12772180661506863,0.11741607888535424,0.11812622865095035,0.12109399265831736
2021-01-21,0.12742124332211457,0.12903916881646704,0.13432530246463423,0.12591632649235018,0.12735813250299596,0.11756898115894165,0.11752360483760967,0.12084724040488683
2021-01-22,0.12699543546746778,0.12869302196606475,0.13591338210033932,0.12534088221991205,0.12768117880882326,0.11666649346700907,0.11792739464616171,0.12078221132422205
2021-01-25,0.12695595173200527,0.12920691425382583,0.13520517049348543,0.12466019113772751,0.12810356814143692,0.11627225584838845,0.11881159234857196,0.12078435604455878
2021-01-26,0.12680602464573257,0.12944522324052696,0.13431836043128798,0.12489039686795084,0.1290568682230177,0.11602913756734316,0.11863250915276607,0.12082147987137487
2021-01-27,0.1255852787973483,0.12774747346859286,0.13385836825716252,0.12388572877054761,0.12869822268743528,0.11704472277871564,0.12074012458955329,0.12244008065064457
2021-01-28,0.12639537590893574,0.12822941943589838,0.13314566981837572,0.12441274381213852,0.1291149676037816,0.1169035622955394,0.11981672494770859,0.12198153617762214
2021-01-29,0.12540278358163257,0.1270902456320872,0.1327578562327628,0.1233503062774345,0.12921232806859545,0.11830700486430434,0.12057443960930943,0.12330503573387384
2021-02-01,0.125,0.125,0.125,0.125,0.125,0.125,0.125,0.125
2021-02-02,0.12614446832114287,0.12641481388780512,0.12615735081831445,0.12564222110523818,0.1251299016689776,0.12287209751850726,0.12358380090132784,0.12405534577868661
2021-02-03,0.12644714506774277,0.12611627035974776,0.12673932168884694,0.12615089024045462,0.12501616757509232,0.1228842570661356,0.12268465860670583,0.12396128939527425
2021-02-04,0.12740681213471616,0.12713133670486132,0.12884152787947928,0.12581542541152183,0.1254064293491561,0.11978956033582738,0.12189993090558744,0.12370897727885058
2021-02-05,0.12742751739091196,0.12708300675309225,0.13013623960550702,0.1261190747468925,0.12537615696772877,0.12051744474374598,0.1204248325038445,0.12291572728827704
2021-02-08,0.1272121556348956,0.12680248280734066,0.13227850409967576,0.12587322478041274,0.12494380352557093,0.12065398568046624,0.11988343180994024,0.12235241166169786
2021-02-09,0.1268829016346936,0.1265319925427429,0.1326455261135597,0.126315757322142,0.1251398538524371,0.12081506637012679,0.11974130683704175,0.12192759532725622
2021-02-10,0.12675736415561428,0.12617373131291548,0.13170128435311504,0.12581182083791956,0.12574579865711233,0.12119018816999066,0.12047127967626181,0.12214853283707072
2021-02-11,0.1269837155736899,0.1268892346474596,0.13157280059110504,0.12668461813546186,0.12603458836677,0.12015813278536187,0.11983213682222092,0.1218447730779308
2021-02-12,0.12758711733926623,0.1275745426190511,0.13191965737987374,0.12736188551545263,0.12603909436259847,0.11977074959618314,0.11832175158195052,0.12142520160562426
2021-02-16,0.12820940111813667,0.12796088473435818,0.13184315448630682,0.1290172543511148,0.12578737184550062,0.11873024622748334,0.11718990555536231,0.12126178168173728
2021-02-17,0.12856347546282154,0.1276692947720309,0.13114094938854415,0.12858658022684516,0.12594975888838858,0.11767947146522707,0.11823263273602531,0.12217783706011726
2021-02-18,0.12866432912062326,0.1277545523322392,0.12976356298821762,0.12859478868246982,0.1260455820022706,0.11826808228222875,0.11835031682826318,0.12255878576368773
2021-02-19,0.1283021713110208,0.12706372745907304,0.13233033326384,0.12883134124668408,0.12663940544588706,0.11863392908741933,0.11665444543056702,0.12154464675550859
2021-02-22,0.12786183343173058,0.12430158372630418,0.1320367613319819,0.12906200086863698,0.1282415175362742,0.12092665975282896,0.11626396194460108,0.12130568140764209
2021-02-23,0.12814266416916836,0.12405296487771457,0.13100244573355746,0.12930747169465373,0.12916899037561155,0.12076673881147848,0.11604238058345556,0.1215163437543602
2021-02-24,0.12874842067039355,0.12429716054158663,0.13326340326942523,0.1289078368153552,0.12934693134330771,0.11993002668556524,0.11456372044306802,0.12094250023129843
2021-02-25,0.1286137292095264,0.12279721284477216,0.13136908710082817,0.12970631406738994,0.1298677158899704,0.12045262095779527,0.11535442924414424,0.12183889068557338
2021-02-26,0.12814814201735425,0.12350142178404312,0.1313909134077484,0.12807185463514462,0.12817153195425288,0.11772081150257163,0.11935149595894413,0.12364382873994091
2021-03-01,0.125,0.125,0.125,0.125,0.125,0.125,0.125,0.125
2021-03-02,0.1247950493733291,0.12375926125849246,0.12335635184375003,0.1256430941042243,0.12456520138786273,0.1264617586618259,0.12578550549261128,0.12563377787790425
2021-03-03,0.12460626504113981,0.12159655664190737,0.12347196830489385,0.1263605523500487,0.12532529258347364,0.12655505389729912,0.12590067051271514,0.12618364066852236
2021-03-04,0.12464690259082283,0.1211445516788712,0.12156438231976681,0.12677171419822875,0.12549105038874625,0.12692163098776515,0.12669734573242114,0.12676242210337774
2021-03-05,0.12580157384525817,0.1218663033772791,0.12302846811785358,0.12644809014483258,0.12572626497807932,0.12586249280183442,0.12580555448496067,0.12546125224990207
2021-03-08,0.12596920730106764,0.1191668560845566,0.12439452921677069,0.12680680637799913,0.12761615076444965,0.12534756004927355,0.1256192150227766,0.12507967518310603
2021-03-09,0.12563007762709577,0.12179451756491837,0.12488550138319952,0.1263617787125771,0.12631179097918932,0.1258720792179445,0.12522921288091649,0.12391504163415892
2021-03-10,0.12567348249265442,0.12073728283492802,0.12631275543235182,0.12615684714768569,0.12682680194812412,0.12577462882157883,0.12474695006144162,0.12377125126123542
2021-03-11,0.12593401075755453,0.12253172462740165,0.12806147725390776,0.12581081026232363,0.1272831381302187,0.12466225055772044,0.12285821261595505,0.12285837579491839
2021-03-12,0.1263142723371597,0.12174068552910232,0.12903212431538466,0.12633565727450757,0.1296321981484914,0.12484727594767929,0.12045181784487269,0.12164596860280237
2021-03-15,0.12628345345007425,0.12228199574836127,0.12869159829025745,0.12565486725121167,0.1307446698760519,0.12462241158177244,0.12041241926356772,0.1213085845387033
2021-03-16,0.12642934032760378,0.12325065774654197,0.1268457474337751,0.12617338058960018,0.1305253998375921,0.125039467367375,0.12021866858083342,0.12151733811667853
2021-03-17,0.12649400297711824,0.12340071792404811,0.1274725614135283,0.12654929650233923,0.13026080228906856,0.1255691280012446,0.11897447908065079,0.12127901181200212
2021-03-18,0.1265006707922568,0.12139342020062516,0.12542452004693466,0.12725581145023793,0.13085028120699072,0.1266894455193393,0.11951475247790484,0.12237109830571048
2021-03-19,0.12612031513514568,0.12168018949393433,0.12622476098220184,0.12745853763200776,0.12891784148263527,0.12707199683431009,0.12011619421455538,0.12241016422520964
2021-03-22,0.12649953768603062,0.12334989334757687,0.12465492182672415,0.12694523702587815,0.129188400568223,0.1262585155829353,0.12086231449443575,0.12224117946819618
2021-03-23,0.12644842295395806,0.12373601381191464,0.12103731445678288,0.12612838993664774,0.12997498920851777,0.1262800082673875,0.12287118810561157,0.12352367325917986
2021-03-24,0.12649148706479363,0.1223123698845146,0.11888269181758929,0.12617722307029416,0.12995120690734535,0.12740789000204322,0.12420587944700823,0.12457125180641156
2021-03-25,0.12669670010817982,0.12161454463342236,0.12121688893539082,0.12661253658193172,0.1307517393769655,0.12643958476226716,0.12273596996282327,0.12393203563901925
2021-03-26,0.1274157466827794,0.12217059714450144,0.12215875607931748,0.12693574063708574,0.13219933507654755,0.12549638520607345,0.12104980163558973,0.12257363753810509
2021-03-29,0.12832893874242648,0.12307330201672023,0.11963134622311214,0.12740910296137214,0.13243929773341637,0.12495530599803478,0.1209436160212852,0.12321909030363268
2021-03-30,0.12799631868881445,0.1224613433352835,0.1216531097605448,0.127249916330518,0.13261958556095882,0.12282710025622268,0.12158479273858479,0.12360783332907292
2021-03-31,0.12797996079781973,0.12381758521171916,0.12277467463962372,0.12617118944188171,0.13126710335501296,0.1241708721087917,0.12040285803365003,0.12341575641150097
2021-04-01,0.125,0.125,0.125,0.125,0.125,0.125,0.125,0.125
2021-04-05,0.1260284620192373,0.12672570577998848,0.12492819717148566,0.12605569299551506,0.12472340747633219,0.1241991508583125,0.12370301230128683,0.1236363713978421
2021-04-06,0.12581397854087428,0.12649686270590918,0.12442320066479899,0.12457529558327902,0.12490317528048596,0.12505710701101083,0.12440482039903138,0.12432555981461035
2021-04-07,0.12629692779351664,0.12714238665484215,0.12274308110518928,0.12516798728036524,0.12533082153582006,0.12503864769099912,0.12386931016220523,0.12441083777706231
2021-04-08,0.12613494806359074,0.12769798486895836,0.1230403155565273,0.12512496312051175,0.1241158820675367,0.12562465631516734,0.1241423866186503,0.12411886338905762
2021-04-09,0.12701442560980078,0.1284336387936709,0.1230205214464641,0.1254741327793362,0.12393371231771931,0.12464091283237413,0.12365611563583673,0.12382654058479796
2021-04-12,0.12723949005280696,0.1284465070198846,0.12271208328746389,0.12495787103161679,0.12483630095973534,0.12405942117020126,0.12377604824102614,0.12397227823726502
2021-04-13,0.12694891885292658,0.12926600513067052,0.12175077422908842,0.12502534403478732,0.12480220328557921,0.1242849348085678,0.12405111603845848,0.12387070361992165
2021-04-14,0.12682631782027104,0.12802762990860647,0.12325320122368653,0.12542901576866572,0.12444879912234409,0.12404912604803114,0.1239609624360663,0.12400494767232867
2021-04-15,0.12668046276852046,0.1284387907276859,0.12233204678745271,0.12498522509715457,0.12513735767074594,0.12457096454657354,0.12455237512744348,0.12330277727442321
2021-04-16,0.12699032015171025,0.12847426419390384,0.12241892291306714,0.12577775621238707,0.12529930819480145,0.12521234590951308,0.12347461476964673,0.12235246765497051
2021-04-19,0.12692279483770952,0.12785897499566234,0.12135969869349993,0.126108484619526,0.12609971063290457,0.12541587453989542,0.12366207739186158,0.12257238428894067
2021-04-20,0.1265406617907867,0.1274782514758698,0.11939103818500688,0.12438380874705667,0.12768617442637986,0.12640848028744142,0.12477150453428504,0.12334008055317357
2021-04-21,0.12656644399954267,0.12739040675054886,0.12118822782637156,0.12451142707886433,0.12734897266181852,0.126490487017226,0.12387530932094419,0.12262872534468376
2021-04-22,0.1259715663406931,0.1264177664196038,0.12122702816091714,0.12465440117787774,0.12722500478801532,0.12623263798239798,0.12497245927127333,0.12329913585922171
2021-04-23,0.12650368603967102,0.12717124574306193,0.12270528840168138,0.12510402302621348,0.12713320161579372,0.12492571948052195,0.12386246573624034,0.12259436995681627
2021-04-26,0.12639633877877654,0.12762419710664347,0.12361923323239841,0.12483208871660965,0.12713662448335997,0.12488900277410267,0.12332312583324546,0.12217938907486378
2021-04-27,0.12671839691626985,0.12742262626464584,0.12414573113791512,0.12476588754164125,0.12747508532484875,0.12491899250459254,0.12258536609626634,0.12196791421382039
2021-04-28,0.12664982790756107,0.12695952005028943,0.12432612017588064,0.12505047648755382,0.12716978744949273,0.12525497803846483,0.12263376352381623,0.12195552636694132
2021-04-29,0.12734076640684175,0.12730031392237254,0.12375140940522229,0.12498394196387157,0.12814459946976411,0.12462349501551438,0.1221598675594476,0.12169560625696572
2021-04-30,0.1270501041844011,0.12701181340840867,0.12259563108879007,0.12395236566524215,0.12920628804969667,0.12473973270874023,0.12297103005508214,0.12247303483963902
2021-05-03,0.125,0.125,0.125,0.125,0.125,0.125,0.125,0.125
2021-05-04,0.125125596740081,0.12363661333623316,0.12439811621244048,0.1240370036761572,0.12508748494178581,0.12497949735286187,0.12675665015331591,0.12597903758712473
2021-05-05,0.1252119468261926,0.12326741749361683,0.12394906293914924,0.12577440756858388,0.12305869200531937,0.12554455683514806,0.12701369101467738,0.12618022531731268
2021-05-06,0.1254214036597017,0.1234187132213287,0.12327797572825619,0.1260168835261863,0.12297142511860759,0.12683918666252997,0.12642597820891974,0.12562843387446984
2021-05-07,0.12544642917225737,0.1235458703002607,0.12395153383628697,0.12654771822248229,0.12371596346328022,0.12708100377646503,0.12491848691774372,0.12479299431122373
2021-05-10,0.12543099656352547,0.12161518535839975,0.12199351227679588,0.12711424051141004,0.1248998363048495,0.12872509871169635,0.12487474066253422,0.1253463896107888
2021-05-11,0.12506975507779144,0.1221879571180209,0.12234643607209168,0.1262105390522651,0.12407822661202035,0.1295327832635318,0.12492532264728193,0.12564898015699685
2021-05-12,0.12468579512480077,0.12123564776809334,0.12057179833580225,0.12650210251847657,0.12318276404350861,0.13062754014804764,0.12590805962218202,0.12728629243908873
2021-05-13,0.1251310776402225,0.1211539258769293,0.12176726597443562,0.12638370567085494,0.1237417530301727,0.1300700489875573,0.1250513176072844,0.12670090521254324
2021-05-14,0.12527339518272124,0.12209463059094477,0.12299484100940654,0.12670014431710308,0.1234587592194453,0.12941777665480977,0.12445321838136743,0.12560723464420184
2021-05-17,0.12494277298520833,0.12134243564989139,0.1231500751921314,0.12644924480494898,0.12357417696207824,0.13091165872620386,0.1241781216388765,0.12545151404066143
2021-05-18,0.1242402122386544,0.12088709170876485,0.12258416168627656,0.12710244696391565,0.12397268175972019,0.13156235282110712,0.12423422564342135,0.12541682717813996
2021-05-19,0.12429663071679102,0.12139918946581559,0.12201612527267634,0.12637298685695408,0.12395848646662848,0.1320586090462907,0.12431603722158661,0.12558193495325715
2021-05-20,0.12438472483532752,0.12251708540649965,0.12160670556129492,0.12676619700090683,0.12410669688100688,0.13134280543282922,0.12409277717685942,0.1251830077052756
2021-05-21,0.12426706708834978,0.121823513343296,0.12190712067927598,0.1269245199752873,0.12396423711453566,0.13138577090208328,0.12447477668597379,0.12525299421119826
2021-05-24,0.12460351817926134,0.12295442156928327,0.12179025531855422,0.12675516095729425,0.1245791565915228,0.1306416997020593,0.12401003865104977,0.12466574903097502
2021-05-25,0.12413980971842652,0.12293905124864335,0.12043139943830278,0.12659571580783127,0.12435384599321271,0.13162842732224322,0.12497022444159077,0.12494152602974942
2021-05-26,0.12402843550540628,0.12301254412167183,0.1223250609760893,0.1261532517847876,0.1245469177299118,0.1310212238115343,0.12439638439719251,0.1245161816734064
2021-05-27,0.12409529959241344,0.12255408678916259,0.12358651811070338,0.1263901254111475,0.12426081472931287,0.1310747214371326,0.12389779151704028,0.1241406424130874
2021-05-28,0.12407204107379802,0.12269814194145152,0.12326071139961292,0.12643803493829991,0.12476519647213198,0.13130936798196502,0.12345721858308044,0.12399928760966007
2021-06-01,0.125,0.125,0.125,0.125,0.125,0.125,0.125,0.125
2021-06-02,0.12475145327175019,0.12479882385702545,0.12470303676827699,0.1249701642532937,0.12601331756857992,0.12516472429136483,0.12484394833279512,0.12475453165691378
2021-06-03,0.12520197581653525,0.1244079468197813,0.1245687629692512,0.1252699899352239,0.12647056979092924,0.12361614452793063,0.12528943117888516,0.12517517896146332
2021-06-04,0.12523734399582914,0.1254078934741587,0.1240091204094378,0.12522761144666536,0.12542096531598446,0.12385172525860506,0.1258897653636772,0.12495557473564232
2021-06-07,0.12464035687347451,0.12530356217727395,0.1251948009745982,0.1251640800387687,0.12641871107042127,0.12387552342164156,0.12502587839546814,0.12437708704835372
2021-06-08,0.12424880249980857,0.12494270340512705,0.12609603743301195,0.12468343585197579,0.12703908503453443,0.12307832000031853,0.12548212523330868,0.12442949054191503
2021-06-09,0.1240432309960685,0.12495201835829052,0.1252363977417439,0.12432828986689677,0.12718840305970844,0.1228223035398329,0.12656933573705162,0.12486002070040737
2021-06-10,0.12411675769335669,0.12574439200295218,0.12380585460140808,0.1241674908798247,0.12758191538154115,0.12285178339951708,0.12681469493192693,0.12491711110947315
2021-06-11,0.12430438781208496,0.1260554756329895,0.12509501285712563,0.12444194580000201,0.12705615520667038,0.12145235229697132,0.12659219793505838,0.1250024724590979
2021-06-14,0.12462131250032962,0.12730286011846823,0.12476650652729421,0.1246956509007327,0.12759143664647532,0.12077792607648904,0.12566152414658563,0.12458278308362525
2021-06-15,0.1247849578077405,0.126870254647929,0.1248023817187392,0.12524302311138857,0.12662275042608986,0.12070108162118212,0.125906067152078,0.12506948351485275
2021-06-16,0.12477754239817157,0.12710901317968348,0.12522868897382342,0.12516361345031268,0.12649642328819286,0.11932136484430732,0.1264976981752121,0.12540565569029663
2021-06-17,0.12497804141756878,0.12897263204251574,0.12406325482066265,0.12453654002284079,0.12658280390804744,0.11587764513361094,0.12864062564887618,0.12634845700587735
2021-06-18,0.12426207135847836,0.1289672755833273,0.12220067118472393,0.12291773206884764,0.1254103051925903,0.11614147573359486,0.13209091155875763,0.12800955731968006
2021-06-21,0.12505790659134633,0.12875665883325454,0.12384031513422097,0.12355884056329099,0.12699928358151613,0.11664698701945694,0.1288663490422296,0.12627365923468437
2021-06-22,0.1254980909912951,0.12972079927622196,0.1241764991116261,0.12334985115588443,0.12610961436146692,0.11594686607738394,0.128946393188776,0.12625188583734553
2021-06-23,0.1255095564755839,0.1299527555000276,0.12474687869802123,0.12271829027431244,0.12605341633790793,0.11602057637992455,0.12878120395984338,0.12621732237437897
2021-06-24,0.12567409786392908,0.1301576629650714,0.12592993466943106,0.12333092909934631,0.12520573467433202,0.11541997271727929,0.12839750463513896,0.1258841633754719
2021-06-25,0.12607941619276528,0.12995531954793205,0.12610060674237664,0.12355337852894178,0.1260097942469294,0.1157645499080971,0.12702290731539462,0.12551402751756302
2021-06-28,0.12614241125937792,0.13133676568432845,0.12491241823241328,0.12257976564445075,0.1254523125401664,0.1155824415695478,0.12813463669989275,0.12585924836982268
2021-06-29,0.12636372804354612,0.13197229954541592,0.12446725647875133,0.12275966420522855,0.12526209318721696,0.11450722999930454,0.12850504248030772,0.12616268606022896
2021-06-30,0.12652315377298354,0.13181939463750386,0.12453580001584821,0.12186875572217261,0.12465337477187512,0.11511128704723658,0.12913153049857684,0.12635670353380332
2021-07-01,0.125,0.125,0.125,0.125,0.125,0.125,0.125,0.125
2021-07-02,0.12546159929093967,0.12593907823850195,0.12332611605898862,0.12493508538088682,0.12488742662729364,0.12532648283160266,0.1252612079406307,0.12486300363115595
2021-07-06,0.12508750186806317,0.1263363494083312,0.121392944396825,0.12397195134436508,0.12565465090837494,0.1258018533464431,0.12658207777851055,0.12517267094908718
2021-07-07,0.1251888487232209,0.12625929366928762,0.11993789180651213,0.1243099534312116,0.12575037928070737,0.125938022874109,0.12735687325762723,0.12525873695732426
2021-07-08,0.1247121562002372,0.12604587117187313,0.11935370725026317,0.1232469703454449,0.12594725974638185,0.12640667465022046,0.12841539407978528,0.12587196655579397
2021-07-09,0.1251811260825603,0.12596516080063505,0.12103942299628408,0.12448478719383842,0.12714294044011157,0.12595874298766868,0.12574331581397294,0.1244845036849289
2021-07-12,0.12534384734319798,0.12616960017661877,0.12086555036964224,0.12473252071853069,0.12794052716619647,0.1255163464714484,0.12529467772006836,0.12413693003429702
2021-07-13,0.12572167368918846,0.12698280138225046,0.11935200363257156,0.12487653638308123,0.12696663550706772,0.12648978535679614,0.125137124223481,0.12447343982556344
2021-07-14,0.12552005522283263,0.12681731189386267,0.11714720747347007,0.12477248157641313,0.1274584748367952,0.1274549972325752,0.12616772874162568,0.12466174302242541
2021-07-15,0.12525233818915152,0.1260886680262555,0.11663342563466703,0.12374112789328377,0.12782875808111394,0.1276414402999191,0.12772360625573084,0.1250906356198783
2021-07-16,0.12503135271040056,0.1258337168026277,0.11590298513598725,0.12358410483516687,0.12852654512041667,0.12717733594716085,0.1282638520980061,0.12568010735023386
2021-07-19,0.12384519513617002,0.1254716937357886,0.11477868786229409,0.1219938784422694,0.12685964073629027,0.1280099844322668,0.13177905855076008,0.12726186110416088
2021-07-20,0.12449179227717944,0.12578931580247488,0.11727752120007383,0.12177868756531439,0.12868735560993466,0.1266958244055848,0.12933678568963164,0.12594271744980626
2021-07-21,0.1250885408336857,0.1263451293083517,0.11890667409089346,0.12322873157054658,0.1282536300913413,0.12581104784243338,0.12728008056958973,0.1250861656931581
2021-07-22,0.12532506535327195,0.12715451992244403,0.11699269373721471,0.12325074405899117,0.12720971490956529,0.12603149215486706,0.12845719534263614,0.12557857452100968
2021-07-23,0.12611921134185486,0.12813626445224227,0.11707907218896127,0.12362702464019149,0.12776231379525427,0.12514509183257155,0.1270988877423782,0.12503213400654606
2021-07-26,0.12642452777707805,0.12823280724107314,0.11741636639288519,0.12379446104000505,0.12781831371461766,0.12484387621666246,0.12671798054070604,0.12475166707697229
2021-07-27,0.12597939993307372,0.12695201216100546,0.11616676743524304,0.12342353058051846,0.12867635735383193,0.1251819899167435,0.12820368016016523,0.12541626245941856
2021-07-28,0.12553986641992687,0.12704717640164873,0.11751188068295651,0.12357281498477522,0.12783432266638267,0.1254261513845675,0.12781732363352324,0.12525046382621938
2021-07-29,0.12570135696964957,0.12691030569972095,0.11807915576461064,0.12407486223791848,0.12749414568503253,0.12645771591799906,0.12674615437352896,0.12453630335153973
2021-07-30,0.12544476060097023,0.1266059986075024,0.11763094843224634,0.1237873493676103,0.1280234282011578,0.1258152647122389,0.12770265302677816,0.12498959705149588
2021-08-02,0.125,0.125,0.125,0.125,0.125,0.125,0.125,0.125
2021-08-03,0.1255844788430877,0.12532615970455102,0.12508644359228901,0.12545987129751057,0.12472374275277781,0.12448291709685852,0.12463728221790613,0.12469910449501932
2021-08-04,0.12527277754988433,0.12581457200387483,0.12383145919922392,0.12539194212887955,0.1246406514740144,0.12481720510761889,0.12519936748168034,0.12503202505482364
2021-08-05,0.12553365869042557,0.12607788134934458,0.12552463752863063,0.1254693890085232,0.12556801234078255,0.12379883248949299,0.12403509416732122,0.12399249442547923
2021-08-06,0.12655675573164857,0.12633960204259506,0.12711271317192985,0.12581331214881417,0.1261583233901311,0.12148794350597099,0.12275482308598802,0.12377652692292229
2021-08-09,0.1270168172674544,0.12713660756357692,0.12697572057232767,0.12631053207518875,0.12604443757704142,0.11986461443221097,0.12285910608981317,0.12379216442238673
2021-08-10,0.12742501329356182,0.12673372397396102,0.12747745141544112,0.12684282464105087,0.12509289197350748,0.12013753584731791,0.12253237444869083,0.123758184406469
2021-08-11,0.12721981051916467,0.12599928411487932,0.12757837945760517,0.12718828655355355,0.12531520782009598,0.12129610954135975,0.12195685820128298,0.12344606379205864
2021-08-12,0.12751183050270665,0.12636496459464958,0.12718704428076058,0.12698948418425451,0.12549940679974184,0.1212408112341355,0.1216718258738702,0.12353463252988116
2021-08-13,0.1270501008154954,0.1261198312879508,0.1253456585987786,0.12706451791559556,0.1254996472787473,0.12230982009759317,0.12292255294123476,0.12368787106460447
2021-08-16,0.12743093959283694,0.12625547857420935,0.12425759989676721,0.12649011065060342,0.1254271931111361,0.1229987510453726,0.12329942642244039,0.12384050070663398
2021-08-17,0.1272613770631259,0.1258015286155489,0.12338865889904771,0.12596230551919682,0.1259567331980008,0.12346076979035948,0.12389796138912437,0.1242706655255961
2021-08-18,0.1264864518459124,0.12520240770527422,0.12291147809788554,0.12609166853801465,0.1254225047692536,0.1241634894095245,0.12492448997644884,0.12479750965768627
2021-08-19,0.12674176793816405,0.125866340684433,0.121495915630682,0.12490402583410057,0.1260876853829014,0.12385749226464024,0.1259036381907839,0.12514313407429495
2021-08-20,0.12702395621639123,0.1264471388838632,0.12284577330065742,0.12468038653751541,0.1259973184127942,0.12321985392434152,0.12527103132824763,0.12451454139618937
2021-08-23,0.12715210764273926,0.12734761140645548,0.12421636091775128,0.12487019038950813,0.12479007090030149,0.12375755526513812,0.12422141998379461,0.12364468349431162
2021-08-24,0.12732617967838816,0.1277087350312484,0.1254107199720094,0.12510765151307024,0.12421172109945469,0.12367192246649485,0.12322852994968851,0.12333454028964583
2021-08-25,0.12776993477285142,0.12803233544529444,0.1260259184968007,0.125327508712151,0.12430138223025483,0.12298388705682198,0.1223739581016586,0.12318507518416702
2021-08-26,0.12740674911402836,0.12761101949640846,0.12507348489922931,0.12505661192852938,0.12473122571697672,0.12350250976009897,0.1230907383260264,0.12352766075870247
2021-08-27,0.12705457248165436,0.12735655641667923,0.12710880509746303,0.12473408621832693,0.12457645638308987,0.12390434610060283,0.12249042809045711,0.12277474921172672
2021-08-30,0.12728270772491537,0.12845215569407906,0.126258748931645,0.12438010344396608,0.12549630274829468,0.12297339047218744,0.12249189968490773,0.1226646913000046
2021-08-31,0.12714290328595076,0.12839669362032718,0.12655367526353084,0.12436614602867027,0.12613689829706198,0.12326756664046976,0.12170484460533225,0.12243127225865685
2021-09-01,0.125,0.125,0.125,0.125,0.125,0.125,0.125,0.125
2021-09-02,0.1250352229731177,0.12459276530522657,0.12551765650066973,0.12515723408472276,0.12530708002845026,0.12432117709087054,0.1251959375372266,0.12487292647971583
2021-09-03,0.12499230837677315,0.12496343565686391,0.12492414871509189,0.12571139823864505,0.12531705912219857,0.125638060570658,0.12404486317724797,0.12440872614252144
2021-09-07,0.12536624170904975,0.12596498373655204,0.12488142881141123,0.12663242936995409,0.12472143833568522,0.12398941245523312,0.1238090768828517,0.12463498869926279
2021-09-08,0.1253889657533071,0.12570248187782268,0.12369199264354273,0.1258062739494912,0.12552254634765675,0.12385220046444317,0.12482642833253303,0.1252091106312032
2021-09-09,0.12496738404646604,0.1253855144806187,0.12374523021812826,0.12570589191640388,0.12308495045662778,0.1245147662314916,0.12645343362525854,0.1261428290250052
2021-09-10,0.12489813661789592,0.12535329850553595,0.12343974642176182,0.12635447880076697,0.12218007110912635,0.1248002387222899,0.12626449666037237,0.12670953316225067
2021-09-13,0.12468775043966555,0.1247364710928086,0.12361605081188481,0.12681180302031117,0.1224861558200989,0.1246882364548267,0.12649259904120994,0.12648093331919424
2021-09-14,0.12409280321929324,0.12446005237853815,0.12211764546589833,0.1263640689526774,0.1223457852045517,0.12556993452243234,0.1281065547620358,0.12694315549457288
2021-09-15,0.12481821850025664,0.12507363365902813,0.12291568730505835,0.12642126895449138,0.12242961275379909,0.12452318597887661,0.127339842893858,0.1264785499546318
2021-09-16,0.12508333630003174,0.1256246573862886,0.12346122675161755,0.12668903023124983,0.1229875784924338,0.12215589717785634,0.12722733981875964,0.1267709338417626
2021-09-17,0.12466171614074843,0.12493551115670629,0.12441761560785185,0.12583149164856192,0.12267195044381908,0.12274685442448713,0.12743061845460218,0.1273042421232231
2021-09-20,0.12355228655633098,0.12332134392908134,0.12241964004089097,0.12447893395561899,0.12288653264981435,0.12460121968786593,0.13003106321079655,0.12870897996960096
2021-09-21,0.12316247201439402,0.12319991652839112,0.12233437012387602,0.1254296614538006,0.12267260735344859,0.12515465098491152,0.12963165530027715,0.128414666240901
2021-09-22,0.12353110656528317,0.12351798191787662,0.12340335873093347,0.12521432045178524,0.12303741885752736,0.12385236759150581,0.12953159346858625,0.12791185241650196
2021-09-23,0.1249443960055887,0.12457033142211976,0.12549964025604748,0.12648409094771876,0.12270949245168027,0.12233652863651857,0.12651591612222987,0.12693960415809666
2021-09-24,0.1257091667183344,0.1252440708921474,0.12545214415602848,0.1258578294308677,0.12193964355055799,0.12272510189329419,0.12583896304340628,0.12723308031536354
2021-09-27,0.1255308063675008,0.12442404465651381,0.12754302164391296,0.12596138424581266,0.12047349957619993,0.12315849851083796,0.12555773763629915,0.12735100736292262
2021-09-28,0.12513162792124766,0.12299730226145462,0.1268011895248908,0.12534874978466673,0.12173062636946601,0.12407431225312526,0.12574280364260895,0.12817338824253985
2021-09-29,0.1253428407184484,0.12279625737373008,0.12653249668051958,0.12506193387672238,0.12264374199213461,0.12351599991748638,0.12596155974686712,0.12814516969409157
2021-09-30,0.12428613168231584,0.12281473322516923,0.12582752278872916,0.12504508857331695,0.12108026920644849,0.12621906304250421,0.12642767246200845,0.12829951901950756
2021-10-01,0.125,0.125,0.125,0.125,0.125,0.125,0.125,0.125
2021-10-04,0.12420745675448432,0.12318895919583046,0.12468662645730595,0.12451067324228826,0.12585449127648665,0.1264187930659629,0.12550988312520295,0.12562311688243843
2021-10-05,0.12536756867656296,0.1247203688878107,0.124985061261027,0.12523138536690973,0.12485727868049115,0.1256975528498783,0.12416689934428436,0.1249738849330359
2021-10-06,0.12562461395991173,0.125256298720394,0.12407397118291495,0.12413468270940785,0.1257863485694105,0.12576927096156384,0.12460551396737483,0.12474929992902227
2021-10-07,0.12634033947043655,0.1260360454500319,0.12561869237848228,0.12473143105727043,0.12575793870042323,0.12474055935074735,0.12294206067736724,0.12383293291524106
2021-10-08,0.1266654026216484,0.12595991137014703,0.1252226014685642,0.1252647912579898,0.12511920608953392,0.12534341788405592,0.12261926606759099,0.12380540324046982
2021-10-11,0.126186068478905,0.1254289059556978,0.12493823536951314,0.12529778928371257,0.1258721963345745,0.1255422708187551,0.1227338815222281,0.12400065223661376
2021-10-12,0.1252356924203328,0.12435616435423501,0.12498591970136026,0.12472513153942234,0.1268727441720535,0.12546807574902671,0.12419814195221654,0.12415813011135288
2021-10-13,0.12465583782148568,0.12432436387320053,0.12454882311212159,0.12492735459002569,0.12674844973646593,0.12665374888824388,0.12437798213644204,0.1237634398420146
2021-10-14,0.12545115799362128,0.12531397300638358,0.12509771345012796,0.12487259271169986,0.1269736791915617,0.12565998945493403,0.12355832448111288,0.12307256971055873
2021-10-15,0.12651583014427678,0.12621251303388306,0.12481224919711426,0.12602045275768825,0.12698791158804285,0.12376977031746228,0.12294456627040524,0.12273670669112723
2021-10-18,0.1266969842093485,0.12728738346365026,0.12455008795579532,0.12529347420237344,0.12711619388973208,0.12327467188331899,0.1233327566857012,0.12244844771008011
2021-10-19,0.1275158396870248,0.12809132411955276,0.12485971115585262,0.12589206047357596,0.12701779679325684,0.12351720478098419,0.12148038153324081,0.12162568145651206
2021-10-20,0.12756113056218998,0.12746893325606762,0.12524162887183732,0.125882469586728,0.12855862661798634,0.12415632243477673,0.12023092998505558,0.12089995868535851
2021-10-21,0.12782963563503197,0.12818297914308727,0.12549806792330878,0.12522455722260312,0.12867188447215275,0.12398243806748431,0.12002744944266432,0.12058298809366755
2021-10-22,0.12738960914618766,0.12679982863617975,0.12489922331581094,0.1256723345345489,0.12896518025082904,0.12444041386318584,0.12105704495979074,0.12077636529346701
2021-10-25,0.12755463030121977,0.12757972088325237,0.12557544296653378,0.12491511934100873,0.1288557216545786,0.12479387957946253,0.12038321372392985,0.12034227155001445
2021-10-26,0.1275721225908471,0.12788390898878144,0.124534147256679,0.1250685038853161,0.1291106458225144,0.12377605863983512,0.12128622116168034,0.12076839165434657
2021-10-27,0.12711921537945065,0.12829403417835697,0.12235197346652275,0.12468145991128364,0.12812911008417588,0.12421054189139,0.12360203790117175,0.12161162718764826
2021-10-28,0.1273947659681812,0.12875757903872803,0.12386723975255033,0.12496149557580775,0.12895713858797517,0.12326082517671164,0.12227096698686575,0.12052998891318006
2021-10-29,0.12791603995376244,0.12965730764373584,0.12408958744875787,0.12449181730920945,0.12776959293976028,0.12246372773724727,0.12289710541134906,0.12071482155617778
2021-11-01,0.125,0.125,0.125,0.125,0.125,0.125,0.125,0.125
2021-11-02,0.1252064685465239,0.12522376165049545,0.12496347013440946,0.12444148331512891,0.1252940856108994,0.12443431603404606,0.12525583345995758,0.12518058124853915
2021-11-03,0.1255799743200951,0.12616035004398085,0.1268020497930987,0.12506487846422204,0.12532500757386245,0.12301665472247214,0.12357682231172049,0.12447426277054831
2021-11-04,0.1256388411256085,0.12723782544968046,0.1262188347380566,0.12446045073163994,0.12360947808085909,0.12388627609142203,0.12434816251119572,0.1246001312715376
2021-11-05,0.1251377284033318,0.1264126668674128,0.12699279130290775,0.1237168603741485,0.12331869742329064,0.12457181668416474,0.1252699235485683,0.12457951539617541
2021-11-08,0.12522710752249983,0.1262237772402485,0.12736890858357883,0.12368450925850709,0.12320060700815161,0.1250017917174936,0.12501752211409142,0.12427577655542915
2021-11-09,0.12475158417949311,0.1252930679930907,0.12656600900578518,0.12335146607726301,0.12335270729590074,0.125555807042392,0.12658250627603915,0.12454685213003618
2021-11-10,0.12488842373564708,0.12458940030247095,0.12571966676015844,0.12297869086371926,0.12391276285996648,0.12808888533043317,0.1254135170495548,0.12440865309804987
2021-11-11,0.12465201786530199,0.12465804105095678,0.1264505888737079,0.12314742708741913,0.12384131578282513,0.128521065955439,0.12494983936723089,0.12377970401711931
2021-11-12,0.1252766820177763,0.12565273819240355,0.12625885489139332,0.12350527296502228,0.12343962749079096,0.1284405981200546,0.1240879063328866,0.12333831998967236
2021-11-15,0.1256388806108796,0.12594409930132913,0.12607845100565465,0.12359168913076236,0.12462300003840121,0.12856851350977205,0.12284195751960418,0.12271340888359693
2021-11-16,0.1262520191410609,0.12695751242785971,0.12642704078392333,0.12343114904924274,0.1239130068022996,0.12775573698203374,0.12264214853293512,0.12262138628064485
2021-11-17,0.12582345627641472,0.12690167831333155,0.12465047174893855,0.1231595145236308,0.12417671640111522,0.12879829431521175,0.12349438247399315,0.12299548594736417
2021-11-18,0.12603798995274942,0.1280004648182073,0.12391283290827826,0.12307350192608349,0.12398997192561323,0.12816860379562228,0.1237499150559037,0.12306671961754233
2021-11-19,0.12601806995317436,0.1289243411227211,0.12298426889156648,0.12222473838907078,0.123459052803358,0.12739628940665457,0.12526067780226946,0.12373256163118529
2021-11-22,0.12681772387870188,0.12859825874544098,0.12358606734432069,0.12262598034733072,0.12397834057802651,0.12568409890276602,0.12492877345183327,0.12378075675158005
2021-11-23,0.12743546340821024,0.12846531837760636,0.12380954063595023,0.12293685011755039,0.12542283790371386,0.12503773818135316,0.12355835077584337,0.12333390059977245
2021-11-24,0.12726050367003075,0.1283593698149376,0.1234436020553813,0.12162786391389356,0.12643080005004972,0.1244144755049054,0.12503593824761233,0.12342744674318926
2021-11-26,0.12602891685152717,0.1275519612647324,0.12032405439423781,0.11988768824439637,0.12450131379576823,0.12581747873186672,0.1298508601543491,0.1260377265631222
2021-11-29,0.1269862181245865,0.12971885350786724,0.11969365079805987,0.11993794415447039,0.12484489028211357,0.1250643345963782,0.1282128058069208,0.12554130272960348
2021-11-30,0.125627071121962,0.12895491707044612,0.11830051305379537,0.11994731247225053,0.12357459191090633,0.12533275868167107,0.1313240424486618,0.12693879324030682
2021-12-01,0.125,0.125,0.125,0.125,0.125,0.125,0.125,0.125
2021-12-02,0.12548852709692895,0.124486271756263,0.12704388932901922,0.12513236103169414,0.12730412518642678,0.12291120098767164,0.12374966631554542,0.12388395829645092
2021-12-03,0.12480383626063597,0.12272205857421321,0.12484321638907592,0.12502262584477944,0.12729559119467837,0.12435084616371929,0.12563624566995332,0.12532557990294438
2021-12-06,0.1255618666200824,0.12300007274570551,0.12662312526838057,0.12550395771699122,0.12878947610209837,0.12333758207199642,0.12320404031852335,0.12397987915622219
2021-12-07,0.1264846328109826,0.12504863763070817,0.12786730179701275,0.12647622571726003,0.12893816410265432,0.12215819390791766,0.12061191495351889,0.12241492907994557
2021-12-08,0.12680694748159457,0.12559561529330027,0.12872750829637944,0.12670249334605044,0.1298525359814276,0.12221193772905786,0.11851532557192103,0.12158763630026888
2021-12-09,0.1270603938733961,0.12483777121804508,0.126920514183807,0.12675838416052604,0.12910241590678287,0.12253513673379968,0.12022821860598235,0.12255716531766085
2021-12-10,0.12784251418550172,0.12578748982310992,0.12616086153458106,0.1266214846678096,0.12908191458060295,0.12265504225965386,0.11955095960633258,0.12229973334240844
2021-12-13,0.12698161335082925,0.12423596805505022,0.12458359605029712,0.12570423469656114,0.13057323580749663,0.12322784153740375,0.12157785724261491,0.12311565325974708
2021-12-14,0.12706939978619905,0.12388743784623894,0.12445264247923189,0.12598810118061873,0.12988587458801876,0.12300744467207857,0.12221283104280975,0.12349626840480435
2021-12-15,0.12779853777801412,0.1254782553122085,0.12519751185306585,0.1264559178689978,0.13042775152951333,0.12233272334871458,0.11985865255732535,0.12245064975216055
2021-12-16,0.12735838922401843,0.12291447389264844,0.12333083796889922,0.12715797089608874,0.1310880821267285,0.12448399457668362,0.12055539998923065,0.12311085132570236
2021-12-17,0.1261564317743046,0.12245025899538907,0.12461637492406634,0.12570569364728895,0.1310835752084927,0.12436882398436669,0.12207008557313197,0.1235487558929596
2021-12-20,0.1257654487643412,0.122185862628196,0.12380273852338464,0.12638202228550094,0.1310534057735034,0.12478565565624564,0.12207809987873654,0.12394676649009158
2021-12-21,0.12659204188737727,0.12354738951553428,0.12594001159774923,0.12638211558500892,0.13107427577069578,0.12336242293127908,0.12027663386470348,0.12282510884765181
2021-12-22,0.1267909744034795,0.1240085978838341,0.12609124581007947,0.12649448997021417,0.1313138006012592,0.1234830222691553,0.11982485513266496,0.12199301392931317
2021-12-23,0.12727533536788385,0.1246452624200303,0.12679530838134603,0.12693628282657085,0.13086156998819345,0.12346594589132587,0.11850159719622022,0.12151869792842943
2021-12-27,0.12790068510039715,0.12555108713806962,0.12681719190609514,0.12675719833292515,0.13187076252211952,0.12263079788839534,0.11770671593150599,0.12076556118049217
2021-12-28,0.1280621607623423,0.12522923779471673,0.12630432049874535,0.12706918371692105,0.13263208517056851,0.12235639398904587,0.1174842716034434,0.12086234646421688
2021-12-29,0.1283360962286197,0.12531806887719787,0.12654897054335018,0.12713009902377664,0.1336392963508223,0.12242514692320539,0.11630059522979287,0.12030172682323508
2021-12-30,0.12774881618944225,0.12471662704530186,0.12628511847749654,0.1265664757470727,0.1339755789106017,0.12307984381290833,0.1170628626275297,0.12056467718964697
2021-12-31,0.12745566685283508,0.12396583718252874,0.126041656304701,0.1264825341994873,0.13437650522984032,0.12394866526089948,0.11731890341673905,0.12041023155296911
2022-01-03,0.125,0.125,0.125,0.125,0.125,0.125,0.125,0.125
2022-01-04,0.12505660585108574,0.12347590720919346,0.12490977199315255,0.12580937649574706,0.12494635770707924,0.12602007181039906,0.124578379852789,0.12520352908055393
2022-01-05,0.12476335736917699,0.12173962203515026,0.12275326201360133,0.12684691882276294,0.1234566095635143,0.12780046159769198,0.12603168750804628,0.1266080810900559
2022-01-06,0.12482565237229197,0.12182930617935832,0.12363134047194209,0.12638591984578862,0.12374515425635207,0.12641747504843082,0.12653994321359527,0.12662520861224077
2022-01-07,0.12490320283863976,0.12106303154933815,0.1227617313391794,0.12733821274924942,0.12349041242822431,0.12757606960316475,0.12620735321797008,0.12665998627423422
2022-01-10,0.12497429035704576,0.1213627048015614,0.12255774467917337,0.1263871919758623,0.12300154000670332,0.1281962898128422,0.12674763879861978,0.12677259956819195
2022-01-11,0.12503688516555497,0.12213504465801932,0.12280464779292509,0.1266739477837446,0.12214015898196429,0.12863624286574993,0.12650357319132202,0.12606949956071983
2022-01-12,0.12524264712998173,0.12248999171933198,0.12176183381687888,0.1277753968606344,0.12215478236502884,0.1288401029249957,0.12588594913490833,0.1258492960482401
2022-01-13,0.12426276942547486,0.12014686969031664,0.12137408276226679,0.12761097859565396,0.1226480761445858,0.1291777222284695,0.12777076049310523,0.12700874066012735
2022-01-14,0.12477453233377706,0.12134272553881364,0.12199486039279284,0.12795454302254178,0.12198851462246028,0.1292833222690524,0.12630681048024156,0.12635469134032054
2022-01-18,0.12446588827240943,0.12015727523378396,0.12014123563169118,0.12803125528455558,0.1225792190434847,0.13107195011293932,0.1264606137584287,0.12709256266270716
2022-01-19,0.12356615479020179,0.11921635822613706,0.11856406339010356,0.12832387931939496,0.12131253758661284,0.1335778978330664,0.12774209002030068,0.12769701883418272
2022-01-20,0.12304255283299668,0.11848067430827348,0.11722250723397294,0.1285788836353971,0.12058444335086074,0.13416444813491177,0.12941767952963623,0.128508810973951
2022-01-21,0.12159896903278611,0.11612338722006964,0.11595364270623873,0.12785618277377905,0.12125628922700855,0.13480408266939134,0.13201360228925607,0.13039384408147045
2022-01-24,0.1218801911419437,0.11643036354603653,0.11839757794785553,0.12633952585422756,0.12125279158232495,0.1352836944005297,0.13067696966550543,0.12973888586157667
2022-01-25,0.12126055529972685,0.11455168575676204,0.11765980204399692,0.12647635339694085,0.121640883779715,0.13669514662397506,0.1314069804661879,0.13030859263269545
2022-01-26,0.12208609215846287,0.11544068024174362,0.11704462222176501,0.12716481562987633,0.12085953289464747,0.13574135060740386,0.13103021680163102,0.13063268944446976
2022-01-27,0.12222442958601834,0.11497536366604422,0.11508473229586196,0.12734232466083498,0.11958541754187356,0.1348080581915895,0.1342505175284881,0.13172915652928938
2022-01-28,0.12365604905264017,0.11706365877586745,0.11582380916048797,0.12613373426105792,0.1218747619940699,0.13268490214544842,0.1325778225700399,0.1301852620403883
2022-01-31,0.12426483103288315,0.11925407713573144,0.1178424141715538,0.12632823899869852,0.12178668707825474,0.13175507953652996,0.13019671567274385,0.12857195637360463
2022-02-01,0.125,0.125,0.125,0.125,0.125,0.125,0.125,0.125
2022-02-02,0.12566138194264537,0.12546366661505776,0.12321623263017431,0.12537927397675788,0.12603954818159407,0.12490370170205944,0.1248739475688858,0.12446224738282531
2022-02-03,0.12468419971071663,0.12231584085758954,0.12283172667599959,0.1253831064225542,0.1267078586145734,0.12673515641535368,0.1258948705911975,0.12544724071201535
2022-02-04,0.12542187524022608,0.12400851152685607,0.12350936397779848,0.12583237578299825,0.12560515453177046,0.12708398340688448,0.12418883864610399,0.12434989688736214
2022-02-07,0.12495753222791252,0.12295013362328386,0.12405811067168238,0.12598507277659504,0.12536374013519433,0.12796141502679437,0.12420771420594832,0.1245162813325892
2022-02-08,0.12552381526603265,0.12387569021687717,0.12571129728748046,0.12616566417886207,0.12432056532632109,0.12788204609197681,0.1229250525085181,0.12359586912393172
2022-02-09,0.1257534943632868,0.12490401974533524,0.1264814691491383,0.1265900914995887,0.1255267607203424,0.12669714515103117,0.1216018329558205,0.12244518641545686
2022-02-10,0.12546153913342015,0.12402189893415332,0.12652487628900072,0.12697085557766583,0.1245157339145459,0.12822681026338342,0.12157569488500689,0.12270259100282371
2022-02-11,0.12367822209592245,0.12076206050985061,0.12594701526515215,0.12575630897391865,0.12407356662352381,0.13140393411155554,0.12407120328237851,0.12430768913769821
2022-02-14,0.12384131336611767,0.12146819039616742,0.12608692405320207,0.1255171641198547,0.12351011241185192,0.132715120893144,0.12309164779731553,0.12376952696234667
2022-02-15,0.1247737649860621,0.12343509485635726,0.12837172813960226,0.1267393342505109,0.12356608418275586,0.13034208803210293,0.12066453606077363,0.12210736949183502
2022-02-16,0.12445743744796858,0.12295327256891901,0.1281698470337615,0.12675476901675442,0.12368722956751767,0.13120168943946406,0.12093644227787996,0.12183931264773476
2022-02-17,0.12305079381478994,0.12052236904839703,0.12616997401874958,0.12599165903856652,0.12363342300478336,0.13436196685044663,0.12308829324767291,0.12318152097659395
2022-02-18,0.12262674836914464,0.11951102875100361,0.1254664695172621,0.12584099463576062,0.12326121666601143,0.1346727550822079,0.12476326063497213,0.12385752634363743
2022-02-22,0.12201300849442943,0.1189955581446876,0.12441505057861293,0.12509030391956982,0.12352505971284541,0.13573531242109788,0.1258123672049798,0.12441333952377727
2022-02-23,0.1214097291011884,0.11745771724824411,0.12367717785382722,0.12568097396220043,0.1230656714590769,0.13812307770462984,0.1256945844448084,0.12489106822602467
2022-02-24,0.1221154043925486,0.12030008050438838,0.12576506566351645,0.12286691223495708,0.12399533152150825,0.13598338397185458,0.12463281865659746,0.12434100305462928
2022-02-25,0.12313567834907707,0.12052692494266205,0.12687245688763069,0.12424849938208252,0.12528092611779434,0.13371255303018142,0.12305100094523554,0.12317196034533624
2022-02-28,0.12260874382316785,0.1206774024931993,0.1271664710784741,0.12167442472402355,0.12320244890513252,0.13486546763692672,0.12553115291949357,0.12427388841958234
2022-03-01,0.125,0.125,0.125,0.125,0.125,0.125,0.125,0.125
2022-03-02,0.12681628897986905,0.12661490870906666,0.12749052544754685,0.126090304290687,0.12685730394575756,0.1232296316788648,0.12026880340287371,0.12263223354533442
2022-03-03,0.12656365022605964,0.12518083793113782,0.12635801581857975,0.12397492274555044,0.1282788098779896,0.12433530379441532,0.12185843033366683,0.1234500292726007
2022-03-04,0.1259916169309417,0.12381508669269263,0.12483162761699677,0.1208200053343345,0.12933494587048144,0.12677495921475726,0.12441271556708883,0.12401904277270691
2022-03-07,0.12456239791953391,0.12147696423021889,0.12400209506619292,0.11917301304526548,0.12914776569264363,0.1310633622456694,0.12577054508074553,0.12480385671973042
2022-03-08,0.12347493667682652,0.12077239943961016,0.12454273233982002,0.12006800291287903,0.12837304165548138,0.13449329366716783,0.12436125059580623,0.12391434271240886
2022-03-09,0.12513788040801838,0.12349405107035392,0.1263888418481137,0.12346461334476187,0.12865494366147726,0.1288015677226002,0.12154246444651014,0.12251563749816455
2022-03-10,0.12533276518929504,0.12286771392910739,0.1269313212138904,0.12273231977479286,0.1297626882525527,0.12999180591189796,0.12052707678166868,0.12185430894679497
2022-03-11,0.12487364307813094,0.12142274756330505,0.12605115390672425,0.12251906050270361,0.12991225325252467,0.1302616683469014,0.12203913764203464,0.12292033570767558
2022-03-14,0.1255051624075773,0.1205744000594468,0.12501352038893532,0.12518360915019242,0.1305028978260264,0.12989633272469783,0.12067439598320129,0.12264968145992265
2022-03-15,0.12713055195045272,0.12325647388959819,0.12588168270409578,0.1252583718582736,0.13021625981280918,0.12633909063370696,0.1193982131324062,0.12251935601865734
2022-03-16,0.12735137654004813,0.12527187219558758,0.12724636053409968,0.1271593236877749,0.12912855569643447,0.12458824785086871,0.11815855904753562,0.12109570444765072
2022-03-17,0.12778314152377176,0.1256463533742234,0.12807961095760087,0.12707489037277878,0.12994384540512693,0.12406955852711356,0.11622145088733744,0.12118114895204714
2022-03-18,0.12826905412625925,0.12731125576489483,0.12851303394814445,0.12740229183720128,0.129024792701568,0.12210921291886903,0.11680878601852353,0.12056157268453958
2022-03-21,0.12907744866086235,0.12779472309617584,0.12821864437242814,0.12744302569591845,0.12908248561427527,0.12385388420110466,0.11485659414361897,0.1196731942156162
2022-03-22,0.13004447757280055,0.1297640993620371,0.12896545001789286,0.12810732307868825,0.12887358360921705,0.12244425266092573,0.11291329343946901,0.11888752025896944
2022-03-23,0.12893711557504317,0.128464502820267,0.1272881160298302,0.12700424317286435,0.12799095725330253,0.12466539076929285,0.11589785617062505,0.11975181820877491
2022-03-24,0.12980307810479566,0.1302385368722763,0.12769163712934423,0.12713116744590489,0.1277406300837259,0.12453655605491172,0.11404319715618978,0.1188151971528516
2022-03-25,0.13052419892311048,0.13021693083021818,0.127950814760325,0.12728521017942404,0.1294220642976912,0.12410945149218594,0.11253626588269824,0.11795506363434675
2022-03-28,0.1310196465634375,0.13179614630369804,0.12757267321150562,0.12645313872756747,0.13036791691983188,0.12144882363385996,0.1131245289000044,0.11821712574009499
2022-03-29,0.13057253535554797,0.13197420037776716,0.12894583344398594,0.12724158231387936,0.13210087029040318,0.11960881858590187,0.1122019910252507,0.11735416860726378
2022-03-30,0.13031690192685697,0.13107026764175275,0.1268934753522957,0.1272543571237219,0.13170103582290119,0.12108187013059314,0.11355712443759772,0.11812496756428052
2022-03-31,0.12942903113621387,0.13057346933585617,0.12664780309447593,0.12623621711942642,0.1312258250847372,0.12218411781979602,0.11482465908953378,0.11887887731996058
2022-04-01,0.125,0.125,0.125,0.125,0.125,0.125,0.125,0.125
2022-04-04,0.12557934302762344,0.12707623025319514,0.12471663327013711,0.12501550725361713,0.1239041242613236,0.12511617897521082,0.1236473787470269,0.1249446042118659
2022-04-05,0.1259360486364039,0.12620167649298936,0.12367338304459048,0.12525515884638058,0.1252275580587823,0.12628061729729528,0.12274765608797039,0.12467790153558772
2022-04-06,0.12558000718828982,0.12435611488387925,0.12280197787108586,0.1246537254194742,0.12763366484736735,0.12749352803774727,0.12263618850672413,0.12484479324543216
2022-04-07,0.12640039435230177,0.12483708377960359,0.12258500782864364,0.12511372836690463,0.1265532076159435,0.12816628360899038,0.12189336018268937,0.12445093426492318
2022-04-08,0.12660655954622446,0.12362325693382924,0.12213271670408489,0.1257055254004631,0.12730818709214953,0.12952605149278698,0.12109359208838928,0.12400411074207257
2022-04-11,0.12583757759744238,0.12205172839880563,0.12267173147382193,0.12577186926477385,0.12735158754904674,0.1316276457728171,0.12051331881107102,0.12417454113222144
2022-04-12,0.12547100891572532,0.1216327691869298,0.12315657363670791,0.12492942467743946,0.12726510220252193,0.13274358887271123,0.12044260659593958,0.12435892591202487
2022-04-13,0.12564878847841562,0.12287371504288527,0.12425367617513837,0.12502028667442394,0.12689692669052116,0.1320557082697224,0.11948989570769751,0.12376100296119567
2022-04-14,0.12546052757092238,0.12139566059412915,0.12441249516624783,0.1258303855592147,0.12775224917339062,0.13307932675794248,0.11839342740300061,0.12367592777515232
2022-04-18,0.12589776172895534,0.12186222049531122,0.1239542559984814,0.12548094680949246,0.12762627411254995,0.13390165921056044,0.11816712491967214,0.12310975672497704
2022-04-19,0.12707650065000606,0.12375466815243838,0.1255819935871621,0.12523560774461429,0.12953727925215516,0.1309980895331922,0.11649945967250844,0.12131640140792342
2022-04-20,0.1262479951766177,0.12124456781164748,0.12533280785379064,0.12534217562349623,0.1309296504117518,0.13087810282816106,0.11815684779664587,0.12186785249788928
2022-04-21,0.12588275525209755,0.12018964470475434,0.12402688132683978,0.12551031443780966,0.13161383613501537,0.1320092154845956,0.11871864316212463,0.12204870949676308
2022-04-22,0.12446247027179684,0.1189867453174173,0.12282354274467831,0.12551150814857412,0.1314528960488368,0.13289749244437912,0.11993121482760767,0.12393413019670986
2022-04-25,0.12490391172729669,0.12024553047464388,0.12329280167582904,0.12462641733584028,0.13082411799698326,0.13021712150898393,0.1208595934364725,0.12503050584395053
2022-04-26,0.12329960280931206,0.11762727825711086,0.12138854013845121,0.12315395576818286,0.13080878732347603,0.1325802371927031,0.12410236590286064,0.1270392326079032
2022-04-27,0.12419447544728722,0.11800719415705399,0.12142014141951592,0.12426251851977373,0.1305224007485519,0.13216167637848955,0.12305379062896585,0.12637780270036175
2022-04-28,0.12544560344970268,0.12038842810436236,0.12185476042918814,0.12415609386889909,0.1309573659307041,0.13090707447278993,0.12141181000291398,0.1248788637414397
2022-04-29,0.12378077109423252,0.11779856358536105,0.12124593445271029,0.12572581780581787,0.12801964038897498,0.1341113238953589,0.12278384748627597,0.12653410129126838
2022-05-02,0.125,0.125,0.125,0.125,0.125,0.125,0.125,0.125
2022-05-03,0.12479425749163005,0.12435743466740572,0.12528831501741336,0.12515010243950597,0.12576798560967017,0.12455391087971827,0.12506231858514247,0.12502567530951395
2022-05-04,0.12630530648173016,0.12627345920077032,0.12634178238886118,0.12507833660747447,0.12494846728540984,0.1235381999804071,0.12351272916210881,0.12400171889323801
2022-05-05,0.1254657735224054,0.12350651916465769,0.12484855107767459,0.12467778360726074,0.125260058277386,0.1267545634975993,0.12372781025827824,0.12575894059473816
2022-05-06,0.12593678882179016,0.12322044407644951,0.12397163569689108,0.12467410708205263,0.12498399786172226,0.12820635360523894,0.12309704423028794,0.12590962862556754
2022-05-09,0.12485949964671475,0.12126909404465189,0.12163548196191494,0.12384264867203808,0.1223752144009214,0.1294126157532577,0.127190000299251,0.12941544522125015
2022-05-10,0.12500990690161595,0.12260691775399195,0.12153601876396537,0.12463512022943547,0.12001301245230382,0.1281781015660009,0.12820190046044244,0.1298190218722442
2022-05-11,0.12370654395114214,0.11963067412382924,0.119171660191724,0.12458298799444344,0.12042143307758568,0.1299419075684223,0.13139765538217923,0.13114713771067393
2022-05-12,0.12364657795220609,0.11941463789546505,0.12063621860574843,0.12434751087311212,0.12142896169940315,0.1280210197505824,0.1312259816823925,0.13127909154109021
2022-05-13,0.12483052282398208,0.1221066637300223,0.12271722823512804,0.126011594407393,0.12289099932507731,0.12520533031878897,0.12747664340679235,0.12876101775281604
2022-05-16,0.12456493120959486,0.1209251147377996,0.12236813547603272,0.12636888711536867,0.12235308496553739,0.1266445518549457,0.12759148788192198,0.12918380675879895
2022-05-17,0.12582089400418398,0.12278239585935864,0.12481460495437095,0.12740195283343175,0.12274526757371881,0.12455604608232028,0.1247544433484296,0.127124395344186
2022-05-18,0.1230727830935144,0.11900204005312424,0.1227589514985785,0.12675492167237962,0.1214755481561591,0.1270207245224548,0.12986608513069176,0.13004894587309762
2022-05-19,0.12207294204824366,0.11812623928274289,0.12271355570656044,0.12771423497502632,0.12069322815393697,0.12862827885185998,0.12991523593386506,0.13013628504776478
2022-05-20,0.12173437597296569,0.11738129967072307,0.1220080292142882,0.12817447749879746,0.12107199646479215,0.12830506883866008,0.13096826498959385,0.1303564873501794
2022-05-23,0.12311790431217073,0.11847262550003351,0.12259358674903963,0.12940963154854612,0.12159332741470129,0.12797233351246548,0.12788445296222425,0.12895613800081887
2022-05-24,0.12208969616606527,0.11586982136942452,0.12069015154212606,0.12910970060177845,0.1225313636369237,0.1288417033968639,0.1303136110110072,0.1305539522758109
2022-05-25,0.12230815730291358,0.11667091520645398,0.12200431685328389,0.1282452756191673,0.12270699081244314,0.12717039882237025,0.12991528809660532,0.13097865728676242
2022-05-26,0.12361745255071173,0.11881301185088715,0.12359360972000127,0.12848204758588874,0.12174055409435461,0.12578081342558656,0.12815114014789958,0.12982137062467036
2022-05-27,0.12464358176996439,0.1207453102026539,0.12490870106067385,0.12797075699122773,0.12302344821938092,0.12385056324665214,0.12642669076138066,0.12843094774806638
2022-05-31,0.12515699504718303,0.12160331617353508,0.12456472795248373,0.12845236057905407,0.12270380871857534,0.12382520068383335,0.12496209853870688,0.12873149230662861
2022-06-01,0.125,0.125,0.125,0.125,0.125,0.125,0.125,0.125
2022-06-02,0.12551889798903273,0.12654639944985516,0.1261813997828018,0.12573378608506397,0.1248657106805373,0.12468940314625322,0.12323686379006633,0.12322753907638945
2022-06-03,0.12494249259194103,0.12473482112319058,0.12654758860699433,0.12542716356239123,0.12467874344104563,0.12490668983274729,0.12444959130841549,0.12431290953327433
2022-06-06,0.12560797982544994,0.12543502473297108,0.1273846614927916,0.12621746723663924,0.12456814823418559,0.12463949379592408,0.12243216339986328,0.12371506128217508
2022-06-07,0.12565281562714797,0.12535969389987217,0.12825508171520775,0.12543820321984206,0.1251296641831307,0.12430437831240293,0.1226223854401585,0.12323777760223781
2022-06-08,0.12564332735539874,0.1258159920907378,0.1276514794540129,0.1250368954269261,0.12357858761382963,0.12554493697587615,0.1228624814187789,0.12386629966443975
2022-06-09,0.12456933165878435,0.12435691825075713,0.12695607073751555,0.12432138609010485,0.12253182902751691,0.12709831345551625,0.12519546272147639,0.12497068805832859
2022-06-10,0.12310436998763938,0.12210032407530938,0.12570428687575505,0.12347420348904607,0.12194198400056919,0.13108927584166052,0.12662747873862576,0.12595807699139477
2022-06-13,0.12295240219968402,0.12086861636438775,0.12437314377789398,0.12394826539579656,0.1202696209723062,0.13250014938969912,0.12733735550223996,0.12775044639799235
2022-06-14,0.12334224957147033,0.12183908701842155,0.12454169340448216,0.12354068019136426,0.12009414129045325,0.13225498823422738,0.1265110562053633,0.12787610408421773
2022-06-15,0.12290426814491387,0.12268907710695989,0.12414660091617846,0.12364397988557606,0.12078259871338057,0.13162875391771028,0.12660873809427406,0.1275959832210067
2022-06-16,0.12101986949441733,0.11990207454324048,0.12057168569925306,0.12314270920973831,0.11976799498224658,0.1355541384744661,0.12995840971030662,0.1300831178863315
2022-06-17,0.12096190352036768,0.12104099240855379,0.12119379466263965,0.12232152409874367,0.12035886385753318,0.1340860279902635,0.13003443520225624,0.13000245825964243
2022-06-21,0.12304924741618734,0.12313640355112593,0.12241283888461928,0.12321290293675363,0.12109069503739125,0.13255330905553092,0.12684284273739035,0.1277017603810013
2022-06-22,0.12221243387498298,0.12234240576761371,0.1215693898424728,0.12177219762540421,0.1220168392918265,0.13241659618192683,0.12967982413300175,0.12799031328277122
2022-06-23,0.12244364653000847,0.12319178938533976,0.12206168070839422,0.12068183799411628,0.1233609702957121,0.1305740195732225,0.1297208921111767,0.12796516340202993
2022-06-24,0.12430425081784408,0.1253630801835787,0.12381774817111153,0.12228806482143219,0.12395894824159456,0.12834518236448908,0.1258672751544908,0.12605545024545908
2022-06-27,0.12432820136965705,0.12494520696342419,0.12477801069604604,0.12226078115244184,0.12427110986963702,0.12871820460820038,0.12529642664551166,0.12540205869508197
2022-06-28,0.1231039324873622,0.12244763586696442,0.12375802943341412,0.12274515303067542,0.12408748656143946,0.12989478862959905,0.12724058724984935,0.12672238674069594
2022-06-29,0.1229839324693416,0.12254021423497478,0.12248241495276377,0.12225841422334333,0.12329757866848853,0.12977438383908493,0.12920580783984534,0.12745725377215786
2022-06-30,0.12242980923126215,0.12146187693196771,0.1219714347817828,0.12204047621665164,0.12351695558920527,0.12945633828010256,0.13081605765177295,0.12830705131725487
2022-07-01,0.125,0.125,0.125,0.125,0.125,0.125,0.125,0.125
2022-07-05,0.12540103400121,0.12730748302978556,0.12620156166067556,0.12248712966696303,0.12481378915921681,0.12250997259970002,0.12614816501751835,0.1251308648649305
2022-07-06,0.12639368616689398,0.12870329039925113,0.1258335081067128,0.12314153537292306,0.12514793310592418,0.12111451818870217,0.12459098828055347,0.12507454037903915
2022-07-07,0.12716886406771075,0.13031192622470558,0.12768913262019266,0.12391895139771648,0.12439337739301343,0.12012580050111753,0.12241849517259959,0.12397345262294401
2022-07-08,0.12731644555373783,0.13073435649322943,0.1279280053197049,0.12430444620599994,0.12398049827401572,0.1204161558150644,0.1213028530453162,0.12401723929293156
2022-07-11,0.12678852298863327,0.12888309834007183,0.1262789663004425,0.12319107238231056,0.12462188051773011,0.12065233007840725,0.1243030113920779,0.12528111800032646
2022-07-12,0.12602456208128127,0.12799816915347553,0.12620443950915755,0.1235218588713606,0.1244871785988614,0.12054631929162847,0.12539781871974492,0.1258196537744901
2022-07-13,0.1252046877985577,0.12757324153970268,0.1259350599580505,0.12330578000165406,0.12373250634021471,0.12097074895792005,0.12667576428013477,0.1266022111237656
2022-07-14,0.1258474968725091,0.12899942005677656,0.1255862039801022,0.12249756419417483,0.12354812053851627,0.12017567695279723,0.12659473599187207,0.12675078141325175
2022-07-15,0.1266201153312599,0.129668386375603,0.1265696306342487,0.12285999209423683,0.12404386547862399,0.11840840217579032,0.1256875466599056,0.1261420612503317
2022-07-18,0.12620017711316375,0.1292115182508827,0.12684009154317508,0.12397474029100011,0.12377901738119551,0.11911051692678527,0.12499766838537885,0.12588627010841869
2022-07-19,0.127267743583187,0.1307783716018906,0.12894245538799193,0.1250516997460432,0.12468940908631904,0.11723727400659076,0.12207667139852435,0.123956375189453
2022-07-20,0.1277127009675048,0.13247222907787495,0.13058852494930825,0.12386723704595977,0.12404038868092399,0.11580299177809922,0.12204712236914396,0.12346880513118504
2022-07-21,0.12753826286143444,0.1328376476321295,0.12975706752451635,0.12371631802827487,0.12359505270546373,0.11609441735350713,0.12273619856856106,0.12372503532611295
2022-07-22,0.1266008378891716,0.13076226305541527,0.12793563656649154,0.12364502451340101,0.12448095445617752,0.11661063525012119,0.12504235071823477,0.12492229755098698
2022-07-25,0.12692727182133065,0.1301945681645341,0.12877360215268352,0.12477032655549734,0.12486151836085622,0.11644966224876115,0.12398749230818092,0.12403555838815615
2022-07-26,0.12624916853635587,0.12847444144662817,0.1288217758330734,0.12384009541614933,0.12581412387003427,0.1170752937828833,0.12489726484343801,0.12482783627143759
2022-07-27,0.1274066082819631,0.13171131804011912,0.12959540645369708,0.1246933896850777,0.12449846667908966,0.11633127248186585,0.12216210531564395,0.12360143306254354
2022-07-28,0.12737994952445011,0.13132425494565056,0.1297215005190689,0.12375308060945728,0.126914816178439,0.11626592493100465,0.1215839303609972,0.12305654293093243
2022-07-29,0.12822891973343697,0.13267615597170446,0.12962340316609655,0.1244926433808718,0.12660287681727736,0.11568331480451052,0.12030773638301072,0.12238494974309165
2022-08-01,0.125,0.125,0.125,0.125,0.125,0.125,0.125,0.125
2022-08-02,0.12540826839932898,0.1258647177172772,0.12611972175613964,0.12422695173418881,0.12462065983069481,0.12549146187259475,0.12356983351611499,0.12469838517366068
2022-08-03,0.1258641484478006,0.12776163856021178,0.12645935305190514,0.12347654134586167,0.12353924153827038,0.12430813506405672,0.12402949417466094,0.1245614478172328
2022-08-04,0.12541650609883462,0.12798906382391975,0.12582894886825552,0.1237443026435617,0.12299302671509559,0.12599988791016273,0.1236304638353424,0.12439780010482773
2022-08-05,0.12606987269371517,0.12782089970338295,0.1276688432379209,0.12372410717662193,0.12418760465055513,0.12544394304759962,0.1215217353180836,0.12356299417212079
2022-08-08,0.1252093663556414,0.12668516930489496,0.12828876872392783,0.12330627442870065,0.12458706758642575,0.1257889930389769,0.12278296949789491,0.12335139106353764
2022-08-09,0.12525138749848755,0.125792796054116,0.1270860357078444,0.12317420549423107,0.1258137604283311,0.12671936681685084,0.12283455933933177,0.12332788866080736
2022-08-10,0.1260538877957679,0.12745519193659366,0.12884563959219827,0.12414837784268266,0.1258990608517391,0.12459397594250017,0.12028762075651427,0.12271624528200392
2022-08-11,0.12667431968596088,0.1273555175016809,0.1299630096892346,0.12472178120887799,0.1262158098602889,0.1248768979261382,0.1180620206124518,0.12213064351536689
2022-08-12,0.12701868302808142,0.1280209073124387,0.13076400330937304,0.12392562882913023,0.12659266209269215,0.12426444478041103,0.11759275414732774,0.12182091650054568
2022-08-15,0.12754169482947716,0.12905510130015382,0.13122695637992426,0.12318272928253741,0.12710251974524978,0.12266514360210941,0.11749061349346925,0.12173524136707894
2022-08-16,0.12787759962346412,0.12883957672041657,0.13126314011116597,0.1232285496564384,0.12685188784043885,0.12253295126934792,0.11805858066389577,0.12134771411483235
2022-08-17,0.12818709040198564,0.12859105074409452,0.1302928686431419,0.12341594515446275,0.1273010081315441,0.12290741979965364,0.11794632170713809,0.12135829541797938
2022-08-18,0.12850101282876664,0.12884152022487433,0.13109682263834904,0.1229472679223411,0.12640095432068194,0.12252993859882601,0.11806724317383359,0.12161524029232738
2022-08-19,0.12861513714613254,0.12816391396932547,0.13014552667129492,0.1230210891003461,0.12688492930715364,0.12339918446601689,0.11785289911823785,0.12191732022149264
2022-08-22,0.1279362427505985,0.12677068971442598,0.1294878163879881,0.12284889766627265,0.1260885656126116,0.12452606828594368,0.11932133197699048,0.12302038760516901
2022-08-23,0.12780795926001376,0.1268457360991545,0.12988250412597913,0.12308133978807073,0.12464628262651689,0.12557465047164248,0.11883313577691396,0.12332839185170846
2022-08-24,0.12799032200334404,0.12698819552461874,0.13064412255145214,0.12301818600100925,0.12513797651734976,0.12572221227792724,0.11775478536492162,0.12274419975937717
2022-08-25,0.12818347198196317,0.12762683902555383,0.13102477201017407,0.12282373467533857,0.1254233653672818,0.12453938596733669,0.11791138908812594,0.12246704188422604
2022-08-26,0.1265806125348902,0.12509968074279104,0.12951944611956864,0.12224285562899448,0.1249662761176886,0.1257438666372852,0.12142480040201668,0.1244224618167651
2022-08-29,0.12656689238994592,0.12467773935050651,0.1291670480005024,0.12276849458842866,0.12465311216675151,0.12664536160512488,0.12120859895497653,0.12431275294376372
2022-08-30,0.1261601028469863,0.12425707158854143,0.12835942291715988,0.12284234038081308,0.1238948567794312,0.12657493206640164,0.12246363315720978,0.12544764026345664
2022-08-31,0.12612606570674142,0.12444831558850669,0.1285242708619952,0.12291414939809454,0.12422349127340045,0.12652597894336023,0.12218978685217372,0.12504794137572764
2022-09-01,0.125,0.125,0.125,0.125,0.125,0.125,0.125,0.125
2022-09-02,0.12426853593647297,0.12381846758313911,0.12461715464772496,0.12476753766376818,0.12384065308562481,0.12669866136397945,0.12630335240397278,0.12568563731531782
2022-09-06,0.12471676411982587,0.12383980304977929,0.12429949205331425,0.12538001364760476,0.12588504479457083,0.1268919016293942,0.12408744291504933,0.12489953779046144
2022-09-07,0.12496231422879026,0.12435625227113793,0.1250085257768935,0.1244941453130751,0.1263259727564256,0.1261679865128743,0.12406921860279398,0.12461558453800924
2022-09-08,0.12570161390044382,0.12492395999501982,0.12597380268407044,0.12449924530183715,0.12659544527426186,0.12533343433048755,0.12272093689477367,0.12425156161910568
2022-09-09,0.12601854675857868,0.12601916407799144,0.126857351920673,0.12603241514055807,0.12633124238027024,0.12438105486531566,0.12141734712506323,0.12294287773154956
2022-09-12,0.1265212530621248,0.12666432550138193,0.1275354853093743,0.12693401223479583,0.12670458395363182,0.12417553484747014,0.11961443406786686,0.12185037102335439
2022-09-13,0.12462259649271763,0.12328254897230427,0.1261944630110375,0.12617065815685063,0.12548629885172854,0.12620849939953366,0.12346208446962906,0.12457285064619877
2022-09-14,0.12491590470888418,0.12407956714130888,0.12650151673365864,0.12639918383967377,0.12387591297064891,0.12553974505895363,0.12370590065466479,0.12498226889220722
2022-09-15,0.1248503943050319,0.12334960441840374,0.12695747294748388,0.1266581769592517,0.12291818278123783,0.12454415104373208,0.124979849799435,0.1257421677454239
2022-09-16,0.12451466456362384,0.12320557583891459,0.12573492516044896,0.1265136572664083,0.12354374702841205,0.12585866266857598,0.1245549687888881,0.12607379868472804
2022-09-19,0.12499758499509417,0.12368742544509789,0.12632192957140417,0.1264651691077599,0.12289131644370897,0.12547107295818863,0.12436557655274934,0.12579992492599698
2022-09-20,0.12512524691643967,0.12425306429401307,0.12617603609341252,0.12588800065980843,0.12142248400953251,0.1263325678719944,0.12468257743393482,0.12612002272086453
2022-09-21,0.12377822929614196,0.12285762943646879,0.12509314610120412,0.12508440424707717,0.12031618182729391,0.1277818357856059,0.12763303932659112,0.12745553397961693
2022-09-22,0.12427808287900766,0.12286762941807965,0.12380884002554393,0.1262872252163697,0.1202775530534475,0.1293099167552587,0.12593224440738757,0.12723850824490543
2022-09-23,0.12402390198628573,0.12267530455087515,0.1226696188550592,0.12408829022312975,0.12045431258163242,0.12897690697989087,0.12833831424074668,0.12877335058238018
2022-09-26,0.12464390975910403,0.12400518259235928,0.12280979520930825,0.12409063841732855,0.1188371528580496,0.1293938189291264,0.12777904677451754,0.12844045546020647
2022-09-27,0.12524093455154156,0.12496814342040242,0.12413586021327694,0.12415467560334824,0.11811779754738613,0.13061352950242588,0.12533035333183665,0.12743870582978226
2022-09-28,0.1247369494253838,0.12449155741304666,0.1250854224228869,0.12419474601496744,0.11776577499517467,0.13022957224206455,0.126516069160408,0.126979908326068
2022-09-29,0.12406007403185976,0.12281215061700287,0.124212159484196,0.12467007586564853,0.11611061188793473,0.13226056373882014,0.12784892391445282,0.12802544046008504
2022-09-30,0.12288041075357833,0.12145985550340863,0.12405325671045142,0.12497784571868253,0.11812422363840519,0.13306911458498863,0.12696157757688464,0.12847371551360057
2022-10-03,0.125,0.125,0.125,0.125,0.125,0.125,0.125,0.125
2022-10-04,0.1260602342206694,0.12611573468791834,0.12711782300745866,0.12717340635529165,0.12474381939905214,0.12402335052883541,0.12192987175383653,0.12283576004693786
2022-10-05,0.12676461826290714,0.1270487975108661,0.1271800094629174,0.1268231824226996,0.1232718070479402,0.12431508138534812,0.12172225400164521,0.12287424990567625
2022-10-06,0.12669514279646596,0.12729260823497485,0.12771474432667435,0.12583061855465444,0.12102618255386523,0.1254006149606727,0.1222403607249409,0.12379972784775163
2022-10-07,0.1257840905892781,0.12504989550539772,0.12659793707112924,0.12646317269644067,0.12062848029854205,0.12666724695630077,0.12363178311200795,0.1251773937709034
2022-10-10,0.12605110870371594,0.12501718403048245,0.12713006895731216,0.12698760004171236,0.12066631198067178,0.12596831901722697,0.12290656281959368,0.12527284444928483
2022-10-11,0.12558167572789594,0.12362339889565166,0.1275018685199107,0.12592409328666496,0.12221330560749326,0.12603911098341752,0.12377465164107876,0.12534189533788728
2022-10-12,0.12533741703086587,0.12374892590330971,0.12732483976335832,0.12568900647048467,0.12110006262291143,0.12688542968093966,0.12455089363218771,0.12536342489594254
2022-10-13,0.12707958613130074,0.12510973414425008,0.12888846773502918,0.1267223321722617,0.12181034303502739,0.12447340750517424,0.12185807795827734,0.12405805131867918
2022-10-14,0.1265594466416178,0.1236708540495255,0.1278366969316231,0.1272161115489051,0.12105634241925914,0.12527431491706673,0.12316485015764046,0.12522138333436222
2022-10-17,0.12733248900000618,0.125314791035728,0.12939447323269293,0.1278610844316864,0.12322032306985808,0.12323525429394341,0.12022430018138745,0.1234172847546975
2022-10-18,0.12786239893080864,0.12535849866156762,0.12994601597819339,0.12780876103974373,0.12362736417949281,0.122574109026195,0.1196024654143874,0.12322038676961154
2022-10-19,0.12872367923519296,0.12664008670194796,0.12951584154580187,0.12799613439053253,0.12222522402267931,0.12261529122991913,0.11905964742360159,0.1232240954503247
2022-10-20,0.12860884335324688,0.12694611383394788,0.12883300046478055,0.12866971735657864,0.122611226129787,0.12334639454283157,0.11790886308441607,0.1230758412344114
2022-10-21,0.13009349426646133,0.12830454352012005,0.12999082346557708,0.1293649029201461,0.12203671234739782,0.12398173400819766,0.11434173093465397,0.12188605853744591
2022-10-24,0.13140171798046807,0.12943668268829817,0.13026660164468698,0.1291084883158905,0.12175824648471092,0.12331338127284494,0.11315250305507998,0.12156237855802024
2022-10-25,0.1307333860389546,0.12937623847455149,0.13104592290776015,0.12922311259721922,0.12391948344971677,0.12103293232135147,0.11403343766298162,0.12063548654746456
2022-10-26,0.129630219544917,0.12640221972714782,0.1315731916578619,0.13032501846196362,0.12373035237705247,0.12169218030075542,0.11557100016654899,0.12107581776375281
2022-10-27,0.12925037968203648,0.12440167019310897,0.13192143188602173,0.12941817992226096,0.12421349959947556,0.12179810531928505,0.11706401877187284,0.12193271462593859
2022-10-28,0.13074246344307894,0.12667480383361948,0.13330556976442268,0.12914274648927473,0.1254304525559143,0.1191123825056264,0.1148686361656214,0.12072294524244184
2022-10-31,0.13059208279733583,0.125967692586993,0.13424549558320845,0.12871739216839548,0.12606103867445928,0.11886294321900488,0.11474751031701276,0.12080584465359007
2022-11-01,0.125,0.125,0.125,0.125,0.125,0.125,0.125,0.125
2022-11-02,0.12420287611361035,0.12303321657712182,0.1231738160839535,0.1255460156551672,0.1238983505236708,0.12651181931300315,0.12684717043389107,0.12678673529958195
2022-11-03,0.12383536960689362,0.1215241329458235,0.12325505534537622,0.12540334028833178,0.12464671369587224,0.12696470336153023,0.12709795498035603,0.1272727297758163
2022-11-04,0.123866095311044,0.12175707108861493,0.12317710148961175,0.12860853242089418,0.12458693928920712,0.12903731933755783,0.12322014647479967,0.1257467945882705
2022-11-07,0.12489066193603228,0.12293794988556193,0.12357691156517475,0.12884538813862847,0.12442723388424917,0.12836126836131026,0.12183449511407937,0.1251260911149637
2022-11-08,0.12453380709692403,0.12281731144277375,0.12261028744722216,0.12923464476098728,0.12378365219424162,0.13024829362057622,0.12215571889967552,0.12461628453759928
2022-11-09,0.12350094553643427,0.12149100659549814,0.12074247954326145,0.12903273488951042,0.12405387815541867,0.1312234493784462,0.12409743240728129,0.12585807349414965
2022-11-10,0.1237908043007636,0.12395022648061212,0.1217835460636955,0.129477658448518,0.12648932669458318,0.1284755477410929,0.1224454931341219,0.12358739713661276
2022-11-11,0.12402397610390777,0.12525957341037303,0.12183419426210221,0.13104043001483914,0.1254983925903403,0.1283258930306548,0.12105505158663787,0.12296248900114495
2022-11-14,0.12403469807196206,0.1252395870120544,0.1215159143357893,0.13078293040542188,0.1235011391566684,0.12972127502630473,0.12180486913461448,0.1233995868571847
2022-11-15,0.12373811337616834,0.12559784556142334,0.12198224466292042,0.13022567485656122,0.12348811480876888,0.1287679314350145,0.12243545624903032,0.12376461905011286
2022-11-16,0.1231376070891887,0.12423000457118419,0.12017111835129982,0.13028948804156232,0.12270764105643304,0.1288316084239803,0.12546286049958497,0.12516967196676682
2022-11-17,0.12345144587294575,0.12465317248338051,0.1197256073592533,0.13096202466290535,0.12255607443287657,0.12861485418017118,0.12483735659899729,0.12519946440947002
2022-11-18,0.12383897190875096,0.12448365466199059,0.12033148240637816,0.1310408520998456,0.12393611086229886,0.12755006630512158,0.1238058606600112,0.12501300109560298
2022-11-21,0.12376905107311252,0.12358287809357975,0.1200716875163686,0.13045616952144679,0.12497244747583676,0.12722803598635823,0.12471099110408748,0.1252087392292099
2022-11-22,0.12416083077851668,0.12408974248879216,0.12012051076599908,0.1309287941988522,0.12437982367161429,0.12608388173142554,0.12519643556525895,0.12503998079954093
2022-11-23,0.12393895623953938,0.12432772351012701,0.11946462349782432,0.13130271938588906,0.12347998973405246,0.12584982510965156,0.12635615451037163,0.1252800080125446
2022-11-25,0.12382794256658634,0.12342686074568532,0.11963574208154502,0.13188758575139234,0.1241817130600889,0.12587321213084893,0.1258432117878507,0.12532373187600243
2022-11-28,0.1234284699879254,0.12318919181787488,0.11874128992743535,0.13186927012322278,0.12242101806124434,0.1264939578682824,0.12783050578253238,0.12602629643148253
2022-11-29,0.12320320542479778,0.12224352512832277,0.11907458462534526,0.13223603316854982,0.12443086452301637,0.1271052237860995,0.12631801966624354,0.12538854367762517
2022-11-30,0.12434904550972181,0.12506519920148165,0.1197061961044861,0.1316855220594439,0.12453827641101256,0.12595932706879093,0.12450835970683524,0.12418807393822778
2022-12-01,0.125,0.125,0.125,0.125,0.125,0.125,0.125,0.125
2022-12-02,0.1246659134879949,0.12431273854826765,0.12553754852466326,0.1247178448312334,0.12444066082955184,0.12437859977927475,0.12637943283307349,0.12556726116594077
2022-12-05,0.1244986338088359,0.12429838777546721,0.12414908222910691,0.12516523353589915,0.12423960897881178,0.12431674363232617,0.12672172950512672,0.12661058053442614
2022-12-06,0.12340062390661362,0.12241389736278964,0.12294219064147945,0.12531075247422524,0.12376850730147271,0.12536473543063528,0.1290825832609501,0.12771670962183398
2022-12-07,0.12260584859213251,0.12133533251061532,0.12199836070725656,0.12471584781579707,0.12342665353590662,0.12589737936594117,0.13149680778122133,0.12852376969112947
2022-12-08,0.12305915813518138,0.12226745493647646,0.12237736912906005,0.12483871476647569,0.12378378570095118,0.12548617646053453,0.13059824930919425,0.12758909156212647
2022-12-09,0.12303353935879742,0.12237667461653852,0.12175945950105371,0.12582735510371207,0.12445748215832941,0.12685230948578183,0.1281314545141096,0.12756172526167733
2022-12-12,0.12415281214142114,0.12326277029067416,0.1225448960442161,0.12554157776892677,0.12475676262089387,0.12514466132626126,0.12786700413514035,0.12672951567246632
2022-12-13,0.12362786992532894,0.12312906109876548,0.12211311330606878,0.12583123014504913,0.12557682705939974,0.12579188666124888,0.12758999881336305,0.12634001299077605
2022-12-14,0.12322153611916951,0.12259831309470991,0.12169127059700327,0.12611296696573163,0.125111474852879,0.1258781934239793,0.12853563144546562,0.1268506135010619
2022-12-15,0.12222676955861765,0.12047234055541765,0.12063862484046675,0.1249562150380122,0.12551209460778437,0.12589901817512641,0.13120485977190882,0.129090077452666
2022-12-16,0.12185051305140632,0.12037759227125502,0.12079663247484382,0.12495207169381325,0.12334949825859,0.12811709192205434,0.13088516551704688,0.12967143481099044
2022-12-19,0.12205041034928318,0.11989725014430788,0.12037793912214519,0.12591870342364578,0.12302291580072035,0.12906003424884632,0.1299990602961615,0.12967368661488982
2022-12-20,0.12231418009102452,0.1198988100073587,0.12111058634371538,0.1265204533327399,0.12280887547939949,0.1313056095205213,0.12779175563499443,0.12824972959024636
2022-12-21,0.12303542571943782,0.12055275859291366,0.12209856878610878,0.1266929832940903,0.12275669075984766,0.12991855818389464,0.12696987939132515,0.12797513527238197
2022-12-22,0.12244100883868439,0.118729041811762,0.12165542308364326,0.12686227511925174,0.12341095727420892,0.12957690876014002,0.1281604389586354,0.1291639461536743
2022-12-23,0.12300012735229017,0.11885575872463475,0.1220648957938833,0.12715653860844428,0.12436267942472956,0.12981217187225516,0.12613264183332792,0.12861518639043484
2022-12-27,0.12324148137032558,0.11787009141423965,0.12196484574976697,0.12810458429534194,0.1250546599908177,0.1316826413210727,0.12437167591459569,0.12771001994383985
2022-12-28,0.1229637515543005,0.11751222871907012,0.12130782038501804,0.1280514923393574,0.12418920585611432,0.1324398503185282,0.12491273743121621,0.1286229133963951
2022-12-29,0.12321009311781338,0.11848494683259078,0.12242636514808677,0.12802764862694951,0.12491400966248727,0.13108846262812782,0.12434543994743857,0.1275030340365059
2022-12-30,0.12344457772495569,0.11895253242423766,0.12263868512319501,0.12729140182244406,0.12457603180673874,0.13230093499421697,0.12352156599321187,0.12727427011100015
2023-01-03,0.125,0.125,0.125,0.125,0.125,0.125,0.125,0.125
2023-01-04,0.1245445446476339,0.1241791603102995,0.12512991211160845,0.12523276634458735,0.12638969363301988,0.12475360030819116,0.12528353945126358,0.12448678319339616
2023-01-05,0.12442663228717117,0.12352938855843432,0.12510059274816354,0.12529498862663407,0.12429375834628606,0.12450464353772665,0.1271393230341065,0.12571067286147772
2023-01-06,0.12449764155430032,0.12416406287365785,0.1251136012563115,0.1256922837178921,0.12484690506740412,0.12406117765478819,0.12664783032027405,0.12497649755537195
2023-01-09,0.12405838524393,0.12459757910041647,0.1249536303559212,0.1258533263129984,0.12452126297933003,0.12397130927184727,0.1269448843359341,0.12509962239962255
2023-01-10,0.12463540848778726,0.1253575452220038,0.1265037528212083,0.12592521048887453,0.12450890888835925,0.12413524677684898,0.12455121787023714,0.12438270944468094
2023-01-11,0.12450122074044463,0.12579783834950894,0.12634465063914765,0.12515984878963948,0.12722084974743525,0.12236871014323969,0.12485982971850385,0.12374705187208047
2023-01-12,0.12347441092695902,0.12497958914521136,0.12694532604793737,0.12550192298893292,0.12730653553520596,0.12231806818326944,0.12580929523657014,0.12366485193591366
2023-01-13,0.1237143826440704,0.1255968702331967,0.12753230494589568,0.12592046810671387,0.12627343029192628,0.12354736187166179,0.12438972214907679,0.12302545975745847
2023-01-17,0.12366533482322846,0.12603262466070997,0.1275586644160509,0.12649488328843478,0.12681350980964268,0.12291523961403933,0.12376345668934936,0.1227562866985445
2023-01-18,0.12218516828287862,0.12487686670550785,0.12598356310792888,0.12653697712320533,0.12544846369869883,0.12303780678627103,0.12725429939725505,0.1246768548982543
2023-01-19,0.12169883516263551,0.12406102823517974,0.12519194706066547,0.12675947379373062,0.12517210289558803,0.1254056883938666,0.12687801813290103,0.12483290632543297
2023-01-20,0.12307942931947348,0.1265446515417964,0.12634503848953907,0.12696148239186428,0.1257540398383746,0.1240935579061953,0.12392849575545217,0.12329330475730475
2023-01-23,0.12378393532246533,0.1285539539019607,0.1271155976525764,0.12668957471881478,0.12554443296352177,0.12355803398793422,0.12258025946157874,0.1221742119911481
2023-01-24,0.12336248821929856,0.12799199985098517,0.12654811784964562,0.1262343354722784,0.1255641971351098,0.12371570094812476,0.12405278087880775,0.12253037964574996
2023-01-25,0.12317100373023575,0.1274619662647572,0.12665568317007483,0.12682274174350314,0.12537911854558856,0.12404587414271395,0.12411409811916363,0.12234951428396294
2023-01-26,0.1239847281298168,0.12938366913249846,0.12685322672226093,0.12637850564437558,0.12623425026974286,0.12238958397195215,0.12300101142079399,0.12177502470855925
2023-01-27,0.12394823151514389,0.13033367328498968,0.12720959501541373,0.12580568945265777,0.12731711186286795,0.12190301929471278,0.12237327817739783,0.12110940139681624
2023-01-30,0.12358083002391525,0.12893774048581877,0.12665544527682596,0.12621047778228447,0.12691622916898093,0.12277010276995975,0.12310928901061835,0.12181988548159649
2023-01-31,0.12384749552757074,0.1292519657806689,0.12812740274338955,0.12536843497233752,0.12797514139862723,0.12169310575609635,0.1225592690391424,0.12117718478216746
2023-02-01,0.125,0.125,0.125,0.125,0.125,0.125,0.125,0.125
2023-02-02,0.12566615178279092,0.12830845983022565,0.12630223498521778,0.12369147917668631,0.12667507472514544,0.12129266072242685,0.1240233527254101,0.12404058605209688
2023-02-03,0.1261319832752384,0.1278542966298881,0.12727305954602874,0.12431754359880041,0.1260967156132486,0.11997913563304434,0.12393870959399779,0.12440855610975364
2023-02-06,0.1263095368127278,0.1277318466710468,0.12638063703719282,0.12397774416224695,0.12612481395255368,0.12113770742067081,0.12395179996596402,0.12438591397759716
2023-02-07,0.12736034535843838,0.12976578043717923,0.126719894534146,0.12444264946977597,0.12525720430106665,0.1206795756877667,0.12237933812241819,0.12339521208920878
2023-02-08,0.12671627260259327,0.12821584948877415,0.12560892353689654,0.12440956539150408,0.1254066437217418,0.12169680321857514,0.12369248127888445,0.12425346076103055
2023-02-09,0.1266781589614474,0.12815546398698333,0.12483546758871872,0.12568997488653838,0.1250839815839141,0.12175305875236557,0.12355494807391795,0.12424894616611447
2023-02-10,0.12728341813606164,0.1276247828475939,0.12539025848486812,0.12544620433988343,0.12582258495852505,0.12228272830850274,0.12247036510429699,0.12367965782026803
2023-02-13,0.1277181473079595,0.1286020599130674,0.12585508769424264,0.12566410459522365,0.12589716269900958,0.12066109953841046,0.12248487140801777,0.12311746684406898
2023-02-14,0.12771499505154554,0.12960878178797874,0.12585110011069817,0.12594783759782563,0.12495282220989996,0.12080465214964545,0.12225618163841746,0.12286362945398904
2023-02-15,0.1281543940944766,0.13062680705065646,0.12715030960661486,0.12540834016003222,0.1254765586969317,0.11962388471586241,0.12113943070168147,0.1224202749737443
2023-02-16,0.12767471338620184,0.1294787455983429,0.12721438347091255,0.12606039929382323,0.12551827876686097,0.12074098071454362,0.12063717771686673,0.12267532105244826
2023-02-17,0.12726294790958026,0.12847152443571638,0.1274715000521486,0.12628864529324568,0.12493643963255245,0.12101338044847909,0.12148674472532899,0.12306881750294851
2023-02-21,0.12697170801685492,0.1277047502146043,0.1259529376441008,0.12716684155080532,0.12464884496170138,0.12274765624606389,0.12128581144921559,0.1235214499166539
2023-02-22,0.12689794126254472,0.1279023436611011,0.1263964650886229,0.1265617461468534,0.1236204881402661,0.1221544514243853,0.12249500516294196,0.12397155911328447
2023-02-23,0.1267644334251514,0.12820175443944498,0.12649090791169054,0.12640777203674639,0.12375911396066783,0.12131588355568931,0.12290807530281948,0.12415205936779017
2023-02-24,0.1269800967828794,0.12763297569238913,0.12687658091348403,0.1258572122798166,0.12311062887988813,0.1219506889400969,0.12282865635954912,0.12476316015189669
2023-02-27,0.12686341600800002,0.12799293985894195,0.12677439193539142,0.12680315129964947,0.12276594127007343,0.12190110176734811,0.12263839051932633,0.12426066734126925
2023-02-28,0.12646603733631523,0.12789981032543218,0.12685285143744932,0.12594864704096423,0.12266368638188828,0.12252575389265523,0.12326528975919081,0.12437792382610488
2023-03-01,0.125,0.125,0.125,0.125,0.125,0.125,0.125,0.125
2023-03-02,0.1256023880600192,0.12566453579856435,0.12493075227945892,0.12488337557873155,0.1260908651340401,0.1245601191489174,0.12352793769463968,0.12474002630562878
2023-03-03,0.12562787117521051,0.12626348994234748,0.1246962286500108,0.12473199177844363,0.12601016536743723,0.12393369074524149,0.12454868100507824,0.1241878813362306
2023-03-06,0.12626192369779238,0.126956797086307,0.12340765994407979,0.12495659800760107,0.1260634804192772,0.12384514711332749,0.12412079763477414,0.12438759609684101
2023-03-07,0.12579928387076345,0.1268850648974323,0.12342036594189458,0.12432660292980442,0.12458115606212922,0.12312172183421392,0.12636131087453398,0.12550449358922808
2023-03-08,0.1256439166112819,0.12715374967094123,0.12312645650766058,0.12464832756292034,0.12564938150856497,0.12271102226989691,0.1261234548107635,0.12494369105797053
2023-03-09,0.12461360867558341,0.12625544759607457,0.12095186227568441,0.12503103050880687,0.12405233941716161,0.12521367197316707,0.12775339966034552,0.12612863989317655
2023-03-10,0.12325784415978351,0.1249307160193349,0.11788789239000068,0.12414316583231594,0.12037302080614627,0.128374313401349,0.13263507966788013,0.1283979677231896
2023-03-13,0.12272439788775004,0.12549142578321829,0.11563040644097737,0.12293487648186253,0.12159751161181463,0.13093858088455101,0.13255018086831072,0.12813262004151552
2023-03-14,0.12394158731112563,0.12754015515375824,0.11700605927905675,0.12376537203203498,0.12197228478889682,0.12933354988132437,0.1295228630400658,0.12691812851373732
2023-03-15,0.12331834752718933,0.12836741694824894,0.11521910228621215,0.12007978610578245,0.12203407213730061,0.13050366943985944,0.1321868580059607,0.12829074754944644
2023-03-16,0.12451594274900316,0.13073695860826157,0.11589285854529603,0.12100627176446618,0.1208306577020131,0.12976054765338077,0.13014301974574286,0.12711374323183652
2023-03-17,0.12343207491114203,0.1305124388786444,0.11310562944691627,0.11992615553810212,0.11844622451749706,0.13394293672139335,0.13249574426507585,0.12813879572122897
2023-03-20,0.12401752760719977,0.13034354920847652,0.11401910474171952,0.12121274763666373,0.11922090752435247,0.13334729442143878,0.1306963711867184,0.12714249767343078
2023-03-21,0.12516148559730547,0.13169542510573123,0.11567489719734764,0.12256815773691641,0.11823643791438197,0.1303258966720627,0.1290737322517419,0.12726396752451258
2023-03-22,0.12394091788279839,0.13086866637540392,0.11322833528855387,0.1230498567855977,0.11466416619500854,0.13352773875217872,0.13176533065179802,0.12895498806866088
2023-03-23,0.12393834875970804,0.1320607525180877,0.11241952497999137,0.12273335472542907,0.11363501592163171,0.13483462175559893,0.13140735578057497,0.12897102555897824
2023-03-24,0.12421781169136219,0.13197963313834812,0.11295101700775981,0.12183642116621318,0.11605040261010743,0.13274696382932377,0.1313985026607316,0.12881924789615404
2023-03-27,0.12498188114712645,0.1316355051461621,0.11469486797028287,0.12351270582067743,0.11641320190197416,0.13208016063015604,0.12886012032490715,0.1278215570587138
2023-03-28,0.12473489401867202,0.1309715198680726,0.11456061672497371,0.12359928002945281,0.11616338857438248,0.13319759455194208,0.12912949774958024,0.1276432084829241
2023-03-29,0.1253891065410631,0.13213850541402314,0.114800820630714,0.12394766294310859,0.1176505949839918,0.13132321739036001,0.12769006312575437,0.1270600289709851
2023-03-30,0.12527614158473754,0.1324932657260222,0.11387368071443492,0.12455032801002185,0.11838936118851986,0.13162024040490894,0.12741589626909097,0.1263810861022639
2023-03-31,0.125586425291117,0.1331535717605728,0.11463825991282532,0.12374631988529677,0.11953784929673646,0.1294341803758047,0.12784313296570132,0.12606026051194555
2023-04-03,0.125,0.125,0.125,0.125,0.125,0.125,0.125,0.125
2023-04-04,0.12434953729103099,0.12462144626518627,0.12285039079797863,0.12506063076928012,0.12487633625873706,0.1273742044726183,0.12566495674484485,0.12520249740032388
2023-04-05,0.12435654723572813,0.12372201154795846,0.12197159066225448,0.12452640446867148,0.12454151877694432,0.12761386829036123,0.12731925803966443,0.12594880097841757
2023-04-06,0.12456134012827469,0.12427647876096423,0.12187995711465326,0.12483676399238856,0.12511229281033368,0.1264189667384469,0.1273619820280788,0.1255522184268598
2023-04-10,0.12490377529853956,0.12441993159109968,0.1233956051369284,0.12496473418728467,0.1259056281660264,0.12569944100800717,0.1255239834265731,0.12518690118554113
2023-04-11,0.12466560555691639,0.1233525690638892,0.12410107946036403,0.1251092292997401,0.1261630723644399,0.12621883494386854,0.1255090767120185,0.12488053259876332
2023-04-12,0.124417731564689,0.12251920583435441,0.1234485472792702,0.12617102620387718,0.1258191361279906,0.12710131794730625,0.12564288242716068,0.12488015261535174
2023-04-13,0.1250858179739672,0.1239428651693007,0.12410748596851295,0.12678955389257285,0.12445929678195863,0.12781317195963218,0.12368200106239145,0.12411980719166398
2023-04-14,0.12577967678049942,0.12470072399337546,0.12393597751953861,0.1272835628526832,0.12350897924472909,0.12655516605061626,0.12353230408508911,0.1247036094734688
2023-04-17,0.1260198217440371,0.12459758511406871,0.12531982107993275,0.12684496698368744,0.1258689022687136,0.12578070479655154,0.1218585563822716,0.12370964163073726
2023-04-18,0.1259389225530919,0.12444422873285092,0.12462569061686664,0.12737423701915604,0.1254179225409844,0.1261055276932,0.12213465855834733,0.12395881228550279
2023-04-19,0.12603205932652548,0.12449871576444357,0.12490008029803512,0.12709098233475682,0.12627577451074065,0.12561697135912933,0.12212828654264908,0.12345712986372001
2023-04-20,0.12553524641317051,0.12373772482931086,0.12444476211421934,0.1272845986324821,0.1252214013329917,0.12630380794098875,0.12336011994375924,0.1241123387930774
2023-04-21,0.12573540500114797,0.12396800554306532,0.12470795881960343,0.12803195303376325,0.12533891532578298,0.12515711902106277,0.12276706483081752,0.12429357842475672
2023-04-24,0.12564511999457745,0.12349192360458468,0.12440439510572518,0.1281364762614685,0.12464749540118168,0.12531663058649017,0.1237366895005243,0.124621269545448
2023-04-25,0.12457371500246171,0.12206691181989218,0.1222393131252664,0.12729182985019402,0.12433845209554904,0.1268942932423533,0.1264934482061162,0.12610203665816733
2023-04-26,0.12464894562038774,0.12340408010512625,0.12164808784123926,0.12782260534959014,0.12374331540915065,0.1268176954520137,0.12575348441576978,0.1261617858067225
2023-04-27,0.12585202679671853,0.12548481385966978,0.12203382335747853,0.12812020764727303,0.12526951190372654,0.1255491917401748,0.12325365280269232,0.12443677189226644
2023-04-28,0.12598319518462947,0.1254117785463326,0.12218726726023758,0.12711657658520098,0.12586491292996063,0.12465016730518225,0.12431131507968979,0.12447478710876657
2023-05-01,0.125,0.125,0.125,0.125,0.125,0.125,0.125,0.125
2023-05-02,0.12376868882044069,0.12408383272860059,0.12260491137221614,0.12391544194231521,0.12305596882093187,0.12759102843820674,0.12829490133905835,0.12668522653823036
2023-05-03,0.12284120898227166,0.12319368407446868,0.1229767355208878,0.1241602152974685,0.12249377685662746,0.1285912969610629,0.12892925825011206,0.12681382405710087
2023-05-04,0.12229412243645578,0.12308389044899269,0.12192149489120623,0.12423309361322507,0.1238345719228842,0.12983859975994716,0.12799369841140482,0.12680052851588397
2023-05-05,0.12348270398056219,0.12461472904659643,0.12374162588282545,0.1249704200869461,0.12481075107682699,0.12670343815676463,0.12646659196321078,0.12520973980626743
2023-05-08,0.12390553137064328,0.1253178144557934,0.1238476324923193,0.1253988604051354,0.12448060919127409,0.1272593555260143,0.1250878457471938,0.12470235081162634
2023-05-09,0.12365103430795511,0.12481572394655775,0.12376673915848191,0.12518224544117224,0.12424279815668941,0.12846124492048444,0.12493222278306673,0.12494799128559249
2023-05-10,0.12354705397147395,0.12548156021305124,0.12371176242870123,0.12424155379535035,0.12474907833219978,0.1275738164993812,0.12545231522662104,0.1252428595332212
2023-05-11,0.12354334511081433,0.12610680773262356,0.12297207354440773,0.12414990103078491,0.1235923774130082,0.1266960373620973,0.1269962462462297,0.12594321156003435
2023-05-12,0.1237715880150734,0.12605177276671292,0.12311141041638653,0.12432148497097065,0.1239680501034219,0.12687929064569908,0.1263316183173858,0.12556478476434965
2023-05-15,0.12399467275884915,0.1265262522156161,0.12441075157361532,0.12506765064032557,0.12355326738546614,0.12694219260657885,0.12481784618491974,0.12468736663462913
2023-05-16,0.12433073459621788,0.1278672975567187,0.12375541394369827,0.12505117184791817,0.12159937426728508,0.12654086051691388,0.1256195669291888,0.12523558034205928
2023-05-17,0.1249371063617269,0.12848651642962236,0.12560612906603577,0.12473218983168652,0.12235999502899253,0.12519802398994795,0.12435462805500666,0.12432541123698132
2023-05-18,0.126076495219444,0.13080635865387516,0.12630499428067488,0.12448178497396635,0.1217083493494062,0.12351100489604364,0.12337048683130333,0.12374052579528644
2023-05-19,0.125957770283412,0.130578733282929,0.12559970153837688,0.12527714642350304,0.12157438813224673,0.12479776385612897,0.12256110272832306,0.12365339375508029
2023-05-22,0.12575454361394456,0.13075273950622904,0.12687637761706022,0.1250581738172702,0.12206836566061419,0.1242542032753446,0.12187815369241829,0.12335744281711906
2023-05-23,0.1250802024073844,0.12986038609438755,0.12702697052705925,0.12395542420100604,0.1216381706109793,0.1251407111873573,0.12295340941129813,0.12434472556052796
2023-05-24,0.1253582034894094,0.1304263037945863,0.12687948829370813,0.12331042660559997,0.12016229353132488,0.12531479454620073,0.12351163438511467,0.12503685535405598
2023-05-25,0.12629759672483024,0.13344551053011663,0.12574368486259968,0.12299570350179292,0.12000807598658612,0.12396602621958544,0.1230620714270448,0.1244813307474443
2023-05-26,0.12653186575966913,0.13535599615074306,0.12578015155910896,0.12284038286696623,0.12005606718073611,0.12309799029460498,0.12269719782916658,0.12364034835900492
2023-05-30,0.12628634087659457,0.13565430592623834,0.12502521955365106,0.12131515872431979,0.12023057236042277,0.12357262002675803,0.12363549617157545,0.12428028636043989
2023-05-31,0.1257978657898911,0.13511044770760153,0.12400155763198022,0.12026049729261812,0.12103857397849524,0.12397143558476205,0.12492354297957954,0.12489607903507216
2023-06-01,0.125,0.125,0.125,0.125,0.125,0.125,0.125,0.125
2023-06-02,0.1257518947038713,0.12488895607801699,0.12845471973808015,0.12556666063641328,0.1269804202002305,0.12213121619568704,0.12260092650423407,0.12362520594346657
2023-06-05,0.12591914749122854,0.1253834857407897,0.127144940718562,0.12524680763963753,0.12650746867595516,0.12326611471703258,0.12277058280900992,0.1237614522077847
2023-06-06,0.12532156404689299,0.12449623212554574,0.12959239000079942,0.12541477623231687,0.12683751367740997,0.12254898082419313,0.12264102428510933,0.12314751880773246
2023-06-07,0.12530007823836983,0.12278775098593384,0.13245248528097703,0.12472175364425049,0.12959436298726482,0.12147640468418977,0.12121904630009879,0.12244811787891534
2023-06-08,0.12528850189227933,0.12355314070620872,0.13115183338752326,0.12527191126577478,0.12800290866066247,0.12232996793902443,0.12188836503138617,0.1225133711171409
2023-06-09,0.1257811370400597,0.1242900837739564,0.1303677848661098,0.12532892373709606,0.12753563650642516,0.1222618936798787,0.12198088721096641,0.12245365318550779
2023-06-12,0.12629082776633696,0.12576150503714598,0.13025910071810684,0.12524600943619632,0.1269318998356865,0.12154679026656395,0.12173136674913339,0.12223250019083001
2023-06-13,0.12678806498979947,0.12639350030753269,0.1314047773064622,0.12609812743243548,0.12740833205060295,0.12033296249966194,0.12021059198536718,0.12136364342813812
2023-06-14,0.12668497634161272,0.12705724885181446,0.12973216671035187,0.12631433873956613,0.1276268950269818,0.12015863584722737,0.12093013676104268,0.12149560172140283
2023-06-15,0.1270833867592982,0.12739616326868206,0.12960439178082936,0.12648405256923234,0.12712650253768198,0.1198975135797462,0.12097593295405401,0.1214320565504759
2023-06-16,0.1270961089348645,0.127039866922453,0.12901955666878762,0.12665294953409761,0.12748266620599638,0.12013415239807901,0.12093007020772027,0.12164462912800161
2023-06-20,0.12701427039653457,0.12743749627629133,0.12904432268190139,0.1255498793331981,0.12655422618407552,0.1194337713909474,0.12232315540242586,0.12264287833462585
2023-06-21,0.12677837830387612,0.12611350816337566,0.1291672822778508,0.12615341569222777,0.1262041757602219,0.11965259145909415,0.12302173954273354,0.12290890880062008
2023-06-22,0.12786391967371924,0.12823124934511343,0.12884189815568176,0.12598942388200154,0.12501147720973896,0.11905062073338034,0.12213664045302877,0.12287477054733596
2023-06-23,0.12765929924554467,0.12772244318245493,0.12766429058184253,0.12477659110270453,0.12402859992387369,0.12009576371961941,0.12409504802606058,0.1239579642178996
2023-06-26,0.12696068356124565,0.12583480882950374,0.12761360490033435,0.1247608809289035,0.12671541454340565,0.12013715954753038,0.12405417285621907,0.12392327483285769
2023-06-27,0.12745599986484746,0.12710430351227345,0.1285520294590403,0.12497046063606568,0.12738050244124444,0.11874996503828512,0.12286606411462066,0.12292067493362291
2023-06-28,0.12726562301510583,0.1270980009817005,0.1289250135935193,0.12480792020713258,0.1273099135137903,0.11823934825301695,0.12314366713198485,0.1232105133037497
2023-06-29,0.12780616764671754,0.12688217144308334,0.1304481209751003,0.12467189040722466,0.12877126617420426,0.1181486310501532,0.1209579722209336,0.12231378008258298
2023-06-30,0.12810426290938512,0.12763303692860964,0.1298444972493754,0.12502271340705498,0.12827235461918193,0.11782289649097095,0.12123936282221891,0.12206087557320314
2023-07-03,0.125,0.125,0.125,0.125,0.125,0.125,0.125,0.125
2023-07-05,0.12545090437748876,0.1256343478564967,0.12438572830897757,0.12423252067327446,0.12592064644484968,0.12519424895588785,0.12444386095465483,0.12473774242837017
2023-07-06,0.12578453110638324,0.12599573085455007,0.12367100859613975,0.12337205494623045,0.12627394381465773,0.12614085523901078,0.12398099147154222,0.12478088397148578
2023-07-07,0.12530466655900785,0.1254150061593666,0.1248152526138065,0.12414048694393602,0.12582509819760035,0.1269226665996961,0.1230753100734265,0.12450151285316002
2023-07-10,0.1250846687334486,0.12491965634052245,0.12640768178633172,0.12395831206325615,0.12582572120819377,0.12647897137544128,0.12270979697599547,0.12461519151681057
2023-07-11,0.12496701812575471,0.12462504768205818,0.12677880921658438,0.12416573862516313,0.12669444390583942,0.1260309339508429,0.12244482602041791,0.12429318247333955
2023-07-12,0.1245794012391814,0.12480348320003744,0.126744167542829,0.1251375612746254,0.1259690993561693,0.1263249692220995,0.12243863267775143,0.1240026854873066
2023-07-13,0.12442395372671519,0.12576592250390628,0.12660380577886676,0.12598163109539476,0.1256218460444454,0.12526331027781404,0.12259835674721575,0.12374117382564184
2023-07-14,0.12489373091675027,0.12629279118394846,0.12591845412638977,0.12582064067838117,0.12592615931490694,0.12541370573861788,0.12241281897573497,0.12332169906527046
2023-07-17,0.12503411438272583,0.1271738794043185,0.12696838863475723,0.12537323405198594,0.12481468752078533,0.12520986736100653,0.12218663636728205,0.12323919227713848
2023-07-18,0.12521620705027692,0.12745392561216742,0.12777373433638772,0.12544070005460128,0.12339300475353789,0.12589328474979303,0.12201342556218957,0.12281571788104632
2023-07-19,0.12496884523322795,0.1268902903861817,0.12777727853884874,0.12484783191604942,0.12426216690405377,0.12538629570860113,0.1228747631935611,0.12299252811947614
2023-07-20,0.1252505605369521,0.12507447123645238,0.12779390488444226,0.12531996242571364,0.1249661726245617,0.1258677024922267,0.12246896529911766,0.12325826050053344
2023-07-21,0.12526011307423157,0.12470885660575583,0.12739745773214203,0.12558415790486,0.12555846263377818,0.12549154692372477,0.12251446225213578,0.12348494287337172
2023-07-24,0.12573538042411814,0.12482436080122253,0.12762633138797272,0.1251946378445399,0.12650804708406838,0.12487053486503187,0.12198707841648326,0.12325362917656309
2023-07-25,0.12599278237049524,0.12558479751253557,0.1275263391839658,0.12524500498608518,0.1255198342964291,0.12548027333779566,0.12167545774466682,0.12297551056802677
2023-07-26,0.12565791198725138,0.12481516848794205,0.12817255403455846,0.12523098859799464,0.12573279422030537,0.1257380303385282,0.12145328375769364,0.12319926857572625
2023-07-27,0.12629541154595744,0.12598460923435575,0.12800598467879667,0.12641565545660688,0.1244543393427318,0.12522054930796503,0.12049380420471277,0.12312964622887362
2023-07-28,0.12646745832086367,0.1272087056534493,0.1285805914074728,0.12625945204247957,0.12331368352667135,0.1251665017473552,0.12010174788741138,0.12290185941429672
2023-07-31,0.1262533511013928,0.12681812058071742,0.12960605610267278,0.1258399825306989,0.12366873858950202,0.12505316543115558,0.11995835101413893,0.12280223464972162
2023-08-01,0.125,0.125,0.125,0.125,0.125,0.125,0.125,0.125
2023-08-02,0.12474904250302446,0.12373276075729625,0.12478839729959669,0.12415175980357006,0.12578062432092854,0.1259059788382757,0.12515532072357385,0.1257361157537344
2023-08-03,0.12522780452712773,0.12436497190776573,0.12527321185999007,0.12464002898242024,0.12524967446740248,0.12671008190432054,0.12308981929957473,0.12544440705139856
2023-08-04,0.12442840405894835,0.12355133756624628,0.12478839898131822,0.12475279535134239,0.12400003916032709,0.12693111750627803,0.12503584510930096,0.12651206226623868
2023-08-07,0.12513989633278663,0.12422554398033737,0.12449925670161816,0.12543190233500706,0.12517850095220065,0.12626432668503573,0.1234357590050261,0.12582481400798837
2023-08-08,0.12494697177412206,0.12351659926021231,0.1240663638141322,0.12502501430324733,0.1247251061143062,0.1258174073665764,0.125221336698691,0.12668120066871258
2023-08-09,0.12449070683305369,0.12253168672940459,0.12347200168927219,0.1253721473186027,0.12509105044777297,0.1256011730073137,0.1262532889066946,0.1271879450678857
2023-08-10,0.12495142590893918,0.12316824902592673,0.12333484520583086,0.12633027228993712,0.12502809453671593,0.12588610500065575,0.12458972272912423,0.1267112853028703
2023-08-11,0.1251363772807624,0.12263561954693067,0.12376441396882101,0.1257368893556346,0.12548193867891266,0.1261459791142912,0.12455954434344452,0.12653923771120307
2023-08-14,0.12585721284431517,0.12404147861077477,0.12358009702276165,0.12520898082801482,0.1246835185096276,0.1257924894846154,0.1243149406317691,0.12652128206812147
2023-08-15,0.12553632712822488,0.12385510695850258,0.1230693971022736,0.1247956314593287,0.12441775862079363,0.12661360955165854,0.12469480062846451,0.12701736855075357
2023-08-16,0.1256925064763272,0.12360307736765624,0.12261590829205142,0.12484513608717239,0.12394488890467309,0.12697062718222532,0.12478883570919144,0.12753901998070283
2023-08-17,0.12557705632506144,0.1230785083864401,0.12198920757679008,0.12479475714420302,0.12377853932196353,0.12763144364214757,0.12509597142987527,0.12805451617351893
2023-08-18,0.12539906023423075,0.12269078319031783,0.12242068013348689,0.12455793436558088,0.12392880497652353,0.12741103758342348,0.12529953146507705,0.12829216805135954
2023-08-21,0.12623369103326398,0.12468599625904103,0.12225980359559079,0.125040200022821,0.12280693880840347,0.1277788036504009,0.12364758271752735,0.12754698391295155
2023-08-22,0.125792134156024,0.12440930731312093,0.12179866644092341,0.12470954014588816,0.12306393159558844,0.12788830432771908,0.12449790491453816,0.12784021110619795
2023-08-23,0.12541990358314925,0.12460925166687459,0.12138112025020556,0.1243065863208073,0.12326112403535228,0.12738715251019872,0.1258039072819166,0.12783095435149586
2023-08-24,0.12487447893269309,0.12312164735939192,0.12085645461118649,0.12378416491365893,0.12397463136202327,0.1285867336420676,0.12617957382680348,0.12862231535217528
2023-08-25,0.12530438361164772,0.12363163395426492,0.12093624813259501,0.12417182299547881,0.12362224146095527,0.12796047112905146,0.12613827269889477,0.128234926017112
2023-08-28,0.12532506739596616,0.12379773189025033,0.12126529332980295,0.1247100636161026,0.12401714791868117,0.12754029118080026,0.12549575881739458,0.12784864585100209
2023-08-29,0.12552666636267976,0.12489955716679924,0.12140014778071699,0.12465762546579592,0.12393046419624464,0.12715527965461418,0.12519354157356652,0.12723671779958282
2023-08-30,0.12578456520503312,0.12533789481819105,0.1216075582386857,0.1243320793352247,0.12412437904041572,0.12721135861006205,0.12480643375665004,0.12679573099573765
2023-08-31,0.1257081425949077,0.12582145977022086,0.12149918676991428,0.12395345731552952,0.12331763168023002,0.12710855507484706,0.1254716549626531,0.12711991183169755
2023-09-01,0.125,0.125,0.125,0.125,0.125,0.125,0.125,0.125
2023-09-05,0.12561771536855557,0.12632335965034622,0.12350554257978898,0.1250688337693534,0.12469525275137834,0.12513328261437243,0.12439389380355727,0.12526211946264787
2023-09-06,0.12518964004796654,0.12562855281047589,0.12345340565455626,0.12522058463146213,0.12485061207058866,0.1249815896060252,0.12511603608389088,0.12555957909503448
2023-09-07,0.12493854552317352,0.12486333565030933,0.1223900712730105,0.12494662433949189,0.12576707887470825,0.12524873374361978,0.12559697000848052,0.1262486405872061
2023-09-08,0.12512152339437116,0.1250326366701148,0.12211278297297076,0.12476419634588815,0.12527050385146352,0.1252857402784252,0.12607268838628255,0.12633992810048386
2023-09-11,0.12557020372433153,0.12613000228012738,0.12204125175150494,0.12568357272575092,0.1249136257122131,0.12514498379387665,0.1247923563828796,0.12572400362931574
2023-09-12,0.12522480563544044,0.12507442394930995,0.12225736708795161,0.12551530266941896,0.1251957469173187,0.1248420255341408,0.12585677183146765,0.12603355637495184
2023-09-13,0.12561887363444502,0.12579925248150578,0.12169449531244309,0.12537299252813847,0.12407439627527679,0.1248000764700061,0.1260790387842814,0.1265608745139034
2023-09-14,0.1258651533512734,0.12599028264902623,0.12259536502451449,0.12618533054574518,0.1254859189393147,0.12403880580073515,0.12434228876636999,0.12549685492302087
2023-09-15,0.12507945685093366,0.12456062887743498,0.1220264811417717,0.1266429951580153,0.12574685473514174,0.12559167976084148,0.12431075174986213,0.12604115172599892
2023-09-18,0.12521333883199123,0.12475081979507609,0.12127433943781886,0.12626047494437057,0.12468507005324606,0.12639222599028102,0.12507999571793404,0.12634373522928216
2023-09-19,0.1253203539259385,0.12485022487735913,0.12115670675562025,0.12673782283951762,0.12448029683505021,0.1266429998466945,0.12452121213112392,0.12629038278869598
2023-09-20,0.12464564861145568,0.12352420582427931,0.12040420317212054,0.12692128868065242,0.12506729100753983,0.12722215330837794,0.1253905772996155,0.12682463209595884
2023-09-21,0.12482945298942505,0.12348043069492408,0.12070635754937444,0.12709726195149332,0.12302111256663882,0.12861199251065986,0.12440774010377427,0.1278456516337101
2023-09-22,0.124444720146183,0.12339449145558494,0.12033306574200023,0.12710016324503828,0.12198891946514895,0.12891590850104917,0.12530419944449042,0.12851853200050498
2023-09-25,0.12547294983974996,0.12448153752013791,0.12135952082738719,0.12704773728210425,0.1223710698985061,0.1287700968918536,0.12271444267334684,0.12778264506691417
2023-09-26,0.12499983660945051,0.12397125573361766,0.12112694959328903,0.12679458407048735,0.12147257129180808,0.12915692996446634,0.1236432589516906,0.12883461378519045
2023-09-27,0.12535348738944233,0.12456359973956088,0.12255626884898022,0.12686199872883497,0.1209500849126284,0.12786953566948217,0.12330203839229022,0.1285429863187809
2023-09-28,0.1254483302592861,0.1249761003860456,0.12304372184254131,0.1272572368315053,0.12149864667031644,0.1265928935952156,0.1230587252190248,0.12812434519606478
2023-09-29,0.1254414578124011,0.12536422828719215,0.12275289836589766,0.12719074387091714,0.12214270067293544,0.1255900397520943,0.12336528408233349,0.12815264715622876
2023-10-02,0.125,0.125,0.125,0.125,0.125,0.125,0.125,0.125
2023-10-03,0.1251369735671191,0.12460887867718282,0.12469985683295622,0.12524726764969593,0.12435856391337607,0.12646847488972812,0.12410640017535826,0.12537358429458342
2023-10-04,0.1251420624763592,0.12539664151544025,0.1238612780289689,0.12456936966532839,0.12497350073347663,0.12554444006151244,0.1249524348256268,0.12556027269328723
2023-10-05,0.1250369405915801,0.12496924641758558,0.1238978855150493,0.1256051543914001,0.12561046431946293,0.1252562867113053,0.12427190235250707,0.12535211970110968
2023-10-06,0.12585881178440322,0.12639762501201726,0.12443576145492313,0.1263300758678518,0.1252897137785965,0.12524231947151232,0.1221231301791502,0.12432256245154576
2023-10-09,0.1254028493995844,0.1257767392001477,0.12390834101681926,0.12488912757950539,0.12539356769035512,0.12627444314105785,0.12374427236969775,0.12461065960283252
2023-10-10,0.12546148307554267,0.1258772566604117,0.12472066072517504,0.12600829608017014,0.12540060545618967,0.12546843639873279,0.12299085032241637,0.12407241128136164
2023-10-11,0.12495736670099535,0.12575092820837028,0.12350181361504572,0.12551256777058303,0.1265457438969954,0.1253633761563658,0.12454493793736722,0.1238232657142772
2023-10-12,0.12569505914594592,0.126826959380134,0.12216822417704035,0.12597016602743907,0.12620588852449965,0.1264900602710333,0.12262922172909783,0.12401442074480978
2023-10-13,0.12479101784895628,0.12495438125794818,0.12088147442549561,0.12452554956470178,0.12560922801559382,0.1302663248308009,0.12454593052959113,0.12442609352691224
2023-10-16,0.125653136852776,0.12591539203112287,0.12239463389053808,0.12498693602401759,0.12665233595328737,0.12916910078205193,0.1221033088501828,0.12312515561602337
2023-10-17,0.12580426841421502,0.1256596963846707,0.12391447376339967,0.12521564633861387,0.12662787300328035,0.12957022575016697,0.12090844026209946,0.12229937608355404
2023-10-18,0.12549719029814604,0.12537926012249578,0.12270344116044724,0.12439425101764152,0.12530579686910134,0.13289519606284697,0.12116674160910683,0.12265812286021434
2023-10-19,0.12566913976865876,0.12547880167294836,0.12198574149557821,0.12455627393356773,0.12358863782649505,0.13590479169762557,0.11990222316781392,0.1229143904373124
2023-10-20,0.12479843202742688,0.1242776268526341,0.12106201544305767,0.12411348956214688,0.12342393936620545,0.13701539035625163,0.12123734979571182,0.1240717565965656
2023-10-23,0.12458488357642351,0.1246554049866424,0.12003907873584009,0.1242094687407844,0.12221626918616159,0.13655569401713744,0.12269648928932426,0.1250427114676862
2023-10-24,0.12455487992609421,0.12489608024238527,0.12015145677218103,0.123953318415019,0.1228287605033124,0.13548636826349242,0.12335327231397372,0.12477586356354207
2023-10-25,0.12446839524357373,0.12352748061518334,0.11980404993507442,0.12477059163413011,0.12185529088555495,0.1379419469549441,0.12227852709872644,0.1253537176328129
2023-10-26,0.1228676338348883,0.12106345349087262,0.12000362881632767,0.12375915380717753,0.12407639501207145,0.13803573704805924,0.12404274437051872,0.12615125362008425
2023-10-27,0.12266933208480192,0.12200137677268881,0.11894035654728921,0.12374615091241478,0.12244669162299614,0.1400505337036569,0.1238779256155702,0.12626763274058211
2023-10-30,0.12362600068322976,0.122868954810273,0.11910897229322676,0.12481009322681814,0.1227138329465752,0.1386884968835922,0.12281337806404055,0.12537027109224452
2023-10-31,0.1239811382076213,0.12303850880548588,0.11973176839138072,0.12483514189618343,0.12437926075481369,0.13746464762490496,0.12180002632749903,0.12476950799211105
2023-11-01,0.125,0.125,0.125,0.125,0.125,0.125,0.125,0.125
2023-11-02,0.12497046917192775,0.1248464967708233,0.12588869267584674,0.1251255768740952,0.12664826404210414,0.12302812165034227,0.12541588393610056,0.12407649487876002
2023-11-03,0.12457947911275566,0.12477971212387752,0.1277425045891953,0.12491543448904145,0.12809885954864803,0.12197666350263016,0.12473296136020752,0.1231743852736443
2023-11-06,0.12563117637561985,0.12605642347607438,0.12691951869381554,0.12504938061002788,0.12702336753934168,0.12176773237198511,0.12427994459139259,0.12327245634174308
2023-11-07,0.12578634671264438,0.12704358488935188,0.1262670547916512,0.12409199187543629,0.12577450531670972,0.12106820470506195,0.1259104426747578,0.12405786903438688
2023-11-08,0.1257967130151231,0.1270428200868307,0.12484011629790558,0.12384934082313864,0.12610713372933316,0.11978356875528155,0.1279720718968742,0.12460823539551308
2023-11-09,0.12602888654888703,0.12729052612938563,0.12410199458385082,0.12503503243005748,0.1253247979781044,0.12142963305308851,0.126243815477253,0.12454531379937318
2023-11-10,0.12698500100968502,0.12912473478759795,0.12449886781882903,0.12460687315273244,0.12549750568430793,0.1191566217916296,0.1259484990547664,0.12418189670045163
2023-11-13,0.12696695545204778,0.1288265536070313,0.1246441887691866,0.12503289853800864,0.12455262098107782,0.11991769412192337,0.12576421683058106,0.1242948717001433
2023-11-14,0.12589820214413028,0.12800852115095224,0.12790082747072368,0.12472810372264931,0.1278772651637408,0.11768564032372446,0.1251052657426996,0.1227961742813796
2023-11-15,0.1264101173879246,0.12835399989563498,0.12837220383628634,0.12477721513996062,0.12849844072408695,0.11760376355626584,0.12358944312547626,0.12239481633436454
2023-11-16,0.12635034703539771,0.12824625975695206,0.12608299742979998,0.12447807584478614,0.12800594939419332,0.11872959611366503,0.12491327825378287,0.12319349617142286
2023-11-17,0.1259494176976223,0.12771028909706858,0.12724683624134311,0.12560720813436993,0.12734469948104973,0.1181929573704427,0.12494505418984857,0.12300353778825508
2023-11-20,0.1261949289837448,0.12852776342392006,0.12725900327026513,0.12536000283529278,0.12754644624457698,0.11732677849462773,0.12499115895444167,0.12279391779313077
2023-11-21,0.12627308306591936,0.12813949150942497,0.1259720772627451,0.12522353881832876,0.12700550378706746,0.11892629621153217,0.12528642066459544,0.12317358868038675
2023-11-22,0.12636213017025175,0.1282595080084942,0.1263634854013991,0.12512529654695778,0.1272301843746078,0.11804714790664117,0.12533395086762675,0.12327829672402134
2023-11-24,0.12636689699477766,0.1280047063201277,0.12714134431352975,0.12600819670150448,0.12752449900922536,0.11859268452047636,0.12378661618924268,0.12257505595111605
2023-11-27,0.12574617863344414,0.1274943980710437,0.12632098016927476,0.12518266339487627,0.12758924395615256,0.1190196377961054,0.12546203919501447,0.12318485878408866
2023-11-28,0.12547236668584236,0.12742402928525617,0.12543511803872015,0.12482105476312934,0.12802754589030108,0.12022471942252792,0.12531160752523768,0.12328355838898529
2023-11-29,0.12484079241912377,0.12674831929320743,0.12555099312899037,0.12453791907844108,0.1283586776545685,0.11988086690558973,0.1263370830340006,0.12374534848607854
2023-11-30,0.12547380457016732,0.12657236673081423,0.12617024172894287,0.12457526575835366,0.12943797380304478,0.11951594919244864,0.12501865388462347,0.12323574433160492
2023-12-01,0.125,0.125,0.125,0.125,0.125,0.125,0.125,0.125
2023-12-04,0.12488227639466941,0.12437585161229707,0.12688558332998462,0.12456343721501391,0.1264557866152534,0.12282792667057174,0.12504180523121586,0.12496733293099406
2023-12-05,0.12479242801990677,0.12462296290361438,0.12512282486209658,0.12405254611263555,0.12555061265046585,0.12229976081431866,0.1276616316502227,0.12589723298673947
2023-12-06,0.12414373354488846,0.1237568570026042,0.12475237779305257,0.12428380929629387,0.1250291454157236,0.12260667488718903,0.12921008322003646,0.1262173188402118
2023-12-07,0.12459148380634047,0.12498490782695355,0.12515206479088592,0.12438452971660698,0.12488763576441855,0.12231860670580144,0.12795582112860454,0.12572495026038844
2023-12-08,0.12527033725143558,0.12568562235392464,0.1262482682400259,0.1249025832767328,0.12482167327868085,0.12082497067779964,0.12705400897454747,0.1251925359468531
2023-12-11,0.12565241319203985,0.12665323164767542,0.12640602786948746,0.12510525891596924,0.1250602162909578,0.11939077506695074,0.12667916146073363,0.12505291555618586
2023-12-12,0.12589604800577392,0.12732793486198074,0.1259473579875569,0.12499916355379433,0.12465865719925348,0.11901356074329496,0.12672272340058238,0.12543455424776317
2023-12-13,0.12488768675992913,0.12617441752851408,0.1274108089945846,0.12409311874950478,0.12664945652191495,0.11908191556327076,0.12690712503169738,0.12479547085058447
2023-12-14,0.12359133488035715,0.12435737671166777,0.12918242446491474,0.12331563915556165,0.12853701213720875,0.11815749131807503,0.12844453224420452,0.12441418908801045
2023-12-15,0.12398502494002162,0.1255632900578679,0.12871673559896216,0.12270749515100343,0.12734159565947475,0.11764102152582633,0.12920949887476618,0.12483533819207758
2023-12-18,0.1246167069185336,0.1262875389835177,0.12869458482615453,0.12293974130658725,0.1269861070503321,0.1181134434949838,0.12811241394075054,0.12424946347914052
2023-12-19,0.12443428249821466,0.1259809349227208,0.13020483880620898,0.12304933687126739,0.12699251272103423,0.11802646530793924,0.12783683276690683,0.12347479610570777
2023-12-20,0.12374718330089245,0.12515791363600204,0.12873697154583352,0.12283715239859071,0.1265074886317206,0.11837589706964931,0.1297907869157687,0.12484660650154268
2023-12-21,0.12394111132971211,0.12562148331699707,0.1299011304828014,0.12384807887544468,0.12662874780786043,0.11827822956811614,0.1279583383524077,0.12382288026666036
2023-12-22,0.12394411473887727,0.12556012637298455,0.13085170122275097,0.12371856736073694,0.12686964260434808,0.11856731632809017,0.12712392299353145,0.12336460837868046
2023-12-26,0.12372274733829915,0.12557292051652302,0.1317601487052839,0.12353782853097935,0.12704508794947653,0.11875604403874643,0.1267225731620106,0.122882649758681
2023-12-27,0.12318856447375685,0.12505915239121052,0.13141645360666682,0.12343668030152012,0.12688271984219612,0.11856549825217734,0.12817949201766982,0.1232714391148023
2023-12-28,0.12346757694133359,0.1252341850756445,0.13116299148650173,0.12334180871476771,0.128024095582954,0.11809837489302305,0.12748858263263282,0.12318238467314256
2023-12-29,0.12388022008518276,0.12547216088939284,0.1298294258641923,0.12424524733807628,0.12729779097573374,0.11865089652802924,0.12712888649805418,0.12349537182133859
2024-01-02,0.125,0.125,0.125,0.125,0.125,0.125,0.125,0.125
2024-01-03,0.12528321162459136,0.12497816140750342,0.12294670633702383,0.12536540081768452,0.12329580370266487,0.12526171453913673,0.12684153650349758,0.1260274650678977
2024-01-04,0.12534699368619773,0.12480026234493832,0.12316533780647326,0.1261238460524328,0.12352959446315624,0.12585679169702424,0.12538174260100768,0.1257954313487698
2024-01-05,0.12575759527115865,0.12518612695472747,0.12303685542547368,0.12644914533272644,0.12345112209566539,0.12611633002678932,0.12441871053916757,0.1255841143542914
2024-01-08,0.12617585761636768,0.12639403300416915,0.12390030269153243,0.12641632233059352,0.12386674756449999,0.12377968456824781,0.12428981329283784,0.12517723893175153
2024-01-09,0.12643298658563112,0.12709463095841295,0.1232290426481885,0.12573245327573224,0.12347289956826786,0.12426004885426944,0.1239370378267771,0.12584090028272077
2024-01-10,0.12694775185392596,0.12775448633340072,0.12310433297063816,0.1263455101253458,0.12341969534696653,0.12378045931797585,0.12316546034425808,0.12548230370748886
2024-01-11,0.1269203616638018,0.12804909831653377,0.12216631077671977,0.12635704705714565,0.12230286354295816,0.12405261960709543,0.12388492273970766,0.1262667762960378
2024-01-12,0.1266969803611132,0.12780078379858495,0.1216654013842807,0.1265700191052216,0.12273612622218324,0.12496057312024182,0.12333849218550243,0.12623162382287198
2024-01-16,0.12746150023486286,0.1290330996159412,0.1213310733392589,0.1256578681358482,0.12302076160422398,0.12498063680617716,0.12234641322645619,0.1261686470372316
2024-01-17,0.1277207731391377,0.12928489185812994,0.1213862045099601,0.12541647673904563,0.12169397798227141,0.12454760445258918,0.12308558200786938,0.12686448931099653
2024-01-18,0.12837122790587435,0.1306261406379281,0.12164382210541526,0.12605496073561523,0.12057836101401606,0.12510002491362124,0.12148210940940808,0.1261433532781217
2024-01-19,0.1289422944319605,0.13216165029546761,0.1218392062314241,0.12534493710076547,0.1210551787462081,0.12448027756135394,0.12090562789432975,0.1252708277384906
2024-01-22,0.12860345195621242,0.1317080189115819,0.12385262409384448,0.12513991209573036,0.12120185594331997,0.12342317221941194,0.12104969884330265,0.12502126593659627
2024-01-23,0.12918003622924346,0.13246117441689603,0.12368637239766708,0.12498048743977248,0.12055752607981124,0.12409799410606266,0.12027810733710577,0.12475830199344139
2024-01-24,0.12969551689721154,0.13358172972166915,0.1230252583374426,0.12629140489668456,0.11917760744907097,0.12343077260460512,0.11991965301265209,0.12487805708066398
2024-01-25,0.1296393030376046,0.13296369725838925,0.12331984642860148,0.12590763662871118,0.12000302101736228,0.1231970150477704,0.1199983041565686,0.1249711764249923
2024-01-26,0.12965641438495146,0.13235714195611759,0.12349930724306692,0.12664127029483202,0.11983296210080793,0.1232842996464475,0.11993657710310682,0.12479202727066976
2024-01-29,0.1295377959988483,0.13254057630342447,0.1245593616358436,0.1262672381771334,0.11956573750757586,0.1230663062392234,0.12025448316794816,0.12420850097000273
2024-01-30,0.12965455003200296,0.13187898618422433,0.12370448181224063,0.12631132949063448,0.11864553923382899,0.12344276627740455,0.12154810238366723,0.1248142445859969
2024-01-31,0.1285768012459288,0.130348152111335,0.12166449717933799,0.126697372548256,0.1184671709352663,0.1243549095132351,0.12374057632127718,0.12615052014536357
2024-02-01,0.125,0.125,0.125,0.125,0.125,0.125,0.125,0.125
2024-02-02,0.1269322623065487,0.127732777232219,0.12494795670084519,0.1246149940909652,0.1240510016651767,0.12442249480178216,0.12283535830538506,0.12446315489707795
2024-02-05,0.1277270992739876,0.12883396713580797,0.12458656881352533,0.12518371654554342,0.12265501542867163,0.12496628099343883,0.12155111156222065,0.12449624024680463
2024-02-06,0.1273093196731602,0.1277838025294346,0.12493557291071113,0.12517865083398735,0.12353839967807959,0.12484582608007097,0.12198348106449583,0.12442494723006027
2024-02-07,0.1282615062912044,0.1289884863876205,0.12453887237463264,0.12500524570188765,0.12325593978232827,0.1247061468409203,0.12128946347980434,0.12395433914160188
2024-02-08,0.12812399392727467,0.12903183530134615,0.12623606398782186,0.12460023558147991,0.12407084681519799,0.12440515015494223,0.12040179122019748,0.12313008301173961
2024-02-09,0.128376378219536,0.12980837708765708,0.12780313695764406,0.12455837807100699,0.12379160937290315,0.12345356677370004,0.11970340789795722,0.12250514561959554
2024-02-12,0.12808561120112652,0.12906426995739834,0.12988631813242818,0.12454546744338287,0.12359474200039232,0.1229061605773593,0.11962477455157883,0.12229265613633356
2024-02-13,0.12872530585423175,0.12946895622648533,0.12691260737362134,0.124963701055989,0.1233501716673348,0.12351802629807339,0.11981236233612504,0.12324886918813929
2024-02-14,0.1287355946827673,0.12971149296200513,0.12870108251608064,0.1252322917929228,0.1232103625324899,0.12234245668669365,0.11934719373657555,0.12271952509046513
2024-02-15,0.1282289570614696,0.12869775723306276,0.13071112293657297,0.12528681290605267,0.12472277419235542,0.12183968062038593,0.11867341021230407,0.12183948483779646
2024-02-16,0.12827713441486807,0.12821719198825776,0.12962769603376634,0.12616018194710843,0.12409969726888638,0.12294412970982432,0.11862160432602453,0.12205236431126416
2024-02-20,0.1278151377701898,0.12749301789882037,0.12808543540141523,0.1269168243971546,0.12411622703575753,0.12392648965339155,0.11895120420444309,0.12269566363882782
2024-02-21,0.12810431834393377,0.12715494377564754,0.12765284587438003,0.12718869121413007,0.12497805393818623,0.12410109297312173,0.11826569522365767,0.12255435865694296
2024-02-22,0.1294824219751165,0.12960320889459007,0.12736790236620496,0.12736735896444776,0.12399503383116608,0.12294523188130867,0.11768593581634666,0.12155290627081931
2024-02-23,0.1292186223723866,0.1288694411439854,0.1273074151598593,0.12718456622258326,0.1235988325153345,0.1233031201974342,0.11893631591412988,0.1215816864742868
2024-02-26,0.12904041554153484,0.12909674435326257,0.1284034993551213,0.12729491001922508,0.1225236424449184,0.1233105311779866,0.11885333925903933,0.12147691784891193
2024-02-27,0.12905775230376018,0.1291846707793363,0.12999877860125802,0.1274211984736858,0.12245869895212184,0.12296759716432921,0.11781220032400182,0.12109910340150684
2024-02-28,0.1289478354857347,0.12855728503007358,0.12898887045957533,0.12674094570860264,0.12375639017677266,0.12324795157176831,0.1186159166979443,0.12114480486952844
2024-02-29,0.12871273155509022,0.12895894254028853,0.12918658808514924,0.1263839120900965,0.1241329769499525,0.12321389702893497,0.11880813024411772,0.1206028215063704
2024-03-01,0.125,0.125,0.125,0.125,0.125,0.125,0.125,0.125
2024-03-04,0.12468626731083174,0.12437475142410061,0.12470493234856911,0.12450008440563609,0.12598805133187818,0.1268390919895814,0.12431802022562632,0.12458880096377656
2024-03-05,0.12383751695554013,0.12253546238495078,0.12390822676501104,0.1246761085338011,0.12486035131971472,0.1280134492409846,0.1264944078300428,0.12567447696995476
2024-03-06,0.1236548972186863,0.12250288256287772,0.12402019001159079,0.12533198942213877,0.12466560456741865,0.1282250814481395,0.12640854461934486,0.12519081014980338
2024-03-07,0.1240763508726403,0.12355956844083404,0.12424631622819692,0.12599679343702835,0.12383240153028773,0.12812159275141402,0.12547495512210044,0.12469202161749826
2024-03-08,0.12340047994043422,0.12184401919440448,0.12423761807643581,0.12565492252963958,0.12533019642422147,0.12927670658408738,0.12532247633326016,0.12493358091751691
2024-03-11,0.12362352561423112,0.12171572487991392,0.123581525732929,0.1252749520937607,0.12506313854428933,0.12985967850900149,0.12559137747598276,0.12529007714989177
2024-03-12,0.12485818831601173,0.12336645697768545,0.12331887117798886,0.1261803210070514,0.12469590382581738,0.12834107503883305,0.12444641886929397,0.12479276478731811
2024-03-13,0.1248006004018158,0.12255387399723137,0.12393747780719835,0.1263360289620209,0.1242035852033226,0.12938360702563012,0.12398024340877016,0.12480458319401071
2024-03-14,0.12567512388970722,0.12334532042070033,0.1228160674307417,0.12654261308062698,0.12344214792738159,0.13000326155755615,0.12317524320726049,0.1250002224860256
2024-03-15,0.12515570429597542,0.12221461219249766,0.12338577419008016,0.12693918136516072,0.12350646313451057,0.12994466763159798,0.12347441924363355,0.12537917794654402
2024-03-18,0.12579196615331545,0.12327483117117397,0.12257383249984315,0.12679858368628485,0.12345890868634513,0.1300416883124846,0.12299725538490013,0.12506293410565272
2024-03-19,0.1262056213533127,0.12330314215956216,0.12281383515239896,0.12673706588561426,0.12313695614544116,0.1295991001813764,0.12306413860798085,0.12514014051431346
2024-03-20,0.1262427312862148,0.12365802316604539,0.12413326113845645,0.1269479631428917,0.12284651003763354,0.12997920601710808,0.12193274310564911,0.1242595621060009
2024-03-21,0.1262100283392471,0.1238018955526351,0.12511352025105876,0.12643369670404123,0.12329512747732423,0.12938300891389043,0.12176129119299775,0.1240014315688054
2024-03-22,0.1263619375663076,0.1243283932872671,0.12376986582227796,0.1265561594600252,0.12212134183136392,0.1287437793638507,0.12330709607158084,0.1248114265973268
2024-03-25,0.1262866209235971,0.12414635088468937,0.12432303486916654,0.12656040304305152,0.12163416905732605,0.12943566566665143,0.12295699985795538,0.12465675569756264
2024-03-26,0.1261141418576733,0.12380404560568425,0.12415906371625453,0.12676480129058726,0.12120049922665797,0.12991684788235947,0.12335832007359872,0.12468228034718457
2024-03-27,0.12577701854935694,0.12286116701726968,0.12547054922294046,0.12612874619537806,0.12296219257675163,0.1294201103887155,0.1232132988526659,0.12416691719692186
2024-03-28,0.1254787116403643,0.12236720596174168,0.1255910337223415,0.1255706103523949,0.12356562401181145,0.13080372179659902,0.12284067511968173,0.1237824173950655
2024-04-01,0.125,0.125,0.125,0.125,0.125,0.125,0.125,0.125
2024-04-02,0.12491142311222228,0.1246257769863193,0.12339944391599231,0.1248253995508373,0.12412879094601593,0.12756772512383596,0.12501793144215412,0.12552350892262268
2024-04-03,0.12464628328119472,0.12450359477110741,0.12380842956722347,0.12511710057761719,0.12386200913979001,0.1282727309882726,0.12458860406157772,0.12520124761321685
2024-04-04,0.12389718000627732,0.12336887507064738,0.12333818227708132,0.12482367964644928,0.12383818629097071,0.12833714337624066,0.12626932649740327,0.12612742683493014
2024-04-05,0.12468265121731187,0.12431530008758929,0.12324678022395374,0.12471113386227775,0.12396989674007045,0.13000296279559861,0.1240057307760093,0.12506554429718902
2024-04-08,0.12431591867940615,0.12391690390487858,0.12348836654342797,0.12488853556894336,0.12486069401693786,0.1303549889241561,0.12355827342051225,0.12461631894173775
2024-04-09,0.12381063989952773,0.12372669166859421,0.12332839518654212,0.12422157092196072,0.12586392021422832,0.13038801694997335,0.12405724320018903,0.12460352195898454
2024-04-10,0.12483568426510828,0.12491294568076869,0.12229016127006943,0.12484272294995374,0.12288123464741339,0.13154045505054077,0.12359593647498013,0.12510085966116555
2024-04-11,0.12499636890452744,0.126119084607468,0.12235296982631713,0.1243998309466586,0.12253269694209024,0.13326357466875194,0.1222698559742451,0.12406561812994148
2024-04-12,0.12454226140514427,0.125388397469066,0.12141487330022763,0.12364962580122713,0.12232913820966976,0.132855345656918,0.12419097604305289,0.12562938211469435
2024-04-15,0.12405819775403512,0.12440485146804399,0.12068356512188594,0.12436025014747316,0.12130045636497194,0.13652665557661323,0.12333526949955727,0.1253307540674193
2024-04-16,0.12441199285792329,0.12499918334124446,0.12080298125690646,0.12370975387543762,0.12015411169873032,0.13733379605428223,0.12309051059986806,0.12549767031560746
2024-04-17,0.12408488450111158,0.12388256134285688,0.11992266194569902,0.12420042906970029,0.11966867891773544,0.1367729228543922,0.12486842651406109,0.12659943485444358
2024-04-18,0.12405328754486356,0.12339818799650455,0.12003973816318905,0.12408235555418703,0.11990015902072734,0.13748802276756075,0.12446350990635727,0.12657473904661037
2024-04-19,0.12319334233554115,0.12106418154745768,0.12044434569783392,0.12435625660816561,0.12069800063744417,0.1381685059321669,0.12513827601132096,0.1269370912300697
2024-04-22,0.12396673470630373,0.12192648457897705,0.12143759474494208,0.12544480712182407,0.12141379482439685,0.13436398921357734,0.12456484017109554,0.1268817546388833
2024-04-23,0.12447525229016121,0.12279642886342916,0.12252343112097834,0.12584000965968842,0.12158564543029486,0.13300512503463552,0.12365066736775977,0.1261234402330527
2024-04-24,0.12464310876476122,0.12343718834965316,0.12219674500490228,0.12582663718927733,0.12203461086702791,0.13299987738365074,0.12299960366081464,0.1258622287799128
2024-04-25,0.12460974020960569,0.12327639967542767,0.1218854770294473,0.12568759498381984,0.1217680796252313,0.13426726538391948,0.12256986575026324,0.12593557734228544
2024-04-26,0.12493123679196902,0.12432391173476846,0.12221139521584394,0.12582995995723337,0.12099688549904256,0.1337826358622049,0.12237071769517195,0.12555325724376562
2024-04-29,0.12475801051037337,0.12421569507766056,0.12259218640529763,0.12569387423246203,0.12163434997217751,0.1328552721644878,0.122791010553024,0.12545960108451715
2024-04-30,0.12463150313893076,0.1237096259851396,0.12191252702027772,0.12597356467344056,0.12137811321908375,0.13216819694866194,0.12357635060112891,0.1266501184133368
2024-05-01,0.125,0.125,0.125,0.125,0.125,0.125,0.125,0.125
2024-05-02,0.12499032349075732,0.1254125848129746,0.12610926819141455,0.12550245345406272,0.1255735356600835,0.12344979458569216,0.1243634386118768,0.12459860119313833
2024-05-03,0.12535575462948365,0.12673628295029035,0.1261667383175775,0.12556934425635102,0.1252305481911967,0.12219730015164164,0.12444665402910661,0.12429737747435259
2024-05-06,0.12571979371282188,0.12718316308706504,0.12685878036668966,0.1254996988888633,0.12441751334607894,0.12257540130173608,0.12401361332881053,0.12373203596793454
2024-05-07,0.12558179859126145,0.12692369776039217,0.12686457052314665,0.12555466461086076,0.12531868102777569,0.12174322535151814,0.12449549701972548,0.12351786511531965
2024-05-08,0.12602479348860007,0.12728391010860318,0.12656072664662704,0.12584309366034127,0.12469227953618571,0.12180161090205435,0.12416544371194028,0.12362814194564811
2024-05-09,0.12567741291012244,0.12648121043463428,0.12676970770151175,0.1257337155650049,0.12617122010474904,0.12267559694811712,0.12371438355274796,0.12277675278311259
2024-05-10,0.1259275469881415,0.12686836273755603,0.12590341253535922,0.12605723138589414,0.12591027293201015,0.12375751698949207,0.12310450566788642,0.12247115076366047
2024-05-13,0.12594966853022332,0.12716635560614958,0.12617362029914586,0.12606243295841374,0.12632563027303628,0.12237622190519677,0.12342376306925176,0.1225223073585827
2024-05-14,0.12568477876680995,0.12713184266132033,0.12663097108821303,0.126157967247057,0.1264499515847158,0.12258976929120464,0.12329373312869144,0.12206098623198777
2024-05-15,0.12566313185961672,0.12751767078147438,0.12662033394021105,0.1259172363511707,0.1266104017573072,0.12262383831528934,0.12342646372488934,0.12162092327004123
2024-05-16,0.125780321818148,0.12763994115017377,0.12608408563992327,0.1256151720981475,0.12690010744234792,0.12251240495330429,0.12367533561144074,0.1217926312865146
2024-05-17,0.1257685097669498,0.12738274698994478,0.12598212211982265,0.12585475723733555,0.12669114458565486,0.12434317212028527,0.1226541146887896,0.12132343249121748
2024-05-20,0.12582043239055615,0.12817618896515365,0.12616735243309798,0.12585420357148946,0.12585188072856407,0.12475129581192912,0.12220139768663418,0.12117724841257543
2024-05-21,0.12602264167936714,0.12831865830377168,0.12594007668258292,0.12554798397379258,0.12570106925108265,0.1244629322498956,0.12272815594039352,0.12127848191911396
2024-05-22,0.12642973236825533,0.12907939055880527,0.12564131203053652,0.1251248732887276,0.12533191855370976,0.12292466021924314,0.12362842627363849,0.12183968670708376
2024-05-23,0.12686123150307152,0.12988605351340823,0.12491371277123021,0.12583396061422888,0.12395733384453599,0.12177362469430998,0.12415914236471357,0.12261494069450159
2024-05-24,0.1270161544260854,0.13041152243477877,0.12561998390190163,0.12618703958867528,0.12338334222634312,0.1212331999117524,0.12385957042686223,0.12228918708360129
2024-05-28,0.1273192017493756,0.13112486057461528,0.12566026052336207,0.1263529890310494,0.12277606517847862,0.12271428042990498,0.12228979071527427,0.12176255179793988
2024-05-29,0.1277220849946425,0.1315337320011301,0.12507197953300453,0.1256300394610237,0.12282816934264278,0.12281731442752633,0.12204681605315887,0.1223498641868711
2024-05-30,0.1263754617921523,0.12961239756254045,0.12576306386330366,0.12618700663342808,0.12413745011469057,0.12256594515593432,0.12274142834544594,0.12261724653250462
2024-05-31,0.12674585668019228,0.1285793760992917,0.1260468402845028,0.12661552510194826,0.12568781280508443,0.12110134550545944,0.12281836089062032,0.12240488263290064
2024-06-03,0.125,0.125,0.125,0.125,0.125,0.125,0.125,0.125
2024-06-04,0.12507641361083355,0.12527863532367406,0.12332473351289362,0.12478325630277862,0.12589950076822248,0.12381517876240265,0.12639616297841397,0.12542611874078102
2024-06-05,0.1253797724166514,0.12660943314098216,0.12404095579649929,0.12448328277475063,0.12457346881967243,0.12411062165750796,0.1261333371307013,0.12466912826323497
2024-06-06,0.12533024606789533,0.12651811977556338,0.12310544386439873,0.12486200324626037,0.12476498866342059,0.12498094497705181,0.12589678728654888,0.12454146611886097
2024-06-07,0.12671462908143305,0.12795799653878756,0.12315382806535705,0.1250256875235919,0.12510534025541548,0.1220007922514299,0.125104358474237,0.12493736780974812
2024-06-10,0.12689195998260513,0.12825833732891045,0.12336790556337328,0.12472281935783965,0.12531603172599798,0.12291181574762254,0.1240608776035375,0.12447025269011339
2024-06-11,0.12706210244085622,0.1290010255534086,0.12281542546139831,0.12317427208672987,0.1247314154895011,0.12313168980280077,0.12521049368007817,0.12487357548522701
2024-06-12,0.12693526742580566,0.12949661247273483,0.12356144879724451,0.12348732524475477,0.12469457068397859,0.12233148154003035,0.12499879449682373,0.12449449933862755
2024-06-13,0.12718445377313564,0.1301919713505459,0.12247568678910449,0.1217179771351714,0.125194894256077,0.12132835623224955,0.12682977973332452,0.1250768807303914
2024-06-14,0.12723979462259236,0.13084387095856465,0.12050794270300706,0.12035157600422766,0.12514341850888064,0.12287942062202796,0.1278749542862568,0.1251590222944428
2024-06-17,0.1281090558072404,0.13229853583505644,0.12138469970285376,0.12069580442446794,0.12451235775911786,0.12210475276869905,0.12646362127981683,0.12443117242274773
2024-06-18,0.12795160304690423,0.13184183526159,0.12113947796940919,0.12071899884869365,0.12453342714150471,0.12213309419168188,0.1271440755106095,0.12453748802960683
2024-06-20,0.1278457694627191,0.13107347676755607,0.12085511022630595,0.12102480624498536,0.12441289617944573,0.12389213690250732,0.12653655188583995,0.12435925233064042
2024-06-21,0.12801638332015203,0.13107246451404786,0.12145162492813874,0.12049876721266778,0.12505891365374636,0.122299363676578,0.1268754939595581,0.12472698873511116
2024-06-24,0.12738756612392466,0.12936426302428036,0.12177572154028665,0.12125476403880638,0.12581690828509728,0.1225787328971453,0.12717626584380318,0.12464577824665612
2024-06-25,0.12789362610938412,0.13085949913554715,0.1213910161719527,0.12156273562823519,0.1242856536261505,0.12198526079585854,0.12740740713309587,0.12461480139977582
2024-06-26,0.12867062637864923,0.13176195446917924,0.12165392842370368,0.12124929087651001,0.12449638525210432,0.12144224770094071,0.12619277733367873,0.12453278956523392
2024-06-27,0.12820654312491828,0.1314184336963816,0.12225257174282282,0.12071438874906912,0.12505613344033906,0.1221834326243483,0.1260383903594887,0.12413010626263209
2024-06-28,0.12804466525258126,0.13108702005160305,0.12308413170098526,0.12117752333495188,0.1263921570450018,0.12252265760069876,0.12402526980769406,0.12366657520648398
2024-07-01,0.125,0.125,0.125,0.125,0.125,0.125,0.125,0.125
2024-07-02,0.12518508219125432,0.1256539015941544,0.12477474995561501,0.12464938905071614,0.12493280158552425,0.12434250775698114,0.12531640974853364,0.12514515811722107
2024-07-03,0.12488768980154953,0.125838859405582,0.12389455329031744,0.12521721336795208,0.12396315856885516,0.12488812542872837,0.12609778277645775,0.12521261736055772
2024-07-05,0.12485873510806042,0.12639266843369115,0.12256988603133674,0.12529964468268173,0.12356415767329162,0.12581762340564312,0.12638350202093077,0.1251137826443645
2024-07-08,0.12503032900777974,0.12672116053355445,0.12345745177968916,0.12470130396546415,0.12399095751852544,0.12428457743286629,0.12668446854681917,0.1251297512153016
2024-07-09,0.1253295184003727,0.12701067804861024,0.12309475553475474,0.12437677861264405,0.12413726602500294,0.1246719773243605,0.1263035002657224,0.12507552578853237
2024-07-10,0.12561539052781576,0.12736737569378662,0.12336168814740461,0.12518090838163107,0.12411327080918563,0.12418492854535021,0.12574487548099605,0.12443156241382994
2024-07-11,0.12347461051004384,0.1235161530829565,0.1267104222478257,0.1244723784423941,0.12658845213397102,0.12531371366546537,0.12588811749479337,0.12403615242255008
2024-07-12,0.12348918880492503,0.1234776387524724,0.1274015159874622,0.1250248105089578,0.12676648788570258,0.12446486400350626,0.12564890975094553,0.12372658430602809
2024-07-15,0.12369013488905858,0.12367087727396947,0.1296769697197832,0.12378258034585458,0.12747873674428367,0.12472667844109735,0.12406522796627631,0.12290879461967692
2024-07-16,0.12291003438632297,0.12221324684072657,0.1324699534473314,0.12286658615876306,0.12747258583993593,0.1256644819056096,0.12428494615628824,0.12211816526502217
2024-07-17,0.12203804767538047,0.11945902383273362,0.132004764465431,0.12307489092205609,0.12924662441062593,0.12595967602491118,0.12518461668052547,0.12303235598833631
2024-07-18,0.12216342358596743,0.11993752858036173,0.13058732750645854,0.12292647905050036,0.12923356491694046,0.12625472911055724,0.1253183469329682,0.12357860031624593
2024-07-19,0.12220530518349605,0.11971017256109151,0.13083563058832492,0.1230326615890024,0.12990803006728507,0.12486168394913112,0.12545674536502396,0.12398977069664494
2024-07-22,0.12256113762096839,0.12060391177009527,0.13194394601256132,0.12342167914334236,0.13029293963732838,0.12398647228815592,0.12417623186077302,0.12301368166677522
2024-07-23,0.12234899555005622,0.12015929865029476,0.13332385616531892,0.12271070897614174,0.1301701379343021,0.12440228948551893,0.12398185417696791,0.12290285906139936
2024-07-24,0.12151298787049569,0.1177255208789642,0.13257434698261736,0.12312231837049534,0.13033057103997786,0.1259741689979023,0.12462816277332138,0.12413192308622573
2024-07-25,0.12111454624382817,0.11665328684145955,0.1344901938731408,0.12257967249008225,0.13015480460488135,0.12424406236010263,0.1258934124243812,0.12487002116212402
2024-07-26,0.12106617819086683,0.11649790619427436,0.13514754533553458,0.12271900668424407,0.13091270735517738,0.12411278005868254,0.12542045889386394,0.12412341728735625
2024-07-29,0.12117388919576294,0.11676710202615621,0.133687005769602,0.12221495334814432,0.1316246804239043,0.12397574947170734,0.12613285751473002,0.12442376224999294
2024-07-30,0.12038932241005164,0.1150007287608259,0.13400352855322945,0.1223198384342776,0.1324603507889449,0.1250364769871114,0.12643934823914318,0.12435040582641595
2024-07-31,0.12093420595731076,0.117037561394951,0.13322473416401953,0.12261709494976483,0.1304698483001001,0.12583182153620318,0.12625856715210168,0.12362616654554896
2024-08-01,0.125,0.125,0.125,0.125,0.125,0.125,0.125,0.125
2024-08-02,0.12352138028069787,0.122877399424298,0.12141318326907484,0.12388582039288787,0.12579587170773704,0.12562506362086048,0.12978692237944237,0.12709435892500154
2024-08-05,0.12220880976423869,0.12148495780034634,0.11974669205382302,0.12349169662696033,0.12452673201266565,0.12639371249656697,0.13295947334729993,0.1291879258980991
2024-08-06,0.12315904626578274,0.12247026473125,0.12087635560566863,0.12352781252035816,0.12680297038496452,0.12520306118075358,0.12979934705896484,0.12816114225225766
2024-08-07,0.12300551716578881,0.12180711116356431,0.12009909789284079,0.12479665853116563,0.12662278688365525,0.12580289127483224,0.12959111747217186,0.1282748196159811
2024-08-08,0.12410465912579555,0.12379325608152068,0.12131343709052266,0.12512849068272067,0.12609140081436973,0.12600533852786247,0.12700867844350183,0.1265547392337065
2024-08-09,0.12412764626428559,0.12391632413712804,0.12055209561153377,0.12508712372929626,0.12614267388359687,0.12578341853544245,0.12772170009696182,0.1266690177417551
2024-08-12,0.12405742726902438,0.12404779467377526,0.11933579765181775,0.12483772246934019,0.12507832685686715,0.1278004541282076,0.1280462934128403,0.12679618353812727
2024-08-13,0.12461416021475646,0.12563021464774973,0.1198743454915305,0.12549145401216683,0.12468682989979649,0.12610341144622997,0.12741747000394674,0.1261821142838232
2024-08-14,0.1249060951564451,0.1255692302613596,0.11903434772958348,0.1258522626920844,0.12491369393595864,0.12497369624636757,0.12811269787622906,0.1266379761019722
2024-08-15,0.12593794356659102,0.1276176396588806,0.12105531166613201,0.12627096637380786,0.12372846032853634,0.12427157440677458,0.12596944292473197,0.12514866107454564
2024-08-16,0.125593624943762,0.12714729068581865,0.120772398551043,0.12633602646160277,0.1230468254920755,0.1264229230050751,0.1257829141391327,0.12489799672149017
2024-08-19,0.12584075466080774,0.1278485221400326,0.12132981007145577,0.12691537791301663,0.12313745711221147,0.12526643698482734,0.12541329373673699,0.12424834738091141
2024-08-20,0.12571693753039787,0.1276623059067977,0.11999185225959924,0.12660657108541246,0.12306952523614723,0.1258070580998628,0.12649394028676078,0.1246518095950219
2024-08-21,0.12557067602387492,0.12766979017005498,0.12099734389600747,0.12719223185453635,0.12315797700357768,0.12506333167280073,0.12599065785247976,0.12435799152666813
2024-08-22,0.12555472193093117,0.12662344688106866,0.12086370143737743,0.12743003732341068,0.12447885554148932,0.1245273584092051,0.12571083674936986,0.12481104172714773
2024-08-23,0.12506066987068046,0.12615266736166647,0.12292657134717748,0.12789506057536368,0.1253841569015026,0.12415124585365914,0.12471088174296636,0.1237187463469838
2024-08-26,0.12503555588375267,0.12520129582265244,0.12323466420249471,0.12760230707488604,0.1256054978400869,0.12481974333649637,0.12466621238591918,0.12383472345371177
2024-08-27,0.1251589368186809,0.1255268571922458,0.12223157529576983,0.12814095222178337,0.1257425988735743,0.12510929945240587,0.12440227222961521,0.12368750791592477
2024-08-28,0.12508310099629724,0.12475148641546852,0.12203948780171417,0.12836013349572112,0.12590728408039994,0.12487988269771413,0.12489970750581088,0.12407891700687403
2024-08-29,0.12499157474546328,0.12446655207077058,0.12280919104713814,0.12873635987747642,0.12541782732780474,0.12542340065433608,0.12438896882898276,0.12376612544802794
2024-08-30,0.12590289680026767,0.12566878968030903,0.1232460880498777,0.12865037277331817,0.12634630437536076,0.12425148236234067,0.12278768295212757,0.12314638300639859
2024-09-03,0.125,0.125,0.125,0.125,0.125,0.125,0.125,0.125
2024-09-04,0.12456033146743332,0.12449148099610645,0.12460518397398689,0.12426562837144395,0.12517024787610356,0.12489169852518246,0.1264246956719486,0.12559073311779476
2024-09-05,0.12410968022813712,0.12445957681658591,0.12383767097338422,0.1241484373769742,0.12461500204428545,0.12578263305052784,0.1269886255807844,0.12605837392932082
2024-09-06,0.12340689745615607,0.12250146616816653,0.12286269384494208,0.12319658522790355,0.12591108958734906,0.12626965299050422,0.1284181201381069,0.12743349458687156
2024-09-09,0.12388300722053,0.12317640122216751,0.12231140145100243,0.12352864574279969,0.126392830660981,0.12588057146583698,0.12803684193144282,0.12679030030523958
2024-09-10,0.12385351829193984,0.12374615067685907,0.12165266077426423,0.1223533975288405,0.1276362251495669,0.12585665359546663,0.12834348485155547,0.12655790913150736
2024-09-11,0.12455722930318074,0.12586055157312365,0.12145612118801016,0.12252803884156686,0.12681010809272683,0.12508717320370535,0.12766045373216553,0.12604032406552088
2024-09-12,0.12474597498944799,0.1262253690320757,0.12217727265676509,0.12268416449169926,0.12647261138449864,0.1264126877718189,0.12619367093138503,0.12508824874230934
2024-09-13,0.12442397732355283,0.12580651968323533,0.12421923422465067,0.12201607346329975,0.12680197865219311,0.1266785539853295,0.1255516114267393,0.12450205124099958
2024-09-16,0.1242132156869143,0.1248541291003931,0.12427134753724363,0.12261434022305334,0.12682334786592153,0.1262668683834856,0.12630080134538946,0.12465594985759909
2024-09-17,0.12447855616910711,0.12513581938513754,0.12551565489814193,0.1221386652033796,0.126156643569497,0.12578534674164416,0.12590709505193187,0.12488221898116077
2024-09-18,0.12466754626554047,0.12515438943987442,0.1261031403652197,0.12229769966686516,0.12656933191805333,0.12537684746476555,0.12490560500646095,0.12492543987322048
2024-09-19,0.1252943228072565,0.12680019126124542,0.1271773376798349,0.12323852424517387,0.12509685793783482,0.12581841244495678,0.12301838929597195,0.12355596432772568
2024-09-20,0.12536566865878143,0.12685019339557385,0.12610417845202201,0.12230306096439826,0.12488676043927874,0.1277109658148573,0.12282951992307496,0.1239496523520133
2024-09-23,0.12546562197913264,0.12697054007225517,0.1254298796093571,0.12255558880801878,0.12591145074096546,0.12774157721705384,0.12236061134781277,0.1235647302254043
2024-09-24,0.12531654915148965,0.12706781842763773,0.12513279301413674,0.12278505669025669,0.12558079624674234,0.12900298772266333,0.12184182807634646,0.12327217067072699
2024-09-25,0.12568199444422154,0.12783849626104932,0.1242410142425766,0.12274670905334663,0.12538308877861262,0.1294860179974901,0.12144927715319367,0.12317340206950952
2024-09-26,0.12559833504628282,0.12820493988681794,0.12432699948070172,0.12487239870690199,0.12367413718373108,0.12954446638474337,0.12117340134961159,0.12260532196120942
2024-09-27,0.12548638116323596,0.12756384912418728,0.1252378205488097,0.124187540063299,0.12390101158144866,0.1285883449495363,0.12187175395464941,0.12316329861483359
2024-09-30,0.12601468510639957,0.12793563814162173,0.12558151271340243,0.12378342335487992,0.1249004430450564,0.12758550415716843,0.12131515509002341,0.12288363839144809
2024-10-01,0.125,0.125,0.125,0.125,0.125,0.125,0.125,0.125
2024-10-02,0.12529612420938743,0.1254202032167194,0.12507076925653907,0.12498671478011639,0.12480326121351912,0.12526872525193572,0.12418777260760501,0.1249664294641778
2024-10-03,0.1257621586144941,0.12602308558048467,0.12492205449076715,0.12451320201381992,0.12435190974385711,0.12587780820555514,0.12370161051156033,0.12484817083946154
2024-10-04,0.12664345312232722,0.12725966702797753,0.1264065169632925,0.12498329351654781,0.12349828733028909,0.12536761107930597,0.12192812489166745,0.12391304606859246
2024-10-07,0.12641684128840738,0.12681773963201232,0.12633211500493483,0.12519627703391936,0.12330326296646205,0.12585714958034924,0.1218948386223688,0.124181775871546
2024-10-08,0.12726234355489943,0.12835858467548278,0.1260724471434187,0.12465508737412004,0.12321280479942891,0.12458658814292158,0.12176548636558648,0.12408665794414196
2024-10-09,0.12805236482823384,0.1292762435005843,0.12626038823581412,0.12459652975651357,0.12325523860774161,0.1238196454598495,0.12098688779726827,0.12375270181399484
2024-10-10,0.12808663973418263,0.129390420252869,0.12581354587134258,0.12469604246530863,0.12240722847184381,0.1249809215432084,0.1207564837195684,0.12386871794167659
2024-10-11,0.12803345652192544,0.12876782143768165,0.12755507217012757,0.12453791679442403,0.1230037387390318,0.12554070053529212,0.11950321808019322,0.12305807572132423
2024-10-14,0.1285578539998029,0.12932252370515818,0.12797441035682544,0.1243952967257902,0.12324235641714273,0.12482856982779865,0.11910819696421618,0.12257079200326569
2024-10-15,0.12765142898535242,0.127686362857433,0.12817058001439802,0.12241921081783377,0.12481916558404706,0.12535229480435006,0.12064361537828601,0.12325734155829965
2024-10-16,0.12745556201460378,0.1269542599114155,0.12951646186211452,0.1220172984485957,0.1254513696908936,0.125241628890062,0.12044268301783227,0.12292073616448267
2024-10-17,0.1278888056721317,0.12746303797762784,0.12959018420690438,0.12243654544913017,0.12487355995639877,0.12640899696513794,0.11892722008938568,0.12241164968328351
2024-10-18,0.12785630030027456,0.12777442164952893,0.12879254458754447,0.12276041224425209,0.12528855456972082,0.1272293656979739,0.11852975246091654,0.12176864848978876
2024-10-21,0.12883632787028523,0.1292134072821196,0.12794815650512084,0.12243807359791094,0.12397957386580206,0.12838992955209255,0.11754466318706044,0.12164986813960829
2024-10-22,0.1286954472927316,0.12928145409387945,0.12739250417994508,0.12167398313657984,0.1240912606990766,0.12970187817425857,0.11759315046326893,0.12157032196025988
2024-10-23,0.12840921344812783,0.12818855335875054,0.12711020008554133,0.121290220301241,0.12587067983085418,0.12903293670017596,0.11809294180135409,0.12200525447395506
2024-10-24,0.12808844230051383,0.12862701051942202,0.1267960508404689,0.12140779913173666,0.12555812050529339,0.12942091769394787,0.11829693643067195,0.12180472257794538
2024-10-25,0.12830305017432933,0.12967240379516998,0.1265723814726562,0.1212433761493289,0.12462733450073621,0.1299492766976327,0.11787086184238696,0.12176131536775975
2024-10-28,0.12825988709863823,0.12925015074991875,0.12819715910599813,0.12179714844502969,0.12459063720361802,0.1295103244331043,0.11714936649046917,0.12124532647322368
2024-10-29,0.12828342548713498,0.13030511200236608,0.12759921365469368,0.12118463567482991,0.12351831715891318,0.13073377973343156,0.11715975898235532,0.12121575730627536
2024-10-30,0.1280077813026317,0.12943402707470295,0.12753860353312302,0.12050507874115916,0.1241714954746466,0.13156916796692694,0.1176068059644649,0.12116703994234475
2024-10-31,0.12712938183706204,0.1278063870802748,0.1270490113709637,0.12132072722270242,0.12365747829792281,0.1312138173681822,0.119328809332444,0.12249438749044804
2024-11-01,0.125,0.125,0.125,0.125,0.125,0.125,0.125,0.125
2024-11-04,0.12417093429282935,0.12407647077634947,0.12506974871417814,0.12453307099629915,0.12580218792962894,0.12461642785386139,0.12637048349420643,0.12536067594264702
2024-11-05,0.12444078027828535,0.12442781516364455,0.12617361929007356,0.12453889720081344,0.12622351122910358,0.12367334500297497,0.12579671016178376,0.12472532167332073
2024-11-06,0.12743406641027846,0.12770644143283555,0.13337732893405813,0.12264105868524379,0.12343923726622168,0.11982034035651054,0.12225445886311438,0.12332706805173753
2024-11-07,0.12704943839781122,0.1283332786680889,0.13148724326446806,0.12317414672468407,0.12358761823128528,0.12044786374211443,0.12246547775735672,0.12345493321419143
2024-11-08,0.12722089466589262,0.12810174729579776,0.13206181796011904,0.12111018236626538,0.12505976443381153,0.1192772779802074,0.12365268905015726,0.12351562624774898
2024-11-11,0.12762300023864281,0.12830941412983654,0.13434296894799835,0.12140798547984083,0.12470814429049171,0.11673458565216045,0.1233224743072313,0.12355142695379803
2024-11-12,0.1286334591956274,0.12949343266225755,0.1334457918152554,0.12047160770998155,0.12434256212919602,0.11700671748790148,0.12281671476240232,0.12378971423737822
2024-11-13,0.12924683605338438,0.12988041836352646,0.1326907250615553,0.12027113137330314,0.12556504330662643,0.11632295719950543,0.12217240090440787,0.12385048773769103
2024-11-14,0.12893566970732237,0.1294999541056703,0.13143161777560122,0.12100818054699033,0.12494061873935668,0.11648916684868386,0.12337735158951131,0.1243174406868638
2024-11-15,0.12825190356855487,0.12737561567417466,0.13045530831528868,0.12148714561712906,0.1259576654811519,0.11716682478015907,0.12398501803773147,0.12532051852581025
2024-11-18,0.12801923180852678,0.12750543552427057,0.12994268420494579,0.12142956382790886,0.12612383989444165,0.11869242509312022,0.12347400061086121,0.12481281903592503
2024-11-19,0.1278829458504261,0.12777887544545016,0.13029199568414607,0.12070264782567905,0.12614186908494787,0.11919264089587754,0.12351976318522889,0.12448926202824426
2024-11-20,0.12797348007115242,0.1277524000082926,0.13050960886671148,0.12041978134362395,0.12602893822055528,0.1199081688682498,0.12317029736748286,0.12423732525393162
2024-11-21,0.12803979396571688,0.12759345631496147,0.1318541421971608,0.11986991078024535,0.12634685526351191,0.12032487415679757,0.12248119875143267,0.12348976857017334
2024-11-22,0.12764681289106958,0.12701220006609198,0.13346357836610376,0.11959534873100924,0.126516375563142,0.12112664281369756,0.12179537054748384,0.12284367102140212
2024-11-25,0.12729620889436993,0.1264347945981115,0.1346636317170573,0.11947663951947353,0.12749309397534525,0.11683913677873832,0.12418390664813553,0.12361258786876865
2024-11-26,0.12801160646569662,0.12716404958314728,0.13372779065864898,0.11883411632836674,0.12805342543363046,0.11711203424789939,0.12375084566298189,0.12334613161962868
2024-11-27,0.12739057170219167,0.12593236295492602,0.13366655999492216,0.11925976632454625,0.12864144094303986,0.11715792485976563,0.12438066162204407,0.12357071159856428
2024-11-29,0.12735608324973977,0.12622039212073205,0.1333124220645725,0.12007268903411546,0.12724224932697709,0.11740699302007133,0.12485478557461568,0.12353438560917605
2024-12-02,0.125,0.125,0.125,0.125,0.125,0.125,0.125,0.125
2024-12-03,0.12526339043310677,0.12558921680449245,0.12431450818571757,0.12591678747976037,0.12457105309353278,0.12545732344873978,0.12412492425880413,0.1247627962958461
2024-12-04,0.12543286368770765,0.1265282008937615,0.1241577336401799,0.12540342786474531,0.12363490708460724,0.12523053648777496,0.1248531984283803,0.12475913191284312
2024-12-05,0.12552720899308203,0.126480616329153,0.12300416925926334,0.12631975962526573,0.12363486736498797,0.1246026870646814,0.12540588689730942,0.12502480446625702
2024-12-06,0.12549812908694702,0.12734161810613676,0.12318117338010989,0.12603577991205472,0.12319194792414315,0.12438416791561534,0.12532547770269412,0.12504170597229905
2024-12-09,0.12513026538045213,0.12663168398265487,0.12283582835350357,0.12623796852148972,0.12381532895716255,0.12589815313811722,0.12444722302886983,0.12500354863775015
2024-12-10,0.1251672867674833,0.126631234991263,0.12272136596533337,0.1255295608981608,0.12243711277665524,0.12799120140413983,0.1242848126702485,0.12523742452671602
2024-12-11,0.1256323679952496,0.12838468657491756,0.12278499064610107,0.1258176491472363,0.12166535208296311,0.12869664234244338,0.12261928407652022,0.12439902713456877
2024-12-12,0.126049742655284,0.12864275145138637,0.12222169238878579,0.12577654971372954,0.12250657573704385,0.1278897316019514,0.122161647592975,0.12475130885884406
2024-12-13,0.12653971221632948,0.13015714983794763,0.12187922657561806,0.1259393104785633,0.1226543120566432,0.12685964736367444,0.12140840583294511,0.12456223563827878
2024-12-16,0.12668539835905154,0.13162146215032614,0.1222149377676387,0.12513444518860156,0.1218434817882284,0.12677113261033532,0.12139382690528477,0.1243353152305335
2024-12-17,0.12660215890127374,0.13149751359765002,0.12123589083857941,0.12537048362784875,0.12167885080547355,0.126723635472864,0.12211236913623373,0.1247790976200767
2024-12-18,0.1263004301733268,0.13033587326971982,0.11914321359839711,0.1257512611485278,0.11995551652842285,0.12780525020838124,0.12399349678066174,0.12671495829256255
2024-12-19,0.12699622546551798,0.13051036764195767,0.11930461263428253,0.126081074684309,0.11878745314626793,0.12873150227159766,0.1228265274373066,0.12676223671876066
2024-12-20,0.12750477762426676,0.1306084775419583,0.1194697184208272,0.12473477682782183,0.11983301370696275,0.12904559234555416,0.12254862836433629,0.12625501516827267
2024-12-23,0.1281470501858138,0.13175625213564104,0.11908247042516931,0.1254299226990386,0.12018789520053896,0.1283165133179281,0.12130977932412472,0.12577011671174546
2024-12-24,0.1287116241689617,0.1326567088213468,0.11935013561041978,0.12504267049612913,0.12018345321619554,0.1277189630670886,0.12101437135608972,0.12532207326376865
2024-12-26,0.12833922441501497,0.13217423928415153,0.12021675080191363,0.12526422742564192,0.12014940700332705,0.12820066253825083,0.12058756606960525,0.12506792246209492
2024-12-27,0.12809529762683156,0.13155418488698284,0.11949694675258013,0.1261739144839852,0.11998013092101176,0.1284298047019896,0.12064154702002891,0.12562817360658982
2024-12-30,0.12719985657044636,0.13038504036938034,0.1191084068320515,0.12590556371342904,0.11991920311470684,0.1285926706741461,0.12215498652488535,0.12673427220095446
2024-12-31,0.12680625447151792,0.1293479922099816,0.11932462226519011,0.1259742699207039,0.12103083430612913,0.12946488063155057,0.1215673730501858,0.12648377314474094
2025-01-02,0.125,0.125,0.125,0.125,0.125,0.125,0.125,0.125
2025-01-03,0.1258102268920474,0.12629006642148688,0.1261052003671993,0.12480078806837566,0.1258891345300418,0.1232794287509875,0.12385930866143953,0.12396584630842183
2025-01-06,0.12643681846033358,0.12764243183225085,0.12605790813432982,0.12589036927050945,0.12417424994512025,0.12303202626934376,0.12321026624153765,0.12355592984657476
2025-01-07,0.12592219845254263,0.12628197992018897,0.12596222211205324,0.12671186711712332,0.12389287865137197,0.12463037054374959,0.12271209322404861,0.12388638997892172
2025-01-08,0.12600787641589517,0.12620559963123398,0.1252932715198821,0.12641407191003387,0.12412186749777941,0.12519519986440994,0.12277342792810841,0.12398868523265716
2025-01-10,0.12558402283006218,0.12572824606104735,0.12401671115357661,0.12599504218512333,0.1225565824297801,0.1279197156901949,0.12343426537976905,0.12476541427044648
2025-01-13,0.125840252866667,0.1253854680813846,0.12431770679088125,0.12570398759469006,0.12412146524714364,0.12670869441308524,0.12345130353230951,0.12447112147383874
2025-01-14,0.1255540834309212,0.12480983321330615,0.1252728545825065,0.1256976045673168,0.12479722167888985,0.12690957846145812,0.12279976706096099,0.12415905700464047
2025-01-15,0.12601171745661133,0.12585727290696724,0.12591112100560242,0.12548538279627103,0.12371826985688077,0.1260334820170127,0.1231317848524935,0.12385096910816096
2025-01-16,0.12528743992247293,0.12449664363956217,0.1256805833568138,0.1256453328767023,0.1257962904930872,0.1264182076930312,0.12305580111705769,0.12361970090127276
2025-01-17,0.12604457831272411,0.12609698015263526,0.125724145154461,0.12565545950273946,0.12521469515422293,0.12524966860265552,0.1227800926976492,0.12323438042291236
2025-01-21,0.12557283430568922,0.12521568216945383,0.12650122103636993,0.1265539782387554,0.12593107704802947,0.1255638361776505,0.12229541654366943,0.12236595448038215
2025-01-22,0.1264537864172095,0.12699244182884697,0.12584964421547462,0.12643817198918472,0.12391017489550357,0.1263836145186959,0.12182453639838627,0.1221476297366984
2025-01-23,0.12686694399247825,0.12698512224463013,0.12614750728189583,0.12719585799468305,0.12454951401414914,0.1259298091188594,0.12061453535982108,0.12171070999348302
2025-01-24,0.12633721023932384,0.1261084498586242,0.12563698468089685,0.1277450464547998,0.12481918076304688,0.12655329463260104,0.1210036519676548,0.12179618140305264
2025-01-27,0.12505575103512973,0.12293391686940518,0.12493900441865366,0.1282636574016821,0.12699763713271475,0.12574495929175475,0.12292964056850161,0.12313543328215829
2025-01-28,0.12585747397648284,0.12448102542028093,0.12480639429428282,0.12782469883187456,0.12519269852529788,0.12655913738988375,0.12258036884720046,0.12269820271469674
2025-01-29,0.12575231505434756,0.12470248325092526,0.12497637990256552,0.12827680212652567,0.12399096685213773,0.1265350003270376,0.12277836912424032,0.12298768336222034
2025-01-30,0.12540939913698265,0.12422575655536433,0.12523058272673748,0.1286432272132879,0.12455742500842051,0.12741730478815771,0.1222465686219523,0.12226973594909703
2025-01-31,0.12529323489343372,0.12459342169823516,0.12465567219715196,0.1280002178918396,0.12483213259342425,0.12823331430488677,0.1219806413078322,0.12241136511319625
2025-02-03,0.125,0.125,0.125,0.125,0.125,0.125,0.125,0.125
2025-02-04,0.12490025219756035,0.1255909159923539,0.12578627371386245,0.1255097217430672,0.12416407712498696,0.1252898444811908,0.12444799774432522,0.12431091700265316
2025-02-05,0.1242745891359918,0.1250219868243948,0.12600752562324236,0.12558560359514273,0.12477125106009358,0.12492978956596924,0.12536064959550391,0.1240486045996616
2025-02-06,0.1245861699861116,0.12555327234513028,0.12547436189293165,0.12606046272392643,0.12496348399888302,0.124478461582214,0.1251839590288048,0.12369982844199809
2025-02-07,0.12430375710666283,0.12483128555435571,0.1248821369676696,0.12573628283412763,0.12542140359909149,0.12556726631627238,0.12524034415175656,0.12401752347006376
2025-02-10,0.1244634409153956,0.12565131687104447,0.12475961342532203,0.12589677402017277,0.1246809413695155,0.126995713863457,0.12417858396783016,0.1233736155672624
2025-02-11,0.12472307445584728,0.12551822333565377,0.1241984833870372,0.1266612108004316,0.1253913326912984,0.1266995727697969,0.12354674749091435,0.1232613550690204
2025-02-12,0.12486686782666684,0.12614310190144498,0.12359394334547434,0.12769100339425202,0.12477791941923998,0.12738887686156908,0.12240504289919378,0.1231332443521589
2025-02-13,0.124742128574799,0.12649442513080808,0.12355739253964816,0.1277611594724259,0.1245825518942077,0.12717409572407695,0.12301665073714801,0.12267159592688613
2025-02-14,0.12482451103437806,0.12711569670542616,0.1235521467606273,0.1280393842094047,0.12410214297249328,0.12537171163294944,0.12375642687403027,0.12323797981069085
2025-02-18,0.12482567587872283,0.12703211273924922,0.12386763368525276,0.12858511626945193,0.12429369097706873,0.12707609515497373,0.12194193670336834,0.12237773859191248
2025-02-19,0.12524927081238055,0.12719909501732649,0.12357029120177046,0.12739247157419656,0.12451710221556064,0.12727824238836485,0.12222069233715796,0.12257283445324252
2025-02-20,0.12475793950123841,0.12668939331605478,0.12241524662117675,0.1280157477292601,0.12514175293513952,0.12737439349155946,0.12270721145234477,0.12289831495322616
2025-02-21,0.12367746047617016,0.12512575171843354,0.11991030317025662,0.12831293204192024,0.12497575729436455,0.12835009771509806,0.12525697096171085,0.12439072662204592
2025-02-24,0.12325145755665455,0.12378611113787558,0.11917818741519398,0.12837672877223782,0.12560612578277733,0.12919036641332732,0.1257599702675728,0.12485105265436064
2025-02-25,0.12245434620454478,0.12204292207543875,0.1185479540785864,0.12934796151938,0.12695794045001438,0.1272951014792263,0.12773685002078455,0.12561692417202489
2025-02-26,0.12234982689828314,0.12217163742192062,0.11853535864927234,0.1293451296824919,0.12625462514064717,0.12731629745913878,0.1283169113515924,0.1257102133966537
2025-02-27,0.12179582102850024,0.1201589269820834,0.11808354892834177,0.12937018709350542,0.1282312100494794,0.126832809506764,0.12889037705726283,0.126637119354063
2025-02-28,0.12274450162517461,0.12111703122435917,0.11842155412950554,0.12864258549662025,0.12832390230788535,0.12506806959026806,0.12946717606691216,0.12621517955927494
2025-03-03,0.125,0.125,0.125,0.125,0.125,0.125,0.125,0.125
2025-03-04,0.12421689940814826,0.1253255214982661,0.12428393995800252,0.12567437507047058,0.12425250151792785,0.12679820964437014,0.1241568108814252,0.1252917420213894
2025-03-05,0.12462203529102212,0.12601889001696912,0.12458849633442354,0.12772368740194096,0.12470766512180818,0.12612097109256487,0.12225322170566184,0.12396503303560938
2025-03-06,0.12408933564652837,0.12423364697970715,0.1243652991215992,0.12814191257927374,0.12317408566477465,0.1272017479516619,0.12352067921161608,0.12527329284483882
2025-03-07,0.12434213490916539,0.12470320848442479,0.12432854458323939,0.12901674149973436,0.12347188635785039,0.12681662304731245,0.12268762500346757,0.12463323611480576
2025-03-10,0.12286169208868081,0.12168407135430175,0.12303554389248322,0.12788215048054108,0.12413329679097994,0.12760845845471055,0.1258433674238539,0.12695141951444863
2025-03-11,0.12226106650939038,0.12181238219544556,0.12344807590138403,0.1278878738969841,0.12310578603301821,0.12955078575513568,0.12537641524707463,0.12655761446156738
2025-03-12,0.12263824866478466,0.12291431139466931,0.1233900408058928,0.128521631127858,0.12245353991836294,0.12982640685068456,0.12435208191512478,0.12590373932262294
2025-03-13,0.12163129751939622,0.12132932501633857,0.12218003116265361,0.1283298586143036,0.12065936404681286,0.1328172252380446,0.12609620576493744,0.1269566926375131
2025-03-14,0.12261115240752007,0.12272793152782514,0.12358952956471027,0.1290739202370539,0.12155592503523369,0.13123004834951993,0.12388012375482549,0.12533136912331141
2025-03-17,0.12252615959861256,0.12249345657324869,0.12410519323619491,0.1294347606763371,0.12260088005320657,0.1308400813478688,0.12346007343544349,0.12453939507908796
2025-03-18,0.12159069310304972,0.12079155846903315,0.12342223967178959,0.12983469475448853,0.12235047247349382,0.132791913575805,0.12397916030718809,0.12523926764515206
2025-03-19,0.12202197874099838,0.12151865534178344,0.12443093434802,0.12927217763421217,0.12160806786632261,0.13236871637755676,0.12371619766184558,0.12506327202926107
2025-03-20,0.1220336722020013,0.12146961896046897,0.12401152377007688,0.12857505615567558,0.12189230649783661,0.13259530773907932,0.12416854217709035,0.12525397249777095
2025-03-21,0.12261898346288984,0.1224142082304366,0.12379374192044527,0.12835135322587732,0.12108181730649804,0.13211518707486022,0.12398474620868143,0.12563996257031138
2025-03-24,0.12389699464545524,0.12418049230723133,0.12594051927953948,0.12739220119163513,0.12204209063386205,0.1305596639932853,0.12181100017064796,0.12417703777834349
2025-03-25,0.12415442832192611,0.12484853063649229,0.12520032232694894,0.12805109351446178,0.12063349713963246,0.13109153558315115,0.12175785855101413,0.12426273392637328
2025-03-26,0.12361832544812733,0.12349638960728312,0.12488418183187079,0.12736641792590384,0.12203810834674687,0.1319934334848621,0.12189034677184234,0.1247127965833636
2025-03-27,0.12333921386552955,0.12284169713003434,0.12433850327796611,0.12769348731738273,0.12177503175346138,0.13381627269939364,0.12158345550050502,0.12461233845572722
2025-03-28,0.12159949117306185,0.12034396976830354,0.1225605060319016,0.12733697610906744,0.12236112737534911,0.13563815215230177,0.12402442769422702,0.12613534969578757
2025-03-31,0.12197107090526776,0.11990169115291462,0.12153043955528835,0.1257512190603479,0.12304459593424077,0.1370865461112603,0.12479397402805752,0.12592046325262266
2025-04-01,0.125,0.125,0.125,0.125,0.125,0.125,0.125,0.125
2025-04-02,0.12514180214945175,0.12526243193742603,0.12631821108557223,0.1246434942175694,0.12510990586667003,0.12460996689827192,0.12427325439481966,0.12464093345021905
2025-04-03,0.12240923994049015,0.12197916186860706,0.12162149799076853,0.12555304942422746,0.12432865814585756,0.12743302509540175,0.12844809459409962,0.12822727294054784
2025-04-04,0.11949365699128747,0.11862279781545003,0.1204819198115382,0.12159358758236069,0.12331958766050813,0.12904235667335687,0.13463582305283675,0.13281027041266175
2025-04-07,0.12129535701877156,0.12091731469718592,0.12140781211637719,0.12066397141653601,0.1221109095310838,0.12840234772794984,0.13278101778682178,0.1324212697052738
2025-04-08,0.12114585030914442,0.12048049613603173,0.1199424218679331,0.12201480198380929,0.12057644206934777,0.13099395212101028,0.13218413025459588,0.13266190525812746
2025-04-09,0.1260735578296019,0.1270844038531767,0.1225600166605526,0.12377715943329852,0.12032982438830267,0.12792985943480864,0.12521992619560743,0.12702525220465147
2025-04-10,0.12348234657382776,0.12463993020043905,0.12026711254435851,0.12428831174808955,0.12044410973918908,0.13424317902932975,0.12473070741263824,0.12790430275212814
2025-04-11,0.12394350292215106,0.1251767208067341,0.12032971685318658,0.12563607319825126,0.12022659845829216,0.1349091825221972,0.12367076900541656,0.126107436233771
2025-04-14,0.12412829093542824,0.1250004172301792,0.12075606668124557,0.12595574869429074,0.12171581750431716,0.13304863692345864,0.12354040598400322,0.1258546160470772
2025-04-15,0.12337857941491007,0.12473327764338114,0.12051223864187692,0.12667909040204114,0.12168998855825618,0.13331037038106913,0.1235753195175643,0.126121135440901
2025-04-16,0.12095915339738457,0.12129609786998963,0.11967683315533224,0.12652943313303566,0.12193036578120207,0.13801701669559654,0.12459761159196149,0.12699348837549768
2025-04-17,0.1208369954570706,0.12097916820336717,0.1203602233186887,0.12759028484877014,0.12345334486189716,0.13707666753109102,0.12319658910594203,0.12650672667317314
2025-04-21,0.11925165723351289,0.11927650969024108,0.1192370670149443,0.12828676558176696,0.122203075873843,0.1428637261071278,0.12236778955109978,0.1265134089474641
2025-04-22,0.12074670365818888,0.12079943396433455,0.12071614323885217,0.12922236419319608,0.12293762136302025,0.13898521259854835,0.12143399968937492,0.1251585212944847
2025-04-23,0.1219411911708853,0.12285731454128898,0.12183034075499646,0.1290245076758188,0.12248499080502584,0.1349040939392337,0.12193699106680014,0.1250205700459507
2025-04-24,0.12264835197111056,0.12442762268145496,0.12241411149868775,0.12878882354984808,0.12110025952183914,0.13482362704302617,0.12138139011913676,0.12441581361489676
2025-04-25,0.12319587723895623,0.12546984007414375,0.12211628008591585,0.1289877943630905,0.12056043910877184,0.13299632398788952,0.1219403249165597,0.12473312022467264
2025-04-28,0.12261983086927636,0.12479592010721301,0.12201218018639186,0.12919005691308028,0.12069540246450389,0.13420855149629868,0.12208820752719447,0.12438985043604148
2025-04-29,0.12299524568927182,0.12521598527960273,0.12233711086251424,0.12903295499889025,0.12095295855406288,0.13247393962002615,0.1227157405660349,0.12427606442959716
2025-04-30,0.1234179189601555,0.12558056660418437,0.12193909619106123,0.12927243806994917,0.1217477054531412,0.13188220465705533,0.1220924272596316,0.1240676428048216
2025-05-01,0.125,0.125,0.125,0.125,0.125,0.125,0.125,0.125
2025-05-02,0.12572160693723572,0.1257215767371538,0.1266690341888146,0.12625826362761325,0.12540640568194092,0.12409925044506243,0.12254170175587456,0.12358216062630481
2025-05-05,0.12495702638878796,0.12493208141529469,0.12565213408694004,0.12643406529823778,0.12508313546170094,0.12776118573889472,0.12181471026721125,0.12336566134293266
2025-05-06,0.12397144133084695,0.12382876475837801,0.12434056378475603,0.12633276925263423,0.12417783309828832,0.13140393284738086,0.12227768758934593,0.12366700733836963
2025-05-07,0.12450101837473118,0.12432315159988333,0.12475955264375037,0.12591577753461364,0.12432587645862708,0.12944235127284992,0.12280272868995884,0.12392954342558561
2025-05-08,0.1254871094243788,0.12572555138108968,0.12725591623695737,0.12559445569776237,0.12395361813984902,0.1270130833862366,0.121548420692805,0.12342184504092116
2025-05-09,0.1250741857033697,0.12538950489624942,0.12676544347935786,0.12595623974182413,0.12452743754934832,0.12767624404535247,0.12148446922147187,0.12312647536302623
2025-05-12,0.1279023242505273,0.12917963823073544,0.12989661236912703,0.125321995606844,0.12387780450791452,0.12282357278391089,0.1191382341671103,0.12185981808383048
2025-05-13,0.1284881756417153,0.1308847883887018,0.13010947859340866,0.12522926627752604,0.12205582022861428,0.12309872083545005,0.11841620420739708,0.12171754582718676
2025-05-14,0.12942962624841528,0.1324646699497326,0.1297348051325816,0.12537426140564187,0.12158554952111951,0.12123703878444327,0.11834101183598733,0.12183303712207859
2025-05-15,0.1288937063842567,0.13141923446090836,0.12940904629755978,0.12560473528833377,0.12269460062697148,0.12206623254474666,0.11830907925199585,0.12160336514522734
2025-05-16,0.12927811610131235,0.13155163238241227,0.13004390701808347,0.1254740406963067,0.12380786056033787,0.12018916752404708,0.11823016082936061,0.12142511488813956
2025-05-19,0.12914054619804072,0.13139391326122782,0.1292194219162304,0.12639474853068494,0.12356832224712036,0.12147485484693768,0.11763355055706007,0.12117464244269804
2025-05-20,0.12868137754783615,0.13093052704250213,0.12926237219118886,0.12697289685697202,0.12281940574526572,0.12371300190063211,0.11676332360058375,0.12085709511501931
2025-05-21,0.1283172587313657,0.1309523330186842,0.12742498473022695,0.1280269304891839,0.1212552265488067,0.12640318713168053,0.11640457572464091,0.12121550362541124
2025-05-22,0.12839730653277387,0.13122743304538523,0.12744789531645562,0.12798346327100923,0.1207279037187805,0.12531175678462167,0.11704135653747216,0.12186288479350176
2025-05-23,0.1274141813028133,0.12990337258753712,0.12694017316854658,0.12805090760097254,0.1207516554802971,0.12794970965833297,0.11713736244978903,0.12185263775171139
2025-05-27,0.12833551502858154,0.13119323607050218,0.12843232414128547,0.12818694618874696,0.1212271844847114,0.1241102729940701,0.11719445382191336,0.121320067270189
2025-05-28,0.12828070742174819,0.1313156956596359,0.12776301911962537,0.12739164765205194,0.12175673559122445,0.12449642028726143,0.11731755900177222,0.1216782152666805
2025-05-29,0.1281238956703891,0.13089631356223658,0.12748236791638135,0.127295459004497,0.12222447679340684,0.12458913224248812,0.11779359922349933,0.12159475558710175
2025-05-30,0.12812195083671393,0.13083424215334727,0.12697308380907008,0.12762288557748797,0.12235948664081672,0.12390643343339038,0.11810167066681089,0.12208024688236285
2025-06-02,0.125,0.125,0.125,0.125,0.125,0.125,0.125,0.125
2025-06-03,0.1255571173953869,0.12582111795877002,0.12686011672237582,0.12389940266381337,0.12459394688277747,0.12373961711041145,0.12462523031262715,0.12490345095383767
2025-06-04,0.12494940645788123,0.12559490972366888,0.12592352885161529,0.12388659966234623,0.12437153690424782,0.1239672255677933,0.1260691786609929,0.12523761417145426
2025-06-05,0.12466925326732754,0.12497407945272355,0.1263058820244787,0.12412583896308044,0.12459780117522026,0.12366231752781473,0.12648517569570142,0.12517965189365338
2025-06-06,0.12575314096353693,0.1259989869144303,0.12814699221803003,0.12437582969923068,0.1250016517630697,0.12181305260191216,0.12468108798645931,0.12422925785333083
2025-06-09,0.1255635053803527,0.1258807224571721,0.12871932637796946,0.12406263709060655,0.12486727922981357,0.12209324203129111,0.12451213776598519,0.1243011496668092
2025-06-10,0.12571586269738555,0.12615178666058657,0.12883965429649497,0.12367805404356774,0.12537764717340488,0.12158788519070296,0.12459874648059859,0.12405036345725867
2025-06-11,0.1254536548729481,0.12582333973836898,0.12840972838003736,0.12356646579868173,0.12479659574899257,0.12233990443620475,0.12507199981162762,0.12453831121313878
2025-06-12,0.1252570691841296,0.1254226781734972,0.12719289536711592,0.12382974723589446,0.12471275825893001,0.12317578574722861,0.12586899279055802,0.12454007324264622
2025-06-13,0.1249115883028518,0.1249028578350208,0.12593108238399456,0.12328173608985696,0.12455475466142484,0.12585229214246205,0.12571775196841067,0.12484793661597837
2025-06-16,0.12588748493998822,0.1264267724633832,0.12720102988641047,0.12353556786542444,0.1244416978932279,0.12384863537172672,0.12424104668230039,0.12441776489753864
2025-06-17,0.12526310597762008,0.12564671262097177,0.12631640894882395,0.12246141261131993,0.12444717792144018,0.12436030611178249,0.1262077809304004,0.12529709487764132
2025-06-18,0.125130392791692,0.12551112884260396,0.12686724055168808,0.12256114736835425,0.12476432441394719,0.12357812048098415,0.12631167613152094,0.12527596941920943
2025-06-20,0.1251411165019919,0.12530364644482395,0.12690987672540754,0.12176007576707758,0.12498525801037737,0.12382773332412512,0.1263860648817071,0.12568622834448961
2025-06-23,0.12537733196806355,0.1255905085669714,0.12744646009072044,0.1217062556406815,0.1258598660989048,0.12322434948554496,0.1257920602031333,0.12500316794598004
2025-06-24,0.12596763961626148,0.12671158056015908,0.12826210177798283,0.12241707461613617,0.12539995797607756,0.1205268931999867,0.1259109804485057,0.12480377180489045
2025-06-25,0.12659653345281868,0.127598211524079,0.1273285454416143,0.12228896143779812,0.12292436883340672,0.12142848649135228,0.1266279049186454,0.1252069879002855
2025-06-26,0.12676718154578212,0.12796374285301415,0.1285634684859424,0.12286308005880717,0.1220211391437793,0.12051466803173223,0.12644682253874817,0.12485989734219435
2025-06-27,0.12748255441030965,0.1284880923608695,0.12869162775198725,0.12405647122685559,0.12240740658819624,0.11840996865255325,0.12572609451777755,0.12473778449145098
2025-06-30,0.12734992519543517,0.1285710225349591,0.12813004643816414,0.12340672483189696,0.12248211337985018,0.11913477496810959,0.12622776728590168,0.12469762536568317
2025-07-01,0.125,0.125,0.125,0.125,0.125,0.125,0.125,0.125
2025-07-02,0.1251038279950794,0.1254067020011157,0.12626444369580633,0.1249020893387121,0.12483080671998177,0.12522765636515554,0.12374801552880146,0.12451645835534766
2025-07-03,0.12589527466315953,0.12644533791368806,0.12723888620494556,0.12473724341174723,0.12477679813076366,0.12418133761901078,0.12269646538220891,0.12402865667447628
2025-07-07,0.1259695795599049,0.12650966586661858,0.12634361288523088,0.12438538167735154,0.12471185438523343,0.12528126338901313,0.12251021291973564,0.12428842931691192
2025-07-08,0.12592737429811435,0.12660763452484303,0.12724468715738754,0.12532510457687557,0.12455673277255597,0.12399929003701424,0.12237980155741199,0.12395937507579739
2025-07-09,0.12584981843785803,0.12666581087046366,0.12777950980832253,0.12543649692943656,0.12383520611716341,0.12373502807520159,0.12284724168017538,0.12385088808137876
2025-07-10,0.12596460378347402,0.12624294064419875,0.12819214564413897,0.12511421040964,0.12437560030662402,0.12377445999410519,0.12269808695216157,0.1236379522656574
2025-07-11,0.12614411435572317,0.1265833485470397,0.1270511686171597,0.12453050340407383,0.1250061744560677,0.12558243778561662,0.12160546644595206,0.12349678638836718
2025-07-14,0.1261812872748994,0.12683787213985598,0.12769908663866303,0.12432997158554715,0.1256113138131969,0.12492190756053406,0.12115487013170953,0.1232636908555939
2025-07-15,0.1266407169704376,0.1279632163138939,0.12619388017691,0.12400793687132058,0.12474574399520517,0.12539154984347262,0.12126198670623008,0.12379496912253005
2025-07-16,0.12649492922241032,0.1275204087778345,0.12689165603565483,0.12395735521727276,0.12535889886260476,0.12545251700682142,0.1208891990683787,0.12343503580902261
2025-07-17,0.1268060838021318,0.1280848422518365,0.12808899084095762,0.12382788928002784,0.12476390642276428,0.12472451329154419,0.12042116376682682,0.12328261034391097
2025-07-18,0.12677336250072385,0.12802242701149996,0.12723979424285575,0.12353712100972367,0.12508737707138634,0.12510824658350392,0.12066234213533517,0.1235693294449713
2025-07-21,0.12637694848754655,0.1280410090917723,0.12608938925915422,0.12357157939501222,0.12497225442492157,0.12639429586143888,0.12112785518572745,0.12342666829442678
2025-07-22,0.12570914756351817,0.12668707729932324,0.12644723930373047,0.12357895593911206,0.1264273552342747,0.1269007490967025,0.12119897209411487,0.12305050346922401
2025-07-23,0.126215755146534,0.1266998938270356,0.12780847006060295,0.12608813341357125,0.1261126570547964,0.12477059316958915,0.11999146391878632,0.1223130334090843
2025-07-24,0.1267621492592134,0.12747703587907155,0.12654746491490187,0.12565170383984814,0.12617650568780098,0.12450283817662873,0.12026101519906168,0.12262128704347365
2025-07-25,0.127148445718272,0.12763414482767488,0.1268684732684692,0.12535250396239156,0.126042365977189,0.12320664032975534,0.12087524481171333,0.12287218110453467
2025-07-28,0.127838227397095,0.12875990070419543,0.12744090402285838,0.12403604826923696,0.1247266323826357,0.12310401863836506,0.12077390795357405,0.12332036063203941
2025-07-29,0.12704391112932054,0.12809954723303082,0.126173780711337,0.12334219454806485,0.1262759618220487,0.12300002403430631,0.12237297095953317,0.12369160956235854
2025-07-30,0.1277170139529819,0.12911337736400352,0.12635774220421897,0.12326035714818141,0.12530332871216038,0.12166901999618115,0.12254165967008203,0.12403750095219068
2025-07-31,0.1278222410040206,0.12901898726538621,0.1256947838354556,0.12249675214228328,0.12411055543592601,0.1230400313930071,0.12317524671846572,0.1246414022054555
2025-08-01,0.125,0.125,0.125,0.125,0.125,0.125,0.125,0.125
2025-08-04,0.12549064164907034,0.12589258806094933,0.126378272789657,0.1252544607646563,0.12487682383760404,0.12433159996294423,0.1239496051005414,0.12382600783457748
2025-08-05,0.12481956155243752,0.12500296104397207,0.1269869926287151,0.1252053371523762,0.12541177066544612,0.12439683337154961,0.12429493751187577,0.12388160607362758
2025-08-06,0.12562547921430642,0.12642478646034178,0.12666884333073525,0.12587599675263256,0.12429038976104516,0.12398478896113407,0.12342974653670521,0.12369996898309953
2025-08-07,0.1252556254642834,0.12658520801761003,0.12598914353987345,0.12673944361932013,0.12438849322693153,0.12476736846181868,0.12295914313363362,0.12331557453652915
2025-08-08,0.12607729546435437,0.12760911265617084,0.12610918076694083,0.127358915434908,0.12321196084262641,0.1245862779212025,0.12227586037175817,0.12277139654203884
2025-08-11,0.126265786308259,0.1276742300385954,0.12651926193031535,0.12726464549913202,0.12282157542780053,0.12322265150390979,0.12284185666555994,0.12338999262642794
2025-08-12,0.1265548753322974,0.12820998856726712,0.12919851707175564,0.12775512425790214,0.12249443910127349,0.1220928892899561,0.12121275534371377,0.12248141103583442
2025-08-13,0.1261119617935374,0.12738910218832317,0.13080188048498345,0.12763976755377013,0.12278417525490415,0.12162025868356328,0.12137326040415569,0.12227959363676266
2025-08-14,0.12672260967776186,0.12789477402966248,0.12972922667156328,0.12825988147134984,0.12248799844531334,0.1214232104883149,0.1210454640485933,0.12243683516744101
2025-08-15,0.12655005015129572,0.12745739970452075,0.12922508662271157,0.12914226964844583,0.12330958898985254,0.12161364263855064,0.12030105981005246,0.1224009024345705
2025-08-18,0.12671922785332787,0.12760468810499404,0.12989895746012578,0.12920274771753334,0.12245459056972043,0.12161255635191204,0.12013944902473085,0.1223677829176556
2025-08-19,0.12616714357988473,0.12600863400258194,0.12904023100707065,0.12935560025352028,0.12469563098071526,0.12107686784814617,0.12096653996534931,0.12268935236273167
2025-08-20,0.12572769208951456,0.12515673028860475,0.12847736000738563,0.12971156107996828,0.12495052987864393,0.12220112806601774,0.1211313913661623,0.12264360722370296
2025-08-21,0.12565601435705176,0.1250077747361711,0.12924162187308336,0.12934302511288867,0.12500906945699855,0.12219790934116614,0.12094809960103615,0.12259648552160426
2025-08-22,0.125520060617986,0.12488122710257597,0.1321345454816553,0.12916082472421972,0.12536516311832166,0.12150664210808503,0.11987123043187056,0.12156030641528581
2025-08-25,0.12568213246002558,0.12523290853634028,0.13149223591238432,0.12818548544698344,0.12535702295303006,0.12190624605887472,0.12021038124803385,0.12193358738432777
2025-08-26,0.12588700569050812,0.1254155971792242,0.13224117273525773,0.127720123075522,0.12471039386497776,0.12247886954082678,0.11983520471035018,0.12171163320333325
2025-08-27,0.12591674010929338,0.12535238596577214,0.13290680769081353,0.12715474569186505,0.12523233606001236,0.1224760530594819,0.11945315273451922,0.12150777868824233
2025-08-28,0.12593256076939113,0.1257077509273908,0.1326116189867633,0.12719189716793214,0.12448041839422483,0.12296474127009632,0.11982969036320704,0.12128132212099445
2025-08-29,0.12555429753245753,0.12462262378263002,0.13241530740966484,0.12682203344597978,0.12553157204961415,0.12452104038751025,0.11933217811197462,0.12120094728016878
2025-09-02,0.125,0.125,0.125,0.125,0.125,0.125,0.125,0.125
2025-09-03,0.1250650991459214,0.12536959975567372,0.12426862828394576,0.1245831915375061,0.12445949546858492,0.1253651701662451,0.12575646722651998,0.12513234841560303
2025-09-04,0.12525456354234824,0.12564595829944555,0.12496773146701631,0.12463802714425008,0.12454111166983017,0.12396426744343139,0.1258553841491215,0.12513295628455665
2025-09-05,0.12404913802837171,0.12497829016944736,0.12474363449685848,0.12435253046023344,0.1250942116693042,0.12477112428723001,0.1269121872731977,0.12509888361535712
2025-09-08,0.12370654383824364,0.12493415518194186,0.12434478689367634,0.124945091264047,0.12371631571236434,0.12553512924031107,0.12793373164583555,0.12488424622358014
2025-09-09,0.12424437823184621,0.12554259970598952,0.12386518807441373,0.12478022173741317,0.1236844280208587,0.1255045673516321,0.12746504772743525,0.12491356915041124
2025-09-10,0.12441682217081136,0.12539546890606365,0.12346025869768042,0.12456625745615832,0.12329709502488342,0.1257666518853682,0.1280014653590924,0.12509598049994233
2025-09-11,0.12434821814623918,0.12501689836423877,0.12463710037910677,0.12478133232897781,0.12444235163110681,0.12447541950337089,0.1277248230301456,0.12457385661681411
2025-09-12,0.12460055251535154,0.125866033147792,0.12365553689253839,0.12458070715226557,0.12416136235240559,0.12501576620353916,0.12747416129826883,0.12464588043783881
2025-09-15,0.12465533157241385,0.12632632769697097,0.12357622375265283,0.12480202406108253,0.12335842853644984,0.1257028252071638,0.12715096735821846,0.12442787181504766
2025-09-16,0.12461721516059222,0.12635492838528975,0.12350506200354609,0.12458887002172617,0.1228376984605991,0.12609012888579427,0.12755560396845694,0.12445049311399542
2025-09-17,0.12474145991823149,0.12638548314224307,0.12409886361732918,0.12440004280828938,0.12295283318673554,0.12539785396403158,0.1275161763972693,0.12450728696587053
2025-09-18,0.12488867095856915,0.127081808097009,0.12674764293804536,0.12444750048354404,0.1227916418873918,0.12446132305516006,0.12576156016573267,0.12381985241454792
2025-09-19,0.12547983890366937,0.12791414638230347,0.12575732844701137,0.12394056738737781,0.12196640019254482,0.12575406753108143,0.12549444911564792,0.12369320204036384
2025-09-22,0.12557676494326353,0.12816443192527938,0.12598872929558189,0.12385048375560424,0.12151234200532714,0.1274263755557414,0.12455069368146479,0.12293017883773756
2025-09-23,0.12486329893865984,0.12728268485532349,0.12567511961302,0.12358196099371455,0.12214589337793941,0.12791647713445167,0.12539128056614185,0.1231432845207492
2025-09-24,0.1252235433879428,0.1276077882632009,0.12527847404642609,0.12361308966521187,0.12168055816909516,0.1275286246871239,0.12567423082957618,0.12339369095142325
2025-09-25,0.12505362854956462,0.12747332593306857,0.12448660658053864,0.12313339351212678,0.12171404521950184,0.12847877197845292,0.12608539255349838,0.12357483567324823
2025-09-26,0.12511259607393388,0.12732823399556845,0.12489673686824897,0.12343582383754399,0.1222733635473013,0.12854487157660424,0.12531350038028352,0.1230948737205157
2025-09-29,0.12481948693943606,0.12726056095201407,0.12439908616345274,0.12327877553394156,0.12168512627435134,0.1299939563677833,0.12569323389778886,0.12286977387123199
2025-09-30,0.12496269537579953,0.12727612838504104,0.12424904125184942,0.12345952292763139,0.12186077158968003,0.1307619700612651,0.12500156970732923,0.1224283007014042
2025-10-01,0.125,0.125,0.125,0.125,0.125,0.125,0.125,0.125
2025-10-02,0.12500385887802914,0.12537337032278528,0.1256478662302717,0.12505900150623345,0.1242054744421522,0.12442518787793673,0.12522366189295925,0.12506157884963223
2025-10-03,0.12468795928531644,0.12453189742291015,0.12626181739831033,0.12578994722761386,0.12435590825457646,0.12510955843772661,0.1246719070255192,0.12459100494802701
2025-10-06,0.12488879632821871,0.12522017412004294,0.1265156329520485,0.12583282611112406,0.12294358505832782,0.1272164263464526,0.12343809728037315,0.12394446180341219
2025-10-07,0.12472814712530945,0.12486353493804984,0.12546138936265092,0.12504004143774963,0.12279327244520861,0.12818355197105127,0.12444976107736488,0.12448030164261537
2025-10-08,0.12481329801980916,0.12563200929597718,0.12611138211112696,0.12475235981677084,0.12151247202008464,0.12961348682234988,0.12389368906701553,0.12367130284686591
2025-10-09,0.12517146116206812,0.12620566446168396,0.12602330800567688,0.12444093705670421,0.12154803378113754,0.12795751866915472,0.12451248150862688,0.12414059535494774
2025-10-10,0.12323411316279068,0.1232707096938911,0.12370099256241252,0.12359999719726458,0.1214203283151345,0.1307839276125176,0.1280249893670583,0.12596494208893078
2025-10-13,0.12348864426143544,0.12424033902233785,0.12548199749434588,0.12296219224579341,0.12059385269497719,0.13221016291262425,0.12628095936696115,0.12474185200152486
2025-10-14,0.12280141791474133,0.12287610568849876,0.1267203043925527,0.12298048116715428,0.1213013778082137,0.13257525154167063,0.1261343878179913,0.1246106736691773
2025-10-15,0.12248587738480503,0.12287971765975099,0.12706953469849014,0.12271069306101676,0.12220260321156753,0.13393194126189337,0.12497850485847263,0.12374112786400353
2025-10-16,0.12157037231460828,0.12234284251228927,0.12431125398807562,0.12326889119344987,0.12169097502392433,0.1369725941988467,0.12583170651429415,0.12401136425451172
2025-10-17,0.12242470907939887,0.12331168592880926,0.12364014626560708,0.12365694353587639,0.12264818567734506,0.13457573247638116,0.1258076309191182,0.12393496611746409
2025-10-20,0.12207979373779236,0.12323201650873415,0.12440389963076728,0.12304647414358794,0.12226516702652049,0.13764997357791334,0.12463834085152187,0.12268433452316253
2025-10-21,0.12332127796239856,0.12445452867277933,0.12507839629664805,0.12338653053357819,0.12316167244420047,0.13011515858459002,0.12652660160138687,0.12395583390441843
2025-10-22,0.12306541154648598,0.1236426171280985,0.1236169958957561,0.12359083777186466,0.12407315740745416,0.13053762691050505,0.12700672607313532,0.12446662726670019
2025-10-23,0.12338461348506936,0.12426852060842197,0.12476647909510986,0.12375479739221268,0.12358123251157449,0.13062542689987655,0.1257192381117976,0.12389969189593748
2025-10-24,0.12386737399014278,0.12506480414901924,0.12575687216118422,0.12342668888411369,0.1234195842377016,0.12963737110766366,0.12524281311726504,0.1235844923529099
2025-10-27,0.125034234352617,0.12699300214678225,0.12589897831693586,0.12399177935818742,0.12347591644156519,0.12573219149131465,0.12537198330920607,0.12350191458339155
2025-10-28,0.12566841301983772,0.12827792253394718,0.12552672200918602,0.12423861474411926,0.12134312848139142,0.1251319954106611,0.12600272462591097,0.12381047917494625
2025-10-29,0.1265776266386229,0.12972550365815116,0.1252980512962402,0.12437132688227429,0.11901654047827243,0.12549969000228908,0.12557136562376253,0.12393989542038734
2025-10-30,0.12559972715004966,0.12816487382735514,0.12469918396664728,0.12423188699405852,0.11997684810622199,0.12838816516900078,0.1252538113065742,0.12368550348009247
2025-10-31,0.12598666458017377,0.12875754260110847,0.1253770709122435,0.1239317650362111,0.1202631710846159,0.12766556959783687,0.12485556201970505,0.12316265416810525
2025-11-03,0.125,0.125,0.125,0.125,0.125,0.125,0.125,0.125
2025-11-04,0.12463903816172046,0.12357390463562931,0.12395519462129569,0.12483987290636925,0.12634663964067266,0.12392465889210623,0.1264153328858539,0.12630535825635242
2025-11-05,0.12462014853002827,0.12392979434707413,0.1252903687153075,0.1251876120887003,0.12600413897195828,0.1249059216273837,0.12458716263787456,0.12547485308167322
2025-11-06,0.12391738224416673,0.12224709197955731,0.12370640783937047,0.12555109036146292,0.1260424645494415,0.12539787249170367,0.12635434629527809,0.12678334423901927
2025-11-07,0.12366115143130377,0.12148976776436844,0.12397572134500563,0.12563456291838174,0.12760982270723284,0.12578047203987586,0.12570241869227863,0.1261460831015531
2025-11-10,0.12427512475128769,0.12287675288864584,0.12390572392685799,0.12562356146028744,0.12620301033060138,0.12786576294090565,0.1243578150437562,0.12489224865765777
2025-11-11,0.12406718847003664,0.12206499437639012,0.12352207274410201,0.1260461086304461,0.12711195667803638,0.1278617806057285,0.12443327490790097,0.12489262358735925
2025-11-12,0.12393450043570671,0.12177055268986484,0.12301838813503191,0.12658853085664643,0.12595906623616257,0.12971059704400775,0.12445202136692375,0.12456634323565606
2025-11-13,0.12355624662775458,0.12092710461640123,0.1212060871939996,0.12696280748321678,0.12612755312453677,0.1304338749208119,0.12512979970383642,0.1256565263294427
2025-11-14,0.12391711140027835,0.12139185191651543,0.12193428017167841,0.12699454356395729,0.1267855306288761,0.1284749330957426,0.12479963977258461,0.12570210945036736
2025-11-17,0.12380247544718713,0.1213745281893713,0.12052308451168935,0.12640311492243686,0.12680334924607206,0.1280778381874649,0.12616828377528738,0.12684732572049115
2025-11-18,0.1230496335978283,0.12017682043743359,0.12117314032778624,0.12505439310200367,0.12761456145492941,0.1293097017157075,0.12642045546791522,0.127201293896396
2025-11-19,0.1235546454321785,0.12092328927822656,0.12118145318446819,0.1247069862569993,0.1266435907556047,0.12955148635965733,0.1261952275933611,0.12724332113950437
2025-11-20,0.12272823440504986,0.11908628428214281,0.11997190186000897,0.12404990983380407,0.12720961472555328,0.13063844537789668,0.12779261380406812,0.12852299571147618
2025-11-21,0.12270716470021202,0.11877720918100027,0.1221325814968564,0.12470313295900946,0.12797650970571398,0.12912764543331265,0.12689327606434145,0.12768248045955383
2025-11-24,0.12318301355471038,0.12051332852990135,0.12303304918520223,0.12347740024051741,0.12694852404891596,0.12977219668615142,0.12625300011202456,0.12681948764257658
2025-11-25,0.12337078895291523,0.12030934031423292,0.12473366784714693,0.12397978001954155,0.1271213583218439,0.1287182691341023,0.1255872656671174,0.12617952974309984
2025-11-26,0.12336431626978453,0.12053388859061716,0.12496853205013042,0.12447471920259452,0.1268002832363837,0.1288514626685616,0.1252725413334075,0.1257342566485205
2025-11-28,0.12354174365259206,0.12102524308922179,0.12519867480596156,0.12439521203931186,0.12670945985296733,0.12993076701249875,0.12417970906083735,0.12501919048660937
2025-12-01,0.125,0.125,0.125,0.125,0.125,0.125,0.125,0.125
2025-12-02,0.12519518392445342,0.1259416958276378,0.1247347784437081,0.12538589671543152,0.12452083538890082,0.12415894700826782,0.12502003401095513,0.12504262868064547
2025-12-03,0.12506343917293536,0.1256813920137305,0.12643242469343824,0.12549153573435917,0.1242774294970788,0.12348538373784425,0.12480784749766852,0.12476054765294518
2025-12-04,0.12511673566936485,0.12552622899649538,0.12750276782614417,0.12579465192945563,0.12393655058518359,0.12352753124933159,0.1240973723882502,0.12449816135577459
2025-12-05,0.125459531280568,0.12614375436917,0.12707760335081655,0.12590014444466488,0.12390261501397394,0.12341076819762964,0.12362654102200644,0.12447904232117052
2025-12-08,0.12544694458773634,0.12626845857839195,0.12749855379384603,0.12587150098931826,0.12330955462980193,0.12344354351654142,0.12357882888041737,0.12458261502394674
2025-12-09,0.12530440302651097,0.12638965042518768,0.12772791126605484,0.12566581272262473,0.12280591636549448,0.12404378503472992,0.12367158136089587,0.1243909397985015
2025-12-10,0.12532015658031812,0.12608701480083603,0.12862874565762153,0.12624111567069618,0.12245158166771504,0.12376691227751925,0.12334709895052041,0.12415737439477337
2025-12-11,0.12515355128112202,0.1252207293192326,0.12966336833404166,0.1265240210112424,0.1225384848619823,0.1246435165135596,0.12273017791808292,0.12352615076073663
2025-12-12,0.12477796318718941,0.1237890955749743,0.12867704928731152,0.12684498449395343,0.12334692301698034,0.12632290816235991,0.12249960638170451,0.12374146989552652
2025-12-15,0.12462388077176803,0.12320177913828931,0.12773910118296222,0.12765577006875162,0.12376723482952039,0.12647285441440373,0.1226176463272258,0.1239217332670789
2025-12-16,0.12443513946546454,0.12359671386813761,0.12728996722360994,0.12721927544932127,0.12300690778038471,0.12665610672259564,0.12344160043575389,0.12435428905473243
2025-12-17,0.1236533961732148,0.12188468199271814,0.12653625605103588,0.12678966201333391,0.1240520199558366,0.12835368825545065,0.12391799443225379,0.12481230112615625
2025-12-18,0.12402428930282032,0.12309217369637285,0.12671353012032324,0.12711503687015674,0.12284235681744501,0.1275433996375057,0.12394823833079478,0.1247209752245814
2025-12-19,0.12470725603906324,0.1242571888627576,0.12732287777597195,0.12752194289202018,0.12194136323120076,0.12723733123376443,0.12305034943074541,0.12396169053447634
2025-12-22,0.12468823854797792,0.12406089488728693,0.12792275030510206,0.12703165741947603,0.12179039461585313,0.12934849259441325,0.12200451995733555,0.12315305167255523
2025-12-23,0.12486761991162543,0.12425335127606528,0.1267696084532556,0.12741636393223993,0.1213281399361134,0.13065406908681046,0.1218190804141853,0.12289176698970458
2025-12-24,0.1249627689242989,0.12427465325893627,0.12673745802186256,0.12722483869151516,0.12179081980385001,0.1297566430201022,0.12222039771448222,0.12303242056495269
2025-12-26,0.12485244029758487,0.1241695747692463,0.12599195822516512,0.12733638020010685,0.12183274035186907,0.13116918969745128,0.1217225605963983,0.12292515586217825
2025-12-29,0.12528935066158742,0.12444440318815593,0.12610783625898211,0.1278538696844351,0.12294486942443446,0.1263489087149482,0.12304643254665616,0.12396432952080057
2025-12-30,0.12529437521632875,0.12431255373462158,0.12533225275810156,0.12822805883618965,0.12334897959061082,0.1266005007727473,0.12290804418454539,0.12397523490685503
2025-12-31,0.12521500480449774,0.12412658672179382,0.12523639672986678,0.12855448492847676,0.12317483166499173,0.12664024639661423,0.12276110384438238,0.12429134490937659
