Date,nav,return,turnover,fee
2012-01-03,0.999000999000999,-0.0009990009990009652,0.999000999000999,0.0009990009990009994
2012-01-04,0.9954162300601611,-0.0035883537097787244,0.0,0.0
2012-01-05,0.9968915776603506,0.0014821413953642892,0.0,0.0
2012-01-06,0.9956074228173811,-0.001288158985135901,0.0,0.0
2012-01-09,0.9951992558261474,-0.00040996780646596065,0.0,0.0
2012-01-10,1.004103927412562,0.008947626853903268,0.0,0.0
2012-01-11,1.0078313343871144,0.0037121724881181706,0.0,0.0
2012-01-12,1.0092966399090053,0.0014539193929528071,0.0,0.0
2012-01-13,1.0072466981381685,-0.002031059739802221,0.0,0.0
2012-01-17,1.0132854755815224,0.0059953310887155276,0.0,0.0
2012-01-18,1.0206916095724976,0.007309030050711929,0.0,0.0
2012-01-19,1.022953496657102,0.0022160337788528217,0.0,0.0
2012-01-20,1.0237328717125382,0.0007618870828276503,0.0,0.0
2012-01-23,1.0242998042392877,0.0005537895113214564,0.0,0.0
2012-01-24,1.0246802553423784,0.00037142553529356803,0.0,0.0
2012-01-25,1.0351778382079946,0.010244740064898172,0.0,0.0
2012-01-26,1.0381478995436495,0.0028691314922240085,0.0,0.0
2012-01-27,1.0415823256365044,0.00330822428515698,0.0,0.0
2012-01-30,1.0382506078496496,-0.0031987080664207523,0.0,0.0
2012-01-31,1.042388497363087,0.003985443863122384,0.0,0.0
2012-02-01,1.049973311099929,0.007276378966219577,0.023239913291889357,2.440185580577319e-05
2012-02-02,1.0532746637525898,0.0031442253034055234,0.0,0.0
2012-02-03,1.0580409509054887,0.004525208207247333,0.0,0.0
2012-02-06,1.0575997383197913,-0.00041700898752528026,0.0,0.0
2012-02-07,1.0587103097123554,0.001050086674877937,0.0,0.0
2012-02-08,1.060117347243438,0.0013290108901129472,0.0,0.0
2012-02-09,1.0582176543778825,-0.001791964701356008,0.0,0.0
2012-02-10,1.0515154897766532,-0.006333446218273031,0.0,0.0
2012-02-13,1.0592029079481422,0.007310798791106521,0.0,0.0
2012-02-14,1.0569199561618863,-0.002155348865760187,0.0,0.0
2012-02-15,1.0539676089212786,-0.002793349887468155,0.0,0.0
2012-02-16,1.0616381906408718,0.0072778154230412895,0.0,0.0
2012-02-17,1.0615093206573092,-0.00012138785576742972,0.0,0.0
2012-02-21,1.060232704729903,-0.0012026422213756716,0.0,0.0
2012-02-22,1.0605198916568397,0.00027087159795735616,0.0,0.0
2012-02-23,1.0669600321919466,0.006072625875074733,0.0,0.0
2012-02-24,1.068783584713425,0.0017091104319364447,0.0,0.0
2012-02-27,1.0692933105909237,0.0004769215066446897,0.0,0.0
2012-02-28,1.0726094023724384,0.003101199407749222,0.0,0.0
2012-02-29,1.059349897369076,-0.012361913828122795,0.0,0.0
2012-03-01,1.0643857884265078,0.004753756119614927,0.026175426305377517,2.7861481051593236e-05
2012-03-02,1.0615418661613714,-0.0026718904893878737,0.0,0.0
2012-03-05,1.0585653241881807,-0.0028039798222505574,0.0,0.0
2012-03-06,1.0458192290414816,-0.01204091505309246,0.0,0.0
2012-03-07,1.051080449797222,0.005030717173332588,0.0,0.0
2012-03-08,1.0575538401482805,0.006158796267504929,0.0,0.0
2012-03-09,1.0616904393134843,0.003911478553776382,0.0,0.0
2012-03-12,1.0608083052261619,-0.0008308769248150938,0.0,0.0
2012-03-13,1.0682435506213095,0.0070090376918405806,0.0,0.0
2012-03-14,1.058872376765996,-0.008772506840657335,0.0,0.0
2012-03-15,1.063343898497001,0.004222909039011791,0.0,0.0
2012-03-16,1.0656377146004703,0.002157172394285256,0.0,0.0
2012-03-19,1.0684564508891259,0.0026451168629222366,0.0,0.0
2012-03-20,1.0645553935952283,-0.0036511149243857455,0.0,0.0
2012-03-21,1.0653465225406424,0.0007431543254337036,0.0,0.0
2012-03-22,1.0596574387730704,-0.005340125158530329,0.0,0.0
2012-03-23,1.0659666358436868,0.005953996867064548,0.0,0.0
2012-03-26,1.0782839277028553,0.011555044449791607,0.0,0.0
2012-03-27,1.0772894917789593,-0.0009222394012814439,0.0,0.0
2012-03-28,1.0723049364997916,-0.004626941334902046,0.0,0.0
2012-03-29,1.0714205922748747,-0.0008247133765918457,0.0,0.0
2012-03-30,1.071730236581332,0.00028900350496319227,0.0,0.0
2012-04-02,1.0800373217708472,0.007751097156700304,0.028005529409252737,3.0247864085390794e-05
2012-04-03,1.0695071098366973,-0.009749859307532471,0.0,0.0
2012-04-04,1.0596129109452255,-0.009251176360092206,0.0,0.0
2012-04-05,1.0606189059745212,0.0009493986142528055,0.0,0.0
2012-04-09,1.0589093711757815,-0.001611827574550806,0.0,0.0
2012-04-10,1.0488748828225263,-0.009476248512290786,0.0,0.0
2012-04-11,1.053891023687509,0.004782401549634052,0.0,0.0
2012-04-12,1.0638913162980863,0.009488924742509841,0.0,0.0
2012-04-13,1.0569100410645302,-0.006562019189937707,0.0,0.0
2012-04-16,1.0577568163839213,0.000801180125546086,0.0,0.0
2012-04-17,1.067268886529927,0.008992681492258292,0.0,0.0
2012-04-18,1.0635218976916585,-0.003510819893242867,0.0,0.0
2012-04-19,1.0599976066980676,-0.003313792599137111,0.0,0.0
2012-04-20,1.0635431042328698,0.003344816547130147,0.0,0.0
2012-04-23,1.0561265494327516,-0.0069734407290127365,0.0,0.0
2012-04-24,1.0588667859071261,0.0025946099696541047,0.0,0.0
2012-04-25,1.0691434425430093,0.00970533477171931,0.0,0.0
2012-04-26,1.0754719111938476,0.005919195122953358,0.0,0.0
2012-04-27,1.0796038354090023,0.0038419638599096473,0.0,0.0
2012-04-30,1.0759507760469929,-0.0033837035792165793,0.0,0.0
2012-05-01,1.0776800995899967,0.0016072515411507116,0.020639082549086446,2.2242787607675058e-05
2012-05-02,1.0775532358637223,-0.00011771928081683036,0.0,0.0
2012-05-03,1.070251715043129,-0.006776018648155913,0.0,0.0
2012-05-04,1.0606776291235627,-0.00894563940893145,0.0,0.0
2012-05-07,1.0630559571427203,0.0022422722548818275,0.0,0.0
2012-05-08,1.0581917092993045,-0.004575721353831552,0.0,0.0
2012-05-09,1.0529272551327113,-0.004974953139709526,0.0,0.0
2012-05-10,1.053696244371047,0.000730334630989038,0.0,0.0
2012-05-11,1.0529698967480048,-0.000689333028301431,0.0,0.0
2012-05-14,1.044560296081415,-0.007986553739629088,0.0,0.0
2012-05-15,1.0399694405572915,-0.004395012467299231,0.0,0.0
2012-05-16,1.035262523220862,-0.004526015047045084,0.0,0.0
2012-05-17,1.0267999488363184,-0.008174326989269676,0.0,0.0
2012-05-18,1.0215162490132195,-0.005145792838309959,0.0,0.0
2012-05-21,1.035269458506785,0.0134635249383952,0.0,0.0
2012-05-22,1.0302805345910953,-0.0048189617443998856,0.0,0.0
2012-05-23,1.031508331165481,0.0011917109303369866,0.0,0.0
2012-05-24,1.0302709045206502,-0.0011996283572742739,0.0,0.0
2012-05-25,1.0306122543947827,0.0003313205028256938,0.0,0.0
2012-05-29,1.0372747176409707,0.0064645682387121095,0.0,0.0
2012-05-30,1.0304141057770762,-0.006614074118664881,0.0,0.0
2012-05-31,1.0332836689064122,0.0027848639816241416,0.0,0.0
2012-06-01,1.026055106377601,-0.006995719323099059,0.06758924424115491,6.93549768403093e-05
2012-06-04,1.0247344724709615,-0.0012870984203779967,0.0,0.0
2012-06-05,1.029329812376564,0.004484420139123202,0.0,0.0
2012-06-06,1.0420955765242956,0.012402015364013863,0.0,0.0
2012-06-07,1.0382653845864813,-0.0036754708724406893,0.0,0.0
2012-06-08,1.0444382306941975,0.005945345187612805,0.0,0.0
2012-06-11,1.034292589873778,-0.00971396921546619,0.0,0.0
2012-06-12,1.0418841463241133,0.00733985385244007,0.0,0.0
2012-06-13,1.0390509427822487,-0.0027193076618551304,0.0,0.0
2012-06-14,1.0455426071754135,0.006247686350952186,0.0,0.0
2012-06-15,1.0543338993833364,0.008408353851473427,0.0,0.0
2012-06-18,1.0574238117906296,0.0029306772826904748,0.0,0.0
2012-06-19,1.0628897747329349,0.005169131696636686,0.0,0.0
2012-06-20,1.0629978304652294,0.00010166221828766808,0.0,0.0
2012-06-21,1.045007984507029,-0.01692369019260087,0.0,0.0
2012-06-22,1.0488708011360162,0.0036964469996938476,0.0,0.0
2012-06-25,1.041324944795694,-0.0071942667601665455,0.0,0.0
2012-06-26,1.043367399384132,0.0019613998479970363,0.0,0.0
2012-06-27,1.04987984974123,0.006241761397703494,0.0,0.0
2012-06-28,1.0485781296933363,-0.001239875256406342,0.0,0.0
2012-06-29,1.070084250693676,0.020509793587464298,0.0,0.0
2012-07-02,1.0767888684404086,0.006265504554792134,0.044216160725160186,4.761357496350743e-05
2012-07-03,1.083723213780528,0.006439837505158197,0.0,0.0
2012-07-05,1.0794428081087983,-0.003949722232854613,0.0,0.0
2012-07-06,1.0738932701576416,-0.0051411134610083176,0.0,0.0
2012-07-09,1.0743762778415897,0.00044977252150690816,0.0,0.0
2012-07-10,1.0666814070695994,-0.007162174864330906,0.0,0.0
2012-07-11,1.0671894887783613,0.0004763200196371553,0.0,0.0
2012-07-12,1.065267210578479,-0.0018012529359549,0.0,0.0
2012-07-13,1.075625054489919,0.009723235455464163,0.0,0.0
2012-07-16,1.075713404998769,8.213876060358949e-05,0.0,0.0
2012-07-17,1.0777357980104385,0.0018800481636387367,0.0,0.0
2012-07-18,1.0820440395505506,0.003997493215002645,0.0,0.0
2012-07-19,1.08341381446247,0.0012659141974373789,0.0,0.0
2012-07-20,1.0768250284947072,-0.00608150448130651,0.0,0.0
2012-07-23,1.067823151148134,-0.008359647211355181,0.0,0.0
2012-07-24,1.063829044107293,-0.0037404199717401276,0.0,0.0
2012-07-25,1.0663636208569032,0.0023825038089055894,0.0,0.0
2012-07-26,1.0763519007754472,0.009366673546606696,0.0,0.0
2012-07-27,1.086489804872608,0.009418763593818102,0.0,0.0
2012-07-30,1.0876862512393632,0.0011012034916384472,0.0,0.0
2012-07-31,1.0846540443729507,-0.002787758752082703,0.0,0.0
2012-08-01,1.0793240318596122,-0.004914020780164785,0.013682295786769338,1.4767832711527403e-05
2012-08-02,1.075895148081555,-0.003176880785420333,0.0,0.0
2012-08-03,1.0886139080848811,0.011821560889093252,0.0,0.0
2012-08-06,1.0927029306017024,0.0037561733195332625,0.0,0.0
2012-08-07,1.0929145462364858,0.00019366254894803703,0.0,0.0
2012-08-08,1.090905457913467,-0.0018382849143487867,0.0,0.0
2012-08-09,1.0920203719122044,0.001022007902380384,0.0,0.0
2012-08-10,1.093469951855889,0.00132742939689523,0.0,0.0
2012-08-13,1.0911977066130225,-0.002078013427812997,0.0,0.0
2012-08-14,1.0878543984298796,-0.0030638885720537523,0.0,0.0
2012-08-15,1.087782876207614,-6.574613511589611e-05,0.0,0.0
2012-08-16,1.094014223037716,0.005728484025991021,0.0,0.0
2012-08-17,1.0969904489052589,0.002720463596240119,0.0,0.0
2012-08-20,1.0974462389479451,0.000415491350121755,0.0,0.0
2012-08-21,1.099621499282171,0.001982111065696568,0.0,0.0
2012-08-22,1.103701934290864,0.0037107632138484448,0.0,0.0
2012-08-23,1.1010011465138065,-0.002447026405541952,0.0,0.0
2012-08-24,1.1034167537314015,0.0021940097203747566,0.0,0.0
2012-08-27,1.10498527264535,0.001421510873968801,0.0,0.0
2012-08-28,1.1065757928351065,0.0014394039713749862,0.0,0.0
2012-08-29,1.1048804066960836,-0.0015321012351799945,0.0,0.0
2012-08-30,1.099304108705332,-0.005046969750713948,0.0,0.0
2012-08-31,1.1091289369517092,0.008937316042553656,0.0,0.0
2012-09-04,1.1105889133514184,0.0013163270302203323,0.0224987547244241,2.4987429747211385e-05
2012-09-05,1.1089956616303125,-0.0014346007797773064,0.0,0.0
2012-09-06,1.1196925432537834,0.009645557682115502,0.0,0.0
2012-09-07,1.1260011449698575,0.005634226783132412,0.0,0.0
2012-09-10,1.1198511459709806,-0.005461805279995069,0.0,0.0
2012-09-11,1.122140577350739,0.002044406873177085,0.0,0.0
2012-09-12,1.1230437731588625,0.0008048865056247134,0.0,0.0
2012-09-13,1.1359912336892908,0.011528901045424034,0.0,0.0
2012-09-14,1.1375528264277466,0.0013746521030661984,0.0,0.0
2012-09-17,1.1360885564818048,-0.0012872105030409253,0.0,0.0
2012-09-18,1.1358505077251386,-0.00020953362773357131,0.0,0.0
2012-09-19,1.136886861647023,0.0009124034499574663,0.0,0.0
2012-09-20,1.133083047924061,-0.003345815534758878,0.0,0.0
2012-09-21,1.1345099024233611,0.0012592673607767502,0.0,0.0
2012-09-24,1.1324337054096567,-0.0018300386883089992,0.0,0.0
2012-09-25,1.125138489322735,-0.006442069016554641,0.0,0.0
2012-09-26,1.1218438079810897,-0.0029282451652937747,0.0,0.0
2012-09-27,1.130038636854879,0.007304785938549552,0.0,0.0
2012-09-28,1.124098758003261,-0.005256350232545781,0.0,0.0
2012-10-01,1.1261004926094456,0.0017807462128507368,0.02144049263960718,2.4144666996805448e-05
2012-10-02,1.1282485498510615,0.001907518250559015,0.0,0.0
2012-10-03,1.1294199608409903,0.0010382561449633343,0.0,0.0
2012-10-04,1.132665826496401,0.0028739226930198924,0.0,0.0
2012-10-05,1.1292785083065375,-0.0029905715442489766,0.0,0.0
2012-10-08,1.126514272151161,-0.002447789570990566,0.0,0.0
2012-10-09,1.1176781068193518,-0.007843811259431233,0.0,0.0
2012-10-10,1.1171407232224253,-0.0004808035458936377,0.0,0.0
2012-10-11,1.1198943159845884,0.0024648575644259374,0.0,0.0
2012-10-12,1.1170708446256983,-0.0025211944721835744,0.0,0.0
2012-10-15,1.1211810102648263,0.0036794135832138863,0.0,0.0
2012-10-16,1.1276480592625475,0.005768068615605415,0.0,0.0
2012-10-17,1.1289632784241719,0.0011663383365236868,0.0,0.0
2012-10-18,1.125388159472371,-0.003166727403916214,0.0,0.0
2012-10-19,1.1143288786994576,-0.00982708115402453,0.0,0.0
2012-10-22,1.1145750926147007,0.00022095264687971294,0.0,0.0
2012-10-23,1.106570613746894,-0.007181641614679157,0.0,0.0
2012-10-24,1.1030913770085364,-0.0031441615158898095,0.0,0.0
2012-10-25,1.1043378337935057,0.0011299669374167376,0.0,0.0
2012-10-26,1.1051958179460746,0.0007769218135194045,0.0,0.0
2012-10-31,1.108434457904209,0.002930376595301487,0.0,0.0
2012-11-01,1.1131466058209978,0.00425117415214471,0.015035335236345617,1.673678402887722e-05
2012-11-02,1.1045455183153128,-0.007726823637342228,0.0,0.0
2012-11-05,1.106769545522103,0.0020135224577999544,0.0,0.0
2012-11-06,1.1116272626651664,0.0043890954198346765,0.0,0.0
2012-11-07,1.1020767688682214,-0.008591453374440783,0.0,0.0
2012-11-08,1.0967254506380428,-0.0048556673920947535,0.0,0.0
2012-11-09,1.0970611468344007,0.00030608954698974067,0.0,0.0
2012-11-12,1.0962854752156226,-0.0007070450184261112,0.0,0.0
2012-11-13,1.0935956933203466,-0.0024535414872179917,0.0,0.0
2012-11-14,1.0842403776698557,-0.008554638343615362,0.0,0.0
2012-11-15,1.0812738346527488,-0.0027360565776772816,0.0,0.0
2012-11-16,1.0840612728096202,0.002577920659447397,0.0,0.0
2012-11-19,1.0984909668957639,0.013310773521818975,0.0,0.0
2012-11-20,1.0977772179882463,-0.0006497540071126462,0.0,0.0
2012-11-21,1.0991728791584798,0.0012713519167315557,0.0,0.0
2012-11-23,1.110006299244819,0.009855974698568915,0.0,0.0
2012-11-26,1.111437250728995,0.0012891381653865608,0.0,0.0
2012-11-27,1.1086686468933449,-0.002491012276072402,0.0,0.0
2012-11-28,1.1108911993907356,0.0020047040237121116,0.0,0.0
2012-11-29,1.116538804852598,0.005083851114276339,0.0,0.0
2012-11-30,1.115180349880472,-0.001216666152776713,0.0,0.0
2012-12-03,1.115153219649324,-2.4328110830640348e-05,0.008584744764111588,9.573387948658988e-06
2012-12-04,1.115107229426281,-4.124116958337254e-05,0.0,0.0
2012-12-05,1.1133710861515111,-0.0015569294404655931,0.0,0.0
2012-12-06,1.117129871620046,0.0033760401318911892,0.0,0.0
2012-12-07,1.116322422355025,-0.0007227890736195564,0.0,0.0
2012-12-10,1.1187613054512724,0.0021847479253371827,0.0,0.0
2012-12-11,1.1224528267346185,0.0032996504842979224,0.0,0.0
2012-12-12,1.1195587120467847,-0.0025783842482300923,0.0,0.0
2012-12-13,1.113884485331102,-0.005068270787968787,0.0,0.0
2012-12-14,1.1133755468603974,-0.00045690417400268135,0.0,0.0
2012-12-17,1.1178808625743883,0.0040465373311775465,0.0,0.0
2012-12-18,1.1227395652651944,0.004346351076819355,0.0,0.0
2012-12-19,1.1223544092004862,-0.0003430502287653514,0.0,0.0
2012-12-20,1.125238266741868,0.0025694713877733033,0.0,0.0
2012-12-21,1.1229478373136355,-0.0020355061642762795,0.0,0.0
2012-12-24,1.1212436824597771,-0.0015175725863946221,0.0,0.0
2012-12-26,1.1185208778640394,-0.0024283789851680115,0.0,0.0
2012-12-27,1.120431450946839,0.0017081246498036329,0.0,0.0
2012-12-28,1.1146772429944432,-0.005135707273776657,0.0,0.0
2012-12-31,1.1247938421770303,0.009075810281557573,0.0,0.0
2013-01-02,1.1405658474980216,0.014022129860228105,0.031094394913087738,3.5466307689861405e-05
2013-01-03,1.1333397086005021,-0.006335573621962243,0.0,0.0
2013-01-04,1.1357422113579605,0.0021198434496088048,0.0,0.0
2013-01-07,1.133968160975851,-0.0015620185323467206,0.0,0.0
2013-01-08,1.1341621562769046,0.0001710764973212875,0.0,0.0
2013-01-09,1.1366270432498782,0.0021733108967989523,0.0,0.0
2013-01-10,1.1418676961909013,0.004610705835432993,0.0,0.0
2013-01-11,1.1427647400518146,0.0007855935183258556,0.0,0.0
2013-01-14,1.142435992352645,-0.0002876774962050632,0.0,0.0
2013-01-15,1.1443497625189227,0.0016751662054490524,0.0,0.0
2013-01-16,1.1439901216287134,-0.0003142753220988226,0.0,0.0
2013-01-17,1.1474706036506053,0.0030424056607558647,0.0,0.0
2013-01-18,1.1493685142485444,0.0016539949623990413,0.0,0.0
2013-01-22,1.153038102454112,0.0031926994345821136,0.0,0.0
2013-01-23,1.1531659770285176,0.00011090229727317436,0.0,0.0
2013-01-24,1.1504348278741716,-0.0023683920690963367,0.0,0.0
2013-01-25,1.15215887103944,0.001498601331858307,0.0,0.0
2013-01-28,1.151124224150378,-0.0008980071369223408,0.0,0.0
2013-01-29,1.1527381209721532,0.0014020179472518102,0.0,0.0
2013-01-30,1.1491668575028056,-0.0030980700684521967,0.0,0.0
2013-01-31,1.1479892822982378,-0.0010247208200266922,0.0,0.0
2013-02-01,1.152493068822535,0.003923195620154862,0.023480827256389575,2.7062126104316855e-05
2013-02-04,1.1465163847589595,-0.005185874193310069,0.0,0.0
2013-02-05,1.1500115034025975,0.003048468116199521,0.0,0.0
2013-02-06,1.152677511432457,0.002318244662745883,0.0,0.0
2013-02-07,1.14959837788997,-0.0026712879464962924,0.0,0.0
2013-02-08,1.1557421110242556,0.0053442430438723765,0.0,0.0
2013-02-11,1.1538074612007254,-0.001673945947868627,0.0,0.0
2013-02-12,1.1555431896949817,0.0015043484746146696,0.0,0.0
2013-02-13,1.1547654122400777,-0.0006730838464890088,0.0,0.0
2013-02-14,1.1549237275487856,0.00013709737668787803,0.0,0.0
2013-02-15,1.1512781860267416,-0.0031565214525303142,0.0,0.0
2013-02-19,1.1563815314836878,0.0044327648338051695,0.0,0.0
2013-02-20,1.1444428267566917,-0.010324191801712845,0.0,0.0
2013-02-21,1.1395385281000097,-0.0042853155631904505,0.0,0.0
2013-02-22,1.1480550231815774,0.007473635047485105,0.0,0.0
2013-02-25,1.1391200878512453,-0.007782671692486365,0.0,0.0
2013-02-26,1.1439181948914725,0.004212116958869583,0.0,0.0
2013-02-27,1.149525588380251,0.004901918261130955,0.0,0.0
2013-02-28,1.1478423592838585,-0.0014642815378859142,0.0,0.0
2013-03-01,1.1503764418846854,0.0022076921803164673,0.01934034608666485,2.224910882146035e-05
2013-03-04,1.1528578842077546,0.0021570698362041174,0.0,0.0
2013-03-05,1.159965856151579,0.0061655231240485,0.0,0.0
2013-03-06,1.1592059369956702,-0.0006551220037028793,0.0,0.0
2013-03-07,1.1582227892298398,-0.0008481217482187997,0.0,0.0
2013-03-08,1.1590017854395205,0.0006725789001256199,0.0,0.0
2013-03-11,1.1610016217275558,0.0017254816283798213,0.0,0.0
2013-03-12,1.1609776556996,-2.064254477096572e-05,0.0,0.0
2013-03-13,1.160693234600503,-0.00024498412842033357,0.0,0.0
2013-03-14,1.1654594499824174,0.004106352341714858,0.0,0.0
2013-03-15,1.166551473464526,0.0009369896843043346,0.0,0.0
2013-03-18,1.1648616343496947,-0.0014485765551455199,0.0,0.0
2013-03-19,1.164313106305026,-0.00047089545100764685,0.0,0.0
2013-03-20,1.1664163610109868,0.0018064339347991787,0.0,0.0
2013-03-21,1.1627279080605808,-0.0031622095451482313,0.0,0.0
2013-03-22,1.1672595795632046,0.0038974479508129267,0.0,0.0
2013-03-25,1.163957232468185,-0.0028291454213255074,0.0,0.0
2013-03-26,1.1683466372048932,0.0037711048260771207,0.0,0.0
2013-03-27,1.17050376664019,0.001846309448416461,0.0,0.0
2013-03-28,1.1710406297876639,0.00045865990590931993,0.0,0.0
2013-04-01,1.1669751850471164,-0.003471651313485702,0.011852210612719932,1.3831399605657633e-05
2013-04-02,1.1672283769481688,0.0002169642545073458,0.0,0.0
2013-04-03,1.1611770320442956,-0.005184370962343365,0.0,0.0
2013-04-04,1.1688214444649638,0.006583330715050462,0.0,0.0
2013-04-05,1.172621873183529,0.0032515049553225595,0.0,0.0
2013-04-08,1.1756958906217763,0.0026214907879056337,0.0,0.0
2013-04-09,1.178194212090157,0.0021249725275975795,0.0,0.0
2013-04-10,1.183699957121298,0.004673036902272498,0.0,0.0
2013-04-11,1.1870547420691904,0.002834151448354305,0.0,0.0
2013-04-12,1.18222642256909,-0.004067478380722411,0.0,0.0
2013-04-15,1.1536162663813692,-0.024200234101982132,0.0,0.0
2013-04-16,1.1646096983117886,0.009529539631842443,0.0,0.0
2013-04-17,1.1536036682537922,-0.009450402202515251,0.0,0.0
2013-04-18,1.1510869541428252,-0.002181610704113379,0.0,0.0
2013-04-19,1.1604024392259473,0.008092772704612061,0.0,0.0
2013-04-22,1.165817113290116,0.004666203621375153,0.0,0.0
2013-04-23,1.1726373641582497,0.005850189356790159,0.0,0.0
2013-04-24,1.1769002038005167,0.003635258241431627,0.0,0.0
2013-04-25,1.181864431889124,0.00421805355507332,0.0,0.0
2013-04-26,1.181220449743352,-0.0005448866455374235,0.0,0.0
2013-04-29,1.188646216023502,0.006286520252644978,0.0,0.0
2013-04-30,1.1931847983319765,0.0038182785149123433,0.0,0.0
2013-05-01,1.1860543975582876,-0.00597594000833479,0.03368546042196265,3.995413434065541e-05
2013-05-02,1.1937531136876043,0.00649103122518313,0.0,0.0
2013-05-03,1.197221280599269,0.002905263133472724,0.0,0.0
2013-05-06,1.1994416888913415,0.0018546348348911224,0.0,0.0
2013-05-07,1.199928837536323,0.000406146167415411,0.0,0.0
2013-05-08,1.2060257358284057,0.0050810498934259485,0.0,0.0
2013-05-09,1.1999705484329004,-0.005020777928379738,0.0,0.0
2013-05-10,1.199719814568759,-0.0002089500150389556,0.0,0.0
2013-05-13,1.197867472214817,-0.0015439791286666615,0.0,0.0
2013-05-14,1.2005281990926064,0.0022212197421720425,0.0,0.0
2013-05-15,1.202260314016002,0.001442794034079986,0.0,0.0
2013-05-16,1.2006860248490492,-0.0013094411822461849,0.0,0.0
2013-05-17,1.201748689799393,0.0008850481544311339,0.0,0.0
2013-05-20,1.206883832237919,0.00427305848728099,0.0,0.0
2013-05-21,1.207788063368071,0.0007492279753846809,0.0,0.0
2013-05-22,1.1933718222760192,-0.011936068528323074,0.0,0.0
2013-05-23,1.1913601743898883,-0.0016856840831840358,0.0,0.0
2013-05-24,1.1886363668846252,-0.002286300619926296,0.0,0.0
2013-05-28,1.1865234506243174,-0.001777596848938412,0.0,0.0
2013-05-29,1.1816294492954271,-0.004124656218395972,0.0,0.0
2013-05-30,1.1851276540031708,0.0029604921490653524,0.0,0.0
2013-05-31,1.1708326781275558,-0.012061971406480021,0.0,0.0
2013-06-03,1.1778171520958303,0.005965390357437261,0.04449266753931696,5.240655867789701e-05
2013-06-04,1.1699525137479942,-0.006677299896542976,0.0,0.0
2013-06-05,1.1617484148614299,-0.007012334936810527,0.0,0.0
2013-06-06,1.1700294829770728,0.007128107953244367,0.0,0.0
2013-06-07,1.1702370108418823,0.00017736977386362263,0.0,0.0
2013-06-10,1.1696435226994533,-0.0005071520870819635,0.0,0.0
2013-06-11,1.1618008516721068,-0.006705180574373748,0.0,0.0
2013-06-12,1.1538295387616733,-0.006861169794255995,0.0,0.0
2013-06-13,1.1695573677401434,0.0136309813972606,0.0,0.0
2013-06-14,1.1657619511601425,-0.003245173502976262,0.0,0.0
2013-06-17,1.1700680745871075,0.003693827391329396,0.0,0.0
2013-06-18,1.1739798216626665,0.0033431790513038795,0.0,0.0
2013-06-19,1.1559574521714477,-0.015351515553047812,0.0,0.0
2013-06-20,1.1218308942143258,-0.02952233050880526,0.0,0.0
2013-06-21,1.1222514596986266,0.0003748920505486364,0.0,0.0
2013-06-24,1.1127594688827758,-0.008457989280227673,0.0,0.0
2013-06-25,1.1193067034449977,0.005883782385420089,0.0,0.0
2013-06-26,1.1216986521783907,0.0021369913411857233,0.0,0.0
2013-06-27,1.1298170486664572,0.007237591372959429,0.0,0.0
2013-06-28,1.1317100636405937,0.0016755057611945734,0.0,0.0
2013-07-01,1.1396388416097758,0.007006015254186204,0.02164984454435457,2.4673537935820528e-05
2013-07-02,1.140022361190546,0.0003365272986206591,0.0,0.0
2013-07-03,1.1400160932669277,-5.498070767440133e-06,0.0,0.0
2013-07-05,1.134880863027151,-0.004504524339705385,0.0,0.0
2013-07-08,1.1416062547336407,0.005926077287575993,0.0,0.0
2013-07-09,1.1492687777286785,0.006712054145871615,0.0,0.0
2013-07-10,1.1499339722508184,0.0005787980453575425,0.0,0.0
2013-07-11,1.1709525901169173,0.018278108459530262,0.0,0.0
2013-07-12,1.1694286722081197,-0.0013014343378713322,0.0,0.0
2013-07-15,1.17488198881298,0.004663231485989794,0.0,0.0
2013-07-16,1.1744769296096056,-0.00034476586349208027,0.0,0.0
2013-07-17,1.17574907717513,0.0010831609659180952,0.0,0.0
2013-07-18,1.17811802144068,0.0020148382946143517,0.0,0.0
2013-07-19,1.1811159050461668,0.0025446377620308436,0.0,0.0
2013-07-22,1.188377108589733,0.006147748508460227,0.0,0.0
2013-07-23,1.187223110623804,-0.0009710705108569861,0.0,0.0
2013-07-24,1.177657889787273,-0.008056801414104253,0.0,0.0
2013-07-25,1.182028871785124,0.0037115889391616808,0.0,0.0
2013-07-26,1.1826928787657198,0.0005617519135494575,0.0,0.0
2013-07-29,1.1767445718302594,-0.0050294603461790155,0.0,0.0
2013-07-30,1.176783346235461,3.295057069307994e-05,0.0,0.0
2013-07-31,1.1757117542646882,-0.0009106110943878365,0.0,0.0
2013-08-01,1.1770199888340722,0.0011127170963789457,0.03247590857812918,3.822603497722359e-05
2013-08-02,1.1807575760447093,0.0031754662164569236,0.0,0.0
2013-08-05,1.17825256232473,-0.002121530931328497,0.0,0.0
2013-08-06,1.1728334781640712,-0.004599255146084058,0.0,0.0
2013-08-07,1.171658256799517,-0.00100203599780746,0.0,0.0
2013-08-08,1.1787780769854916,0.0060767038039086785,0.0,0.0
2013-08-09,1.17938563176626,0.0005154106550082638,0.0,0.0
2013-08-12,1.1804170179293592,0.0008745113856902798,0.0,0.0
2013-08-13,1.1756208191375552,-0.004063139313441266,0.0,0.0
2013-08-14,1.1746984618865821,-0.0007845703614280941,0.0,0.0
2013-08-15,1.1636955047220208,-0.009366622602783092,0.0,0.0
2013-08-16,1.1591794045705262,-0.0038808263271356003,0.0,0.0
2013-08-19,1.1509931512013454,-0.007062110780180486,0.0,0.0
2013-08-20,1.1597290549264196,0.007589883324636837,0.0,0.0
2013-08-21,1.1525405896042726,-0.006198400645056834,0.0,0.0
2013-08-22,1.1624828451728166,0.008626382149332867,0.0,0.0
2013-08-23,1.1720001870592267,0.008187081577960997,0.0,0.0
2013-08-26,1.1717335651994718,-0.00022749301808888678,0.0,0.0
2013-08-27,1.16381948739258,-0.00675416156192854,0.0,0.0
2013-08-28,1.1629149199929738,-0.000777240293194259,0.0,0.0
2013-08-29,1.1658845946564982,0.002553647401430048,0.0,0.0
2013-08-30,1.1576962833118318,-0.007023260605891202,0.0,0.0
2013-09-03,1.1610557314229886,0.0029018389016040036,0.027647386732885464,3.2101044335071635e-05
2013-09-04,1.1649083291938802,0.0033181850505745736,0.0,0.0
2013-09-05,1.1580823191464504,-0.005859697176475165,0.0,0.0
2013-09-06,1.164760136830119,0.005766272028563835,0.0,0.0
2013-09-09,1.1753856898954744,0.00912252465496688,0.0,0.0
2013-09-10,1.1762979591778226,0.0007761446223064628,0.0,0.0
2013-09-11,1.1801802179165315,0.00330040421172062,0.0,0.0
2013-09-12,1.1721536300094655,-0.006801154421344213,0.0,0.0
2013-09-13,1.1753634227335128,0.0027383720374789533,0.0,0.0
2013-09-16,1.176584412637368,0.0010388190411911857,0.0,0.0
2013-09-17,1.181373608725885,0.004070422858808653,0.0,0.0
2013-09-18,1.2053538626323141,0.020298619953337038,0.0,0.0
2013-09-19,1.2023498241069568,-0.0024922461515135552,0.0,0.0
2013-09-20,1.1933690933797074,-0.007469315957125744,0.0,0.0
2013-09-23,1.1927716910788804,-0.0005006014519239876,0.0,0.0
2013-09-24,1.193595866954789,0.0006909753828607812,0.0,0.0
2013-09-25,1.1949887837220263,0.001166991949118401,0.0,0.0
2013-09-26,1.196703450757148,0.0014348812796225463,0.0,0.0
2013-09-27,1.195434744611884,-0.001060167533118772,0.0,0.0
2013-09-30,1.1901953697554233,-0.004382819622799072,0.0,0.0
2013-10-01,1.1932543339635147,0.002570136202697526,0.03450477512999621,4.117439317948262e-05
2013-10-02,1.196255761147067,0.0025153289605768236,0.0,0.0
2013-10-03,1.1880251908902753,-0.006880276379107819,0.0,0.0
2013-10-04,1.190422237428645,0.0020176731577328244,0.0,0.0
2013-10-07,1.1875031544737107,-0.002452140814539594,0.0,0.0
2013-10-08,1.177563866199388,-0.008369904734044864,0.0,0.0
2013-10-09,1.174230163366094,-0.0028310165834600776,0.0,0.0
2013-10-10,1.1884713674720646,0.012128119810128402,0.0,0.0
2013-10-11,1.1931583330769189,0.0039436924886324665,0.0,0.0
2013-10-14,1.1947682274378397,0.0013492713551011004,0.0,0.0
2013-10-15,1.1913582710218615,-0.0028540735664612793,0.0,0.0
2013-10-16,1.2036368298181395,0.010306352920810502,0.0,0.0
2013-10-17,1.218243323944602,0.012135300087709577,0.0,0.0
2013-10-18,1.22404586234342,0.004763037305248519,0.0,0.0
2013-10-21,1.2226669413523095,-0.00112652722706863,0.0,0.0
2013-10-22,1.2325664377731878,0.00809664192762849,0.0,0.0
2013-10-23,1.2289306907173345,-0.0029497371861120225,0.0,0.0
2013-10-24,1.2326548981328966,0.00303044544634834,0.0,0.0
2013-10-25,1.2372930890061773,0.003762765134269319,0.0,0.0
2013-10-28,1.235861934056882,-0.00115668224611587,0.0,0.0
2013-10-29,1.236271292111304,0.0003312328368900719,0.0,0.0
2013-10-30,1.2299513020110147,-0.005112138525433241,0.0,0.0
2013-10-31,1.2243844713116736,-0.004526057812402118,0.0,0.0
2013-11-01,1.221185721466181,-0.0026125370914462653,0.011041452359078515,1.3483812846032792e-05
2013-11-04,1.2247451864282666,0.0029147613663644822,0.0,0.0
2013-11-05,1.2172816434214284,-0.006093955779164273,0.0,0.0
2013-11-06,1.2194867309842832,0.0018114851027055678,0.0,0.0
2013-11-07,1.208134079563391,-0.009309368550266317,0.0,0.0
2013-11-08,1.2064105939707495,-0.001426568144873852,0.0,0.0
2013-11-11,1.2055803886116112,-0.000688161529157072,0.0,0.0
2013-11-12,1.2035525253072907,-0.001682063944865475,0.0,0.0
2013-11-13,1.2109074702382279,0.0061110294534585385,0.0,0.0
2013-11-14,1.2171882693948342,0.005186853092392418,0.0,0.0
2013-11-15,1.22089384350205,0.0030443721816824088,0.0,0.0
2013-11-18,1.2166966524032636,-0.0034378018376659547,0.0,0.0
2013-11-19,1.2119103946667023,-0.003933813516382556,0.0,0.0
2013-11-20,1.201535267303003,-0.008560969036454646,0.0,0.0
2013-11-21,1.2094932179913622,0.006623151983063957,0.0,0.0
2013-11-22,1.213634867685638,0.0034242851738797153,0.0,0.0
2013-11-25,1.2142449066247203,0.0005026544270645417,0.0,0.0
2013-11-26,1.2158571167452834,0.0013277470729069485,0.0,0.0
2013-11-27,1.219148089986919,0.002706710514180477,0.0,0.0
2013-11-29,1.2204452693917023,0.0010640047878001102,0.0,0.0
2013-12-02,1.2103159764729876,-0.008299669942400056,0.03384061517383046,4.095922328387376e-05
2013-12-03,1.2088819000206192,-0.0011848777346122885,0.0,0.0
2013-12-04,1.2089868347211397,8.680310336228736e-05,0.0,0.0
2013-12-05,1.205027675781023,-0.003274774237744138,0.0,0.0
2013-12-06,1.2132634544245562,0.006834514102089129,0.0,0.0
2013-12-09,1.216893284945339,0.0029917908658219083,0.0,0.0
2013-12-10,1.2186185583236016,0.0014177688377496889,0.0,0.0
2013-12-11,1.2047218254456118,-0.011403677371454868,0.0,0.0
2013-12-12,1.1981126080319273,-0.005486094195429558,0.0,0.0
2013-12-13,1.2012123948572888,0.002587224944117228,0.0,0.0
2013-12-16,1.206270113233859,0.004210511311924181,0.0,0.0
2013-12-17,1.2051163283448663,-0.0009564896587709315,0.0,0.0
2013-12-18,1.214382081129179,0.007688679147712207,0.0,0.0
2013-12-19,1.2065738540169046,-0.006429794406233258,0.0,0.0
2013-12-20,1.2177988625310836,0.00930320881461899,0.0,0.0
2013-12-23,1.2222491739492063,0.0036543895343055244,0.0,0.0
2013-12-24,1.223117073976454,0.0007100843639300525,0.0,0.0
2013-12-26,1.2255165672423676,0.0019617854389952782,0.0,0.0
2013-12-27,1.226071930265618,0.00045316647534199284,0.0,0.0
2013-12-30,1.2256741299736316,-0.0003244510229511999,0.0,0.0
2013-12-31,1.2271361364254068,0.0011928182344900229,0.0,0.0
2014-01-02,1.2231502895968134,-0.0032480885455822284,0.007666413086895615,9.37724727725661e-06
2014-01-03,1.2257121748087136,0.002094497490365388,0.0,0.0
2014-01-06,1.2253078355106322,-0.0003298811143362945,0.0,0.0
2014-01-07,1.2298511528721985,0.00370789872544397,0.0,0.0
2014-01-08,1.2276336483980042,-0.0018030673622703164,0.0,0.0
2014-01-09,1.2288360793600765,0.00097947051519931,0.0,0.0
2014-01-10,1.2391125093845048,0.008362734621024215,0.0,0.0
2014-01-13,1.2323571873670935,-0.0054517422479793964,0.0,0.0
2014-01-14,1.2384903498484767,0.004976773409734125,0.0,0.0
2014-01-15,1.2431426002805797,0.0037563881161222223,0.0,0.0
2014-01-16,1.2449382425946809,0.001444437921841013,0.0,0.0
2014-01-17,1.2437831224947238,-0.0009278533347563123,0.0,0.0
2014-01-21,1.24680794199587,0.002431950913660108,0.0,0.0
2014-01-22,1.2473641910260427,0.00044613850412456024,0.0,0.0
2014-01-23,1.2492817783919274,0.0015373115403509718,0.0,0.0
2014-01-24,1.2343334589009283,-0.01196553071496853,0.0,0.0
2014-01-27,1.2248587840752991,-0.007675944257450107,0.0,0.0
2014-01-28,1.230964396565164,0.004984748094429614,0.0,0.0
2014-01-29,1.2267786416424076,-0.0034003866679135353,0.0,0.0
2014-01-30,1.2325760704319766,0.004725733390505971,0.0,0.0
2014-01-31,1.2304307297737487,-0.001740534081175249,0.0,0.0
2014-02-03,1.2178772016556532,-0.01020254762363082,0.04202273558474442,5.1180682372146616e-05
2014-02-04,1.2220499680189212,0.0034262619889717794,0.0,0.0
2014-02-05,1.2188085577247203,-0.0026524367898438372,0.0,0.0
2014-02-06,1.2269988886265404,0.006719948633368444,0.0,0.0
2014-02-07,1.2384083086602105,0.009298639256667407,0.0,0.0
2014-02-10,1.2423635028586764,0.0031937723372874594,0.0,0.0
2014-02-11,1.251046059583489,0.006988740980263808,0.0,0.0
2014-02-12,1.251274368523672,0.00018249443210671679,0.0,0.0
2014-02-13,1.25916935751044,0.006309558627084266,0.0,0.0
2014-02-14,1.2642863217846951,0.004063761751931683,0.0,0.0
2014-02-18,1.270075288091292,0.004578841206179574,0.0,0.0
2014-02-19,1.2628302257907977,-0.00570443529484177,0.0,0.0
2014-02-20,1.2675847022380964,0.0037649371627301864,0.0,0.0
2014-02-21,1.269308547244135,0.0013599446277592353,0.0,0.0
2014-02-24,1.275537175800685,0.00490710361170521,0.0,0.0
2014-02-25,1.277786904123786,0.00176374970936366,0.0,0.0
2014-02-26,1.2783747579081004,0.0004600561974905659,0.0,0.0
2014-02-27,1.2824971752528427,0.003224733059880025,0.0,0.0
2014-02-28,1.2831192682841408,0.0004850638608038249,0.0,0.0
2014-03-03,1.2812051645985436,-0.0014917581965367965,0.022986044207868997,2.9450515503663144e-05
2014-03-04,1.2897552260737912,0.006673452239732924,0.0,0.0
2014-03-05,1.2904177232359348,0.0005136611573657301,0.0,0.0
2014-03-06,1.2904971280413655,6.153418695431512e-05,0.0,0.0
2014-03-07,1.2841833334635755,-0.004892528964688725,0.0,0.0
2014-03-10,1.2818600944949066,-0.0018091178324226576,0.0,0.0
2014-03-11,1.2798308753038303,-0.001583027039995244,0.0,0.0
2014-03-12,1.284826262986621,0.0039031623468255283,0.0,0.0
2014-03-13,1.2783210257602344,-0.005063125975698024,0.0,0.0
2014-03-14,1.2784667028104633,0.00011395967624183712,0.0,0.0
2014-03-17,1.2811556417143986,0.0021032529811093603,0.0,0.0
2014-03-18,1.2878722383536507,0.005242607861652315,0.0,0.0
2014-03-19,1.2745764088420706,-0.010323873064130074,0.0,0.0
2014-03-20,1.2755081808442055,0.0007310444439980746,0.0,0.0
2014-03-21,1.276316752677301,0.0006339213226842499,0.0,0.0
2014-03-24,1.2703888248826494,-0.004644558478306138,0.0,0.0
2014-03-25,1.2745324218994671,0.0032616762172799074,0.0,0.0
2014-03-26,1.267059600839235,-0.005863186319807534,0.0,0.0
2014-03-27,1.2670880047974271,2.2417223446646872e-05,0.0,0.0
2014-03-28,1.2691306104446727,0.0016120471818152904,0.0,0.0
2014-03-31,1.2749680119218043,0.004599527762620292,0.0,0.0
2014-04-01,1.2806169984446236,0.004430688825129314,0.016840900268474946,2.156710636240643e-05
2014-04-02,1.2827949253159514,0.0017006855866921189,0.0,0.0
2014-04-03,1.279371433849228,-0.002668775342933527,0.0,0.0
2014-04-04,1.273446459397244,-0.004631160502120535,0.0,0.0
2014-04-07,1.268210649237507,-0.004111527517391966,0.0,0.0
2014-04-08,1.274588593061372,0.0050290886830983705,0.0,0.0
2014-04-09,1.282427756938419,0.006150348371013248,0.0,0.0
2014-04-10,1.2679764553502038,-0.01126870617859621,0.0,0.0
2014-04-11,1.2621016597095214,-0.00463320562136138,0.0,0.0
2014-04-14,1.2676434642661003,0.004390933578087841,0.0,0.0
2014-04-15,1.2693403261380753,0.0013385955276923323,0.0,0.0
2014-04-16,1.2779726550075803,0.006800641791448125,0.0,0.0
2014-04-17,1.2750999608921636,-0.002247852568801334,0.0,0.0
2014-04-21,1.2780842553065757,0.002340439578026432,0.0,0.0
2014-04-22,1.282692504199328,0.0036055908470971065,0.0,0.0
2014-04-23,1.280192403839023,-0.0019491034305727517,0.0,0.0
2014-04-24,1.283641337655887,0.0026940745832590984,0.0,0.0
2014-04-25,1.2770290111355842,-0.0051512259120432,0.0,0.0
2014-04-28,1.2772036736111547,0.0001367725196901315,0.0,0.0
2014-04-29,1.2804953624292064,0.0025772622535171763,0.0,0.0
2014-04-30,1.2839213738995476,0.002675536023685199,0.0,0.0
2014-05-01,1.2873778305524797,0.002692109285815647,0.021200361380039265,2.7293453871448618e-05
2014-05-02,1.2896496774646273,0.0017647087422445473,0.0,0.0
2014-05-05,1.2909355462400147,0.0009970682719941948,0.0,0.0
2014-05-06,1.2845781173543314,-0.004924667931098581,0.0,0.0
2014-05-07,1.2843808235172927,-0.00015358648444441236,0.0,0.0
2014-05-08,1.2822155481801567,-0.0016858514994068097,0.0,0.0
2014-05-09,1.2835698710944432,0.0010562365401112217,0.0,0.0
2014-05-12,1.292952506767541,0.007309797374020377,0.0,0.0
2014-05-13,1.292342659242665,-0.00047167047643581483,0.0,0.0
2014-05-14,1.2920012034050612,-0.0002642146300454451,0.0,0.0
2014-05-15,1.287686318850457,-0.0033396908170304496,0.0,0.0
2014-05-16,1.2911252056193223,0.0026705935432591588,0.0,0.0
2014-05-19,1.2922908800213482,0.0009028360665197521,0.0,0.0
2014-05-20,1.2872438052119022,-0.0039055253638891063,0.0,0.0
2014-05-21,1.2894293454702035,0.001697844844505969,0.0,0.0
2014-05-22,1.292182549819577,0.00213521148641882,0.0,0.0
2014-05-23,1.298446547402063,0.004847610411826686,0.0,0.0
2014-05-27,1.3041941265819412,0.004426504264944953,0.0,0.0
2014-05-28,1.3030811942233345,-0.000853348697040679,0.0,0.0
2014-05-29,1.3051638903374676,0.0015982857579144305,0.0,0.0
2014-05-30,1.304776727027586,-0.0002966396118891934,0.0,0.0
2014-06-02,1.301667422856599,-0.0023830162713511793,0.014468523547982426,1.883347825186588e-05
2014-06-03,1.298314413004313,-0.002575934369570043,0.0,0.0
2014-06-04,1.2997010322623517,0.0010680149924779947,0.0,0.0
2014-06-05,1.3113165132084215,0.008937040640685678,0.0,0.0
2014-06-06,1.3151098209537118,0.002892747637265103,0.0,0.0
2014-06-09,1.3139650449574065,-0.0008704793912002184,0.0,0.0
2014-06-10,1.3124803208446787,-0.0011299570855600738,0.0,0.0
2014-06-11,1.3102303931987427,-0.001714256290325178,0.0,0.0
2014-06-12,1.3097923033532273,-0.0003343609244522705,0.0,0.0
2014-06-13,1.3119123430223598,0.0016186075179285275,0.0,0.0
2014-06-16,1.3118787691873197,-2.559152310643853e-05,0.0,0.0
2014-06-17,1.3118866112739642,5.977752539854109e-06,0.0,0.0
2014-06-18,1.3204002764846758,0.006489634955908263,0.0,0.0
2014-06-19,1.3260130501326595,0.004250812233186352,0.0,0.0
2014-06-20,1.3283210805418557,0.0017405789550604123,0.0,0.0
2014-06-23,1.3268127733100838,-0.0011354989797772719,0.0,0.0
2014-06-24,1.3254070050884108,-0.0010595076034473072,0.0,0.0
2014-06-25,1.3288525361308365,0.0025996022574181765,0.0,0.0
2014-06-26,1.3292260656045687,0.0002810917416162795,0.0,0.0
2014-06-27,1.3324043835339698,0.00239110412565946,0.0,0.0
2014-06-30,1.335164588076439,0.0020715967138655866,0.0,0.0
2014-07-01,1.3396918012486936,0.0033907528799703712,0.02232325414087131,2.990694817012097e-05
2014-07-02,1.3369813242743918,-0.002023209346937449,0.0,0.0
2014-07-03,1.337781104448848,0.0005981984639091831,0.0,0.0
2014-07-07,1.3343116442664782,-0.0025934438532820847,0.0,0.0
2014-07-08,1.3304942249222753,-0.0028609653229111354,0.0,0.0
2014-07-09,1.3349007279717964,0.0033119294822783196,0.0,0.0
2014-07-10,1.3317429513759271,-0.002365551632192986,0.0,0.0
2014-07-11,1.3348693075425047,0.0023475672714072804,0.0,0.0
2014-07-14,1.334483155776335,-0.0002892805789957986,0.0,0.0
2014-07-15,1.3296010719367073,-0.003658407990011381,0.0,0.0
2014-07-16,1.3338792838115954,0.003217665783509238,0.0,0.0
2014-07-17,1.3298300778568803,-0.003035661475410567,0.0,0.0
2014-07-18,1.337546093962211,0.005802257170905323,0.0,0.0
2014-07-21,1.3362709957080274,-0.0009533116353444004,0.0,0.0
2014-07-22,1.3403834563134622,0.0030775648192946647,0.0,0.0
2014-07-23,1.342515620327916,0.0015907119745555143,0.0,0.0
2014-07-24,1.3385613558670326,-0.0029454141173549386,0.0,0.0
2014-07-25,1.3383366447975162,-0.00016787506118520756,0.0,0.0
2014-07-28,1.3381511069122642,-0.0001386331951480635,0.0,0.0
2014-07-29,1.3366830506096776,-0.0010970781214493242,0.0,0.0
2014-07-30,1.33374638269937,-0.0021969814826096057,0.0,0.0
2014-07-31,1.3152206055817381,-0.013890029887194566,0.0,0.0
2014-08-01,1.3153166024986243,7.298921297205219e-05,0.023364907441376745,3.073296874645631e-05
2014-08-04,1.3200991173651964,0.0036360180183896418,0.0,0.0
2014-08-05,1.3135403986594445,-0.004968353223993138,0.0,0.0
2014-08-06,1.3157156200015336,0.0016559988138233894,0.0,0.0
2014-08-07,1.3149129793831262,-0.0006100411108643788,0.0,0.0
2014-08-08,1.3211115893948437,0.004714083828289084,0.0,0.0
2014-08-11,1.3255584658897308,0.0033660112670148568,0.0,0.0
2014-08-12,1.3225918472143667,-0.0022380142043548767,0.0,0.0
2014-08-13,1.3317762559842095,0.006944250253157813,0.0,0.0
2014-08-14,1.3361032300137818,0.003249024759323982,0.0,0.0
2014-08-15,1.337515106316281,0.001056711989600112,0.0,0.0
2014-08-18,1.3426485809991187,0.0038380685635590606,0.0,0.0
2014-08-19,1.344830282786651,0.00162492391412572,0.0,0.0
2014-08-20,1.343548509794452,-0.0009531113394791735,0.0,0.0
2014-08-21,1.3449237038014306,0.0010235536692224656,0.0,0.0
2014-08-22,1.3443245957478498,-0.00044545876609014545,0.0,0.0
2014-08-25,1.3475918574847254,0.00243041133607913,0.0,0.0
2014-08-26,1.3501630934927595,0.0019080228139944921,0.0,0.0
2014-08-27,1.3518040167018146,0.0012153518467239444,0.0,0.0
2014-08-28,1.3520084285846368,0.00015121414073093753,0.0,0.0
2014-08-29,1.3549851865670675,0.0022017303439054725,0.0,0.0
2014-09-02,1.350008895115074,-0.0036725799671664117,0.020836926420864835,2.8130622170730012e-05
2014-09-03,1.3513385857412257,0.0009849495295646271,0.0,0.0
2014-09-04,1.3446577885024924,-0.004943836658870215,0.0,0.0
2014-09-05,1.3491233203428932,0.003320942977896202,0.0,0.0
2014-09-08,1.3452432815964595,-0.0028759704082852444,0.0,0.0
2014-09-09,1.3388722594565512,-0.004735962800979321,0.0,0.0
2014-09-10,1.3379878506423837,-0.0006605625054375563,0.0,0.0
2014-09-11,1.3365511873486828,-0.0010737491323341564,0.0,0.0
2014-09-12,1.323528007605676,-0.009743869046153764,0.0,0.0
2014-09-15,1.3194769937343542,-0.0030607692833415356,0.0,0.0
2014-09-16,1.3245011912743176,0.0038077189400202993,0.0,0.0
2014-09-17,1.3215227413663235,-0.0022487332798307724,0.0,0.0
2014-09-18,1.3257117066369601,0.0031698018804471317,0.0,0.0
2014-09-19,1.3247409163561679,-0.0007322785760525141,0.0,0.0
2014-09-22,1.317579676066435,-0.005405766668270973,0.0,0.0
2014-09-23,1.3144355888088515,-0.002386259681061542,0.0,0.0
2014-09-24,1.3173146945584566,0.002190374160680131,0.0,0.0
2014-09-25,1.3081161928287417,-0.006982767115338517,0.0,0.0
2014-09-26,1.3143519090129439,0.0047669436540784815,0.0,0.0
2014-09-29,1.313194844281517,-0.0008803310007712284,0.0,0.0
2014-09-30,1.3077939652072301,-0.004112778159163222,0.0,0.0
2014-10-01,1.3038584229571695,-0.003009298371733249,0.024059985148865978,3.137156909205925e-05
2014-10-02,1.3019440334821721,-0.0014682494980210459,0.0,0.0
2014-10-03,1.3057915105343176,0.00295517852780125,0.0,0.0
2014-10-06,1.3074458163840816,0.0012668989164181799,0.0,0.0
2014-10-07,1.299067108566862,-0.006408455105537114,0.0,0.0
2014-10-08,1.3166385424873224,0.013526194147002402,0.0,0.0
2014-10-09,1.300743340264155,-0.012072563357547583,0.0,0.0
2014-10-10,1.2923770833393613,-0.006431904485549533,0.0,0.0
2014-10-13,1.289319140973007,-0.002366137875528529,0.0,0.0
2014-10-14,1.2960644102394692,0.0052316521581863284,0.0,0.0
2014-10-15,1.2960180996557589,-3.5731699246088766e-05,0.0,0.0
2014-10-16,1.2944320345818625,-0.0012237985521326156,0.0,0.0
2014-10-17,1.299553674692039,0.0039566697774371384,0.0,0.0
2014-10-20,1.3109245890670431,0.008749861276563742,0.0,0.0
2014-10-21,1.3232658133958988,0.009414137496374764,0.0,0.0
2014-10-22,1.3167245396351,-0.004943280249953719,0.0,0.0
2014-10-23,1.3238713267902686,0.00542770104151713,0.0,0.0
2014-10-24,1.3274933280970864,0.0027359164244453726,0.0,0.0
2014-10-27,1.327789654286039,0.00022322235651262012,0.0,0.0
2014-10-28,1.3386129499637027,0.008151363164132785,0.0,0.0
2014-10-29,1.3328118576870769,-0.004333659163228032,0.0,0.0
2014-10-30,1.3365086491332545,0.0027736783889309446,0.0,0.0
2014-10-31,1.3445084620302143,0.005985605033044683,0.0,0.0
2014-11-03,1.343866222112684,-0.00047767636699025395,0.03612503497247513,4.854896810531885e-05
2014-11-04,1.3421302227679026,-0.0012917947606810865,0.0,0.0
2014-11-05,1.3392756622966897,-0.0021268878554316917,0.0,0.0
2014-11-06,1.3375519841585666,-0.0012870226695280707,0.0,0.0
2014-11-07,1.345299753760331,0.005792499800774786,0.0,0.0
2014-11-10,1.3432150739191897,-0.0015496024847356793,0.0,0.0
2014-11-11,1.346844359040521,0.0027019389461897525,0.0,0.0
2014-11-12,1.3440637862206413,-0.0020645093853759455,0.0,0.0
2014-11-13,1.3457058290057287,0.0012217000427521274,0.0,0.0
2014-11-14,1.3500661291864777,0.0032401585002947986,0.0,0.0
2014-11-17,1.3468887987682463,-0.002353462804185802,0.0,0.0
2014-11-18,1.3547605290161577,0.00584438021543443,0.0,0.0
2014-11-19,1.3459028550916545,-0.0065381842287181025,0.0,0.0
2014-11-20,1.351645403203971,0.004266688409636732,0.0,0.0
2014-11-21,1.3581158806520843,0.004787111643908659,0.0,0.0
2014-11-24,1.3635043642088758,0.0039676169269180495,0.0,0.0
2014-11-25,1.3668982692815963,0.0024891046642814274,0.0,0.0
2014-11-26,1.372027888762335,0.0037527441478395485,0.0,0.0
2014-11-28,1.3662136889769654,-0.004237668806145289,0.0,0.0
2014-12-01,1.364905211500805,-0.0009577399836626643,0.01251623995332302,1.7083694964310633e-05
2014-12-02,1.3653750149622066,0.00034420226213738303,0.0,0.0
2014-12-03,1.3702008994061339,0.0035344754305914883,0.0,0.0
2014-12-04,1.3700137593846664,-0.00013657852768056422,0.0,0.0
2014-12-05,1.3673027325292406,-0.001978831845195095,0.0,0.0
2014-12-08,1.367188866431197,-8.327789840145705e-05,0.0,0.0
2014-12-09,1.3749387829976367,0.005668504737512459,0.0,0.0
2014-12-10,1.3643452756170258,-0.007704712029080296,0.0,0.0
2014-12-11,1.3669346552544397,0.0018978917460925615,0.0,0.0
2014-12-12,1.3577900995337497,-0.006689826529409193,0.0,0.0
2014-12-15,1.3438883406417772,-0.010238518381262551,0.0,0.0
2014-12-16,1.3435376059274415,-0.00026098501172211463,0.0,0.0
2014-12-17,1.3581605075248826,0.010883879642019423,0.0,0.0
2014-12-18,1.3712910442404234,0.009667882877459011,0.0,0.0
2014-12-19,1.3750290268293144,0.002725885656871263,0.0,0.0
2014-12-22,1.3787019261913633,0.002671143147078281,0.0,0.0
2014-12-23,1.3729862671159179,-0.004145681504366117,0.0,0.0
2014-12-24,1.3752230899549656,0.0016291662142742247,0.0,0.0
2014-12-26,1.3829997783804682,0.005654855915600665,0.0,0.0
2014-12-29,1.3836571567735396,0.00047532790919269097,0.0,0.0
2014-12-30,1.381716988006722,-0.0014022033979441684,0.0,0.0
2014-12-31,1.3712443786339186,-0.007579417104736641,0.0,0.0
2015-01-02,1.374810123686389,0.0026003716828526535,0.025913540326734544,3.562712080658247e-05
2015-01-05,1.3697654244652564,-0.0036693788721935405,0.0,0.0
2015-01-06,1.3686218830885166,-0.0008348446794721465,0.0,0.0
2015-01-07,1.3782686963955424,0.007048559888035877,0.0,0.0
2015-01-08,1.3866638266262128,0.00609106936305337,0.0,0.0
2015-01-09,1.386125995694677,-0.00038785963923526623,0.0,0.0
2015-01-12,1.3866996685604247,0.0004138677634857313,0.0,0.0
2015-01-13,1.386437208603068,-0.0001892695032004177,0.0,0.0
2015-01-14,1.3862319269662806,-0.00014806414276369306,0.0,0.0
2015-01-15,1.3893536089887835,0.0022519190055985128,0.0,0.0
2015-01-16,1.3990558281157122,0.006983261182867739,0.0,0.0
2015-01-20,1.404518069848909,0.0039042342867430246,0.0,0.0
2015-01-21,1.4048087325750211,0.00020694837065593497,0.0,0.0
2015-01-22,1.4185443459606089,0.009777568338723341,0.0,0.0
2015-01-23,1.418361012661424,-0.00012924044264606138,0.0,0.0
2015-01-26,1.421674576134642,0.002336191874733329,0.0,0.0
2015-01-27,1.416931063628025,-0.003336567021908876,0.0,0.0
2015-01-28,1.4098100140394352,-0.0050256852795340645,0.0,0.0
2015-01-29,1.4126963739565044,0.0020473396332312266,0.0,0.0
2015-01-30,1.4076654531656765,-0.0035612187328958322,0.0,0.0
2015-02-02,1.412215022789436,0.003231996362152545,0.031842185713634355,4.496944494866252e-05
2015-02-03,1.4168391381068717,0.003274370575878871,0.0,0.0
2015-02-04,1.4144203823689485,-0.0017071491553762863,0.0,0.0
2015-02-05,1.4224980123559043,0.0057109117541327414,0.0,0.0
2015-02-06,1.40384749310827,-0.013111103907094912,0.0,0.0
2015-02-09,1.399562799100758,-0.0030521078881761143,0.0,0.0
2015-02-10,1.4047477221493274,0.0037046733822168054,0.0,0.0
2015-02-11,1.4021769395429518,-0.0018300671115822897,0.0,0.0
2015-02-12,1.4131933152639353,0.007856623091073267,0.0,0.0
2015-02-13,1.4151700328652272,0.0013987595185607216,0.0,0.0
2015-02-17,1.4100857106963578,-0.0035927288246596634,0.0,0.0
2015-02-18,1.4153103313411612,0.0037051794831841622,0.0,0.0
2015-02-19,1.4108929506916743,-0.003121139266538786,0.0,0.0
2015-02-20,1.4168859742120958,0.004247681241502876,0.0,0.0
2015-02-23,1.4206302770677817,0.002642628216972698,0.0,0.0
2015-02-24,1.4222785469913453,0.0011602384872195781,0.0,0.0
2015-02-25,1.4235595068763895,0.0009006392508372763,0.0,0.0
2015-02-26,1.4199055009233565,-0.0025668094205986147,0.0,0.0
2015-02-27,1.4207773681128808,0.0006140318415255308,0.0,0.0
2015-03-02,1.4208780034183137,7.083115742934076e-05,0.051543569575090986,7.324089932429813e-05
2015-03-03,1.4157728209806428,-0.003592977317819712,0.0,0.0
2015-03-04,1.410781068581691,-0.00352581454098988,0.0,0.0
2015-03-05,1.412560191382993,0.0012610906404426636,0.0,0.0
2015-03-06,1.3869953286916545,-0.018098246607324175,0.0,0.0
2015-03-09,1.3930823278712134,0.004388622696588795,0.0,0.0
2015-03-10,1.3828071689313115,-0.007375844725274416,0.0,0.0
2015-03-11,1.3842219920093028,0.001023152837054564,0.0,0.0
2015-03-12,1.3951744937573531,0.007912388194434072,0.0,0.0
2015-03-13,1.3908149648380768,-0.003124719480454119,0.0,0.0
2015-03-16,1.4018748654739535,0.007952100685920005,0.0,0.0
2015-03-17,1.4024646554579523,0.00042071514264541143,0.0,0.0
2015-03-18,1.424063762171723,0.015400820712103913,0.0,0.0
2015-03-19,1.4197342422753108,-0.0030402570526825157,0.0,0.0
2015-03-20,1.4358144366928505,0.011326200311805534,0.0,0.0
2015-03-23,1.4369298986165446,0.0007768844602673575,0.0,0.0
2015-03-24,1.435783332889609,-0.0007979273923102159,0.0,0.0
2015-03-25,1.4189578074625229,-0.01171870785909157,0.0,0.0
2015-03-26,1.4124282751172783,-0.004601639534949298,0.0,0.0
2015-03-27,1.4176473181215767,0.0036950853337065492,0.0,0.0
2015-03-30,1.4241929415027237,0.004617243864165177,0.0,0.0
2015-03-31,1.4164739924092506,-0.005419875965210541,0.0,0.0
2015-04-01,1.4219052301950625,0.003834336397927185,0.018765566483750183,2.6683357859143985e-05
2015-04-02,1.4232154373115251,0.0009214447549945604,0.0,0.0
2015-04-06,1.4317496028378307,0.005996397525329433,0.0,0.0
2015-04-07,1.4276084338108153,-0.0028923835695902067,0.0,0.0
2015-04-08,1.4312190322286296,0.002529123765524721,0.0,0.0
2015-04-09,1.424635684707511,-0.004599818317722715,0.0,0.0
2015-04-10,1.4299557504450986,0.003734334184307464,0.0,0.0
2015-04-13,1.4260804187201277,-0.0027101060461238724,0.0,0.0
2015-04-14,1.4283884208936297,0.0016184235778045064,0.0,0.0
2015-04-15,1.4325985391426714,0.00294746035984228,0.0,0.0
2015-04-16,1.431539858000639,-0.0007389935931847447,0.0,0.0
2015-04-17,1.4239278880713377,-0.005317330067171611,0.0,0.0
2015-04-20,1.4271116109764597,0.0022358736926166856,0.0,0.0
2015-04-21,1.4295837912555815,0.0017322963811010617,0.0,0.0
2015-04-22,1.4262597210437689,-0.0023252013852879116,0.0,0.0
2015-04-23,1.4318460515557063,0.003916769456161262,0.0,0.0
2015-04-24,1.4345415402299952,0.001882526875958579,0.0,0.0
2015-04-27,1.4353713967703057,0.0005784820564884718,0.0,0.0
2015-04-28,1.434537819046007,-0.0005807400970747612,0.0,0.0
2015-04-29,1.42072942320242,-0.009625675712592874,0.0,0.0
2015-04-30,1.4048405042431535,-0.011183634758159422,0.0,0.0
2015-05-01,1.4097336925961004,0.0034830917375798798,0.032419224905988565,4.570395532462997e-05
2015-05-04,1.4105188189269664,0.0005569323731067222,0.0,0.0
2015-05-05,1.3968714989476725,-0.009675390215407309,0.0,0.0
2015-05-06,1.3918450872886357,-0.0035983350385654367,0.0,0.0
2015-05-07,1.3978388658904266,0.004306354677349189,0.0,0.0
2015-05-08,1.412406918266699,0.010421839549433765,0.0,0.0
2015-05-11,1.4000745294298613,-0.008731470143159559,0.0,0.0
2015-05-12,1.4005622881871642,0.00034838056621278035,0.0,0.0
2015-05-13,1.402254355419023,0.0012081342230405578,0.0,0.0
2015-05-14,1.4160175545532754,0.009815051799314745,0.0,0.0
2015-05-15,1.4231803616858536,0.005058416902774976,0.0,0.0
2015-05-18,1.42120269734158,-0.0013896090738148015,0.0,0.0
2015-05-19,1.414426658909096,-0.004767819850862165,0.0,0.0
2015-05-20,1.4157207753097976,0.0009149406174935315,0.0,0.0
2015-05-21,1.4196450542482326,0.0027719300351274345,0.0,0.0
2015-05-22,1.416699598963006,-0.002074782901833383,0.0,0.0
2015-05-26,1.4075366889968703,-0.006467786094414563,0.0,0.0
2015-05-27,1.41820111607506,0.0075766601052438265,0.0,0.0
2015-05-28,1.416176211698736,-0.0014277977596915958,0.0,0.0
2015-05-29,1.4097746675023943,-0.004520302024183076,0.0,0.0
2015-06-01,1.4099331593722007,0.0001124235478617841,0.01113451287096208,1.56990937119865e-05
2015-06-02,1.406084789973949,-0.0027294693884390986,0.0,0.0
2015-06-03,1.4021213155098995,-0.002818801890405842,0.0,0.0
2015-06-04,1.3971542745216787,-0.0035425187059612284,0.0,0.0
2015-06-05,1.3897829149321757,-0.005275981131022012,0.0,0.0
2015-06-08,1.3857683335915583,-0.002888639151829908,0.0,0.0
2015-06-09,1.38098240123821,-0.0034536309117011443,0.0,0.0
2015-06-10,1.391980349419915,0.007963858316980765,0.0,0.0
2015-06-11,1.3990319191538623,0.0050658543684800605,0.0,0.0
2015-06-12,1.3938005719790252,-0.003739262202109739,0.0,0.0
2015-06-15,1.3906563733286266,-0.0022558454298338138,0.0,0.0
2015-06-16,1.3962759079727076,0.0040409225110229485,0.0,0.0
2015-06-17,1.3972884992129428,0.0007252085597504454,0.0,0.0
2015-06-18,1.409101017944021,0.008453886751184081,0.0,0.0
2015-06-19,1.4084086057182323,-0.0004913857963135815,0.0,0.0
2015-06-22,1.4061829517098317,-0.0015802615798883313,0.0,0.0
2015-06-23,1.4033142348295544,-0.0020400737164314453,0.0,0.0
2015-06-24,1.3985775699429421,-0.0033753415799901987,0.0,0.0
2015-06-25,1.3946822725584647,-0.0027851850824666124,0.0,0.0
2015-06-26,1.391591306781283,-0.002216250853688262,0.0,0.0
2015-06-29,1.3778740803197373,-0.00985722344965878,0.0,0.0
2015-06-30,1.3763715895679258,-0.001090441262573738,0.0,0.0
2015-07-01,1.379993006677226,0.0026311332904196405,0.011425165278423608,1.5766828322976078e-05
2015-07-02,1.3801446045634962,0.00010985409747488184,0.0,0.0
2015-07-06,1.3811670437976444,0.0007408203682190972,0.0,0.0
2015-07-07,1.3860270231848981,0.003518748444714337,0.0,0.0
2015-07-08,1.3751684584561708,-0.007834309538767736,0.0,0.0
2015-07-09,1.373599677308866,-0.0011407919790903387,0.0,0.0
2015-07-10,1.3839471432955401,0.007533101643520279,0.0,0.0
2015-07-13,1.3900239845384261,0.004390948940734329,0.0,0.0
2015-07-14,1.3950529397993099,0.003617890998156792,0.0,0.0
2015-07-15,1.3952987583881113,0.00017620735513945718,0.0,0.0
2015-07-16,1.4040399279920808,0.006264729722878393,0.0,0.0
2015-07-17,1.4044531266531015,0.0002942926713001004,0.0,0.0
2015-07-20,1.3991955280273354,-0.0037435201830446907,0.0,0.0
2015-07-21,1.3973629418124953,-0.0013097427615593737,0.0,0.0
2015-07-22,1.3954951089429881,-0.0013366841309563338,0.0,0.0
2015-07-23,1.3912487413652461,-0.003042911114864766,0.0,0.0
2015-07-24,1.3857026719469443,-0.003986396719295127,0.0,0.0
2015-07-27,1.381108310902075,-0.0033155460676236315,0.0,0.0
2015-07-28,1.3872200314903105,0.004425229028014233,0.0,0.0
2015-07-29,1.3907481285085779,0.0025432858077150122,0.0,0.0
2015-07-30,1.3911911554506906,0.00031855296658767074,0.0,0.0
2015-07-31,1.3973376879299426,0.004418179669393396,0.0,0.0
2015-08-03,1.397010407470437,-0.00023421715619109662,0.028773876958763246,4.0198562243149814e-05
2015-08-04,1.3928686412342062,-0.002964735419351938,0.0,0.0
2015-08-05,1.3923515107365532,-0.00037127011287640954,0.0,0.0
2015-08-06,1.387888542228201,-0.0032053461169380126,0.0,0.0
2015-08-07,1.3898055350237626,0.001381229642896109,0.0,0.0
2015-08-10,1.3964412591069892,0.004774570194177041,0.0,0.0
2015-08-11,1.393960100352291,-0.0017767727346332807,0.0,0.0
2015-08-12,1.3950084968307983,0.0007520993450547131,0.0,0.0
2015-08-13,1.3913700669290616,-0.0026081775917512484,0.0,0.0
2015-08-14,1.3951409272666415,0.002710177850744344,0.0,0.0
2015-08-17,1.4023533434891169,0.005169668584381615,0.0,0.0
2015-08-18,1.396675873187627,-0.0040485305132614835,0.0,0.0
2015-08-19,1.3947803934683909,-0.0013571364377549244,0.0,0.0
2015-08-20,1.3817288247561306,-0.009357436319996637,0.0,0.0
2015-08-21,1.3620583108988003,-0.014236160891267557,0.0,0.0
2015-08-24,1.3273724344931068,-0.025465779348906703,0.0,0.0
2015-08-25,1.3146536462470417,-0.009581928866047362,0.0,0.0
2015-08-26,1.3343891916598671,0.015011973282213598,0.0,0.0
2015-08-27,1.3508472059223808,0.012333743682412024,0.0,0.0
2015-08-28,1.3544034266213991,0.002632585449654945,0.0,0.0
2015-08-31,1.3438344076582625,-0.007803449663075224,0.0,0.0
2015-09-01,1.3234358165487932,-0.015179393378545347,0.05068028186086568,6.707549961268425e-05
2015-09-02,1.3358304219798327,0.009365475284900171,0.0,0.0
2015-09-03,1.336111904769992,0.00021071745749146054,0.0,0.0
2015-09-04,1.324646606440782,-0.008581091365385096,0.0,0.0
2015-09-08,1.3414752914897887,0.012704282762799668,0.0,0.0
2015-09-09,1.3317400447884007,-0.007257119652629984,0.0,0.0
2015-09-10,1.335688335382743,0.0029647607352452088,0.0,0.0
2015-09-11,1.3421534821434007,0.0048403108639900605,0.0,0.0
2015-09-14,1.3393571655593666,-0.0020834551496811127,0.0,0.0
2015-09-15,1.3433222011125474,0.0029604019414231075,0.0,0.0
2015-09-16,1.3535130839474658,0.007586328005655174,0.0,0.0
2015-09-17,1.3608201315562454,0.005398579219839439,0.0,0.0
2015-09-18,1.3527307196340796,-0.0059445122353639634,0.0,0.0
2015-09-21,1.3506593360238317,-0.0015312608638090586,0.0,0.0
2015-09-22,1.3389220122225645,-0.008690069722407157,0.0,0.0
2015-09-23,1.3391345923345752,0.0001587695997751215,0.0,0.0
2015-09-24,1.3401256588671493,0.0007400798532477548,0.0,0.0
2015-09-25,1.3355834614387936,-0.003389381733199137,0.0,0.0
2015-09-28,1.3170359644055116,-0.013887186812946317,0.0,0.0
2015-09-29,1.316748679902217,-0.0002181295811647388,0.0,0.0
2015-09-30,1.328221394752655,0.008712911602303697,0.0,0.0
2015-10-01,1.3309501281902905,0.0020544266553872426,0.017597260517182058,2.3421488295172984e-05
2015-10-02,1.3481258278535115,0.012904840909835569,0.0,0.0
2015-10-05,1.3607086252256688,0.009333548183845464,0.0,0.0
2015-10-06,1.360665641831441,-3.1588977559948717e-05,0.0,0.0
2015-10-07,1.3700406109919014,0.006889987423980282,0.0,0.0
2015-10-08,1.3737718363046312,0.0027234413949439595,0.0,0.0
2015-10-09,1.378239828643403,0.003252354008647096,0.0,0.0
2015-10-12,1.3820593427775614,0.0027712986192816036,0.0,0.0
2015-10-13,1.3748486282456054,-0.005217369695185714,0.0,0.0
2015-10-14,1.376237718252525,0.001010358506661202,0.0,0.0
2015-10-15,1.3894632597194938,0.009609925154327126,0.0,0.0
2015-10-16,1.390797879302726,0.0009605288760938802,0.0,0.0
2015-10-19,1.3928723786881196,0.0014915894079690073,0.0,0.0
2015-10-20,1.3904717969137397,-0.0017234757549294821,0.0,0.0
2015-10-21,1.3857905399181751,-0.003366668066159262,0.0,0.0
2015-10-22,1.3979367440462256,0.008764819630510345,0.0,0.0
2015-10-23,1.4043011931238167,0.00455274468225908,0.0,0.0
2015-10-26,1.4033529666205964,-0.0006752301485346557,0.0,0.0
2015-10-27,1.400679238776958,-0.0019052425920166316,0.0,0.0
2015-10-28,1.4078856634783907,0.005144950037044405,0.0,0.0
2015-10-29,1.3985597393085212,-0.006624063595355056,0.0,0.0
2015-10-30,1.395156154402626,-0.002433635696947656,0.0,0.0
2015-11-02,1.4057978844614756,0.007627626502788143,0.0385039653742714,5.413087731995412e-05
2015-11-03,1.4019770069886737,-0.0027179422554513,0.0,0.0
2015-11-04,1.3979940711414809,-0.0028409423459431205,0.0,0.0
2015-11-05,1.3969041454828197,-0.0007796353941410539,0.0,0.0
2015-11-06,1.3858023237522166,-0.007947447050324241,0.0,0.0
2015-11-09,1.3747557250153855,-0.007971265849029074,0.0,0.0
2015-11-10,1.377604978819263,0.00207255278303764,0.0,0.0
2015-11-11,1.3753032740137603,-0.0016708017471565029,0.0,0.0
2015-11-12,1.3652524573593088,-0.007308072949698374,0.0,0.0
2015-11-13,1.3564274756177341,-0.006463992570754362,0.0,0.0
2015-11-16,1.3670313695061935,0.007817516291189985,0.0,0.0
2015-11-17,1.3650660701824415,-0.001437640252880179,0.0,0.0
2015-11-18,1.3775481825659965,0.009143962080814694,0.0,0.0
2015-11-19,1.3816874377407573,0.003004798835457345,0.0,0.0
2015-11-20,1.3850099587288809,0.0024046835032069946,0.0,0.0
2015-11-23,1.383703654172793,-0.0009431734030900252,0.0,0.0
2015-11-24,1.3853384974141734,0.0011814981021769366,0.0,0.0
2015-11-25,1.3877218233464526,0.0017203924793312009,0.0,0.0
2015-11-27,1.388283436824129,0.0004047017696400257,0.0,0.0
2015-11-30,1.3867748828126159,-0.001086632579125335,0.0,0.0
2015-12-01,1.3998044431674443,0.009395584327574813,0.01640703315604744,2.296701473160282e-05
2015-12-02,1.3865525108712111,-0.009466988307486046,0.0,0.0
2015-12-03,1.369495978705237,-0.012301396472360837,0.0,0.0
2015-12-04,1.389454473437045,0.014573605941272882,0.0,0.0
2015-12-07,1.383092483780137,-0.004578767983070775,0.0,0.0
2015-12-08,1.3784687796919626,-0.003343018736923109,0.0,0.0
2015-12-09,1.3703054428417691,-0.005922032454023118,0.0,0.0
2015-12-10,1.3705545114905815,0.0001817614095553921,0.0,0.0
2015-12-11,1.360016611566238,-0.007688785696588374,0.0,0.0
2015-12-14,1.3561973528439029,-0.0028082441713243034,0.0,0.0
2015-12-15,1.3625377426904466,0.004675123302112505,0.0,0.0
2015-12-16,1.3784976683492633,0.01171338243247666,0.0,0.0
2015-12-17,1.366820616636154,-0.008470853437925974,0.0,0.0
2015-12-18,1.35780242694831,-0.0065979321485788445,0.0,0.0
2015-12-21,1.3656882046964771,0.005807750517791144,0.0,0.0
2015-12-22,1.3693789029309336,0.0027024457132780455,0.0,0.0
2015-12-23,1.3777660141830832,0.006124755708006191,0.0,0.0
2015-12-24,1.3802972969172314,0.0018372370258015192,0.0,0.0
2015-12-28,1.3785716212349723,-0.0012502202866825352,0.0,0.0
2015-12-29,1.3845679876220465,0.004349695216924854,0.0,0.0
2015-12-30,1.3769100399705811,-0.005530929300638809,0.0,0.0
2015-12-31,1.3682374738892158,-0.006298571315196955,0.0,0.0
2016-01-04,1.3572912771031964,-0.008000217063858672,0.023664093013878024,3.21198271148716e-05
2016-01-05,1.360546929546782,0.0023986394803434674,0.0,0.0
2016-01-06,1.3563279106708002,-0.003100972692935522,0.0,0.0
2016-01-07,1.3386363439835285,-0.013043723828201625,0.0,0.0
2016-01-08,1.3285989501552233,-0.007498223003893467,0.0,0.0
2016-01-11,1.3261969160198053,-0.0018079452306788424,0.0,0.0
2016-01-12,1.3314726324119928,0.003978079219201458,0.0,0.0
2016-01-13,1.3147726218863518,-0.012542511290966951,0.0,0.0
2016-01-14,1.319274912836261,0.0034243875138271207,0.0,0.0
2016-01-15,1.3054507194873979,-0.010478629749081647,0.0,0.0
2016-01-19,1.3047509134917075,-0.0005360646596948015,0.0,0.0
2016-01-20,1.2992842123314556,-0.00418984275368095,0.0,0.0
2016-01-21,1.3004948159754597,0.0009317465974836292,0.0,0.0
2016-01-22,1.3196457484100375,0.014725881410156294,0.0,0.0
2016-01-25,1.310734951862326,-0.006752415607330753,0.0,0.0
2016-01-26,1.326171793329474,0.011777241039628183,0.0,0.0
2016-01-27,1.3141973591545435,-0.009029323527435129,0.0,0.0
2016-01-28,1.314962717751868,0.0005823772144974981,0.0,0.0
2016-01-29,1.3364017874029628,0.01630393726123902,0.0,0.0
2016-02-01,1.3368356975853577,0.0003246854250607001,0.03521553648453336,4.707904419594229e-05
2016-02-02,1.3246688597913945,-0.00910122150084669,0.0,0.0
2016-02-03,1.3275122400335162,0.0021464837956328697,0.0,0.0
2016-02-04,1.331621515839239,0.0030954711239568056,0.0,0.0
2016-02-05,1.3155008479721548,-0.012106043402974276,0.0,0.0
2016-02-08,1.307454928004089,-0.006116240807042095,0.0,0.0
2016-02-09,1.3003827716361458,-0.005409101466112731,0.0,0.0
2016-02-10,1.304918331675378,0.0034878653717671515,0.0,0.0
2016-02-11,1.3052963258262458,0.0002896688181108775,0.0,0.0
2016-02-12,1.313373522784243,0.006188017845590865,0.0,0.0
2016-02-16,1.3212592887887418,0.006004206623399622,0.0,0.0
2016-02-17,1.3342321950231275,0.00981859226607873,0.0,0.0
2016-02-18,1.339474556079404,0.003929121989284301,0.0,0.0
2016-02-19,1.340372323790409,0.0006702387193027182,0.0,0.0
2016-02-22,1.3476516942517893,0.005430857032913794,0.0,0.0
2016-02-23,1.341888490752035,-0.004276478502818204,0.0,0.0
2016-02-24,1.3454360827495901,0.0026437308479834165,0.0,0.0
2016-02-25,1.3579184322288511,0.009277549219396164,0.0,0.0
2016-02-26,1.354106010725162,-0.0028075482394267492,0.0,0.0
2016-02-29,1.3521683108223495,-0.0014309809479206015,0.0,0.0
2016-03-01,1.3685316110401573,0.012101526183420308,0.016209776675486048,2.2183951385202005e-05
2016-03-02,1.3759155646472574,0.005395530178135877,0.0,0.0
2016-03-03,1.3850784976235766,0.006659516914955699,0.0,0.0
2016-03-04,1.3865509715727629,0.0010630978328756147,0.0,0.0
2016-03-07,1.3887965083291753,0.001619512590918637,0.0,0.0
2016-03-08,1.3797160275726903,-0.006538381038565189,0.0,0.0
2016-03-09,1.3814332575722887,0.001244625680415945,0.0,0.0
2016-03-10,1.3817885271574801,0.00025717462877339337,0.0,0.0
2016-03-11,1.3953555379912357,0.009818442234185154,0.0,0.0
2016-03-14,1.3934201547943217,-0.001387017963679793,0.0,0.0
2016-03-15,1.388970515642744,-0.00319332193973787,0.0,0.0
2016-03-16,1.4015858309620688,0.009082493240316847,0.0,0.0
2016-03-17,1.4097374593817493,0.005816003729208097,0.0,0.0
2016-03-18,1.4114956057574453,0.0012471445402797432,0.0,0.0
2016-03-21,1.4073508989547554,-0.0029363936988423545,0.0,0.0
2016-03-22,1.407406389454547,3.9429043483529824e-05,0.0,0.0
2016-03-23,1.39762624780561,-0.006949053039845388,0.0,0.0
2016-03-24,1.3965892760219567,-0.0007419521386933248,0.0,0.0
2016-03-28,1.4000444214028906,0.002473988194135135,0.0,0.0
2016-03-29,1.4208604530359414,0.014868122264429573,0.0,0.0
2016-03-30,1.4190439161131965,-0.0012784766574814865,0.0,0.0
2016-03-31,1.4209187329180606,0.0013211830751505005,0.0,0.0
2016-04-01,1.4226489040580803,0.0012176425716243777,0.018900914007142115,2.6889872841130468e-05
2016-04-04,1.4182132954618232,-0.003117851905417135,0.0,0.0
2016-04-05,1.4128859757727472,-0.003756359996146541,0.0,0.0
2016-04-06,1.4203593698187067,0.005289453058568316,0.0,0.0
2016-04-07,1.4148295701484277,-0.0038932398291460224,0.0,0.0
2016-04-08,1.418351527458957,0.00248931559308585,0.0,0.0
2016-04-11,1.4186705069385268,0.0002248945154952331,0.0,0.0
2016-04-12,1.425647582576239,0.004918038123431945,0.0,0.0
2016-04-13,1.4348520042405681,0.006456309242776737,0.0,0.0
2016-04-14,1.4307712944758575,-0.0028439934938589984,0.0,0.0
2016-04-15,1.4349830633436123,0.0029437051777709833,0.0,0.0
2016-04-18,1.440116169726462,0.003577119837839149,0.0,0.0
2016-04-19,1.4455938307922978,0.003803624444322695,0.0,0.0
2016-04-20,1.4399416319881215,-0.003909949450378036,0.0,0.0
2016-04-21,1.4333805171406688,-0.0045565144459319695,0.0,0.0
2016-04-22,1.4318647479043238,-0.0010574786096357869,0.0,0.0
2016-04-25,1.4301374943312664,-0.0012062965972068351,0.0,0.0
2016-04-26,1.4325172697979605,0.0016640186528407153,0.0,0.0
2016-04-27,1.435527000184072,0.002101008099215429,0.0,0.0
2016-04-28,1.431102029830345,-0.0030824710041397196,0.0,0.0
2016-04-29,1.4294365953566102,-0.0011637426535774376,0.0,0.0
2016-05-02,1.4358243629739893,0.004468730993826053,0.022791130847964577,3.272480676658814e-05
2016-05-03,1.42915222861947,-0.004646901478046694,0.0,0.0
2016-05-04,1.4256974477046815,-0.0024173638368291117,0.0,0.0
2016-05-05,1.426446973573086,0.0005257257559176942,0.0,0.0
2016-05-06,1.4320001567567926,0.0038930176070943734,0.0,0.0
2016-05-09,1.4315341620355075,-0.0003254152725377102,0.0,0.0
2016-05-10,1.4412212224280982,0.0067669082928600854,0.0,0.0
2016-05-11,1.4330854667932718,-0.0056450429040447725,0.0,0.0
2016-05-12,1.4297962841679193,-0.002295175480854228,0.0,0.0
2016-05-13,1.4259094139539257,-0.0027184783294185166,0.0,0.0
2016-05-16,1.4337992759934868,0.005533214075418069,0.0,0.0
2016-05-17,1.4232666869627089,-0.007345929940911544,0.0,0.0
2016-05-18,1.4148499529816974,-0.005913673142292852,0.0,0.0
2016-05-19,1.409556633301605,-0.0037412586889069566,0.0,0.0
2016-05-20,1.4183761849197678,0.006256968616794589,0.0,0.0
2016-05-23,1.417048980983115,-0.0009357206859249567,0.0,0.0
2016-05-24,1.4271326072043298,0.0071159334338739555,0.0,0.0
2016-05-25,1.4317219776112515,0.0032157981562148663,0.0,0.0
2016-05-26,1.4338062169786276,0.0014557570533726416,0.0,0.0
2016-05-27,1.4363185329124943,0.0017522004745946784,0.0,0.0
2016-05-31,1.4374757313551911,0.000805669784369023,0.0,0.0
2016-06-01,1.439759994949618,0.001589079762948975,0.020367316008036145,2.932464405716017e-05
2016-06-02,1.444230923605069,0.0031053291320317644,0.0,0.0
2016-06-03,1.4526720280763252,0.0058447055337838005,0.0,0.0
2016-06-06,1.454062632457426,0.0009572734617477874,0.0,0.0
2016-06-07,1.4573978599082427,0.0022937302536825133,0.0,0.0
2016-06-08,1.465497376366677,0.005557519110769293,0.0,0.0
2016-06-09,1.4644137480825339,-0.000739426969722512,0.0,0.0
2016-06-10,1.4539011171186191,-0.007178730039703374,0.0,0.0
2016-06-13,1.4485071716018556,-0.0037099809975065234,0.0,0.0
2016-06-14,1.4440495995751164,-0.0030773558558290226,0.0,0.0
2016-06-15,1.4490909085290902,0.003491091272389113,0.0,0.0
2016-06-16,1.4506945138387328,0.0011066285077105942,0.0,0.0
2016-06-17,1.449319824617073,-0.000947607651746174,0.0,0.0
2016-06-20,1.4546882753672683,0.003704117379070393,0.0,0.0
2016-06-21,1.4528621493261933,-0.0012553383924222006,0.0,0.0
2016-06-22,1.451781987064506,-0.000743471954437247,0.0,0.0
2016-06-23,1.4624081129974433,0.007319367527367726,0.0,0.0
2016-06-24,1.4390522328452149,-0.015970836009899347,0.0,0.0
2016-06-27,1.4301906692605613,-0.006157916566470245,0.0,0.0
2016-06-28,1.4470904004050047,0.011816418263433937,0.0,0.0
2016-06-29,1.4616585840406862,0.01006722429476703,0.0,0.0
2016-06-30,1.4762469110725918,0.009980666614755496,0.0,0.0
2016-07-01,1.4847943382519766,0.005789971254317239,0.04034733316568482,5.990990905303603e-05
2016-07-05,1.4825406986625387,-0.001517812623188619,0.0,0.0
2016-07-06,1.4870702113920964,0.003055236684998963,0.0,0.0
2016-07-07,1.4845451378132706,-0.0016980190709771081,0.0,0.0
2016-07-08,1.503797107422511,0.01296826153605446,0.0,0.0
2016-07-11,1.507749783042839,0.0026284633750246478,0.0,0.0
2016-07-12,1.5079048323480477,0.0001028349046721111,0.0,0.0
2016-07-13,1.5120948796317717,0.0027787213051100323,0.0,0.0
2016-07-14,1.5099863405693172,-0.0013944489137930338,0.0,0.0
2016-07-15,1.506051295429069,-0.0026060137330544686,0.0,0.0
2016-07-18,1.5092434562294954,0.0021195564919433973,0.0,0.0
2016-07-19,1.5084060920150282,-0.0005548238165360431,0.0,0.0
2016-07-20,1.5107354849101609,0.0015442743883518073,0.0,0.0
2016-07-21,1.5115954959141011,0.0005692664351439891,0.0,0.0
2016-07-22,1.5155775323313159,0.0026343267282671334,0.0,0.0
2016-07-25,1.5126840515166173,-0.0019091605364772724,0.0,0.0
2016-07-26,1.514665499592223,0.0013098889180587214,0.0,0.0
2016-07-27,1.5215686919621711,0.004557568896767394,0.0,0.0
2016-07-28,1.5224744597209217,0.000595285486311159,0.0,0.0
2016-07-29,1.5324208554973193,0.006533046063853742,0.0,0.0
2016-08-01,1.5298601800231764,-0.0016710001465699564,0.021048038522566703,3.2201233776077664e-05
2016-08-02,1.519009218474825,-0.007092779908937197,0.0,0.0
2016-08-03,1.5194060219609067,0.0002612251994627002,0.0,0.0
2016-08-04,1.5232151651506234,0.002506994927399697,0.0,0.0
2016-08-05,1.5241452983539974,0.0006106380928014854,0.0,0.0
2016-08-08,1.5247670884749265,0.0004079598720676536,0.0,0.0
2016-08-09,1.5318195937112895,0.004625300014454714,0.0,0.0
2016-08-10,1.5320874485137135,0.00017486054070836587,0.0,0.0
2016-08-11,1.5303205378187603,-0.0011532701326332218,0.0,0.0
2016-08-12,1.5328335230501753,0.0016421299782050092,0.0,0.0
2016-08-15,1.53495494983339,0.00138399033640213,0.0,0.0
2016-08-16,1.5288640446317712,-0.003968132877306907,0.0,0.0
2016-08-17,1.531389366975998,0.001651763839364051,0.0,0.0
2016-08-18,1.5352754637595958,0.002537628161328964,0.0,0.0
2016-08-19,1.5290466198922488,-0.004057150664085851,0.0,0.0
2016-08-22,1.532790837968855,0.0024487272185789166,0.0,0.0
2016-08-23,1.5362082111105555,0.002229510417891545,0.0,0.0
2016-08-24,1.5284258572615335,-0.005065949910133649,0.0,0.0
2016-08-25,1.527313856896558,-0.0007275461610991574,0.0,0.0
2016-08-26,1.5218803252309239,-0.0035575737371197347,0.0,0.0
2016-08-29,1.5304800074336096,0.00565069543256036,0.0,0.0
2016-08-30,1.5264150487552577,-0.002656002468903962,0.0,0.0
2016-08-31,1.5241791761281007,-0.0014647868081359983,0.0,0.0
2016-09-01,1.5266376338344536,0.0016129715881554318,0.017126390974856347,2.6146240784720636e-05
2016-09-02,1.5338782642245778,0.004742861193548498,0.0,0.0
2016-09-06,1.5439219810821352,0.006547923060005401,0.0,0.0
2016-09-07,1.545415352093459,0.0009672580801505237,0.0,0.0
2016-09-08,1.535753944558064,-0.006251657538089983,0.0,0.0
2016-09-09,1.5030898882769357,-0.021269068783364098,0.0,0.0
2016-09-12,1.5153619206834048,0.00816453660036065,0.0,0.0
2016-09-13,1.4947121912569674,-0.013626929081816064,0.0,0.0
2016-09-14,1.4969483190386703,0.0014960256528198101,0.0,0.0
2016-09-15,1.5044037115209743,0.004980394037311653,0.0,0.0
2016-09-16,1.5021719023026836,-0.0014835174901518533,0.0,0.0
2016-09-19,1.5049998166204934,0.0018825504015052008,0.0,0.0
2016-09-20,1.506491450253442,0.0009911188137539106,0.0,0.0
2016-09-21,1.5241599777857542,0.011728262732151329,0.0,0.0
2016-09-22,1.5376630334274406,0.008859342745177745,0.0,0.0
2016-09-23,1.532756352830845,-0.0031909986062802487,0.0,0.0
2016-09-26,1.5276692347988472,-0.0033189345603444886,0.0,0.0
2016-09-27,1.5308198079818567,0.002062339877797026,0.0,0.0
2016-09-28,1.5355931534482121,0.0031181628572263254,0.0,0.0
2016-09-29,1.5248443350658905,-0.006999782695165657,0.0,0.0
2016-09-30,1.5273179793552831,0.0016222274185684338,0.0,0.0
2016-10-03,1.52028457350367,-0.004605069767188885,0.011856812179384,1.8025942377461457e-05
2016-10-04,1.5057659387708824,-0.009549945441679975,0.0,0.0
2016-10-05,1.504024833243999,-0.0011562922776063855,0.0,0.0
2016-10-06,1.500172289123914,-0.0025614897007887327,0.0,0.0
2016-10-07,1.4970013669914901,-0.002113705309325309,0.0,0.0
2016-10-10,1.5026720313787376,0.0037880155037157692,0.0,0.0
2016-10-11,1.487666653661528,-0.009985796903028699,0.0,0.0
2016-10-12,1.489996098745728,0.0015658380716314646,0.0,0.0
2016-10-13,1.4894979437520968,-0.0003343330858721627,0.0,0.0
2016-10-14,1.4840658077599995,-0.0036469576979835105,0.0,0.0
2016-10-17,1.4848128727654422,0.0005033907536555748,0.0,0.0
2016-10-18,1.4939151768470504,0.006130270183242192,0.0,0.0
2016-10-19,1.4975486009430767,0.0024321488611520614,0.0,0.0
2016-10-20,1.49585672086791,-0.0011297663889513476,0.0,0.0
2016-10-21,1.495969795521744,7.559190145434158e-05,0.0,0.0
2016-10-24,1.4988632636220443,0.001934175481993039,0.0,0.0
2016-10-25,1.497486024489158,-0.0009188557530980246,0.0,0.0
2016-10-26,1.4876235758868326,-0.006586003769677773,0.0,0.0
2016-10-27,1.4765855227610232,-0.0074199234972658346,0.0,0.0
2016-10-28,1.4749420898846757,-0.0011129953876796161,0.0,0.0
2016-10-31,1.4803449524735792,0.0036631015047690063,0.0,0.0
2016-11-01,1.4715258292693798,-0.005957478484635015,0.01536040851008587,2.2603585071021646e-05
2016-11-02,1.4651060976224977,-0.004362636060604941,0.0,0.0
2016-11-03,1.4592091369262898,-0.004024937651803562,0.0,0.0
2016-11-04,1.461533565334466,0.0015929371255669622,0.0,0.0
2016-11-07,1.474882192174456,0.00913330159265624,0.0,0.0
2016-11-08,1.4769668110442953,0.0014134138176595812,0.0,0.0
2016-11-09,1.472334880631854,-0.003136110018048588,0.0,0.0
2016-11-10,1.4638568709503081,-0.005758207452035258,0.0,0.0
2016-11-11,1.4622384501497516,-0.0011055867774188988,0.0,0.0
2016-11-14,1.4631934615245807,0.0006531160322937879,0.0,0.0
2016-11-15,1.4699776225781456,0.004636544128960196,0.0,0.0
2016-11-16,1.469530963307319,-0.000303854469596021,0.0,0.0
2016-11-17,1.4679739574387618,-0.0010595257312938644,0.0,0.0
2016-11-18,1.4634545327660355,-0.003078681777578307,0.0,0.0
2016-11-21,1.470014559408165,0.0044825626592788215,0.0,0.0
2016-11-22,1.476808450575815,0.004621648897399577,0.0,0.0
2016-11-23,1.4712876319340373,-0.0037383444275559397,0.0,0.0
2016-11-25,1.4742058735083496,0.00198346095690094,0.0,0.0
2016-11-28,1.4738716767219704,-0.00022669614358805656,0.0,0.0
2016-11-29,1.4778730149601151,0.0027148484507444337,0.0,0.0
2016-11-30,1.4660481956520253,-0.008001241776790291,0.0,0.0
2016-12-01,1.4545369182575731,-0.007851909254137812,0.0481385771528564,7.002270845477419e-05
2016-12-02,1.4602982851141593,0.0039609629595980245,0.0,0.0
2016-12-05,1.468301246240125,0.005480360558897779,0.0,0.0
2016-12-06,1.4734352070835839,0.0034965310126959803,0.0,0.0
2016-12-07,1.4894508845951044,0.010869617771127382,0.0,0.0
2016-12-08,1.4910040473819117,0.0010427754301072234,0.0,0.0
2016-12-09,1.489686491559065,-0.0008836701853091045,0.0,0.0
2016-12-12,1.4878700558327962,-0.0012193409395609978,0.0,0.0
2016-12-13,1.4938768256458612,0.004037160227478909,0.0,0.0
2016-12-14,1.4767327372140866,-0.011476239631980745,0.0,0.0
2016-12-15,1.4762848834994946,-0.0003032733705334856,0.0,0.0
2016-12-16,1.478399400455742,0.0014323231104520495,0.0,0.0
2016-12-19,1.4862588907966465,0.005316215860532436,0.0,0.0
2016-12-20,1.4880819054930194,0.0012265795062096352,0.0,0.0
2016-12-21,1.484777091007965,-0.0022208552317283248,0.0,0.0
2016-12-22,1.4808009682368288,-0.0026779257271789536,0.0,0.0
2016-12-23,1.4843908810298436,0.0024243047310330557,0.0,0.0
2016-12-27,1.486970788075183,0.0017380240463007457,0.0,0.0
2016-12-28,1.482600553081085,-0.0029390187279704216,0.0,0.0
2016-12-29,1.4889399077170886,0.004275834527937672,0.0,0.0
2016-12-30,1.4881040671972003,-0.0005613661878201004,0.0,0.0
2017-01-03,1.4962545809868635,0.005477112770086334,0.017124548720992075,2.5623123255539776e-05
2017-01-04,1.508378749956342,0.008103012096699391,0.0,0.0
2017-01-05,1.5161744134131743,0.005168240043860406,0.0,0.0
2017-01-06,1.513049242272721,-0.0020612213956426872,0.0,0.0
2017-01-09,1.5132581691801286,0.00013808334955034418,0.0,0.0
2017-01-10,1.5144652937579919,0.0007976990327547284,0.0,0.0
2017-01-11,1.5172111035899234,0.0018130556330664405,0.0,0.0
2017-01-12,1.516486109364915,-0.00047784663801431204,0.0,0.0
2017-01-13,1.5185831946564483,0.00138285822638462,0.0,0.0
2017-01-17,1.521099376643261,0.0016569273225639503,0.0,0.0
2017-01-18,1.516924327398907,-0.0027447577117331035,0.0,0.0
2017-01-19,1.5101071932256267,-0.004494050263515681,0.0,0.0
2017-01-20,1.5150549963221973,0.003276458200296428,0.0,0.0
2017-01-23,1.5200028075034617,0.0032657634166912697,0.0,0.0
2017-01-24,1.5231265945746206,0.002055119277239781,0.0,0.0
2017-01-25,1.5245519366758224,0.0009358001536305949,0.0,0.0
2017-01-26,1.5217168478660772,-0.0018596210083383635,0.0,0.0
2017-01-27,1.5202778834286033,-0.000945619048308366,0.0,0.0
2017-01-30,1.5122249288401433,-0.005297028047463681,0.0,0.0
2017-01-31,1.5190444321307057,0.0045095826424399466,0.0,0.0
2017-02-01,1.5168765777350566,-0.0014271171730035892,0.02004899447103499,3.0412459859492838e-05
2017-02-02,1.5197358694442724,0.0018849863932142163,0.0,0.0
2017-02-03,1.5268950017421703,0.004710774050832756,0.0,0.0
2017-02-06,1.5279775373623827,0.0007089784294120882,0.0,0.0
2017-02-07,1.5283042406021359,0.00021381416399424147,0.0,0.0
2017-02-08,1.5348436364291906,0.00427885734615141,0.0,0.0
2017-02-09,1.5361066297930992,0.000822880802924697,0.0,0.0
2017-02-10,1.5411268096454585,0.003268119383766699,0.0,0.0
2017-02-13,1.5425972037973354,0.0009541032851250186,0.0,0.0
2017-02-14,1.5417318170946654,-0.0005609933043698723,0.0,0.0
2017-02-15,1.544971691477827,0.002101451333648363,0.0,0.0
2017-02-16,1.5483894843702017,0.0022122042178684964,0.0,0.0
2017-02-17,1.5502427991267755,0.0011969306012999947,0.0,0.0
2017-02-21,1.5568938724155625,0.00429034296597508,0.0,0.0
2017-02-22,1.5560001832462702,-0.000574020609321102,0.0,0.0
2017-02-23,1.5584201920020306,0.0015552753668135466,0.0,0.0
2017-02-24,1.5628034990093918,0.0028126605583376207,0.0,0.0
2017-02-27,1.5638678212106112,0.0006810339251825948,0.0,0.0
2017-02-28,1.5590672269385153,-0.0030696931076820144,0.0,0.0
2017-03-01,1.564208348779393,0.003297562640049323,0.014981858351893878,2.3435099015597074e-05
2017-03-02,1.5539776867635808,-0.006540472708636003,0.0,0.0
2017-03-03,1.5553052239683627,0.0008542833118452275,0.0,0.0
2017-03-06,1.5489084769487511,-0.004112856384093089,0.0,0.0
2017-03-07,1.5420572262492551,-0.00442327665027209,0.0,0.0
2017-03-08,1.5337103475370482,-0.005412820335150004,0.0,0.0
2017-03-09,1.5277044847610552,-0.003915904189886743,0.0,0.0
2017-03-10,1.5326597991007511,0.0032436340857315837,0.0,0.0
2017-03-13,1.5331901034877458,0.0003460026728083765,0.0,0.0
2017-03-14,1.5295777713622303,-0.0023560888615821174,0.0,0.0
2017-03-15,1.5494208995767536,0.01297294494339507,0.0,0.0
2017-03-16,1.5492721286438025,-9.60171203264748e-05,0.0,0.0
2017-03-17,1.5531024753883234,0.002472352451001525,0.0,0.0
2017-03-20,1.5537924578377746,0.0004442607364196771,0.0,0.0
2017-03-21,1.5449703261708927,-0.0056778056955937295,0.0,0.0
2017-03-22,1.5484631861587537,0.0022607942228365374,0.0,0.0
2017-03-23,1.5500182223298618,0.0010042448441835994,0.0,0.0
2017-03-24,1.5519688591092757,0.0012584605466650078,0.0,0.0
2017-03-27,1.5536493968805754,0.0010828424561715178,0.0,0.0
2017-03-28,1.5569279288694515,0.002110213536888672,0.0,0.0
2017-03-29,1.5619845173726383,0.003247798699878457,0.0,0.0
2017-03-30,1.5604758770896932,-0.0009658484230579134,0.0,0.0
2017-03-31,1.5622285623421792,0.0011231735640506724,0.0,0.0
2017-04-03,1.5638995893133492,0.0010696430800527512,0.015058601480772631,2.3550495308937545e-05
2017-04-04,1.5629104820415913,-0.0006324621340888514,0.0,0.0
2017-04-05,1.5594067738294446,-0.002241784319963025,0.0,0.0
2017-04-06,1.5620968449415302,0.0017250605533023489,0.0,0.0
2017-04-07,1.5610566311274188,-0.000665908658275538,0.0,0.0
2017-04-10,1.5639489428791693,0.0018527910481132004,0.0,0.0
2017-04-11,1.5722980698654334,0.005338490763575399,0.0,0.0
2017-04-12,1.5705567999617815,-0.0011074680666630643,0.0,0.0
2017-04-13,1.5668147635891492,-0.0023826176631901452,0.0,0.0
2017-04-17,1.574398798151013,0.0048404155603505306,0.0,0.0
2017-04-18,1.5779228490063133,0.0022383470182008036,0.0,0.0
2017-04-19,1.5740087541073657,-0.0024805362958096877,0.0,0.0
2017-04-20,1.5805863175453754,0.0041788607724357885,0.0,0.0
2017-04-21,1.5794408224968541,-0.0007247279290005793,0.0,0.0
2017-04-24,1.586517131168913,0.004480261983397682,0.0,0.0
2017-04-25,1.588106872557582,0.0010020322865960107,0.0,0.0
2017-04-26,1.589206406038027,0.0006923548404991209,0.0,0.0
2017-04-27,1.5895619935766927,0.00022375163938082032,0.0,0.0
2017-04-28,1.5857833190495698,-0.0023771797151619367,0.0,0.0
2017-05-01,1.5871265084263884,0.0008470194891592175,0.012437555874737445,1.97402201489219e-05
2017-05-02,1.5887848315491682,0.0010448588149560845,0.0,0.0
2017-05-03,1.580902778366018,-0.004961057675421543,0.0,0.0
2017-05-04,1.5785328467576327,-0.0014991001602481235,0.0,0.0
2017-05-05,1.5859757881469063,0.0047151007370938025,0.0,0.0
2017-05-08,1.5807897067331584,-0.0032699625382096587,0.0,0.0
2017-05-09,1.5785290387345499,-0.0014300877523301114,0.0,0.0
2017-05-10,1.5820786233873625,0.0022486660464975383,0.0,0.0
2017-05-11,1.5795271555872517,-0.0016127313537982468,0.0,0.0
2017-05-12,1.581980677941942,0.0015533271118584047,0.0,0.0
2017-05-15,1.586781968991631,0.003034987163013314,0.0,0.0
2017-05-16,1.5893672067342128,0.0016292331228244805,0.0,0.0
2017-05-17,1.581523401720085,-0.0049351748173067644,0.0,0.0
2017-05-18,1.5847125583964643,0.002016509318111037,0.0,0.0
2017-05-19,1.5927257698882278,0.005056570953076767,0.0,0.0
2017-05-22,1.5978283945414282,0.003203705716118721,0.0,0.0
2017-05-23,1.5960666820847993,-0.0011025667478731238,0.0,0.0
2017-05-24,1.601533837954538,0.0034253931437235874,0.0,0.0
2017-05-25,1.6042956847939727,0.0017245010838871089,0.0,0.0
2017-05-26,1.6047933305495856,0.00031019578269120274,0.0,0.0
2017-05-30,1.6026109477158124,-0.0013599151942049748,0.0,0.0
2017-05-31,1.6041953530977422,0.0009886400590162214,0.0,0.0
2017-06-01,1.6128824906839394,0.005415261657143011,0.013381603494557713,2.158324279204401e-05
2017-06-02,1.6262645677616616,0.008296994452489548,0.0,0.0
2017-06-05,1.6211722333401064,-0.003131307489877999,0.0,0.0
2017-06-06,1.6219555164403348,0.0004831584726900928,0.0,0.0
2017-06-07,1.6224769074745735,0.00032145828227347906,0.0,0.0
2017-06-08,1.6224696196303907,-4.4918014853179145e-06,0.0,0.0
2017-06-09,1.6164125795132875,-0.0037332225169695032,0.0,0.0
2017-06-12,1.6157286975984284,-0.00042308623647624444,0.0,0.0
2017-06-13,1.621826702361557,0.003774151422941463,0.0,0.0
2017-06-14,1.6230189765575094,0.000735142783268028,0.0,0.0
2017-06-15,1.6180135960170292,-0.003083993848979394,0.0,0.0
2017-06-16,1.6184605205615732,0.0002762180402218206,0.0,0.0
2017-06-19,1.6237224653389664,0.0032512036657943444,0.0,0.0
2017-06-20,1.6184623182256586,-0.0032395604702123437,0.0,0.0
2017-06-21,1.620301125519507,0.00113614464367906,0.0,0.0
2017-06-22,1.622376879690871,0.0012810916061658517,0.0,0.0
2017-06-23,1.626802226914557,0.002727693718446611,0.0,0.0
2017-06-26,1.6274206282130261,0.0003801330538144576,0.0,0.0
2017-06-27,1.6160546866009406,-0.006984022086880981,0.0,0.0
2017-06-28,1.6257299733928745,0.005986979817053095,0.0,0.0
2017-06-29,1.6115867299290887,-0.008699626441818653,0.0,0.0
2017-06-30,1.6106967927596854,-0.0005522117754360734,0.0,0.0
2017-07-03,1.6087035864561396,-0.0012374807676438504,0.018201466041552077,2.9281296662331107e-05
2017-07-05,1.608715049200117,7.125454355882965e-06,0.0,0.0
2017-07-06,1.5955367747485552,-0.00819180156119903,0.0,0.0
2017-07-07,1.5986248869928745,0.001935469174507709,0.0,0.0
2017-07-10,1.598962711523442,0.00021132195133222176,0.0,0.0
2017-07-11,1.600903131795668,0.0012135494206597652,0.0,0.0
2017-07-12,1.6133488917157823,0.007774211738941661,0.0,0.0
2017-07-13,1.6132384709569683,-6.844195907096395e-05,0.0,0.0
2017-07-14,1.621827352349281,0.005323999859250694,0.0,0.0
2017-07-17,1.625206403622581,0.0020834839592545062,0.0,0.0
2017-07-18,1.629984090167705,0.002939741398061413,0.0,0.0
2017-07-19,1.6366927950435526,0.004115810035395739,0.0,0.0
2017-07-20,1.6381534055784246,0.0008924158151701889,0.0,0.0
2017-07-21,1.639105137128991,0.0005809782815977549,0.0,0.0
2017-07-24,1.638436405287068,-0.000407985934992916,0.0,0.0
2017-07-25,1.6362596767411852,-0.001328540148924029,0.0,0.0
2017-07-26,1.6411317119120472,0.0029775439926291725,0.0,0.0
2017-07-27,1.636434600193911,-0.0028621174547067696,0.0,0.0
2017-07-28,1.6384192046507018,0.0012127612411492183,0.0,0.0
2017-07-31,1.6378036913274183,-0.00037567511509650764,0.0,0.0
2017-08-01,1.6431252939390644,0.003249231052430357,0.015326219617120957,2.5183285077914934e-05
2017-08-02,1.6391283537821537,-0.0024325230532656894,0.0,0.0
2017-08-03,1.6393614727547678,0.0001422213044366405,0.0,0.0
2017-08-04,1.6378865337612676,-0.000899703340607183,0.0,0.0
2017-08-07,1.6398200120463582,0.0011804714461205457,0.0,0.0
2017-08-08,1.6351206660320683,-0.00286576940137806,0.0,0.0
2017-08-09,1.6358645012802353,0.0004549115325978015,0.0,0.0
2017-08-10,1.6237672903672677,-0.0073949956756811375,0.0,0.0
2017-08-11,1.6257421361499649,0.001216212319593124,0.0,0.0
2017-08-14,1.6354702307287559,0.005983786950265468,0.0,0.0
2017-08-15,1.6304670206130139,-0.0030591875178996863,0.0,0.0
2017-08-16,1.6360494850767786,0.003423843839335028,0.0,0.0
2017-08-17,1.6242522508791044,-0.007210805238645035,0.0,0.0
2017-08-18,1.621781840559359,-0.0015209523757214738,0.0,0.0
2017-08-21,1.6252079408330835,0.0021125531116705787,0.0,0.0
2017-08-22,1.630955514575147,0.0035365159113838196,0.0,0.0
2017-08-23,1.6342493511382639,0.00201957474234038,0.0,0.0
2017-08-24,1.6308835650176208,-0.002059530339295401,0.0,0.0
2017-08-25,1.6357320326203482,0.002972908493731108,0.0,0.0
2017-08-28,1.6388447297830666,0.0019029383179176573,0.0,0.0
2017-08-29,1.6392480690996842,0.00024611197710666666,0.0,0.0
2017-08-30,1.644756927974094,0.0033606011062348173,0.0,0.0
2017-08-31,1.656362589395576,0.007056155973014899,0.0,0.0
2017-09-01,1.6564465677012816,5.0700436150519224e-05,0.014006509350464318,2.3201359309109074e-05
2017-09-05,1.6560252584459247,-0.00025434521316403114,0.0,0.0
2017-09-06,1.6564905571304867,0.0002809731809274574,0.0,0.0
2017-09-07,1.6645713068585652,0.00487823470728177,0.0,0.0
2017-09-08,1.6615698480895031,-0.0018031422004542996,0.0,0.0
2017-09-11,1.6657523597846438,0.0025172048589769958,0.0,0.0
2017-09-12,1.6656774611553342,-4.496384403696041e-05,0.0,0.0
2017-09-13,1.6624136117850383,-0.001959472614843527,0.0,0.0
2017-09-14,1.6652921084580408,0.0017315165447373548,0.0,0.0
2017-09-15,1.6669337222060485,0.000985781257035967,0.0,0.0
2017-09-18,1.6643653169924297,-0.0015407962412684606,0.0,0.0
2017-09-19,1.6645854088017096,0.0001322376806538461,0.0,0.0
2017-09-20,1.661918144105993,-0.0016023597717564897,0.0,0.0
2017-09-21,1.6573857627766775,-0.0027271988968828875,0.0,0.0
2017-09-22,1.6591051037466618,0.0010373812835846596,0.0,0.0
2017-09-25,1.6609771961106623,0.0011283747845587389,0.0,0.0
2017-09-26,1.6594974871080157,-0.0008908665369466995,0.0,0.0
2017-09-27,1.6587885522855774,-0.00042719849107675234,0.0,0.0
2017-09-28,1.6615728967576802,0.0016785409257051853,0.0,0.0
2017-09-29,1.665575846454734,0.002409132759005006,0.0,0.0
2017-10-02,1.6673322587945316,0.001054537590429172,0.023523192730508402,3.922190069374682e-05
2017-10-03,1.6698494613136543,0.0015097185973853566,0.0,0.0
2017-10-04,1.670772868637698,0.0005529883653807577,0.0,0.0
2017-10-05,1.6730577552191266,0.0013675626557736464,0.0,0.0
2017-10-06,1.672207033333693,-0.0005084832742802137,0.0,0.0
2017-10-09,1.6738532800143522,0.000984475395595874,0.0,0.0
2017-10-10,1.6787947278206636,0.0029521391541968978,0.0,0.0
2017-10-11,1.681795587286703,0.0017875082738285641,0.0,0.0
2017-10-12,1.6832291952018184,0.0008524269690992625,0.0,0.0
2017-10-13,1.6895161872646174,0.0037350778377185367,0.0,0.0
2017-10-16,1.6872288558341881,-0.0013538381269566635,0.0,0.0
2017-10-17,1.685538859394355,-0.0010016403133394913,0.0,0.0
2017-10-18,1.6843618700903917,-0.0006982866620981465,0.0,0.0
2017-10-19,1.6842709514137424,-5.39781137675055e-05,0.0,0.0
2017-10-20,1.6812680958284694,-0.001782881538598291,0.0,0.0
2017-10-23,1.6771399405057512,-0.00245538194233319,0.0,0.0
2017-10-24,1.6747603962229944,-0.0014188108131508725,0.0,0.0
2017-10-25,1.6689777528801442,-0.0034528182991976353,0.0,0.0
2017-10-26,1.664804879647985,-0.002500256953669955,0.0,0.0
2017-10-27,1.678468307120625,0.008207224546055603,0.0,0.0
2017-10-30,1.6793429672380273,0.0005211061261578553,0.0,0.0
2017-10-31,1.681786978038649,0.00145533750300042,0.0,0.0
2017-11-01,1.6838344471913274,0.0012174366786132929,0.013426303363475781,2.2607975643400768e-05
2017-11-02,1.6875898263192244,0.002230254366253792,0.0,0.0
2017-11-03,1.6891304413978143,0.0009129084891144057,0.0,0.0
2017-11-06,1.6947823821352987,0.003346065288366562,0.0,0.0
2017-11-07,1.693136231751116,-0.0009713048716665229,0.0,0.0
2017-11-08,1.6963817842941236,0.001916888010630391,0.0,0.0
2017-11-09,1.6924808837449146,-0.0022995416393439827,0.0,0.0
2017-11-10,1.685757326041125,-0.003972604812476521,0.0,0.0
2017-11-13,1.687279517746864,0.0009029720246351847,0.0,0.0
2017-11-14,1.6867402685972581,-0.000319596808906919,0.0,0.0
2017-11-15,1.683599275248594,-0.0018621677605861198,0.0,0.0
2017-11-16,1.6924454321774476,0.005254312625875501,0.0,0.0
2017-11-17,1.6946424776691253,0.0012981484956067213,0.0,0.0
2017-11-20,1.6934070128955518,-0.0007290415470245781,0.0,0.0
2017-11-21,1.7042078335533024,0.0063781598726713185,0.0,0.0
2017-11-22,1.707544265662868,0.001957761279977932,0.0,0.0
2017-11-24,1.7095374229020739,0.0011672653408092426,0.0,0.0
2017-11-27,1.706854637082442,-0.0015693051135889924,0.0,0.0
2017-11-28,1.7138708165551537,0.004110589923875807,0.0,0.0
2017-11-29,1.7056350665425324,-0.004805350515959539,0.0,0.0
2017-11-30,1.7076545787929662,0.0011840236461175824,0.0,0.0
2017-12-01,1.7093937035246611,0.0010184288750738624,0.009721399803125395,1.6617861161781347e-05
2017-12-04,1.7037686342735743,-0.0032906809235860868,0.0,0.0
2017-12-05,1.6987492707120997,-0.002946035899771493,0.0,0.0
2017-12-06,1.6988327898041151,4.9165049519350745e-05,0.0,0.0
2017-12-07,1.6978800983517448,-0.000560791773085656,0.0,0.0
2017-12-08,1.702131858701406,0.0025041581874885033,0.0,0.0
2017-12-11,1.7037739550772972,0.0009647292408614394,0.0,0.0
2017-12-12,1.704520340793631,0.00043807790001104685,0.0,0.0
2017-12-13,1.71148748706484,0.004087452701189376,0.0,0.0
2017-12-14,1.7077443552592588,-0.002187063495275976,0.0,0.0
2017-12-15,1.7177963155620444,0.00588610366172726,0.0,0.0
2017-12-18,1.7261814707089291,0.00488134423791764,0.0,0.0
2017-12-19,1.7132215070839178,-0.007507880164933534,0.0,0.0
2017-12-20,1.7081187423615345,-0.0029784617466476204,0.0,0.0
2017-12-21,1.7115882705775536,0.0020311984933918392,0.0,0.0
2017-12-22,1.7144370977110137,0.0016644348307544021,0.0,0.0
2017-12-26,1.7164835825181246,0.0011936773940806056,0.0,0.0
2017-12-27,1.7222558960356362,0.003362871382109889,0.0,0.0
2017-12-28,1.7258208633256087,0.002069940534492165,0.0,0.0
2017-12-29,1.7241356279332503,-0.0009764833814275287,0.0,0.0
2018-01-02,1.7311603371172724,0.0040743367692266386,0.013058289273096992,2.26062876596332e-05
2018-01-03,1.7361256572303663,0.002868203485623999,0.0,0.0
2018-01-04,1.737668586740056,0.0008887199513836208,0.0,0.0
2018-01-05,1.7421836393341068,0.0025983393084876294,0.0,0.0
2018-01-08,1.7446315475056604,0.0014050804497791614,0.0,0.0
2018-01-09,1.7376569224824485,-0.003997763902173879,0.0,0.0
2018-01-10,1.734447742187256,-0.0018468434439911086,0.0,0.0
2018-01-11,1.744242816338985,0.005647373462734917,0.0,0.0
2018-01-12,1.7518395587126956,0.0043553238703630814,0.0,0.0
2018-01-16,1.7492285502287876,-0.0014904381345438589,0.0,0.0
2018-01-17,1.7557867732025683,0.003749208742861443,0.0,0.0
2018-01-18,1.7476592855463184,-0.004628971911791568,0.0,0.0
2018-01-19,1.7538247681173036,0.0035278515795245102,0.0,0.0
2018-01-22,1.7627388618991704,0.005082659307768855,0.0,0.0
2018-01-23,1.7723843673741089,0.005471885645356611,0.0,0.0
2018-01-24,1.7700812292396346,-0.0012994574861244779,0.0,0.0
2018-01-25,1.7702755493248294,0.00010978032080388722,0.0,0.0
2018-01-26,1.7776167624396875,0.004146932446566165,0.0,0.0
2018-01-29,1.7654783086056454,-0.006828498746480505,0.0,0.0
2018-01-30,1.7527650378681228,-0.007201034799211636,0.0,0.0
2018-01-31,1.7591986738341332,0.0036705638388563333,0.0,0.0
2018-02-01,1.7504776310344,-0.004957395051194524,0.0344745895460853,6.03490783492208e-05
2018-02-02,1.7248267946150029,-0.014653621368608594,0.0,0.0
2018-02-05,1.6864708123900563,-0.022237584866315774,0.0,0.0
2018-02-06,1.6984432731131023,0.007099121215195403,0.0,0.0
2018-02-07,1.6879849844026173,-0.006157573158929064,0.0,0.0
2018-02-08,1.6529604890479122,-0.020749293197712015,0.0,0.0
2018-02-09,1.6648110609992832,0.007169301401872552,0.0,0.0
2018-02-12,1.6784976468466257,0.00822110458536196,0.0,0.0
2018-02-13,1.6834687674240407,0.0029616488213457526,0.0,0.0
2018-02-14,1.6964839754145573,0.007731184707650884,0.0,0.0
2018-02-15,1.7107108349129225,0.008386085400475807,0.0,0.0
2018-02-16,1.7137467655181426,0.0017746603010055928,0.0,0.0
2018-02-20,1.7018065047947242,-0.006967342529051179,0.0,0.0
2018-02-21,1.6904319502903595,-0.0066838118624635845,0.0,0.0
2018-02-22,1.6957941005216324,0.0031720592067321363,0.0,0.0
2018-02-23,1.713874904720523,0.010662145948808766,0.0,0.0
2018-02-26,1.7241163757499154,0.005975623425714671,0.0,0.0
2018-02-27,1.7039731764181218,-0.01168320167658754,0.0,0.0
2018-02-28,1.696464596583156,-0.004406512930414497,0.0,0.0
2018-03-01,1.6867304732835589,-0.005737887674875486,0.01822283367841864,3.073756900057386e-05
2018-03-02,1.69279831273626,0.003597397182780959,0.0,0.0
2018-03-05,1.7020385891138323,0.005458580805551616,0.0,0.0
2018-03-06,1.7107397006288576,0.005112170529315341,0.0,0.0
2018-03-07,1.7126757579511056,0.0011317077177412926,0.0,0.0
2018-03-08,1.7164278569779148,0.0021907818858240002,0.0,0.0
2018-03-09,1.7285640437692624,0.007070606982990668,0.0,0.0
2018-03-12,1.7325261029100143,0.0022921101217125983,0.0,0.0
2018-03-13,1.727280537699072,-0.0030276976503451625,0.0,0.0
2018-03-14,1.7279789550093456,0.0004043450354647149,0.0,0.0
2018-03-15,1.7251247813597073,-0.0016517409783054493,0.0,0.0
2018-03-16,1.7262804574378914,0.0006699086875752158,0.0,0.0
2018-03-19,1.711977255440303,-0.008285560979365392,0.0,0.0
2018-03-20,1.709677782080766,-0.0013431681713234056,0.0,0.0
2018-03-21,1.7121077889857832,0.0014213244919518697,0.0,0.0
2018-03-22,1.6929980265421616,-0.011161541677782938,0.0,0.0
2018-03-23,1.674183966543785,-0.0111128658766384,0.0,0.0
2018-03-26,1.6991307709375763,0.014900874033151768,0.0,0.0
2018-03-27,1.6854895184755203,-0.008028371150343383,0.0,0.0
2018-03-28,1.687196125877405,0.0010125292285581011,0.0,0.0
2018-03-29,1.6994252078432364,0.00724816859063826,0.0,0.0
2018-04-02,1.6806586247213886,-0.011042900290778146,0.02214539523027218,3.721967373600577e-05
2018-04-03,1.688083175769518,0.004417643737353316,0.0,0.0
2018-04-04,1.6991985016219777,0.00658458422665853,0.0,0.0
2018-04-05,1.7026809108616705,0.002049442273147406,0.0,0.0
2018-04-06,1.6889260849857266,-0.00807833445961581,0.0,0.0
2018-04-09,1.6939391693906491,0.0029682082889761485,0.0,0.0
2018-04-10,1.7082913623168543,0.008472673154708454,0.0,0.0
2018-04-11,1.7085139178844593,0.00013027963057954395,0.0,0.0
2018-04-12,1.7082679399414196,-0.0001439718696258918,0.0,0.0
2018-04-13,1.7085868926767414,0.00018671118731683478,0.0,0.0
2018-04-16,1.7160595943377797,0.004373615233189243,0.0,0.0
2018-04-17,1.7297643705847756,0.007986188994959953,0.0,0.0
2018-04-18,1.7290779649968488,-0.00039682028350185305,0.0,0.0
2018-04-19,1.7174200076192807,-0.006742297116480445,0.0,0.0
2018-04-20,1.7041421839392732,-0.007731261788671895,0.0,0.0
2018-04-23,1.7010796576166152,-0.0017971072786771014,0.0,0.0
2018-04-24,1.6916237895626884,-0.005558745007376853,0.0,0.0
2018-04-25,1.6879608729664137,-0.0021653257768511347,0.0,0.0
2018-04-26,1.7007712189240982,0.007589243425513592,0.0,0.0
2018-04-27,1.7075628931182518,0.003993290878034683,0.0,0.0
2018-04-30,1.6995240897259678,-0.0047077641618248345,0.0,0.0
2018-05-01,1.7018413887640107,0.0013634987888970773,0.02714247227421943,4.619343651371579e-05
2018-05-02,1.6985884502656865,-0.0019114228386974963,0.0,0.0
2018-05-03,1.6995349193058373,0.0005572091579939542,0.0,0.0
2018-05-04,1.7130769305521234,0.007968068847809873,0.0,0.0
2018-05-07,1.7183524702932595,0.0030795696603280742,0.0,0.0
2018-05-08,1.7179193290383772,-0.00025206775814068383,0.0,0.0
2018-05-09,1.7237235252579388,0.0033786197765237613,0.0,0.0
2018-05-10,1.7365175590928805,0.007422323619460602,0.0,0.0
2018-05-11,1.737829018729779,0.0007552239423271878,0.0,0.0
2018-05-14,1.7336073627827036,-0.0024292700268988554,0.0,0.0
2018-05-15,1.7171253072809156,-0.009507375115973105,0.0,0.0
2018-05-16,1.7200340176719804,0.0016939418333252743,0.0,0.0
2018-05-17,1.7179528645687103,-0.0012099488044351459,0.0,0.0
2018-05-18,1.7188074815771908,0.0004974624310749576,0.0,0.0
2018-05-21,1.7273608249755956,0.0049763242771996286,0.0,0.0
2018-05-22,1.7242003813803661,-0.0018296371838084635,0.0,0.0
2018-05-23,1.7293579471098155,0.0029912797753357534,0.0,0.0
2018-05-24,1.7319069159251064,0.001473939400198132,0.0,0.0
2018-05-25,1.7318740818577874,-1.8958332585361504e-05,0.0,0.0
2018-05-29,1.730592109445433,-0.0007402226442346782,0.0,0.0
2018-05-30,1.742696709376826,0.006994484642179444,0.0,0.0
2018-05-31,1.7364111639818285,-0.0036067924849901845,0.0,0.0
2018-06-01,1.7436438088843573,0.004165283576007095,0.022161747446832962,3.864305012724635e-05
2018-06-04,1.748074107725798,0.0025408279023886315,0.0,0.0
2018-06-05,1.7508647247165965,0.0015963951290538514,0.0,0.0
2018-06-06,1.7556349251821277,0.0027244825931960204,0.0,0.0
2018-06-07,1.7540481220375734,-0.0009038343460783249,0.0,0.0
2018-06-08,1.755680326148969,0.0009305355371320712,0.0,0.0
2018-06-11,1.7577559382899517,0.0011822266901717615,0.0,0.0
2018-06-12,1.7594775082097214,0.000979413513712668,0.0,0.0
2018-06-13,1.7542117350141104,-0.002992805063458226,0.0,0.0
2018-06-14,1.762913197866177,0.004960326440865304,0.0,0.0
2018-06-15,1.7569217015649203,-0.003398633754917002,0.0,0.0
2018-06-18,1.7550555752076322,-0.0010621568141744309,0.0,0.0
2018-06-19,1.7522088243899985,-0.0016220288735283583,0.0,0.0
2018-06-20,1.7544812029498122,0.0012968651499656314,0.0,0.0
2018-06-21,1.7491622420706332,-0.0030316431263192056,0.0,0.0
2018-06-22,1.7530912180532452,0.0022462044332496323,0.0,0.0
2018-06-25,1.7373707941662402,-0.00896725950430699,0.0,0.0
2018-06-26,1.7410234570467782,0.0021024083591154596,0.0,0.0
2018-06-27,1.7314598578481262,-0.005493090377354459,0.0,0.0
2018-06-28,1.7371253414160797,0.0032720848492524546,0.0,0.0
2018-06-29,1.739720852013598,0.001494141231859869,0.0,0.0
2018-07-02,1.737665152691435,-0.0011816259601554746,0.016917374354184483,2.93972292142335e-05
2018-07-03,1.741702982419203,0.0023237099055095634,0.0,0.0
2018-07-05,1.755430918451996,0.007881904188810074,0.0,0.0
2018-07-06,1.7655490218467786,0.00576388582907339,0.0,0.0
2018-07-09,1.770549702299614,0.0028323656783002527,0.0,0.0
2018-07-10,1.770179933776233,-0.0002088439103973272,0.0,0.0
2018-07-11,1.759966039146542,-0.0057699753764026696,0.0,0.0
2018-07-12,1.7705995217480184,0.006041868061632094,0.0,0.0
2018-07-13,1.7700841066321018,-0.00029109638265789606,0.0,0.0
2018-07-16,1.7658215971200286,-0.0024080830374684226,0.0,0.0
2018-07-17,1.765105218275705,-0.00040569151804015213,0.0,0.0
2018-07-18,1.7639780774535416,-0.0006385686306363825,0.0,0.0
2018-07-19,1.766458446877302,0.0014061225904467012,0.0,0.0
2018-07-20,1.762224728422177,-0.0023967268874108827,0.0,0.0
2018-07-23,1.7586013069139752,-0.002056163127075239,0.0,0.0
2018-07-24,1.7599806900447854,0.00078436375850921,0.0,0.0
2018-07-25,1.7703863379216478,0.00591236479793289,0.0,0.0
2018-07-26,1.7653827721438755,-0.002826256433748897,0.0,0.0
2018-07-27,1.7554899657212855,-0.005603774194859912,0.0,0.0
2018-07-30,1.7484896428755792,-0.003987674656306006,0.0,0.0
2018-07-31,1.7598755722182438,0.006511865477189405,0.0,0.0
2018-08-01,1.7564843667707526,-0.0019269575082611068,0.01636849414293722,2.8751474687992824e-05
2018-08-02,1.759350860227069,0.0016319493133813978,0.0,0.0
2018-08-03,1.7652501946570691,0.0033531312959591553,0.0,0.0
2018-08-06,1.7666019400139064,0.0007657528439473094,0.0,0.0
2018-08-07,1.768642865973693,0.0011552834362735798,0.0,0.0
2018-08-08,1.7676428172922805,-0.0005654327963277028,0.0,0.0
2018-08-09,1.7689378632405752,0.0007326400648512976,0.0,0.0
2018-08-10,1.7609458075788935,-0.004517996831748916,0.0,0.0
2018-08-13,1.75355673956985,-0.004196079162255839,0.0,0.0
2018-08-14,1.7595778838819949,0.0034336752135102344,0.0,0.0
2018-08-15,1.749145035645888,-0.005929176725664398,0.0,0.0
2018-08-16,1.7570516214924732,0.0045202574317491084,0.0,0.0
2018-08-17,1.7645677054176967,0.004277668244510258,0.0,0.0
2018-08-20,1.7699236961355398,0.0030352990714943573,0.0,0.0
2018-08-21,1.7731076872418068,0.00179894258335489,0.0,0.0
2018-08-22,1.7753286227077503,0.001252566599267535,0.0,0.0
2018-08-23,1.77031200762246,-0.002825738863849736,0.0,0.0
2018-08-24,1.7821457408914052,0.006684546688940918,0.0,0.0
2018-08-27,1.7878210740475042,0.0031845505257388496,0.0,0.0
2018-08-28,1.7873367079988869,-0.0002709253491015584,0.0,0.0
2018-08-29,1.7941567426861433,0.0038157525981168394,0.0,0.0
2018-08-30,1.7887444431951356,-0.003016625784269311,0.0,0.0
2018-08-31,1.7879805826489241,-0.0004270372713762738,0.0,0.0
2018-09-04,1.7782445803292295,-0.005445250588387629,0.021286755816968077,3.7853863950274e-05
2018-09-05,1.7734759401548459,-0.0026816559584288413,0.0,0.0
2018-09-06,1.771193851554599,-0.0012867885876408636,0.0,0.0
2018-09-07,1.762183190634886,-0.005087337510687684,0.0,0.0
2018-09-10,1.767281957384436,0.002893437400065757,0.0,0.0
2018-09-11,1.768168575797893,0.0005016847536707392,0.0,0.0
2018-09-12,1.770919856353062,0.001556005797652693,0.0,0.0
2018-09-13,1.7773345803547553,0.0036222553938174418,0.0,0.0
2018-09-14,1.7737876289529615,-0.001995657678075413,0.0,0.0
2018-09-17,1.7690367680476629,-0.0026783707518035493,0.0,0.0
2018-09-18,1.770670593948103,0.0009235680851582551,0.0,0.0
2018-09-19,1.767384241319823,-0.0018559932262456336,0.0,0.0
2018-09-20,1.7808417926556945,0.007614389118815401,0.0,0.0
2018-09-21,1.7768003546298008,-0.002269397563871678,0.0,0.0
2018-09-24,1.769742500278985,-0.003972227004809592,0.0,0.0
2018-09-25,1.7714605610079623,0.0009707970106986874,0.0,0.0
2018-09-26,1.7675660540725744,-0.0021984722782493193,0.0,0.0
2018-09-27,1.7691071104009493,0.0008718521861315054,0.0,0.0
2018-09-28,1.7714779227443933,0.0013401180344059238,0.0,0.0
2018-10-01,1.765765888825909,-0.003224445444759083,0.016381256034136857,2.892593696438257e-05
2018-10-02,1.7652098133725307,-0.0003149202603228707,0.0,0.0
2018-10-03,1.7587102456888732,-0.0036820369082583015,0.0,0.0
2018-10-04,1.742948146477787,-0.008962305899862688,0.0,0.0
2018-10-05,1.733623724303125,-0.005349798956156615,0.0,0.0
2018-10-08,1.730527099633651,-0.0017862149819843909,0.0,0.0
2018-10-09,1.7327145438891345,0.0012640335166935746,0.0,0.0
2018-10-10,1.7018832053996498,-0.01779366289630302,0.0,0.0
2018-10-11,1.6908637582916053,-0.00647485507412171,0.0,0.0
2018-10-12,1.697753036452971,0.004074413522427323,0.0,0.0
2018-10-15,1.696766665034062,-0.000580986396566674,0.0,0.0
2018-10-16,1.7217088617201033,0.014699838934860487,0.0,0.0
2018-10-17,1.716506970535192,-0.003021353552025152,0.0,0.0
2018-10-18,1.7010345655190247,-0.009013889999726188,0.0,0.0
2018-10-19,1.7010040422964594,-1.7943916710394525e-05,0.0,0.0
2018-10-22,1.6956218573238622,-0.0031641223881696545,0.0,0.0
2018-10-23,1.6933050587696377,-0.0013663415249205446,0.0,0.0
2018-10-24,1.6687704531062781,-0.014489182286614333,0.0,0.0
2018-10-25,1.6869130020810337,0.010871806209766355,0.0,0.0
2018-10-26,1.6717343803554152,-0.008997868714565316,0.0,0.0
2018-10-29,1.6659887074736552,-0.0034369532320909224,0.0,0.0
2018-10-30,1.6789855786778367,0.007801296098753463,0.0,0.0
2018-10-31,1.6821010149478743,0.0018555467715755114,0.0,0.0
2018-11-01,1.6988412740128689,0.009951993914891766,0.03498335043493236,5.943323879593896e-05
2018-11-02,1.690074294776914,-0.005160564068028672,0.0,0.0
2018-11-05,1.6943774478974047,0.002546132518427946,0.0,0.0
2018-11-06,1.6999317139563233,0.003278057121104183,0.0,0.0
2018-11-07,1.7211563502625016,0.012485581704209325,0.0,0.0
2018-11-08,1.7157456205915242,-0.00314365959266405,0.0,0.0
2018-11-09,1.7038840542002844,-0.006913359561512622,0.0,0.0
2018-11-12,1.6860436017979548,-0.010470461507255058,0.0,0.0
2018-11-13,1.6855046024553841,-0.0003196829204155094,0.0,0.0
2018-11-14,1.6818742754232967,-0.0021538517467106777,0.0,0.0
2018-11-15,1.6895101409011524,0.004540092912672655,0.0,0.0
2018-11-16,1.6955870003778708,0.003596817402633068,0.0,0.0
2018-11-19,1.6799494799946246,-0.00922248187781649,0.0,0.0
2018-11-20,1.6622316550962624,-0.010546641496873455,0.0,0.0
2018-11-21,1.6710475289320532,0.005303637317194632,0.0,0.0
2018-11-23,1.6663951099288807,-0.002784133259301047,0.0,0.0
2018-11-26,1.6797908118275333,0.008038730922118598,0.0,0.0
2018-11-27,1.6782868200390704,-0.0008953446928470221,0.0,0.0
2018-11-28,1.6998870883566912,0.01287042718783793,0.0,0.0
2018-11-29,1.6980474029860302,-0.0010822397459583355,0.0,0.0
2018-11-30,1.7034228694267997,0.00316567513446131,0.0,0.0
2018-12-03,1.7197814555715465,0.009603361818343759,0.013751983048267153,2.365073066819206e-05
2018-12-04,1.6916070398914866,-0.01638255581183512,0.0,0.0
2018-12-06,1.6969653111075265,0.003167562613349828,0.0,0.0
2018-12-07,1.6780724614219145,-0.011133315196220184,0.0,0.0
2018-12-10,1.677815784137323,-0.00015295959530503556,0.0,0.0
2018-12-11,1.6791626883625086,0.0008027724127521729,0.0,0.0
2018-12-12,1.683325904769998,0.0024793407073315787,0.0,0.0
2018-12-13,1.6808773032656412,-0.0014546211743181603,0.0,0.0
2018-12-14,1.6654613584441567,-0.009171368303643623,0.0,0.0
2018-12-17,1.646072693856662,-0.011641617795087766,0.0,0.0
2018-12-18,1.651721526013492,0.0034317027297228186,0.0,0.0
2018-12-19,1.6371826733056947,-0.008802242072177613,0.0,0.0
2018-12-20,1.626100111745231,-0.006769288327542866,0.0,0.0
2018-12-21,1.604060353106282,-0.013553752613235215,0.0,0.0
2018-12-24,1.5848161606257318,-0.011997174821560597,0.0,0.0
2018-12-26,1.6212488057412835,0.022988562346037078,0.0,0.0
2018-12-27,1.6264920478678564,0.0032340761689415576,0.0,0.0
2018-12-28,1.632176674791137,0.0034950228811339024,0.0,0.0
2018-12-31,1.6395673757643414,0.004528125592868193,0.0,0.0
2019-01-02,1.6388261507556356,-0.0004520857267974465,0.06763035498972873,0.00011084189061846494
2019-01-03,1.6274390052387084,-0.006948354779228283,0.0,0.0
2019-01-04,1.654564909483832,0.016667846940994657,0.0,0.0
2019-01-07,1.6652825203543218,0.006477600733012956,0.0,0.0
2019-01-08,1.6774594341871791,0.007312221009962094,0.0,0.0
2019-01-09,1.6857839232646636,0.004962557608147566,0.0,0.0
2019-01-10,1.6889548804829861,0.0018809986111278931,0.0,0.0
2019-01-11,1.6889912416438984,2.1528793535230406e-05,0.0,0.0
2019-01-14,1.6811279559784695,-0.0046556106814239495,0.0,0.0
2019-01-15,1.6917121677048719,0.00629589894615834,0.0,0.0
2019-01-16,1.697212229752921,0.003251180758196748,0.0,0.0
2019-01-17,1.7045512366941045,0.00432415393462704,0.0,0.0
2019-01-18,1.7122303002891939,0.004505035360499177,0.0,0.0
2019-01-22,1.699761729756442,-0.007282063943527928,0.0,0.0
2019-01-23,1.7010413800122755,0.0007528409620192189,0.0,0.0
2019-01-24,1.7064179896791,0.003160775352088141,0.0,0.0
2019-01-25,1.721089177085441,0.008597651627606284,0.0,0.0
2019-01-28,1.7170550046009232,-0.0023439648207825847,0.0,0.0
2019-01-29,1.7191256081277686,0.0012059040166430002,0.0,0.0
2019-01-30,1.7366456064707116,0.010191226435178002,0.0,0.0
2019-01-31,1.7495980578660637,0.007458315817050698,0.0,0.0
2019-02-01,1.745168887624781,-0.002531535869835566,0.034782678873700415,6.0703760438031505e-05
2019-02-04,1.7522279358436954,0.004044908357564214,0.0,0.0
2019-02-05,1.7607426600310507,0.004859370184196576,0.0,0.0
2019-02-06,1.7551705195959055,-0.0031646535076550464,0.0,0.0
2019-02-07,1.749096141555578,-0.003460847805104472,0.0,0.0
2019-02-08,1.751637154986906,0.0014527580108136817,0.0,0.0
2019-02-11,1.7513506156156975,-0.00016358374814828824,0.0,0.0
2019-02-12,1.76147827264688,0.005782769561320622,0.0,0.0
2019-02-13,1.7618967076482486,0.0002375476370422014,0.0,0.0
2019-02-14,1.7656675690259847,0.0021402284034965913,0.0,0.0
2019-02-15,1.7791744141248544,0.0076497101355952335,0.0,0.0
2019-02-19,1.785436671353646,0.003519754544060172,0.0,0.0
2019-02-20,1.7849587556941175,-0.0002676743830775097,0.0,0.0
2019-02-21,1.7771270241639698,-0.004387626047472559,0.0,0.0
2019-02-22,1.7872716828833441,0.005708460105234625,0.0,0.0
2019-02-25,1.7864033836108333,-0.00048582388498996654,0.0,0.0
2019-02-26,1.787065982947524,0.0003709124953352738,0.0,0.0
2019-02-27,1.7804680475623522,-0.0036920491174530223,0.0,0.0
2019-02-28,1.7767361660275665,-0.002096011517811358,0.0,0.0
2019-03-01,1.7762514778265905,-0.00027279694658299825,0.024678842954097877,4.3836913112560815e-05
2019-03-04,1.7753157674834306,-0.000526789339708178,0.0,0.0
2019-03-05,1.775808259765379,0.00027741108988554863,0.0,0.0
2019-03-06,1.7681667706186979,-0.004303104856427931,0.0,0.0
2019-03-07,1.7604508173733997,-0.0043638153218987785,0.0,0.0
2019-03-08,1.7635667079969184,0.0017699390365062406,0.0,0.0
2019-03-11,1.7786036378024548,0.008526430974995947,0.0,0.0
2019-03-12,1.785220441770592,0.0037202240159097677,0.0,0.0
2019-03-13,1.7929959597406524,0.004355494586622877,0.0,0.0
2019-03-14,1.787203886151704,-0.003230388533494666,0.0,0.0
2019-03-15,1.7959811085517199,0.004911147781194503,0.0,0.0
2019-03-18,1.7982532293292333,0.001265113962888753,0.0,0.0
2019-03-19,1.7978756871616006,-0.00020994938948248887,0.0,0.0
2019-03-20,1.8024384669593154,0.002537872796376961,0.0,0.0
2019-03-21,1.8152900248599466,0.007130095221675736,0.0,0.0
2019-03-22,1.7973551924086615,-0.0098798716489773,0.0,0.0
2019-03-25,1.800850455681584,0.0019446703065066906,0.0,0.0
2019-03-26,1.8075134600507137,0.0036999209723984627,0.0,0.0
2019-03-27,1.804763026644147,-0.001521666901716734,0.0,0.0
2019-03-28,1.8076349667850913,0.0015913114899546166,0.0,0.0
2019-03-29,1.8119426247136747,0.0023830352962492807,0.0,0.0
2019-04-01,1.817589184570365,0.003116301686198586,0.018467683842865533,3.3567282326815395e-05
2019-04-02,1.8212079875526497,0.001990990600629239,0.0,0.0
2019-04-03,1.8227633798456737,0.0008540442956843641,0.0,0.0
2019-04-04,1.8251293569777998,0.0012980166039577856,0.0,0.0
2019-04-05,1.832161024258645,0.003852695291959307,0.0,0.0
2019-04-08,1.8312578333391338,-0.0004929648145290955,0.0,0.0
2019-04-09,1.826185025646187,-0.0027701220443093755,0.0,0.0
2019-04-10,1.8366273203021581,0.005718092367051453,0.0,0.0
2019-04-11,1.8305615090542275,-0.0033026903067807645,0.0,0.0
2019-04-12,1.8346699214752773,0.002244345464890829,0.0,0.0
2019-04-15,1.8325057863639305,-0.0011795773648518582,0.0,0.0
2019-04-16,1.8249141660991164,-0.004142753775352337,0.0,0.0
2019-04-17,1.8212871959581771,-0.0019874743745850187,0.0,0.0
2019-04-18,1.82445554896586,0.0017396229516761785,0.0,0.0
2019-04-22,1.8204319985145498,-0.002205343097337109,0.0,0.0
2019-04-23,1.833252897829876,0.007042778486528345,0.0,0.0
2019-04-24,1.8360133627235524,0.001505774188026221,0.0,0.0
2019-04-25,1.8340072119076263,-0.001092666783726548,0.0,0.0
2019-04-26,1.843314007958606,0.005074568949649416,0.0,0.0
2019-04-29,1.8406118964723068,-0.001465898633999707,0.0,0.0
2019-04-30,1.8420197349511587,0.000764875246949126,0.0,0.0
2019-05-01,1.8355116358335477,-0.003533132134321826,0.010621722125618545,1.949650164058558e-05
2019-05-02,1.8321815447525676,-0.0018142576794223375,0.0,0.0
2019-05-03,1.8499041197289667,0.009672936083849004,0.0,0.0
2019-05-06,1.8456718802831584,-0.0022878155687486856,0.0,0.0
2019-05-07,1.8269986509512077,-0.01011730716138226,0.0,0.0
2019-05-08,1.8226811822156341,-0.0023631482887662703,0.0,0.0
2019-05-09,1.821202372649933,-0.0008113374846518973,0.0,0.0
2019-05-10,1.8275917299854658,0.003508318148211176,0.0,0.0
2019-05-13,1.8056220004082828,-0.012021136458829185,0.0,0.0
2019-05-14,1.8150946698366774,0.00524620846791457,0.0,0.0
2019-05-15,1.8245117521575789,0.005188204492798665,0.0,0.0
2019-05-16,1.8301273968082072,0.0030778889990636937,0.0,0.0
2019-05-17,1.82017223166484,-0.005439602270710386,0.0,0.0
2019-05-20,1.808087355944126,-0.006639413298630825,0.0,0.0
2019-05-21,1.818099097726199,0.0055372002625644345,0.0,0.0
2019-05-22,1.8157183249988238,-0.001309484576694886,0.0,0.0
2019-05-23,1.8084083857072897,-0.004025921416824896,0.0,0.0
2019-05-24,1.814883268304654,0.0035804316373106992,0.0,0.0
2019-05-28,1.8067321238663054,-0.0044912775277072825,0.0,0.0
2019-05-29,1.798064496933275,-0.004797405668795052,0.0,0.0
2019-05-30,1.8056921556092775,0.004242149649810623,0.0,0.0
2019-05-31,1.8022827703657316,-0.0018881320567045723,0.0,0.0
2019-06-03,1.8053132648668462,0.0016814755991367836,0.05053061959080808,9.122820764708266e-05
2019-06-04,1.82155566453067,0.008996997906079107,0.0,0.0
2019-06-05,1.829109272420414,0.00414678949253533,0.0,0.0
2019-06-06,1.8351222578114714,0.0032873844563154897,0.0,0.0
2019-06-07,1.8516201204462053,0.008990061868907162,0.0,0.0
2019-06-10,1.8515546864614292,-3.533877389516604e-05,0.0,0.0
2019-06-11,1.8529953658358753,0.0007780917220432393,0.0,0.0
2019-06-12,1.8521546974864476,-0.0004536807619314187,0.0,0.0
2019-06-13,1.8609635806488587,0.004756019124301902,0.0,0.0
2019-06-14,1.8566144417386776,-0.0023370360147857427,0.0,0.0
2019-06-17,1.8627909093996196,0.003326736839964317,0.0,0.0
2019-06-18,1.8781927343957496,0.008268144813469158,0.0,0.0
2019-06-19,1.8863996465061323,0.004369579308921789,0.0,0.0
2019-06-20,1.9030464808529837,0.008824659386298839,0.0,0.0
2019-06-21,1.894134978214693,-0.004682756163841173,0.0,0.0
2019-06-24,1.8964394788832513,0.0012166507113080538,0.0,0.0
2019-06-25,1.8839489376483614,-0.006586311545383583,0.0,0.0
2019-06-26,1.8758807991956596,-0.004282567479123256,0.0,0.0
2019-06-27,1.8882226843687848,0.006579248094237711,0.0,0.0
2019-06-28,1.895889936894331,0.004060565837397112,0.0,0.0
2019-07-01,1.8985848893968449,0.001421470967311933,0.028147477535567598,5.3441879777777084e-05
2019-07-02,1.9110602571417248,0.006570876980298346,0.0,0.0
2019-07-03,1.923694310590225,0.0066110178374994,0.0,0.0
2019-07-05,1.912866052266763,-0.005628887221764356,0.0,0.0
2019-07-08,1.9055617956863342,-0.003818488268832687,0.0,0.0
2019-07-09,1.907427335505794,0.0009789972824196802,0.0,0.0
2019-07-10,1.9166032821129262,0.004810640193902316,0.0,0.0
2019-07-11,1.9059507888537146,-0.005558006374416724,0.0,0.0
2019-07-12,1.9122105620093288,0.003284330945070746,0.0,0.0
2019-07-15,1.9135942342314873,0.0007235982530628959,0.0,0.0
2019-07-16,1.906695076807758,-0.003605339784324868,0.0,0.0
2019-07-17,1.9087729873562278,0.0010897969862850854,0.0,0.0
2019-07-18,1.9155484391764857,0.003549637314200549,0.0,0.0
2019-07-19,1.9019018077516452,-0.007124137999197422,0.0,0.0
2019-07-22,1.9053533505489366,0.0018147849606240385,0.0,0.0
2019-07-23,1.9118172989147977,0.0033925194841148976,0.0,0.0
2019-07-24,1.9218432226834627,0.005244185087328157,0.0,0.0
2019-07-25,1.9080380741474428,-0.007183285490240943,0.0,0.0
2019-07-26,1.9177786254292415,0.0051050088642234925,0.0,0.0
2019-07-29,1.9175917339168436,-9.745207810729628e-05,0.0,0.0
2019-07-30,1.9190271301752553,0.0007485411169767531,0.0,0.0
2019-07-31,1.9074798486644513,-0.006017258083135801,0.0,0.0
2019-08-01,1.9125616200390683,0.0026641284720123615,0.01637424600015747,3.131726725361797e-05
2019-08-02,1.9051746018067117,-0.0038623687493036796,0.0,0.0
2019-08-05,1.8796445639817365,-0.01340036645500342,0.0,0.0
2019-08-06,1.8977479073160008,0.009631258846042323,0.0,0.0
2019-08-07,1.906022234029578,0.004360076847761851,0.0,0.0
2019-08-08,1.9295510187162916,0.01234444397690515,0.0,0.0
2019-08-09,1.9187700904840943,-0.005587272960198675,0.0,0.0
2019-08-12,1.9167474739535755,-0.001054121356461435,0.0,0.0
2019-08-13,1.9279356531636416,0.005837064799667502,0.0,0.0
2019-08-14,1.905270154882998,-0.011756356205898655,0.0,0.0
2019-08-15,1.913604559918778,0.004374395418109023,0.0,0.0
2019-08-16,1.9275551218721325,0.0072902010402537964,0.0,0.0
2019-08-19,1.932174275665842,0.0023963796112991265,0.0,0.0
2019-08-20,1.9304516510148666,-0.0008915472442990735,0.0,0.0
2019-08-21,1.936953433578923,0.0033680110872698066,0.0,0.0
2019-08-22,1.9330279965217234,-0.0020266037319991437,0.0,0.0
2019-08-23,1.9158839737873645,-0.008868998672139083,0.0,0.0
2019-08-26,1.9271660450680974,0.005888702779025978,0.0,0.0
2019-08-27,1.9291936779136014,0.0010521318859333384,0.0,0.0
2019-08-28,1.9347042133306827,0.0028563930517546687,0.0,0.0
2019-08-29,1.9458063623880495,0.005738421915282732,0.0,0.0
2019-08-30,1.9452195464873183,-0.00030157980366096737,0.0,0.0
2019-09-03,1.9437226431410017,-0.0007695292539187104,0.04199543682389175,8.16309095889031e-05
2019-09-04,1.9597392744293727,0.00824018351841005,0.0,0.0
2019-09-05,1.9594501873439631,-0.00014751303358639944,0.0,0.0
2019-09-06,1.9601442381693959,0.00035420692494025907,0.0,0.0
2019-09-09,1.9556959297791299,-0.0022693780914920803,0.0,0.0
2019-09-10,1.9478652656920752,-0.004004029444362067,0.0,0.0
2019-09-11,1.9596604800048025,0.006055456976659324,0.0,0.0
2019-09-12,1.9630275817316518,0.0017182066797820639,0.0,0.0
2019-09-13,1.9522389730981302,-0.005495902723895774,0.0,0.0
2019-09-16,1.9571430721286247,0.002512038279162132,0.0,0.0
2019-09-17,1.9640695359471723,0.00353906871561227,0.0,0.0
2019-09-18,1.9614425585066646,-0.0013375175330748723,0.0,0.0
2019-09-19,1.9646184015585324,0.001619136404527488,0.0,0.0
2019-09-20,1.9671199086327076,0.0012732788577114462,0.0,0.0
2019-09-23,1.967822910417226,0.0003573761728674629,0.0,0.0
2019-09-24,1.9619990711489508,-0.0029595342332102703,0.0,0.0
2019-09-25,1.959456618290032,-0.0012958481460595417,0.0,0.0
2019-09-26,1.9600804432193766,0.00031836628763382,0.0,0.0
2019-09-27,1.9508300845704993,-0.004719377044384854,0.0,0.0
2019-09-30,1.9536807808149939,0.0014612734686845208,0.0,0.0
2019-10-01,1.9412032566171429,-0.006386674998484554,0.017217596150958126,3.342342919046414e-05
2019-10-02,1.9282581168244861,-0.006668616358709301,0.0,0.0
2019-10-03,1.9418301803983344,0.007038509759367262,0.0,0.0
2019-10-04,1.9570949588877231,0.00786102649113074,0.0,0.0
2019-10-07,1.9486626524475006,-0.004308583189552961,0.0,0.0
2019-10-08,1.9363324571920293,-0.006327516586816406,0.0,0.0
2019-10-09,1.9431745959898907,0.003533555806725319,0.0,0.0
2019-10-10,1.9425074470532717,-0.0003433293837804552,0.0,0.0
2019-10-11,1.951701694659656,0.0047331852551359965,0.0,0.0
2019-10-14,1.9530950177216515,0.000713901650958304,0.0,0.0
2019-10-15,1.9594047677991793,0.003230641633036546,0.0,0.0
2019-10-16,1.9609945603174486,0.0008113650351351254,0.0,0.0
2019-10-17,1.9676295629938334,0.0033834885678167836,0.0,0.0
2019-10-18,1.9647644797250678,-0.0014561090779741104,0.0,0.0
2019-10-21,1.9707261577602895,0.003034296525991742,0.0,0.0
2019-10-22,1.969364718416235,-0.0006908313154992962,0.0,0.0
2019-10-23,1.9737235012424765,0.0022132938533330204,0.0,0.0
2019-10-24,1.977809886996543,0.002070394232775774,0.0,0.0
2019-10-25,1.9793147194047076,0.0007608579662070625,0.0,0.0
2019-10-28,1.9800649529000207,0.0003790369909131286,0.0,0.0
2019-10-29,1.9791100435433364,-0.000482261632521519,0.0,0.0
2019-10-30,1.9878057489549867,0.0043937452796114496,0.0,0.0
2019-10-31,1.9918676045179482,0.0020433865658637806,0.0,0.0
2019-11-01,2.0027292386569315,0.00545299000513233,0.02376278243655148,4.7591550085176275e-05
2019-11-04,2.0009719243834136,-0.0008774597382401605,0.0,0.0
2019-11-05,1.9881978595794538,-0.006383930053339482,0.0,0.0
2019-11-06,1.9905784794387091,0.0011973757278658237,0.0,0.0
2019-11-07,1.9810755015195252,-0.004773978025655934,0.0,0.0
2019-11-08,1.979759213388929,-0.0006644310777588203,0.0,0.0
2019-11-11,1.978321175828297,-0.0007263699296897741,0.0,0.0
2019-11-12,1.979929538709827,0.0008129938157572791,0.0,0.0
2019-11-13,1.983440280539639,0.0017731650350041317,0.0,0.0
2019-11-14,1.989539584697391,0.0030751135880393576,0.0,0.0
2019-11-15,1.9966005044595054,0.0035490220030924835,0.0,0.0
2019-11-18,1.9992859644357988,0.0013450161763934876,0.0,0.0
2019-11-19,2.003279896217662,0.001997679097892391,0.0,0.0
2019-11-20,2.0011714735795545,-0.0010524852977800148,0.0,0.0
2019-11-21,1.991660163294433,-0.004752871211035292,0.0,0.0
2019-11-22,1.9935117683461545,0.0009296792122701625,0.0,0.0
2019-11-25,2.0070041964540635,0.006768170783913785,0.0,0.0
2019-11-26,2.0146097377500998,0.003789499448717537,0.0,0.0
2019-11-27,2.019158701221895,0.002257987433772257,0.0,0.0
2019-11-29,2.012879630585425,-0.003109745971265121,0.0,0.0
2019-12-02,1.9959376132771969,-0.008416805978259556,0.016419660006253108,3.277315512776891e-05
2019-12-03,2.0017477880425143,0.0029110001869134816,0.0,0.0
2019-12-04,2.0063374820284,0.0022928432908992935,0.0,0.0
2019-12-05,2.005827713591321,-0.0002540791076501847,0.0,0.0
2019-12-06,2.012476868006446,0.003314918011188661,0.0,0.0
2019-12-09,2.0096538363896204,-0.0014027647530787668,0.0,0.0
2019-12-10,2.0086852509953816,-0.0004819662852876272,0.0,0.0
2019-12-11,2.0140806085363003,0.0026860144157703214,0.0,0.0
2019-12-12,2.012433430892889,-0.000817831042327688,0.0,0.0
2019-12-13,2.019880408745525,0.003700484069841803,0.0,0.0
2019-12-16,2.0276397973411218,0.0038415089140924064,0.0,0.0
2019-12-17,2.024703046421961,-0.0014483592810773382,0.0,0.0
2019-12-18,2.0258744967432585,0.0005785788307908213,0.0,0.0
2019-12-19,2.0331377592454123,0.003585248007134778,0.0,0.0
2019-12-20,2.0377455000873628,0.0022663200370940384,0.0,0.0
2019-12-23,2.0390219169311625,0.0006263867807561052,0.0,0.0
2019-12-24,2.0435099025581436,0.0022010482524561503,0.0,0.0
2019-12-26,2.052464188034317,0.004381816532899707,0.0,0.0
2019-12-27,2.052675233642341,0.00010282547644635542,0.0,0.0
2019-12-30,2.047268352139027,-0.002634065737578739,0.0,0.0
2019-12-31,2.0487784508413256,0.0007376163953889403,0.0,0.0
2020-01-02,2.0605057987403566,0.005724068356056433,0.019854074925925735,4.091024874863962e-05
2020-01-03,2.061860582249735,0.0006575004594535638,0.0,0.0
2020-01-06,2.0665109625660865,0.0022554290801162225,0.0,0.0
2020-01-07,2.06040498581058,-0.0029547274929161427,0.0,0.0
2020-01-08,2.0619539203495894,0.0007517621776671479,0.0,0.0
2020-01-09,2.0672906981920454,0.002588213921653093,0.0,0.0
2020-01-10,2.070517700681272,0.0015609814778583253,0.0,0.0
2020-01-13,2.0780357950842356,0.0036310215558601477,0.0,0.0
2020-01-14,2.078247950260766,0.00010209409146466619,0.0,0.0
2020-01-15,2.086356854496546,0.003901798259809519,0.0,0.0
2020-01-16,2.096685429209164,0.004950531204840569,0.0,0.0
2020-01-17,2.0973281246334032,0.0003065292557888899,0.0,0.0
2020-01-21,2.0992473515437924,0.00091508185478828,0.0,0.0
2020-01-22,2.0996786407696986,0.0002054494557723885,0.0,0.0
2020-01-23,2.105064124959611,0.0025649087842978258,0.0,0.0
2020-01-24,2.09936776183252,-0.002706028315028308,0.0,0.0
2020-01-27,2.0866717414346185,-0.006047544707850183,0.0,0.0
2020-01-28,2.094236887405994,0.003625460498245081,0.0,0.0
2020-01-29,2.0969519031689465,0.001296422472204295,0.0,0.0
2020-01-30,2.09892587199982,0.0009413515054352839,0.0,0.0
2020-01-31,2.0819056805825884,-0.008109000724744408,0.0,0.0
2020-02-03,2.0897662522448317,0.0037756617581463647,0.02502556548547565,5.229889100421123e-05
2020-02-04,2.1031662858725246,0.006412216492298395,0.0,0.0
2020-02-05,2.1112516261221694,0.0038443656614106647,0.0,0.0
2020-02-06,2.117897060988418,0.003147628062911023,0.0,0.0
2020-02-07,2.1142777526199694,-0.001708916091870627,0.0,0.0
2020-02-10,2.126540197902372,0.005799827041270911,0.0,0.0
2020-02-11,2.1301557642669415,0.0017002106840660058,0.0,0.0
2020-02-12,2.137295244170245,0.0033516233991275346,0.0,0.0
2020-02-13,2.139389998125122,0.0009800957357626316,0.0,0.0
2020-02-14,2.1447921483831665,0.0025250890500463363,0.0,0.0
2020-02-18,2.1472531562338406,0.0011474341942780963,0.0,0.0
2020-02-19,2.1509230941974025,0.0017091314794006607,0.0,0.0
2020-02-20,2.1535555633457126,0.001223878787396826,0.0,0.0
2020-02-21,2.1492883573691106,-0.0019814701088893827,0.0,0.0
2020-02-24,2.113990282865026,-0.016423145076397416,0.0,0.0
2020-02-25,2.0750142867220625,-0.018437169015810495,0.0,0.0
2020-02-26,2.0686966014968635,-0.003044646615507962,0.0,0.0
2020-02-27,2.0161936843530186,-0.025379708704434956,0.0,0.0
2020-02-28,2.002726400195774,-0.006679558745650072,0.0,0.0
2020-03-02,2.0455912582041518,0.021403252088846303,0.035479394982674925,7.25789152789352e-05
2020-03-03,2.0371172688626236,-0.004142562355769708,0.0,0.0
2020-03-04,2.0803019874329003,0.021198935981917133,0.0,0.0
2020-03-05,2.0550678482306353,-0.012130036578681613,0.0,0.0
2020-03-06,2.0491042261329824,-0.0029019100769774875,0.0,0.0
2020-03-09,1.9516112552567795,-0.047578336735066507,0.0,0.0
2020-03-10,1.975120798050831,0.012046222182172439,0.0,0.0
2020-03-11,1.8925363232460635,-0.041812366558170444,0.0,0.0
2020-03-12,1.7574312448119631,-0.07138836743823718,0.0,0.0
2020-03-13,1.8320046474949758,0.04243318360428483,0.0,0.0
2020-03-16,1.7019007835896418,-0.07101721280196194,0.0,0.0
2020-03-17,1.731378932701501,0.01732072127593942,0.0,0.0
2020-03-18,1.6393064392185313,-0.053178707297372174,0.0,0.0
2020-03-19,1.6425354865126454,0.001969764295962406,0.0,0.0
2020-03-20,1.6356546062097959,-0.004189182126870583,0.0,0.0
2020-03-23,1.6551628751915435,0.011926887808516584,0.0,0.0
2020-03-24,1.745143661430841,0.05436370497911547,0.0,0.0
2020-03-25,1.7716197242479312,0.015171279821961647,0.0,0.0
2020-03-26,1.8339470374410973,0.035180977238004285,0.0,0.0
2020-03-27,1.8114064841677022,-0.012290732945508531,0.0,0.0
2020-03-30,1.8408689447881827,0.016264963650065356,0.0,0.0
2020-03-31,1.8165091378284988,-0.013232776308520378,0.0,0.0
2020-04-01,1.763955893493583,-0.028930900065682663,0.12323999127572996,0.00021741670335754696
2020-04-02,1.7862607951152814,0.012644818220212128,0.0,0.0
2020-04-03,1.7656469792410099,-0.011540205064480058,0.0,0.0
2020-04-06,1.850797350172828,0.04822615841838407,0.0,0.0
2020-04-07,1.8517816296293665,0.0005318137377097187,0.0,0.0
2020-04-08,1.8938611871223747,0.022723822733585752,0.0,0.0
2020-04-09,1.9462007148490743,0.027636411835561647,0.0,0.0
2020-04-13,1.9258150734997823,-0.010474583219374112,0.0,0.0
2020-04-14,1.9608721562389606,0.018203763809714557,0.0,0.0
2020-04-15,1.9302997192307338,-0.015591244391406911,0.0,0.0
2020-04-16,1.9326721463284664,0.0012290459735848636,0.0,0.0
2020-04-17,1.9597658779055886,0.014018793424737108,0.0,0.0
2020-04-20,1.9381426548322986,-0.011033574631067133,0.0,0.0
2020-04-21,1.906292335519484,-0.016433423635460187,0.0,0.0
2020-04-22,1.9321126557764385,0.013544785223048361,0.0,0.0
2020-04-23,1.9357366978212107,0.0018756887875752692,0.0,0.0
2020-04-24,1.9506141757855795,0.007685692987643655,0.0,0.0
2020-04-27,1.9702407493036422,0.010061740431143162,0.0,0.0
2020-04-28,1.9740009205488622,0.0019084831366669164,0.0,0.0
2020-04-29,2.0145314175579907,0.020532157096390335,0.0,0.0
2020-04-30,1.9846233145061403,-0.014846183480277997,0.0,0.0
2020-05-01,1.9479075993138288,-0.01850009264929342,0.044952662293923806,8.756756888707515e-05
2020-05-04,1.9512759047317723,0.0017291915792772006,0.0,0.0
2020-05-05,1.959006306940306,0.00396171663360767,0.0,0.0
2020-05-06,1.941333752099902,-0.009021183228351104,0.0,0.0
2020-05-07,1.966244699277834,0.0128318724953842,0.0,0.0
2020-05-08,1.9875696572361723,0.010845525974549686,0.0,0.0
2020-05-11,1.9793230955639276,-0.004149068004847711,0.0,0.0
2020-05-12,1.9510321339683807,-0.014293250889131137,0.0,0.0
2020-05-13,1.9322262449790109,-0.009638943747747986,0.0,0.0
2020-05-14,1.9437386146751336,0.005958085770772614,0.0,0.0
2020-05-15,1.9512867572712964,0.003883311541569734,0.0,0.0
2020-05-18,1.99582007227904,0.022822537406044674,0.0,0.0
2020-05-19,1.9842070400198788,-0.0058186769541305194,0.0,0.0
2020-05-20,2.0126381653711034,0.014328709039828746,0.0,0.0
2020-05-21,2.0024538161718546,-0.005060198785096115,0.0,0.0
2020-05-22,2.010543858360074,0.004040064306544355,0.0,0.0
2020-05-26,2.029718770805713,0.009537176901616817,0.0,0.0
2020-05-27,2.052555114583403,0.011250989105562104,0.0,0.0
2020-05-28,2.048984657848621,-0.0017395180813485345,0.0,0.0
2020-05-29,2.0540486659999937,0.002471471971239536,0.0,0.0
2020-06-01,2.0696293346744743,0.007585345436251112,0.03944504512421759,8.163984278392085e-05
2020-06-02,2.07836457930918,0.0042206807220770415,0.0,0.0
2020-06-03,2.0955690330833594,0.008277880572761687,0.0,0.0
2020-06-04,2.0870160872176866,-0.004081443145343755,0.0,0.0
2020-06-05,2.11829104671191,0.0149854903782356,0.0,0.0
2020-06-08,2.1438875143168,0.012083546141887336,0.0,0.0
2020-06-09,2.1350153634524895,-0.004138347187090163,0.0,0.0
2020-06-10,2.130627309181775,-0.002055279950594291,0.0,0.0
2020-06-11,2.048951021908669,-0.038334384864555315,0.0,0.0
2020-06-12,2.0726588028796797,0.011570691889416729,0.0,0.0
2020-06-15,2.0923028416888716,0.009477700228276431,0.0,0.0
2020-06-16,2.1117757076951253,0.009306906064580733,0.0,0.0
2020-06-17,2.1047641923593288,-0.0033201988782460834,0.0,0.0
2020-06-18,2.1039375914023664,-0.0003927285346088105,0.0,0.0
2020-06-19,2.099122375930648,-0.0022886683955815057,0.0,0.0
2020-06-22,2.110985823277634,0.0056516225461731295,0.0,0.0
2020-06-23,2.1159594117340053,0.002356050145637223,0.0,0.0
2020-06-24,2.081779833773142,-0.016153229486029375,0.0,0.0
2020-06-25,2.0987855647240616,0.008168842196966342,0.0,0.0
2020-06-26,2.0745990643786327,-0.011524045501336788,0.0,0.0
2020-06-29,2.0970129211978485,0.01080394626801251,0.0,0.0
2020-06-30,2.112578061613273,0.007422529569600211,0.0,0.0
2020-07-01,2.1213827105282315,0.00416772713630964,0.01164816303650237,2.471049950697773e-05
2020-07-02,2.129373966840232,0.0037670036021038023,0.0,0.0
2020-07-06,2.1474238271054533,0.008476604178647484,0.0,0.0
2020-07-07,2.1345142187751796,-0.0060116722965092295,0.0,0.0
2020-07-08,2.144166023716167,0.0045217805794359744,0.0,0.0
2020-07-09,2.139897451648224,-0.0019907843052866525,0.0,0.0
2020-07-10,2.149822958045755,0.0046383093684634336,0.0,0.0
2020-07-13,2.1340918305039978,-0.007317406060291298,0.0,0.0
2020-07-14,2.153128926174171,0.008920466963072249,0.0,0.0
2020-07-15,2.171009614428481,0.008304513509129308,0.0,0.0
2020-07-16,2.1611788498188145,-0.004528199481168449,0.0,0.0
2020-07-17,2.170406808903703,0.004269872937939567,0.0,0.0
2020-07-20,2.1802013284400807,0.004512757468414508,0.0,0.0
2020-07-21,2.1867045260553515,0.002982842699175814,0.0,0.0
2020-07-22,2.19996664127319,0.006064886709574058,0.0,0.0
2020-07-23,2.1921325169389188,-0.0035610196024323804,0.0,0.0
2020-07-24,2.182045575282622,-0.004601428781496386,0.0,0.0
2020-07-27,2.201527080422671,0.0089280926854729,0.0,0.0
2020-07-28,2.200968248678227,-0.0002538382332035738,0.0,0.0
2020-07-29,2.224754222633819,0.010807050019861153,0.0,0.0
2020-07-30,2.217569872496152,-0.003229278121859913,0.0,0.0
2020-07-31,2.2185705782094645,0.0004512623145380701,0.0,0.0
2020-08-03,2.229732892890136,0.005031309253943128,0.023781406493518172,5.302744536502301e-05
2020-08-04,2.2490831011099064,0.008678262890354116,0.0,0.0
2020-08-05,2.2563990358566572,0.0032528521258909926,0.0,0.0
2020-08-06,2.2692042839312787,0.005675081344714394,0.0,0.0
2020-08-07,2.2662690560651413,-0.0012935053432264754,0.0,0.0
2020-08-10,2.2674659247695996,0.0005281229522395847,0.0,0.0
2020-08-11,2.2346302888118466,-0.014481203708095247,0.0,0.0
2020-08-12,2.251318860639289,0.007468157892156713,0.0,0.0
2020-08-13,2.2469941566228693,-0.0019209646807613057,0.0,0.0
2020-08-14,2.2413122706233795,-0.0025286607812231576,0.0,0.0
2020-08-17,2.2586282169823493,0.007725807146968355,0.0,0.0
2020-08-18,2.2628760973557887,0.0018807346607556674,0.0,0.0
2020-08-19,2.2421913675152716,-0.009140902528727679,0.0,0.0
2020-08-20,2.252851708207459,0.00475442945978366,0.0,0.0
2020-08-21,2.2526540256002696,-8.774772279473986e-05,0.0,0.0
2020-08-24,2.2634828161792626,0.004807125486616881,0.0,0.0
2020-08-25,2.2650867776875128,0.0007086254407522308,0.0,0.0
2020-08-26,2.273850844464761,0.0038691969171247287,0.0,0.0
2020-08-27,2.2655026072903137,-0.003671409316389207,0.0,0.0
2020-08-28,2.2806577610823964,0.006689532708244794,0.0,0.0
2020-08-31,2.2773745350717105,-0.001439596096666329,0.0,0.0
2020-09-01,2.2942247201506647,0.007398952091305366,0.03610805595633906,8.284298587078563e-05
2020-09-02,2.3126339816432053,0.008024175369940156,0.0,0.0
2020-09-03,2.267230255957071,-0.019632906048484666,0.0,0.0
2020-09-04,2.2505841502782804,-0.007342044609299658,0.0,0.0
2020-09-08,2.219069044035486,-0.01400307837362913,0.0,0.0
2020-09-09,2.2463415527745627,0.012290067680580163,0.0,0.0
2020-09-10,2.2265269806666583,-0.008820818937098185,0.0,0.0
2020-09-11,2.2250855873021314,-0.0006473729611375934,0.0,0.0
2020-09-14,2.2516806588253253,0.011952381371289178,0.0,0.0
2020-09-15,2.261585595844678,0.0043989084244833165,0.0,0.0
2020-09-16,2.260557542161259,-0.00045457208664057003,0.0,0.0
2020-09-17,2.2460266196848666,-0.006428025920764524,0.0,0.0
2020-09-18,2.228984632977169,-0.007587615640142653,0.0,0.0
2020-09-21,2.1965493952053072,-0.014551575319090126,0.0,0.0
2020-09-22,2.2078653616636625,0.005151701338042436,0.0,0.0
2020-09-23,2.1672485067946194,-0.01839643647402378,0.0,0.0
2020-09-24,2.1716934544760447,0.002050963545477069,0.0,0.0
2020-09-25,2.1915504030798676,0.009143532003974109,0.0,0.0
2020-09-28,2.221154660749196,0.013508362676817542,0.0,0.0
2020-09-29,2.2171893547986716,-0.0017852453143388791,0.0,0.0
2020-09-30,2.216893917043712,-0.00013324877025966408,0.0,0.0
2020-10-01,2.2381278377787135,0.009578230411366517,0.01642594084207068,3.676395934296662e-05
2020-10-02,2.2318399550542316,-0.002809438593428415,0.0,0.0
2020-10-05,2.251164254238409,0.008658460988842709,0.0,0.0
2020-10-06,2.2344215374903005,-0.00743735900949305,0.0,0.0
2020-10-07,2.25104071862075,0.007437800276986373,0.0,0.0
2020-10-08,2.2682397910188565,0.00764049812863643,0.0,0.0
2020-10-09,2.283325357547877,0.00665078118669471,0.0,0.0
2020-10-12,2.3033969413490825,0.008790505363090562,0.0,0.0
2020-10-13,2.2885266239378668,-0.00645582059447658,0.0,0.0
2020-10-14,2.279112450344332,-0.004113639533428581,0.0,0.0
2020-10-15,2.2782060451579516,-0.0003977009498778994,0.0,0.0
2020-10-16,2.2727978979263166,-0.0023738622075598625,0.0,0.0
2020-10-19,2.253311058532753,-0.008573942897141529,0.0,0.0
2020-10-20,2.257219918394166,0.0017347182700813146,0.0,0.0
2020-10-21,2.2524516933462966,-0.0021124326473521693,0.0,0.0
2020-10-22,2.253022563539469,0.00025344392284143424,0.0,0.0
2020-10-23,2.2618319338121777,0.003910023101974414,0.0,0.0
2020-10-26,2.2396741885930447,-0.009796371201545306,0.0,0.0
2020-10-27,2.235468655116912,-0.0018777434224818146,0.0,0.0
2020-10-28,2.185618488866946,-0.022299648950952933,0.0,0.0
2020-10-29,2.196716149262394,0.005077583508730887,0.0,0.0
2020-10-30,2.1770847465675445,-0.008936704317233368,0.0,0.0
2020-11-02,2.2013392928945996,0.011140837013945193,0.016462910789879315,3.624104903033603e-05
2020-11-03,2.2315058795487044,0.013703742422386034,0.0,0.0
2020-11-04,2.2640739828027567,0.014594675081312847,0.0,0.0
2020-11-05,2.3012921385255045,0.01643857754006528,0.0,0.0
2020-11-06,2.2939964141298743,-0.0031702730277020086,0.0,0.0
2020-11-09,2.2999972241980884,0.002615875958328573,0.0,0.0
2020-11-10,2.3054186779159123,0.0023571566351408,0.0,0.0
2020-11-11,2.317947133908163,0.005434351735007281,0.0,0.0
2020-11-12,2.3080162452687096,-0.004284346478044765,0.0,0.0
2020-11-13,2.3351418283757353,0.011752769575444466,0.0,0.0
2020-11-16,2.3552568303792394,0.0086140386674054,0.0,0.0
2020-11-17,2.35580610373667,0.00023321166097312052,0.0,0.0
2020-11-18,2.337873086483854,-0.00761226368518686,0.0,0.0
2020-11-19,2.349619910409865,0.005024577250974049,0.0,0.0
2020-11-20,2.3482280329181977,-0.0005923841066806101,0.0,0.0
2020-11-23,2.3497526497590813,0.000649262686379215,0.0,0.0
2020-11-24,2.363443867085386,0.00582666321398051,0.0,0.0
2020-11-25,2.362676939709537,-0.00032449570160297814,0.0,0.0
2020-11-27,2.369531397257214,0.002901140410893399,0.0,0.0
2020-11-30,2.351776839185999,-0.0074928562211779015,0.0,0.0
2020-12-01,2.373164479852621,0.009094247511181708,0.05888044699093156,0.0001397412133818308
2020-12-02,2.3710690525950198,-0.0008829675630958045,0.0,0.0
2020-12-03,2.38194234655592,0.004585819189449447,0.0,0.0
2020-12-04,2.3928752214631857,0.004589899047335644,0.0,0.0
2020-12-07,2.3965651847075566,0.0015420625410274003,0.0,0.0
2020-12-08,2.4044857332777214,0.0033049585384556934,0.0,0.0
2020-12-09,2.3839941345746496,-0.008522237590962267,0.0,0.0
2020-12-10,2.3906818238212137,0.0028052456797496017,0.0,0.0
2020-12-11,2.3888785350244683,-0.0007542989530338051,0.0,0.0
2020-12-14,2.3862449306157103,-0.0011024438330143882,0.0,0.0
2020-12-15,2.413963578281578,0.011616011127036918,0.0,0.0
2020-12-16,2.4171076507019835,0.0013024523023845713,0.0,0.0
2020-12-17,2.4323986292752835,0.00632614710762236,0.0,0.0
2020-12-18,2.4194507555639513,-0.005323088722176239,0.0,0.0
2020-12-21,2.411703286569899,-0.003202160232538498,0.0,0.0
2020-12-22,2.416867886320061,0.0021414739445446695,0.0,0.0
2020-12-23,2.4196713104261276,0.0011599409806113403,0.0,0.0
2020-12-24,2.4280633661962288,0.0034682627073936434,0.0,0.0
2020-12-28,2.4359370857555556,0.003242798218920262,0.0,0.0
2020-12-29,2.4296569462819435,-0.0025781205558780274,0.0,0.0
2020-12-30,2.4387528745596385,0.0037437088769318727,0.0,0.0
2020-12-31,2.442657458860953,0.0016010577955831717,0.0,0.0
2021-01-04,2.426806813841262,-0.006489098568524754,0.023779414114204568,5.7709416497618904e-05
2021-01-05,2.437345317040463,0.004342538985425026,0.0,0.0
2021-01-06,2.437999337382566,0.0002683330661152894,0.0,0.0
2021-01-07,2.451965264192535,0.005728437492096505,0.0,0.0
2021-01-08,2.4514775744553856,-0.00019889749021784198,0.0,0.0
2021-01-11,2.4340775340783667,-0.007097776687141177,0.0,0.0
2021-01-12,2.4438649054873207,0.0040209776689221766,0.0,0.0
2021-01-13,2.452037088603277,0.0033439586196466475,0.0,0.0
2021-01-14,2.455939332105019,0.0015914292324039625,0.0,0.0
2021-01-15,2.442931422242423,-0.005296511071161802,0.0,0.0
2021-01-19,2.459286205574134,0.006694736979844684,0.0,0.0
2021-01-20,2.485217115555197,0.010544079791237504,0.0,0.0
2021-01-21,2.4804283656420667,-0.0019268939857033374,0.0,0.0
2021-01-22,2.4799361777120525,-0.00019842860081420444,0.0,0.0
2021-01-25,2.490491243412462,0.004256184411224551,0.0,0.0
2021-01-26,2.4895437216985448,-0.00038045575001466325,0.0,0.0
2021-01-27,2.4523062513016436,-0.014957548273743515,0.0,0.0
2021-01-28,2.457544319552498,0.002135976388786709,0.0,0.0
2021-01-29,2.427406870361187,-0.012263237310324082,0.0,0.0
2021-02-01,2.462352861756292,0.014396429301489766,0.036909927410129495,9.088862007791993e-05
2021-02-02,2.474515677834997,0.004939509794721131,0.0,0.0
2021-02-03,2.4705331140974023,-0.0016094316044418244,0.0,0.0
2021-02-04,2.4797920343273816,0.00374774180404458,0.0,0.0
2021-02-05,2.489147980880572,0.003772875476522719,0.0,0.0
2021-02-08,2.511368725031714,0.00892704825981494,0.0,0.0
2021-02-09,2.5162088228921493,0.0019272748809016083,0.0,0.0
2021-02-10,2.5176039825741094,0.0005544689571339578,0.0,0.0
2021-02-11,2.517174647804121,-0.00017053308342385165,0.0,0.0
2021-02-12,2.5176461601992965,0.00018731810905014967,0.0,0.0
2021-02-16,2.5032560879456778,-0.0057156849445751945,0.0,0.0
2021-02-17,2.4969351253184837,-0.002525096276658423,0.0,0.0
2021-02-18,2.4843587880945854,-0.005036709643104653,0.0,0.0
2021-02-19,2.486972157198605,0.0010519290194890285,0.0,0.0
2021-02-22,2.4763420283255373,-0.004274325646267729,0.0,0.0
2021-02-23,2.473916255900013,-0.0009795789102543528,0.0,0.0
2021-02-24,2.489408395963462,0.006262192597062288,0.0,0.0
2021-02-25,2.4319690926550765,-0.023073475369297602,0.0,0.0
2021-02-26,2.4282280955380813,-0.001538258495263678,0.0,0.0
2021-03-01,2.4592253691777124,0.012765387937232697,0.0409770613741588,0.00010077595838831585
2021-03-02,2.444042268715138,-0.006173936172287897,0.0,0.0
2021-03-03,2.4153232882287776,-0.011750607120824652,0.0,0.0
2021-03-04,2.3846566560630977,-0.012696698746348156,0.0,0.0
2021-03-05,2.406235759191875,0.009049144695070233,0.0,0.0
2021-03-08,2.3910698708004787,-0.006302744165222363,0.0,0.0
2021-03-09,2.431754912789421,0.017015413261563195,0.0,0.0
2021-03-10,2.446046413690984,0.005877031779148112,0.0,0.0
2021-03-11,2.465735613696096,0.008049397548185455,0.0,0.0
2021-03-12,2.4616240820888486,-0.001667466529829742,0.0,0.0
2021-03-15,2.4769078193169776,0.006208802285993187,0.0,0.0
2021-03-16,2.470929462474765,-0.0024136371953724645,0.0,0.0
2021-03-17,2.4780871696576723,0.0028967671038808707,0.0,0.0
2021-03-18,2.4419029653147177,-0.014601667280313313,0.0,0.0
2021-03-19,2.444735616732628,0.0011600180097841584,0.0,0.0
2021-03-22,2.4568694432512146,0.00496324691943717,0.0,0.0
2021-03-23,2.4385176492268297,-0.007469584545811148,0.0,0.0
2021-03-24,2.425295202757173,-0.005422329616457389,0.0,0.0
2021-03-25,2.434988533486802,0.003996763247051005,0.0,0.0
2021-03-26,2.460265005499731,0.010380530201813398,0.0,0.0
2021-03-29,2.4415243426549416,-0.007617335044353468,0.0,0.0
2021-03-30,2.441375093998284,-6.112929289703306e-05,0.0,0.0
2021-03-31,2.4515843248259825,0.004181754312475805,0.0,0.0
2021-04-01,2.484435873492283,0.013400130003128563,0.02130845591913876,5.294062037711376e-05
2021-04-05,2.499529604969135,0.0060753153816104355,0.0,0.0
2021-04-06,2.5023117795501144,0.0011130792671742995,0.0,0.0
2021-04-07,2.495627828689626,-0.0026711103368941558,0.0,0.0
2021-04-08,2.5106942190188763,0.00603711425079001,0.0,0.0
2021-04-09,2.5114365156116367,0.0002956539219860499,0.0,0.0
2021-04-12,2.507908379887352,-0.0014048277558892375,0.0,0.0
2021-04-13,2.5210978018727626,0.005259132307697367,0.0,0.0
2021-04-14,2.514916969277989,-0.0024516433238656044,0.0,0.0
2021-04-15,2.5448594954914814,0.011905970089377771,0.0,0.0
2021-04-16,2.547135742948148,0.0008944491673112953,0.0,0.0
2021-04-19,2.5359700256493305,-0.004383636533596635,0.0,0.0
2021-04-20,2.5250051442044805,-0.004323742526113783,0.0,0.0
2021-04-21,2.5483776188566454,0.009256406746659618,0.0,0.0
2021-04-22,2.5370278058481928,-0.0044537406562003,0.0,0.0
2021-04-23,2.5537469916702698,0.0065900680250869925,0.0,0.0
2021-04-26,2.561252499147444,0.0029390176480501573,0.0,0.0
2021-04-27,2.5541915356143674,-0.0027568400754813815,0.0,0.0
2021-04-28,2.55484050459287,0.00025407999731186237,0.0,0.0
2021-04-29,2.5571710306898554,0.0009122002304235988,0.0,0.0
2021-04-30,2.5461810341266786,-0.004297716668646867,0.0,0.0
2021-05-03,2.554550111265036,0.003286913627187582,0.014603520911384208,3.730597076756175e-05
2021-05-04,2.536242041156055,-0.007166847120456232,0.0,0.0
2021-05-05,2.5352850083395584,-0.00037734285646506827,0.0,0.0
2021-05-06,2.551263573740242,0.006302473034835776,0.0,0.0
2021-05-07,2.5693184574913555,0.007076839859648132,0.0,0.0
2021-05-10,2.544189646660739,-0.009780341069573706,0.0,0.0
2021-05-11,2.5287663756111756,-0.006062154631360395,0.0,0.0
2021-05-12,2.4826636467717016,-0.018231312027917723,0.0,0.0
2021-05-13,2.503545376162124,0.008411018309941287,0.0,0.0
2021-05-14,2.53910037403492,0.014201858776492715,0.0,0.0
2021-05-17,2.5393419079733315,9.512579371873109e-05,0.0,0.0
2021-05-18,2.5317001345354884,-0.003009351916671177,0.0,0.0
2021-05-19,2.5239156429707963,-0.003074807896283671,0.0,0.0
2021-05-20,2.549260928787831,0.010042049498612204,0.0,0.0
2021-05-21,2.549585720246959,0.00012740612601103152,0.0,0.0
2021-05-24,2.568622398371239,0.007466577010180275,0.0,0.0
2021-05-25,2.5724971412306887,0.0015084906453772806,0.0,0.0
2021-05-26,2.5799169135727773,0.0028842684499694737,0.0,0.0
2021-05-27,2.579880252326246,-1.421024310455099e-05,0.0,0.0
2021-05-28,2.584979294899669,0.0019764648257705186,0.0,0.0
2021-06-01,2.5932564599717454,0.0032020237409282615,0.017248380830510727,4.473024653710207e-05
2021-06-02,2.602509069865311,0.0035679501955878656,0.0,0.0
2021-06-03,2.5835207337105137,-0.007296165217891004,0.0,0.0
2021-06-04,2.6064126101455836,0.008860728747545954,0.0,0.0
2021-06-07,2.6163554094075874,0.0038147449192429406,0.0,0.0
2021-06-08,2.6251597040119705,0.0033650988595530507,0.0,0.0
2021-06-09,2.6255874642316375,0.00016294636056368716,0.0,0.0
2021-06-10,2.6362298432993105,0.004053332525636222,0.0,0.0
2021-06-11,2.6366000332808603,0.0001404240159448289,0.0,0.0
2021-06-14,2.6357836564564496,-0.0003096324107205728,0.0,0.0
2021-06-15,2.6274981661756516,-0.0031434637135344667,0.0,0.0
2021-06-16,2.612983869501003,-0.0055239987838979765,0.0,0.0
2021-06-17,2.607926691124004,-0.001935403595876184,0.0,0.0
2021-06-18,2.5875684543387,-0.007806291815867672,0.0,0.0
2021-06-21,2.607909030603869,0.007860884310543659,0.0,0.0
2021-06-22,2.612655737003697,0.0018201196223202043,0.0,0.0
2021-06-23,2.609268276295105,-0.0012965583871668018,0.0,0.0
2021-06-24,2.6212671691129628,0.004598566167713036,0.0,0.0
2021-06-25,2.622121909372721,0.0003260790314814077,0.0,0.0
2021-06-28,2.6260956873891437,0.0015154817944269539,0.0,0.0
2021-06-29,2.6229070640554264,-0.001214206835276177,0.0,0.0
2021-06-30,2.621806604635911,-0.00041955715267083526,0.0,0.0
2021-07-01,2.6295362438556515,0.0029482110564802433,0.026435143780713165,6.951400629567257e-05
2021-07-02,2.6398866192722537,0.003936198042824968,0.0,0.0
2021-07-06,2.6429594027200505,0.001163983114033762,0.0,0.0
2021-07-07,2.6501520652669885,0.0027214426901660538,0.0,0.0
2021-07-08,2.638605637380132,-0.004356892586725336,0.0,0.0
2021-07-09,2.6567818001928254,0.006888548464840216,0.0,0.0
2021-07-12,2.6628369707609143,0.0022791373260873105,0.0,0.0
2021-07-13,2.6457840926431526,-0.006404026346715774,0.0,0.0
2021-07-14,2.653988066190777,0.0031007721190992044,0.0,0.0
2021-07-15,2.6505764843454873,-0.0012854548551856082,0.0,0.0
2021-07-16,2.6344350222761204,-0.0060897929807721685,0.0,0.0
2021-07-19,2.6203890365336013,-0.0053316880559777236,0.0,0.0
2021-07-20,2.6441350153960608,0.009062005118855243,0.0,0.0
2021-07-21,2.6528267361182634,0.0032871697820244794,0.0,0.0
2021-07-22,2.6533650196200727,0.00020290940771983124,0.0,0.0
2021-07-23,2.6637830906487467,0.003926361790269617,0.0,0.0
2021-07-26,2.6638736776628473,3.400690334687262e-05,0.0,0.0
2021-07-27,2.661102180975674,-0.0010404009433377936,0.0,0.0
2021-07-28,2.669324386282754,0.0030897743671252087,0.0,0.0
2021-07-29,2.6769513311133792,0.002857256641350503,0.0,0.0
2021-07-30,2.669400161157655,-0.0028208095784032494,0.0,0.0
2021-08-02,2.671630092427631,0.000835367923634367,0.017508712996716008,4.677762353769096e-05
2021-08-03,2.680829665981004,0.0034434308774435873,0.0,0.0
2021-08-04,2.674280693830222,-0.002442890062687053,0.0,0.0
2021-08-05,2.6856234562197194,0.004241425522633513,0.0,0.0
2021-08-06,2.668314763390874,-0.0064449440180303075,0.0,0.0
2021-08-09,2.6564865848639494,-0.0044328272995399765,0.0,0.0
2021-08-10,2.6512712412846504,-0.001963248604007539,0.0,0.0
2021-08-11,2.662145942551541,0.004101693217032576,0.0,0.0
2021-08-12,2.6640096465134904,0.0007000758043200772,0.0,0.0
2021-08-13,2.6785562845733324,0.005460429949598611,0.0,0.0
2021-08-16,2.6768399461986725,-0.0006407699492987362,0.0,0.0
2021-08-17,2.66283559519907,-0.005231672898295625,0.0,0.0
2021-08-18,2.649826508606637,-0.004885426128405257,0.0,0.0
2021-08-19,2.648583488064734,-0.00046909506636216847,0.0,0.0
2021-08-20,2.663727449770503,0.005717758860165123,0.0,0.0
2021-08-23,2.684450855922346,0.00777985230945033,0.0,0.0
2021-08-24,2.6850359310137595,0.00021794963767840514,0.0,0.0
2021-08-25,2.6813259398301463,-0.0013817286915085436,0.0,0.0
2021-08-26,2.673095410474432,-0.0030695743600032133,0.0,0.0
2021-08-27,2.7044713702163587,0.011737687932492413,0.0,0.0
2021-08-30,2.711495908661946,0.002597379481604545,0.0,0.0
2021-08-31,2.7104557211244895,-0.00038362128230895465,0.0,0.0
2021-09-01,2.723004558565186,0.004629788763157006,0.01803511133150561,4.911057608462779e-05
2021-09-02,2.73061273158563,0.002794036093884733,0.0,0.0
2021-09-03,2.730887343313646,0.0001005678047418801,0.0,0.0
2021-09-07,2.713007042956274,-0.006547432431129319,0.0,0.0
2021-09-08,2.709210708766154,-0.001399308637983876,0.0,0.0
2021-09-09,2.7067148993838988,-0.0009212311815317564,0.0,0.0
2021-09-10,2.686862442260337,-0.007334520945697198,0.0,0.0
2021-09-13,2.698284367673602,0.00425102723295967,0.0,0.0
2021-09-14,2.696589219006447,-0.0006282320304943356,0.0,0.0
2021-09-15,2.7033104450550245,0.002492491626534754,0.0,0.0
2021-09-16,2.693304091287982,-0.0037015185530564487,0.0,0.0
2021-09-17,2.6760888945525814,-0.006391850363680285,0.0,0.0
2021-09-20,2.6550961318873467,-0.007844568507409222,0.0,0.0
2021-09-21,2.660983983798732,0.0022175663776060617,0.0,0.0
2021-09-22,2.6789230899842367,0.006741531063217954,0.0,0.0
2021-09-23,2.6808017469573326,0.0007012732019517909,0.0,0.0
2021-09-24,2.668881789609051,-0.004446415092727696,0.0,0.0
2021-09-27,2.6650271056866863,-0.0014443067270241139,0.0,0.0
2021-09-28,2.6196526713287414,-0.017025880998029708,0.0,0.0
2021-09-29,2.619639687798987,-4.9562027426564015e-06,0.0,0.0
2021-09-30,2.60962224627134,-0.003823976852352362,0.0,0.0
2021-10-01,2.6319449236803085,0.008553988011430924,0.013486861951600008,3.549715659514136e-05
2021-10-04,2.614581595954725,-0.00659714706389225,0.0,0.0
2021-10-05,2.6173390650887054,0.0010546502500616839,0.0,0.0
2021-10-06,2.622839571515391,0.0021015643330486444,0.0,0.0
2021-10-07,2.630528675148893,0.002931595099070261,0.0,0.0
2021-10-08,2.6189929118749644,-0.004385340248486691,0.0,0.0
2021-10-11,2.6099088196202174,-0.0034685440397941303,0.0,0.0
2021-10-12,2.623241399504276,0.005108446618452556,0.0,0.0
2021-10-13,2.644925335167277,0.008266084725217615,0.0,0.0
2021-10-14,2.672364150964581,0.010374136249698296,0.0,0.0
2021-10-15,2.670056552487436,-0.0008635045026748056,0.0,0.0
2021-10-18,2.6741319964453294,0.0015263511756320458,0.0,0.0
2021-10-19,2.677458098349057,0.0012438061801545164,0.0,0.0
2021-10-20,2.687019728340691,0.003571159525346035,0.0,0.0
2021-10-21,2.6883700263395376,0.0005025262690125931,0.0,0.0
2021-10-22,2.694860217053125,0.0024141731420894708,0.0,0.0
2021-10-25,2.7058072206454638,0.0040621786328900455,0.0,0.0
2021-10-26,2.7078710002951394,0.0007627223528450244,0.0,0.0
2021-10-27,2.7054797435315514,-0.00088307632207274,0.0,0.0
2021-10-28,2.7256767377256508,0.0074652173029154945,0.0,0.0
2021-10-29,2.72007702025709,-0.002054431984195304,0.0,0.0
2021-11-01,2.7343147963091954,0.005234328273086675,0.022600760303404265,6.179899000959588e-05
2021-11-02,2.7408423564338094,0.0023872745498889625,0.0,0.0
2021-11-03,2.74937440966268,0.0031129310333528615,0.0,0.0
2021-11-04,2.761036789782588,0.004241830461111595,0.0,0.0
2021-11-05,2.781711103049105,0.00748788040167514,0.0,0.0
2021-11-08,2.782099190884433,0.00013951406920109655,0.0,0.0
2021-11-09,2.7834731642985266,0.0004938621234626961,0.0,0.0
2021-11-10,2.758054758722353,-0.009131902510215006,0.0,0.0
2021-11-11,2.764179091137694,0.0022205260413967753,0.0,0.0
2021-11-12,2.7711529520368767,0.002522941050216998,0.0,0.0
2021-11-15,2.764111103011828,-0.002541126075293887,0.0,0.0
2021-11-16,2.7615738449984764,-0.0009179290986484068,0.0,0.0
2021-11-17,2.7642490550804952,0.0009687266146671814,0.0,0.0
2021-11-18,2.7689152847189904,0.0016880641163352639,0.0,0.0
2021-11-19,2.764400898901061,-0.001630380619747851,0.0,0.0
2021-11-22,2.7392367733411183,-0.009102921927838348,0.0,0.0
2021-11-23,2.7295732772580648,-0.003527806057913918,0.0,0.0
2021-11-24,2.740623336404371,0.00404827349328607,0.0,0.0
2021-11-26,2.7056841590494347,-0.01274862433331514,0.0,0.0
2021-11-29,2.7182255530460404,0.004635202506789282,0.0,0.0
2021-11-30,2.694171572192255,-0.00884914823452776,0.0,0.0
2021-12-01,2.6734819832855123,-0.007679388024240508,0.03164272409704717,8.459892971612076e-05
2021-12-02,2.7038619865336297,0.011363459128601594,0.0,0.0
2021-12-03,2.6950401764262777,-0.0032626702661927576,0.0,0.0
2021-12-06,2.7104951379724764,0.0057345941189985705,0.0,0.0
2021-12-07,2.746377639709739,0.013238356798567663,0.0,0.0
2021-12-08,2.746650952661482,9.951761469051412e-05,0.0,0.0
2021-12-09,2.722664829858955,-0.008732861661684632,0.0,0.0
2021-12-10,2.731481338189723,0.0032381908467318254,0.0,0.0
2021-12-13,2.725639480762913,-0.0021387140176039043,0.0,0.0
2021-12-14,2.705016464103722,-0.007566303909502525,0.0,0.0
2021-12-15,2.731608574271811,0.009830664811461665,0.0,0.0
2021-12-16,2.7168769784324005,-0.005393011274808179,0.0,0.0
2021-12-17,2.7135711813068912,-0.001216763641398555,0.0,0.0
2021-12-20,2.693063326808958,-0.007557514849511393,0.0,0.0
2021-12-21,2.722992100390294,0.011113282514896738,0.0,0.0
2021-12-22,2.7459038909338993,0.00841419647905739,0.0,0.0
2021-12-23,2.752473845292606,0.0023926381328924773,0.0,0.0
2021-12-27,2.7777790788842465,0.009193632715136735,0.0,0.0
2021-12-28,2.7720094363047876,-0.002077070355708921,0.0,0.0
2021-12-29,2.7696312386363204,-0.0008579327463030806,0.0,0.0
2021-12-30,2.7746712798411663,0.0018197517180400524,0.0,0.0
2021-12-31,2.774044690650103,-0.00022582465736242785,0.0,0.0
2022-01-03,2.765774399009679,-0.002981311609109527,0.03708981024904773,0.00010258585254074783
2022-01-04,2.763595986871392,-0.0007876318976222096,0.0,0.0
2022-01-05,2.716900120936472,-0.016896777299124643,0.0,0.0
2022-01-06,2.712992569671174,-0.0014382388352026654,0.0,0.0
2022-01-07,2.700589332676449,-0.004571791730424213,0.0,0.0
2022-01-10,2.6956943683173713,-0.0018125541339625295,0.0,0.0
2022-01-11,2.7188861259485826,0.008603259295187682,0.0,0.0
2022-01-12,2.7217577308232306,0.001056169600941237,0.0,0.0
2022-01-13,2.705422521361278,-0.006001713259398578,0.0,0.0
2022-01-14,2.6954283286766443,-0.003694133764956309,0.0,0.0
2022-01-18,2.654258657876879,-0.015273888146741355,0.0,0.0
2022-01-19,2.645824506169956,-0.0031775922372500043,0.0,0.0
2022-01-20,2.627674587122381,-0.006859834809621823,0.0,0.0
2022-01-21,2.6066745320056426,-0.007991878149469,0.0,0.0
2022-01-24,2.611704087405535,0.0019294911344465149,0.0,0.0
2022-01-25,2.5930005642666876,-0.007161425074548644,0.0,0.0
2022-01-26,2.5690062586111333,-0.009253490333250292,0.0,0.0
2022-01-27,2.553426811435541,-0.0060643866177324535,0.0,0.0
2022-01-28,2.5865459285538535,0.012970458745865887,0.0,0.0
2022-01-31,2.62023194676469,0.013023553086362716,0.0,0.0
2022-02-01,2.6294430514106275,0.0035153775822445166,0.0322237317062328,8.473319784530861e-05
2022-02-02,2.6410119904201332,0.004399767853233927,0.0,0.0
2022-02-03,2.599146920040792,-0.015851904698350516,0.0,0.0
2022-02-04,2.5960097288994777,-0.0012070080060211374,0.0,0.0
2022-02-07,2.5972942888676855,0.000494820937652074,0.0,0.0
2022-02-08,2.6068507984964313,0.003679409633981834,0.0,0.0
2022-02-09,2.6401746912962736,0.012783199107161192,0.0,0.0
2022-02-10,2.598775061525731,-0.015680640340589025,0.0,0.0
2022-02-11,2.5842631453397003,-0.0055841370809179836,0.0,0.0
2022-02-14,2.5724224222500833,-0.004581856577171584,0.0,0.0
2022-02-15,2.5943738938926333,0.008533385284112516,0.0,0.0
2022-02-16,2.6038825826808774,0.003665118898485753,0.0,0.0
2022-02-17,2.577390596236138,-0.010174032662203958,0.0,0.0
2022-02-18,2.5695566397737784,-0.003039491365336655,0.0,0.0
2022-02-22,2.5547676272614614,-0.005755472474667456,0.0,0.0
2022-02-23,2.52191863136823,-0.012857919265418016,0.0,0.0
2022-02-24,2.5450782689764107,0.00918334054085479,0.0,0.0
2022-02-25,2.5796803570319,0.013595687204309703,0.0,0.0
2022-02-28,2.5841383261335755,0.0017281091006193794,0.0,0.0
2022-03-01,2.570895400709317,-0.005124696805249074,0.03279427129412649,8.431340623640135e-05
2022-03-02,2.580691992301944,0.0038105757200095347,0.0,0.0
2022-03-03,2.572970069947959,-0.002992190612835177,0.0,0.0
2022-03-04,2.563652369094418,-0.0036213794176508385,0.0,0.0
2022-03-07,2.5166259511128573,-0.018343523696300656,0.0,0.0
2022-03-08,2.519541842362055,0.0011586510295296115,0.0,0.0
2022-03-09,2.552713554440495,0.013165771459203723,0.0,0.0
2022-03-10,2.5372349040055484,-0.0060636064739897355,0.0,0.0
2022-03-11,2.514184075677525,-0.009085019401094074,0.0,0.0
2022-03-14,2.483250585206155,-0.01230359016693472,0.0,0.0
2022-03-15,2.5054115584158554,0.008924179195496151,0.0,0.0
2022-03-16,2.556526513748511,0.020401819877040595,0.0,0.0
2022-03-17,2.5797646123532134,0.009089715471258364,0.0,0.0
2022-03-18,2.5981404577383156,0.007123070568961776,0.0,0.0
2022-03-21,2.581113900573662,-0.006553362853783162,0.0,0.0
2022-03-22,2.5918982744185857,0.004178185953950697,0.0,0.0
2022-03-23,2.580492605781895,-0.004400507824424249,0.0,0.0
2022-03-24,2.601916865059164,0.008302391267956288,0.0,0.0
2022-03-25,2.6001782874615946,-0.0006681910636410215,0.0,0.0
2022-03-28,2.608771386293866,0.0033048113945526314,0.0,0.0
2022-03-29,2.650086979593626,0.015837184322408104,0.0,0.0
2022-03-30,2.6388900381970903,-0.004225122225328892,0.0,0.0
2022-03-31,2.616097672171791,-0.008637103363682175,0.0,0.0
2022-04-01,2.6299417596097507,0.005291884773731326,0.04189590319291657,0.00011018840180623458
2022-04-04,2.6402345630293373,0.00391370013498471,0.0,0.0
2022-04-05,2.599500728915369,-0.015428111836863323,0.0,0.0
2022-04-06,2.5808036019133267,-0.007192583865842428,0.0,0.0
2022-04-07,2.5769735221109187,-0.0014840648081738683,0.0,0.0
2022-04-08,2.5658981094195354,-0.004297837209561561,0.0,0.0
2022-04-11,2.537452749344708,-0.011085927368044368,0.0,0.0
2022-04-12,2.5354366365487984,-0.0007945420053360186,0.0,0.0
2022-04-13,2.5608480496352604,0.010022499762033732,0.0,0.0
2022-04-14,2.5327557197859427,-0.01096993234460697,0.0,0.0
2022-04-18,2.52499752299325,-0.003063144515708882,0.0,0.0
2022-04-19,2.541958173037398,0.006717095715817578,0.0,0.0
2022-04-20,2.556742753941566,0.005816217222214037,0.0,0.0
2022-04-21,2.525817533397129,-0.012095554195572178,0.0,0.0
2022-04-22,2.4845430552279995,-0.016341037158617344,0.0,0.0
2022-04-25,2.4901157709304353,0.0022429539672133014,0.0,0.0
2022-04-26,2.449461626194797,-0.016326206680923994,0.0,0.0
2022-04-27,2.43864989506413,-0.004413921416463462,0.0,0.0
2022-04-28,2.4753124911302806,0.015033972748755842,0.0,0.0
2022-04-29,2.4158982151086623,-0.02400273752688431,0.0,0.0
2022-05-02,2.4042907061519005,-0.0048046349321217985,0.02063851598094417,4.962201628652746e-05
2022-05-03,2.419294069383248,0.006240245072260953,0.0,0.0
2022-05-04,2.4631441139892676,0.01812514037088442,0.0,0.0
2022-05-05,2.39149330257695,-0.029089167379765413,0.0,0.0
2022-05-06,2.3683275499837393,-0.009686731118271674,0.0,0.0
2022-05-09,2.312279686365601,-0.02366558781893291,0.0,0.0
2022-05-10,2.314834062529533,0.0011047003435586955,0.0,0.0
2022-05-11,2.3020618854394455,-0.00551753462454696,0.0,0.0
2022-05-12,2.3007738102465325,-0.0005595310886558069,0.0,0.0
2022-05-13,2.3334370582567994,0.014196635873026997,0.0,0.0
2022-05-16,2.328923786319298,-0.0019341734209333827,0.0,0.0
2022-05-17,2.353105033218194,0.010383013407713415,0.0,0.0
2022-05-18,2.3086723430558007,-0.018882578352920176,0.0,0.0
2022-05-19,2.31332634781943,0.0020158792899425126,0.0,0.0
2022-05-20,2.3207725844225484,0.0032188439863389817,0.0,0.0
2022-05-23,2.337627235709969,0.007262517405002278,0.0,0.0
2022-05-24,2.3393185652743087,0.0007235240668410636,0.0,0.0
2022-05-25,2.3557709989490947,0.007033002652572451,0.0,0.0
2022-05-26,2.377393088416063,0.009178349456128831,0.0,0.0
2022-05-27,2.4157034882042057,0.016114457459648346,0.0,0.0
2022-05-31,2.3922948139012536,-0.009690210084662976,0.0,0.0
2022-06-01,2.3800698084241714,-0.005110158416113508,0.01418485178129121,3.3761416362310315e-05
2022-06-02,2.415368167071275,0.01483080812258808,0.0,0.0
2022-06-03,2.3866882087205923,-0.011873948966321879,0.0,0.0
2022-06-06,2.3812718288775025,-0.0022694124114323033,0.0,0.0
2022-06-07,2.40325554146166,0.009231920655828896,0.0,0.0
2022-06-08,2.3773065178268,-0.010797446708092462,0.0,0.0
2022-06-09,2.34077634835924,-0.015366200863721091,0.0,0.0
2022-06-10,2.2999516592285385,-0.01744066200913108,0.0,0.0
2022-06-13,2.2153614196605176,-0.03677913804344679,0.0,0.0
2022-06-14,2.201705168587778,-0.0061643445405997754,0.0,0.0
2022-06-15,2.2410509834171313,0.017870610193730263,0.0,0.0
2022-06-16,2.2006214000612005,-0.018040456756715173,0.0,0.0
2022-06-17,2.206422614455086,0.0026361710350193412,0.0,0.0
2022-06-21,2.2235952967245596,0.0077830430838450315,0.0,0.0
2022-06-22,2.2347616315388636,0.005021747811192245,0.0,0.0
2022-06-23,2.2524064324518154,0.007895607595876486,0.0,0.0
2022-06-24,2.2892336330717695,0.01635015780871596,0.0,0.0
2022-06-27,2.2800496658287015,-0.004011808629049707,0.0,0.0
2022-06-28,2.2556734941274086,-0.010691070491411048,0.0,0.0
2022-06-29,2.256036052974215,0.0001607319710723587,0.0,0.0
2022-06-30,2.2478349137108964,-0.0036351986718061724,0.0,0.0
2022-07-01,2.2678863955895467,0.008920353428245154,0.02592495073985431,5.879636738217337e-05
2022-07-05,2.2649026920792537,-0.0013156318218123797,0.0,0.0
2022-07-06,2.2547039655381464,-0.004502942478179728,0.0,0.0
2022-07-07,2.27452350620454,0.008790307272849907,0.0,0.0
2022-07-08,2.270018187703569,-0.001980774649583128,0.0,0.0
2022-07-11,2.253430047444656,-0.007307492225731571,0.0,0.0
2022-07-12,2.247029013181761,-0.0028405737600568637,0.0,0.0
2022-07-13,2.249865575839541,0.001262361385251376,0.0,0.0
2022-07-14,2.232937418008764,-0.007524075221454152,0.0,0.0
2022-07-15,2.261712869888899,0.012886815209445235,0.0,0.0
2022-07-18,2.250501975366851,-0.004956815991677299,0.0,0.0
2022-07-19,2.291919845788248,0.018403836510583416,0.0,0.0
2022-07-20,2.298490909403532,0.002867056466812956,0.0,0.0
2022-07-21,2.3250723937392084,0.011564755042940078,0.0,0.0
2022-07-22,2.3205567566878154,-0.0019421490115973938,0.0,0.0
2022-07-25,2.3174008147324088,-0.00135999343533022,0.0,0.0
2022-07-26,2.302283683817982,-0.006523313023074295,0.0,0.0
2022-07-27,2.3406071222954252,0.016645836804042302,0.0,0.0
2022-07-28,2.370459751522094,0.012754224723281471,0.0,0.0
2022-07-29,2.3890951144902735,0.007861497313427668,0.0,0.0
2022-08-01,2.3948413726307543,0.002405202750459301,0.028695897625701107,6.872409495839926e-05
2022-08-02,2.371296897782745,-0.00983132958912658,0.0,0.0
2022-08-03,2.399706830125827,0.011980757183820412,0.0,0.0
2022-08-04,2.406645082016663,0.0028912914709970927,0.0,0.0
2022-08-05,2.3901256590280315,-0.006864087734444357,0.0,0.0
2022-08-08,2.4037582137436035,0.005703697905622196,0.0,0.0
2022-08-09,2.393410212634243,-0.004304925948955818,0.0,0.0
2022-08-10,2.428123601019548,0.014503735382284777,0.0,0.0
2022-08-11,2.4162310144310633,-0.0048978505803787264,0.0,0.0
2022-08-12,2.450473796880394,0.014171982002057604,0.0,0.0
2022-08-15,2.4504815226798464,3.1527778270312723e-06,0.0,0.0
2022-08-16,2.4488319714266407,-0.000673153924213965,0.0,0.0
2022-08-17,2.42557937877624,-0.00949538103133063,0.0,0.0
2022-08-18,2.4266860496544123,0.0004562501181595291,0.0,0.0
2022-08-19,2.3919523188837486,-0.014313236265404039,0.0,0.0
2022-08-22,2.3545744811188207,-0.015626497848573728,0.0,0.0
2022-08-23,2.3512362332356203,-0.001417771198137796,0.0,0.0
2022-08-24,2.355402026078416,0.0017717457667207892,0.0,0.0
2022-08-25,2.3850553236763243,0.012589484627080427,0.0,0.0
2022-08-26,2.3335020218978846,-0.02161513876289267,0.0,0.0
2022-08-29,2.31832393058791,-0.0065044260375783924,0.0,0.0
2022-08-30,2.3002669827300846,-0.007788794145452527,0.0,0.0
2022-08-31,2.2833797981531525,-0.0073414019779953765,0.0,0.0
2022-09-01,2.2685519530956335,-0.006493814594274672,0.014434182772068814,3.274516616862883e-05
2022-09-02,2.257843402398315,-0.0047204344087010686,0.0,0.0
2022-09-06,2.2412404812351827,-0.0073534422916560205,0.0,0.0
2022-09-07,2.2770211951103843,0.015964691952860877,0.0,0.0
2022-09-08,2.2784247412727825,0.0006163957390525887,0.0,0.0
2022-09-09,2.3080013455818147,0.012981163596612832,0.0,0.0
2022-09-12,2.3235380052029537,0.006731651023895946,0.0,0.0
2022-09-13,2.256365130306988,-0.028909737970951865,0.0,0.0
2022-09-14,2.2596569932870922,0.0014589229978290152,0.0,0.0
2022-09-15,2.235174607964058,-0.010834558251878734,0.0,0.0
2022-09-16,2.2241033472804252,-0.004953197233086515,0.0,0.0
2022-09-19,2.2326918162838094,0.0038615422317878068,0.0,0.0
2022-09-20,2.2048123390708305,-0.012486934833389918,0.0,0.0
2022-09-21,2.189926720035295,-0.006751422228437165,0.0,0.0
2022-09-22,2.162797799729476,-0.012388049361479192,0.0,0.0
2022-09-23,2.1309192314085927,-0.01473950469381391,0.0,0.0
2022-09-26,2.099343748674662,-0.014817775478547124,0.0,0.0
2022-09-27,2.084002547428537,-0.007307617561826185,0.0,0.0
2022-09-28,2.1335939903219963,0.02379624869204222,0.0,0.0
2022-09-29,2.100423138123508,-0.015546937397157845,0.0,0.0
2022-09-30,2.0877955153032137,-0.006011942351566102,0.0,0.0
2022-10-03,2.1328240045096676,0.02156748056809299,0.02551405756404796,5.441838285879505e-05
2022-10-04,2.1804194108813935,0.022315674556873777,0.0,0.0
2022-10-05,2.1632552038728905,-0.00787197496171832,0.0,0.0
2022-10-06,2.1421135656632586,-0.00977306707585024,0.0,0.0
2022-10-07,2.097444271295419,-0.02085290671972795,0.0,0.0
2022-10-10,2.0770206623056096,-0.00973737861325652,0.0,0.0
2022-10-11,2.071581771325949,-0.0026186022500243045,0.0,0.0
2022-10-12,2.068772095097573,-0.0013562951109468147,0.0,0.0
2022-10-13,2.0942596071893176,0.012320115952908939,0.0,0.0
2022-10-14,2.05494517183646,-0.018772474633945158,0.0,0.0
2022-10-17,2.094954709784158,0.01946988099538549,0.0,0.0
2022-10-18,2.1107850532294945,0.0075564132109411375,0.0,0.0
2022-10-19,2.0818045586714664,-0.013729723220129886,0.0,0.0
2022-10-20,2.0661908803859634,-0.0075000692166161675,0.0,0.0
2022-10-21,2.092249326055446,0.012611828808679615,0.0,0.0
2022-10-24,2.096766029710899,0.0021587788793644425,0.0,0.0
2022-10-25,2.1411386765168237,0.021162421642267226,0.0,0.0
2022-10-26,2.1430909544885393,0.0009117942677545621,0.0,0.0
2022-10-27,2.137911415907669,-0.0024168542963712847,0.0,0.0
2022-10-28,2.1637948727506204,0.012106889298760803,0.0,0.0
2022-10-31,2.150639040423351,-0.00607998128332099,0.0,0.0
2022-11-01,2.1558335084943177,0.002415313761785054,0.03785793322451832,8.161849091513645e-05
2022-11-02,2.1152192208632083,-0.018839250559508747,0.0,0.0
2022-11-03,2.0996523339973456,-0.00735946738395743,0.0,0.0
2022-11-04,2.1293437227608365,0.014141097686855675,0.0,0.0
2022-11-07,2.13207678762873,0.0012835245144686702,0.0,0.0
2022-11-08,2.149722940669726,0.008276509149851785,0.0,0.0
2022-11-09,2.1230422072238033,-0.012411242835604797,0.0,0.0
2022-11-10,2.2344680946055697,0.05248406602687017,0.0,0.0
2022-11-11,2.2518527851334533,0.007780236634326254,0.0,0.0
2022-11-14,2.232503408971508,-0.008592647037003576,0.0,0.0
2022-11-15,2.256941472946968,0.010946484505803378,0.0,0.0
2022-11-16,2.2506463386820927,-0.0027892323927459772,0.0,0.0
2022-11-17,2.238055380790004,-0.005594374236274513,0.0,0.0
2022-11-18,2.2411815296875277,0.0013968148082288412,0.0,0.0
2022-11-21,2.2342944352883594,-0.0030729748161580916,0.0,0.0
2022-11-22,2.257215890132567,0.010258923122300923,0.0,0.0
2022-11-23,2.275506651884314,0.008103239850341781,0.0,0.0
2022-11-25,2.2770369594084445,0.0006725128765776578,0.0,0.0
2022-11-28,2.2479545844439768,-0.012772025875251058,0.0,0.0
2022-11-29,2.2481963144698165,0.00010753332274249239,0.0,0.0
2022-11-30,2.297646644571115,0.02199555696405464,0.0,0.0
2022-12-01,2.3174773230005754,0.008630865183868242,0.022750452530613988,5.2724857342063844e-05
2022-12-02,2.3210070502358002,0.0015230903017660058,0.0,0.0
2022-12-05,2.2823162005306714,-0.01666985445011815,0.0,0.0
2022-12-06,2.2694324087650117,-0.0056450511820684834,0.0,0.0
2022-12-07,2.2802577844939744,0.004770080698218937,0.0,0.0
2022-12-08,2.289655485716589,0.004121332810053335,0.0,0.0
2022-12-09,2.2730246060512154,-0.007263485606948672,0.0,0.0
2022-12-12,2.285008311787908,0.005272140787561108,0.0,0.0
2022-12-13,2.3120811788357276,0.01184803876124052,0.0,0.0
2022-12-14,2.3048744443699754,-0.0031169902388035187,0.0,0.0
2022-12-15,2.2667932817362386,-0.016522011742008846,0.0,0.0
2022-12-16,2.2469476994310966,-0.008754914912197598,0.0,0.0
2022-12-19,2.224245723512346,-0.010103473224810089,0.0,0.0
2022-12-20,2.2224858706496886,-0.0007912133286596124,0.0,0.0
2022-12-21,2.2424940673216085,0.009002620415341944,0.0,0.0
2022-12-22,2.221233945883953,-0.009480569758228197,0.0,0.0
2022-12-23,2.2238562287536467,0.0011805523117240924,0.0,0.0
2022-12-27,2.210748585889088,-0.005894105336074151,0.0,0.0
2022-12-28,2.188204640290195,-0.01019742622150166,0.0,0.0
2022-12-29,2.2231391935783735,0.015964938856699362,0.0,0.0
2022-12-30,2.2130712362615874,-0.004528712077888741,0.0,0.0
2023-01-03,2.220959716406614,0.0035644944526740385,0.02802458227275259,6.224321263694028e-05
2023-01-04,2.2462910637979916,0.01140558615460252,0.0,0.0
2023-01-05,2.222757163499766,-0.01047678133858354,0.0,0.0
2023-01-06,2.272433435238574,0.022348942365162383,0.0,0.0
2023-01-09,2.279186329887512,0.0029716578467036125,0.0,0.0
2023-01-10,2.284543679649105,0.0023505536565135987,0.0,0.0
2023-01-11,2.3159321004374953,0.013739470629518191,0.0,0.0
2023-01-12,2.343692736127818,0.011986808976428343,0.0,0.0
2023-01-13,2.3482216580395585,0.0019323872288921073,0.0,0.0
2023-01-17,2.3448496380824357,-0.0014359887813734096,0.0,0.0
2023-01-18,2.335786638156997,-0.003865066560451269,0.0,0.0
2023-01-19,2.3280484627749285,-0.0033128776642776803,0.0,0.0
2023-01-20,2.344817503909663,0.007203046415428238,0.0,0.0
2023-01-23,2.3594464513463,0.006238842644361586,0.0,0.0
2023-01-24,2.364966314845285,0.002339473945609294,0.0,0.0
2023-01-25,2.3695307066453433,0.0019300028805513403,0.0,0.0
2023-01-26,2.3798503040097705,0.004355122866939842,0.0,0.0
2023-01-27,2.3860209166454105,0.002592857468910248,0.0,0.0
2023-01-30,2.363088279597619,-0.009611247281114843,0.0,0.0
2023-01-31,2.392670598943604,0.012518499457422783,0.0,0.0
2023-02-01,2.421900280744847,0.012216341778993112,0.022380297823854044,5.4204062685812316e-05
2023-02-02,2.444130940909754,0.009179015478733898,0.0,0.0
2023-02-03,2.4092212703700517,-0.014283060680336579,0.0,0.0
2023-02-06,2.391131564261351,-0.007508528307954898,0.0,0.0
2023-02-07,2.402418149001643,0.004720185584509373,0.0,0.0
2023-02-08,2.3882252175362275,-0.005907768999877661,0.0,0.0
2023-02-09,2.3682338417344964,-0.00837080843755389,0.0,0.0
2023-02-10,2.362472917748053,-0.002432582410115347,0.0,0.0
2023-02-13,2.382069963427507,0.00829514088065575,0.0,0.0
2023-02-14,2.3810326661932537,-0.00043546043994480144,0.0,0.0
2023-02-15,2.380574653205668,-0.00019235896847979994,0.0,0.0
2023-02-16,2.356617356947992,-0.010063660984298561,0.0,0.0
2023-02-17,2.3583355169094107,0.0007290788877341026,0.0,0.0
2023-02-21,2.3163264986775047,-0.01781299477139653,0.0,0.0
2023-02-22,2.314478938359942,-0.0007976251701207193,0.0,0.0
2023-02-23,2.3292410322219457,0.006378150009204386,0.0,0.0
2023-02-24,2.300445437794749,-0.0123626511936068,0.0,0.0
2023-02-27,2.3104034026546603,0.0043287116035479745,0.0,0.0
2023-02-28,2.3090971299792318,-0.0005653872712997332,0.0,0.0
2023-03-01,2.3007058693740183,-0.0036340007080122305,0.016653252455514318,3.831487373583473e-05
2023-03-02,2.307478785512641,0.0029438426827090858,0.0,0.0
2023-03-03,2.3440103992887216,0.015831830830013383,0.0,0.0
2023-03-06,2.333855015574241,-0.004332482363372803,0.0,0.0
2023-03-07,2.3065314106808894,-0.011707498842479902,0.0,0.0
2023-03-08,2.3131531064350113,0.0028708456877970523,0.0,0.0
2023-03-09,2.289247652589233,-0.010334574818793962,0.0,0.0
2023-03-10,2.281032585369385,-0.003588544564217977,0.0,0.0
2023-03-13,2.2876819260357166,0.002915057289834655,0.0,0.0
2023-03-14,2.3026595644950927,0.006547080819635953,0.0,0.0
2023-03-15,2.2998226386665834,-0.0012320213861624074,0.0,0.0
2023-03-16,2.3176658834486954,0.007758530802382868,0.0,0.0
2023-03-17,2.310679918464854,-0.0030142243684608827,0.0,0.0
2023-03-20,2.321885372528767,0.00484941855181642,0.0,0.0
2023-03-21,2.330872688472382,0.0038706975158842027,0.0,0.0
2023-03-22,2.3137025985463002,-0.007366378271536966,0.0,0.0
2023-03-23,2.3200054982952767,0.002724161589712004,0.0,0.0
2023-03-24,2.3299752231260396,0.004297285001302109,0.0,0.0
2023-03-27,2.3200612232791475,-0.0042549808034400005,0.0,0.0
2023-03-28,2.319437352965492,-0.00026890252179367913,0.0,0.0
2023-03-29,2.3408722745897355,0.009241431589793958,0.0,0.0
2023-03-30,2.356702448003279,0.0067625105330952895,0.0,0.0
2023-03-31,2.3840144588175223,0.01158907898508077,0.0,0.0
2023-04-03,2.389978812429607,0.002501811006231369,0.035801480441407116,8.556784316403901e-05
2023-04-04,2.3891516334450364,-0.00034610306177962347,0.0,0.0
2023-04-05,2.3827619305022356,-0.0026744652174240935,0.0,0.0
2023-04-06,2.3881240857274495,0.0022503948701595444,0.0,0.0
2023-04-10,2.3840211243748484,-0.0017180687457248878,0.0,0.0
2023-04-11,2.3892171456223115,0.0021795198013716544,0.0,0.0
2023-04-12,2.384219081742649,-0.0020919253358031575,0.0,0.0
2023-04-13,2.402985052011569,0.007870908513660568,0.0,0.0
2023-04-14,2.3838909702471147,-0.007945984411542817,0.0,0.0
2023-04-17,2.3878865052758416,0.0016760561110362726,0.0,0.0
2023-04-18,2.390978775973559,0.0012949822744443562,0.0,0.0
2023-04-19,2.3888081237646297,-0.0009078508896613879,0.0,0.0
2023-04-20,2.385174438386599,-0.0015211290274348421,0.0,0.0
2023-04-21,2.3832275042669115,-0.0008162648770480008,0.0,0.0
2023-04-24,2.3874281774858463,0.0017625984977993614,0.0,0.0
2023-04-25,2.3697377920114775,-0.007409808446257937,0.0,0.0
2023-04-26,2.3582761493457536,-0.004836671257200553,0.0,0.0
2023-04-27,2.3822321929810895,0.010158286018362217,0.0,0.0
2023-04-28,2.400063165343309,0.007484985055090876,0.0,0.0
2023-05-01,2.3820757294823327,-0.007494567693347998,0.013594458821896124,3.2383470650844406e-05
2023-05-02,2.3787348326576083,-0.0014025149508787305,0.0,0.0
2023-05-03,2.380244034579534,0.0006344557204132073,0.0,0.0
2023-05-04,2.3739573984965423,-0.0026411729182643784,0.0,0.0
2023-05-05,2.394632069469032,0.008708947761903119,0.0,0.0
2023-05-08,2.3870965570697305,-0.003146835163270967,0.0,0.0
2023-05-09,2.3815198633686925,-0.002336182708873591,0.0,0.0
2023-05-10,2.3946606523263068,0.005517816231449091,0.0,0.0
2023-05-11,2.3905562277651016,-0.0017139900625242621,0.0,0.0
2023-05-12,2.3830213801266096,-0.0031519223647528127,0.0,0.0
2023-05-15,2.386940698271026,0.0016446844233550806,0.0,0.0
2023-05-16,2.3645810906131826,-0.009367475142570414,0.0,0.0
2023-05-17,2.381669162757193,0.00722668053628861,0.0,0.0
2023-05-18,2.3828808371809793,0.0005087500996081573,0.0,0.0
2023-05-19,2.3816560636045514,-0.0005139885962056612,0.0,0.0
2023-05-22,2.3864737824195874,0.002022844057401274,0.0,0.0
2023-05-23,2.3724130040551312,-0.005891863748111348,0.0,0.0
2023-05-24,2.3500022180513955,-0.009446410032919794,0.0,0.0
2023-05-25,2.3527222804512284,0.0011574722691489736,0.0,0.0
2023-05-26,2.378779449698076,0.011075327276558022,0.0,0.0
2023-05-30,2.384312205354538,0.0023258800462413465,0.0,0.0
2023-05-31,2.3802976356894217,-0.00168374328500287,0.0,0.0
2023-06-01,2.3986935779852874,0.007728421026027554,0.023260728466841428,5.5796657863580755e-05
2023-06-02,2.41883180686299,0.00839549872585943,0.0,0.0
2023-06-05,2.4109901690654674,-0.0032419111470560757,0.0,0.0
2023-06-06,2.4277616908652964,0.006956279629431128,0.0,0.0
2023-06-07,2.419781422899156,-0.003287088677676575,0.0,0.0
2023-06-08,2.4346425349577574,0.006141510104163084,0.0,0.0
2023-06-09,2.4294586342720015,-0.00212922456226039,0.0,0.0
2023-06-12,2.441604286057291,0.004999324381964154,0.0,0.0
2023-06-13,2.4480632217506293,0.002645365479664985,0.0,0.0
2023-06-14,2.452972899535096,0.0020055355355388382,0.0,0.0
2023-06-15,2.4755985631788757,0.00922377236538896,0.0,0.0
2023-06-16,2.466919183748037,-0.0035059720747671053,0.0,0.0
2023-06-20,2.455701462692087,-0.004547259241345358,0.0,0.0
2023-06-21,2.447665001132827,-0.0032725726971917224,0.0,0.0
2023-06-22,2.4356452580179786,-0.00491069779127673,0.0,0.0
2023-06-23,2.4211060902680037,-0.005969328949736341,0.0,0.0
2023-06-26,2.424482162751243,0.0013944339311728893,0.0,0.0
2023-06-27,2.441537050355786,0.007034445485542218,0.0,0.0
2023-06-28,2.446422875943191,0.0020011269485724625,0.0,0.0
2023-06-29,2.4456772921501733,-0.00030476488768538257,0.0,0.0
2023-06-30,2.4687800322483273,0.009446356709573278,0.0,0.0
2023-07-03,2.4710130140304933,0.0009044879466773015,0.030684812016907117,7.582489649955139e-05
2023-07-05,2.458469816522371,-0.005076135753596445,0.0,0.0
2023-07-06,2.4327488264009864,-0.010462194796342139,0.0,0.0
2023-07-07,2.4358993513924867,0.0012950473790429573,0.0,0.0
2023-07-10,2.446360321587716,0.0042945001768028845,0.0,0.0
2023-07-11,2.4642576858804817,0.007315915049321164,0.0,0.0
2023-07-12,2.4918137340313793,0.01118229165268958,0.0,0.0
2023-07-13,2.514728890522497,0.0091961755319665,0.0,0.0
2023-07-14,2.503709294162647,-0.004382021617272858,0.0,0.0
2023-07-17,2.5095822375979067,0.0023456970219954965,0.0,0.0
2023-07-18,2.5245532558345385,0.005965541998321555,0.0,0.0
2023-07-19,2.535175146192214,0.0042074336649968735,0.0,0.0
2023-07-20,2.512691367880766,-0.008868727805736887,0.0,0.0
2023-07-21,2.5124997460039022,-7.62616051113163e-05,0.0,0.0
2023-07-24,2.5141843298741566,0.0006704812101707702,0.0,0.0
2023-07-25,2.515897914289498,0.0006815667391528724,0.0,0.0
2023-07-26,2.522990634272746,0.002819160484598182,0.0,0.0
2023-07-27,2.4936120537171114,-0.011644347845192415,0.0,0.0
2023-07-28,2.5145998939568472,0.008416642118989737,0.0,0.0
2023-07-31,2.5236603934448927,0.0036031575082062783,0.0,0.0
2023-08-01,2.5046616046633376,-0.007528266810741924,0.01904594674907852,4.7704560125391343e-05
2023-08-02,2.4747885354023613,-0.011926988142971773,0.0,0.0
2023-08-03,2.4582618144669355,-0.006678033577013798,0.0,0.0
2023-08-04,2.4628654688385447,0.0018727274468963717,0.0,0.0
2023-08-07,2.4702380559600376,0.0029934997322325074,0.0,0.0
2023-08-08,2.463293035431989,-0.002811478234371778,0.0,0.0
2023-08-09,2.45579279170655,-0.0030448036906514098,0.0,0.0
2023-08-10,2.4476159919599407,-0.003329596769818255,0.0,0.0
2023-08-11,2.442573643080519,-0.0020601061996592396,0.0,0.0
2023-08-14,2.4419897906005166,-0.00023903167941585757,0.0,0.0
2023-08-15,2.4197127319852174,-0.009122502764362883,0.0,0.0
2023-08-16,2.3989719197349126,-0.008571601073193658,0.0,0.0
2023-08-17,2.3828809438223257,-0.006707446544169993,0.0,0.0
2023-08-18,2.3874115302447487,0.0019013062461927799,0.0,0.0
2023-08-21,2.3870573451184587,-0.00014835528848000656,0.0,0.0
2023-08-22,2.3889477108120203,0.0007919230333646166,0.0,0.0
2023-08-23,2.4227243585382716,0.014138713699501704,0.0,0.0
2023-08-24,2.3995832515222357,-0.009551687931184105,0.0,0.0
2023-08-25,2.408208724746629,0.0035945713568894533,0.0,0.0
2023-08-28,2.423080138239385,0.0061753008947846855,0.0,0.0
2023-08-29,2.454157481278236,0.0128255531248882,0.0,0.0
2023-08-30,2.459212895886018,0.0020599389592346196,0.0,0.0
2023-08-31,2.4571071061095404,-0.0008562860824292695,0.0,0.0
2023-09-01,2.4543487726542144,-0.001122593902588731,0.01115991480937418,2.7390628892397245e-05
2023-09-05,2.4317242967510184,-0.009218117716305319,0.0,0.0
2023-09-06,2.4236363192813486,-0.0033260256849331205,0.0,0.0
2023-09-07,2.4210509344833153,-0.0010667379331895654,0.0,0.0
2023-09-08,2.421151530220725,4.1550442403837096e-05,0.0,0.0
2023-09-11,2.428366420359181,0.002979941589115631,0.0,0.0
2023-09-12,2.421706790346261,-0.0027424320963617133,0.0,0.0
2023-09-13,2.4169247520082466,-0.0019746562040776627,0.0,0.0
2023-09-14,2.432994165007462,0.006648702234466786,0.0,0.0
2023-09-15,2.4187798799271927,-0.005842301344041845,0.0,0.0
2023-09-18,2.4176104757176864,-0.00048346863607173773,0.0,0.0
2023-09-19,2.410536709852851,-0.002925932831563949,0.0,0.0
2023-09-20,2.4013038482582596,-0.0038302099100391285,0.0,0.0
2023-09-21,2.3581367251355534,-0.017976535186922216,0.0,0.0
2023-09-22,2.36010879158698,0.0008362816415206087,0.0,0.0
2023-09-25,2.350611523715208,-0.004024080544772657,0.0,0.0
2023-09-26,2.3248438502150703,-0.010962114854015104,0.0,0.0
2023-09-27,2.319210460926792,-0.0024231258747796636,0.0,0.0
2023-09-28,2.330892427026992,0.005037044415336034,0.0,0.0
2023-09-29,2.325362940872734,-0.0023722614094682237,0.0,0.0
2023-10-02,2.3031737197441813,-0.009542261441659039,0.01884662609047409,4.3407872009358994e-05
2023-10-03,2.2698557869122684,-0.014466096302806708,0.0,0.0
2023-10-04,2.2862920263180735,0.007241094126144265,0.0,0.0
2023-10-05,2.2873517385192637,0.00046350693130681186,0.0,0.0
2023-10-06,2.299395057210023,0.005265180028042327,0.0,0.0
2023-10-09,2.3225304588879836,0.010061516660835101,0.0,0.0
2023-10-10,2.333527882570149,0.004735104179185212,0.0,0.0
2023-10-11,2.3525396288395304,0.008147211958076772,0.0,0.0
2023-10-12,2.3244743479861243,-0.011929780272075696,0.0,0.0
2023-10-13,2.329652159687414,0.002227519398428912,0.0,0.0
2023-10-16,2.3380114746594076,0.0035882245069218666,0.0,0.0
2023-10-17,2.3350953243650427,-0.0012472780078163215,0.0,0.0
2023-10-18,2.3096177348533926,-0.01091072781732283,0.0,0.0
2023-10-19,2.2861920373202307,-0.010142673040501649,0.0,0.0
2023-10-20,2.273853716674196,-0.0053968872450878,0.0,0.0
2023-10-23,2.2738035396941774,-2.2066934055819942e-05,0.0,0.0
2023-10-24,2.2914989682715348,0.007782303206255614,0.0,0.0
2023-10-25,2.26017959213614,-0.013667637022336865,0.0,0.0
2023-10-26,2.262209047060691,0.0008979175511591997,0.0,0.0
2023-10-27,2.255594979152873,-0.0029237209162484845,0.0,0.0
2023-10-30,2.2648990669398152,0.004124892931991031,0.0,0.0
2023-10-31,2.2725948961504634,0.003397868506805679,0.0,0.0
2023-11-01,2.295447838195571,0.010055880211566892,0.021902502458953102,5.027715311594707e-05
2023-11-02,2.339991502941996,0.01940521758117586,0.0,0.0
2023-11-03,2.368751046025462,0.01229044765645848,0.0,0.0
2023-11-06,2.354325081843167,-0.006090114115833489,0.0,0.0
2023-11-07,2.358112913634815,0.0016088822316255857,0.0,0.0
2023-11-08,2.359645920827292,0.0006500991464883921,0.0,0.0
2023-11-09,2.3369302498965094,-0.009626728624953507,0.0,0.0
2023-11-10,2.3555274556955745,0.007957963572035931,0.0,0.0
2023-11-13,2.3536165169690353,-0.0008112572502259052,0.0,0.0
2023-11-14,2.419646234606464,0.028054577779077272,0.0,0.0
2023-11-15,2.4149491503973213,-0.0019412276645915938,0.0,0.0
2023-11-16,2.419046677776918,0.00169673443390006,0.0,0.0
2023-11-17,2.42976538800708,0.004430964614544841,0.0,0.0
2023-11-20,2.4437053877242665,0.005737179312040652,0.0,0.0
2023-11-21,2.436870385463101,-0.002796982932353753,0.0,0.0
2023-11-22,2.4445549057142273,0.0031534382365872027,0.0,0.0
2023-11-24,2.445966837986891,0.000577582556793077,0.0,0.0
2023-11-27,2.4536139012648315,0.0031263969564829797,0.0,0.0
2023-11-28,2.461403251921162,0.0031746440025934852,0.0,0.0
2023-11-29,2.472115201380175,0.004351968516598026,0.0,0.0
2023-11-30,2.4693281902092954,-0.0011273791647425924,0.0,0.0
2023-12-01,2.50677642242655,0.015165352408697208,0.01811200518168608,4.5403569902011446e-05
2023-12-04,2.495967795186202,-0.0043117635636150675,0.0,0.0
2023-12-05,2.4972728102995845,0.0005228493396025602,0.0,0.0
2023-12-06,2.5002056699659705,0.0011744250184801963,0.0,0.0
2023-12-07,2.510229691191207,0.004009278654812931,0.0,0.0
2023-12-08,2.5073596866535572,-0.0011433234766209388,0.0,0.0
2023-12-11,2.5094585157172333,0.0008370674039499537,0.0,0.0
2023-12-12,2.5160411735013826,0.0026231387141570917,0.0,0.0
2023-12-13,2.571332605169764,0.021975567113409644,0.0,0.0
2023-12-14,2.606642353719305,0.013732081364561388,0.0,0.0
2023-12-15,2.5940873663657023,-0.00481653623700562,0.0,0.0
2023-12-18,2.595455943917039,0.0005275757359144428,0.0,0.0
2023-12-19,2.615066949553072,0.007555900026735118,0.0,0.0
2023-12-20,2.5931480082683525,-0.008381789723764244,0.0,0.0
2023-12-21,2.6136396282922263,0.007902217674631506,0.0,0.0
2023-12-22,2.6188288518430047,0.0019854395742266995,0.0,0.0
2023-12-26,2.634592675404668,0.0060194172485037445,0.0,0.0
2023-12-27,2.650801290220934,0.006152227996222059,0.0,0.0
2023-12-28,2.645809659362211,-0.0018830648970700192,0.0,0.0
2023-12-29,2.6293626589454133,-0.006216244754644329,0.0,0.0
2024-01-02,2.614250387187148,-0.005747503756034389,0.022112180297499725,5.780805416640759e-05
2024-01-03,2.5870393529540903,-0.01040873298381173,0.0,0.0
2024-01-04,2.577393975977477,-0.003728345672669997,0.0,0.0
2024-01-05,2.5724974462527155,-0.0018997986999268468,0.0,0.0
2024-01-08,2.600572738824588,0.010913632825085617,0.0,0.0
2024-01-09,2.5913467491249134,-0.003547676079940887,0.0,0.0
2024-01-10,2.5954348711216095,0.001577605157656592,0.0,0.0
2024-01-11,2.5948510747134614,-0.00022493201992612732,0.0,0.0
2024-01-12,2.6012265866322473,0.0024569856747904684,0.0,0.0
2024-01-16,2.5761320515159776,-0.009647193076232186,0.0,0.0
2024-01-17,2.556611644645537,-0.007577409263222035,0.0,0.0
2024-01-18,2.5662774184808574,0.003780696945335338,0.0,0.0
2024-01-19,2.5867621759270736,0.007982284884204827,0.0,0.0
2024-01-22,2.599061119408099,0.004754570634858402,0.0,0.0
2024-01-23,2.5950068851387984,-0.001559884159332059,0.0,0.0
2024-01-24,2.587518118637797,-0.0028858368522597377,0.0,0.0
2024-01-25,2.602719653528095,0.005874948191010532,0.0,0.0
2024-01-26,2.5990701309869206,-0.0014021957901718674,0.0,0.0
2024-01-29,2.6220519868422167,0.008842337719671134,0.0,0.0
2024-01-30,2.617664358695953,-0.0016733566566495828,0.0,0.0
2024-01-31,2.5965348269909203,-0.008071902585539581,0.0,0.0
2024-02-01,2.630039776401021,0.012903716546305288,0.021232529935232936,5.584358398385624e-05
2024-02-02,2.617269111247283,-0.004855692780134868,0.0,0.0
2024-02-05,2.591511368616642,-0.00984145746417553,0.0,0.0
2024-02-06,2.607564650046481,0.006194563382682761,0.0,0.0
2024-02-07,2.6097930021075233,0.0008545721238406578,0.0,0.0
2024-02-08,2.6137480345301736,0.0015154582832648256,0.0,0.0
2024-02-09,2.623685496929369,0.0038019970815517112,0.0,0.0
2024-02-12,2.6284875025392855,0.0018302519930597505,0.0,0.0
2024-02-13,2.5794030190472474,-0.018674041038665545,0.0,0.0
2024-02-14,2.602635712241965,0.009007003955240567,0.0,0.0
2024-02-15,2.630947434785903,0.010878096542965565,0.0,0.0
2024-02-16,2.6168622000249253,-0.005353673955908578,0.0,0.0
2024-02-20,2.6118618537588234,-0.0019108175684812156,0.0,0.0
2024-02-21,2.608326158880274,-0.001353706695268353,0.0,0.0
2024-02-22,2.633971650933695,0.009832164572711966,0.0,0.0
2024-02-23,2.6411692422630377,0.0027326001503438224,0.0,0.0
2024-02-26,2.6351297971579273,-0.002286655852441921,0.0,0.0
2024-02-27,2.6396705722077374,0.001723169406951941,0.0,0.0
2024-02-28,2.638429026262973,-0.00047034124554634626,0.0,0.0
2024-02-29,2.6527506189513637,0.005428075777605956,0.0,0.0
2024-03-01,2.6819425602820877,0.011004404681757674,0.02665260887352245,7.148267128013119e-05
2024-03-04,2.6858073975672103,0.0014410589333113677,0.0,0.0
2024-03-05,2.677189212495616,-0.0032087874504331815,0.0,0.0
2024-03-06,2.694728464854617,0.006551368232449839,0.0,0.0
2024-03-07,2.712233885916169,0.0064961725420065175,0.0,0.0
2024-03-08,2.7107199656559393,-0.0005581820462059461,0.0,0.0
2024-03-11,2.703502774518589,-0.0026624628249284354,0.0,0.0
2024-03-12,2.705564133389325,0.0007624770686995852,0.0,0.0
2024-03-13,2.702569772349663,-0.0011067418445968036,0.0,0.0
2024-03-14,2.678458275390247,-0.008921692681574278,0.0,0.0
2024-03-15,2.6711060879169377,-0.0027449326132356067,0.0,0.0
2024-03-18,2.6733899223032123,0.0008550144813064264,0.0,0.0
2024-03-19,2.6794353197905947,0.002261322763637219,0.0,0.0
2024-03-20,2.70342341045565,0.008952666439781654,0.0,0.0
2024-03-21,2.713059977626009,0.0035645793156517946,0.0,0.0
2024-03-22,2.7046612540592445,-0.003095664539680909,0.0,0.0
2024-03-25,2.698797343754665,-0.002168075686291071,0.0,0.0
2024-03-26,2.6974970975457175,-0.00048178727163650237,0.0,0.0
2024-03-27,2.727457198900324,0.011106629690858627,0.0,0.0
2024-03-28,2.7334188842606633,0.002185803451926871,0.0,0.0
2024-04-01,2.7172710354942144,-0.0059075646471273835,0.01969182946837503,5.350909154221282e-05
2024-04-02,2.7019094564406485,-0.005653311301267339,0.0,0.0
2024-04-03,2.7106312549024465,0.003228012856244078,0.0,0.0
2024-04-04,2.693733920236559,-0.00623372678793066,0.0,0.0
2024-04-05,2.704727580915364,0.004081197699674632,0.0,0.0
2024-04-08,2.7142242748589576,0.0035111461910628528,0.0,0.0
2024-04-09,2.7284532071381014,0.005242356871884901,0.0,0.0
2024-04-10,2.6789535135145823,-0.018142035016037394,0.0,0.0
2024-04-11,2.695701822154561,0.006251810102522626,0.0,0.0
2024-04-12,2.6681860582748502,-0.010207272797596922,0.0,0.0
2024-04-15,2.6450395178507424,-0.008675009882584184,0.0,0.0
2024-04-16,2.6327073293742904,-0.004662383451447538,0.0,0.0
2024-04-17,2.624025433990019,-0.0032977062385186606,0.0,0.0
2024-04-18,2.619293035691927,-0.0018034879680628446,0.0,0.0
2024-04-19,2.614554966571508,-0.0018089114336790058,0.0,0.0
2024-04-22,2.6221713248793677,0.0029130610774066312,0.0,0.0
2024-04-23,2.642448176610684,0.007732847788749719,0.0,0.0
2024-04-24,2.637637049935076,-0.0018207080533095832,0.0,0.0
2024-04-25,2.6283206113967026,-0.0035321154358983753,0.0,0.0
2024-04-26,2.646393431887314,0.006876185657200828,0.0,0.0
2024-04-29,2.659453009522211,0.004934858693925737,0.0,0.0
2024-04-30,2.6199807954218377,-0.014842230322943295,0.0,0.0
2024-05-01,2.6234875539164313,0.0013384672516383311,0.021424049535547923,5.620693149108351e-05
2024-05-02,2.648231035152866,0.00943152224964705,0.0,0.0
2024-05-03,2.673240848580443,0.009443969614280068,0.0,0.0
2024-05-06,2.6930262374018237,0.007401274311623407,0.0,0.0
2024-05-07,2.6989609377619868,0.0022037291273808712,0.0,0.0
2024-05-08,2.6897331858636533,-0.003419001649570097,0.0,0.0
2024-05-09,2.7127084234966485,0.008541827774496635,0.0,0.0
2024-05-10,2.7108077225145575,-0.0007006654182321048,0.0,0.0
2024-05-13,2.7106958695015346,-4.1261876338127834e-05,0.0,0.0
2024-05-14,2.7288719990194226,0.006705337076870377,0.0,0.0
2024-05-15,2.7631393994383884,0.012557349861510358,0.0,0.0
2024-05-16,2.754885027177178,-0.00298731662357965,0.0,0.0
2024-05-17,2.7591037583127846,0.0015313637752532028,0.0,0.0
2024-05-20,2.761143493836731,0.0007392746712773235,0.0,0.0
2024-05-21,2.7634736494716092,0.0008439096483321418,0.0,0.0
2024-05-22,2.7466442091890855,-0.006089958659725836,0.0,0.0
2024-05-23,2.717307755266174,-0.010680835116817944,0.0,0.0
2024-05-24,2.731951260692475,0.005388975686659636,0.0,0.0
2024-05-28,2.727353235489387,-0.0016830553565303497,0.0,0.0
2024-05-29,2.6997117076480146,-0.01013492769535318,0.0,0.0
2024-05-30,2.7103797267494407,0.003951540111192031,0.0,0.0
2024-05-31,2.727072695806773,0.0061589041906509046,0.0,0.0
2024-06-03,2.7381262455337056,0.0040532655194447376,0.013080199657708607,3.5815706456184555e-05
2024-06-04,2.7395125839037853,0.0005063091493100469,0.0,0.0
2024-06-05,2.7653651576941023,0.009436924634774746,0.0,0.0
2024-06-06,2.7664055923549093,0.0003762377123730509,0.0,0.0
2024-06-07,2.732855659349975,-0.012127626222868892,0.0,0.0
2024-06-10,2.7374693137934045,0.0016882173881540563,0.0,0.0
2024-06-11,2.7403869838771477,0.0010658275031767417,0.0,0.0
2024-06-12,2.7656545634713647,0.009220442128384354,0.0,0.0
2024-06-13,2.7657937372449264,5.032218245903941e-05,0.0,0.0
2024-06-14,2.7662730720030964,0.00017330820867633712,0.0,0.0
2024-06-17,2.769370466623812,0.0011196995163145207,0.0,0.0
2024-06-18,2.77982286929414,0.003774288343253218,0.0,0.0
2024-06-20,2.7745659852633917,-0.0018910859712738537,0.0,0.0
2024-06-21,2.76715385925415,-0.002671454219726588,0.0,0.0
2024-06-24,2.771773474439331,0.0016694464493658412,0.0,0.0
2024-06-25,2.7714373517646926,-0.00012126628591335731,0.0,0.0
2024-06-26,2.758139824315066,-0.004798061713774504,0.0,0.0
2024-06-27,2.772487635747404,0.005201988421997816,0.0,0.0
2024-06-28,2.7650685910041592,-0.0026759523280055486,0.0,0.0
2024-07-01,2.7552421166488994,-0.003553790451068406,0.023452997297368015,6.462020145277041e-05
2024-07-02,2.7696825381748313,0.005241071715140322,0.0,0.0
2024-07-03,2.788668431772711,0.006854898832698186,0.0,0.0
2024-07-05,2.805399050669081,0.005999500946670233,0.0,0.0
2024-07-08,2.804781615421268,-0.00022008820729646494,0.0,0.0
2024-07-09,2.8008075895465536,-0.0014168753292107539,0.0,0.0
2024-07-10,2.822084359901596,0.007596655491242332,0.0,0.0
2024-07-11,2.846258313089763,0.008565992403221534,0.0,0.0
2024-07-12,2.8638727258109613,0.0061886205620167445,0.0,0.0
2024-07-15,2.8670837966279397,0.0011212337713328857,0.0,0.0
2024-07-16,2.9023900414970387,0.012314340065896934,0.0,0.0
2024-07-17,2.8821433016185027,-0.006975885249417724,0.0,0.0
2024-07-18,2.8570593157583994,-0.008703240344092866,0.0,0.0
2024-07-19,2.8371134710551797,-0.006981249774271836,0.0,0.0
2024-07-22,2.8580425441668593,0.007376889689186594,0.0,0.0
2024-07-23,2.858506693488632,0.0001624011240559664,0.0,0.0
2024-07-24,2.8129466184977625,-0.015938418158911616,0.0,0.0
2024-07-25,2.8074964804047258,-0.001937519203953908,0.0,0.0
2024-07-26,2.8400730836488117,0.01160343511432993,0.0,0.0
2024-07-29,2.8392173478116005,-0.0003013076818825233,0.0,0.0
2024-07-30,2.8432416738680533,0.0014174068285242036,0.0,0.0
2024-07-31,2.876438108491362,0.011675558545871656,0.0,0.0
2024-08-01,2.8482831279693954,-0.009788140561360237,0.037478522304818074,0.00010675344370335986
2024-08-02,2.828713201656301,-0.006870779846610997,0.0,0.0
2024-08-05,2.775827195105085,-0.018696135939214154,0.0,0.0
2024-08-06,2.7798048535977093,0.0014329632981615603,0.0,0.0
2024-08-07,2.7646704765837073,-0.005444402686906158,0.0,0.0
2024-08-08,2.8035311056777097,0.014056152233383745,0.0,0.0
2024-08-09,2.8153729280515263,0.004223895483033813,0.0,0.0
2024-08-12,2.8184455745502124,0.0010913817022502048,0.0,0.0
2024-08-13,2.8519979488981244,0.011904567060255111,0.0,0.0
2024-08-14,2.854308488278182,0.0008101476303481459,0.0,0.0
2024-08-15,2.8794448933376797,0.00880647805334478,0.0,0.0
2024-08-16,2.89381242437494,0.004989687793818698,0.0,0.0
2024-08-19,2.9157448154734427,0.007579064528772994,0.0,0.0
2024-08-20,2.913869973984755,-0.0006430060267064164,0.0,0.0
2024-08-21,2.9272890731831627,0.004605249828651958,0.0,0.0
2024-08-22,2.9046831065954777,-0.007722492047258944,0.0,0.0
2024-08-23,2.947143464872556,0.014617896933633245,0.0,0.0
2024-08-26,2.9407085358514715,-0.0021834461395529026,0.0,0.0
2024-08-27,2.9418435966390324,0.0003859820766740629,0.0,0.0
2024-08-28,2.926538149399792,-0.00520267197641866,0.0,0.0
2024-08-29,2.9289439874727794,0.0008220764432820271,0.0,0.0
2024-08-30,2.9355007380415366,0.0022386056533687526,0.0,0.0
2024-09-03,2.9048469830881256,-0.010442427949741262,0.013387806611012826,3.889005029664058e-05
2024-09-04,2.909133424074739,0.0014756167920613183,0.0,0.0
2024-09-05,2.912595757915916,0.0011901598642825029,0.0,0.0
2024-09-06,2.8798842147695227,-0.011231061865516034,0.0,0.0
2024-09-09,2.900935460547679,0.007309754215184983,0.0,0.0
2024-09-10,2.914265186612755,0.004594975050757899,0.0,0.0
2024-09-11,2.927528627607308,0.00455121279130033,0.0,0.0
2024-09-12,2.9477211609058553,0.006897467409243019,0.0,0.0
2024-09-13,2.9707843312448423,0.00782406784090095,0.0,0.0
2024-09-16,2.9802207876094413,0.0031764191918450813,0.0,0.0
2024-09-17,2.9750829988885585,-0.001723962446756877,0.0,0.0
2024-09-18,2.961762315029464,-0.004477415878505142,0.0,0.0
2024-09-19,2.997234378293981,0.011976674523986652,0.0,0.0
2024-09-20,2.990350523925737,-0.002296735423194529,0.0,0.0
2024-09-23,2.9954350363519224,0.0017003064976846005,0.0,0.0
2024-09-24,3.0075795251891453,0.0040543322388368885,0.0,0.0
2024-09-25,2.992219878182007,-0.0051069795091028825,0.0,0.0
2024-09-26,3.0060840446412183,0.004633404971440269,0.0,0.0
2024-09-27,3.0044026934621506,-0.000559316091665818,0.0,0.0
2024-09-30,3.003795492545896,-0.00020210370519768706,0.0,0.0
2024-10-01,2.993132355497696,-0.0035498878251403188,0.012620441826486282,3.777512951035636e-05
2024-10-02,2.9873195732897697,-0.0019420398156630991,0.0,0.0
2024-10-03,2.9708076374621153,-0.005527341626015203,0.0,0.0
2024-10-04,2.9769437080395793,0.0020654553664423148,0.0,0.0
2024-10-07,2.955318529784841,-0.0072642214215663525,0.0,0.0
2024-10-08,2.9634489477743458,0.002751113934949201,0.0,0.0
2024-10-09,2.9655651789031516,0.0007141108775958749,0.0,0.0
2024-10-10,2.9595837475428155,-0.0020169616917840028,0.0,0.0
2024-10-11,2.978542254345739,0.006405801768124997,0.0,0.0
2024-10-14,2.990653219515081,0.0040660712976865465,0.0,0.0
2024-10-15,2.9884875194205556,-0.0007241562078790231,0.0,0.0
2024-10-16,3.006088658890202,0.005889647975862777,0.0,0.0
2024-10-17,2.996163035376331,-0.0033018399123116993,0.0,0.0
2024-10-18,3.008452602027394,0.004101768330347033,0.0,0.0
2024-10-21,2.9806648169057786,-0.009236570688495815,0.0,0.0
2024-10-22,2.982343228595202,0.0005630997755614597,0.0,0.0
2024-10-23,2.9616792880722733,-0.006928760018229729,0.0,0.0
2024-10-24,2.975517359584048,0.004672373395561591,0.0,0.0
2024-10-25,2.9695149347156002,-0.0020172709962904545,0.0,0.0
2024-10-28,2.9796971352413335,0.0034289103606439664,0.0,0.0
2024-10-29,2.98397159609421,0.0014345286312229533,0.0,0.0
2024-10-30,2.9813502054052208,-0.0008784904964981299,0.0,0.0
2024-10-31,2.9431026098752726,-0.012828950943302386,0.0,0.0
2024-11-01,2.9376571792058623,-0.001850234732264755,0.031584725312537726,9.278802575192607e-05
2024-11-04,2.9509010946035588,0.004508325713239447,0.0,0.0
2024-11-05,2.9801068546573677,0.009897234477705297,0.0,0.0
2024-11-06,2.9824690520787014,0.000792655275981824,0.0,0.0
2024-11-07,3.014628507346929,0.01078282949686038,0.0,0.0
2024-11-08,3.023606453105772,0.0029781267366653097,0.0,0.0
2024-11-11,3.016951541245847,-0.002200984805112216,0.0,0.0
2024-11-12,2.9839549607911087,-0.010937060142872657,0.0,0.0
2024-11-13,2.971236258345086,-0.004262364081611625,0.0,0.0
2024-11-14,2.9592555089302914,-0.004032243945982117,0.0,0.0
2024-11-15,2.936926382130038,-0.007545521747909123,0.0,0.0
2024-11-18,2.9543199738909633,0.005922379214800211,0.0,0.0
2024-11-19,2.968279210014386,0.0047250251316000025,0.0,0.0
2024-11-20,2.9671843244964036,-0.00036886203773844883,0.0,0.0
2024-11-21,2.9815676051443405,0.004847451009090342,0.0,0.0
2024-11-22,3.000016395384069,0.006187614263013064,0.0,0.0
2024-11-25,3.0184842887240504,0.006155930803710463,0.0,0.0
2024-11-26,3.017287661584737,-0.00039643311836468076,0.0,0.0
2024-11-27,3.0228097366773485,0.001830145386174875,0.0,0.0
2024-11-29,3.0424121801331045,0.0064848419726550866,0.0,0.0
2024-12-02,3.0407531987371006,-0.0005452848916517317,0.02860500259846151,8.698324130699983e-05
2024-12-03,3.0357669350706185,-0.0016398120270179062,0.0,0.0
2024-12-04,3.050490797604289,0.004850129423169314,0.0,0.0
2024-12-05,3.0431812913143856,-0.002396173853612016,0.0,0.0
2024-12-06,3.049657266915622,0.0021280281985562866,0.0,0.0
2024-12-09,3.042871736814112,-0.002225013995875269,0.0,0.0
2024-12-10,3.0325137162440265,-0.0034040279926258465,0.0,0.0
2024-12-11,3.044644161985018,0.004000128895052857,0.0,0.0
2024-12-12,3.018926610634272,-0.008446816764944742,0.0,0.0
2024-12-13,3.006639919305522,-0.004069887384963056,0.0,0.0
2024-12-16,3.0160059665830685,0.00311512104173417,0.0,0.0
2024-12-17,3.0055547378875724,-0.0034652546484637003,0.0,0.0
2024-12-18,2.9229449436854695,-0.02748570610301526,0.0,0.0
2024-12-19,2.9060375986023814,-0.005784352907369561,0.0,0.0
2024-12-20,2.929212417359916,0.007974714012193296,0.0,0.0
2024-12-23,2.9319844183227186,0.0009463297869332088,0.0,0.0
2024-12-24,2.951569979639242,0.006679967735888415,0.0,0.0
2024-12-26,2.960331497645446,0.002968426317737194,0.0,0.0
2024-12-27,2.934747046449999,-0.008642427787494689,0.0,0.0
2024-12-30,2.92168106121803,-0.004452167435613941,0.0,0.0
2024-12-31,2.9200875800673995,-0.0005453987335518606,0.0,0.0
2025-01-02,2.9203900213186933,0.00010357266451799241,0.027540133711286604,8.043014673321991e-05
2025-01-03,2.9378623696660355,0.005982881813660246,0.0,0.0
2025-01-06,2.9401430473525307,0.0007763051496365581,0.0,0.0
2025-01-07,2.918787350612711,-0.00726348901936924,0.0,0.0
2025-01-08,2.9210643259327136,0.0007801100410842476,0.0,0.0
2025-01-10,2.8861754028508213,-0.011943907832550726,0.0,0.0
2025-01-13,2.884764519566263,-0.0004888418365580627,0.0,0.0
2025-01-14,2.8953176308646658,0.003658222786236065,0.0,0.0
2025-01-15,2.9372775906544515,0.014492351147412652,0.0,0.0
2025-01-16,2.948576288523732,0.003846656477150656,0.0,0.0
2025-01-17,2.960290667304612,0.003972893232057073,0.0,0.0
2025-01-21,2.998609911682105,0.012944419546605967,0.0,0.0
2025-01-22,2.9944595706778374,-0.0013840883364316658,0.0,0.0
2025-01-23,3.000998479229394,0.0021836690051142416,0.0,0.0
2025-01-24,3.004783952155063,0.001261404479832029,0.0,0.0
2025-01-27,2.9926346506134447,-0.00404331949819714,0.0,0.0
2025-01-28,2.9991213251060573,0.0021675464097439257,0.0,0.0
2025-01-29,2.988173367813002,-0.0036503882658591724,0.0,0.0
2025-01-30,3.012425732900146,0.008116117139780776,0.0,0.0
2025-01-31,2.999172105384848,-0.004399652867968951,0.0,0.0
2025-02-03,2.9895604973266896,-0.003204753752177658,0.012461055336986056,3.725354300891728e-05
2025-02-04,3.0120187997700296,0.00751224217185853,0.0,0.0
2025-02-05,3.0394567753874218,0.009109496799783345,0.0,0.0
2025-02-06,3.0423925446158915,0.0009658861584223022,0.0,0.0
2025-02-07,3.021392740133236,-0.006902398087918926,0.0,0.0
2025-02-10,3.038009553683186,0.0054997198243142975,0.0,0.0
2025-02-11,3.0339909096126676,-0.0013227884901304554,0.0,0.0
2025-02-12,3.0207337837230166,-0.004369533820173355,0.0,0.0
2025-02-13,3.0556787288857006,0.011568363074886623,0.0,0.0
2025-02-14,3.053511480261929,-0.0007092527768983725,0.0,0.0
2025-02-18,3.0624475179759516,0.002926479160725526,0.0,0.0
2025-02-19,3.0592778403269225,-0.001035014520387234,0.0,0.0
2025-02-20,3.058548424551764,-0.00023842743720214887,0.0,0.0
2025-02-21,3.03249746092429,-0.008517427227359264,0.0,0.0
2025-02-24,3.0291318161364877,-0.0011098590621000382,0.0,0.0
2025-02-25,3.0336878058771637,0.0015040579338296833,0.0,0.0
2025-02-26,3.0378123969310287,0.0013595964112966819,0.0,0.0
2025-02-27,3.002919951333488,-0.011486043586098726,0.0,0.0
2025-02-28,3.0262106082474913,0.00775600325398651,0.0,0.0
2025-03-03,3.0159023546493855,-0.0034063239253778743,0.03912836761229823,0.00011801195363062076
2025-03-04,2.9989910581989965,-0.005607375326431963,0.0,0.0
2025-03-05,3.0213702520145804,0.007462240927461616,0.0,0.0
2025-03-06,2.9804772404694475,-0.013534591306003096,0.0,0.0
2025-03-07,2.9910889478992804,0.0035604054564635224,0.0,0.0
2025-03-10,2.9465013826708573,-0.014906800167122425,0.0,0.0
2025-03-11,2.9363622527574167,-0.003441074208575423,0.0,0.0
2025-03-12,2.9428650264208636,0.002214567925786559,0.0,0.0
2025-03-13,2.9276739698398258,-0.005161995689456855,0.0,0.0
2025-03-14,2.96426757425329,0.012499207490465958,0.0,0.0
2025-03-17,2.989197520072786,0.008410153670346698,0.0,0.0
2025-03-18,2.9796379755477522,-0.0031980303947265476,0.0,0.0
2025-03-19,3.001442816284138,0.007317949668827595,0.0,0.0
2025-03-20,2.9924766322235348,-0.0029872913160157166,0.0,0.0
2025-03-21,2.979174927315101,-0.004445048881985714,0.0,0.0
2025-03-24,3.0012466584347606,0.007408672420437856,0.0,0.0
2025-03-25,3.002222838537535,0.0003252582056296749,0.0,0.0
2025-03-26,2.979246115234897,-0.007653237130735624,0.0,0.0
2025-03-27,2.9780578900698127,-0.00039883417452757364,0.0,0.0
2025-03-28,2.959834123579835,-0.006119345950508115,0.0,0.0
2025-03-31,2.9706254525200047,0.0036459235516610455,0.0,0.0
2025-04-01,2.978929379025273,0.0027953461780998445,0.02709524906819677,8.071702052903334e-05
2025-04-02,2.994384406308819,0.0051881146939452005,0.0,0.0
2025-04-03,2.910368626318085,-0.028057780361707252,0.0,0.0
2025-04-04,2.8068413618278583,-0.035571873457555525,0.0,0.0
2025-04-07,2.7602239426870545,-0.016608497998777394,0.0,0.0
2025-04-08,2.7203440613415766,-0.01444806007539201,0.0,0.0
2025-04-09,2.8885390988986384,0.0618285899740616,0.0,0.0
2025-04-10,2.8199246973625907,-0.023754015156730812,0.0,0.0
2025-04-11,2.8595608816289273,0.014055759823447644,0.0,0.0
2025-04-14,2.8830040814014626,0.00819818172893072,0.0,0.0
2025-04-15,2.8923991209860933,0.0032587673549402396,0.0,0.0
2025-04-16,2.8846740386071374,-0.002670821714370497,0.0,0.0
2025-04-17,2.8917103677786713,0.002439211182047929,0.0,0.0
2025-04-21,2.8604073642058436,-0.01082508259527859,0.0,0.0
2025-04-22,2.8984912041553494,0.013314131555551834,0.0,0.0
2025-04-23,2.9145719400213697,0.005547967798890108,0.0,0.0
2025-04-24,2.958762083676919,0.015161795476293927,0.0,0.0
2025-04-25,2.966895310922544,0.002748861522356094,0.0,0.0
2025-04-28,2.9819702440515163,0.005081046531528743,0.0,0.0
2025-04-29,2.9915946690811692,0.003227538922915718,0.0,0.0
2025-04-30,2.98253328457953,-0.003028947937128934,0.0,0.0
2025-05-01,2.980876255514983,-0.0005555777275358942,0.02085510388172229,6.216778048284474e-05
2025-05-02,3.007761340635193,0.009019188592773508,0.0,0.0
2025-05-05,3.008812038882272,0.00034932899525097483,0.0,0.0
2025-05-06,3.0073839884420415,-0.0004746226822334165,0.0,0.0
2025-05-07,3.0071849810225575,-6.617293310362538e-05,0.0,0.0
2025-05-08,3.004343720079556,-0.0009448241331783125,0.0,0.0
2025-05-09,3.0104212449563703,0.002022912636858054,0.0,0.0
2025-05-12,3.0411423685998025,0.010204925206032778,0.0,0.0
2025-05-13,3.0472681140715796,0.0020142909240377094,0.0,0.0
2025-05-14,3.0289687852771077,-0.00600515875513874,0.0,0.0
2025-05-15,3.056418900770782,0.009062528351926558,0.0,0.0
2025-05-16,3.066632753520947,0.003341771230242596,0.0,0.0
2025-05-19,3.0732577943275183,0.0021603632841149523,0.0,0.0
2025-05-20,3.07385368808199,0.00019389644291201158,0.0,0.0
2025-05-21,3.0306324530453645,-0.014060927884825491,0.0,0.0
2025-05-22,3.029938576857772,-0.00022895425240221368,0.0,0.0
2025-05-23,3.03247626133198,0.0008375366067123746,0.0,0.0
2025-05-27,3.0733000681540634,0.013462201614779401,0.0,0.0
2025-05-28,3.056825141311726,-0.005360663286040013,0.0,0.0
2025-05-29,3.072647772779485,0.005176165052401371,0.0,0.0
2025-05-30,3.0692574536605024,-0.0011033868408274472,0.0,0.0
2025-06-02,3.0861323677112256,0.005498044496266452,0.03145912300741053,9.70900721415005e-05
2025-06-03,3.089959218299766,0.00124001505203708,0.0,0.0
2025-06-04,3.104154827778311,0.004594109007806324,0.0,0.0
2025-06-05,3.096094331724239,-0.002596679773167465,0.0,0.0
2025-06-06,3.1009286562798755,0.0015614267647148239,0.0,0.0
2025-06-09,3.108410656542767,0.002412825670058405,0.0,0.0
2025-06-10,3.122246316923712,0.004451040068281342,0.0,0.0
2025-06-11,3.119848605099573,-0.0007679444799542079,0.0,0.0
2025-06-12,3.13716323776237,0.0055498310509347615,0.0,0.0
2025-06-13,3.1106696079220297,-0.008445091259974502,0.0,0.0
2025-06-16,3.1159219325309317,0.001688486811818768,0.0,0.0
2025-06-17,3.1046942093202916,-0.003603339061040045,0.0,0.0
2025-06-18,3.107518758726854,0.000909767344585255,0.0,0.0
2025-06-20,3.0999551148288997,-0.0024339817343702608,0.0,0.0
2025-06-23,3.1246766368387715,0.007974799987139791,0.0,0.0
2025-06-24,3.144391307883785,0.006309347601791693,0.0,0.0
2025-06-25,3.130524111532126,-0.004410136968923117,0.0,0.0
2025-06-26,3.150769809262555,0.006467191118525006,0.0,0.0
2025-06-27,3.148655038302396,-0.0006711918318952348,0.0,0.0
2025-06-30,3.16700450352762,0.005827715326705674,0.0,0.0
2025-07-01,3.1745659345986743,0.002387565620014742,0.019117058634019007,6.068952331445784e-05
2025-07-02,3.186310582763184,0.003699607570442298,0.0,0.0
2025-07-03,3.191234494227193,0.0015453331795856062,0.0,0.0
2025-07-07,3.1655851241346307,-0.008037444487066336,0.0,0.0
2025-07-08,3.1649114000032545,-0.00021282767796693136,0.0,0.0
2025-07-09,3.1858521648029576,0.006616540608271437,0.0,0.0
2025-07-10,3.1919259971853977,0.0019065016417092462,0.0,0.0
2025-07-11,3.176178959422749,-0.004933396882175312,0.0,0.0
2025-07-14,3.18130181865433,0.001612900059168032,0.0,0.0
2025-07-15,3.156215515258623,-0.00788554649188189,0.0,0.0
2025-07-16,3.1704175193455653,0.004499694022250145,0.0,0.0
2025-07-17,3.181991678659218,0.003650673528968529,0.0,0.0
2025-07-18,3.1804825763034112,-0.00047426345138745774,0.0,0.0
2025-07-21,3.19650847698336,0.005038826748919201,0.0,0.0
2025-07-22,3.2139489115995366,0.005456088961364403,0.0,0.0
2025-07-23,3.2282820910119847,0.004459678671530298,0.0,0.0
2025-07-24,3.215430811959874,-0.003980841416520109,0.0,0.0
2025-07-25,3.219203193970472,0.0011732119990162104,0.0,0.0
2025-07-28,3.201029513501955,-0.005645397128878349,0.0,0.0
2025-07-29,3.212547454403492,0.003598198908493222,0.0,0.0
2025-07-30,3.1915922839074296,-0.006522913915976147,0.0,0.0
2025-07-31,3.177002065128201,-0.00457145445951701,0.0,0.0
2025-08-01,3.1691194195607197,-0.002481158465083677,0.009947929119424898,3.152648898006043e-05
2025-08-04,3.2047101555741326,0.011230481184690166,0.0,0.0
2025-08-05,3.2056051410069735,0.0002792718808857231,0.0,0.0
2025-08-06,3.2094364491568244,0.0011951902936639947,0.0,0.0
2025-08-07,3.216217194769549,0.0021127527278210767,0.0,0.0
2025-08-08,3.2201719530853476,0.0012296303627226113,0.0,0.0
2025-08-11,3.2090062801011587,-0.0034674151402041,0.0,0.0
2025-08-12,3.2357611681218517,0.008337437102132972,0.0,0.0
2025-08-13,3.2582408108976058,0.006947250309206954,0.0,0.0
2025-08-14,3.242841804947833,-0.004726171834282034,0.0,0.0
2025-08-15,3.2396606510863575,-0.0009809771961808433,0.0,0.0
2025-08-18,3.2346315666871157,-0.0015523491318620852,0.0,0.0
2025-08-19,3.2311603923328382,-0.0010731282010681964,0.0,0.0
2025-08-20,3.2338389271595016,0.0008289699369363746,0.0,0.0
2025-08-21,3.222702729857547,-0.003443646252269117,0.0,0.0
2025-08-22,3.2757370356496516,0.016456468448285744,0.0,0.0
2025-08-25,3.257114855925607,-0.0056848823704042095,0.0,0.0
2025-08-26,3.265429655377095,0.0025528112514550116,0.0,0.0
2025-08-27,3.2720969165398497,0.002041771486877897,0.0,0.0
2025-08-28,3.283272237024379,0.003415339083643998,0.0,0.0
2025-08-29,3.2735242420095063,-0.0029689877388014985,0.0,0.0
2025-09-02,3.2591459023298803,-0.004392311960029871,0.0231975622847477,7.560599393913154e-05
2025-09-03,3.275103746162751,0.004896326924628491,0.0,0.0
2025-09-04,3.2974793837868317,0.006832039336249096,0.0,0.0
2025-09-05,3.3198789670720985,0.006792941115993711,0.0,0.0
2025-09-08,3.337251144561515,0.005232774345607316,0.0,0.0
2025-09-09,3.330486716525507,-0.002026946053200529,0.0,0.0
2025-09-10,3.3354851928088713,0.0015008245667404996,0.0,0.0
2025-09-11,3.3650594125015876,0.008866542042062386,0.0,0.0
2025-09-12,3.3571206402852978,-0.002359177429912873,0.0,0.0
2025-09-15,3.373510860379843,0.004882225529182049,0.0,0.0
2025-09-16,3.3698965018670357,-0.0010713937682121921,0.0,0.0
2025-09-17,3.362357584703349,-0.002237136113678817,0.0,0.0
2025-09-18,3.374086222918067,0.0034882185845062086,0.0,0.0
2025-09-19,3.3748225967575385,0.00021824393059954872,0.0,0.0
2025-09-22,3.3881719996910595,0.003955586568119784,0.0,0.0
2025-09-23,3.3889827884670707,0.0002392997687499232,0.0,0.0
2025-09-24,3.3684817607653317,-0.006049315969235747,0.0,0.0
2025-09-25,3.3574972149768962,-0.0032609782592202263,0.0,0.0
2025-09-26,3.3751411584934052,0.00525508805720043,0.0,0.0
2025-09-29,3.3925747684528202,0.005165298024808251,0.0,0.0
2025-09-30,3.401451350305339,0.002616473462887736,0.0,0.0
2025-10-01,3.413416931447046,0.003517786941339862,0.01587834814927223,5.4200283027101026e-05
2025-10-02,3.4172427776910266,0.0011208259409314358,0.0,0.0
2025-10-03,3.4258502186822186,0.002518826302709387,0.0,0.0
2025-10-06,3.4326071623033827,0.0019723406424239087,0.0,0.0
2025-10-07,3.4242854421708113,-0.0024243147377771557,0.0,0.0
2025-10-08,3.442354450818516,0.005276723845851539,0.0,0.0
2025-10-09,3.422560533494228,-0.005750110166482525,0.0,0.0
2025-10-10,3.382407700568499,-0.011731810886259408,0.0,0.0
2025-10-13,3.427228849807096,0.013251255675376994,0.0,0.0
2025-10-14,3.4421979633371143,0.004367701774820487,0.0,0.0
2025-10-15,3.466386758536129,0.007027136572808956,0.0,0.0
2025-10-16,3.4687061711266725,0.0006691153503952663,0.0,0.0
2025-10-17,3.464052234979073,-0.0013416922385465213,0.0,0.0
2025-10-20,3.5099690241081962,0.013255224232899154,0.0,0.0
2025-10-21,3.474582181443452,-0.010081810529292357,0.0,0.0
2025-10-22,3.4637044483260375,-0.003130659328050678,0.0,0.0
2025-10-23,3.475229985017705,0.003327517362873511,0.0,0.0
2025-10-24,3.489976437293847,0.004243302555432704,0.0,0.0
2025-10-27,3.498196352122323,0.002355292356887695,0.0,0.0
2025-10-28,3.489787042924987,-0.002403898566824103,0.0,0.0
2025-10-29,3.466384471946985,-0.006706016926003255,0.0,0.0
2025-10-30,3.4549523277964735,-0.0032980023546235193,0.0,0.0
2025-10-31,3.455639096885526,0.00019877816649649382,0.0,0.0
2025-11-03,3.455279005748009,-0.00010420391928123163,0.01704497135583601,5.889613556234131e-05
2025-11-04,3.424209754865551,-0.008991821161409286,0.0,0.0
2025-11-05,3.436596851167317,0.0036175051146223325,0.0,0.0
2025-11-06,3.419005154171226,-0.005118929498557745,0.0,0.0
2025-11-07,3.42946253894773,0.0030586045662277517,0.0,0.0
2025-11-10,3.4657695365643666,0.010586789388805196,0.0,0.0
2025-11-11,3.4795254623946836,0.003969082677076408,0.0,0.0
2025-11-12,3.4851892027023195,0.001627733542647558,0.0,0.0
2025-11-13,3.4378483256485,-0.013583445345553335,0.0,0.0
2025-11-14,3.427275423641224,-0.00307544167332674,0.0,0.0
2025-11-17,3.398489381401995,-0.0083991038597786,0.0,0.0
2025-11-18,3.3905684032309864,-0.002330735006663698,0.0,0.0
2025-11-19,3.389754971965129,-0.00023991000007017593,0.0,0.0
2025-11-20,3.3605649582593324,-0.008611245929930567,0.0,0.0
2025-11-21,3.394622991248811,0.01013461528418702,0.0,0.0
2025-11-24,3.431280690049335,0.010798754057527393,0.0,0.0
2025-11-25,3.458283453288059,0.007869587386724497,0.0,0.0
2025-11-26,3.482340562120799,0.006956372766340868,0.0,0.0
2025-11-28,3.4963199321004397,0.00401436037925218,0.0,0.0
2025-12-01,3.4745697279145364,-0.0062208849900177166,0.015063219676088214,5.233899548525059e-05
2025-12-02,3.475578488139085,0.0002903266601457233,0.0,0.0
2025-12-03,3.4912877909510653,0.0045199102438890915,0.0,0.0
2025-12-04,3.492351849508503,0.0003047753783562701,0.0,0.0
2025-12-05,3.4894255861414076,-0.0008379062285797101,0.0,0.0
2025-12-08,3.4792913952169746,-0.0029042576419116006,0.0,0.0
2025-12-09,3.4802426147186294,0.00027339460643127644,0.0,0.0
2025-12-10,3.5028841188271898,0.006505725782681049,0.0,0.0
2025-12-11,3.5157088667325667,0.0036611967368394005,0.0,0.0
2025-12-12,3.488376928997478,-0.007774232387020796,0.0,0.0
2025-12-15,3.487412956779282,-0.00027633831945828025,0.0,0.0
2025-12-16,3.483159278855969,-0.001219723037113818,0.0,0.0
2025-12-17,3.46661020356678,-0.004751168110412873,0.0,0.0
2025-12-18,3.482343007719813,0.004538382808902286,0.0,0.0
2025-12-19,3.4946607454522454,0.003537198290095356,0.0,0.0
2025-12-22,3.516968491415459,0.006383379557584723,0.0,0.0
2025-12-23,3.527967092979505,0.003127296019538539,0.0,0.0
2025-12-24,3.5376815255039964,0.0027535496416117855,0.0,0.0
2025-12-26,3.540448343415831,0.0007820992059031084,0.0,0.0
2025-12-29,3.5155293371417233,-0.007038375893959725,0.0,0.0
2025-12-30,3.511095659726047,-0.0012611692267318064,0.0,0.0
2025-12-31,3.487291105610183,-0.006779807906948765,0.0,0.0
