Date,nav,return,turnover,fee
2012-01-03,0.999000999000999,-0.0009990009990009652,0.999000999000999,0.0009990009990009994
2012-01-04,0.9934574632647855,-0.005549079271949808,0.0,0.0
2012-01-05,0.9904262302597102,-0.003051195564139908,0.0,0.0
2012-01-06,0.9962490024322765,0.005879056909710023,0.0,0.0
2012-01-09,0.9946233463583427,-0.0016317768649855013,0.0,0.0
2012-01-10,0.9951932717354457,0.0005730062331532615,0.0,0.0
2012-01-11,1.0015464397530192,0.006383853466467526,0.0,0.0
2012-01-12,1.001977702673171,0.0004305970277906912,0.0,0.0
2012-01-13,1.008756755583402,0.006765672421796598,0.0,0.0
2012-01-17,1.0126367189652032,0.003846282426686054,0.0,0.0
2012-01-18,1.0054783124316247,-0.007069076599250379,0.0,0.0
2012-01-19,0.9984451202141411,-0.006994872122576767,0.0,0.0
2012-01-20,0.9915665657562294,-0.0068892664390372005,0.0,0.0
2012-01-23,0.9877246802527708,-0.003874561361927764,0.0,0.0
2012-01-24,0.9904044662027672,0.002713089997215201,0.0,0.0
2012-01-25,0.9909475305001696,0.0005483257759171245,0.0,0.0
2012-01-26,1.0013429135806633,0.010490346623344138,0.0,0.0
2012-01-27,1.0036375636992967,0.0022915727344872128,0.0,0.0
2012-01-30,1.0087920373171233,0.005135791847833859,0.0,0.0
2012-01-31,1.0160570642324527,0.007201709219127661,0.0,0.0
2012-02-01,1.0122871925551953,-0.003710295228452787,0.012842595350601088,1.3000561753535959e-05
2012-02-02,1.013119805107889,0.0008225062599003241,0.0,0.0
2012-02-03,1.0015076091831192,-0.011461819092099423,0.0,0.0
2012-02-06,1.0077399266637372,0.0062229357255723095,0.0,0.0
2012-02-07,1.000582520759036,-0.007102433589583845,0.0,0.0
2012-02-08,1.0014869226331884,0.0009038753479986283,0.0,0.0
2012-02-09,0.9961807282548227,-0.0052983161921018596,0.0,0.0
2012-02-10,1.0020726205297046,0.005914481286145357,0.0,0.0
2012-02-13,1.0044510558802913,0.0023735159526956373,0.0,0.0
2012-02-14,1.0074756318561575,0.003011173076238771,0.0,0.0
2012-02-15,1.005887242172582,-0.0015766035756608066,0.0,0.0
2012-02-16,1.001024215825854,-0.004834564097089489,0.0,0.0
2012-02-17,1.0001139410539808,-0.0009093434079636697,0.0,0.0
2012-02-21,0.9938080177823357,-0.00630520484995889,0.0,0.0
2012-02-22,1.0031003610156124,0.00935023975154925,0.0,0.0
2012-02-23,1.0037970372761742,0.0006945229885635396,0.0,0.0
2012-02-24,1.007416160987654,0.003605433745152542,0.0,0.0
2012-02-27,1.0137048452524708,0.006242389697869832,0.0,0.0
2012-02-28,1.0136596001250349,-4.46334331416498e-05,0.0,0.0
2012-02-29,1.0110805841717956,-0.002544262346966586,0.0,0.0
2012-03-01,1.005158550296206,-0.0058571334157707655,0.017053809381130894,1.714207465223862e-05
2012-03-02,1.0100502357188414,0.004866580920188213,0.0,0.0
2012-03-05,1.0051210596834668,-0.004880129582729764,0.0,0.0
2012-03-06,1.0104540502067785,0.005305819106995013,0.0,0.0
2012-03-07,1.0071210888574882,-0.003298478885416123,0.0,0.0
2012-03-08,1.0021404624940013,-0.004945409661848088,0.0,0.0
2012-03-09,1.0028794528518088,0.0007374119551748493,0.0,0.0
2012-03-12,1.0018042139055008,-0.0010721517359344457,0.0,0.0
2012-03-13,0.9915963047724254,-0.010189525050289139,0.0,0.0
2012-03-14,0.9732415848026539,-0.018510274676733496,0.0,0.0
2012-03-15,0.9729039154657313,-0.0003469532562062616,0.0,0.0
2012-03-16,0.9745866923451298,0.0017296434443816455,0.0,0.0
2012-03-19,0.9681407622579604,-0.006614014061343987,0.0,0.0
2012-03-20,0.9697448294311763,0.0016568532549696702,0.0,0.0
2012-03-21,0.9773908521674596,0.00788457180098412,0.0,0.0
2012-03-22,0.9781340473916718,0.0007603869246004535,0.0,0.0
2012-03-23,0.9831105002793514,0.005087700301354525,0.0,0.0
2012-03-26,0.9816729194690915,-0.0014622779533444152,0.0,0.0
2012-03-27,0.9890030270812747,0.007466955099614481,0.0,0.0
2012-03-28,0.9873649524403036,-0.001656288804095296,0.0,0.0
2012-03-29,0.9920331200476913,0.004727904910793335,0.0,0.0
2012-03-30,0.9824739545895133,-0.00963593378587857,0.0,0.0
2012-04-02,0.9864357071307788,0.004032425005017881,0.009462087864852546,9.333829651415243e-06
2012-04-03,0.9731927811416967,-0.013425026986909727,0.0,0.0
2012-04-04,0.9807947349451169,0.007811354492890832,0.0,0.0
2012-04-05,0.9851556361551037,0.004446293454288153,0.0,0.0
2012-04-09,0.999928084802771,0.014995040484487854,0.0,0.0
2012-04-10,1.0053715783509825,0.005443885046278352,0.0,0.0
2012-04-11,0.9987230299830316,-0.0066130259807580805,0.0,0.0
2012-04-12,0.9968326942852065,-0.0018927526862549948,0.0,0.0
2012-04-13,1.007333002303211,0.010533671375549947,0.0,0.0
2012-04-16,1.0065875882552207,-0.0007399877163618562,0.0,0.0
2012-04-17,1.0069216873883897,0.0003319126294296648,0.0,0.0
2012-04-18,1.0083256958822273,0.001394357189265838,0.0,0.0
2012-04-19,1.009150479682622,0.000817973600953481,0.0,0.0
2012-04-20,1.009110070495253,-4.0042776754067866e-05,0.0,0.0
2012-04-23,1.0129201872593443,0.003775719691531121,0.0,0.0
2012-04-24,1.0083859005792761,-0.004476450106435936,0.0,0.0
2012-04-25,1.0066098903047105,-0.0017612406852827167,0.0,0.0
2012-04-26,1.0104901115821736,0.0038547418566377,0.0,0.0
2012-04-27,1.011653424181509,0.0011512360051835202,0.0,0.0
2012-04-30,1.011486210133214,-0.00016528787853431481,0.0,0.0
2012-05-01,1.0078572670776673,-0.003587733593588771,0.015099886448436194,1.5218760090653177e-05
2012-05-02,1.0130591665626598,0.005161345415582108,0.0,0.0
2012-05-03,1.013233102297871,0.00017169356040791506,0.0,0.0
2012-05-04,1.0177810541157353,0.00448855431938644,0.0,0.0
2012-05-07,1.0187375032019128,0.0009397395267969344,0.0,0.0
2012-05-08,1.0227259274047653,0.003915065647742244,0.0,0.0
2012-05-09,1.022201736426683,-0.0005125429638929146,0.0,0.0
2012-05-10,1.0196427489584925,-0.0025034074752563473,0.0,0.0
2012-05-11,1.0254067429109868,0.005652954388565945,0.0,0.0
2012-05-14,1.0327650715765448,0.007176009633668601,0.0,0.0
2012-05-15,1.034233971988702,0.0014222986936562876,0.0,0.0
2012-05-16,1.0360097716226302,0.0017170192451845256,0.0,0.0
2012-05-17,1.0415746235527477,0.005371428033349224,0.0,0.0
2012-05-18,1.0397478187224194,-0.001753887613061389,0.0,0.0
2012-05-21,1.039187873330021,-0.0005385396173145374,0.0,0.0
2012-05-22,1.031866471215293,-0.007045311346125516,0.0,0.0
2012-05-23,1.0367629378535432,0.004745252195745175,0.0,0.0
2012-05-24,1.0348159855754948,-0.0018779146195940788,0.0,0.0
2012-05-25,1.0380683265796875,0.0031429172428023566,0.0,0.0
2012-05-29,1.037163053034013,-0.0008720751057469389,0.0,0.0
2012-05-30,1.051101484511992,0.013438997308287126,0.0,0.0
2012-05-31,1.060986842061577,0.009404760334987605,0.0,0.0
2012-06-01,1.077168939251841,0.015251930135929959,0.049708972704036465,5.35476231962456e-05
2012-06-04,1.0688267031125862,-0.007744594032807028,0.0,0.0
2012-06-05,1.0605311117993448,-0.007761399756465059,0.0,0.0
2012-06-06,1.048434388300392,-0.011406288193119618,0.0,0.0
2012-06-07,1.050322170285353,0.0018005723639238358,0.0,0.0
2012-06-08,1.0521720991268753,0.0017612965753353027,0.0,0.0
2012-06-11,1.05443524753312,0.0021509298793636056,0.0,0.0
2012-06-12,1.0481228569823249,-0.005986513221710954,0.0,0.0
2012-06-13,1.0551332258190524,0.006688499148765237,0.0,0.0
2012-06-14,1.053829257953169,-0.0012358324370567164,0.0,0.0
2012-06-15,1.0589255231917218,0.004835949657016725,0.0,0.0
2012-06-18,1.0615054762943033,0.0024363876836259735,0.0,0.0
2012-06-19,1.0541420795927618,-0.006936748670620996,0.0,0.0
2012-06-20,1.0569331186823394,0.002647687767720841,0.0,0.0
2012-06-21,1.0605278353426177,0.0034010824306081044,0.0,0.0
2012-06-22,1.0531324258547068,-0.006973328979641313,0.0,0.0
2012-06-25,1.062029530349287,0.008448229563684295,0.0,0.0
2012-06-26,1.060514357516975,-0.0014266767439259365,0.0,0.0
2012-06-27,1.0620754775223626,0.0014720404248393937,0.0,0.0
2012-06-28,1.0641825781574807,0.001983946225774469,0.0,0.0
2012-06-29,1.057227562947906,-0.006535546956253135,0.0,0.0
2012-07-02,1.0654105851393114,0.0077400764775641395,0.018982353775368846,2.0224384549559352e-05
2012-07-03,1.0617688760329553,-0.003418127393468584,0.0,0.0
2012-07-05,1.0658260538942992,0.0038211497369395886,0.0,0.0
2012-07-06,1.0721205070907425,0.005905704006244461,0.0,0.0
2012-07-09,1.0772088269267854,0.004746033493800539,0.0,0.0
2012-07-10,1.0781708931585028,0.0008931102379303724,0.0,0.0
2012-07-11,1.0797503730947313,0.001464962508495704,0.0,0.0
2012-07-12,1.086303821551648,0.006069410689929722,0.0,0.0
2012-07-13,1.0850494718008061,-0.001154695146934337,0.0,0.0
2012-07-16,1.0890742844628478,0.0037093356262936084,0.0,0.0
2012-07-17,1.0847691807739452,-0.003952993611474276,0.0,0.0
2012-07-18,1.088048860909764,0.0030233898546774274,0.0,0.0
2012-07-19,1.0876058171365628,-0.00040719106385611603,0.0,0.0
2012-07-20,1.0946385075584535,0.006466212584635089,0.0,0.0
2012-07-23,1.0959560809565225,0.0012036607418532963,0.0,0.0
2012-07-24,1.1011624308996468,0.004750509654164459,0.0,0.0
2012-07-25,1.1036371609564712,0.002247379666596938,0.0,0.0
2012-07-26,1.0993896014585238,-0.0038486919870170944,0.0,0.0
2012-07-27,1.0863875186107421,-0.01182663800943018,0.0,0.0
2012-07-30,1.091840855539305,0.0050196977000771525,0.0,0.0
2012-07-31,1.0957412152432893,0.0035722785827221326,0.0,0.0
2012-08-01,1.0923899303807159,-0.0030584638196978764,0.002820438726861672,3.081027554328666e-06
2012-08-02,1.095847584714639,0.0031652198887608396,0.0,0.0
2012-08-03,1.0856718780563803,-0.009285695200859867,0.0,0.0
2012-08-06,1.0866070731495574,0.0008613975475273428,0.0,0.0
2012-08-07,1.0768025249784108,-0.009023085173491374,0.0,0.0
2012-08-08,1.0724224725387725,-0.004067646887925047,0.0,0.0
2012-08-09,1.0716789968595792,-0.0006932675305033609,0.0,0.0
2012-08-10,1.0758890045615157,0.0039284223300759535,0.0,0.0
2012-08-13,1.0738675270603402,-0.0018788903805178059,0.0,0.0
2012-08-14,1.0642147918665865,-0.00898875787796427,0.0,0.0
2012-08-15,1.0543025413431097,-0.009314144662555535,0.0,0.0
2012-08-16,1.0483082601063263,-0.00568554186462189,0.0,0.0
2012-08-17,1.0515343313549368,0.0030774070675387843,0.0,0.0
2012-08-20,1.0540872985234193,0.0024278495645433384,0.0,0.0
2012-08-21,1.0572820537175929,0.0030308260033573564,0.0,0.0
2012-08-22,1.068924789310398,0.011011948563646845,0.0,0.0
2012-08-23,1.0715379083629137,0.0024446238675048804,0.0,0.0
2012-08-24,1.071616249805688,7.311121908326612e-05,0.0,0.0
2012-08-27,1.0753913244391957,0.003522785917246196,0.0,0.0
2012-08-28,1.077432758036735,0.0018983169671784594,0.0,0.0
2012-08-29,1.073969065723991,-0.0032147642503977947,0.0,0.0
2012-08-30,1.0769068489013864,0.0027354448756071736,0.0,0.0
2012-08-31,1.0882105530616237,0.010496454890011053,0.0,0.0
2012-09-04,1.086369020547083,-0.0016922575409322738,0.0037400468849545856,4.063086267340957e-06
2012-09-05,1.0840355845032639,-0.002147922114572154,0.0,0.0
2012-09-06,1.072637551710891,-0.010514445240832004,0.0,0.0
2012-09-07,1.0712936598821756,-0.0012528853074105228,0.0,0.0
2012-09-10,1.0725279001745989,0.0011521026760850095,0.0,0.0
2012-09-11,1.0696529304767664,-0.0026805546945347647,0.0,0.0
2012-09-12,1.0619974106751728,-0.007157012880973701,0.0,0.0
2012-09-13,1.062842804503704,0.0007960413274394895,0.0,0.0
2012-09-14,1.0458076665951126,-0.016027899738706775,0.0,0.0
2012-09-17,1.0537193676975696,0.007565158829075713,0.0,0.0
2012-09-18,1.057951710963027,0.00401657537595157,0.0,0.0
2012-09-19,1.0622263523125421,0.004040488148201016,0.0,0.0
2012-09-20,1.0630541325511293,0.0007792879895938132,0.0,0.0
2012-09-21,1.0646461003736558,0.0014975416338451897,0.0,0.0
2012-09-24,1.0695124319665164,0.004570844331419188,0.0,0.0
2012-09-25,1.0757599999299963,0.005841510371218828,0.0,0.0
2012-09-26,1.0829703902320322,0.006702601233086636,0.0,0.0
2012-09-27,1.0789024368105395,-0.00375629237713615,0.0,0.0
2012-09-28,1.0804215994452018,0.0014080630303823227,0.0,0.0
2012-10-01,1.0838375909319053,0.003161720839770066,0.018458249591093552,2.0006114047477284e-05
2012-10-02,1.0832755495575017,-0.0005185660463394859,0.0,0.0
2012-10-03,1.0838057740802385,0.0004894641284514112,0.0,0.0
2012-10-04,1.076609586912396,-0.0066397387243571915,0.0,0.0
2012-10-05,1.068838276914284,-0.007218317663693963,0.0,0.0
2012-10-08,1.0747053498378416,0.005489205476899572,0.0,0.0
2012-10-09,1.0743260225816464,-0.0003529593076394555,0.0,0.0
2012-10-10,1.0790516294358148,0.004398671124816067,0.0,0.0
2012-10-11,1.0845347522544388,0.005081427680611483,0.0,0.0
2012-10-12,1.0865082039338207,0.0018196297308865628,0.0,0.0
2012-10-15,1.0869812232737033,0.00043535735687028065,0.0,0.0
2012-10-16,1.0791766245199377,-0.00718006768346946,0.0,0.0
2012-10-17,1.073186331298649,-0.005550799642230486,0.0,0.0
2012-10-18,1.0689384200839904,-0.0039582233679011924,0.0,0.0
2012-10-19,1.0770177949566706,0.0075583164763086685,0.0,0.0
2012-10-22,1.0723294903872003,-0.004353042810828378,0.0,0.0
2012-10-23,1.0807996588537057,0.00789884876097835,0.0,0.0
2012-10-24,1.0740598715423968,-0.0062359265716803725,0.0,0.0
2012-10-25,1.069801270885406,-0.003964956488761828,0.0,0.0
2012-10-26,1.080225712508033,0.009744278592975775,0.0,0.0
2012-10-31,1.0850533476358089,0.004469098515130776,0.0,0.0
2012-11-01,1.0771717345763938,-0.007263802352748927,1.0,0.0010782499845609552
2012-11-02,1.0713270426443198,-0.005425961102082266,0.0,0.0
2012-11-05,1.0726847478809005,0.0012673116448451704,0.0,0.0
2012-11-06,1.074275768434537,0.001483213550653728,0.0,0.0
2012-11-07,1.0631576814484966,-0.010349378914356278,0.0,0.0
2012-11-08,1.056295296003976,-0.006454720277401349,0.0,0.0
2012-11-09,1.055428900308327,-0.000820221105714114,0.0,0.0
2012-11-12,1.0559314590555555,0.00047616542154726993,0.0,0.0
2012-11-13,1.0543412402626267,-0.0015059867563290696,0.0,0.0
2012-11-14,1.0484268058082695,-0.0056096017385072194,0.0,0.0
2012-11-15,1.0465042331949683,-0.00183376903628385,0.0,0.0
2012-11-16,1.0492066207779391,0.002582299714852132,0.0,0.0
2012-11-19,1.0612848959221663,0.011511817505756694,0.0,0.0
2012-11-20,1.059840318220699,-0.0013611592014716178,0.0,0.0
2012-11-21,1.0612163498003742,0.0012983385855571683,0.0,0.0
2012-11-23,1.0686011451307795,0.006958802822623733,0.0,0.0
2012-11-26,1.068349055747084,-0.00023590596439482248,0.0,0.0
2012-11-27,1.065941825562338,-0.002253224423044653,0.0,0.0
2012-11-28,1.070115101937684,0.00391510706800946,0.0,0.0
2012-11-29,1.0729996819544905,0.002695579205996834,0.0,0.0
2012-11-30,1.0730685251602523,6.415957704342112e-05,0.0,0.0
2012-12-03,1.0710203278281911,-0.0019087292973720693,0.0039774079779283066,4.259901739794513e-06
2012-12-04,1.0707462178780043,-0.00025593347116270593,0.0,0.0
2012-12-05,1.0727911346748724,0.0019098052953394618,0.0,0.0
2012-12-06,1.0745205017713908,0.0016120259019873906,0.0,0.0
2012-12-07,1.074874763753741,0.0003296930880016813,0.0,0.0
2012-12-10,1.075584621013945,0.0006604092719835197,0.0,0.0
2012-12-11,1.077280321283426,0.0015765382252141968,0.0,0.0
2012-12-12,1.075919288123956,-0.0012633974023107397,0.0,0.0
2012-12-13,1.0717530602335517,-0.0038722494674009456,0.0,0.0
2012-12-14,1.0701420786942757,-0.0015031275384694842,0.0,0.0
2012-12-17,1.0747510960321471,0.004306920949688431,0.0,0.0
2012-12-18,1.0794905154779963,0.004409783310151072,0.0,0.0
2012-12-19,1.077466583294901,-0.00187489575320543,0.0,0.0
2012-12-20,1.0811361188108344,0.0034057070287152325,0.0,0.0
2012-12-21,1.0770715992802353,-0.0037594891705863276,0.0,0.0
2012-12-24,1.075042472379934,-0.0018839294450407884,0.0,0.0
2012-12-26,1.0735126676953812,-0.0014230179028799084,0.0,0.0
2012-12-27,1.0745069952149522,0.0009262373416660807,0.0,0.0
2012-12-28,1.0698630629201364,-0.004321919089867565,0.0,0.0
2012-12-31,1.0761177643857391,0.005846263584921685,0.0,0.0
2013-01-02,1.0912448704388407,0.014057110247349458,0.020619933164355436,2.250186028124987e-05
2013-01-03,1.0870432812403918,-0.0038502716597047515,0.0,0.0
2013-01-04,1.0891636005456635,0.001950538071356478,0.0,0.0
2013-01-07,1.0885691116354526,-0.0005458215000144762,0.0,0.0
2013-01-08,1.0874950009368418,-0.000986717965014705,0.0,0.0
2013-01-09,1.08869750494934,0.0011057558990728023,0.0,0.0
2013-01-10,1.0933008731296407,0.004228326196554555,0.0,0.0
2013-01-11,1.0942530728278488,0.0008709402156446,0.0,0.0
2013-01-14,1.0927996685498913,-0.0013282158524823284,0.0,0.0
2013-01-15,1.0927234226675044,-6.977114340456225e-05,0.0,0.0
2013-01-16,1.0926487698441774,-6.83181322724824e-05,0.0,0.0
2013-01-17,1.095252428592216,0.0023828871819533415,0.0,0.0
2013-01-18,1.097025180032509,0.0016185779588469007,0.0,0.0
2013-01-22,1.1000137393543037,0.002724239494398928,0.0,0.0
2013-01-23,1.101584992445395,0.001428394059890259,0.0,0.0
2013-01-24,1.1009698687605391,-0.0005583987518661404,0.0,0.0
2013-01-25,1.101633683643016,0.0006029364665758319,0.0,0.0
2013-01-28,1.1005110758686372,-0.0010190390790035808,0.0,0.0
2013-01-29,1.1014999570853847,0.000898565437850829,0.0,0.0
2013-01-30,1.097496416883763,-0.003634625835315708,0.0,0.0
2013-01-31,1.0965192511291306,-0.0008903589475098839,0.0,0.0
2013-02-01,1.1008482461819218,0.003947942590459164,0.026405123482892656,2.906880144165133e-05
2013-02-04,1.0965153840991837,-0.003935930404363908,0.0,0.0
2013-02-05,1.1008985519514578,0.003997361018217793,0.0,0.0
2013-02-06,1.1027359320504146,0.001668982210667691,0.0,0.0
2013-02-07,1.1021934187008382,-0.000491970320190549,0.0,0.0
2013-02-08,1.106455984457196,0.0038673482204076848,0.0,0.0
2013-02-11,1.106068310384558,-0.00035037459969822216,0.0,0.0
2013-02-12,1.1064217255721873,0.0003195238343880469,0.0,0.0
2013-02-13,1.1055973626635183,-0.0007450711510954555,0.0,0.0
2013-02-14,1.1076361537774808,0.0018440629317808543,0.0,0.0
2013-02-15,1.1067496257410967,-0.0008003783854118041,0.0,0.0
2013-02-19,1.1107599005502147,0.0036234706710946973,0.0,0.0
2013-02-20,1.1047351514181245,-0.005423988684778558,0.0,0.0
2013-02-21,1.1022680341163522,-0.0022332206036942415,0.0,0.0
2013-02-22,1.1079883608089403,0.00518959682721265,0.0,0.0
2013-02-25,1.1007613784788637,-0.006522615747335259,0.0,0.0
2013-02-26,1.1037787197560296,0.002741140210910764,0.0,0.0
2013-02-27,1.11047146825719,0.006063487528224609,0.0,0.0
2013-02-28,1.1095652201166435,-0.0008160931338188071,0.0,0.0
2013-03-01,1.1115466766655586,0.0017857954746516302,1.0,0.0011126593360015606
2013-03-04,1.115299792742574,0.0033764808584324513,0.0,0.0
2013-03-05,1.1187853038422118,0.0031251786491115485,0.0,0.0
2013-03-06,1.1154837144664067,-0.0029510482167279806,0.0,0.0
2013-03-07,1.1110348412252027,-0.0039882906254100625,0.0,0.0
2013-03-08,1.1100552045512937,-0.0008817335312623076,0.0,0.0
2013-03-11,1.1109060708653116,0.0007665081074610391,0.0,0.0
2013-03-12,1.109931183404362,-0.000877560656582177,0.0,0.0
2013-03-13,1.1099838070406682,4.7411620732074056e-05,0.0,0.0
2013-03-14,1.1137426063650289,0.0033863550986226176,0.0,0.0
2013-03-15,1.1157652436153764,0.0018160724379117088,0.0,0.0
2013-03-18,1.11397896152378,-0.0016009479608886101,0.0,0.0
2013-03-19,1.1121777390301932,-0.001616926850326661,0.0,0.0
2013-03-20,1.1123234327207605,0.0001309985674540215,0.0,0.0
2013-03-21,1.1111944927947948,-0.0010149385446320824,0.0,0.0
2013-03-22,1.1141815108145008,0.0026881144921744315,0.0,0.0
2013-03-25,1.1142623516472039,7.255625041202585e-05,0.0,0.0
2013-03-26,1.1194799107654423,0.0046825230256817285,0.0,0.0
2013-03-27,1.1224715192309616,0.002672319919947208,0.0,0.0
2013-03-28,1.1240876919908795,0.0014398340913142071,0.0,0.0
2013-04-01,1.1249681249413697,0.0007832422299107744,0.01607604652187613,1.8085330652802543e-05
2013-04-02,1.126670159349687,0.0015129623414051885,0.0,0.0
2013-04-03,1.1269443598306883,0.00024337245353112102,0.0,0.0
2013-04-04,1.139104461391192,0.010790330023330297,0.0,0.0
2013-04-05,1.143949509349991,0.0042533833577313995,0.0,0.0
2013-04-08,1.149079689580729,0.004484621208197481,0.0,0.0
2013-04-09,1.149724207671042,0.0005608993842265431,0.0,0.0
2013-04-10,1.1517944629354377,0.001800653800783536,0.0,0.0
2013-04-11,1.1555906817531818,0.003295916884397121,0.0,0.0
2013-04-12,1.1598494323358266,0.0036853452090697125,0.0,0.0
2013-04-15,1.1478723853217456,-0.010326380890630205,0.0,0.0
2013-04-16,1.1563774922930912,0.0074094534201740725,0.0,0.0
2013-04-17,1.1509763241144686,-0.004670765571467617,0.0,0.0
2013-04-18,1.1506199049359758,-0.0003096668202684505,0.0,0.0
2013-04-19,1.160373948150539,0.008477207088735339,0.0,0.0
2013-04-22,1.159767331270395,-0.0005227770591633707,0.0,0.0
2013-04-23,1.1637811193755727,0.0034608563260536407,0.0,0.0
2013-04-24,1.1652892556561736,0.0012958934076967576,0.0,0.0
2013-04-25,1.1629715015189768,-0.0019889946860375263,0.0,0.0
2013-04-26,1.1631367754353046,0.00014211347063275426,0.0,0.0
2013-04-29,1.1681928001514863,0.00434688750537493,0.0,0.0
2013-04-30,1.1741209763270501,0.005074655634579317,0.0,0.0
2013-05-01,1.171896284620987,-0.0018947721324445999,0.0134083956553918,1.571345974356748e-05
2013-05-02,1.175740760455371,0.0032805597942715536,0.0,0.0
2013-05-03,1.1725857248632252,-0.0026834449380862546,0.0,0.0
2013-05-06,1.1755499375621437,0.002527928351903075,0.0,0.0
2013-05-07,1.1784140631004294,0.002436413330279663,0.0,0.0
2013-05-08,1.1792550618109996,0.0007136699543091041,0.0,0.0
2013-05-09,1.1740859823418024,-0.004383343041376442,0.0,0.0
2013-05-10,1.1732652091433553,-0.0006990741826334856,0.0,0.0
2013-05-13,1.1746043508551005,0.0011413802278539276,0.0,0.0
2013-05-14,1.1752679482561241,0.0005649539783676438,0.0,0.0
2013-05-15,1.1832435310758438,0.0067861825310167045,0.0,0.0
2013-05-16,1.182740553947109,-0.00042508335395463615,0.0,0.0
2013-05-17,1.1836228352573797,0.0007459635228759254,0.0,0.0
2013-05-20,1.1843639799572925,0.0006261662734410312,0.0,0.0
2013-05-21,1.1899726226535958,0.004735573515588953,0.0,0.0
2013-05-22,1.1705134532610997,-0.016352619398169788,0.0,0.0
2013-05-23,1.1598686695302436,-0.009094114810213605,0.0,0.0
2013-05-24,1.1579941013433226,-0.0016161900361358894,0.0,0.0
2013-05-28,1.1474634600491023,-0.009093864365979365,0.0,0.0
2013-05-29,1.1349058694898995,-0.010943782522421563,0.0,0.0
2013-05-30,1.130289115954895,-0.004067961633751782,0.0,0.0
2013-05-31,1.1199305505584207,-0.009164527243742393,0.0,0.0
2013-06-03,1.1215788457656424,0.0014717834122837115,0.004110218306692785,4.609952852177573e-06
2013-06-04,1.1115781497676251,-0.008916623236764343,0.0,0.0
2013-06-05,1.106194894417674,-0.00484289417804451,0.0,0.0
2013-06-06,1.1174118115414637,0.010140091208515667,0.0,0.0
2013-06-07,1.1152886834717513,-0.0019000408334539642,0.0,0.0
2013-06-10,1.108760176234302,-0.005853647879871637,0.0,0.0
2013-06-11,1.0995137997727318,-0.0083393836284541,0.0,0.0
2013-06-12,1.090193549339861,-0.00847670164285097,0.0,0.0
2013-06-13,1.110072953628372,0.01823474767443689,0.0,0.0
2013-06-14,1.1117386191672904,0.0015005009657014234,0.0,0.0
2013-06-17,1.112500621481142,0.0006854149893813499,0.0,0.0
2013-06-18,1.1142360606119772,0.0015599444147049724,0.0,0.0
2013-06-19,1.089243379303189,-0.022430328897326546,0.0,0.0
2013-06-20,1.0592284734822286,-0.02755573858999405,0.0,0.0
2013-06-21,1.0617895798225652,0.0024178979365205855,0.0,0.0
2013-06-24,1.0559176626926345,-0.005530207907024187,0.0,0.0
2013-06-25,1.066437829389955,0.009963055898216222,0.0,0.0
2013-06-26,1.0785390992456017,0.011347374898140083,0.0,0.0
2013-06-27,1.0942377293338823,0.014555457562235086,0.0,0.0
2013-06-28,1.090482203706937,-0.0034320929778499654,0.0,0.0
2013-07-01,1.0896053739510092,-0.0008040752549167696,1.0,0.0010906960700210301
2013-07-02,1.0908254661192767,0.0011197560120719263,0.0,0.0
2013-07-03,1.0894791026702877,-0.0012342611084968924,0.0,0.0
2013-07-05,1.0884469711743818,-0.0009473623618627691,0.0,0.0
2013-07-08,1.095999712210956,0.006939006893854627,0.0,0.0
2013-07-09,1.1004634455603515,0.0040727504758106825,0.0,0.0
2013-07-10,1.0990833278285173,-0.0012541241032604233,0.0,0.0
2013-07-11,1.113059141280604,0.012715881588067468,0.0,0.0
2013-07-12,1.1117609519092861,-0.0011663256004744715,0.0,0.0
2013-07-15,1.1174230025690184,0.005092866996280643,0.0,0.0
2013-07-16,1.1144810401958178,-0.002632809926443991,0.0,0.0
2013-07-17,1.1179953069289337,0.0031532763738164604,0.0,0.0
2013-07-18,1.1196620008398612,0.0014907879313965644,0.0,0.0
2013-07-19,1.1236971632740231,0.003603911208146071,0.0,0.0
2013-07-22,1.1260583708203662,0.0021012846018613196,0.0,0.0
2013-07-23,1.1239797152116768,-0.0018459572456932527,0.0,0.0
2013-07-24,1.1191997480127482,-0.004252716605324447,0.0,0.0
2013-07-25,1.1199129870378983,0.0006372758986199489,0.0,0.0
2013-07-26,1.1210958752763314,0.0010562322717246886,0.0,0.0
2013-07-29,1.1184293990952112,-0.0023784550812506744,0.0,0.0
2013-07-30,1.1185731205415685,0.0001285029224675771,0.0,0.0
2013-07-31,1.1190261816017872,0.0004050348179289731,0.0,0.0
2013-08-01,1.1212009497694713,0.001943447082329186,0.027802567509189448,3.1173131790434476e-05
2013-08-02,1.1249244117512607,0.0033209586404248093,0.0,0.0
2013-08-05,1.1219754394466768,-0.0026214848515848654,0.0,0.0
2013-08-06,1.1191350448658017,-0.002531601388953586,0.0,0.0
2013-08-07,1.118565857303643,-0.0005085959596833334,0.0,0.0
2013-08-08,1.12179051242193,0.002882847797679222,0.0,0.0
2013-08-09,1.1201806180445235,-0.001435111421945301,0.0,0.0
2013-08-12,1.1192262202889944,-0.0008520034538672672,0.0,0.0
2013-08-13,1.116860337870067,-0.002113855426221667,0.0,0.0
2013-08-14,1.1130626570462685,-0.0034003184597287683,0.0,0.0
2013-08-15,1.1013508492569937,-0.010522146004210087,0.0,0.0
2013-08-16,1.0967729477341892,-0.004156624136525511,0.0,0.0
2013-08-19,1.0902722492593213,-0.005927114165514058,0.0,0.0
2013-08-20,1.0962981252863884,0.005526946165199442,0.0,0.0
2013-08-21,1.089631977446499,-0.0060805976824487296,0.0,0.0
2013-08-22,1.097082629857081,0.00683776960000948,0.0,0.0
2013-08-23,1.1026341044294004,0.005060215540047874,0.0,0.0
2013-08-26,1.101735894539542,-0.0008146037622546176,0.0,0.0
2013-08-27,1.0953405963099785,-0.005804747091621487,0.0,0.0
2013-08-28,1.097344750996101,0.0018297091268908439,0.0,0.0
2013-08-29,1.0987433393709303,0.0012745204946391642,0.0,0.0
2013-08-30,1.0970350667402722,-0.0015547512958177245,0.0,0.0
2013-09-03,1.0972444657114004,0.00019087719023458405,0.015724085686350267,1.7253437292245626e-05
2013-09-04,1.0997790771890872,0.0023099788213953865,0.0,0.0
2013-09-05,1.0959826668896293,-0.0034519753814202803,0.0,0.0
2013-09-06,1.0970318911418955,0.0009573365382171684,0.0,0.0
2013-09-09,1.1037558505350993,0.006129228737557391,0.0,0.0
2013-09-10,1.1054991776470071,0.0015794499400050288,0.0,0.0
2013-09-11,1.1098093889287624,0.00389888239530789,0.0,0.0
2013-09-12,1.1079170950270458,-0.0017050620769599734,0.0,0.0
2013-09-13,1.1095266169159754,0.0014527457840971536,0.0,0.0
2013-09-16,1.1134328858581646,0.0035206626705783783,0.0,0.0
2013-09-17,1.1174361388467153,0.003595414720901857,0.0,0.0
2013-09-18,1.1320602268421163,0.013087180096478912,0.0,0.0
2013-09-19,1.1275728087040373,-0.003963939401525174,0.0,0.0
2013-09-20,1.1240307370734897,-0.003141324092959197,0.0,0.0
2013-09-23,1.1246559552163098,0.0005562286885925083,0.0,0.0
2013-09-24,1.124732201940409,6.77955989523138e-05,0.0,0.0
2013-09-25,1.1247999032484945,6.019326909001421e-05,0.0,0.0
2013-09-26,1.1256109063248974,0.0007210198667875201,0.0,0.0
2013-09-27,1.122555039904439,-0.0027148514671341273,0.0,0.0
2013-09-30,1.1183149382231061,-0.0037771882273975876,0.0,0.0
2013-10-01,1.1222027423632706,0.003476484134551372,0.01209849220592224,1.3577125394692768e-05
2013-10-02,1.123360174220426,0.0010313928254337412,0.0,0.0
2013-10-03,1.118489320132032,-0.004335968285304581,0.0,0.0
2013-10-04,1.1221510685760872,0.003273834070782966,0.0,0.0
2013-10-07,1.1183064476598557,-0.003426117056690048,0.0,0.0
2013-10-08,1.1117457150523922,-0.005866667961355598,0.0,0.0
2013-10-09,1.1109523110811357,-0.0007136559741263149,0.0,0.0
2013-10-10,1.1235753377268214,0.01136234788818391,0.0,0.0
2013-10-11,1.1279318857111345,0.003877397303083452,0.0,0.0
2013-10-14,1.1284473514972657,0.0004570008106530299,0.0,0.0
2013-10-15,1.124438306822317,-0.003552708657279746,0.0,0.0
2013-10-16,1.1364602295890815,0.010691491648606943,0.0,0.0
2013-10-17,1.1444403962014187,0.007021949738815314,0.0,0.0
2013-10-18,1.1490614214768173,0.004037803358511782,0.0,0.0
2013-10-21,1.1476058714168569,-0.001266729552272139,0.0,0.0
2013-10-22,1.1544270416331468,0.005943826522835982,0.0,0.0
2013-10-23,1.1514948056732308,-0.002539992441417338,0.0,0.0
2013-10-24,1.1528210774871397,0.0011517827152798255,0.0,0.0
2013-10-25,1.15542204954632,0.002256180173986655,0.0,0.0
2013-10-28,1.1568961029100349,0.0012757704981427587,0.0,0.0
2013-10-29,1.1608044104346753,0.0033782701098306056,0.0,0.0
2013-10-30,1.1567468930211247,-0.0034954359038240623,0.0,0.0
2013-10-31,1.1542959355380145,-0.0021188364523797576,0.0,0.0
2013-11-01,1.1541302862027794,-0.00014350681669683674,0.01177081163331272,1.3585210108143221e-05
2013-11-04,1.1563118605274345,0.0018902322820353312,0.0,0.0
2013-11-05,1.1520085110369012,-0.0037216166653954996,0.0,0.0
2013-11-06,1.1556112032772048,0.0031273139093919156,0.0,0.0
2013-11-07,1.1494350008215042,-0.005344533211676605,0.0,0.0
2013-11-08,1.1515191383561025,0.0018131843323969665,0.0,0.0
2013-11-11,1.150659748707762,-0.0007463094791175795,0.0,0.0
2013-11-12,1.1498842370957358,-0.0006739712698712319,0.0,0.0
2013-11-13,1.155844554432108,0.00518340641961168,0.0,0.0
2013-11-14,1.1618840977304,0.005225221051682993,0.0,0.0
2013-11-15,1.1644381701837363,0.002198216206182213,0.0,0.0
2013-11-18,1.164945374304553,0.0004355784049372424,0.0,0.0
2013-11-19,1.1616521245216607,-0.0028269564011603743,0.0,0.0
2013-11-20,1.157349013060248,-0.0037043030099778163,0.0,0.0
2013-11-21,1.163173632525391,0.005032725132535054,0.0,0.0
2013-11-22,1.168136271717294,0.004266464655950486,0.0,0.0
2013-11-25,1.1685550603090873,0.0003585100488125992,0.0,0.0
2013-11-26,1.1698780109533637,0.0011321252110503277,0.0,0.0
2013-11-27,1.1714195328829435,0.0013176774972663008,0.0,0.0
2013-11-29,1.1705728128313715,-0.0007228153772442791,0.0,0.0
2013-12-02,1.166277642445678,-0.0036692893757752643,0.01383172940133206,1.6131859888652814e-05
2013-12-03,1.165244765236942,-0.0008856186307147906,0.0,0.0
2013-12-04,1.1632831465589768,-0.0016834391678783867,0.0,0.0
2013-12-05,1.1594497418287664,-0.0032953324747717616,0.0,0.0
2013-12-06,1.1671408265422403,0.006633392061774934,0.0,0.0
2013-12-09,1.169497848613638,0.002019483868438199,0.0,0.0
2013-12-10,1.1697562861669606,0.00022098164064932035,0.0,0.0
2013-12-11,1.1615588115947628,-0.007007848275010442,0.0,0.0
2013-12-12,1.1586788147793288,-0.0024794240176956306,0.0,0.0
2013-12-13,1.1602034450575196,0.0013158351207804841,0.0,0.0
2013-12-16,1.1642507993903748,0.0034884867391982155,0.0,0.0
2013-12-17,1.1641522946162044,-8.460786475039672e-05,0.0,0.0
2013-12-18,1.1740042105418547,0.008462738055159846,0.0,0.0
2013-12-19,1.1724543785397499,-0.0013201247390667303,0.0,0.0
2013-12-20,1.1785816933205355,0.005226058167326686,0.0,0.0
2013-12-23,1.1808092750305828,0.0018900528683516438,0.0,0.0
2013-12-24,1.1819542494819757,0.0009696523186297767,0.0,0.0
2013-12-26,1.1845529731431033,0.002198666879252409,0.0,0.0
2013-12-27,1.1840063617383674,-0.000461449523262325,0.0,0.0
2013-12-30,1.1856573404923092,0.0013944002391319543,0.0,0.0
2013-12-31,1.1869911520566057,0.0011249553464938167,0.0,0.0
2014-01-02,1.1823682381176492,-0.003894649029983599,0.004871025420276797,5.759373798054904e-06
2014-01-03,1.1831500358051332,0.0006612133701500156,0.0,0.0
2014-01-06,1.182728757243059,-0.00035606520671538355,0.0,0.0
2014-01-07,1.1858832238815213,0.002667109106077259,0.0,0.0
2014-01-08,1.1834810537020555,-0.002025638048578915,0.0,0.0
2014-01-09,1.1852125609504078,0.0014630629218237434,0.0,0.0
2014-01-10,1.1900317798619222,0.004066122036075814,0.0,0.0
2014-01-13,1.1832503947274868,-0.005698490787550359,0.0,0.0
2014-01-14,1.1878925977554902,0.003923263451834691,0.0,0.0
2014-01-15,1.191247688311152,0.002824405642396721,0.0,0.0
2014-01-16,1.191866829285752,0.0005197415958704266,0.0,0.0
2014-01-17,1.190017990351742,-0.0015512126762666778,0.0,0.0
2014-01-21,1.1909365759497148,0.0007719090008893037,0.0,0.0
2014-01-22,1.1898771300728086,-0.0008895905107804136,0.0,0.0
2014-01-23,1.1872704787576276,-0.0021906894832254276,0.0,0.0
2014-01-24,1.174252403680729,-0.010964708808830936,0.0,0.0
2014-01-27,1.1702715313953043,-0.0033901333929114985,0.0,0.0
2014-01-28,1.1765913802820935,0.005400326947417211,0.0,0.0
2014-01-29,1.1722205865953412,-0.0037147932238840164,0.0,0.0
2014-01-30,1.1786068698158951,0.00544802172354153,0.0,0.0
2014-01-31,1.1770220831311684,-0.0013446270553083561,0.0,0.0
2014-02-03,1.1678964709041257,-0.007753135950318235,0.03607122284448383,4.212897350486077e-05
2014-02-04,1.169185668901382,0.0011038632527575754,0.0,0.0
2014-02-05,1.1665970218087331,-0.0022140598892913532,0.0,0.0
2014-02-06,1.1737916999896147,0.006167235168941909,0.0,0.0
2014-02-07,1.182968273554995,0.00781788929454974,0.0,0.0
2014-02-10,1.1843249860366083,0.0011468714013236347,0.0,0.0
2014-02-11,1.189729199442219,0.004563116939461098,0.0,0.0
2014-02-12,1.1882804250957717,-0.0012177345459172262,0.0,0.0
2014-02-13,1.1938331707072734,0.004672925257566352,0.0,0.0
2014-02-14,1.1983202260017563,0.0037585279120906367,0.0,0.0
2014-02-18,1.2002580036961752,0.001617078350487633,0.0,0.0
2014-02-19,1.1955172316974847,-0.003949794114341598,0.0,0.0
2014-02-20,1.198388021376492,0.0024012951071654687,0.0,0.0
2014-02-21,1.198284178491183,-8.665213892034007e-05,0.0,0.0
2014-02-24,1.2020041707392206,0.003104432416625613,0.0,0.0
2014-02-25,1.2040204671210692,0.0016774454123638094,0.0,0.0
2014-02-26,1.2059551245114435,0.0016068309826993143,0.0,0.0
2014-02-27,1.2102074584437117,0.0035261129090444765,0.0,0.0
2014-02-28,1.2114328138591586,0.001012516826679244,0.0,0.0
2014-03-03,1.208544423565131,-0.0023842760910744998,0.0263175739855966,3.1806794359719814e-05
2014-03-04,1.2137917750094291,0.004341877172225672,0.0,0.0
2014-03-05,1.2140374715971336,0.00020242070572806803,0.0,0.0
2014-03-06,1.213639511953525,-0.0003277984847411819,0.0,0.0
2014-03-07,1.2117365378480058,-0.0015679895774455277,0.0,0.0
2014-03-10,1.2104821408823936,-0.0010352060257586837,0.0,0.0
2014-03-11,1.2076506728596361,-0.00233912416146298,0.0,0.0
2014-03-12,1.2099263473632451,0.0018843814314450924,0.0,0.0
2014-03-13,1.2051785668993293,-0.003924024362526257,0.0,0.0
2014-03-14,1.2028104166718891,-0.0019649787114394135,0.0,0.0
2014-03-17,1.2074926444976537,0.0038927396710779494,0.0,0.0
2014-03-18,1.2136923723001383,0.005134381423137935,0.0,0.0
2014-03-19,1.2060977374468496,-0.006257462785974055,0.0,0.0
2014-03-20,1.2104827641489915,0.0036357142261327358,0.0,0.0
2014-03-21,1.2101649718282754,-0.00026253353631144893,0.0,0.0
2014-03-24,1.208771521703021,-0.0011514546840247775,0.0,0.0
2014-03-25,1.2118649835195756,0.0025591782739853297,0.0,0.0
2014-03-26,1.2097870064192062,-0.0017146935744726255,0.0,0.0
2014-03-27,1.2086618778596656,-0.0009300220233566803,0.0,0.0
2014-03-28,1.2111844514715362,0.00208707965236532,0.0,0.0
2014-03-31,1.2161201295797117,0.004075083776198474,0.0,0.0
2014-04-01,1.2186733520378334,0.002099482112021489,0.013659431562319982,1.6646612632250176e-05
2014-04-02,1.2198743830490941,0.0009855233227611393,0.0,0.0
2014-04-03,1.2202177518600452,0.0002814788274287938,0.0,0.0
2014-04-04,1.215409397383505,-0.003940570827797418,0.0,0.0
2014-04-07,1.2102087943225888,-0.004278889954374088,0.0,0.0
2014-04-08,1.2142923465573174,0.0033742543054435803,0.0,0.0
2014-04-09,1.2212573361164805,0.005735842426174864,0.0,0.0
2014-04-10,1.2093754740334166,-0.009729204264882774,0.0,0.0
2014-04-11,1.2044535066703341,-0.004069842219196929,0.0,0.0
2014-04-14,1.2095008510839977,0.004190568075655099,0.0,0.0
2014-04-15,1.2148895714762906,0.004455325837483537,0.0,0.0
2014-04-16,1.2213982761088316,0.0053574454710576536,0.0,0.0
2014-04-17,1.2186775407138484,-0.0022275579130920375,0.0,0.0
2014-04-21,1.2216201821207444,0.0024146185587143876,0.0,0.0
2014-04-22,1.2246853349741615,0.002509088256954062,0.0,0.0
2014-04-23,1.2246233994694333,-5.0572586246855344e-05,0.0,0.0
2014-04-24,1.2259578942856035,0.0010897185344884708,0.0,0.0
2014-04-25,1.2208688416679794,-0.004151082709565435,0.0,0.0
2014-04-28,1.2220447939183687,0.0009632093229463567,0.0,0.0
2014-04-29,1.2249658898027518,0.002390334543316497,0.0,0.0
2014-04-30,1.2285074894086359,0.0028911822242285723,0.0,0.0
2014-05-01,1.2311554859531995,0.0021554582022436097,0.00972761243604595,1.1976319916863239e-05
2014-05-02,1.2315740865058742,0.0003400062440941376,0.0,0.0
2014-05-05,1.2311898206688292,-0.00031201195385266445,0.0,0.0
2014-05-06,1.226869447868646,-0.003509103736608399,0.0,0.0
2014-05-07,1.2305692206393457,0.003015620592009327,0.0,0.0
2014-05-08,1.2300715716721182,-0.000404405505095351,0.0,0.0
2014-05-09,1.2303104654971957,0.00019421132117769524,0.0,0.0
2014-05-12,1.2347306581024657,0.003592745676176845,0.0,0.0
2014-05-13,1.2375760283105173,0.0023044460663383948,0.0,0.0
2014-05-14,1.2377044666215784,0.00010378215812445468,0.0,0.0
2014-05-15,1.2333708739099578,-0.0035013145936602097,0.0,0.0
2014-05-16,1.2347675298553544,0.0011323892715002781,0.0,0.0
2014-05-19,1.236450229221206,0.001362766128170545,0.0,0.0
2014-05-20,1.2325606423034743,-0.0031457690943060834,0.0,0.0
2014-05-21,1.2365805221976633,0.0032614053671846666,0.0,0.0
2014-05-22,1.2378755755469335,0.0010472859033623383,0.0,0.0
2014-05-23,1.2410365758223485,0.002553568660580652,0.0,0.0
2014-05-27,1.2470461682531617,0.004842397515021801,0.0,0.0
2014-05-28,1.2495545832975294,0.002011485306820271,0.0,0.0
2014-05-29,1.250969328425549,0.0011321995428852372,0.0,0.0
2014-05-30,1.2520862010494054,0.0008928057614825402,0.0,0.0
2014-06-02,1.2493394564005127,-0.0021937344622043886,0.009348196309309876,1.1679179674662577e-05
2014-06-03,1.2461716025575584,-0.0025356229859907486,0.0,0.0
2014-06-04,1.2471180919490743,0.0007595177017141186,0.0,0.0
2014-06-05,1.2525152673394764,0.004327717980553869,0.0,0.0
2014-06-06,1.2568437560479602,0.0034558370834698593,0.0,0.0
2014-06-09,1.2562271345215819,-0.0004906111228314414,0.0,0.0
2014-06-10,1.2551333147187278,-0.0008707181788989438,0.0,0.0
2014-06-11,1.2534051980462526,-0.001376839139085706,0.0,0.0
2014-06-12,1.2509376689644043,-0.0019686603228505906,0.0,0.0
2014-06-13,1.2527433464112336,0.0014434591679728381,0.0,0.0
2014-06-16,1.2532086611588926,0.0003714366146840842,0.0,0.0
2014-06-17,1.2528501955056472,-0.00028603828265427733,0.0,0.0
2014-06-18,1.261063168586021,0.006555431056191718,0.0,0.0
2014-06-19,1.2595631240027159,-0.0011895078856256625,0.0,0.0
2014-06-20,1.26206643435447,0.001987443347657658,0.0,0.0
2014-06-23,1.2618185753690339,-0.00019639139326532717,0.0,0.0
2014-06-24,1.260612902380208,-0.0009555042320352758,0.0,0.0
2014-06-25,1.2641082178756717,0.0027727111858557585,0.0,0.0
2014-06-26,1.26481148280276,0.0005563328496274167,0.0,0.0
2014-06-27,1.265942446983334,0.000894176085489029,0.0,0.0
2014-06-30,1.2650375989243634,-0.000714762397869495,0.0,0.0
2014-07-01,1.2668550083915613,0.0014366446252216392,0.012102690323866683,1.5332539416779468e-05
2014-07-02,1.2652524571890864,-0.0012649839104393878,0.0,0.0
2014-07-03,1.267729418340152,0.0019576813599464504,0.0,0.0
2014-07-07,1.2666340098352504,-0.0008640712198157985,0.0,0.0
2014-07-08,1.264903410763178,-0.0013662976508087565,0.0,0.0
2014-07-09,1.2687483471883847,0.003039707532203506,0.0,0.0
2014-07-10,1.2657596519336871,-0.0023556249443167365,0.0,0.0
2014-07-11,1.268605934060997,0.0022486750331800476,0.0,0.0
2014-07-14,1.270452266638562,0.0014554027598268071,0.0,0.0
2014-07-15,1.2685677089475782,-0.0014833754407554967,0.0,0.0
2014-07-16,1.272411542372506,0.003030057755542881,0.0,0.0
2014-07-17,1.2675836684457809,-0.003794270773214814,0.0,0.0
2014-07-18,1.2731582894662286,0.004397832789438505,0.0,0.0
2014-07-21,1.27196852564525,-0.0009344979574200662,0.0,0.0
2014-07-22,1.27521445305682,0.002551892870087613,0.0,0.0
2014-07-23,1.2773779982817142,0.0016966128479081188,0.0,0.0
2014-07-24,1.274897284630235,-0.0019420356815413875,0.0,0.0
2014-07-25,1.274366698707894,-0.0004161793492993837,0.0,0.0
2014-07-28,1.2738753627773325,-0.0003855530210101765,0.0,0.0
2014-07-29,1.2717311111960865,-0.0016832506883334153,0.0,0.0
2014-07-30,1.2688865728166172,-0.0022367451377311998,0.0,0.0
2014-07-31,1.2546162059626491,-0.011246369186720395,0.0,0.0
2014-08-01,1.2559666158011484,0.0010763529373216674,0.014535911440605023,1.8256884880103988e-05
2014-08-04,1.2606598351297582,0.003736738914525972,0.0,0.0
2014-08-05,1.255160839476731,-0.004361997978987842,0.0,0.0
2014-08-06,1.254247379198038,-0.0007277635263651661,0.0,0.0
2014-08-07,1.252492513710535,-0.0013991382534321861,0.0,0.0
2014-08-08,1.2595431681567422,0.005629298673665906,0.0,0.0
2014-08-11,1.2616344070746814,0.0016603153991139319,0.0,0.0
2014-08-12,1.2604371000366679,-0.0009490126706275248,0.0,0.0
2014-08-13,1.2659784738884752,0.004396390626431268,0.0,0.0
2014-08-14,1.2696671111281292,0.002913665054923298,0.0,0.0
2014-08-15,1.2717564115515723,0.0016455497705902822,0.0,0.0
2014-08-18,1.275679239595597,0.0030845750085417567,0.0,0.0
2014-08-19,1.2786168055658922,0.002302746551889001,0.0,0.0
2014-08-20,1.2789188460467802,0.00023622439465298406,0.0,0.0
2014-08-21,1.2829777259097577,0.003173680547068125,0.0,0.0
2014-08-22,1.2827591193202723,-0.000170390011510424,0.0,0.0
2014-08-25,1.2870582582242986,0.003351477950360948,0.0,0.0
2014-08-26,1.287905165031595,0.0006580174610468781,0.0,0.0
2014-08-27,1.2887011678552038,0.0006180601221437154,0.0,0.0
2014-08-28,1.2897164098588032,0.0007878025014045331,0.0,0.0
2014-08-29,1.292051707656439,0.0018107064311072563,0.0,0.0
2014-09-02,1.2886735450071811,-0.002614572334249221,0.015664322181568505,2.01865138039126e-05
2014-09-03,1.289181875189155,0.0003944600119583086,0.0,0.0
2014-09-04,1.2836737879156916,-0.004272544766156683,0.0,0.0
2014-09-05,1.2866719672654203,0.0023356240331096068,0.0,0.0
2014-09-08,1.2839249790113212,-0.002134956169082769,0.0,0.0
2014-09-09,1.2781233249519426,-0.0045186861804388245,0.0,0.0
2014-09-10,1.2795088824773844,0.0010840562083427319,0.0,0.0
2014-09-11,1.2797631359779733,0.00019871179018049467,0.0,0.0
2014-09-12,1.2729360351956025,-0.005334659665090058,0.0,0.0
2014-09-15,1.2726157760498253,-0.0002515909180997866,0.0,0.0
2014-09-16,1.2773262058356911,0.0037013762319424437,0.0,0.0
2014-09-17,1.2764702316578078,-0.0006701296614541885,0.0,0.0
2014-09-18,1.2810377321078392,0.0035782271585758085,0.0,0.0
2014-09-19,1.2829302513434357,0.0014773329373229949,0.0,0.0
2014-09-22,1.278520862297741,-0.0034369670845919575,0.0,0.0
2014-09-23,1.275865457530131,-0.0020769350316567348,0.0,0.0
2014-09-24,1.2793594182763417,0.002738502500862827,0.0,0.0
2014-09-25,1.2708532270234572,-0.006648789332668326,0.0,0.0
2014-09-26,1.2744872270501424,0.0028594962419041803,0.0,0.0
2014-09-29,1.273056355268024,-0.0011227039014193307,0.0,0.0
2014-09-30,1.2722937824662743,-0.0005990094614383157,0.0,0.0
2014-10-01,1.2675254759141867,-0.0037478030764596104,0.010446650721116573,1.3241534256675494e-05
2014-10-02,1.2675696876003029,3.4880313615870406e-05,0.0,0.0
2014-10-03,1.2763652753688037,0.006938938233173042,0.0,0.0
2014-10-06,1.2759357176415675,-0.0003365476447265703,0.0,0.0
2014-10-07,1.2683527331912816,-0.005943077182839818,0.0,0.0
2014-10-08,1.282634670848854,0.011260225396162449,0.0,0.0
2014-10-09,1.2672449539581683,-0.011998519329358803,0.0,0.0
2014-10-10,1.2606052054490733,-0.00523951465607031,0.0,0.0
2014-10-13,1.2520550928412217,-0.006782545852494493,0.0,0.0
2014-10-14,1.2544436732321618,0.0019077278664469954,0.0,0.0
2014-10-15,1.250783477377643,-0.0029177841401902826,0.0,0.0
2014-10-16,1.2488186694264956,-0.0015708617731877705,0.0,0.0
2014-10-17,1.2557253347891764,0.005530559024916393,0.0,0.0
2014-10-20,1.2628682919852525,0.0056883117654669135,0.0,0.0
2014-10-21,1.2747884447358864,0.009438951651795202,0.0,0.0
2014-10-22,1.2692196818923038,-0.004368381959044432,0.0,0.0
2014-10-23,1.275294937588264,0.004786606907089874,0.0,0.0
2014-10-24,1.2804538921562743,0.00404530310279938,0.0,0.0
2014-10-27,1.2803744732904918,-6.202399498256295e-05,0.0,0.0
2014-10-28,1.2855739986105401,0.004060941098494197,0.0,0.0
2014-10-29,1.2834198459513688,-0.001675634900440981,0.0,0.0
2014-10-30,1.2879891876574618,0.003560285997218582,0.0,0.0
2014-10-31,1.29531755100791,0.0056897708619563225,0.0,0.0
2014-11-03,1.2931021370384954,-0.0017103249837777668,1.0155944139654194,0.0013146024099271497
2014-11-04,1.2960382625254576,0.002270606012365395,0.0,0.0
2014-11-05,1.2939166226462415,-0.0016370194774047997,0.0,0.0
2014-11-06,1.2877720689610723,-0.004748801876123032,0.0,0.0
2014-11-07,1.2992471453652636,0.00891079771084713,0.0,0.0
2014-11-10,1.2900018363444863,-0.007115897120696157,0.0,0.0
2014-11-11,1.290382230318933,0.00029487863019217464,0.0,0.0
2014-11-12,1.2897842391580336,-0.0004634217264070095,0.0,0.0
2014-11-13,1.2905980799574381,0.0006309898777610012,0.0,0.0
2014-11-14,1.2945670602153496,0.00307530308587034,0.0,0.0
2014-11-17,1.2914122005661706,-0.0024369997863642467,0.0,0.0
2014-11-18,1.2937503357343183,0.0018105258469161,0.0,0.0
2014-11-19,1.2861904527459744,-0.0058433863006907005,0.0,0.0
2014-11-20,1.2920097034290317,0.004524408240345279,0.0,0.0
2014-11-21,1.298699205227396,0.005177594085098658,0.0,0.0
2014-11-24,1.3002766588457901,0.0012146412441347287,0.0,0.0
2014-11-25,1.3084883577589455,0.006315347474163291,0.0,0.0
2014-11-26,1.3125138484175627,0.0030764436188883693,0.0,0.0
2014-11-28,1.3194734796425136,0.005302520223570806,0.0,0.0
2014-12-01,1.3133134780632918,-0.004668530041915475,0.00790478618451732,1.0381544301223496e-05
2014-12-02,1.3025341706432676,-0.008207718568395528,0.0,0.0
2014-12-03,1.3057345889576428,0.0024570705218387445,0.0,0.0
2014-12-04,1.3122384600663626,0.00498100545372826,0.0,0.0
2014-12-05,1.3057051117207634,-0.004978781330086002,0.0,0.0
2014-12-08,1.3167857844124722,0.008486351621236787,0.0,0.0
2014-12-09,1.3207407702619895,0.003003514995631562,0.0,0.0
2014-12-10,1.3253846175036057,0.003516092897393408,0.0,0.0
2014-12-11,1.327480581609339,0.0015814006576302386,0.0,0.0
2014-12-12,1.337660310362779,0.007668457749565816,0.0,0.0
2014-12-15,1.3377950393533404,0.00010071988345439209,0.0,0.0
2014-12-16,1.346006676220437,0.0061381875590342805,0.0,0.0
2014-12-17,1.339956575618921,-0.004494851852075987,0.0,0.0
2014-12-18,1.328456485284113,-0.00858243509085066,0.0,0.0
2014-12-19,1.3371517312006913,0.006545375037044332,0.0,0.0
2014-12-22,1.3401618319298914,0.0022511287679349845,0.0,0.0
2014-12-23,1.321642650059623,-0.013818616102206027,0.0,0.0
2014-12-24,1.3273846798455047,0.00434461598649416,0.0,0.0
2014-12-26,1.3303720446975293,0.0022505645103365612,0.0,0.0
2014-12-29,1.336678304242723,0.00474022253423656,0.0,0.0
2014-12-30,1.33907136288141,0.0017903025964371988,0.0,0.0
2014-12-31,1.3408126714074105,0.001300385158154338,0.0,0.0
2015-01-02,1.3506836318279478,0.0073619235789113,0.02104394991730823,2.842431686221623e-05
2015-01-05,1.3640537231822094,0.009898758702041155,0.0,0.0
2015-01-06,1.3791748445224046,0.011085429468950192,0.0,0.0
2015-01-07,1.37869766756542,-0.0003459872828160959,0.0,0.0
2015-01-08,1.3672699669492168,-0.008288764741571475,0.0,0.0
2015-01-09,1.3766054672561272,0.006827839806750502,0.0,0.0
2015-01-12,1.3818801541991932,0.003831662061883012,0.0,0.0
2015-01-13,1.3824997191467685,0.0004483492621936147,0.0,0.0
2015-01-14,1.3889881206434005,0.004693238925673304,0.0,0.0
2015-01-15,1.4036246063697377,0.010537516850437356,0.0,0.0
2015-01-16,1.3906684009762755,-0.00923053452801137,0.0,0.0
2015-01-20,1.401635203611375,0.007885993977716499,0.0,0.0
2015-01-21,1.3930781651660051,-0.0061050396161015374,0.0,0.0
2015-01-22,1.3901944380523927,-0.002070039704677118,0.0,0.0
2015-01-23,1.4040091373846986,0.009937242556990578,0.0,0.0
2015-01-26,1.4016650394138244,-0.0016695745835676457,0.0,0.0
2015-01-27,1.4032860385092352,0.0011564810777393575,0.0,0.0
2015-01-28,1.4196332076144689,0.011649206688181701,0.0,0.0
2015-01-29,1.4132247810063117,-0.0045141425079270325,0.0,0.0
2015-01-30,1.431700523424965,0.013073463377494265,0.0,0.0
2015-02-02,1.428120837250855,-0.0025003037405800788,1.021247228626543,0.0014599554226155183
2015-02-03,1.4285512510672276,0.00030138473240204355,0.0,0.0
2015-02-04,1.426554287247154,-0.001397894418265877,0.0,0.0
2015-02-05,1.4329057911355654,0.004452339420372153,0.0,0.0
2015-02-06,1.4044211013905954,-0.01987896896026653,0.0,0.0
2015-02-09,1.3999198360322174,-0.0032050681621922372,0.0,0.0
2015-02-10,1.400248186345074,0.00023454936804623294,0.0,0.0
2015-02-11,1.3986419788487208,-0.00114708771774652,0.0,0.0
2015-02-12,1.4087868758441662,0.007253390895499923,0.0,0.0
2015-02-13,1.4013003909133754,-0.005314135913073947,0.0,0.0
2015-02-17,1.3963292946376022,-0.0035474879676106186,0.0,0.0
2015-02-18,1.405347752734997,0.006458690032522307,0.0,0.0
2015-02-19,1.3900111269823117,-0.010913046769269852,0.0,0.0
2015-02-20,1.3977511439413866,0.005568312950039678,0.0,0.0
2015-02-23,1.4057433858504693,0.005717929077522443,0.0,0.0
2015-02-24,1.3964069458331978,-0.006641638944381745,0.0,0.0
2015-02-25,1.3972079444036374,0.0005736139975740517,0.0,0.0
2015-02-26,1.3858694090252435,-0.00811513806789399,0.0,0.0
2015-02-27,1.3929206054927235,0.005087922730352634,0.0,0.0
2015-03-02,1.3894038462038707,-0.00252473778834561,1.0,0.0013907946408447155
2015-03-03,1.3861493122191564,-0.0023423959805540795,0.0,0.0
2015-03-04,1.3827710893901188,-0.002437127659522642,0.0,0.0
2015-03-05,1.3844479757384076,0.0012126998902097785,0.0,0.0
2015-03-06,1.3673639440105214,-0.01233995933922638,0.0,0.0
2015-03-09,1.3729511056435713,0.004086082317384054,0.0,0.0
2015-03-10,1.362970551437274,-0.007269417071934847,0.0,0.0
2015-03-11,1.3649166315266168,0.001427822550744473,0.0,0.0
2015-03-12,1.372745181739051,0.00573555192427988,0.0,0.0
2015-03-13,1.3666213575346884,-0.004461005790313388,0.0,0.0
2015-03-16,1.376325546678187,0.007100861617591381,0.0,0.0
2015-03-17,1.3754477516061794,-0.0006377815729179392,0.0,0.0
2015-03-18,1.3921784764262024,0.012163838866642296,0.0,0.0
2015-03-19,1.3854556386035315,-0.004829005717663981,0.0,0.0
2015-03-20,1.3934768310029,0.005789569998396749,0.0,0.0
2015-03-23,1.3937428579664144,0.00019090878125549438,0.0,0.0
2015-03-24,1.390896860238569,-0.002041981927712211,0.0,0.0
2015-03-25,1.378516875683487,-0.008900720757223257,0.0,0.0
2015-03-26,1.372577074030302,-0.00430883492103773,0.0,0.0
2015-03-27,1.3768937272212436,0.0031449259007849673,0.0,0.0
2015-03-30,1.3863665354401173,0.006879839766567253,0.0,0.0
2015-03-31,1.3816453820711154,-0.0034054149810411882,0.0,0.0
2015-04-01,1.3812346551105619,-0.00029727379100552564,0.019594151178083424,2.7064650953506075e-05
2015-04-02,1.3825839464071952,0.0009768733296988685,0.0,0.0
2015-04-06,1.3881585293862913,0.004032003259970107,0.0,0.0
2015-04-07,1.3888081244793948,0.00046795454506964873,0.0,0.0
2015-04-08,1.390931169138845,0.0015286810481800472,0.0,0.0
2015-04-09,1.390502557839275,-0.0003081470234328476,0.0,0.0
2015-04-10,1.3952946993950848,0.0034463378213820395,0.0,0.0
2015-04-13,1.3918784797096513,-0.002448385768909267,0.0,0.0
2015-04-14,1.3948096301982633,0.0021058954005981345,0.0,0.0
2015-04-15,1.3984194872666038,0.0025880643423916716,0.0,0.0
2015-04-16,1.397820941689495,-0.0004280157581891819,0.0,0.0
2015-04-17,1.3915680772107908,-0.0044732943199051745,0.0,0.0
2015-04-20,1.3963020868037936,0.003401924541479584,0.0,0.0
2015-04-21,1.3952930444510567,-0.0007226533300158655,0.0,0.0
2015-04-22,1.3942691171195927,-0.0007338439301594057,0.0,0.0
2015-04-23,1.3978066643481069,0.002537205468498449,0.0,0.0
2015-04-24,1.4007565664923622,0.002110379224462333,0.0,0.0
2015-04-27,1.3972919755280377,-0.0024733712103882644,0.0,0.0
2015-04-28,1.3954563605683985,-0.001313694626311368,0.0,0.0
2015-04-29,1.38686223454881,-0.006158649071682842,0.0,0.0
2015-04-30,1.3803453547754208,-0.004699010190806319,0.0,0.0
2015-05-01,1.3841472915705606,0.0027543373707070717,0.02222579580352279,3.076445882902689e-05
2015-05-04,1.3839075807289614,-0.00017318304421720665,0.0,0.0
2015-05-05,1.3747954978014298,-0.006584314627955057,0.0,0.0
2015-05-06,1.3690036428281207,-0.004212884740000589,0.0,0.0
2015-05-07,1.3744642338879842,0.003988733768876429,0.0,0.0
2015-05-08,1.3874524536717647,0.009449660066483068,0.0,0.0
2015-05-11,1.3771536784101186,-0.007422795090665124,0.0,0.0
2015-05-12,1.37409502441779,-0.002220996857707047,0.0,0.0
2015-05-13,1.373586809862776,-0.000369854010081605,0.0,0.0
2015-05-14,1.383106714550046,0.006930690232982872,0.0,0.0
2015-05-15,1.388632658842985,0.003995313040423332,0.0,0.0
2015-05-18,1.385506059756248,-0.0022515667241630455,0.0,0.0
2015-05-19,1.381610568328583,-0.002811601869392222,0.0,0.0
2015-05-20,1.3819326179003717,0.00023309721217468216,0.0,0.0
2015-05-21,1.3872268827973062,0.0038310586408896175,0.0,0.0
2015-05-22,1.3850864397984135,-0.0015429653400146348,0.0,0.0
2015-05-26,1.3805915886261828,-0.003245177371662744,0.0,0.0
2015-05-27,1.3878578168831672,0.0052631265588218845,0.0,0.0
2015-05-28,1.3856150823690956,-0.001615968499646736,0.0,0.0
2015-05-29,1.3815705733174126,-0.0029189268384461897,0.0,0.0
2015-06-01,1.3791155658640126,-0.0017769685463877583,0.007689409547742769,1.0604665943214551e-05
2015-06-02,1.374903716059173,-0.003054022381511534,0.0,0.0
2015-06-03,1.3723190400278678,-0.001879896025529404,0.0,0.0
2015-06-04,1.3700126266083974,-0.0016806685269218358,0.0,0.0
2015-06-05,1.3653705409791117,-0.0033883524422527733,0.0,0.0
2015-06-08,1.3606958379606449,-0.003423761446555429,0.0,0.0
2015-06-09,1.3575410924992002,-0.0023184795407127368,0.0,0.0
2015-06-10,1.3638657268117447,0.004658889773200947,0.0,0.0
2015-06-11,1.3720793509247597,0.0060223113988029375,0.0,0.0
2015-06-12,1.3656232409593365,-0.004705347370086099,0.0,0.0
2015-06-15,1.3625720907624652,-0.0022342547383185085,0.0,0.0
2015-06-16,1.3679931533070728,0.0039785509929048946,0.0,0.0
2015-06-17,1.3690429379518272,0.0007673902769298468,0.0,0.0
2015-06-18,1.374945770304556,0.004311648808882351,0.0,0.0
2015-06-19,1.3755120806175094,0.00041187829017275135,0.0,0.0
2015-06-22,1.3736400471940975,-0.0013609719971136025,0.0,0.0
2015-06-23,1.3726030969337777,-0.0007548922750454379,0.0,0.0
2015-06-24,1.3694405903859268,-0.002304021136857015,0.0,0.0
2015-06-25,1.3662271317820527,-0.0023465483836494494,0.0,0.0
2015-06-26,1.362980336030738,-0.002376468506433249,0.0,0.0
2015-06-29,1.3544495467307025,-0.006258923239405467,0.0,0.0
2015-06-30,1.3545643927987374,8.479169143815746e-05,0.0,0.0
2015-07-01,1.3577847815719843,0.002377434982321569,0.0010150991240728698,1.3782875415520404e-06
2015-07-02,1.3597601522227296,0.001454848130245212,0.0,0.0
2015-07-06,1.3605448488182454,0.0005770845646808631,0.0,0.0
2015-07-07,1.3676316236658834,0.005208777096759043,0.0,0.0
2015-07-08,1.3571579739754198,-0.007658238892129021,0.0,0.0
2015-07-09,1.3538231291789808,-0.0024572266901770057,0.0,0.0
2015-07-10,1.3578965681379376,0.003008841311070709,0.0,0.0
2015-07-13,1.3639136517045154,0.00443117959626993,0.0,0.0
2015-07-14,1.3674810577846515,0.0026155659309354817,0.0,0.0
2015-07-15,1.3690227996893416,0.001127432000548323,0.0,0.0
2015-07-16,1.3756144538228448,0.0048148607422746625,0.0,0.0
2015-07-17,1.3766752286153154,0.0007711279781357216,0.0,0.0
2015-07-20,1.3754414224746832,-0.0008962216468972883,0.0,0.0
2015-07-21,1.3741100477944932,-0.0009679617455424783,0.0,0.0
2015-07-22,1.373751983664643,-0.00026057893283359945,0.0,0.0
2015-07-23,1.3718650464530182,-0.0013735646856656292,0.0,0.0
2015-07-24,1.3644382183695485,-0.0054136725056680435,0.0,0.0
2015-07-27,1.3605382469819338,-0.002858298261591452,0.0,0.0
2015-07-28,1.3683172897339917,0.00571762151436328,0.0,0.0
2015-07-29,1.3724383544480192,0.003011775664128802,0.0,0.0
2015-07-30,1.372956536297663,0.0003775629324000995,0.0,0.0
2015-07-31,1.375450453030305,0.001816457161395002,0.0,0.0
2015-08-03,1.3747237948785507,-0.0005283055817485449,0.001423107908879209,1.956383089159849e-06
2015-08-04,1.3698931426857177,-0.0035139074560499584,0.0,0.0
2015-08-05,1.3694940794988637,-0.00029130971929069993,0.0,0.0
2015-08-06,1.3651588803821513,-0.0031655479067852488,0.0,0.0
2015-08-07,1.3662127518371898,0.0007719771450658275,0.0,0.0
2015-08-10,1.3720780508920698,0.004293108117306543,0.0,0.0
2015-08-11,1.3686900797803072,-0.002469226229192878,0.0,0.0
2015-08-12,1.3684452917330105,-0.00017884841200566104,0.0,0.0
2015-08-13,1.365228836661878,-0.0023504447642617166,0.0,0.0
2015-08-14,1.3683690633366659,0.0023001467522953956,0.0,0.0
2015-08-17,1.3743895483586037,0.004399752364510068,0.0,0.0
2015-08-18,1.3697902274641605,-0.0033464463549915946,0.0,0.0
2015-08-19,1.3676609675245013,-0.0015544423496151039,0.0,0.0
2015-08-20,1.3538226431249707,-0.010118241821712837,0.0,0.0
2015-08-21,1.3338827299917317,-0.014728600702978767,0.0,0.0
2015-08-24,1.3046987040134046,-0.021879004294858895,0.0,0.0
2015-08-25,1.293904889475634,-0.00827303231356602,0.0,0.0
2015-08-26,1.317048693786788,0.017886789438235517,0.0,0.0
2015-08-27,1.3334586070406598,0.012459610135362453,0.0,0.0
2015-08-28,1.334732610948316,0.0009554131646303254,0.0,0.0
2015-08-31,1.3277433469871667,-0.005236452532753733,0.0,0.0
2015-09-01,1.3124764447221862,-0.011498383554037872,0.04258242139106361,5.5890805000815175e-05
2015-09-02,1.323965823056764,0.008753969170859799,0.0,0.0
2015-09-03,1.3275721725614469,0.002723899244133632,0.0,0.0
2015-09-04,1.3189214319534854,-0.006516211161062935,0.0,0.0
2015-09-08,1.3324134390224986,0.010229576032463106,0.0,0.0
2015-09-09,1.3248008456013127,-0.0057133868499336105,0.0,0.0
2015-09-10,1.3271205388857081,0.0017509750934243673,0.0,0.0
2015-09-11,1.3306211201873461,0.002637726716653077,0.0,0.0
2015-09-14,1.3280660051838544,-0.0019202423324919948,0.0,0.0
2015-09-15,1.33150406411093,0.0025887711255734303,0.0,0.0
2015-09-16,1.3385830261710447,0.005316515548783984,0.0,0.0
2015-09-17,1.3424443657744438,0.002884647069255175,0.0,0.0
2015-09-18,1.3332654192973243,-0.006837487430493394,0.0,0.0
2015-09-21,1.3333854684452615,9.004144726154628e-05,0.0,0.0
2015-09-22,1.3274569097865982,-0.004446245139881455,0.0,0.0
2015-09-23,1.325992273155224,-0.001103340244475115,0.0,0.0
2015-09-24,1.3236983197473844,-0.0017299900265490553,0.0,0.0
2015-09-25,1.3215361376653267,-0.0016334402256175107,0.0,0.0
2015-09-28,1.3060246034921086,-0.011737502843184755,0.0,0.0
2015-09-29,1.3072561770208337,0.0009429941254033292,0.0,0.0
2015-09-30,1.319215674830387,0.009148549473147805,0.0,0.0
2015-10-01,1.3207867139737166,0.0011908887783127486,0.0007486595094788977,9.888202736993546e-07
2015-10-02,1.3335619563880783,0.00967244921470023,0.0,0.0
2015-10-05,1.343719656315086,0.007616968884235131,0.0,0.0
2015-10-06,1.3426953250540792,-0.0007623102454390462,0.0,0.0
2015-10-07,1.350602798169977,0.005889253480181322,0.0,0.0
2015-10-08,1.3541652619152693,0.0026376842622561902,0.0,0.0
2015-10-09,1.35486298803812,0.000515244440596474,0.0,0.0
2015-10-12,1.3581973465275565,0.002461030022131494,0.0,0.0
2015-10-13,1.3533188227527124,-0.0035919108422033386,0.0,0.0
2015-10-14,1.3526444749397135,-0.0004982919040668055,0.0,0.0
2015-10-15,1.3628768575680563,0.007564724373563703,0.0,0.0
2015-10-16,1.3662674256194292,0.002487802204979017,0.0,0.0
2015-10-19,1.366553928344048,0.0002096973983618522,0.0,0.0
2015-10-20,1.3644050463706363,-0.0015724823798323184,0.0,0.0
2015-10-21,1.3633835838989725,-0.0007486504644503844,0.0,0.0
2015-10-22,1.3765311466813046,0.009643333642563645,0.0,0.0
2015-10-23,1.381811401506575,0.003835913802604951,0.0,0.0
2015-10-26,1.3812564246310703,-0.0004016299727296335,0.0,0.0
2015-10-27,1.3800529935151487,-0.0008712582938704694,0.0,0.0
2015-10-28,1.3855052744443326,0.003950776495398545,0.0,0.0
2015-10-29,1.3804140273389442,-0.0036746501072904003,0.0,0.0
2015-10-30,1.3790319562160351,-0.0010012004337375258,0.0,0.0
2015-11-02,1.384569914169224,0.004015830038039736,0.044547622691282346,6.168204591462019e-05
2015-11-03,1.3866373267766186,0.001493180363257407,0.0,0.0
2015-11-04,1.3837527146128341,-0.00208029317261349,0.0,0.0
2015-11-05,1.3832416533296024,-0.00036932992277793897,0.0,0.0
2015-11-06,1.3783877801881328,-0.0035090565193621748,0.0,0.0
2015-11-09,1.3708001541587327,-0.005504710748643227,0.0,0.0
2015-11-10,1.3741167244973447,0.002419441177147652,0.0,0.0
2015-11-11,1.3713585375353552,-0.002007243571683026,0.0,0.0
2015-11-12,1.3615769590884232,-0.00713276519538919,0.0,0.0
2015-11-13,1.3560448324232206,-0.004063028996103446,0.0,0.0
2015-11-16,1.3662993802642396,0.007562100895067259,0.0,0.0
2015-11-17,1.3665243929920456,0.00016468771856037456,0.0,0.0
2015-11-18,1.3774308373426898,0.007981155994416067,0.0,0.0
2015-11-19,1.3788751438745812,0.0010485510362738815,0.0,0.0
2015-11-20,1.381255995380732,0.0017266621395906068,0.0,0.0
2015-11-23,1.3807056762187533,-0.00039841938338658345,0.0,0.0
2015-11-24,1.3818668718283829,0.0008410160323304439,0.0,0.0
2015-11-25,1.3824272705309508,0.000405537403054268,0.0,0.0
2015-11-27,1.3834561514565626,0.0007442568209874434,0.0,0.0
2015-11-30,1.3808926421418737,-0.00185297474877677,0.0,0.0
2015-12-01,1.391267550179494,0.007513189455139679,1.0,0.0013926602103898837
2015-12-02,1.3787807657029825,-0.008975113719069006,0.0,0.0
2015-12-03,1.3768591051799264,-0.0013937389981476533,0.0,0.0
2015-12-04,1.3959335346709278,0.013853581255511838,0.0,0.0
2015-12-07,1.387946645082466,-0.005721540023282401,0.0,0.0
2015-12-08,1.3882066716101487,0.00018734619850402368,0.0,0.0
2015-12-09,1.3866671630747056,-0.0011089908778909585,0.0,0.0
2015-12-10,1.3844423974897442,-0.0016043976840328655,0.0,0.0
2015-12-11,1.3894453689676558,0.0036137086577114896,0.0,0.0
2015-12-14,1.3753902092338195,-0.010115662009999804,0.0,0.0
2015-12-15,1.3736134845000956,-0.0012917968455756768,0.0,0.0
2015-12-16,1.3818599081073826,0.006003452718206459,0.0,0.0
2015-12-17,1.3673336012271262,-0.010512141494973815,0.0,0.0
2015-12-18,1.377807561567637,0.007660135266997603,0.0,0.0
2015-12-21,1.3858342835362985,0.005825720653999555,0.0,0.0
2015-12-22,1.381266285635271,-0.0032962078910120374,0.0,0.0
2015-12-23,1.379823022964192,-0.0010448837317530435,0.0,0.0
2015-12-24,1.3870842908427412,0.005262463198324019,0.0,0.0
2015-12-28,1.3809407863374128,-0.004429077991789376,0.0,0.0
2015-12-29,1.376930334400125,-0.002904144751872062,0.0,0.0
2015-12-30,1.3716253529601703,-0.0038527595096274903,0.0,0.0
2015-12-31,1.3730359901941482,0.0010284420821864426,0.0,0.0
2016-01-04,1.382384485671988,0.006808631051628877,0.01241568066245134,1.7163457422836833e-05
2016-01-05,1.3846973285998532,0.0016730822371322507,0.0,0.0
2016-01-06,1.3974357433254667,0.009199421752690284,0.0,0.0
2016-01-07,1.407924015201603,0.0075053696931906,0.0,0.0
2016-01-08,1.4053126557089817,-0.001854758825352798,0.0,0.0
2016-01-11,1.3967537159374732,-0.0060904167743301985,0.0,0.0
2016-01-12,1.3947704449494678,-0.0014199145958057047,0.0,0.0
2016-01-13,1.4003193356938761,0.003978354118773453,0.0,0.0
2016-01-14,1.3854417971776196,-0.0106243898352546,0.0,0.0
2016-01-15,1.3915316741589496,0.004395620944695144,0.0,0.0
2016-01-19,1.387766151143865,-0.00270602752708482,0.0,0.0
2016-01-20,1.3981354049248869,0.007471902793186658,0.0,0.0
2016-01-21,1.3969395561746119,-0.0008553168355959206,0.0,0.0
2016-01-22,1.3940725292863094,-0.0020523628782862513,0.0,0.0
2016-01-25,1.4005997363020524,0.004682114365372803,0.0,0.0
2016-01-26,1.4106691178336224,0.007189335590020773,0.0,0.0
2016-01-27,1.4114760990235746,0.0005720556151336265,0.0,0.0
2016-01-28,1.404538842252415,-0.004914894964185845,0.0,0.0
2016-01-29,1.41087212996028,0.004509158107516953,0.0,0.0
2016-02-01,1.4160179190268323,0.003647239857730522,0.02518155655445395,3.565843324494783e-05
2016-02-02,1.4175904137744721,0.001110504836492776,0.0,0.0
2016-02-03,1.4234440741008374,0.004129302984477334,0.0,0.0
2016-02-04,1.4324053695530325,0.006295502306864931,0.0,0.0
2016-02-05,1.4437477536486325,0.007918417744509965,0.0,0.0
2016-02-08,1.457324017045028,0.009403487113372577,0.0,0.0
2016-02-09,1.4532521122954596,-0.00279409705867939,0.0,0.0
2016-02-10,1.4598919399461194,0.004568944090624472,0.0,0.0
2016-02-11,1.4924057801084198,0.022271401925474388,0.0,0.0
2016-02-12,1.4838248145566046,-0.005749753630136634,0.0,0.0
2016-02-16,1.45693091104639,-0.018124716102858263,0.0,0.0
2016-02-17,1.4613959107173682,0.0030646612252680505,0.0,0.0
2016-02-18,1.4855503308892644,0.016528320624654924,0.0,0.0
2016-02-19,1.4803986651055139,-0.0034678500462967943,0.0,0.0
2016-02-22,1.4681388735004417,-0.008281412226346707,0.0,0.0
2016-02-23,1.4809104971014908,0.00869919312918821,0.0,0.0
2016-02-24,1.4841529336402335,0.0021894885241808826,0.0,0.0
2016-02-25,1.4901776224774002,0.004059345031505401,0.0,0.0
2016-02-26,1.484620610806532,-0.0037290934899624206,0.0,0.0
2016-02-29,1.4951452018559368,0.007089077824190548,0.0,0.0
2016-03-01,1.4854747852817354,-0.006467877877143646,0.03895425488339598,5.78678176064392e-05
2016-03-02,1.4927117353831663,0.004871809453203424,0.0,0.0
2016-03-03,1.5091571327936268,0.011017128773519902,0.0,0.0
2016-03-04,1.5078287643749322,-0.0008802055066563508,0.0,0.0
2016-03-07,1.5124596114632702,0.003071202246402116,0.0,0.0
2016-03-08,1.5129000163645783,0.00029118456980281593,0.0,0.0
2016-03-09,1.5057467780335165,-0.0047281632980946675,0.0,0.0
2016-03-10,1.5209816619441585,0.01011782600693234,0.0,0.0
2016-03-11,1.5099495796852502,-0.007253264477105392,0.0,0.0
2016-03-14,1.5024517621485998,-0.004965607883551604,0.0,0.0
2016-03-15,1.5027589543931348,0.00020446063712276086,0.0,0.0
2016-03-16,1.5229922001524394,0.013464066010157705,0.0,0.0
2016-03-17,1.5224359072405713,-0.0003652631391102279,0.0,0.0
2016-03-18,1.5221127592556685,-0.00021225720134820936,0.0,0.0
2016-03-21,1.5159032327617643,-0.004079544341340835,0.0,0.0
2016-03-22,1.5166780413806158,0.0005111201045728819,0.0,0.0
2016-03-23,1.503492509999118,-0.008693691753785204,0.0,0.0
2016-03-24,1.5014007137631764,-0.0013912914244866847,0.0,0.0
2016-03-28,1.503559441694783,0.0014378093148736948,0.0,0.0
2016-03-29,1.5206336800343503,0.01135587850143227,0.0,0.0
2016-03-30,1.509252752237492,-0.007484332319011466,0.0,0.0
2016-03-31,1.515719396322905,0.004284666087788214,0.0,0.0
2016-04-01,1.5122222443364448,-0.0023072555480546653,1.0,0.0015137359803167622
2016-04-04,1.512748704000034,0.0003481364366653139,0.0,0.0
2016-04-05,1.5234394713295938,0.007067113857900598,0.0,0.0
2016-04-06,1.51724864162115,-0.004063718857855725,0.0,0.0
2016-04-07,1.5286576196350743,0.0075195176986508905,0.0,0.0
2016-04-08,1.5220801296765072,-0.004302788194087137,0.0,0.0
2016-04-11,1.5210327132514867,-0.000688148018359036,0.0,0.0
2016-04-12,1.5127775743269196,-0.005427325035580743,0.0,0.0
2016-04-13,1.5180474086386575,0.003483548673097303,0.0,0.0
2016-04-14,1.5138936717710243,-0.0027362365918190967,0.0,0.0
2016-04-15,1.5235549430744713,0.006381737029222734,0.0,0.0
2016-04-18,1.5210832212867067,-0.0016223384650485562,0.0,0.0
2016-04-19,1.5201103683628887,-0.0006395790251337852,0.0,0.0
2016-04-20,1.5096793140726554,-0.006862037459468895,0.0,0.0
2016-04-21,1.504906280004714,-0.0031616211624873047,0.0,0.0
2016-04-22,1.5038241443300366,-0.0007190718047066502,0.0,0.0
2016-04-25,1.4989761349221538,-0.0032237874529157384,0.0,0.0
2016-04-26,1.49530231762831,-0.00245088444589181,0.0,0.0
2016-04-27,1.5074846324143996,0.008147058051385825,0.0,0.0
2016-04-28,1.511250879402931,0.0024983650961001302,0.0,0.0
2016-04-29,1.5139874132893396,0.0018107740572430586,0.0,0.0
2016-05-02,1.505438144596458,-0.005646855857478483,0.015514748278092608,2.3356856237398547e-05
2016-05-03,1.5162387222186537,0.007174374889438617,0.0,0.0
2016-05-04,1.5191634931770694,0.0019289646910849445,0.0,0.0
2016-05-05,1.5257943356780874,0.0043647984767924974,0.0,0.0
2016-05-06,1.520863243927678,-0.0032318194104568043,0.0,0.0
2016-05-09,1.522524319320926,0.0010921924767923752,0.0,0.0
2016-05-10,1.5238393961819319,0.0008637476881765416,0.0,0.0
2016-05-11,1.5290133089305988,0.0033953136804512063,0.0,0.0
2016-05-12,1.5239100350798844,-0.003337625526807053,0.0,0.0
2016-05-13,1.5327706238397347,0.00581437785425809,0.0,0.0
2016-05-16,1.5235448829503573,-0.006018996414653421,0.0,0.0
2016-05-17,1.5245891330336234,0.0006854081523637312,0.0,0.0
2016-05-18,1.5071712076688608,-0.011424668448281827,0.0,0.0
2016-05-19,1.5122277844141783,0.0033550115073777143,0.0,0.0
2016-05-20,1.513318912714587,0.000721537001008965,0.0,0.0
2016-05-23,1.5150264455331368,0.001128336402990593,0.0,0.0
2016-05-24,1.510354535588717,-0.0030837151115047368,0.0,0.0
2016-05-25,1.5087881524699642,-0.0010370963120537313,0.0,0.0
2016-05-26,1.51486911542101,0.0040303623415196554,0.0,0.0
2016-05-27,1.5131854505545115,-0.001111425963708279,0.0,0.0
2016-05-31,1.516329182992695,0.0020775592555635214,0.0,0.0
2016-06-01,1.519949043569384,0.002387252462914935,0.012664526054287611,1.9249678051522706e-05
2016-06-02,1.526957062361361,0.004610693247662834,0.0,0.0
2016-06-03,1.543977464501089,0.011146614766892604,0.0,0.0
2016-06-06,1.5363595556106482,-0.004933950828681644,0.0,0.0
2016-06-07,1.5393719359383777,0.0019607261312812874,0.0,0.0
2016-06-08,1.546060893746082,0.004345251236262726,0.0,0.0
2016-06-09,1.552156342814472,0.003942567264359598,0.0,0.0
2016-06-10,1.5568372041198804,0.0030157150902212493,0.0,0.0
2016-06-13,1.559185657416734,0.0015084771167075406,0.0,0.0
2016-06-14,1.5568805935510497,-0.0014783767761841204,0.0,0.0
2016-06-15,1.5627809456908446,0.003789855281282062,0.0,0.0
2016-06-16,1.5677751580848225,0.003195721324699363,0.0,0.0
2016-06-17,1.5605259772294682,-0.004623865110995773,0.0,0.0
2016-06-20,1.5511192864550876,-0.006027897588145925,0.0,0.0
2016-06-21,1.546805016928826,-0.002781391195335603,0.0,0.0
2016-06-22,1.5494905768866956,0.0017361981170720409,0.0,0.0
2016-06-23,1.539809126221666,-0.006248150720917556,0.0,0.0
2016-06-24,1.5641309526539187,0.015795351526414647,0.0,0.0
2016-06-27,1.5871385281945787,0.014709494433073012,0.0,0.0
2016-06-28,1.5931023877035329,0.0037576175003062318,0.0,0.0
2016-06-29,1.586612359204131,-0.004073830125104094,0.0,0.0
2016-06-30,1.5923270479456624,0.0036018178658321354,0.0,0.0
2016-07-01,1.6076310568741918,0.009611096507010863,0.02089310077809158,3.358909946570208e-05
2016-07-05,1.6204388626586068,0.007966881287624572,0.0,0.0
2016-07-06,1.6231915196624684,0.0016987108043962085,0.0,0.0
2016-07-07,1.623264361059812,4.487541763320557e-05,0.0,0.0
2016-07-08,1.633776578072291,0.0064759735164861,0.0,0.0
2016-07-11,1.624480614365602,-0.005689862268473345,0.0,0.0
2016-07-12,1.6065272046476435,-0.0110517845268161,0.0,0.0
2016-07-13,1.6190982027987606,0.007824951930318624,0.0,0.0
2016-07-14,1.6053595001891388,-0.008485404150207376,0.0,0.0
2016-07-15,1.5954265030419112,-0.006187397368662473,0.0,0.0
2016-07-18,1.5946831772556993,-0.00046591039123056177,0.0,0.0
2016-07-19,1.6005800995587227,0.003697864495674663,0.0,0.0
2016-07-20,1.595973571880969,-0.002878036331342426,0.0,0.0
2016-07-21,1.5984888839209592,0.0015760361476573337,0.0,0.0
2016-07-22,1.599403930266454,0.0005724446098431812,0.0,0.0
2016-07-25,1.598375409715848,-0.0006430649138361444,0.0,0.0
2016-07-26,1.5988491440815706,0.00029638491861350147,0.0,0.0
2016-07-27,1.6120732162978157,0.008270994336893045,0.0,0.0
2016-07-28,1.6098026246244652,-0.0014084916555868743,0.0,0.0
2016-07-29,1.6194325593903856,0.005982059302560128,0.0,0.0
2016-08-01,1.6060864309787575,-0.008241237545978497,0.002921193699035759,4.69170326765621e-06
2016-08-02,1.5933074703907013,-0.007956583370341108,0.0,0.0
2016-08-03,1.5948114879710449,0.0009439594104048155,0.0,0.0
2016-08-04,1.6041828183334375,0.005876136730313508,0.0,0.0
2016-08-05,1.5925865639881822,-0.007228761094263847,0.0,0.0
2016-08-08,1.5946026241760898,0.001265903049476158,0.0,0.0
2016-08-09,1.607118886743378,0.007849142085637473,0.0,0.0
2016-08-10,1.6125071762633731,0.0033527634852912325,0.0,0.0
2016-08-11,1.6026476879259053,-0.006114384160642916,0.0,0.0
2016-08-12,1.613027041909429,0.0064763790954931455,0.0,0.0
2016-08-15,1.6029609822011934,-0.006240477962675572,0.0,0.0
2016-08-16,1.5993986268900957,-0.0022223593404038233,0.0,0.0
2016-08-17,1.6063872794427874,0.004369550176668957,0.0,0.0
2016-08-18,1.6096112126662772,0.0020069464348646537,0.0,0.0
2016-08-19,1.602999848109913,-0.004107429486287284,0.0,0.0
2016-08-22,1.6124653220989893,0.0059048502095848665,0.0,0.0
2016-08-23,1.6142410385221662,0.0011012431702193126,0.0,0.0
2016-08-24,1.6118229149073502,-0.0014979941391093377,0.0,0.0
2016-08-25,1.6079944232774408,-0.0023752557396352625,0.0,0.0
2016-08-26,1.6007936238861917,-0.004478124604793243,0.0,0.0
2016-08-29,1.6159940816721947,0.009495576168713882,0.0,0.0
2016-08-30,1.6118464348434318,-0.0025666225364334716,0.0,0.0
2016-08-31,1.6126687026201147,0.0005101402707528013,0.0,0.0
2016-09-01,1.6135509025259565,0.0005470434841381433,0.002817956977424202,4.546929837255117e-06
2016-09-02,1.60553419525429,-0.004968363414576182,0.0,0.0
2016-09-06,1.6141715462283441,0.005379736538520863,0.0,0.0
2016-09-07,1.612484710026982,-0.0010450166869213628,0.0,0.0
2016-09-08,1.5967029193874422,-0.009787249789968921,0.0,0.0
2016-09-09,1.5775937803366764,-0.011967873809673235,0.0,0.0
2016-09-12,1.5780636496099092,0.0002978392023911258,0.0,0.0
2016-09-13,1.5665618067594589,-0.007288579806837059,0.0,0.0
2016-09-14,1.5682392581385405,0.0010707853158704594,0.0,0.0
2016-09-15,1.5654134613006108,-0.00180189140353737,0.0,0.0
2016-09-16,1.5725619710735876,0.0045665314306404525,0.0,0.0
2016-09-19,1.5697604165454422,-0.0017815224962058895,0.0,0.0
2016-09-20,1.573517779741385,0.0023935902296554623,0.0,0.0
2016-09-21,1.5838573735030264,0.006571005358033233,0.0,0.0
2016-09-22,1.5933558798387943,0.0059970717658497374,0.0,0.0
2016-09-23,1.5920175150366709,-0.0008399660233210371,0.0,0.0
2016-09-26,1.5982802995337972,0.003933866579967971,0.0,0.0
2016-09-27,1.6060694244468052,0.004873441107470233,0.0,0.0
2016-09-28,1.604859234139784,-0.0007535105821705468,0.0,0.0
2016-09-29,1.6065532267389946,0.0010555396779821091,0.0,0.0
2016-09-30,1.5979595083782656,-0.005349165043334825,0.0,0.0
2016-10-03,1.593051275842228,-0.003071562521017146,0.006804724801334848,1.0840349292115411e-05
2016-10-04,1.5800296299578354,-0.008174028094298569,0.0,0.0
2016-10-05,1.5755166357444113,-0.002856271887473727,0.0,0.0
2016-10-06,1.571214553591362,-0.0027305850382319807,0.0,0.0
2016-10-07,1.5736246072917088,0.0015338794404864409,0.0,0.0
2016-10-10,1.5690249821520739,-0.0029229494241013176,0.0,0.0
2016-10-11,1.5648073302285772,-0.002688071873598652,0.0,0.0
2016-10-12,1.5666049356808807,0.001148771109118485,0.0,0.0
2016-10-13,1.5714665539851382,0.0031032828976405025,0.0,0.0
2016-10-14,1.5568729847360596,-0.009286592331265497,0.0,0.0
2016-10-17,1.564364471660718,0.0048118806081849375,0.0,0.0
2016-10-18,1.5688184143525765,0.0028471259559674778,0.0,0.0
2016-10-19,1.5704990272053323,0.001071260279316144,0.0,0.0
2016-10-20,1.5710544215540576,0.00035364195654019603,0.0,0.0
2016-10-21,1.5726736513648467,0.001030664366920675,0.0,0.0
2016-10-24,1.5670214476094002,-0.003594009316898794,0.0,0.0
2016-10-25,1.5684738577514747,0.0009268604104240019,0.0,0.0
2016-10-26,1.55991832121493,-0.005454688641613581,0.0,0.0
2016-10-27,1.5479582276952444,-0.007667128052172956,0.0,0.0
2016-10-28,1.545359866435155,-0.0016785732415777188,0.0,0.0
2016-10-31,1.5507321712067066,0.003476410180073053,0.0,0.0
2016-11-01,1.5497783627975643,-0.000615069724387074,0.013791659493107195,2.1374310256698177e-05
2016-11-02,1.554307708113893,0.002922576172861513,0.0,0.0
2016-11-03,1.5467900178144136,-0.0048366808323957455,0.0,0.0
2016-11-04,1.5560252224237756,0.0059705612933882435,0.0,0.0
2016-11-07,1.5488864655686996,-0.004587815642188797,0.0,0.0
2016-11-08,1.544015415496844,-0.0031448722550927455,0.0,0.0
2016-11-09,1.4999849913057908,-0.028516829397642218,0.0,0.0
2016-11-10,1.4884588473582077,-0.007684172851322502,0.0,0.0
2016-11-11,1.4810985435542112,-0.004944915888712598,0.0,0.0
2016-11-14,1.4728580465531458,-0.005563773617176526,0.0,0.0
2016-11-15,1.4787219694531937,0.0039813225135789665,0.0,0.0
2016-11-16,1.4863212645968453,0.005139096666333831,0.0,0.0
2016-11-17,1.47079291303478,-0.010447506829068476,0.0,0.0
2016-11-18,1.4644789988534912,-0.00429286415873531,0.0,0.0
2016-11-21,1.4670245962092214,0.0017382272861017345,0.0,0.0
2016-11-22,1.4687175012844933,0.00115397184181254,0.0,0.0
2016-11-23,1.4631725495485028,-0.0037753698251304924,0.0,0.0
2016-11-25,1.4643014539695356,0.0007715456535739573,0.0,0.0
2016-11-28,1.4729739507257364,0.005922617049030965,0.0,0.0
2016-11-29,1.4770189850005586,0.002746168235242097,0.0,0.0
2016-11-30,1.46247895352968,-0.009844173716476057,0.0,0.0
2016-12-01,1.4507160697477757,-0.0080431132041352,0.02991707295811054,4.340247697521765e-05
2016-12-02,1.4593486281416497,0.005950549920753945,0.0,0.0
2016-12-05,1.4601194123030883,0.000528169997610517,0.0,0.0
2016-12-06,1.459507391743787,-0.0004191578812967611,0.0,0.0
2016-12-07,1.4688060951590702,0.006371124577980503,0.0,0.0
2016-12-08,1.457125838935582,-0.007952211161149525,0.0,0.0
2016-12-09,1.445266867336671,-0.00813860497290586,0.0,0.0
2016-12-12,1.4459226520089594,0.0004537464236600286,0.0,0.0
2016-12-13,1.450115500521088,0.002899773723236798,0.0,0.0
2016-12-14,1.4374191137493693,-0.008755431389538493,0.0,0.0
2016-12-15,1.4415246406263036,0.0028561794104891014,0.0,0.0
2016-12-16,1.4393119283573057,-0.0015349805384086146,0.0,0.0
2016-12-19,1.450515189185206,0.007783761537144107,0.0,0.0
2016-12-20,1.4464723771116033,-0.00278715597309509,0.0,0.0
2016-12-21,1.451965521187459,0.003797614225322876,0.0,0.0
2016-12-22,1.450723688140277,-0.0008552772287363508,0.0,0.0
2016-12-23,1.4533233605569529,0.0017919831584252144,0.0,0.0
2016-12-27,1.4496771271710664,-0.0025088933989811935,0.0,0.0
2016-12-28,1.457644096621471,0.00549568541924339,0.0,0.0
2016-12-29,1.463042153496711,0.003703274954257818,0.0,0.0
2016-12-30,1.4652740260302317,0.0015255011813477548,0.0,0.0
2017-01-03,1.4690226400308777,0.002558302361232556,0.0022890889148707598,3.362731138579241e-06
2017-01-04,1.474351836807314,0.0036277158916517838,0.0,0.0
2017-01-05,1.4898394012996308,0.010504659814345896,0.0,0.0
2017-01-06,1.4790804046581472,-0.007221581488647821,0.0,0.0
2017-01-09,1.4864759263783354,0.005000080926565564,0.0,0.0
2017-01-10,1.4855460453249223,-0.000625560789052737,0.0,0.0
2017-01-11,1.489190781452781,0.0024534656056800497,0.0,0.0
2017-01-12,1.4874711107303824,-0.0011547685788928508,0.0,0.0
2017-01-13,1.4824068067661371,-0.0034046402163459,0.0,0.0
2017-01-17,1.4933975501482473,0.007414120963250559,0.0,0.0
2017-01-18,1.4788736495588006,-0.00972540807235478,0.0,0.0
2017-01-19,1.4712732120662473,-0.005139342022099647,0.0,0.0
2017-01-20,1.4711149674071535,-0.00010755627017200453,0.0,0.0
2017-01-23,1.4818643829018914,0.007306985336219984,0.0,0.0
2017-01-24,1.4745762138445404,-0.004918242952218543,0.0,0.0
2017-01-25,1.4624874249488922,-0.008198144512402084,0.0,0.0
2017-01-26,1.465820440244533,0.0022790044131539844,0.0,0.0
2017-01-27,1.4693366189352375,0.0023987785912700232,0.0,0.0
2017-01-30,1.4658741704549638,-0.0023564705566126998,0.0,0.0
2017-01-31,1.4722852966915134,0.0043735856499604875,0.0,0.0
2017-02-01,1.4653549326980657,-0.004707215380756358,1.0,0.0014668217544525184
2017-02-02,1.4660257261552314,0.00045776858711676915,0.0,0.0
2017-02-03,1.4718939627217569,0.004002819638039723,0.0,0.0
2017-02-06,1.472893190547524,0.0006788721545669674,0.0,0.0
2017-02-07,1.474179370380126,0.0008732336063852486,0.0,0.0
2017-02-08,1.477714923113194,0.002398319230418,0.0,0.0
2017-02-09,1.479146440189549,0.00096873696946842,0.0,0.0
2017-02-10,1.4818873819731213,0.0018530564040846187,0.0,0.0
2017-02-13,1.485630222170391,0.002525725127834111,0.0,0.0
2017-02-14,1.4868685551197787,0.0008335404940662539,0.0,0.0
2017-02-15,1.4902316133140694,0.002261839610980143,0.0,0.0
2017-02-16,1.4916559740871396,0.0009557982533350273,0.0,0.0
2017-02-17,1.4947276276895396,0.0020592238798760043,0.0,0.0
2017-02-21,1.4995471189068952,0.0032243273811733975,0.0,0.0
2017-02-22,1.4994354690894187,-7.44556913675476e-05,0.0,0.0
2017-02-23,1.5018308227204513,0.0015975036474809023,0.0,0.0
2017-02-24,1.506557139250124,0.003147036575738449,0.0,0.0
2017-02-27,1.505993317300603,-0.0003742453139226054,0.0,0.0
2017-02-28,1.504434764099559,-0.0010349004760775715,0.0,0.0
2017-03-01,1.5106628878431252,0.004139843010935618,0.021805702688379006,3.294178411342565e-05
2017-03-02,1.5047496188168246,-0.003914353807118021,0.0,0.0
2017-03-03,1.505993354548878,0.0008265399881153268,0.0,0.0
2017-03-06,1.5024075910623664,-0.002380995557304866,0.0,0.0
2017-03-07,1.496443809587314,-0.003969483055417333,0.0,0.0
2017-03-08,1.4927453125865966,-0.0024715241407811117,0.0,0.0
2017-03-09,1.4896423933328649,-0.002078666218254699,0.0,0.0
2017-03-10,1.494120229084642,0.0030059803425428466,0.0,0.0
2017-03-13,1.491992640805842,-0.001423973946262369,0.0,0.0
2017-03-14,1.4897683474478425,-0.0014908205960038057,0.0,0.0
2017-03-15,1.5026516785565667,0.008647875443719144,0.0,0.0
2017-03-16,1.5000785127468754,-0.0017124166873876412,0.0,0.0
2017-03-17,1.5004938364528058,0.00027686797884318715,0.0,0.0
2017-03-20,1.5014060085873693,0.0006079146161106497,0.0,0.0
2017-03-21,1.493650996501401,-0.005165166544967126,0.0,0.0
2017-03-22,1.497318933732161,0.0024556855914477094,0.0,0.0
2017-03-23,1.496014415759765,-0.0008712358756757244,0.0,0.0
2017-03-24,1.4962471844362915,0.00015559253578989463,0.0,0.0
2017-03-27,1.4970943760875688,0.0005662110245483465,0.0,0.0
2017-03-28,1.500866359983434,0.0025195364808747733,0.0,0.0
2017-03-29,1.5040040626557665,0.0020905943100537616,0.0,0.0
2017-03-30,1.5043848288964852,0.00025316835916400215,0.0,0.0
2017-03-31,1.5034158806397193,-0.0006440827095263169,0.0,0.0
2017-04-03,1.505503762960126,0.0013887589903056607,0.010922014489935976,1.6443313507811676e-05
2017-04-04,1.5040081022387781,-0.0009934619614679896,0.0,0.0
2017-04-05,1.5027253782805226,-0.0008528703777235247,0.0,0.0
2017-04-06,1.5055372397396625,0.001871174533804254,0.0,0.0
2017-04-07,1.502921142013341,-0.0017376506254829227,0.0,0.0
2017-04-10,1.5047713942525922,0.001231104006410133,0.0,0.0
2017-04-11,1.5073804590213258,0.001733861222175559,0.0,0.0
2017-04-12,1.5065715477862875,-0.0005366337544029376,0.0,0.0
2017-04-13,1.5029839549895756,-0.0023812959975140213,0.0,0.0
2017-04-17,1.5081074449447982,0.003408878676458116,0.0,0.0
2017-04-18,1.5103289670234754,0.0014730529221400612,0.0,0.0
2017-04-19,1.5066595130751255,-0.0024295726483890556,0.0,0.0
2017-04-20,1.5116536177895135,0.003314687008609374,0.0,0.0
2017-04-21,1.5092545686741548,-0.0015870362675193261,0.0,0.0
2017-04-24,1.51648759540777,0.004792449785306463,0.0,0.0
2017-04-25,1.5179070793807938,0.0009360340152615443,0.0,0.0
2017-04-26,1.5192749133829007,0.0009011315782680995,0.0,0.0
2017-04-27,1.520615735320718,0.0008825406949106718,0.0,0.0
2017-04-28,1.5198447452741122,-0.0005070249035947771,0.0,0.0
2017-05-01,1.5194051566065663,-0.00028923261333946293,0.00495098983207841,7.522596725467116e-06
2017-05-02,1.521938745483765,0.0016674873493631726,0.0,0.0
2017-05-03,1.5206309615950406,-0.0008592881235234273,0.0,0.0
2017-05-04,1.5200447919706201,-0.00038547789649479025,0.0,0.0
2017-05-05,1.5232935078212066,0.002137250078252384,0.0,0.0
2017-05-08,1.5218175525029203,-0.0009689237896099989,0.0,0.0
2017-05-09,1.5212464349480777,-0.00037528648155182864,0.0,0.0
2017-05-10,1.5236419541254345,0.0015747081618886494,0.0,0.0
2017-05-11,1.5224678216949048,-0.0007706091495778278,0.0,0.0
2017-05-12,1.52504751157682,0.0016944134024741153,0.0,0.0
2017-05-15,1.5291849666300572,0.0027130007569136083,0.0,0.0
2017-05-16,1.529576216658464,0.00025585526731219943,0.0,0.0
2017-05-17,1.5207050353374072,-0.005799764159799103,0.0,0.0
2017-05-18,1.5236003658374062,0.0019039395758668753,0.0,0.0
2017-05-19,1.5289513148323226,0.003512042340561683,0.0,0.0
2017-05-22,1.5321609191638452,0.0020992194456332935,0.0,0.0
2017-05-23,1.5314718150436923,-0.0004497596248107527,0.0,0.0
2017-05-24,1.5344743923480038,0.001960582803298694,0.0,0.0
2017-05-25,1.5384553562899228,0.0025943501968954674,0.0,0.0
2017-05-26,1.538874279971175,0.0002723014870333884,0.0,0.0
2017-05-30,1.5400042857712806,0.0007343067687939353,0.0,0.0
2017-05-31,1.540711926554268,0.00045950572315001104,0.0,0.0
2017-06-01,1.5469886812822469,0.004073931420792265,0.0014263574997688843,2.2065620549504395e-06
2017-06-02,1.553173954293841,0.003998266494404712,0.0,0.0
2017-06-05,1.5504099124972464,-0.001779608645221753,0.0,0.0
2017-06-06,1.5501866917944709,-0.00014397528097320755,0.0,0.0
2017-06-07,1.5506501947083997,0.00029899812479516896,0.0,0.0
2017-06-08,1.5496774817375978,-0.0006272936179425592,0.0,0.0
2017-06-09,1.5477276910627467,-0.0012581912674274331,0.0,0.0
2017-06-12,1.5477622761405982,2.2345712395788198e-05,0.0,0.0
2017-06-13,1.552382831867809,0.0029853135707198497,0.0,0.0
2017-06-14,1.5566851857596462,0.0027714516055685756,0.0,0.0
2017-06-15,1.553321341705142,-0.0021609019506810823,0.0,0.0
2017-06-16,1.55413484790785,0.0005237204825983,0.0,0.0
2017-06-19,1.5596192427551299,0.003528905393674675,0.0,0.0
2017-06-20,1.5560901726092635,-0.0022627767400664744,0.0,0.0
2017-06-21,1.5562861159908068,0.00012592032582192658,0.0,0.0
2017-06-22,1.5565795174137693,0.0001885266596854951,0.0,0.0
2017-06-23,1.5578923512853482,0.0008434094480185284,0.0,0.0
2017-06-26,1.5598220389537736,0.001238652764957271,0.0,0.0
2017-06-27,1.5500158614804098,-0.006286728375719752,0.0,0.0
2017-06-28,1.5577527645771347,0.004991499305907476,0.0,0.0
2017-06-29,1.5485323415052181,-0.005919054218093245,0.0,0.0
2017-06-30,1.5493249647655185,0.0005118545083340198,0.0,0.0
2017-07-03,1.5489514358813126,-0.000241091373792246,0.00114047331763964,1.7665397976343444e-06
2017-07-05,1.5520337317152482,0.0019899241270802115,0.0,0.0
2017-07-06,1.5429334940619528,-0.005863427751172767,0.0,0.0
2017-07-07,1.5472756436750474,0.002814216963858529,0.0,0.0
2017-07-10,1.5493982812681468,0.0013718548480849968,0.0,0.0
2017-07-11,1.5491457883646957,-0.00016296191011933026,0.0,0.0
2017-07-12,1.5583878285290587,0.005965894387589543,0.0,0.0
2017-07-13,1.5583431340111367,-2.8679971123879433e-05,0.0,0.0
2017-07-14,1.5637958569433248,0.0034990515331196903,0.0,0.0
2017-07-17,1.56441063013507,0.0003931288019567436,0.0,0.0
2017-07-18,1.5681840591662624,0.002412045123259432,0.0,0.0
2017-07-19,1.5721785760939886,0.002547224545726978,0.0,0.0
2017-07-20,1.5732407320833874,0.000675595002723961,0.0,0.0
2017-07-21,1.5743456775454443,0.0007023371817951318,0.0,0.0
2017-07-24,1.5732495950508985,-0.0006962146307377681,0.0,0.0
2017-07-25,1.5705181532251875,-0.001736178311631864,0.0,0.0
2017-07-26,1.5731334995517952,0.0016652760881730178,0.0,0.0
2017-07-27,1.5704606248864386,-0.0016990768209551588,0.0,0.0
2017-07-28,1.5716001592680837,0.0007256051909785288,0.0,0.0
2017-07-31,1.5711524766920886,-0.00028485780772868896,0.0,0.0
2017-08-01,1.575741012301719,0.00292049032649655,0.0037336491753904876,5.883286097335827e-06
2017-08-02,1.5748883132898404,-0.0005411415995533186,0.0,0.0
2017-08-03,1.5744643786993948,-0.000269183907752768,0.0,0.0
2017-08-04,1.572843314222957,-0.0010295974290488452,0.0,0.0
2017-08-07,1.5745035313613323,0.0010555515119416992,0.0,0.0
2017-08-08,1.5687910459822545,-0.0036281184927788868,0.0,0.0
2017-08-09,1.569538832043829,0.0004766639021109853,0.0,0.0
2017-08-10,1.558161420458807,-0.0072488882420364,0.0,0.0
2017-08-11,1.5607379472048284,0.0016535685662546484,0.0,0.0
2017-08-14,1.5679270568702472,0.004606224688964655,0.0,0.0
2017-08-15,1.5669219413291875,-0.0006410473858816657,0.0,0.0
2017-08-16,1.570501468224952,0.002284432173263351,0.0,0.0
2017-08-17,1.5590162765089957,-0.00731307289316796,0.0,0.0
2017-08-18,1.5572858022780196,-0.001109978296603198,0.0,0.0
2017-08-21,1.5589959198669205,0.0010981398445932822,0.0,0.0
2017-08-22,1.5663077698495678,0.0046901020647132086,0.0,0.0
2017-08-23,1.5664938934827375,0.00011882954088116016,0.0,0.0
2017-08-24,1.5631832546505935,-0.002113406790743122,0.0,0.0
2017-08-25,1.5668189249595301,0.0023258119597431293,0.0,0.0
2017-08-28,1.5668507151362006,2.028963025901831e-05,0.0,0.0
2017-08-29,1.5683275418340679,0.000942544611047369,0.0,0.0
2017-08-30,1.5726725586248957,0.002770477897586776,0.0,0.0
2017-08-31,1.5787523092479292,0.0038658718813975312,0.0,0.0
2017-09-01,1.5767371294807957,-0.0012764382071392966,0.0014680288497460016,2.314698992588515e-06
2017-09-05,1.5759692494215818,-0.0004870057569246189,0.0,0.0
2017-09-06,1.575835004311955,-8.518256918788047e-05,0.0,0.0
2017-09-07,1.5788065872334744,0.0018857195793902104,0.0,0.0
2017-09-08,1.5755349194545922,-0.002072241023908572,0.0,0.0
2017-09-11,1.581486876171856,0.003777737099806222,0.0,0.0
2017-09-12,1.58331013516477,0.0011528764609969322,0.0,0.0
2017-09-13,1.582908698184466,-0.00025354286023204775,0.0,0.0
2017-09-14,1.5846120098005785,0.0010760643479097443,0.0,0.0
2017-09-15,1.5863354724771626,0.0010876243938104935,0.0,0.0
2017-09-18,1.5872465231380088,0.0005743114723544274,0.0,0.0
2017-09-19,1.588502972611237,0.0007915906287474517,0.0,0.0
2017-09-20,1.5878119390957335,-0.00043502185857891007,0.0,0.0
2017-09-21,1.5856702304871964,-0.0013488427412612358,0.0,0.0
2017-09-22,1.5868735468298114,0.0007588692273332587,0.0,0.0
2017-09-25,1.5881799996993156,0.0008232873199720547,0.0,0.0
2017-09-26,1.5885289751982474,0.00021973296414623533,0.0,0.0
2017-09-27,1.5885628384436745,2.1317360876516034e-05,0.0,0.0
2017-09-28,1.5906965129607178,0.0013431476964005373,0.0,0.0
2017-09-29,1.5942274824033642,0.0022197631124960537,0.0,0.0
2017-10-02,1.5984362522286477,0.0026400058158191353,0.00923026208725244,1.4754121722246165e-05
2017-10-03,1.6019298215747115,0.0021856169372991285,0.0,0.0
2017-10-04,1.6024178528149347,0.000304652072550482,0.0,0.0
2017-10-05,1.6060462998393996,0.0022643575881853284,0.0,0.0
2017-10-06,1.6044676413004477,-0.0009829470913197413,0.0,0.0
2017-10-09,1.6037976102600782,-0.0004176033365350662,0.0,0.0
2017-10-10,1.6064479942081589,0.0016525675877836488,0.0,0.0
2017-10-11,1.6073190253648297,0.0005422093711164866,0.0,0.0
2017-10-12,1.6063131746569375,-0.0006257940657823369,0.0,0.0
2017-10-13,1.6104651541211714,0.0025847882777407793,0.0,0.0
2017-10-16,1.6104193502213906,-2.844141002589229e-05,0.0,0.0
2017-10-17,1.6108569946829885,0.00027175807440316113,0.0,0.0
2017-10-18,1.6104608275587802,-0.00024593562651187284,0.0,0.0
2017-10-19,1.61187064405926,0.0008754118550136081,0.0,0.0
2017-10-20,1.6138729481652254,0.0012422238182356882,0.0,0.0
2017-10-23,1.6114977667835069,-0.001471727613018614,0.0,0.0
2017-10-24,1.610942113300549,-0.0003448056177371983,0.0,0.0
2017-10-25,1.6048059602035767,-0.003809046300490837,0.0,0.0
2017-10-26,1.6057854381907102,0.0006103404470214624,0.0,0.0
2017-10-27,1.6147825369384758,0.005602927099589872,0.0,0.0
2017-10-30,1.6143835884132516,-0.0002470602177682135,0.0,0.0
2017-10-31,1.6145275402268013,8.916828353733308e-05,0.0,0.0
2017-11-01,1.6168551080553966,0.001441640213996065,0.008855604948069962,1.4318356892919485e-05
2017-11-02,1.6170354857541103,0.00011156083053776022,0.0,0.0
2017-11-03,1.6206707806206042,0.0022481231231599175,0.0,0.0
2017-11-06,1.6221270564115742,0.0008985636122915697,0.0,0.0
2017-11-07,1.6208937876452767,-0.0007602787718895554,0.0,0.0
2017-11-08,1.6212064343979105,0.00019288540373030294,0.0,0.0
2017-11-09,1.6161175021117518,-0.003138978589144692,0.0,0.0
2017-11-10,1.611256699974779,-0.003007703419226182,0.0,0.0
2017-11-13,1.6121438491531777,0.0005505945628729858,0.0,0.0
2017-11-14,1.6104603898401353,-0.0010442364147136285,0.0,0.0
2017-11-15,1.6098171586075276,-0.0003994082913592045,0.0,0.0
2017-11-16,1.6157265297034482,0.003670833711967747,0.0,0.0
2017-11-17,1.6143421949365868,-0.0008567877926195511,0.0,0.0
2017-11-20,1.6157236406744047,0.0008557329060410179,0.0,0.0
2017-11-21,1.623702252460856,0.004938104255948872,0.0,0.0
2017-11-22,1.62612015649739,0.0014891301855801675,0.0,0.0
2017-11-24,1.6270686794077365,0.0005833043189069631,0.0,0.0
2017-11-27,1.6261927234377245,-0.0005383644717018576,0.0,0.0
2017-11-28,1.6356170652500719,0.0057953412756790446,0.0,0.0
2017-11-29,1.6319080341113952,-0.0022676647349051393,0.0,0.0
2017-11-30,1.6381939367377378,0.003851873080437107,0.0,0.0
2017-12-01,1.6389368746206032,0.00045351033611118474,0.013217578455318556,2.1663063056847368e-05
2017-12-04,1.639235469063945,0.00018218788530877106,0.0,0.0
2017-12-05,1.6378531554307423,-0.0008432672787345163,0.0,0.0
2017-12-06,1.6395693398506503,0.0010478255722849994,0.0,0.0
2017-12-07,1.6405120518367513,0.0005749753689507919,0.0,0.0
2017-12-08,1.6439558199570738,0.0020992031826079227,0.0,0.0
2017-12-11,1.6470457283561482,0.0018795568357519166,0.0,0.0
2017-12-12,1.64789132409165,0.0005134014927112851,0.0,0.0
2017-12-13,1.6506487141396142,0.0016732839160278346,0.0,0.0
2017-12-14,1.6487649067423258,-0.0011412527578712472,0.0,0.0
2017-12-15,1.6567741101254776,0.004857698844995761,0.0,0.0
2017-12-18,1.659593509189511,0.0017017401749597205,0.0,0.0
2017-12-19,1.652177023179111,-0.004468856963668166,0.0,0.0
2017-12-20,1.64956898507871,-0.0015785464050229736,0.0,0.0
2017-12-21,1.6534854540283612,0.002374237746391783,0.0,0.0
2017-12-22,1.6538802188827986,0.00023874709842508501,0.0,0.0
2017-12-26,1.6539716432314782,5.527870013555258e-05,0.0,0.0
2017-12-27,1.6589343419698797,0.0030004738948883336,0.0,0.0
2017-12-28,1.660102986449674,0.0007044549324397575,0.0,0.0
2017-12-29,1.6580457561609903,-0.0012392184734775213,0.0,0.0
2018-01-02,1.6584688918164774,0.0002552014345291731,0.009452391019978449,1.567664464169427e-05
2018-01-03,1.665224924096742,0.004073656318548613,0.0,0.0
2018-01-04,1.6684672105971916,0.0019470561925489793,0.0,0.0
2018-01-05,1.6737770284217766,0.0031824526073152004,0.0,0.0
2018-01-08,1.675250916526937,0.0008805761341761364,0.0,0.0
2018-01-09,1.6741422502788927,-0.0006617911604206439,0.0,0.0
2018-01-10,1.673395763663692,-0.0004458919874200662,0.0,0.0
2018-01-11,1.6815577165012845,0.004877479084638647,0.0,0.0
2018-01-12,1.6872485094466279,0.003384238845624443,0.0,0.0
2018-01-16,1.685073432393147,-0.0012891266706136495,0.0,0.0
2018-01-17,1.6909519165960738,0.003488562628738423,0.0,0.0
2018-01-18,1.6862744936557068,-0.0027661478096803194,0.0,0.0
2018-01-19,1.6876523307204154,0.0008170894299193154,0.0,0.0
2018-01-22,1.6939308075726922,0.003720243048872973,0.0,0.0
2018-01-23,1.6993526230242542,0.0032007301758276707,0.0,0.0
2018-01-24,1.6984643883666186,-0.0005226900206590779,0.0,0.0
2018-01-25,1.703023480246574,0.0026842434325866638,0.0,0.0
2018-01-26,1.7120440863037243,0.005296818371432144,0.0,0.0
2018-01-29,1.7039851318648214,-0.00470721198325097,0.0,0.0
2018-01-30,1.692160189350686,-0.0069395808056108566,0.0,0.0
2018-01-31,1.694308642422346,0.0012696511152909817,0.0,0.0
2018-02-01,1.6896309948588817,-0.002760800155499732,0.028310219820855752,4.783517910502163e-05
2018-02-02,1.6669172651805781,-0.01344301196380493,0.0,0.0
2018-02-05,1.632850092915362,-0.020437230435384368,0.0,0.0
2018-02-06,1.6467509157089744,0.008513226568639398,0.0,0.0
2018-02-07,1.6400319548153215,-0.004080131870313974,0.0,0.0
2018-02-08,1.6062953039780172,-0.02057072774603541,0.0,0.0
2018-02-09,1.615213414349898,0.005551974378431357,0.0,0.0
2018-02-12,1.6267346255941773,0.00713293434906026,0.0,0.0
2018-02-13,1.628431381273523,0.0010430439314745854,0.0,0.0
2018-02-14,1.636154719827041,0.004742808719074176,0.0,0.0
2018-02-15,1.650373430759529,0.008690321740471463,0.0,0.0
2018-02-16,1.6530934762339962,0.0016481393991027993,0.0,0.0
2018-02-20,1.6444201681899542,-0.005246713612227838,0.0,0.0
2018-02-21,1.6358345234367857,-0.005221077264345952,0.0,0.0
2018-02-22,1.6380182418503497,0.001334926230176503,0.0,0.0
2018-02-23,1.6547765162827832,0.010230822834734088,0.0,0.0
2018-02-26,1.6654102077557584,0.0064260589682902935,0.0,0.0
2018-02-27,1.6513852671536415,-0.008421312981512385,0.0,0.0
2018-02-28,1.6446033088141823,-0.004106829868446571,0.0,0.0
2018-03-01,1.6302676889955579,-0.008716764548504341,1.0,0.0016318995885841415
2018-03-02,1.6210550950964548,-0.0056509700592661805,0.0,0.0
2018-03-05,1.618589402620003,-0.0015210417486181127,0.0,0.0
2018-03-06,1.6200396267866695,0.0008959802679537887,0.0,0.0
2018-03-07,1.618871851865003,-0.000720831084843776,0.0,0.0
2018-03-08,1.6251249482176275,0.0038626259054543866,0.0,0.0
2018-03-09,1.616930779142677,-0.00504217788542205,0.0,0.0
2018-03-12,1.6226247646100282,0.0035214775677474552,0.0,0.0
2018-03-13,1.6267937240355013,0.002569268950159964,0.0,0.0
2018-03-14,1.635783536354849,0.00552609232905521,0.0,0.0
2018-03-15,1.63662244018514,0.0005128452583404997,0.0,0.0
2018-03-16,1.6345931187855332,-0.0012399447482690507,0.0,0.0
2018-03-19,1.6292715193053773,-0.003255611086941168,0.0,0.0
2018-03-20,1.6231272815929247,-0.00377115639698411,0.0,0.0
2018-03-21,1.6235252463776662,0.00024518396631889594,0.0,0.0
2018-03-22,1.6329846232580456,0.005826442737176363,0.0,0.0
2018-03-23,1.629783573748421,-0.0019602447347226715,0.0,0.0
2018-03-26,1.6295068968060287,-0.00016976299604976042,0.0,0.0
2018-03-27,1.6411866468877638,0.0071676591885732055,0.0,0.0
2018-03-28,1.6455397826766724,0.002652431883456874,0.0,0.0
2018-03-29,1.6532750313403386,0.004700736345057521,0.0,0.0
2018-04-02,1.6544618467880066,0.0007178572380095449,0.008660308219973918,1.4328273618637383e-05
2018-04-03,1.645890033675888,-0.005181027975205366,0.0,0.0
2018-04-04,1.6441936142035949,-0.0010307003734048026,0.0,0.0
2018-04-05,1.6383674028206638,-0.0035435068793604474,0.0,0.0
2018-04-06,1.6497338548017986,0.006937669756835962,0.0,0.0
2018-04-09,1.651515331828659,0.001079857227682668,0.0,0.0
2018-04-10,1.6502345636501237,-0.0007755109225158208,0.0,0.0
2018-04-11,1.6537181795879161,0.002110982289746266,0.0,0.0
2018-04-12,1.6454153721455835,-0.005020690674393813,0.0,0.0
2018-04-13,1.6475986084809344,0.0013268603006328927,0.0,0.0
2018-04-16,1.6479402705214143,0.00020736970686985323,0.0,0.0
2018-04-17,1.6502511078256505,0.0014022579249823863,0.0,0.0
2018-04-18,1.6394247181522275,-0.006560449874618013,0.0,0.0
2018-04-19,1.6296625053942857,-0.005954657539227859,0.0,0.0
2018-04-20,1.6205017808432505,-0.00562124030019262,0.0,0.0
2018-04-23,1.6203517493423072,-9.258336073236784e-05,0.0,0.0
2018-04-24,1.6142828723947131,-0.00374540710068505,0.0,0.0
2018-04-25,1.6063756357981762,-0.004898296780419198,0.0,0.0
2018-04-26,1.6143445300786543,0.004960791301169332,0.0,0.0
2018-04-27,1.6223596616410472,0.004964944851024056,0.0,0.0
2018-04-30,1.6230779131573256,0.00044272027544867143,0.0,0.0
2018-05-01,1.6179539516341788,-0.003156941192785645,0.004363092914699216,7.059314223128562e-06
2018-05-02,1.6164304671775385,-0.0009416117529806867,0.0,0.0
2018-05-03,1.6201928164809443,0.0023275664371602556,0.0,0.0
2018-05-04,1.6225519350169262,0.0014560727044241606,0.0,0.0
2018-05-07,1.6203365405773862,-0.001365376597031287,0.0,0.0
2018-05-08,1.6193025735132291,-0.0006381187106899722,0.0,0.0
2018-05-09,1.6143102498281383,-0.0030830085536512897,0.0,0.0
2018-05-10,1.6248955176850859,0.0065571459129831755,0.0,0.0
2018-05-11,1.6283571982739389,0.002130401955803718,0.0,0.0
2018-05-14,1.6225705974509548,-0.0035536434076736123,0.0,0.0
2018-05-15,1.6072045490961,-0.009470187848217293,0.0,0.0
2018-05-16,1.6030710565095834,-0.002571852219334092,0.0,0.0
2018-05-17,1.597487360418524,-0.003483124511783564,0.0,0.0
2018-05-18,1.6076381241125275,0.006354205952117331,0.0,0.0
2018-05-21,1.6085419616786152,0.000562214563421426,0.0,0.0
2018-05-22,1.6064647466786006,-0.001291365130348776,0.0,0.0
2018-05-23,1.6157315191944974,0.005768425690670265,0.0,0.0
2018-05-24,1.624412723165976,0.005372924813527469,0.0,0.0
2018-05-25,1.631869157281135,0.004590233755757955,0.0,0.0
2018-05-29,1.6540757997100664,0.013608102297815394,0.0,0.0
2018-05-30,1.6452968260183511,-0.005307479677324367,0.0,0.0
2018-05-31,1.6435771597022,-0.0010452012603177074,0.0,0.0
2018-06-01,1.6376259427322795,-0.003620892961909261,0.00608339897609064,9.962392588446356e-06
2018-06-04,1.6298521818694356,-0.0047469697810684774,0.0,0.0
2018-06-05,1.632327688104831,0.0015188532205148153,0.0,0.0
2018-06-06,1.622732511385247,-0.005878217216742865,0.0,0.0
2018-06-07,1.633267416717949,0.00649207756595005,0.0,0.0
2018-06-08,1.6294634089301696,-0.002329078354739722,0.0,0.0
2018-06-11,1.6271824317174275,-0.0013998333440575772,0.0,0.0
2018-06-12,1.6274577483783896,0.00016919839816087467,0.0,0.0
2018-06-13,1.6262655851975034,-0.0007325309563791516,0.0,0.0
2018-06-14,1.636709472420148,0.006422005924312968,0.0,0.0
2018-06-15,1.6363179777966488,-0.0002391961616257099,0.0,0.0
2018-06-18,1.6347139687278531,-0.0009802551157908068,0.0,0.0
2018-06-19,1.6399061606785548,0.003176208223596655,0.0,0.0
2018-06-20,1.6281307493886816,-0.00718053969929644,0.0,0.0
2018-06-21,1.6317777190770602,0.0022399734724916076,0.0,0.0
2018-06-22,1.6327072463094439,0.0005696408411002274,0.0,0.0
2018-06-25,1.6337615923565032,0.0006457655219223035,0.0,0.0
2018-06-26,1.6376257848291274,0.002365211968932801,0.0,0.0
2018-06-27,1.6481646114310937,0.006435430303795675,0.0,0.0
2018-06-28,1.6472998287638552,-0.0005246943547025928,0.0,0.0
2018-06-29,1.6448684196206305,-0.0014759967194613033,0.0,0.0
2018-07-02,1.6443163883340088,-0.0003356081739042116,0.0068921186306230104,1.1332901722378289e-05
2018-07-03,1.6517429456346355,0.0045165014186541175,0.0,0.0
2018-07-05,1.656704432672392,0.003003788846726474,0.0,0.0
2018-07-06,1.6605666662740135,0.0023312749851169823,0.0,0.0
2018-07-09,1.655789607341246,-0.0028767643177411983,0.0,0.0
2018-07-10,1.6547861878133043,-0.0006060066589937962,0.0,0.0
2018-07-11,1.65962628176614,0.0029249059416138756,0.0,0.0
2018-07-12,1.661357529646215,0.0010431552567562452,0.0,0.0
2018-07-13,1.664105277831791,0.0016539174359182507,0.0,0.0
2018-07-16,1.6592829315932294,-0.002897861272842639,0.0,0.0
2018-07-17,1.6571486230840455,-0.001286283652140341,0.0,0.0
2018-07-18,1.6536846337586795,-0.0020903311127998814,0.0,0.0
2018-07-19,1.6601971427975752,0.0039381807788183565,0.0,0.0
2018-07-20,1.6475875302264353,-0.007595250133903719,0.0,0.0
2018-07-23,1.634181900280563,-0.008136520639986822,0.0,0.0
2018-07-24,1.639550684859727,0.003285304150194124,0.0,0.0
2018-07-25,1.6393431032932904,-0.00012660881322767992,0.0,0.0
2018-07-26,1.6385761902604097,-0.00046781728079980933,0.0,0.0
2018-07-27,1.6410109738145717,0.0014859141543945853,0.0,0.0
2018-07-30,1.6370818359366321,-0.002394339794575706,0.0,0.0
2018-07-31,1.6440764588644035,0.004272616538909535,0.0,0.0
2018-08-01,1.6345056378751825,-0.005821396527891154,0.015776407257910463,2.5787033435211033e-05
2018-08-02,1.6366734509848226,0.0013262805948215384,0.0,0.0
2018-08-03,1.643301887168438,0.0040499442204715574,0.0,0.0
2018-08-06,1.644566817426801,0.0007697491667479905,0.0,0.0
2018-08-07,1.6377305384419354,-0.004156887341045912,0.0,0.0
2018-08-08,1.6372797070315785,-0.0002752781362834744,0.0,0.0
2018-08-09,1.6448183230383722,0.004604354390039589,0.0,0.0
2018-08-10,1.6521710211470984,0.004470218993635644,0.0,0.0
2018-08-13,1.6502330135477479,-0.001173006652788855,0.0,0.0
2018-08-14,1.6494357442360448,-0.00048312529512972713,0.0,0.0
2018-08-15,1.655970063446375,0.003961548204084009,0.0,0.0
2018-08-16,1.6569680124637234,0.0006026371124556729,0.0,0.0
2018-08-17,1.658713039846448,0.0010531448824591116,0.0,0.0
2018-08-20,1.6664328582349666,0.004654101223701135,0.0,0.0
2018-08-21,1.6615437741179582,-0.002933862047215463,0.0,0.0
2018-08-22,1.6647842585797377,0.0019502853384045782,0.0,0.0
2018-08-23,1.6663791063173947,0.0009579906401913085,0.0,0.0
2018-08-24,1.669669713331881,0.0019747049167930797,0.0,0.0
2018-08-27,1.6635602274240093,-0.003659098478632661,0.0,0.0
2018-08-28,1.6553980044519605,-0.004906478790183577,0.0,0.0
2018-08-29,1.6556495980403805,0.00015198374514358015,0.0,0.0
2018-08-30,1.6582244888254078,0.0015552148160304924,0.0,0.0
2018-08-31,1.6550850046185013,-0.001893280570913758,0.0,0.0
2018-09-04,1.648736324819776,-0.00383586328255614,0.006763962656281531,1.1152066363296061e-05
2018-09-05,1.6460361407511588,-0.0016377294707280443,0.0,0.0
2018-09-06,1.6513542742751286,0.0032308728783700946,0.0,0.0
2018-09-07,1.64090482883211,-0.006327803552393707,0.0,0.0
2018-09-10,1.6466539700170817,0.0035036408473876346,0.0,0.0
2018-09-11,1.638537693478302,-0.004928950882555738,0.0,0.0
2018-09-12,1.6421111032581135,0.0021808529605600313,0.0,0.0
2018-09-13,1.6450699086571605,0.0018018302130571318,0.0,0.0
2018-09-14,1.6401502551986709,-0.0029905437043131755,0.0,0.0
2018-09-17,1.6396482702929451,-0.0003060603162025055,0.0,0.0
2018-09-18,1.627759343358742,-0.0072509007874469456,0.0,0.0
2018-09-19,1.6217313722538385,-0.003703232378605481,0.0,0.0
2018-09-20,1.6275928530101447,0.00361433518311971,0.0,0.0
2018-09-21,1.6273930665379734,-0.00012274966174852242,0.0,0.0
2018-09-24,1.6234670022910132,-0.002412486772671585,0.0,0.0
2018-09-25,1.6226432168956375,-0.0005074235535512672,0.0,0.0
2018-09-26,1.6312175864470442,0.005284198930563866,0.0,0.0
2018-09-27,1.6328417902538137,0.0009957002795115688,0.0,0.0
2018-09-28,1.630139559270716,-0.0016549251735391568,0.0,0.0
2018-10-01,1.6230654493992547,-0.004339573155703325,0.014841924811579928,2.408977290285518e-05
2018-10-02,1.628735334299118,0.003493318708719828,0.0,0.0
2018-10-03,1.6097999345174898,-0.011625829797433873,0.0,0.0
2018-10-04,1.6008064561606234,-0.005586705629704203,0.0,0.0
2018-10-05,1.5908390496387401,-0.006226490706308874,0.0,0.0
2018-10-08,1.5873328272370144,-0.002204008257480239,0.0,0.0
2018-10-09,1.5975672412560207,0.006447553936637762,0.0,0.0
2018-10-10,1.5932026444579468,-0.002732026975366897,0.0,0.0
2018-10-11,1.606178360005409,0.008144422552020636,0.0,0.0
2018-10-12,1.6035255352403257,-0.001651637720404997,0.0,0.0
2018-10-15,1.6016863172329638,-0.0011469839219531153,0.0,0.0
2018-10-16,1.6055598977720338,0.0024184389273935736,0.0,0.0
2018-10-17,1.5968371189951918,-0.005432857901437549,0.0,0.0
2018-10-18,1.5965573787504472,-0.0001751839567210034,0.0,0.0
2018-10-19,1.5938179017329073,-0.0017158650569039091,0.0,0.0
2018-10-22,1.5917771918705412,-0.0012803908527738717,0.0,0.0
2018-10-23,1.5954266298685167,0.002292681423388787,0.0,0.0
2018-10-24,1.6025702471110894,0.004477559236404138,0.0,0.0
2018-10-25,1.598224054306801,-0.0027120139114795716,0.0,0.0
2018-10-26,1.6043926537654647,0.003859658751875772,0.0,0.0
2018-10-29,1.6016536835484096,-0.0017071695078051397,0.0,0.0
2018-10-30,1.5958976629979875,-0.003593798465639453,0.0,0.0
2018-10-31,1.5895763974485428,-0.003960946679732458,0.0,0.0
2018-11-01,1.592719244308858,0.00197715999392023,0.002574733016160182,4.10083738235736e-06
2018-11-02,1.5796250192060497,-0.008221301494030997,0.0,0.0
2018-11-05,1.5841339427769836,0.0028544265354826237,0.0,0.0
2018-11-06,1.5849909085554075,0.0005409680048402699,0.0,0.0
2018-11-07,1.5881027309669307,0.0019633061582411404,0.0,0.0
2018-11-08,1.5856899361393022,-0.0015192939226037483,0.0,0.0
2018-11-09,1.5921562236517137,0.004077901590367139,0.0,0.0
2018-11-12,1.5972814860650146,0.003219070049260475,0.0,0.0
2018-11-13,1.5957252624711762,-0.0009742951429758673,0.0,0.0
2018-11-14,1.594087649187553,-0.0010262501460226447,0.0,0.0
2018-11-15,1.5922461063504292,-0.001155233112848264,0.0,0.0
2018-11-16,1.5984424142675984,0.003891551621609368,0.0,0.0
2018-11-19,1.5999084006946123,0.0009171343389844377,0.0,0.0
2018-11-20,1.5982723679379693,-0.001022579015106495,0.0,0.0
2018-11-21,1.5996956178297854,0.0008904927097328486,0.0,0.0
2018-11-23,1.600892742981275,0.000748345584089094,0.0,0.0
2018-11-26,1.599422106476996,-0.0009186352494422456,0.0,0.0
2018-11-27,1.599341688510163,-5.027938935397991e-05,0.0,0.0
2018-11-28,1.5975381289332828,-0.001127688717074693,0.0,0.0
2018-11-29,1.5984268807125868,0.00055632586365717,0.0,0.0
2018-11-30,1.600949554249096,0.0015782226681426703,0.0,0.0
2018-12-03,1.6096189578393012,0.005415163499184361,0.013384442360981763,2.1544140520650382e-05
2018-12-04,1.6232368639883261,0.008460329124916122,0.0,0.0
2018-12-06,1.6282602045275456,0.003094644195596352,0.0,0.0
2018-12-07,1.6298606483683309,0.0009829165119525918,0.0,0.0
2018-12-10,1.6357173084816736,0.0035933502162934783,0.0,0.0
2018-12-11,1.6370216416042012,0.0007974074222754091,0.0,0.0
2018-12-12,1.6342070364258037,-0.0017193451246247937,0.0,0.0
2018-12-13,1.6344277174988746,0.0001350386261667058,0.0,0.0
2018-12-14,1.636408716789553,0.0012120446009749042,0.0,0.0
2018-12-17,1.6420672544029533,0.0034578999459877746,0.0,0.0
2018-12-18,1.6499339626617466,0.004790734507188921,0.0,0.0
2018-12-19,1.6602815795035744,0.006271533937718621,0.0,0.0
2018-12-20,1.6545396015217122,-0.0034584362392184875,0.0,0.0
2018-12-21,1.6536042523142012,-0.0005653229494481105,0.0,0.0
2018-12-24,1.6558992960348098,0.0013879038575261848,0.0,0.0
2018-12-26,1.6461974536688628,-0.005858956754905775,0.0,0.0
2018-12-27,1.6463363980424135,8.44032246805071e-05,0.0,0.0
2018-12-28,1.6572047428567853,0.006601533457739839,0.0,0.0
2018-12-31,1.662651684653324,0.003286824889934037,0.0,0.0
2019-01-02,1.6696097081794754,0.004184895483747786,0.018624295895842607,3.109588437465702e-05
2019-01-03,1.6794778029305277,0.00591042008363285,0.0,0.0
2019-01-04,1.669188424342204,-0.006126534432530084,0.0,0.0
2019-01-07,1.6668025359363896,-0.0014293703281309522,0.0,0.0
2019-01-08,1.6664594628231102,-0.00020582708862193488,0.0,0.0
2019-01-09,1.668333298768602,0.0011244413604380998,0.0,0.0
2019-01-10,1.6607889692015843,-0.004522075758234934,0.0,0.0
2019-01-11,1.6655502863574116,0.002866900758689672,0.0,0.0
2019-01-14,1.660261820354434,-0.003175206444558154,0.0,0.0
2019-01-15,1.6577709099657891,-0.001500311793059872,0.0,0.0
2019-01-16,1.6602139371628502,0.001473682028303669,0.0,0.0
2019-01-17,1.6621156763016989,0.0011454783605169272,0.0,0.0
2019-01-18,1.659285546820904,-0.0017027271453765591,0.0,0.0
2019-01-22,1.6662225365174501,0.00418070880556809,0.0,0.0
2019-01-23,1.6680204220954638,0.001079018881698257,0.0,0.0
2019-01-24,1.6756322821789482,0.004563409405936358,0.0,0.0
2019-01-25,1.672405480878898,-0.0019257216122944287,0.0,0.0
2019-01-28,1.671438580011401,-0.0005781497839798533,0.0,0.0
2019-01-29,1.6774509300078135,0.0035971109368382326,0.0,0.0
2019-01-30,1.6807459188481437,0.001964283295198932,0.0,0.0
2019-01-31,1.6938283951953506,0.007783732330091109,0.0,0.0
2019-02-01,1.686715096648314,-0.004199539083896475,0.017586959596956518,2.9664711968420715e-05
2019-02-04,1.6817867969464877,-0.002921832923425738,0.0,0.0
2019-02-05,1.6890385698920958,0.004311945461086264,0.0,0.0
2019-02-06,1.6878572369490517,-0.0006994114664412576,0.0,0.0
2019-02-07,1.693289488440069,0.0032184306658760153,0.0,0.0
2019-02-08,1.6990238606741266,0.003386527981898757,0.0,0.0
2019-02-11,1.6937860897530856,-0.0030828118676112792,0.0,0.0
2019-02-12,1.69278814250334,-0.0005891813941458768,0.0,0.0
2019-02-13,1.6874002542763202,-0.0031828485158527098,0.0,0.0
2019-02-14,1.6931560715142988,0.0034110562822258217,0.0,0.0
2019-02-15,1.6954993037354802,0.0013839434300262354,0.0,0.0
2019-02-19,1.6981695666691026,0.0015749124330155517,0.0,0.0
2019-02-20,1.6950012827658407,-0.0018657052660979723,0.0,0.0
2019-02-21,1.6850026493709775,-0.005898894293783541,0.0,0.0
2019-02-22,1.693803676601175,0.005223153348443033,0.0,0.0
2019-02-25,1.691002382756672,-0.0016538480127308297,0.0,0.0
2019-02-26,1.6964944521483736,0.003247818836747296,0.0,0.0
2019-02-27,1.6844732675458212,-0.007085896795789304,0.0,0.0
2019-02-28,1.6804514825857413,-0.0023875623540997593,0.0,0.0
2019-03-01,1.6712310137698698,-0.0054868997477295345,0.007841866996741734,1.3105674103766748e-05
2019-03-04,1.6796617693004414,0.005044638030953008,0.0,0.0
2019-03-05,1.6817113402008692,0.0012202283447109163,0.0,0.0
2019-03-06,1.6856063641274446,0.00231610730894527,0.0,0.0
2019-03-07,1.6938489986761898,0.004890011525918725,0.0,0.0
2019-03-08,1.6985258214468075,0.002761062393562108,0.0,0.0
2019-03-11,1.696931303470676,-0.0009387658144480726,0.0,0.0
2019-03-12,1.7052331628119322,0.004892277798327349,0.0,0.0
2019-03-13,1.7022380838691427,-0.0017564043487464653,0.0,0.0
2019-03-14,1.694376200150677,-0.0046185570590664415,0.0,0.0
2019-03-15,1.7030502520566406,0.005119318782447646,0.0,0.0
2019-03-18,1.7021225094461487,-0.0005447535146843041,0.0,0.0
2019-03-19,1.7003659217848672,-0.0010319983735207483,0.0,0.0
2019-03-20,1.7150264129147548,0.00862196245058744,0.0,0.0
2019-03-21,1.7185197563038932,0.0020369035501917043,0.0,0.0
2019-03-22,1.7371806790981976,0.010858718804862333,0.0,0.0
2019-03-25,1.7403258290200205,0.0018104909637008948,0.0,0.0
2019-03-26,1.7400540260329702,-0.0001561793674023093,0.0,0.0
2019-03-27,1.7493101336205212,0.005319436896251695,0.0,0.0
2019-03-28,1.7534944023553591,0.002391953636132982,0.0,0.0
2019-03-29,1.751997927879286,-0.0008534241535432807,0.0,0.0
2019-04-01,1.7361229038551558,-0.009061097488480607,0.011156297672999544,1.9368919997757583e-05
2019-04-02,1.7389028206998527,0.0016012212260572145,0.0,0.0
2019-04-03,1.7295298395549192,-0.005390169613481377,0.0,0.0
2019-04-04,1.733367252073,0.002218760515324991,0.0,0.0
2019-04-05,1.735878609238494,0.001448831551704055,0.0,0.0
2019-04-08,1.7315595453976924,-0.0024881139832100274,0.0,0.0
2019-04-09,1.736117077936301,0.0026320391641869723,0.0,0.0
2019-04-10,1.7424686284047934,0.0036584804960517747,0.0,0.0
2019-04-11,1.7364917423303645,-0.0034301254995338093,0.0,0.0
2019-04-12,1.72983595694423,-0.0038328920454309134,0.0,0.0
2019-04-15,1.7306053051057675,0.00044475209250283143,0.0,0.0
2019-04-16,1.7228089273959477,-0.004505000468228215,0.0,0.0
2019-04-17,1.7230111916750506,0.00011740377930857804,0.0,0.0
2019-04-18,1.728211702442211,0.0030182687102018324,0.0,0.0
2019-04-22,1.7226990096686623,-0.0031898249304518345,0.0,0.0
2019-04-23,1.7281105951081885,0.003141341237879347,0.0,0.0
2019-04-24,1.7380266863422147,0.005738111473939211,0.0,0.0
2019-04-25,1.7363298974572268,-0.0009762732058843371,0.0,0.0
2019-04-26,1.7423443478330052,0.003463886894181867,0.0,0.0
2019-04-29,1.7333799441502649,-0.005145024112994445,0.0,0.0
2019-04-30,1.73814461600155,0.0027487752280535016,0.0,0.0
2019-05-01,1.7414163319558653,0.0018823036496478096,0.0047271778229562205,8.232023579194375e-06
2019-05-02,1.7341195297030323,-0.004190153795466944,0.0,0.0
2019-05-03,1.7404626384678898,0.003657826727748059,0.0,0.0
2019-05-06,1.744024211429144,0.00204633692360634,0.0,0.0
2019-05-07,1.7506276229040578,0.003786307226493424,0.0,0.0
2019-05-08,1.7439014015755285,-0.003842177080109921,0.0,0.0
2019-05-09,1.7482914922920854,0.0025173961742277484,0.0,0.0
2019-05-10,1.747609643112893,-0.0003900088641960453,0.0,0.0
2019-05-13,1.75500998283683,0.004234549604999582,0.0,0.0
2019-05-14,1.7536553779837651,-0.0007718502266723659,0.0,0.0
2019-05-15,1.7614841504234282,0.0044642593624433236,0.0,0.0
2019-05-16,1.7571403267061898,-0.0024660021585741765,0.0,0.0
2019-05-17,1.7591808779143507,0.001161290977816254,0.0,0.0
2019-05-20,1.7553029286346056,-0.0022044062258923525,0.0,0.0
2019-05-21,1.7546298325025242,-0.00038346437022407365,0.0,0.0
2019-05-22,1.760788665107191,0.0035100466722846058,0.0,0.0
2019-05-23,1.7726734326799427,0.006749684279702128,0.0,0.0
2019-05-24,1.7752777835668503,0.0014691656336103254,0.0,0.0
2019-05-28,1.7823290629073147,0.003971930142840696,0.0,0.0
2019-05-29,1.7854360099169027,0.0017431949432054061,0.0,0.0
2019-05-30,1.7982930633819292,0.0072010721155024715,0.0,0.0
2019-05-31,1.8117996433607604,0.007510778000461293,0.0,0.0
2019-06-03,1.8206784049952307,0.0049005206878178775,0.024464636290576512,4.454332471655325e-05
2019-06-04,1.8106006897454026,-0.005535142956701655,0.0,0.0
2019-06-05,1.8049119847443102,-0.0031418882326241793,0.0,0.0
2019-06-06,1.8095306956877335,0.0025589674080852554,0.0,0.0
2019-06-07,1.8213668039901463,0.0065409823279700685,0.0,0.0
2019-06-10,1.8095287432643912,-0.006499547866921085,0.0,0.0
2019-06-11,1.8109070457360854,0.0007616913944168413,0.0,0.0
2019-06-12,1.8129503814523051,0.0011283493103806386,0.0,0.0
2019-06-13,1.818379458388859,0.002994608673296817,0.0,0.0
2019-06-14,1.82102471130933,0.0014547309739270098,0.0,0.0
2019-06-17,1.823057105774909,0.0011160718758822519,0.0,0.0
2019-06-18,1.833696741147698,0.005836150353757841,0.0,0.0
2019-06-19,1.8408789748089562,0.0039168055982707894,0.0,0.0
2019-06-20,1.848332540840328,0.004048916921409962,0.0,0.0
2019-06-21,1.834906301256631,-0.007263974034452114,0.0,0.0
2019-06-24,1.843978543964798,0.004944253939263232,0.0,0.0
2019-06-25,1.84400935498212,1.670898906214191e-05,0.0,0.0
2019-06-26,1.83628282352591,-0.004190071723516153,0.0,0.0
2019-06-27,1.8480998178632941,0.006435280113710196,0.0,0.0
2019-06-28,1.8498927123221007,0.0009701285836820617,0.0,0.0
2019-07-01,1.849504830569621,-0.0002096779720770492,0.015159802266227873,2.8038552580781322e-05
2019-07-02,1.8591680202867296,0.0052247442436430536,0.0,0.0
2019-07-03,1.8683420260235941,0.004934468341086129,0.0,0.0
2019-07-05,1.8477073093928944,-0.011044399977779618,0.0,0.0
2019-07-08,1.8477010812493297,-3.370741422648038e-06,0.0,0.0
2019-07-09,1.8454163089034665,-0.0012365486869327924,0.0,0.0
2019-07-10,1.8423955359725306,-0.0016369059471089686,0.0,0.0
2019-07-11,1.8246546996466044,-0.00962922237898356,0.0,0.0
2019-07-12,1.8265969678638792,0.0010644579588954262,0.0,0.0
2019-07-15,1.8334042639009982,0.0037267641175819932,0.0,0.0
2019-07-16,1.8287418823357717,-0.0025430188295221257,0.0,0.0
2019-07-17,1.8434395032139517,0.008037012232370078,0.0,0.0
2019-07-18,1.8456678685831127,0.0012088085154278172,0.0,0.0
2019-07-19,1.8420860072012903,-0.0019406857771068209,0.0,0.0
2019-07-22,1.8466629075562158,0.0024846290222242384,0.0,0.0
2019-07-23,1.8421486866391474,-0.0024445289384418256,0.0,0.0
2019-07-24,1.8487394340362648,0.003577749963897592,0.0,0.0
2019-07-25,1.8413572807123098,-0.003993073976811368,0.0,0.0
2019-07-26,1.8447898567417487,0.001864155351812613,0.0,0.0
2019-07-29,1.8444742322752012,-0.00017108965847467683,0.0,0.0
2019-07-30,1.8464146847924403,0.001052035579182542,0.0,0.0
2019-07-31,1.8546454090691817,0.004457679168461848,0.0,0.0
2019-08-01,1.8806098576435617,0.013999683415176989,0.007914234519927779,1.4883705247012861e-05
2019-08-02,1.8902781543025422,0.005141043273640511,0.0,0.0
2019-08-05,1.9073614384863384,0.009037444645335624,0.0,0.0
2019-08-06,1.920945892529164,0.007122118424290891,0.0,0.0
2019-08-07,1.9211427754366235,0.00010249268770401443,0.0,0.0
2019-08-08,1.925786419403671,0.0024171259036132042,0.0,0.0
2019-08-09,1.9210564498406646,-0.0024561236466040803,0.0,0.0
2019-08-12,1.9472996224198218,0.013660802409702244,0.0,0.0
2019-08-13,1.9431402401216284,-0.002135974479892666,0.0,0.0
2019-08-14,1.9682390987310718,0.012916648058233893,0.0,0.0
2019-08-15,1.9841654778572595,0.008091689234532184,0.0,0.0
2019-08-16,1.9776925987860594,-0.0032622677611497952,0.0,0.0
2019-08-19,1.9600027954045682,-0.00894466783783765,0.0,0.0
2019-08-20,1.9759291936617702,0.00812570180743788,0.0,0.0
2019-08-21,1.970915442100191,-0.002537414588367759,0.0,0.0
2019-08-22,1.9607065953087268,-0.00517974874689997,0.0,0.0
2019-08-23,1.9806485145377075,0.010170781939885742,0.0,0.0
2019-08-26,1.9766224177864204,-0.0020327164167373013,0.0,0.0
2019-08-27,1.997384860138474,0.010504000240625144,0.0,0.0
2019-08-28,1.998705954042423,0.0006614117941483588,0.0,0.0
2019-08-29,1.9927057284705907,-0.0030020551846041688,0.0,0.0
2019-08-30,1.9928341444160618,6.444300512442602e-05,0.0,0.0
2019-09-03,1.9931877694651194,0.00017744830900690012,0.028663860989838138,5.713409483434551e-05
2019-09-04,1.9965405892624069,0.0016821394595387673,0.0,0.0
2019-09-05,1.9711648960233883,-0.012709830882222772,0.0,0.0
2019-09-06,1.9817103507250446,0.005349859224325071,0.0,0.0
2019-09-09,1.9568762156578567,-0.012531667434699467,0.0,0.0
2019-09-10,1.931573875232568,-0.01292996471766239,0.0,0.0
2019-09-11,1.9291054752949228,-0.0012779215795450938,0.0,0.0
2019-09-12,1.9215569582991034,-0.003912962299101541,0.0,0.0
2019-09-13,1.892607853593189,-0.015065441896418896,0.0,0.0
2019-09-16,1.9092793648479913,0.008808750963994472,0.0,0.0
2019-09-17,1.9168418569502994,0.003960914385574998,0.0,0.0
2019-09-18,1.9232435704186863,0.0033397191558472983,0.0,0.0
2019-09-19,1.9288822909104102,0.002931880588840974,0.0,0.0
2019-09-20,1.948162926383469,0.009995755346978052,0.0,0.0
2019-09-23,1.9472611255875552,-0.0004628980377877623,0.0,0.0
2019-09-24,1.9619439464513682,0.007540242379862061,0.0,0.0
2019-09-25,1.942135753698466,-0.010096207278872504,0.0,0.0
2019-09-26,1.9503933444136927,0.004251809225746195,0.0,0.0
2019-09-27,1.9529955829402101,0.0013342121649311256,0.0,0.0
2019-09-30,1.9586267669215216,0.0028833572541080432,0.0,0.0
2019-10-01,1.9626601178614567,0.0020592749001764332,0.009975940608912678,1.9579576095956326e-05
2019-10-02,1.9646726255308766,0.0010253979540852942,0.0,0.0
2019-10-03,1.9775004747130684,0.006529255314852156,0.0,0.0
2019-10-04,1.988916532659236,0.005772973555328242,0.0,0.0
2019-10-07,1.9756164823470475,-0.006687083190165866,0.0,0.0
2019-10-08,1.9774397521425848,0.000922886507492171,0.0,0.0
2019-10-09,1.9722084208332653,-0.0026455073049135303,0.0,0.0
2019-10-10,1.9516989080213085,-0.010399262367661644,0.0,0.0
2019-10-11,1.937869481651088,-0.007085840092128426,0.0,0.0
2019-10-14,1.9480942806632828,0.0052763094258976295,0.0,0.0
2019-10-15,1.9337595371459546,-0.007358341770013044,0.0,0.0
2019-10-16,1.9360034567893427,0.0011603922826413093,0.0,0.0
2019-10-17,1.9350621244510775,-0.00048622451316604476,0.0,0.0
2019-10-18,1.9362958268148045,0.0006375518119745571,0.0,0.0
2019-10-21,1.9268673187278882,-0.004869353100050877,0.0,0.0
2019-10-22,1.9341121440486138,0.0037598983854834067,0.0,0.0
2019-10-23,1.935610887308592,0.0007748998756820225,0.0,0.0
2019-10-24,1.9358513116053315,0.00012421106861704168,0.0,0.0
2019-10-25,1.9294976108215887,-0.0032821223126242582,0.0,0.0
2019-10-28,1.917936542238222,-0.005991750660133688,0.0,0.0
2019-10-29,1.9160095409105284,-0.0010047263218858626,0.0,0.0
2019-10-30,1.9332466832915127,0.008996376068562073,0.0,0.0
2019-10-31,1.9520613162628138,0.009732142894080864,0.0,0.0
2019-11-01,1.95002862519914,-0.0010413049255877382,0.010778821431321391,2.1019236899587698e-05
2019-11-04,1.9326068418294242,-0.008934116732741137,0.0,0.0
2019-11-05,1.9162027359753533,-0.008488071913552053,0.0,0.0
2019-11-06,1.9273896823302357,0.005838080775512511,0.0,0.0
2019-11-07,1.902477394979599,-0.012925402464808,0.0,0.0
2019-11-08,1.8972235364734724,-0.002761587874836713,0.0,0.0
2019-11-11,1.8981537033084732,0.0004902779335795859,0.0,0.0
2019-11-12,1.9033716139827201,0.0027489400174243173,0.0,0.0
2019-11-13,1.9117702577318991,0.004412508670130544,0.0,0.0
2019-11-14,1.926598751061179,0.007756420139558129,0.0,0.0
2019-11-15,1.9257110213422375,-0.00046077561217794383,0.0,0.0
2019-11-18,1.9285155713125188,0.0014563711476951458,0.0,0.0
2019-11-19,1.9384047122837318,0.0051278512438883705,0.0,0.0
2019-11-20,1.9497707912410998,0.005863625323102362,0.0,0.0
2019-11-21,1.9413715110840544,-0.004307829512462336,0.0,0.0
2019-11-22,1.9452970718619889,0.0020220554157315274,0.0,0.0
2019-11-25,1.9515061957753057,0.0031918641132655523,0.0,0.0
2019-11-26,1.9597185495277682,0.004208213005032269,0.0,0.0
2019-11-27,1.956797759398373,-0.0014904130647225289,0.0,0.0
2019-11-29,1.952728652023755,-0.0020794726256581075,0.0,0.0
2019-12-02,1.9354795297162875,-0.008833343173200725,0.006913240133274059,1.3380527264762681e-05
2019-12-03,1.963233520913437,0.014339594281949308,0.0,0.0
2019-12-04,1.9520738781792843,-0.005684317538017791,0.0,0.0
2019-12-05,1.9462495185440445,-0.0029836778722085455,0.0,0.0
2019-12-06,1.9403284061068904,-0.003042319281642558,0.0,0.0
2019-12-09,1.942275135118789,0.0010032987229231516,0.0,0.0
2019-12-10,1.9423457295712754,3.6346267946241184e-05,0.0,0.0
2019-12-11,1.9537796676548875,0.0058866647217001855,0.0,0.0
2019-12-12,1.9331936177087143,-0.010536525836038924,0.0,0.0
2019-12-13,1.9506399086108805,0.009024595747860964,0.0,0.0
2019-12-16,1.9396853054911896,-0.00561590228485187,0.0,0.0
2019-12-17,1.937594502997109,-0.001077908095793556,0.0,0.0
2019-12-18,1.9290027558541387,-0.004434233855267644,0.0,0.0
2019-12-19,1.9314922555771838,0.001290563072287032,0.0,0.0
2019-12-20,1.9324484507246655,0.0004950551288624983,0.0,0.0
2019-12-23,1.9315047446687106,-0.0004883473375970615,0.0,0.0
2019-12-24,1.9352307034262899,0.001929044579291661,0.0,0.0
2019-12-26,1.9392994853934153,0.002102479027395354,0.0,0.0
2019-12-27,1.9417248809145633,0.0012506554760705058,0.0,0.0
2019-12-30,1.9399779065705731,-0.0008997023013720407,0.0,0.0
2019-12-31,1.9265396529887582,-0.006927013723352471,0.0,0.0
2020-01-02,1.9373844097550985,0.0056291375832915325,1.0,0.0019393237334885865
2020-01-03,1.928692584817267,-0.004486370848276966,0.0,0.0
2020-01-06,1.9291734220631285,0.0002493073544465041,0.0,0.0
2020-01-07,1.9240562325214743,-0.002652529566876227,0.0,0.0
2020-01-08,1.9254586322156682,0.0007288766671627034,0.0,0.0
2020-01-09,1.9322761630626686,0.003540730885064791,0.0,0.0
2020-01-10,1.9314051057179022,-0.0004507934018012083,0.0,0.0
2020-01-13,1.9340350622640474,0.0013616804358438372,0.0,0.0
2020-01-14,1.9362108829349327,0.0011250161454354757,0.0,0.0
2020-01-15,1.938325982015023,0.0010923908644104863,0.0,0.0
2020-01-16,1.943690725431844,0.00276771991223268,0.0,0.0
2020-01-17,1.9464399317164163,0.0014144257872925614,0.0,0.0
2020-01-21,1.9433894807446568,-0.0015671950220778053,0.0,0.0
2020-01-22,1.9458516643579409,0.0012669532472413536,0.0,0.0
2020-01-23,1.9447883706160127,-0.0005464413148260627,0.0,0.0
2020-01-24,1.942306865830266,-0.0012759767711695291,0.0,0.0
2020-01-27,1.92430819917067,-0.009266644203464791,0.0,0.0
2020-01-28,1.9326179644450407,0.004318313084126446,0.0,0.0
2020-01-29,1.9359291763999038,0.0017133298022580234,0.0,0.0
2020-01-30,1.9357045019933903,-0.00011605507538836601,0.0,0.0
2020-01-31,1.922252627181062,-0.006949343145338238,0.0,0.0
2020-02-03,1.9236268980898612,0.0007149273146342949,0.02877409575997292,5.535221728209797e-05
2020-02-04,1.9373393544267765,0.007128438654362634,0.0,0.0
2020-02-05,1.9461351236213713,0.004540128281860678,0.0,0.0
2020-02-06,1.948395392213775,0.001161414007161854,0.0,0.0
2020-02-07,1.942691085476941,-0.0029276946350980104,0.0,0.0
2020-02-10,1.9469640556772219,0.00219951089096182,0.0,0.0
2020-02-11,1.9522484300731648,0.0027141612504524293,0.0,0.0
2020-02-12,1.955219341858776,0.00152178981929052,0.0,0.0
2020-02-13,1.9475894963647296,-0.003902296448639375,0.0,0.0
2020-02-14,1.9482388440934062,0.00033341098310946116,0.0,0.0
2020-02-18,1.943823041903241,-0.0022665610038280493,0.0,0.0
2020-02-19,1.945767991400389,0.0010005795050374022,0.0,0.0
2020-02-20,1.9431771566050788,-0.0013315229805200834,0.0,0.0
2020-02-21,1.9405411225782316,-0.0013565587768912257,0.0,0.0
2020-02-24,1.9018689153880088,-0.019928568758616372,0.0,0.0
2020-02-25,1.8874683420145288,-0.007571801219823815,0.0,0.0
2020-02-26,1.8849986238086425,-0.00130848192306654,0.0,0.0
2020-02-27,1.85268616117042,-0.01714190250862635,0.0,0.0
2020-02-28,1.8581045272939511,0.0029246000953060403,0.0,0.0
2020-03-02,1.8684375769137898,0.0055610701486676906,0.040517090904414986,7.570672256920126e-05
2020-03-03,1.8715197540512105,0.0016496013436593238,0.0,0.0
2020-03-04,1.900579813413791,0.015527519439575865,0.0,0.0
2020-03-05,1.8748838647365478,-0.013520057666554175,0.0,0.0
2020-03-06,1.8675510192384464,-0.0039110931807671,0.0,0.0
2020-03-09,1.7734405697798064,-0.05039243827299378,0.0,0.0
2020-03-10,1.7836357878151043,0.005748835460871238,0.0,0.0
2020-03-11,1.709165115578024,-0.04175217426440203,0.0,0.0
2020-03-12,1.575954513390918,-0.07793898961134327,0.0,0.0
2020-03-13,1.6569572211649737,0.051399140702205415,0.0,0.0
2020-03-16,1.5636296765308977,-0.05632465548414056,0.0,0.0
2020-03-17,1.5626073784295362,-0.0006537980934395726,0.0,0.0
2020-03-18,1.479087683850096,-0.05344893140296059,0.0,0.0
2020-03-19,1.4511751387633258,-0.018871460692656994,0.0,0.0
2020-03-20,1.4544197898244602,0.002235878340569819,0.0,0.0
2020-03-23,1.5022368416546734,0.03287706353059483,0.0,0.0
2020-03-24,1.5772957971185941,0.04996479475316651,0.0,0.0
2020-03-25,1.6413231653426417,0.040593126755940734,0.0,0.0
2020-03-26,1.6765617865196414,0.021469642250277587,0.0,0.0
2020-03-27,1.6518183254993308,-0.01475845460588443,0.0,0.0
2020-03-30,1.6782445924587095,0.015998289007594257,0.0,0.0
2020-03-31,1.6683710177404496,-0.0058832751570464525,0.0,0.0
2020-04-01,1.6188994839341504,-0.029652597222229793,1.0,0.001620520003938088
2020-04-02,1.6343020551762537,0.009514223331934746,0.0,0.0
2020-04-03,1.6341642799066367,-8.430220667021704e-05,0.0,0.0
2020-04-06,1.6730089385781446,0.023770351089626773,0.0,0.0
2020-04-07,1.669725920441548,-0.0019623434525022354,0.0,0.0
2020-04-08,1.6770653600057044,0.004395595393413831,0.0,0.0
2020-04-09,1.73841588056389,0.03658206890516014,0.0,0.0
2020-04-13,1.744613663417066,0.0035651899654560726,0.0,0.0
2020-04-14,1.7472256811218545,0.0014971897558526681,0.0,0.0
2020-04-15,1.7485304243954753,0.0007467514286896293,0.0,0.0
2020-04-16,1.7434386561797643,-0.002912027234225234,0.0,0.0
2020-04-17,1.7292987844757377,-0.008110335086300102,0.0,0.0
2020-04-20,1.730485447973412,0.0006862107973053533,0.0,0.0
2020-04-21,1.7215147014237462,-0.005183947984174875,0.0,0.0
2020-04-22,1.7389466311305468,0.010125925554039128,0.0,0.0
2020-04-23,1.751333568505817,0.007123241825550908,0.0,0.0
2020-04-24,1.746942179803117,-0.002507454194717651,0.0,0.0
2020-04-27,1.734092302178055,-0.007355639913915302,0.0,0.0
2020-04-28,1.7325260984258153,-0.0009031836138552185,0.0,0.0
2020-04-29,1.7430132220461663,0.006053082623043604,0.0,0.0
2020-04-30,1.7212770811364,-0.012470439486540252,0.0,0.0
2020-05-01,1.7231684320810812,0.0010988067902655274,0.004423203098960883,7.621957662279134e-06
2020-05-04,1.727531075188463,0.002531756632816684,0.0,0.0
2020-05-05,1.7300566888259046,0.0014619787011160845,0.0,0.0
2020-05-06,1.7092273640601017,-0.012039677601511811,0.0,0.0
2020-05-07,1.7246667110728129,0.009032939290204434,0.0,0.0
2020-05-08,1.715341326380729,-0.005407064815603269,0.0,0.0
2020-05-11,1.7024974943380442,-0.007487624675716509,0.0,0.0
2020-05-12,1.71396350499359,0.00673481793287678,0.0,0.0
2020-05-13,1.7242149047259328,0.005981107358748128,0.0,0.0
2020-05-14,1.738974790884132,0.008560351797066268,0.0,0.0
2020-05-15,1.7469563315976695,0.004589796675246616,0.0,0.0
2020-05-18,1.745170727758716,-0.001022122766698108,0.0,0.0
2020-05-19,1.7543079707031186,0.00523573012030587,0.0,0.0
2020-05-20,1.7659439180839496,0.006632784878795928,0.0,0.0
2020-05-21,1.7523309133132257,-0.007708628021151465,0.0,0.0
2020-05-22,1.7575075727098715,0.0029541562939490174,0.0,0.0
2020-05-26,1.7437890345894516,-0.0078056779574881,0.0,0.0
2020-05-27,1.748977617877972,0.0029754650279365524,0.0,0.0
2020-05-28,1.7526286355277645,0.0020875153646748856,0.0,0.0
2020-05-29,1.7647512643844752,0.00691682687990558,0.0,0.0
2020-06-01,1.768402164768069,0.002068790348688232,0.0019185089676230038,3.392701920400313e-06
2020-06-02,1.7654964539140818,-0.0016431278539903449,0.0,0.0
2020-06-03,1.7487512644518315,-0.009484691643037002,0.0,0.0
2020-06-04,1.7551407209388876,0.003653725156309795,0.0,0.0
2020-06-05,1.7420411751218179,-0.007463530223412729,0.0,0.0
2020-06-08,1.7542353250195037,0.0069999205942035125,0.0,0.0
2020-06-09,1.7606744691927974,0.0036706273562367997,0.0,0.0
2020-06-10,1.7789983544813932,0.010407310158246696,0.0,0.0
2020-06-11,1.761943682028455,-0.009586671291727966,0.0,0.0
2020-06-12,1.767485250587065,0.0031451451116928375,0.0,0.0
2020-06-15,1.7785457867066516,0.006257781283274033,0.0,0.0
2020-06-16,1.7756286541822504,-0.001640178479634713,0.0,0.0
2020-06-17,1.775556976894682,-4.0367273528518766e-05,0.0,0.0
2020-06-18,1.7758430840841288,0.00016113658596705882,0.0,0.0
2020-06-19,1.7861855757116667,0.005823989585696854,0.0,0.0
2020-06-22,1.7910389529581985,0.002717174134942768,0.0,0.0
2020-06-23,1.796869616635108,0.0032554644706521696,0.0,0.0
2020-06-24,1.791250954467758,-0.0031269170090769682,0.0,0.0
2020-06-25,1.7916512353748404,0.00022346444873289073,0.0,0.0
2020-06-26,1.7964552170836434,0.002681315210210533,0.0,0.0
2020-06-29,1.8011055389499224,0.002588609959244259,0.0,0.0
2020-06-30,1.8076559478424854,0.003636882320833923,0.0,0.0
2020-07-01,1.8071656232456672,-0.0002712488498729515,0.00375532939205076,6.786527666925036e-06
2020-07-02,1.8113308699528896,0.002304850564687877,0.0,0.0
2020-07-06,1.8191017482189364,0.004290148417913864,0.0,0.0
2020-07-07,1.8260572403562945,0.003823586088116393,0.0,0.0
2020-07-08,1.830275859746202,0.0023102339273244343,0.0,0.0
2020-07-09,1.8328787902474186,0.0014221520146024957,0.0,0.0
2020-07-10,1.8288155684591207,-0.0022168524235851583,0.0,0.0
2020-07-13,1.8275396855738801,-0.0006976553061146529,0.0,0.0
2020-07-14,1.8371227100953471,0.005243675197377673,0.0,0.0
2020-07-15,1.8397472769057113,0.0014286290164187143,0.0,0.0
2020-07-16,1.8335648252240955,-0.0033604896494339176,0.0,0.0
2020-07-17,1.8435847420515614,0.005464719157797671,0.0,0.0
2020-07-20,1.850579938264502,0.003794344818213391,0.0,0.0
2020-07-21,1.8629585749776818,0.006689058093209743,0.0,0.0
2020-07-22,1.8802397760011262,0.009276213253239574,0.0,0.0
2020-07-23,1.889315583907077,0.004826941766572501,0.0,0.0
2020-07-24,1.8954796986100204,0.0032626178259727023,0.0,0.0
2020-07-27,1.9118057465494376,0.008613148403219029,0.0,0.0
2020-07-28,1.9191096468482902,0.003820419680208298,0.0,0.0
2020-07-29,1.931623840763966,0.0065208332083721565,0.0,0.0
2020-07-30,1.9231885980942858,-0.004366917870688658,0.0,0.0
2020-07-31,1.9335194563751905,0.005371734364035818,0.0,0.0
2020-08-03,1.9358241554294962,0.0011919709660570543,0.04006167609055907,7.755546728510597e-05
2020-08-04,1.9599899818231417,0.012483482203621943,0.0,0.0
2020-08-05,1.9678358728604834,0.0040030260920229654,0.0,0.0
2020-08-06,1.9852102881086364,0.008829199369608576,0.0,0.0
2020-08-07,1.9664208989109215,-0.009464684577882188,0.0,0.0
2020-08-10,1.9608791479232135,-0.002818191665262093,0.0,0.0
2020-08-11,1.9015534236848586,-0.030254656081782128,0.0,0.0
2020-08-12,1.8947934912926923,-0.0035549526550070487,0.0,0.0
2020-08-13,1.9081659188679208,0.007057459103949837,0.0,0.0
2020-08-14,1.8998457880570687,-0.004360276393463813,0.0,0.0
2020-08-17,1.9224535662021764,0.011899796439914345,0.0,0.0
2020-08-18,1.9339432853971394,0.005976591266992681,0.0,0.0
2020-08-19,1.9004524180012985,-0.01731739893756168,0.0,0.0
2020-08-20,1.910382463838174,0.0052250957418438215,0.0,0.0
2020-08-21,1.904468763067851,-0.0030955585503238403,0.0,0.0
2020-08-24,1.8974181978734417,-0.0037021164805306483,0.0,0.0
2020-08-25,1.8944341055348808,-0.0015727119840557302,0.0,0.0
2020-08-26,1.905942138515667,0.006074654667145074,0.0,0.0
2020-08-27,1.8873266926559262,-0.00976705718581694,0.0,0.0
2020-08-28,1.9066209391212907,0.010223055997906183,0.0,0.0
2020-08-31,1.913116636842548,0.003406916177187913,0.0,0.0
2020-09-01,1.9202532210525358,0.0037303445448919614,0.004899922466411161,9.409138003080163e-06
2020-09-02,1.9114534235429028,-0.004582623485880455,0.0,0.0
2020-09-03,1.9016589008287808,-0.0051241231376528695,0.0,0.0
2020-09-04,1.8940283532877666,-0.004012574251717083,0.0,0.0
2020-09-08,1.893129007336744,-0.00047483235900958043,0.0,0.0
2020-09-09,1.9028950441427535,0.0051586747486100926,0.0,0.0
2020-09-10,1.9005394955828525,-0.001237876238708746,0.0,0.0
2020-09-11,1.9011926500891678,0.0003436679468293846,0.0,0.0
2020-09-14,1.9110617723195968,0.005191016402238846,0.0,0.0
2020-09-15,1.909836433369199,-0.0006411822831401404,0.0,0.0
2020-09-16,1.913168940109109,0.001744917356106157,0.0,0.0
2020-09-17,1.9081403085922894,-0.0026284304597443686,0.0,0.0
2020-09-18,1.9076225297913294,-0.00027135258273647267,0.0,0.0
2020-09-21,1.887612478296492,-0.010489523573107618,0.0,0.0
2020-09-22,1.8836624588605764,-0.0020926008284710695,0.0,0.0
2020-09-23,1.8567246705610558,-0.014300751269319845,0.0,0.0
2020-09-24,1.857699783573219,0.0005251791111648973,0.0,0.0
2020-09-25,1.854118016714379,-0.0019280654982639645,0.0,0.0
2020-09-28,1.8680447817469554,0.007511261369034017,0.0,0.0
2020-09-29,1.8745769457331467,0.0034967919666692993,0.0,0.0
2020-09-30,1.868884225579575,-0.0030368026057981945,0.0,0.0
2020-10-01,1.8796995081995564,0.005787026543405904,0.013494155621288462,2.5365299968208806e-05
2020-10-02,1.8789975946260158,-0.0003734179694566686,0.0,0.0
2020-10-05,1.8804357858967,0.000765403465548653,0.0,0.0
2020-10-06,1.8685712792560423,-0.006309445251809098,0.0,0.0
2020-10-07,1.8684293969243058,-7.593091754731773e-05,0.0,0.0
2020-10-08,1.8740441793651994,0.003005081406948662,0.0,0.0
2020-10-09,1.8931928755275518,0.010217846715245837,0.0,0.0
2020-10-12,1.8958969156349483,0.0014282961563771845,0.0,0.0
2020-10-13,1.880053951413307,-0.00835644812277958,0.0,0.0
2020-10-14,1.8838529891411868,0.002020706759518154,0.0,0.0
2020-10-15,1.8862955791252491,0.0012965926737074085,0.0,0.0
2020-10-16,1.8814306010813602,-0.0025791175559797264,0.0,0.0
2020-10-19,1.880090924407829,-0.0007120521334994523,0.0,0.0
2020-10-20,1.8826622481125606,0.00136765922932236,0.0,0.0
2020-10-21,1.8882278418559735,0.0029562359095438584,0.0,0.0
2020-10-22,1.8768273864104703,-0.006037648207907753,0.0,0.0
2020-10-23,1.8781990479061523,0.0007308405160824094,0.0,0.0
2020-10-26,1.8796776630883814,0.0007872515875659847,0.0,0.0
2020-10-27,1.885984850579129,0.0033554622766462927,0.0,0.0
2020-10-28,1.8661130947164928,-0.01053654055414821,0.0,0.0
2020-10-29,1.8598330711211983,-0.003365296354800207,0.0,0.0
2020-10-30,1.859159936210172,-0.00036193297209219377,0.0,0.0
2020-11-02,1.8718079485107477,0.006803079204878992,0.00022363186127447976,4.185959890850571e-07
2020-11-03,1.8780289695688854,0.0033235359765872996,0.0,0.0
2020-11-04,1.8915446763670696,0.007196750964542753,0.0,0.0
2020-11-05,1.9167281169498944,0.013313690602958728,0.0,0.0
2020-11-06,1.9150922043765473,-0.0008534922396560285,0.0,0.0
2020-11-09,1.865233705824339,-0.026034515956081417,0.0,0.0
2020-11-10,1.8658397557190702,0.0003249190130110158,0.0,0.0
2020-11-11,1.8635880959400044,-0.0012067808996802931,0.0,0.0
2020-11-12,1.8729367062183195,0.005016457391352702,0.0,0.0
2020-11-13,1.8803670716043852,0.003967227168647058,0.0,0.0
2020-11-16,1.8833882412257097,0.0016066914098569196,0.0,0.0
2020-11-17,1.8830426108128582,-0.000183515222876518,0.0,0.0
2020-11-18,1.8797557089561132,-0.001745527072977926,0.0,0.0
2020-11-19,1.883328661506652,0.0019007536636359568,0.0,0.0
2020-11-20,1.8852785015166196,0.0010353158478497715,0.0,0.0
2020-11-23,1.868265017833307,-0.00902438746828449,0.0,0.0
2020-11-24,1.852211180534921,-0.008592912218098547,0.0,0.0
2020-11-25,1.8523487562610992,7.427647971458562e-05,0.0,0.0
2020-11-27,1.8467239032283462,-0.0030366058301605214,0.0,0.0
2020-11-30,1.8441856236567338,-0.0013744770223502734,0.0,0.0
2020-12-01,1.858913697433211,0.007986220902901131,0.03684942592811475,6.85024268754279e-05
2020-12-02,1.862798996179003,0.0020900909768737375,0.0,0.0
2020-12-03,1.8738180584010582,0.005915325402610527,0.0,0.0
2020-12-04,1.8660109834254337,-0.004166399688925182,0.0,0.0
2020-12-07,1.8808575020047678,0.0079562868124603,0.0,0.0
2020-12-08,1.8831090051132384,0.001197062034774543,0.0,0.0
2020-12-09,1.863348802509186,-0.010493392868069384,0.0,0.0
2020-12-10,1.866136844535006,0.0014962534239781888,0.0,0.0
2020-12-11,1.8688298168993063,0.001443073358841085,0.0,0.0
2020-12-14,1.86296605601534,-0.003137664452344424,0.0,0.0
2020-12-15,1.8778969082365524,0.008014559456412051,0.0,0.0
2020-12-16,1.8823970892895194,0.0023963940902340664,0.0,0.0
2020-12-17,1.8937994157506943,0.00605734386546386,0.0,0.0
2020-12-18,1.8914847875001537,-0.0012222140482723853,0.0,0.0
2020-12-21,1.8865998265201547,-0.002582606538673371,0.0,0.0
2020-12-22,1.8815785462081278,-0.0026615502882180175,0.0,0.0
2020-12-23,1.8881168925246878,0.0034749260559632233,0.0,0.0
2020-12-24,1.8951193943723719,0.0037087226301548704,0.0,0.0
2020-12-28,1.8922326624891768,-0.0015232453911702137,0.0,0.0
2020-12-29,1.8961342298178674,0.0020618856264527086,0.0,0.0
2020-12-30,1.9047246809392657,0.004530507907250625,0.0,0.0
2020-12-31,1.9085324981513172,0.001999143104594925,0.0,0.0
2021-01-04,1.9254137990435372,0.008845173403424722,0.03435558211379329,6.615098453165169e-05
2021-01-05,1.9251827570257047,-0.00011999603303314288,0.0,0.0
2021-01-06,1.9017253653589878,-0.012184501227798905,0.0,0.0
2021-01-07,1.8993678392857978,-0.0012396774613904205,0.0,0.0
2021-01-08,1.8662479988940783,-0.01743729661347393,0.0,0.0
2021-01-11,1.8603900470582464,-0.003138892494086165,0.0,0.0
2021-01-12,1.8683346974205453,0.004270421880003816,0.0,0.0
2021-01-13,1.8717302154038313,0.0018174034812787898,0.0,0.0
2021-01-14,1.867121841050393,-0.002462093262967424,0.0,0.0
2021-01-15,1.8572408344295557,-0.005292105958804694,0.0,0.0
2021-01-19,1.866578155636367,0.005027523105090026,0.0,0.0
2021-01-20,1.8811348282885378,0.007798587274910007,0.0,0.0
2021-01-21,1.8767713100727428,-0.0023196201304533925,0.0,0.0
2021-01-22,1.8687842913279626,-0.00425572295458343,0.0,0.0
2021-01-25,1.8736391727287292,0.0025978821757521864,0.0,0.0
2021-01-26,1.8712988241098314,-0.0012490924896116917,0.0,0.0
2021-01-27,1.8638095437457178,-0.004002183011938887,0.0,0.0
2021-01-28,1.8631133762319472,-0.0003735185905162641,0.0,0.0
2021-01-29,1.8612727357335093,-0.0009879379977189018,0.0,0.0
2021-02-01,1.8716687415657687,0.005585428525692437,0.017002307805494762,3.18232291223607e-05
2021-02-02,1.8577970096014442,-0.007411424712216896,0.0,0.0
2021-02-03,1.8541918404761173,-0.0019405613781778852,0.0,0.0
2021-02-04,1.835905436844611,-0.009862196150539959,0.0,0.0
2021-02-05,1.8423373832800434,0.0035034192428162747,0.0,0.0
2021-02-08,1.8555252921517782,0.007158248533314593,0.0,0.0
2021-02-09,1.8570837105557176,0.0008398799038369376,0.0,0.0
2021-02-10,1.862676039298643,0.0030113498444568343,0.0,0.0
2021-02-11,1.8521349196500756,-0.005659126668390746,0.0,0.0
2021-02-12,1.8463047881396144,-0.0031477898551595107,0.0,0.0
2021-02-16,1.8265887840248178,-0.010678629141542162,0.0,0.0
2021-02-17,1.8209537060653964,-0.003085028227866826,0.0,0.0
2021-02-18,1.8191057392980994,-0.0010148345678100412,0.0,0.0
2021-02-19,1.8161172292218066,-0.0016428457190431622,0.0,0.0
2021-02-22,1.8238177798701969,0.004240117611620242,0.0,0.0
2021-02-23,1.8224128748119517,-0.0007703099913551892,0.0,0.0
2021-02-24,1.823148769622684,0.00040380246480009596,0.0,0.0
2021-02-25,1.7915747822945132,-0.017318382270419597,0.0,0.0
2021-02-26,1.7819758596480861,-0.005357812992954458,0.0,0.0
2021-03-01,1.7813175308379845,-0.00036943755805518563,0.025893001007942874,4.612485093226654e-05
2021-03-02,1.7851588693286613,0.0021564591512608366,0.0,0.0
2021-03-03,1.768683033585927,-0.009229338646442375,0.0,0.0
2021-03-04,1.752758285547173,-0.009003732006444998,0.0,0.0
2021-03-05,1.7521637950240727,-0.0003391742763405592,0.0,0.0
2021-03-08,1.7349095151824239,-0.009847412605287764,0.0,0.0
2021-03-09,1.75991967760576,0.014415831030073267,0.0,0.0
2021-03-10,1.7685530874259512,0.004905570367811585,0.0,0.0
2021-03-11,1.7683201929749717,-0.00013168643488026266,0.0,0.0
2021-03-12,1.7580440651334703,-0.005811237061209562,0.0,0.0
2021-03-15,1.7649244358179028,0.003913650869672658,0.0,0.0
2021-03-16,1.765144831143989,0.000124875219365439,0.0,0.0
2021-03-17,1.7723498016899775,0.0040818013450596435,0.0,0.0
2021-03-18,1.762123476772589,-0.005769924711045982,0.0,0.0
2021-03-19,1.767154008056214,0.0028548120208002903,0.0,0.0
2021-03-22,1.7689312003335962,0.0010056804722622381,0.0,0.0
2021-03-23,1.7649310387390966,-0.0022613437954767113,0.0,0.0
2021-03-24,1.770647877833412,0.0032391288774658022,0.0,0.0
2021-03-25,1.7663835987967549,-0.0024083156736250944,0.0,0.0
2021-03-26,1.768313159187158,0.001092379023286627,0.0,0.0
2021-03-29,1.7555816622464753,-0.007199797657183593,0.0,0.0
2021-03-30,1.7431701658735925,-0.007069734572757391,0.0,0.0
2021-03-31,1.7586403155031638,0.008874721431351595,0.0,0.0
2021-04-01,1.7734912165136565,0.008444535747063053,1.0051934419428816,0.0017844955033599844
2021-04-05,1.7652767489821937,-0.004631806154422824,0.0,0.0
2021-04-06,1.7771803218443618,0.006743176597681533,0.0,0.0
2021-04-07,1.7692249570675698,-0.004476397065063087,0.0,0.0
2021-04-08,1.7797704920942303,0.0059605393788584315,0.0,0.0
2021-04-09,1.7747133443012852,-0.0028414606351824245,0.0,0.0
2021-04-12,1.774122639098538,-0.00033284541677902624,0.0,0.0
2021-04-13,1.7847019011144138,0.005963095099925653,0.0,0.0
2021-04-14,1.7806430621104083,-0.0022742391888925795,0.0,0.0
2021-04-15,1.8010385246934228,0.01145398705501477,0.0,0.0
2021-04-16,1.7878993178417981,-0.0072953502501348355,0.0,0.0
2021-04-19,1.783011696524955,-0.0027337229049022582,0.0,0.0
2021-04-20,1.7888361064463525,0.0032666134118746193,0.0,0.0
2021-04-21,1.7936968933331439,0.0027172902365257823,0.0,0.0
2021-04-22,1.798512677227826,0.0026848370605878635,0.0,0.0
2021-04-23,1.7971320023553563,-0.0007676759190810012,0.0,0.0
2021-04-26,1.7954345668468785,-0.00094452466833439,0.0,0.0
2021-04-27,1.7835619376306704,-0.006612677195504069,0.0,0.0
2021-04-28,1.7842777947757194,0.0004013637709716633,0.0,0.0
2021-04-29,1.7805473451774319,-0.002090733634196429,0.0,0.0
2021-04-30,1.784444542720573,0.0021887637830562134,0.0,0.0
2021-05-03,1.7871212447617513,0.0015000197412116112,0.001126953068173254,2.0140040396697206e-06
2021-05-04,1.7937290877096095,0.0036974788180861307,0.0,0.0
2021-05-05,1.7963031738621027,0.0014350473380460027,0.0,0.0
2021-05-06,1.7994890770003957,0.0017735887708996145,0.0,0.0
2021-05-07,1.7953785412466126,-0.002284279358136021,0.0,0.0
2021-05-10,1.7814475695355934,-0.007759350683419819,0.0,0.0
2021-05-11,1.7731473255026784,-0.004659269335150151,0.0,0.0
2021-05-12,1.7590228508240302,-0.007965764872156944,0.0,0.0
2021-05-13,1.7637148176579078,0.0026673711667131172,0.0,0.0
2021-05-14,1.7767423966353029,0.0073864430048247165,0.0,0.0
2021-05-17,1.7738500539068263,-0.001627890871492621,0.0,0.0
2021-05-18,1.768663645513116,-0.002923814435322414,0.0,0.0
2021-05-19,1.7649692765777258,-0.0020887911303895113,0.0,0.0
2021-05-20,1.7782546978326499,0.007527281880330694,0.0,0.0
2021-05-21,1.781705994612864,0.00194083377618548,0.0,0.0
2021-05-24,1.7874477274118865,0.0032226039629339454,0.0,0.0
2021-05-25,1.7990414092830536,0.006486165549553613,0.0,0.0
2021-05-26,1.7970167460843727,-0.0011254122268857802,0.0,0.0
2021-05-27,1.7906805291541386,-0.0035259643206110303,0.0,0.0
2021-05-28,1.790010292800888,-0.0003742914173345824,0.0,0.0
2021-06-01,1.7899216740482247,-4.95073983762806e-05,0.0023673731944244838,4.23742262282144e-06
2021-06-02,1.7934230109677967,0.0019561397408263126,0.0,0.0
2021-06-03,1.7865158399750585,-0.003851389744916278,0.0,0.0
2021-06-04,1.8050854085745018,0.010394292725500076,0.0,0.0
2021-06-07,1.8015524129423681,-0.001957245687850162,0.0,0.0
2021-06-08,1.8113013944727605,0.005411433750334149,0.0,0.0
2021-06-09,1.8225985639904247,0.006237045669007957,0.0,0.0
2021-06-10,1.8321874904588837,0.005261129169039203,0.0,0.0
2021-06-11,1.8314465147467445,-0.00040442133569729144,0.0,0.0
2021-06-14,1.821052712498901,-0.005675187434715068,0.0,0.0
2021-06-15,1.8206329031821193,-0.00023053111746873522,0.0,0.0
2021-06-16,1.817269042386021,-0.00184763265028276,0.0,0.0
2021-06-17,1.8359697254952885,0.01029054183673006,0.0,0.0
2021-06-18,1.8581532651062398,0.012082737151325684,0.0,0.0
2021-06-21,1.8370439782882495,-0.011360358273128424,0.0,0.0
2021-06-22,1.840807939322883,0.002048922660055519,0.0,0.0
2021-06-23,1.8369822272305354,-0.0020782787876038045,0.0,0.0
2021-06-24,1.840241792748921,0.0017744132033872262,0.0,0.0
2021-06-25,1.8282110689246194,-0.006537577763805813,0.0,0.0
2021-06-28,1.841545091688399,0.0072934810375167025,0.0,0.0
2021-06-29,1.844188745325754,0.001435562804998236,0.0,0.0
2021-06-30,1.8493542402864867,0.002800957859560249,0.0,0.0
2021-07-01,1.848586627902956,-0.0004150704969383412,0.0113248275637972,2.0935161884841224e-05
2021-07-02,1.85678510962609,0.004435000015354573,0.0,0.0
2021-07-06,1.8710646797537542,0.007690480742028383,0.0,0.0
2021-07-07,1.882572089391846,0.006150193396631476,0.0,0.0
2021-07-08,1.886774062300992,0.0022320382485343515,0.0,0.0
2021-07-09,1.8694425194856694,-0.009185807226004705,0.0,0.0
2021-07-12,1.867741210684824,-0.0009100621084159322,0.0,0.0
2021-07-13,1.8571115880415594,-0.005691164590927,0.0,0.0
2021-07-14,1.8719669052089603,0.00799915161967557,0.0,0.0
2021-07-15,1.884354084885183,0.006617200144807045,0.0,0.0
2021-07-16,1.8812478442605345,-0.0016484378650298837,0.0,0.0
2021-07-19,1.908775202176535,0.014632499380654806,0.0,0.0
2021-07-20,1.8981049011337854,-0.005590129749476258,0.0,0.0
2021-07-21,1.8826118635095561,-0.00816237164498912,0.0,0.0
2021-07-22,1.8954507695150071,0.006819730744454633,0.0,0.0
2021-07-23,1.8886251938601681,-0.0036010303008742195,0.0,0.0
2021-07-26,1.8837351296599796,-0.002589218981132957,0.0,0.0
2021-07-27,1.8978661860668709,0.007501615372773829,0.0,0.0
2021-07-28,1.8995855595543465,0.0009059508515922854,0.0,0.0
2021-07-29,1.8915737731968707,-0.004217649643196597,0.0,0.0
2021-07-30,1.896820532850759,0.002773753648011912,0.0,0.0
2021-08-02,1.9080599114706884,0.0059253779813515095,0.013730437046571826,2.619885621728221e-05
2021-08-03,1.9095478877664163,0.0007798373032117389,0.0,0.0
2021-08-04,1.9117207482693634,0.001137892648237715,0.0,0.0
2021-08-05,1.902921110658235,-0.004602993203423944,0.0,0.0
2021-08-06,1.8792514102764752,-0.012438613586861935,0.0,0.0
2021-08-09,1.8718310873941175,-0.003948552514996373,0.0,0.0
2021-08-10,1.8654241590245881,-0.0034228133150886464,0.0,0.0
2021-08-11,1.866324949082582,0.00048288752648351085,0.0,0.0
2021-08-12,1.8661363378139741,-0.00010106025143186148,0.0,0.0
2021-08-13,1.8870694261366499,0.011217341358454647,0.0,0.0
2021-08-16,1.8899094242754928,0.0015049780890452613,0.0,0.0
2021-08-17,1.8878474747193477,-0.0010910308873324226,0.0,0.0
2021-08-18,1.8903834918990032,0.0013433379622114217,0.0,0.0
2021-08-19,1.899520482941891,0.004833406069214563,0.0,0.0
2021-08-20,1.9007841787855293,0.0006652709749572772,0.0,0.0
2021-08-23,1.900851847195848,3.56002596579863e-05,0.0,0.0
2021-08-24,1.891271172395048,-0.005040200694721997,0.0,0.0
2021-08-25,1.8809670874601372,-0.0054482324297588924,0.0,0.0
2021-08-26,1.883283087356798,0.0012312814573423037,0.0,0.0
2021-08-27,1.8949334042340489,0.00618617400403787,0.0,0.0
2021-08-30,1.8990141419495612,0.0021534992767526795,0.0,0.0
2021-08-31,1.8903839497663122,-0.004544564462478973,0.0,0.0
2021-09-01,1.893178135036937,0.001478104631056576,0.0027825092229663674,5.267800279160889e-06
2021-09-02,1.8989906875376799,0.0030702617958502376,0.0,0.0
2021-09-03,1.8869142436436133,-0.006359401324777192,0.0,0.0
2021-09-07,1.8744879443930853,-0.006585513513604591,0.0,0.0
2021-09-08,1.8838556773307866,0.0049974890293222884,0.0,0.0
2021-09-09,1.9013958298153435,0.009310772951253599,0.0,0.0
2021-09-10,1.8902727544526248,-0.005849952539234815,0.0,0.0
2021-09-13,1.8983046224702689,0.0042490524178189215,0.0,0.0
2021-09-14,1.9126818261229475,0.007573707339957547,0.0,0.0
2021-09-15,1.908192195538757,-0.0023472960964401324,0.0,0.0
2021-09-16,1.9024763147175168,-0.002995442930017078,0.0,0.0
2021-09-17,1.8957978270028462,-0.0035104183232169683,0.0,0.0
2021-09-20,1.9104998118206469,0.007755038331826558,0.0,0.0
2021-09-21,1.9096027705596652,-0.00046953224252177517,0.0,0.0
2021-09-22,1.9179849201413233,0.004389472884563039,0.0,0.0
2021-09-23,1.8895985865622253,-0.014800081732137094,0.0,0.0
2021-09-24,1.8783504058660652,-0.005952682636487405,0.0,0.0
2021-09-27,1.8744272097916104,-0.002088639085765176,0.0,0.0
2021-09-28,1.8498529774410117,-0.01311026228291401,0.0,0.0
2021-09-29,1.851231923577618,0.0007454355310516636,0.0,0.0
2021-09-30,1.848655793536997,-0.0013915760677044586,0.0,0.0
2021-10-01,1.8631314915699102,0.007830391186677943,0.00677955393406198,1.26312860678335e-05
2021-10-04,1.8592281466877214,-0.0020950453040218253,0.0,0.0
2021-10-05,1.846424335626795,-0.006886627165007542,0.0,0.0
2021-10-06,1.8518942582493403,0.0029624407114892115,0.0,0.0
2021-10-07,1.8381074301772355,-0.007444716678984609,0.0,0.0
2021-10-08,1.8274487508154413,-0.005798724920428877,0.0,0.0
2021-10-11,1.823400102693791,-0.002215464657952193,0.0,0.0
2021-10-12,1.8447609245109562,0.011714829776310776,0.0,0.0
2021-10-13,1.8584008019807168,0.007393845613559158,0.0,0.0
2021-10-14,1.8662499780816921,0.004223618550212471,0.0,0.0
2021-10-15,1.8574589070063752,-0.0047105538800076285,0.0,0.0
2021-10-18,1.861050720559224,0.0019337243689754313,0.0,0.0
2021-10-19,1.8430841911545879,-0.009653970848917726,0.0,0.0
2021-10-20,1.8346380765337074,-0.00458259837581787,0.0,0.0
2021-10-21,1.8315982015605772,-0.0016569344177537193,0.0,0.0
2021-10-22,1.8453521038096583,0.007509235506653278,0.0,0.0
2021-10-25,1.844359695969347,-0.000537787795761413,0.0,0.0
2021-10-26,1.8559575365915566,0.00628827481296379,0.0,0.0
2021-10-27,1.8785192772901838,0.012156388416117325,0.0,0.0
2021-10-28,1.873921702126001,-0.002447446358290639,0.0,0.0
2021-10-29,1.8763180197178944,0.0012787714605015932,0.0,0.0
2021-11-01,1.865963950429824,-0.005518291238085005,1.0052341047842444,0.0018776180469665662
2021-11-02,1.8733142990970442,0.003939169706642431,0.0,0.0
2021-11-03,1.8766480499451443,0.0017796003851073827,0.0,0.0
2021-11-04,1.886000785643645,0.004983745193337663,0.0,0.0
2021-11-05,1.896161326928215,0.00538734732345425,0.0,0.0
2021-11-08,1.894797957619327,-0.0007190154600908993,0.0,0.0
2021-11-09,1.8941803235572379,-0.00032596301869836086,0.0,0.0
2021-11-10,1.8768726184761273,-0.009137305918481387,0.0,0.0
2021-11-11,1.8745108342343146,-0.001258361499103855,0.0,0.0
2021-11-12,1.8806265211038329,0.00326255082543514,0.0,0.0
2021-11-15,1.8738653959919065,-0.003595145041322745,0.0,0.0
2021-11-16,1.8760736302658263,0.001178438045039476,0.0,0.0
2021-11-17,1.877480076996568,0.00074967565667583,0.0,0.0
2021-11-18,1.8828093004257074,0.002838497992300626,0.0,0.0
2021-11-19,1.88461372039378,0.0009583657610277019,0.0,0.0
2021-11-22,1.873797843141669,-0.005739041977180892,0.0,0.0
2021-11-23,1.8684606849197092,-0.002848310580297997,0.0,0.0
2021-11-24,1.8754156634762782,0.003722303933233695,0.0,0.0
2021-11-26,1.861689310455116,-0.007319099060801748,0.0,0.0
2021-11-29,1.8737382989862676,0.006472072683387786,0.0,0.0
2021-11-30,1.8574392998012206,-0.008698652951623642,0.0,0.0
2021-12-01,1.8472914223408934,-0.005463369630120951,0.010849555565545335,2.00425083847518e-05
2021-12-02,1.863593543322355,0.008824877755781113,0.0,0.0
2021-12-03,1.8631514400076243,-0.0002372316196923574,0.0,0.0
2021-12-06,1.869433344947531,0.003371655575072907,0.0,0.0
2021-12-07,1.8893069838568577,0.010630835789378956,0.0,0.0
2021-12-08,1.8856615146586901,-0.0019295271913544187,0.0,0.0
2021-12-09,1.878397306801458,-0.003852339245809411,0.0,0.0
2021-12-10,1.8884410338710647,0.005346966285161958,0.0,0.0
2021-12-13,1.8840633428080102,-0.0023181507839197257,0.0,0.0
2021-12-14,1.8733098684812548,-0.005707597023106636,0.0,0.0
2021-12-15,1.8893363777917358,0.008555183304230551,0.0,0.0
2021-12-16,1.880799566405178,-0.00451841794129626,0.0,0.0
2021-12-17,1.8727807063516437,-0.004263537804222728,0.0,0.0
2021-12-20,1.8586794466950038,-0.007529584007788359,0.0,0.0
2021-12-21,1.877114819329056,0.009918532572592342,0.0,0.0
2021-12-22,1.888103953392899,0.005854268450009137,0.0,0.0
2021-12-23,1.8926979198620901,0.0024331109846658094,0.0,0.0
2021-12-27,1.909117613556183,0.0086752849050995,0.0,0.0
2021-12-28,1.9071309038246205,-0.001040642921868895,0.0,0.0
2021-12-29,1.9033001721986516,-0.002008635913920087,0.0,0.0
2021-12-30,1.9042764735592317,0.0005129518584829906,0.0,0.0
2021-12-31,1.9004146818515688,-0.0020279574742867457,0.0,0.0
2022-01-03,1.89428597102234,-0.0032249334251920336,1.0356152815006259,0.0019637852251116984
2022-01-04,1.9004628572402757,0.003260799220617061,0.0,0.0
2022-01-05,1.8865282719241063,-0.007332206079735948,0.0,0.0
2022-01-06,1.8805159003612735,-0.0031870031593540515,0.0,0.0
2022-01-07,1.8792214763016832,-0.0006883345465685808,0.0,0.0
2022-01-10,1.8696235190448434,-0.005107411434935649,0.0,0.0
2022-01-11,1.8826071567991598,0.00694451991112599,0.0,0.0
2022-01-12,1.8911665655932999,0.004546571898033536,0.0,0.0
2022-01-13,1.887191265664294,-0.0021020358551858687,0.0,0.0
2022-01-14,1.8779269768830331,-0.00490903542731258,0.0,0.0
2022-01-18,1.8551670841553007,-0.012119689960207625,0.0,0.0
2022-01-19,1.8557746305595135,0.00032748877952926136,0.0,0.0
2022-01-20,1.8507239819823105,-0.0027215850966129107,0.0,0.0
2022-01-21,1.8442337524524373,-0.003506859798143136,0.0,0.0
2022-01-24,1.8322541674451842,-0.006495697734261063,0.0,0.0
2022-01-25,1.8241517026786491,-0.004422129260501451,0.0,0.0
2022-01-26,1.8143983999114515,-0.005346760772624082,0.0,0.0
2022-01-27,1.8123071517400084,-0.001152584885185659,0.0,0.0
2022-01-28,1.816309147390709,0.002208232554210321,0.0,0.0
2022-01-31,1.8297792051277737,0.007416170180288839,0.0,0.0
2022-02-01,1.8399154860857811,0.0055396197145543,0.004907152609722408,9.028790384866694e-06
2022-02-02,1.846839206209463,0.003763064214656442,0.0,0.0
2022-02-03,1.8247568609345355,-0.011956831542606405,0.0,0.0
2022-02-04,1.8178454013178387,-0.0037876057707529887,0.0,0.0
2022-02-07,1.8210645290407075,0.0017708479062823468,0.0,0.0
2022-02-08,1.8223669225287495,0.0007151825030209391,0.0,0.0
2022-02-09,1.8402957928910775,0.009838232981890016,0.0,0.0
2022-02-10,1.8160807029846446,-0.013158259666719796,0.0,0.0
2022-02-11,1.808764399047941,-0.0040286226953899495,0.0,0.0
2022-02-14,1.7948802392898253,-0.0076760465682670365,0.0,0.0
2022-02-15,1.8070016734830556,0.0067533387063341,0.0,0.0
2022-02-16,1.8117834095384278,0.0026462266889633046,0.0,0.0
2022-02-17,1.7975278641251764,-0.007868239292953438,0.0,0.0
2022-02-18,1.7958425686522794,-0.0009375629199034341,0.0,0.0
2022-02-22,1.7841131451910721,-0.0065314319116568376,0.0,0.0
2022-02-23,1.7687146763142545,-0.008630881353193787,0.0,0.0
2022-02-24,1.7609929276161562,-0.00436574016233604,0.0,0.0
2022-02-25,1.7864694880214564,0.01446715657159836,0.0,0.0
2022-02-28,1.778908877084118,-0.004232152291451685,0.0,0.0
2022-03-01,1.7609897688482972,-0.010073089446376082,1.0,0.0017627525213696664
2022-03-02,1.7384402277877213,-0.012805038086804665,0.0,0.0
2022-03-03,1.7467982457011546,0.004807768354549324,0.0,0.0
2022-03-04,1.7616056599667576,0.008476888674489924,0.0,0.0
2022-03-07,1.7642727903931634,0.0015140337517172142,0.0,0.0
2022-03-08,1.7838541191548287,0.011098810154693606,0.0,0.0
2022-03-09,1.7577484460701673,-0.014634421505851591,0.0,0.0
2022-03-10,1.7507669898857716,-0.003971817582888115,0.0,0.0
2022-03-11,1.744063612787011,-0.0038288231029520725,0.0,0.0
2022-03-14,1.718278206801075,-0.014784670580180959,0.0,0.0
2022-03-15,1.7082989714851307,-0.0058076947472450735,0.0,0.0
2022-03-16,1.7209153480864017,0.007385344609967648,0.0,0.0
2022-03-17,1.7334956920537525,0.007310263100006598,0.0,0.0
2022-03-18,1.7274780532106617,-0.0034713895573409426,0.0,0.0
2022-03-21,1.722212928314536,-0.0030478678940899506,0.0,0.0
2022-03-22,1.7138186822181916,-0.00487410468144589,0.0,0.0
2022-03-23,1.7280918273124428,0.008328270220381517,0.0,0.0
2022-03-24,1.734843536275904,0.003907031360689706,0.0,0.0
2022-03-25,1.7245137995903228,-0.005954275685146504,0.0,0.0
2022-03-28,1.7130686802102675,-0.006636722409976814,0.0,0.0
2022-03-29,1.7205728321279121,0.004380531851603031,0.0,0.0
2022-03-30,1.7295268165092965,0.005204071698790225,0.0,0.0
2022-03-31,1.727893295038315,-0.0009444903978294006,0.0,0.0
2022-04-01,1.7251621048618477,-0.0015806474765021061,0.00884367483582813,1.5256907621620751e-05
2022-04-04,1.7323349570040523,0.004157784431961575,0.0,0.0
2022-04-05,1.711731552258377,-0.011893430114293557,0.0,0.0
2022-04-06,1.70876340963461,-0.001734000065518937,0.0,0.0
2022-04-07,1.7081132996393258,-0.00038045641170614264,0.0,0.0
2022-04-08,1.706918601098836,-0.0006994258172113854,0.0,0.0
2022-04-11,1.7031228940730303,-0.0022237188248825923,0.0,0.0
2022-04-12,1.7104203546317673,0.004284752782158341,0.0,0.0
2022-04-13,1.7189232718207181,0.004971244154061472,0.0,0.0
2022-04-14,1.7063040245164918,-0.007341367419419376,0.0,0.0
2022-04-18,1.7027745116295545,-0.002068513486591206,0.0,0.0
2022-04-19,1.6828847069332662,-0.011680821248172046,0.0,0.0
2022-04-20,1.6955672446299899,0.007536189285263228,0.0,0.0
2022-04-21,1.6837534180826688,-0.006967477453186599,0.0,0.0
2022-04-22,1.674321263834932,-0.0056018619748237075,0.0,0.0
2022-04-25,1.6677272411776265,-0.003938325815800892,0.0,0.0
2022-04-26,1.6685978082821409,0.0005220080856265241,0.0,0.0
2022-04-27,1.654322188557345,-0.00855545875341468,0.0,0.0
2022-04-28,1.6613091957339745,0.004223486346829786,0.0,0.0
2022-04-29,1.652237632196593,-0.005460490774791382,0.0,0.0
2022-05-02,1.6316837401981474,-0.012440033805016237,0.022690905516433758,3.702522171734497e-05
2022-05-03,1.639104794308024,0.004548095888346149,0.0,0.0
2022-05-04,1.6551755641338848,0.0098046018056126,0.0,0.0
2022-05-05,1.6393163748644672,-0.009581575280031562,0.0,0.0
2022-05-06,1.6337392640135362,-0.0034020954932462155,0.0,0.0
2022-05-09,1.6246533939302397,-0.005561395434039884,0.0,0.0
2022-05-10,1.6212266255346153,-0.002109230441660337,0.0,0.0
2022-05-11,1.6316035593029434,0.006400668237795726,0.0,0.0
2022-05-12,1.6195174349520278,-0.007407512861812515,0.0,0.0
2022-05-13,1.608722975188331,-0.006665232204812077,0.0,0.0
2022-05-16,1.617383321829215,0.0053833672884979755,0.0,0.0
2022-05-17,1.6076806300125175,-0.005999005730888851,0.0,0.0
2022-05-18,1.611098675016028,0.0021260721437466046,0.0,0.0
2022-05-19,1.6249900499330945,0.008622299262289523,0.0,0.0
2022-05-20,1.629571689257991,0.0028194876178382344,0.0,0.0
2022-05-23,1.6304087270237784,0.0005136550734803347,0.0,0.0
2022-05-24,1.6472558753299276,0.010333082758274159,0.0,0.0
2022-05-25,1.6508689981293463,0.0021934192820498577,0.0,0.0
2022-05-26,1.6495844562497888,-0.0007781004313565099,0.0,0.0
2022-05-27,1.6543905828931558,0.002913537785323994,0.0,0.0
2022-05-31,1.6401462694299176,-0.008610006373663048,0.0,0.0
2022-06-01,1.6403691372889895,0.00013588291680188824,0.01332841548770971,2.186381282498509e-05
2022-06-02,1.6508264959398624,0.006375003292341752,0.0,0.0
2022-06-03,1.6397957888042056,-0.006681930028859084,0.0,0.0
2022-06-06,1.6303955815127664,-0.005732547525502674,0.0,0.0
2022-06-07,1.6400647980289926,0.0059305953879331685,0.0,0.0
2022-06-08,1.634605976550215,-0.0033284181730733886,0.0,0.0
2022-06-09,1.6266392499979185,-0.004873790177318482,0.0,0.0
2022-06-10,1.629835336256642,0.0019648402426828415,0.0,0.0
2022-06-13,1.5894548883766886,-0.02477578377500278,0.0,0.0
2022-06-14,1.5789315842232239,-0.0066207001094646944,0.0,0.0
2022-06-15,1.6015483901210787,0.01432412026198171,0.0,0.0
2022-06-16,1.611558976861724,0.0062505677645421365,0.0,0.0
2022-06-17,1.6063865271509834,-0.003209593806373201,0.0,0.0
2022-06-21,1.595389870328632,-0.006845585814177935,0.0,0.0
2022-06-22,1.6043369848479734,0.005608105382729045,0.0,0.0
2022-06-23,1.60540649873318,0.0006666391757514933,0.0,0.0
2022-06-24,1.6055365270390585,8.099400742489493e-05,0.0,0.0
2022-06-27,1.5973330940733752,-0.005109465171005523,0.0,0.0
2022-06-28,1.5957830298403552,-0.0009704076368111103,0.0,0.0
2022-06-29,1.5998611926522925,0.002555587279522209,0.0,0.0
2022-06-30,1.5973406069875205,-0.001575502722579003,0.0,0.0
2022-07-01,1.6067203504108931,0.005872099777806561,0.0022372775510793278,3.594687413150055e-06
2022-07-05,1.5894643878528736,-0.010739866806072751,0.0,0.0
2022-07-06,1.573030944764628,-0.010338981617854737,0.0,0.0
2022-07-07,1.5733881319225396,0.00022706937781502567,0.0,0.0
2022-07-08,1.572421114120399,-0.0006146085524103562,0.0,0.0
2022-07-11,1.5705098684375811,-0.0012154795338569224,0.0,0.0
2022-07-12,1.5688029408653936,-0.0010868620481102598,0.0,0.0
2022-07-13,1.578478860443829,0.00616770872006267,0.0,0.0
2022-07-14,1.5625113068576737,-0.010115785511163322,0.0,0.0
2022-07-15,1.5674184315111053,0.003140537052048753,0.0,0.0
2022-07-18,1.5624955074977047,-0.003140784818164044,0.0,0.0
2022-07-19,1.566550081206463,0.0025949346345652824,0.0,0.0
2022-07-20,1.5585232716498525,-0.005123876761366386,0.0,0.0
2022-07-21,1.5801556818353422,0.013880068767012865,0.0,0.0
2022-07-22,1.5883548726960552,0.005188850032288972,0.0,0.0
2022-07-25,1.5793141867148943,-0.005691855224906561,0.0,0.0
2022-07-26,1.5782627754646146,-0.0006657391284926595,0.0,0.0
2022-07-27,1.5914645290734004,0.008364737364409791,0.0,0.0
2022-07-28,1.607663116866953,0.010178415853844935,0.0,0.0
2022-07-29,1.6118103351268918,0.0025796562827298253,0.0,0.0
2022-08-01,1.6178444938746372,0.0037437151358570286,0.02631328069732886,4.257191649873965e-05
2022-08-02,1.6031554249290576,-0.009079407199637735,0.0,0.0
2022-08-03,1.6138011541702588,0.006640484806189173,0.0,0.0
2022-08-04,1.6284048102891415,0.009049228946915289,0.0,0.0
2022-08-05,1.6082449449022655,-0.01238013131593263,0.0,0.0
2022-08-08,1.618284688877528,0.006242670935845851,0.0,0.0
2022-08-09,1.617183293424885,-0.0006805943726791996,0.0,0.0
2022-08-10,1.6226799515366572,0.0033989085430947696,0.0,0.0
2022-08-11,1.6127560575951878,-0.0061157432382593635,0.0,0.0
2022-08-12,1.6295055989455876,0.010385663269729228,0.0,0.0
2022-08-15,1.618353278789685,-0.006843990080868001,0.0,0.0
2022-08-16,1.6138247519574191,-0.0027982313204522047,0.0,0.0
2022-08-17,1.6010246565490398,-0.007931527504987157,0.0,0.0
2022-08-18,1.6009647158154323,-3.74389821932164e-05,0.0,0.0
2022-08-19,1.585620677185467,-0.009584245348061904,0.0,0.0
2022-08-22,1.5750311955860625,-0.006678445703799274,0.0,0.0
2022-08-23,1.5814172980326373,0.004054587911954677,0.0,0.0
2022-08-24,1.581440101090247,1.4419380411467841e-05,0.0,0.0
2022-08-25,1.5919401152713926,0.006639526956415676,0.0,0.0
2022-08-26,1.5774552596002864,-0.009098869695005285,0.0,0.0
2022-08-29,1.572155050686526,-0.0033599741618683954,0.0,0.0
2022-08-30,1.5665263340132234,-0.003580255440355451,0.0,0.0
2022-08-31,1.5522575686875717,-0.009108538436821023,0.0,0.0
2022-09-01,1.540743115657648,-0.007417875269024488,0.004479997017968084,6.9025554870285134e-06
2022-09-02,1.5480951421466362,0.004771740606382746,0.0,0.0
2022-09-06,1.5331015269712485,-0.009685202651432134,0.0,0.0
2022-09-07,1.5513423661594818,0.011897998186897185,0.0,0.0
2022-09-08,1.5448796741872717,-0.004165870869761168,0.0,0.0
2022-09-09,1.5507568158454614,0.0038042714629420438,0.0,0.0
2022-09-12,1.5530023666457824,0.0014480354220443026,0.0,0.0
2022-09-13,1.5372557037550578,-0.010139497034209022,0.0,0.0
2022-09-14,1.5379064270831944,0.0004233019442028141,0.0,0.0
2022-09-15,1.519812679460446,-0.01176518109561775,0.0,0.0
2022-09-16,1.5222311013576606,0.0015912631404504385,0.0,0.0
2022-09-19,1.5240971204565925,0.0012258448124384813,0.0,0.0
2022-09-20,1.512143336187756,-0.007843190639488462,0.0,0.0
2022-09-21,1.5185019035714682,0.004205003078439962,0.0,0.0
2022-09-22,1.5073939553095912,-0.007315070357008735,0.0,0.0
2022-09-23,1.4921332028210128,-0.010123931063160008,0.0,0.0
2022-09-26,1.470502279924347,-0.014496643366537665,0.0,0.0
2022-09-27,1.460990420905488,-0.006468442211016723,0.0,0.0
2022-09-28,1.4908716256199155,0.020452704060788918,0.0,0.0
2022-09-29,1.4852484495574851,-0.0037717372614776146,0.0,0.0
2022-09-30,1.4834478269728635,-0.0012123376295448685,0.0,0.0
2022-10-03,1.5152453103556176,0.021434851165369473,0.02041357678610689,3.093220792973417e-05
2022-10-04,1.529597339056231,0.009471752595126004,0.0,0.0
2022-10-05,1.5195864055782562,-0.006544816222125216,0.0,0.0
2022-10-06,1.5169771769525502,-0.0017170649961909534,0.0,0.0
2022-10-07,1.5011049735559745,-0.010463046931570408,0.0,0.0
2022-10-10,1.4829261810951957,-0.012110273952203987,0.0,0.0
2022-10-11,1.4798662344979814,-0.0020634517322732915,0.0,0.0
2022-10-12,1.482961145093309,0.002091344827782615,0.0,0.0
2022-10-13,1.4791077251512534,-0.002598463186176736,0.0,0.0
2022-10-14,1.4628117190754728,-0.011017457213344128,0.0,0.0
2022-10-17,1.4684127571220686,0.003828953496582521,0.0,0.0
2022-10-18,1.4743618454268945,0.0040513733457923085,0.0,0.0
2022-10-19,1.454384839657715,-0.013549594918739416,0.0,0.0
2022-10-20,1.4468991244103793,-0.005146997578094559,0.0,0.0
2022-10-21,1.4618506277658758,0.010333480132272088,0.0,0.0
2022-10-24,1.45909540019094,-0.0018847531496064551,0.0,0.0
2022-10-25,1.4704579747470867,0.00778741030549468,0.0,0.0
2022-10-26,1.4784953403676904,0.005465892775334824,0.0,0.0
2022-10-27,1.4807715976373923,0.0015395768979129532,0.0,0.0
2022-10-28,1.474745780719878,-0.004069376348876941,0.0,0.0
2022-10-31,1.4647615276469614,-0.006770151983783168,0.0,0.0
2022-11-01,1.4774759697568192,0.008680213038010809,0.006615314978249274,9.774033571046511e-06
2022-11-02,1.468768315465926,-0.00589360129649108,0.0,0.0
2022-11-03,1.4633630457459814,-0.0036801377474090513,0.0,0.0
2022-11-04,1.48724773763254,0.01632178149912411,0.0,0.0
2022-11-07,1.4815774143145042,-0.003812628639168092,0.0,0.0
2022-11-08,1.501955863260286,0.013754562366361744,0.0,0.0
2022-11-09,1.4962173675977302,-0.003820681954061822,0.0,0.0
2022-11-10,1.5440037939989781,0.031938157807893885,0.0,0.0
2022-11-11,1.5512350342533678,0.004683434252231278,0.0,0.0
2022-11-14,1.5491207483886562,-0.0013629693876332505,0.0,0.0
2022-11-15,1.5624382469416809,0.008596811169740759,0.0,0.0
2022-11-16,1.567142041920781,0.003010547769364713,0.0,0.0
2022-11-17,1.5572277955243434,-0.006326322778174132,0.0,0.0
2022-11-18,1.5517154258973307,-0.003539860798051464,0.0,0.0
2022-11-21,1.5461735047098735,-0.0035714803726027977,0.0,0.0
2022-11-22,1.5539115007404902,0.005004610418588573,0.0,0.0
2022-11-23,1.5665404627084887,0.008127207992205676,0.0,0.0
2022-11-25,1.5680128985904775,0.000939928407238888,0.0,0.0
2022-11-28,1.5561410180939161,-0.007571290074994463,0.0,0.0
2022-11-29,1.5561451140076707,2.632096774535242e-06,0.0,0.0
2022-11-30,1.575594418676243,0.012498387517654308,0.0,0.0
2022-12-01,1.5999518878198276,0.015459225327828285,0.00997220173389968,1.595520209836681e-05
2022-12-02,1.602041751772215,0.001306204247951026,0.0,0.0
2022-12-05,1.5815218257190713,-0.012808608783412834,0.0,0.0
2022-12-06,1.5860942087749508,0.002891128646802299,0.0,0.0
2022-12-07,1.602096154800476,0.010088900102525722,0.0,0.0
2022-12-08,1.6001889522033603,-0.0011904420289636786,0.0,0.0
2022-12-09,1.596969507877298,-0.002011915106418738,0.0,0.0
2022-12-12,1.5893620902074472,-0.004763658687486627,0.0,0.0
2022-12-13,1.60983844874244,0.01288338174236947,0.0,0.0
2022-12-14,1.608619915306145,-0.0007569290180930999,0.0,0.0
2022-12-15,1.5961913272393253,-0.007726242817560958,0.0,0.0
2022-12-16,1.599587381957257,0.0021275987784028505,0.0,0.0
2022-12-19,1.5892317018421998,-0.006473969619831599,0.0,0.0
2022-12-20,1.5930169500446598,0.002381810152712438,0.0,0.0
2022-12-21,1.5970681403556717,0.0025430930354497505,0.0,0.0
2022-12-22,1.5871235361747371,-0.006226787655234212,0.0,0.0
2022-12-23,1.5870719512362275,-3.250215709982296e-05,0.0,0.0
2022-12-27,1.583610826134599,-0.002180824315452412,0.0,0.0
2022-12-28,1.5775541930419763,-0.0038245716641165384,0.0,0.0
2022-12-29,1.5875679266998923,0.006347632114372281,0.0,0.0
2022-12-30,1.5863902089312603,-0.0007418377184529312,0.0,0.0
2023-01-03,1.5985119271435584,0.0076410697343274325,0.020082554727166507,3.210284796609057e-05
2023-01-04,1.6118314713095014,0.00833246467528359,0.0,0.0
2023-01-05,1.6011834779464422,-0.006606145588166523,0.0,0.0
2023-01-06,1.6292638258780534,0.017537245617613273,0.0,0.0
2023-01-09,1.6343236587553132,0.003105594561723546,0.0,0.0
2023-01-10,1.6345282476004916,0.00012518257572935454,0.0,0.0
2023-01-11,1.6409692447461075,0.003940584786510382,0.0,0.0
2023-01-12,1.659742893430542,0.011440585339757003,0.0,0.0
2023-01-13,1.6669381468983366,0.004335161485718109,0.0,0.0
2023-01-17,1.6584600487704022,-0.005086030422730148,0.0,0.0
2023-01-18,1.6657893186649415,0.0044193225516486745,0.0,0.0
2023-01-19,1.6771870490858192,0.006842240067917116,0.0,0.0
2023-01-20,1.6700169202362867,-0.004275091948414911,0.0,0.0
2023-01-23,1.6691965036807175,-0.0004912624211335093,0.0,0.0
2023-01-24,1.676600058537407,0.004435400409936285,0.0,0.0
2023-01-25,1.680854446251506,0.0025375089857806454,0.0,0.0
2023-01-26,1.6728906156981047,-0.004737965605029926,0.0,0.0
2023-01-27,1.6693135131850694,-0.002138276393846894,0.0,0.0
2023-01-30,1.6640018827651568,-0.003181925011664144,0.0,0.0
2023-01-31,1.6729867306334376,0.005399541888348347,0.0,0.0
2023-02-01,1.6920141145819245,0.011373302369997118,0.00333324403258065,5.639914749684357e-06
2023-02-02,1.6756703712021186,-0.00965934222353948,0.0,0.0
2023-02-03,1.645370602476539,-0.0180821772863613,0.0,0.0
2023-02-06,1.6406066551197354,-0.002895364332894501,0.0,0.0
2023-02-07,1.6386237144934874,-0.0012086630394066988,0.0,0.0
2023-02-08,1.641459939851842,0.0017308582399169214,0.0,0.0
2023-02-09,1.6280620190352875,-0.008162197865007714,0.0,0.0
2023-02-10,1.6238400613373347,-0.002593241319181705,0.0,0.0
2023-02-13,1.622772901943149,-0.0006571825757931693,0.0,0.0
2023-02-14,1.6213324300594807,-0.0008876607946456394,0.0,0.0
2023-02-15,1.6102159658238937,-0.006856375675640569,0.0,0.0
2023-02-16,1.6030477070303712,-0.004451737497121799,0.0,0.0
2023-02-17,1.6086049929674369,0.003466700281403723,0.0,0.0
2023-02-21,1.5941068388937878,-0.009012873972810365,0.0,0.0
2023-02-22,1.591909815966358,-0.0013782156087821518,0.0,0.0
2023-02-23,1.5977798157939294,0.0036873947058413403,0.0,0.0
2023-02-24,1.5860365135516106,-0.00734976254314712,0.0,0.0
2023-02-27,1.5893375171322321,0.0020812910373857463,0.0,0.0
2023-02-28,1.5932263326835412,0.002446815424281823,0.0,0.0
2023-03-01,1.5927843791459153,-0.00027739532579873494,0.0014972533536958723,2.3848053240481228e-06
2023-03-02,1.5930012900244048,0.00013618345416333,0.0,0.0
2023-03-03,1.610571230193065,0.011029457589699199,0.0,0.0
2023-03-06,1.6043119504620273,-0.003886372495482515,0.0,0.0
2023-03-07,1.5880426832902335,-0.010140962402672704,0.0,0.0
2023-03-08,1.5863786486133136,-0.0010478526140570432,0.0,0.0
2023-03-09,1.5933612889057451,0.0044016227138048425,0.0,0.0
2023-03-10,1.6219427000121711,0.017937809400436988,0.0,0.0
2023-03-13,1.641234577181033,0.01189430253529733,0.0,0.0
2023-03-14,1.6340010526676925,-0.004407367852171884,0.0,0.0
2023-03-15,1.648181846518113,0.0086785708168724,0.0,0.0
2023-03-16,1.6486457483500354,0.0002814627723890517,0.0,0.0
2023-03-17,1.6769975171953329,0.017197004798436444,0.0,0.0
2023-03-20,1.6748941411110136,-0.0012542511618246488,0.0,0.0
2023-03-21,1.6626590553587817,-0.007304990477855489,0.0,0.0
2023-03-22,1.6817604778600337,0.011488478314112482,0.0,0.0
2023-03-23,1.6948410766665034,0.007777920208420053,0.0,0.0
2023-03-24,1.6876750267684875,-0.004228154484024249,0.0,0.0
2023-03-27,1.669800066245194,-0.010591470656243551,0.0,0.0
2023-03-28,1.675382806356816,0.003343358420254239,0.0,0.0
2023-03-29,1.6749349583448179,-0.0002673108559422266,0.0,0.0
2023-03-30,1.6837692368401915,0.005274400926053691,0.0,0.0
2023-03-31,1.6867325225627894,0.0017599120222429043,0.0,0.0
2023-04-03,1.6978924423153696,0.006616294879773887,0.01378344464903398,2.3403129074401296e-05
2023-04-04,1.714798590335331,0.009957137212359024,0.0,0.0
2023-04-05,1.7168884671782156,0.0012187302081207996,0.0,0.0
2023-04-06,1.709951856850508,-0.004040221866658644,0.0,0.0
2023-04-10,1.6996646215383135,-0.006016096459664166,0.0,0.0
2023-04-11,1.7048153896816605,0.0030304614675600305,0.0,0.0
2023-04-12,1.707225469692985,0.0014136897319858566,0.0,0.0
2023-04-13,1.7203317601480004,0.007676953447380619,0.0,0.0
2023-04-14,1.702094793371734,-0.010600842929678445,0.0,0.0
2023-04-17,1.6929477046729393,-0.005374018376893663,0.0,0.0
2023-04-18,1.6990399902436666,0.0035986259669515963,0.0,0.0
2023-04-19,1.6907755339351307,-0.0048641917529855805,0.0,0.0
2023-04-20,1.6972999196068776,0.0038588124448204475,0.0,0.0
2023-04-21,1.6893760793371697,-0.0046684974047151995,0.0,0.0
2023-04-24,1.695659110815598,0.0037191431530707586,0.0,0.0
2023-04-25,1.7036902240877256,0.004736278194657162,0.0,0.0
2023-04-26,1.6953371237011319,-0.004902945540505521,0.0,0.0
2023-04-27,1.6922940569716136,-0.001794962598869354,0.0,0.0
2023-04-28,1.6990885749497069,0.004014974791232362,0.0,0.0
2023-05-01,1.6815589692953363,-0.010317064049994773,0.006587940477335902,1.1078083380601961e-05
2023-05-02,1.7079233166653198,0.015678514908716856,0.0,0.0
2023-05-03,1.716594099008937,0.005076798389606063,0.0,0.0
2023-05-04,1.7203322131334162,0.0021776342623089917,0.0,0.0
2023-05-05,1.7033590805821839,-0.009866194692894514,0.0,0.0
2023-05-08,1.698325991624729,-0.0029548020818572773,0.0,0.0
2023-05-09,1.7040925471123818,0.0033954349848559495,0.0,0.0
2023-05-10,1.7094886599827346,0.003166560923875128,0.0,0.0
2023-05-11,1.7053609480937602,-0.0024145886343674983,0.0,0.0
2023-05-12,1.6986724785457752,-0.003922025747957525,0.0,0.0
2023-05-15,1.6959764417047993,-0.001587143416418857,0.0,0.0
2023-05-16,1.6810701290907901,-0.008789221505356104,0.0,0.0
2023-05-17,1.6780670250480947,-0.0017864240109480845,0.0,0.0
2023-05-18,1.663634211133179,-0.008600856640098797,0.0,0.0
2023-05-19,1.670846674184208,0.004335365913229472,0.0,0.0
2023-05-22,1.6685693582912207,-0.0013629711978804249,0.0,0.0
2023-05-23,1.6712908074497594,0.0016310075125229861,0.0,0.0
2023-05-24,1.6612510141088315,-0.006007209096212218,0.0,0.0
2023-05-25,1.6505229798615888,-0.006457804483567253,0.0,0.0
2023-05-26,1.657323708711076,0.004120347873046493,0.0,0.0
2023-05-30,1.6686823289475665,0.006853591834104833,0.0,0.0
2023-05-31,1.6726920964522827,0.002402954376130584,0.0,0.0
2023-06-01,1.6818455054197572,0.005472261743143525,0.0013130138202495343,2.2082892916548046e-06
2023-06-02,1.667177591689052,-0.008721320527621423,0.0,0.0
2023-06-05,1.6703680646824517,0.0019136971425866012,0.0,0.0
2023-06-06,1.6729244992500973,0.001530461831555474,0.0,0.0
2023-06-07,1.6553998813143767,-0.010475438636696532,0.0,0.0
2023-06-08,1.6718404033764172,0.009931450550175747,0.0,0.0
2023-06-09,1.6674099464486623,-0.00265004776700406,0.0,0.0
2023-06-12,1.6693346390230657,0.0011543007635901326,0.0,0.0
2023-06-13,1.6594512516525288,-0.005920554896243435,0.0,0.0
2023-06-14,1.662487862152727,0.0018298883424110457,0.0,0.0
2023-06-15,1.6755680830226583,0.007867859469959493,0.0,0.0
2023-06-16,1.6728015594538517,-0.0016510958861283287,0.0,0.0
2023-06-20,1.667246394768925,-0.003320874884131686,0.0,0.0
2023-06-21,1.6651185764834668,-0.0012762470455083275,0.0,0.0
2023-06-22,1.6525964112480138,-0.007520284388333631,0.0,0.0
2023-06-23,1.6571834367951532,0.0027756477721474493,0.0,0.0
2023-06-26,1.6595398714678637,0.001421951620073969,0.0,0.0
2023-06-27,1.6548495991944068,-0.0028262486211364513,0.0,0.0
2023-06-28,1.6566463488064977,0.0010857479815480353,0.0,0.0
2023-06-29,1.6493683879613146,-0.004393189198422687,0.0,0.0
2023-06-30,1.6609424440493288,0.007017265622703217,0.0,0.0
2023-07-03,1.659463898143589,-0.0008901849134128614,0.01570398365268104,2.606060318394787e-05
2023-07-05,1.6505910942749928,-0.005346789332700719,0.0,0.0
2023-07-06,1.639790356994281,-0.006543557225150209,0.0,0.0
2023-07-07,1.645201696067501,0.0033000188409078035,0.0,0.0
2023-07-10,1.6500982678727518,0.0029762744695407406,0.0,0.0
2023-07-11,1.6570727632213011,0.004226715150450255,0.0,0.0
2023-07-12,1.6756263184836075,0.011196584527910947,0.0,0.0
2023-07-13,1.682097272289257,0.0038618119889077818,0.0,0.0
2023-07-14,1.672916542463496,-0.005457906612776675,0.0,0.0
2023-07-17,1.6749103122799371,0.0011917927558449115,0.0,0.0
2023-07-18,1.6866649103291964,0.007018046257807331,0.0,0.0
2023-07-19,1.691512852869673,0.0028742772264884753,0.0,0.0
2023-07-20,1.6815543374650634,-0.005887342438879339,0.0,0.0
2023-07-21,1.6804172598502731,-0.0006762062869193342,0.0,0.0
2023-07-24,1.675787488002173,-0.0027551322869134864,0.0,0.0
2023-07-25,1.6791708784611243,0.0020189853923451295,0.0,0.0
2023-07-26,1.6871681901979128,0.004762655093278889,0.0,0.0
2023-07-27,1.6635894678692953,-0.01397532413520175,0.0,0.0
2023-07-28,1.6756875300380907,0.007272264222909719,0.0,0.0
2023-07-31,1.6802815729899638,0.0027415868827100898,0.0,0.0
2023-08-01,1.6631840537233002,-0.010175389376102961,0.008879697471852886,1.4768702378682368e-05
2023-08-02,1.6541414039419309,-0.0054369507458456034,0.0,0.0
2023-08-03,1.646440666899307,-0.00465542850464451,0.0,0.0
2023-08-04,1.6579542556992686,0.006993017745148933,0.0,0.0
2023-08-07,1.654033081470533,-0.0023650678028397376,0.0,0.0
2023-08-08,1.6520618890875007,-0.0011917490678480247,0.0,0.0
2023-08-09,1.648926662686148,-0.0018977657084532362,0.0,0.0
2023-08-10,1.6421899383346727,-0.004085520905157125,0.0,0.0
2023-08-11,1.639376655484571,-0.001713128782748874,0.0,0.0
2023-08-14,1.6365754978308389,-0.001708672405673739,0.0,0.0
2023-08-15,1.6301116515023881,-0.0039496169513829615,0.0,0.0
2023-08-16,1.621737872262177,-0.0051369360083363125,0.0,0.0
2023-08-17,1.6183053519935549,-0.0021165690999335185,0.0,0.0
2023-08-18,1.6214916070389302,0.0019688837100182432,0.0,0.0
2023-08-21,1.6188580827466255,-0.0016241368631650932,0.0,0.0
2023-08-22,1.622695556620495,0.002370481955625614,0.0,0.0
2023-08-23,1.6423538546834417,0.012114594128727507,0.0,0.0
2023-08-24,1.639356138097858,-0.0018252562181013676,0.0,0.0
2023-08-25,1.638765052377554,-0.00036055967740467043,0.0,0.0
2023-08-28,1.6436945066679427,0.003008029908397658,0.0,0.0
2023-08-29,1.6582771574183512,0.008871874117271528,0.0,0.0
2023-08-30,1.6591788821449747,0.0005437720242298383,0.0,0.0
2023-08-31,1.6592029526494443,1.4507480012415641e-05,0.0,0.0
2023-09-01,1.6537055046774392,-0.0033133065266227613,0.0037772731016045154,6.2465209156083424e-06
2023-09-05,1.6410528569132299,-0.007651088859788935,0.0,0.0
2023-09-06,1.6365468274804023,-0.0027458161471430875,0.0,0.0
2023-09-07,1.6410403787179335,0.002745751702350807,0.0,0.0
2023-09-08,1.641945728326624,0.0005516924631665532,0.0,0.0
2023-09-11,1.6418863083091937,-3.618878286004712e-05,0.0,0.0
2023-09-12,1.637426587800503,-0.00271621761270624,0.0,0.0
2023-09-13,1.6373549074419518,-4.3776227334535456e-05,0.0,0.0
2023-09-14,1.636272274734773,-0.0006612083319614825,0.0,0.0
2023-09-15,1.6403840487220722,0.002512891070018064,0.0,0.0
2023-09-18,1.6467787549600974,0.003898298232664965,0.0,0.0
2023-09-19,1.6432429869828864,-0.002147081365096115,0.0,0.0
2023-09-20,1.6441548064034852,0.000554890194464086,0.0,0.0
2023-09-21,1.6299208527752418,-0.00865730743407278,0.0,0.0
2023-09-22,1.6374971629445931,0.004648268752713625,0.0,0.0
2023-09-25,1.6253219747794283,-0.007435242295791844,0.0,0.0
2023-09-26,1.6165202351456232,-0.005415382164509097,0.0,0.0
2023-09-27,1.602733362004591,-0.008528735268068077,0.0,0.0
2023-09-28,1.6001564804358295,-0.0016078042860094843,0.0,0.0
2023-09-29,1.5902527923697893,-0.006189199735855078,0.0,0.0
2023-10-02,1.574614371558387,-0.009833921302598747,0.010774501242222097,1.6965867301135537e-05
2023-10-03,1.563270142328141,-0.007204449187783402,0.0,0.0
2023-10-04,1.569979823869059,0.004292080657873676,0.0,0.0
2023-10-05,1.567603030261223,-0.0015139007340735366,0.0,0.0
2023-10-06,1.5692949310108588,0.0010792915789106239,0.0,0.0
2023-10-09,1.5934696581893855,0.01540483353435329,0.0,0.0
2023-10-10,1.5924365842388446,-0.0006483173025803035,0.0,0.0
2023-10-11,1.603131734507442,0.0067162173831303296,0.0,0.0
2023-10-12,1.5923838438325877,-0.0067043090991874,0.0,0.0
2023-10-13,1.6226117045243198,0.018982772783588953,0.0,0.0
2023-10-16,1.6131008047807063,-0.005861476111071018,0.0,0.0
2023-10-17,1.608377080439067,-0.002928350371929511,0.0,0.0
2023-10-18,1.6140951671520236,0.003555190373264683,0.0,0.0
2023-10-19,1.6181421629171746,0.002507284482049288,0.0,0.0
2023-10-20,1.6235120643955196,0.0033185597665066346,0.0,0.0
2023-10-23,1.6266553152111731,0.0019360809719783934,0.0,0.0
2023-10-24,1.6309412668338117,0.0026348247121315005,0.0,0.0
2023-10-25,1.627399443654996,-0.002171643609025664,0.0,0.0
2023-10-26,1.6343748423281537,0.0042862240738461566,0.0,0.0
2023-10-27,1.6427422129191598,0.005119615387059406,0.0,0.0
2023-10-30,1.635524112819039,-0.004393933535861483,0.0,0.0
2023-10-31,1.6297417457732835,-0.0035354826018363372,0.0,0.0
2023-11-01,1.6380821623137887,0.005117630791587668,0.03974572155705074,6.510934532880534e-05
2023-11-02,1.650529852858127,0.007598941512650281,0.0,0.0
2023-11-03,1.657606415018118,0.0042874487533424155,0.0,0.0
2023-11-06,1.6467663795983873,-0.006539571349096218,0.0,0.0
2023-11-07,1.6499939425120145,0.0019599397665710505,0.0,0.0
2023-11-08,1.64612086964404,-0.0023473255071942978,0.0,0.0
2023-11-09,1.6408348436217612,-0.0032112016315191116,0.0,0.0
2023-11-10,1.6361656640733637,-0.0028456121385692645,0.0,0.0
2023-11-13,1.6407104865724769,0.0027777275852363115,0.0,0.0
2023-11-14,1.6609721818925176,0.012349342242803818,0.0,0.0
2023-11-15,1.6544167054309584,-0.003946770772578434,0.0,0.0
2023-11-16,1.6705128388770891,0.009729189383359094,0.0,0.0
2023-11-17,1.6728753359415958,0.001414234604802278,0.0,0.0
2023-11-20,1.6749686564915909,0.0012513308702808423,0.0,0.0
2023-11-21,1.684051068579377,0.005422437042380324,0.0,0.0
2023-11-22,1.683957611862151,-5.549518002723186e-05,0.0,0.0
2023-11-24,1.6838291485922476,-7.628652229640931e-05,0.0,0.0
2023-11-27,1.6963547115866102,0.007438737478107305,0.0,0.0
2023-11-28,1.710900461338912,0.008574710025532895,0.0,0.0
2023-11-29,1.7191784873864968,0.004838403071740771,0.0,0.0
2023-11-30,1.7110761070291691,-0.004712937264382044,0.0,0.0
2023-12-01,1.736062256904798,0.014602594106121192,0.012745860719700644,2.2127889766238586e-05
2023-12-04,1.713332514802004,-0.013092699880082992,0.0,0.0
2023-12-05,1.7170074955164976,0.0021449314028330058,0.0,0.0
2023-12-06,1.7233666229030047,0.0037036107315269184,0.0,0.0
2023-12-07,1.7248490668738479,0.0008602023220956045,0.0,0.0
2023-12-08,1.7088043347306012,-0.009302107906940749,0.0,0.0
2023-12-11,1.6992940555891805,-0.005565458226040931,0.0,0.0
2023-12-12,1.703782377077741,0.0026412859350610773,0.0,0.0
2023-12-13,1.7371586146125155,0.01958949569135715,0.0,0.0
2023-12-14,1.7515850498312284,0.008304615996122422,0.0,0.0
2023-12-15,1.7424634913484578,-0.005207602384851073,0.0,0.0
2023-12-18,1.7425670579916992,5.943690858112305e-05,0.0,0.0
2023-12-19,1.7494917580175602,0.003973849955502873,0.0,0.0
2023-12-20,1.7471924544943203,-0.0013142694229353324,0.0,0.0
2023-12-21,1.7528799443874399,0.003255216606785183,0.0,0.0
2023-12-22,1.7551328017550234,0.0012852319833980275,0.0,0.0
2023-12-26,1.7635575841036912,0.004800082557994134,0.0,0.0
2023-12-27,1.7758631396596796,0.006977688546667249,0.0,0.0
2023-12-28,1.7684426258676091,-0.004178539227686517,0.0,0.0
2023-12-29,1.7637537779588888,-0.0026513995083216058,0.0,0.0
2024-01-02,1.7538673649192869,-0.005605324939994216,1.0,0.001755622987907195
2024-01-03,1.7447111317085946,-0.005220596148736489,0.0,0.0
2024-01-04,1.7370425222427985,-0.004395346213150075,0.0,0.0
2024-01-05,1.7351182370204556,-0.0011077939645705026,0.0,0.0
2024-01-08,1.754134147022713,0.010959431810774634,0.0,0.0
2024-01-09,1.7543142290673654,0.00010266150109328187,0.0,0.0
2024-01-10,1.7581695556137653,0.002197625991125607,0.0,0.0
2024-01-11,1.763045962469532,0.0027735702965601128,0.0,0.0
2024-01-12,1.7655730410923558,0.0014333594679993844,0.0,0.0
2024-01-16,1.7533901086381292,-0.006900271000223834,0.0,0.0
2024-01-17,1.7466568017717972,-0.003840164737533347,0.0,0.0
2024-01-18,1.752773618894988,0.0035020143149966376,0.0,0.0
2024-01-19,1.7646721181711649,0.006788383364463302,0.0,0.0
2024-01-22,1.768958428197863,0.0024289554884224795,0.0,0.0
2024-01-23,1.768383056182314,-0.0003252603375960561,0.0,0.0
2024-01-24,1.7676906980958882,-0.00039152042539947196,0.0,0.0
2024-01-25,1.7783335566887462,0.006020769699315753,0.0,0.0
2024-01-26,1.7747098145041853,-0.00203771793594687,0.0,0.0
2024-01-29,1.7854618233476225,0.006058460237028163,0.0,0.0
2024-01-30,1.7875493883184825,0.0011692016841591268,0.0,0.0
2024-01-31,1.7749218599597358,-0.00706415634794022,0.0,0.0
2024-02-01,1.7934238994025806,0.010424143090594695,0.012174354061454909,2.1834043348977092e-05
2024-02-02,1.7946772752400744,0.0006988731654078428,0.0,0.0
2024-02-05,1.7828672914398198,-0.0065805612870841745,0.0,0.0
2024-02-06,1.7904328994865302,0.004243505999036223,0.0,0.0
2024-02-07,1.7953910560897488,0.0027692501654994484,0.0,0.0
2024-02-08,1.791255200370331,-0.0023035960357435936,0.0,0.0
2024-02-09,1.795399421946391,0.0023135852307383242,0.0,0.0
2024-02-12,1.7950773771450335,-0.00017937223183928097,0.0,0.0
2024-02-13,1.7727841629449141,-0.012419082588838282,0.0,0.0
2024-02-14,1.7850668904014648,0.006928495703699689,0.0,0.0
2024-02-15,1.7945339823729152,0.005303494240107343,0.0,0.0
2024-02-16,1.7867899915326826,-0.0043153213682767255,0.0,0.0
2024-02-20,1.7846673827167696,-0.0011879453242807925,0.0,0.0
2024-02-21,1.783303522926225,-0.0007642095125134363,0.0,0.0
2024-02-22,1.8035432774515199,0.011349584781890298,0.0,0.0
2024-02-23,1.8067785480329823,0.0017938413909501794,0.0,0.0
2024-02-26,1.8006131588067422,-0.003412365745072754,0.0,0.0
2024-02-27,1.8011204937603225,0.0002817567732962267,0.0,0.0
2024-02-28,1.7998112217215727,-0.0007269208491522683,0.0,0.0
2024-02-29,1.8039580082033115,0.002304011905077674,0.0,0.0
2024-03-01,1.8179515083568336,0.007757109694287889,0.03416467169207225,6.211183846568748e-05
2024-03-04,1.8152921240909503,-0.0014628466456110267,0.0,0.0
2024-03-05,1.8111870613357417,-0.0022613785961663746,0.0,0.0
2024-03-06,1.8181846095249736,0.0038635148950718623,0.0,0.0
2024-03-07,1.8294271345775366,0.0061833792859462555,0.0,0.0
2024-03-08,1.8252138632510917,-0.0023030550093037228,0.0,0.0
2024-03-11,1.8246024945340995,-0.00033495730516930333,0.0,0.0
2024-03-12,1.831402806126904,0.003727009917599,0.0,0.0
2024-03-13,1.8290405292053058,-0.0012898729398553854,0.0,0.0
2024-03-14,1.820494297741184,-0.004672521645999295,0.0,0.0
2024-03-15,1.8144798627510625,-0.0033037373407782678,0.0,0.0
2024-03-18,1.818350957168831,0.002133445786441035,0.0,0.0
2024-03-19,1.8260289490520072,0.0042225027313378405,0.0,0.0
2024-03-20,1.8361941117979066,0.005566813577176255,0.0,0.0
2024-03-21,1.8405999485729403,0.002399439550930582,0.0,0.0
2024-03-22,1.8419561024323796,0.0007367999007557025,0.0,0.0
2024-03-25,1.8362796669668562,-0.003081743076302157,0.0,0.0
2024-03-26,1.8343201490564844,-0.001067113003330511,0.0,0.0
2024-03-27,1.8483889437197254,0.007669759649359786,0.0,0.0
2024-03-28,1.8473686195484145,-0.0005520072897956529,0.0,0.0
2024-04-01,1.8369465695424803,-0.005641564924103726,0.01074484486356633,1.9737917993261797e-05
2024-04-02,1.829739459596264,-0.003923418386638899,0.0,0.0
2024-04-03,1.8313403306461309,0.0008749174870066323,0.0,0.0
2024-04-04,1.821214101258226,-0.005529408826120408,0.0,0.0
2024-04-05,1.82662520025105,0.002971149294904718,0.0,0.0
2024-04-08,1.8270499866349135,0.00023255256951726366,0.0,0.0
2024-04-09,1.8328056592539168,0.0031502545968127293,0.0,0.0
2024-04-10,1.8105832318587327,-0.012124813824631153,0.0,0.0
2024-04-11,1.8155276061665924,0.002730818567663329,0.0,0.0
2024-04-12,1.8050022535740031,-0.005797407077060668,0.0,0.0
2024-04-15,1.7837456664676101,-0.011776487848867645,0.0,0.0
2024-04-16,1.7791361652996334,-0.002584169511736012,0.0,0.0
2024-04-17,1.7787657785523958,-0.00020818347379003566,0.0,0.0
2024-04-18,1.775159083035958,-0.002027639366534828,0.0,0.0
2024-04-19,1.7684299792366893,-0.0037907046549091605,0.0,0.0
2024-04-22,1.778672989240136,0.005792149038249095,0.0,0.0
2024-04-23,1.7906422841795742,0.006729339800989109,0.0,0.0
2024-04-24,1.7867161978579342,-0.0021925575846873935,0.0,0.0
2024-04-25,1.7806894581016584,-0.003373081725850602,0.0,0.0
2024-04-26,1.7924985486805574,0.006631751833634292,0.0,0.0
2024-04-29,1.799425006596723,0.0038641358573283657,0.0,0.0
2024-04-30,1.7802557210035495,-0.010653006111896124,0.0,0.0
2024-05-01,1.7810997576082186,0.00047410975553185963,0.011734543640511469,2.090063809320833e-05
2024-05-02,1.7949419532522717,0.007771712721269086,0.0,0.0
2024-05-03,1.8123594449345473,0.00970365178144994,0.0,0.0
2024-05-06,1.8243010414515601,0.0065889780034469325,0.0,0.0
2024-05-07,1.825740156938307,0.0007888585568101014,0.0,0.0
2024-05-08,1.823539209399534,-0.0012055097382882574,0.0,0.0
2024-05-09,1.830284603238424,0.003699067069202755,0.0,0.0
2024-05-10,1.828593857332311,-0.0009237612025591035,0.0,0.0
2024-05-13,1.829057822884931,0.0002537280494296912,0.0,0.0
2024-05-14,1.8359406258352196,0.00376303190865368,0.0,0.0
2024-05-15,1.8555306696907081,0.010670303592512198,0.0,0.0
2024-05-16,1.8521489227780912,-0.0018225227789852028,0.0,0.0
2024-05-17,1.8513811755693363,-0.0004145169966156548,0.0,0.0
2024-05-20,1.8520430616094012,0.00035750932806233315,0.0,0.0
2024-05-21,1.85588321972366,0.0020734712890109197,0.0,0.0
2024-05-22,1.8518033343694498,-0.002198352412937865,0.0,0.0
2024-05-23,1.8409293758013372,-0.0058720914722919515,0.0,0.0
2024-05-24,1.8495827159027844,0.004700528013292571,0.0,0.0
2024-05-28,1.8448137707512753,-0.0025783897689493074,0.0,0.0
2024-05-29,1.8333762318711495,-0.006199833859364512,0.0,0.0
2024-05-30,1.8326772846616088,-0.00038123501188147557,0.0,0.0
2024-05-31,1.8451348980969686,0.006797494321352904,0.0,0.0
2024-06-03,1.8521306753323028,0.0037914719636755745,0.014391954335307438,2.6656163736695586e-05
2024-06-04,1.8567933333743016,0.0025174563026781893,0.0,0.0
2024-06-05,1.8709215788991869,0.007608948864120668,0.0,0.0
2024-06-06,1.8702992275734118,-0.0003326442608787561,0.0,0.0
2024-06-07,1.860780829378733,-0.00508923815737683,0.0,0.0
2024-06-10,1.8617758740476122,0.0005347457654170107,0.0,0.0
2024-06-11,1.8680122441328217,0.0033496889567330435,0.0,0.0
2024-06-12,1.881450406760465,0.007193830056441364,0.0,0.0
2024-06-13,1.887768024814453,0.003357844581652225,0.0,0.0
2024-06-14,1.8891242022847967,0.0007184026069499971,0.0,0.0
2024-06-17,1.8922990571787865,0.001680596167340509,0.0,0.0
2024-06-18,1.8990565194899145,0.003571032964103882,0.0,0.0
2024-06-20,1.893332698898556,-0.003014033828174889,0.0,0.0
2024-06-21,1.8923054092992357,-0.0005425827166656294,0.0,0.0
2024-06-24,1.8901396154191494,-0.0011445266020183587,0.0,0.0
2024-06-25,1.8934728884548684,0.0017635062555840797,0.0,0.0
2024-06-26,1.8895743602871782,-0.0020589300176732106,0.0,0.0
2024-06-27,1.892901860114446,0.0017609785024612634,0.0,0.0
2024-06-28,1.8831575978875819,-0.005147790507361583,0.0,0.0
2024-07-01,1.879593809974854,-0.001892453354262802,0.02139842132911658,4.022120094364583e-05
2024-07-02,1.8919407793893805,0.0065689562016018055,0.0,0.0
2024-07-03,1.9031601456565288,0.005930083218973259,0.0,0.0
2024-07-05,1.9135998980077265,0.0054854828559876,0.0,0.0
2024-07-08,1.914614257165001,0.0005300790193032423,0.0,0.0
2024-07-09,1.9137736765398152,-0.00043903393179078876,0.0,0.0
2024-07-10,1.9255543770802186,0.0061557438503927475,0.0,0.0
2024-07-11,1.922350743100102,-0.0016637463050898083,0.0,0.0
2024-07-12,1.931942155582092,0.004989418562880044,0.0,0.0
2024-07-15,1.9292823992416575,-0.0013767266958534252,0.0,0.0
2024-07-16,1.940600206620794,0.005866330083965421,0.0,0.0
2024-07-17,1.9273947223555004,-0.006804845336118248,0.0,0.0
2024-07-18,1.9158562347507941,-0.0059865721696097385,0.0,0.0
2024-07-19,1.9059885934673995,-0.005150512394620388,0.0,0.0
2024-07-22,1.9152115467594548,0.004838934148748919,0.0,0.0
2024-07-23,1.9130034035167403,-0.0011529500469286136,0.0,0.0
2024-07-24,1.8855301916024856,-0.014361297979789134,0.0,0.0
2024-07-25,1.884479036643887,-0.0005574850847152035,0.0,0.0
2024-07-26,1.9001845473183319,0.008334139233734827,0.0,0.0
2024-07-29,1.9027734300723491,0.0013624375367491393,0.0,0.0
2024-07-30,1.8988142332193334,-0.0020807505457258735,0.0,0.0
2024-07-31,1.9195761708210766,0.010934159455157744,0.0,0.0
2024-08-01,1.9093143526169662,-0.005345877053537729,0.01979147937369172,3.7788903526017714e-05
2024-08-02,1.9008661226074932,-0.004424745457914603,0.0,0.0
2024-08-05,1.8711402101163959,-0.015638088415359408,0.0,0.0
2024-08-06,1.8732509302871845,0.0011280395554416067,0.0,0.0
2024-08-07,1.862756774488014,-0.005602108948405293,0.0,0.0
2024-08-08,1.8842722108726953,0.011550319762275274,0.0,0.0
2024-08-09,1.8932673999705179,0.0047738267570460735,0.0,0.0
2024-08-12,1.8957640387145918,0.0013186931460991147,0.0,0.0
2024-08-13,1.9178938255835727,0.011673281282403636,0.0,0.0
2024-08-14,1.9251708005676216,0.0037942533037951254,0.0,0.0
2024-08-15,1.9385927606941098,0.006971828225594834,0.0,0.0
2024-08-16,1.9436490595506282,0.002608231578615783,0.0,0.0
2024-08-19,1.9552331439594073,0.0059599670793746284,0.0,0.0
2024-08-20,1.9561608175836367,0.00047445678132840285,0.0,0.0
2024-08-21,1.9617151980976049,0.002839429388443282,0.0,0.0
2024-08-22,1.9499701848903381,-0.005987114347004385,0.0,0.0
2024-08-23,1.965938795937658,0.00818915651688168,0.0,0.0
2024-08-26,1.962362737678364,-0.001819007929790728,0.0,0.0
2024-08-27,1.962932164167412,0.0002901739205063425,0.0,0.0
2024-08-28,1.9551960028612263,-0.003941125142990942,0.0,0.0
2024-08-29,1.9536279982409566,-0.0008019679960347137,0.0,0.0
2024-08-30,1.9602964586859692,0.0034133726845730905,0.0,0.0
2024-09-03,1.9428318220170324,-0.008909181359560203,0.0008377532028144978,1.6276149449650095e-06
2024-09-04,1.9468744019444841,0.0020807667867281943,0.0,0.0
2024-09-05,1.9493238774431974,0.0012581579460220205,0.0,0.0
2024-09-06,1.9326109575237214,-0.008573700919006444,0.0,0.0
2024-09-09,1.9454411486015015,0.0066387862636458905,0.0,0.0
2024-09-10,1.9523386476978166,0.0035454678756401403,0.0,0.0
2024-09-11,1.962681896107483,0.0052978761762787485,0.0,0.0
2024-09-12,1.970199791301684,0.003830419595305168,0.0,0.0
2024-09-13,1.9783966788319458,0.004160434675940294,0.0,0.0
2024-09-16,1.9842275285988218,0.0029472601876376903,0.0,0.0
2024-09-17,1.9847196285121496,0.0002480057887692677,0.0,0.0
2024-09-18,1.9776731586223346,-0.0035503603574965625,0.0,0.0
2024-09-19,1.9954037811002843,0.00896539572307331,0.0,0.0
2024-09-20,1.9945411722604773,-0.00043229788776444344,0.0,0.0
2024-09-23,1.995648855550174,0.0005553574451617749,0.0,0.0
2024-09-24,2.000186431005078,0.002273734400861427,0.0,0.0
2024-09-25,1.9921062869900594,-0.0040396954452682765,0.0,0.0
2024-09-26,1.9960951245689054,0.002002321665714346,0.0,0.0
2024-09-27,1.9985636595483838,0.0012366820343852059,0.0,0.0
2024-09-30,2.000157854275322,0.0007976702264755886,0.0,0.0
2024-10-01,1.9958204101056989,-0.002168550927293844,0.005683557853605761,1.1343425237257002e-05
2024-10-02,1.9940364167331759,-0.0008938646801535111,0.0,0.0
2024-10-03,1.9857703801175255,-0.0041453789641378025,0.0,0.0
2024-10-04,1.9894444823572859,0.0018502150482992974,0.0,0.0
2024-10-07,1.9753247088474515,-0.00709734482919766,0.0,0.0
2024-10-08,1.986690172587248,0.005753719218359654,0.0,0.0
2024-10-09,1.9917162529575874,0.002529876293591471,0.0,0.0
2024-10-10,1.9888854050566125,-0.001421310840222012,0.0,0.0
2024-10-11,1.9947632645030535,0.002955353501763902,0.0,0.0
2024-10-14,2.003170158346703,0.004214481985532315,0.0,0.0
2024-10-15,1.9999669464950212,-0.0015990712712722344,0.0,0.0
2024-10-16,2.007476770248015,0.00375497393402191,0.0,0.0
2024-10-17,2.000242315633166,-0.003603755083031679,0.0,0.0
2024-10-18,2.0030264844002756,0.00139191574208275,0.0,0.0
2024-10-21,1.9913723283930223,-0.005818273546564057,0.0,0.0
2024-10-22,1.9907402839897093,-0.0003173913759377811,0.0,0.0
2024-10-23,1.9781215510873076,-0.006338713796011586,0.0,0.0
2024-10-24,1.9832268568089586,0.0025808857493336834,0.0,0.0
2024-10-25,1.9805821095696936,-0.0013335575958871582,0.0,0.0
2024-10-28,1.9829295173109744,0.001185211019497201,0.0,0.0
2024-10-29,1.9857260884278385,0.00141032300565902,0.0,0.0
2024-10-30,1.9814023705102077,-0.0021773989589137788,0.0,0.0
2024-10-31,1.959507228357407,-0.011050326010845879,0.0,0.0
2024-11-01,1.9584052596153456,-0.0005623703378656586,0.023418400194342437,4.586379216901659e-05
2024-11-04,1.9635486585964232,0.0026263200406682063,0.0,0.0
2024-11-05,1.9800777321694958,0.008417959748900694,0.0,0.0
2024-11-06,1.9943327319808257,0.007199212222699591,0.0,0.0
2024-11-07,2.0137731974700737,0.009747854596930283,0.0,0.0
2024-11-08,2.021642246202096,0.003907614195038489,0.0,0.0
2024-11-11,2.0207156286190386,-0.00045834894121254965,0.0,0.0
2024-11-12,2.008551313640737,-0.006019805461995986,0.0,0.0
2024-11-13,2.005331540342536,-0.001603032631695589,0.0,0.0
2024-11-14,1.9984749000548487,-0.003419205328270114,0.0,0.0
2024-11-15,1.9858961088244724,-0.006294195253606194,0.0,0.0
2024-11-18,1.9918246536701711,0.002985324770694131,0.0,0.0
2024-11-19,1.9975962901141684,0.002897662920961608,0.0,0.0
2024-11-20,1.995582377765417,-0.0010081678458846444,0.0,0.0
2024-11-21,1.999839499306159,0.0021332727669749474,0.0,0.0
2024-11-22,2.0039011997739347,0.0020310132234035994,0.0,0.0
2024-11-25,2.019604142448304,0.007836186073515439,0.0,0.0
2024-11-26,2.0224156708380217,0.001392118549682353,0.0,0.0
2024-11-27,2.022921286146008,0.0002500056320156041,0.0,0.0
2024-11-29,2.0354650960618152,0.006200839351344856,0.0,0.0
2024-12-02,2.0388591876778683,0.0016674771886877604,0.0153433851952576,3.128348186994357e-05
2024-12-03,2.035729055867039,-0.0015352368764586233,0.0,0.0
2024-12-04,2.0469591794004054,0.005516511886000108,0.0,0.0
2024-12-05,2.0449927567393242,-0.0009606555327874577,0.0,0.0
2024-12-06,2.0492449479861006,0.0020793184879326354,0.0,0.0
2024-12-09,2.041371763358785,-0.0038419929423532118,0.0,0.0
2024-12-10,2.0366261758658464,-0.0023247051703754185,0.0,0.0
2024-12-11,2.0417244908839205,0.0025033140978396595,0.0,0.0
2024-12-12,2.0307102465866183,-0.005394579115095888,0.0,0.0
2024-12-13,2.024871895631021,-0.002875029052229805,0.0,0.0
2024-12-16,2.030522507546751,0.002790602174844725,0.0,0.0
2024-12-17,2.0263925784222834,-0.0020339243269246188,0.0,0.0
2024-12-18,1.9835064754529044,-0.02116376827769939,0.0,0.0
2024-12-19,1.9778247823029669,-0.002864469171264039,0.0,0.0
2024-12-20,1.9936078229382792,0.00797999942994676,0.0,0.0
2024-12-23,1.9967319783563449,0.001567086255440664,0.0,0.0
2024-12-24,2.0109925676229388,0.00714196468087458,0.0,0.0
2024-12-26,2.011987401040094,0.0004946977095650062,0.0,0.0
2024-12-27,1.9970887732873042,-0.0074049309379810024,0.0,0.0
2024-12-30,1.9898481289894634,-0.0036255996201522978,0.0,0.0
2024-12-31,1.983718392959668,-0.0030805044568443796,0.0,0.0
2025-01-02,1.981371022434174,-0.0011833184255511942,3.820890565435824e-06,7.570601874931867e-09
2025-01-03,1.9914399848138697,0.00508181570523103,0.0,0.0
2025-01-06,1.9947148202622051,0.0016444560083699322,0.0,0.0
2025-01-07,1.9787674758904201,-0.007994799161159638,0.0,0.0
2025-01-08,1.981801254991715,0.0015331660431348038,0.0,0.0
2025-01-10,1.9608947466423343,-0.010549245690869236,0.0,0.0
2025-01-13,1.9596381934406342,-0.0006408060421660977,0.0,0.0
2025-01-14,1.9621063986072196,0.0012595208517811596,0.0,0.0
2025-01-15,1.991734012726463,0.015099901891291179,0.0,0.0
2025-01-16,1.991749274002495,7.662306279021536e-06,0.0,0.0
2025-01-17,2.0026493801425858,0.005472629653925587,0.0,0.0
2025-01-21,2.017666531575998,0.007498642339650585,0.0,0.0
2025-01-22,2.0202587423924356,0.0012847568098444118,0.0,0.0
2025-01-23,2.0244767939228874,0.002087876885243256,0.0,0.0
2025-01-24,2.0234077335929426,-0.0005280674657046625,0.0,0.0
2025-01-27,2.0156958154476907,-0.003811351522096773,0.0,0.0
2025-01-28,2.0230315872692533,0.003639324825374546,0.0,0.0
2025-01-29,2.0171414820217866,-0.0029115241128870872,0.0,0.0
2025-01-30,2.0248400106596547,0.0038165536262493305,0.0,0.0
2025-01-31,2.016138683781268,-0.004297291061308162,0.0,0.0
2025-02-03,2.008824654651211,-0.003627741081947411,1.0064635520196892,0.0020238457242613625
2025-02-04,2.022463383896038,0.006789407534026459,0.0,0.0
2025-02-05,2.039363980174115,0.008356441166079254,0.0,0.0
2025-02-06,2.042364791875575,0.0014714448870494223,0.0,0.0
2025-02-07,2.028214914407326,-0.006928183214152783,0.0,0.0
2025-02-10,2.0354221796445016,0.0035535017447998474,0.0,0.0
2025-02-11,2.038048060314893,0.001290091410348193,0.0,0.0
2025-02-12,2.03646357285648,-0.0007774534316762338,0.0,0.0
2025-02-13,2.056806792188481,0.009989483535650212,0.0,0.0
2025-02-14,2.062279855606743,0.0026609516455546878,0.0,0.0
2025-02-18,2.065726285794158,0.0016711748301496687,0.0,0.0
2025-02-19,2.0553857003454006,-0.0050057868362660685,0.0,0.0
2025-02-20,2.062695106033759,0.0035562209502235653,0.0,0.0
2025-02-21,2.059712717673512,-0.001445869702954572,0.0,0.0
2025-02-24,2.0616939550543956,0.0009618998629679076,0.0,0.0
2025-02-25,2.0789590425361792,0.008374224234133809,0.0,0.0
2025-02-26,2.0825241714012543,0.0017148624826806014,0.0,0.0
2025-02-27,2.066287700422836,-0.00779653422581561,0.0,0.0
2025-02-28,2.072963687570865,0.0032309088161646127,0.0,0.0
2025-03-03,2.085637139109879,0.006113687188541661,1.0124202110380005,0.002113681126017986
2025-03-04,2.0698659917995528,-0.00756178868058377,0.0,0.0
2025-03-05,2.0776096231588217,0.0037411269086733423,0.0,0.0
2025-03-06,2.05588417528888,-0.010456944186131523,0.0,0.0
2025-03-07,2.0599998230752536,0.0020018869914182336,0.0,0.0
2025-03-10,2.0361198827122227,-0.01159220505532954,0.0,0.0
2025-03-11,2.0210361546364144,-0.00740807464426696,0.0,0.0
2025-03-12,2.0232594534633574,0.0011000787006421042,0.0,0.0
2025-03-13,2.0131879451052956,-0.004977862992717852,0.0,0.0
2025-03-14,2.0330585388041946,0.009870212936259115,0.0,0.0
2025-03-17,2.0429055170094026,0.004843430731217291,0.0,0.0
2025-03-18,2.0344304226544123,-0.00414854935014175,0.0,0.0
2025-03-19,2.0514378404628086,0.008359793295956486,0.0,0.0
2025-03-20,2.0469849640909983,-0.00217061237926941,0.0,0.0
2025-03-21,2.045890465124769,-0.0005346883271882819,0.0,0.0
2025-03-24,2.0595126430936084,0.0066583124566292895,0.0,0.0
2025-03-25,2.0630321096377555,0.0017088831942593252,0.0,0.0
2025-03-26,2.0465341653134703,-0.007996940157747767,0.0,0.0
2025-03-27,2.0425910940087184,-0.0019267068058684833,0.0,0.0
2025-03-28,2.0283174575578795,-0.0069880048398850425,0.0,0.0
2025-03-31,2.0370001443685233,0.004280733658476699,0.0,0.0
2025-04-01,2.0414856710382026,0.0022020257004300436,1.0,0.00204352920023844
2025-04-02,2.0462034943662815,0.00231097547977388,0.0,0.0
2025-04-03,2.024659821292537,-0.010528607312547233,0.0,0.0
2025-04-04,1.9574364918862888,-0.03320228351414256,0.0,0.0
2025-04-07,1.9149492028881767,-0.02170557725587774,0.0,0.0
2025-04-08,1.89914962345473,-0.008250651980541979,0.0,0.0
2025-04-09,1.9858940674881236,0.04567541333346736,0.0,0.0
2025-04-10,1.9494674802017804,-0.01834266383222427,0.0,0.0
2025-04-11,1.9733483154501639,0.012249927475533884,0.0,0.0
2025-04-14,1.9900545403284409,0.008465928061192729,0.0,0.0
2025-04-15,2.004388019372522,0.007202555886591577,0.0,0.0
2025-04-16,2.004749420530687,0.00018030498819210372,0.0,0.0
2025-04-17,2.01419015600451,0.0047091847874551895,0.0,0.0
2025-04-21,1.9978999147590872,-0.00808773749432734,0.0,0.0
2025-04-22,2.0211687799546363,0.011646662089354498,0.0,0.0
2025-04-23,2.0296992150970525,0.0042205456699206945,0.0,0.0
2025-04-24,2.053656572364731,0.011803402735480084,0.0,0.0
2025-04-25,2.063500650680586,0.004793439394065846,0.0,0.0
2025-04-28,2.072832761078485,0.004522465449585011,0.0,0.0
2025-04-29,2.077301449432918,0.0021558364178437817,0.0,0.0
2025-04-30,2.0712633643435456,-0.0029066966140232076,0.0,0.0
2025-05-01,2.0622259626884807,-0.0043632315477800665,1.0196900399953441,0.002104977699167508
2025-05-02,2.0485633025326058,-0.006625200343255866,0.0,0.0
2025-05-05,2.0414232229416918,-0.0034854083259652224,0.0,0.0
2025-05-06,2.0468152130455453,0.0026412896861649493,0.0,0.0
2025-05-07,2.0532337561321903,0.0031358683704010293,0.0,0.0
2025-05-08,2.0366447637775105,-0.008079446534100199,0.0,0.0
2025-05-09,2.0377713348195634,0.0005531504865696757,0.0,0.0
2025-05-12,2.028161704870418,-0.0047157547978740055,0.0,0.0
2025-05-13,2.0249586731949023,-0.0015792782537131789,0.0,0.0
2025-05-14,2.013136260027066,-0.005838347875605554,0.0,0.0
2025-05-15,2.0291677258735668,0.007963428092187419,0.0,0.0
2025-05-16,2.0337663513267503,0.002266261874041886,0.0,0.0
2025-05-19,2.030955969035765,-0.0013818609444256058,0.0,0.0
2025-05-20,2.021246320980813,-0.004780826469399924,0.0,0.0
2025-05-21,1.9928228761033053,-0.01406233598669715,0.0,0.0
2025-05-22,2.003133888835509,0.00517407385064006,0.0,0.0
2025-05-23,2.005531249101858,0.0011968048065638115,0.0,0.0
2025-05-27,2.0284863241343176,0.011445882502573612,0.0,0.0
2025-05-28,2.0216832488231886,-0.0033537693748230124,0.0,0.0
2025-05-29,2.035485872729447,0.006827293006603563,0.0,0.0
2025-05-30,2.039980052791652,0.0022079151333920244,0.0,0.0
2025-06-02,2.0276689984305416,-0.006034889578583336,0.019821162566802553,4.019155349287234e-05
2025-06-03,2.026355884749343,-0.0006475976513993231,0.0,0.0
2025-06-04,2.0501710914317135,0.011752726587470397,0.0,0.0
2025-06-05,2.0477607312695816,-0.001175687322977792,0.0,0.0
2025-06-06,2.028510339405324,-0.009400703690768841,0.0,0.0
2025-06-09,2.0326118891964606,0.0020219516319246456,0.0,0.0
2025-06-10,2.0403119534078127,0.0037882609327823946,0.0,0.0
2025-06-11,2.04662626949312,0.003094779734422959,0.0,0.0
2025-06-12,2.064570267149725,0.008767598620264438,0.0,0.0
2025-06-13,2.0484151976234397,-0.007824906608089544,0.0,0.0
2025-06-16,2.036258568598509,-0.0059346508652322605,0.0,0.0
2025-06-17,2.052143581344451,0.007801078404730877,0.0,0.0
2025-06-18,2.0546865252537123,0.001239164711659857,0.0,0.0
2025-06-20,2.053633882141542,-0.0005123132406001929,0.0,0.0
2025-06-23,2.059523975966062,0.002868132375366761,0.0,0.0
2025-06-24,2.071853193001492,0.005986440157681017,0.0,0.0
2025-06-25,2.071931816275095,3.794828411018969e-05,0.0,0.0
2025-06-26,2.0809578329492417,0.004356329008149418,0.0,0.0
2025-06-27,2.0725866095299508,-0.0040227741700209485,0.0,0.0
2025-06-30,2.08850633217667,0.007681089211673431,0.0,0.0
2025-07-01,2.0923514506167074,0.0018410853636388058,0.006732037286556538,1.4085882808821235e-05
2025-07-02,2.085513269546592,-0.003268179955188688,0.0,0.0
2025-07-03,2.075784975640337,-0.004664700075665218,0.0,0.0
2025-07-07,2.0597145486184996,-0.0077418553513135535,0.0,0.0
2025-07-08,2.05544242511548,-0.0020741337705678653,0.0,0.0
2025-07-09,2.072057248415648,0.008083331888624867,0.0,0.0
2025-07-10,2.0729605741179817,0.00043595595779244434,0.0,0.0
2025-07-11,2.0524025312064897,-0.009917237774885845,0.0,0.0
2025-07-14,2.0499786155565376,-0.0011810137695198453,0.0,0.0
2025-07-15,2.0391255145066105,-0.0052942508607489724,0.0,0.0
2025-07-16,2.0421765300765418,0.0014962372586806438,0.0,0.0
2025-07-17,2.0444268150602793,0.001101905222489874,0.0,0.0
2025-07-18,2.047883640747786,0.0016908532318409275,0.0,0.0
2025-07-21,2.060923326897598,0.006367396023072125,0.0,0.0
2025-07-22,2.0695831652759713,0.004201921665571762,0.0,0.0
2025-07-23,2.062259087182855,-0.003538914606574628,0.0,0.0
2025-07-24,2.0589476949392984,-0.001605711069058935,0.0,0.0
2025-07-25,2.068705657132985,0.004739295814881972,0.0,0.0
2025-07-28,2.059954057868239,-0.004230470987774515,0.0,0.0
2025-07-29,2.0840538181543997,0.01169917367531026,0.0,0.0
2025-07-30,2.0747895427346603,-0.004445314866169614,0.0,0.0
2025-07-31,2.0756697264907844,0.000424227970112101,0.0,0.0
2025-08-01,2.0995916566346353,0.01152492125242599,0.0032741331166880293,6.8743650820965e-06
2025-08-04,2.1042800640715322,0.0022330091768472116,0.0,0.0
2025-08-05,2.1082736586872928,0.0018978436777248309,0.0,0.0
2025-08-06,2.101889955099164,-0.0030279293021682196,0.0,0.0
2025-08-07,2.099043429369991,-0.0013542696287535128,0.0,0.0
2025-08-08,2.0911497452930394,-0.0037606101743787868,0.0,0.0
2025-08-11,2.093972716713276,0.0013499613916174713,0.0,0.0
2025-08-12,2.089670523959941,-0.002054560080461565,0.0,0.0
2025-08-13,2.1038312749503927,0.00677654722507004,0.0,0.0
2025-08-14,2.0924225037635678,-0.005422854637948116,0.0,0.0
2025-08-15,2.0836704538306234,-0.00418273552172288,0.0,0.0
2025-08-18,2.0787666459527396,-0.0023534469516850454,0.0,0.0
2025-08-19,2.0863715880115166,0.003658391418576601,0.0,0.0
2025-08-20,2.089121853397442,0.001318204964891656,0.0,0.0
2025-08-21,2.0799598414649814,-0.0043855804378097885,0.0,0.0
2025-08-22,2.0958454529732338,0.007637460681483077,0.0,0.0
2025-08-25,2.0900802158711183,-0.0027507930481881493,0.0,0.0
2025-08-26,2.090248468859962,8.05007327306928e-05,0.0,0.0
2025-08-27,2.089435729016378,-0.00038882451330168877,0.0,0.0
2025-08-28,2.0978776976506373,0.00404031026990892,0.0,0.0
2025-08-29,2.0866359273822015,-0.005358639486479633,0.0,0.0
2025-09-02,2.0753947077293438,-0.005387245328877466,0.00982860983388687,2.0398445321945677e-05
2025-09-03,2.0929712197414965,0.00846899722095884,0.0,0.0
2025-09-04,2.108106412113056,0.007231438363222598,0.0,0.0
2025-09-05,2.131075145736377,0.010895433689373402,0.0,0.0
2025-09-08,2.149085714604066,0.008451400178788981,0.0,0.0
2025-09-09,2.141002404639764,-0.00376127853317898,0.0,0.0
2025-09-10,2.150322864450146,0.004353315900152088,0.0,0.0
2025-09-11,2.162542281448107,0.005682596413764784,0.0,0.0
2025-09-12,2.1559129033381614,-0.0030655484365864627,0.0,0.0
2025-09-15,2.161788064901669,0.002725138642850844,0.0,0.0
2025-09-16,2.1631393832814796,0.0006250929042259656,0.0,0.0
2025-09-17,2.158448879140704,-0.002168378134588811,0.0,0.0
2025-09-18,2.144990179858371,-0.0062353569789854735,0.0,0.0
2025-09-19,2.142073448622265,-0.001359787687372216,0.0,0.0
2025-09-22,2.1358167143275337,-0.002920877572501257,0.0,0.0
2025-09-23,2.145423599500722,0.004497991381349875,0.0,0.0
2025-09-24,2.1370214947948076,-0.003916291732723454,0.0,0.0
2025-09-25,2.1351181755954003,-0.0008906411114925072,0.0,0.0
2025-09-26,2.135576172427971,0.00021450654947607894,0.0,0.0
2025-09-29,2.147943318001359,0.005791011218919895,0.0,0.0
2025-09-30,2.1437457912634037,-0.0019542074051848157,0.0,0.0
2025-10-01,2.150781437774614,0.0032819406759343472,0.009685642960373428,2.0831902862456934e-05
2025-10-02,2.15564880184544,0.0022630677321922033,0.0,0.0
2025-10-03,2.1522512474045206,-0.0015761168693206873,0.0,0.0
2025-10-06,2.1402283610399904,-0.005586190914759204,0.0,0.0
2025-10-07,2.148395532775302,0.003816028179041142,0.0,0.0
2025-10-08,2.1478885872480955,-0.00023596470923192836,0.0,0.0
2025-10-09,2.1449239982489736,-0.0013802340664792467,0.0,0.0
2025-10-10,2.1652566837254588,0.00947944332437145,0.0,0.0
2025-10-13,2.168319256940534,0.001414415777166056,0.0,0.0
2025-10-14,2.1753801638722683,0.003256396358208402,0.0,0.0
2025-10-15,2.1729714354239813,-0.001107267818420965,0.0,0.0
2025-10-16,2.1842470340533815,0.005189022941390009,0.0,0.0
2025-10-17,2.1804392361024805,-0.0017433000441505753,0.0,0.0
2025-10-20,2.1879336724992413,0.0034371223341940205,0.0,0.0
2025-10-21,2.1935462621200146,0.0025652466943213437,0.0,0.0
2025-10-22,2.1953295995956363,0.0008129928720528312,0.0,0.0
2025-10-23,2.1863918541979377,-0.0040712544482363056,0.0,0.0
2025-10-24,2.188706179459787,0.0010585134853140499,0.0,0.0
2025-10-27,2.1942720185847584,0.0025429814093846925,0.0,0.0
2025-10-28,2.197258977649055,0.0013612528615405406,0.0,0.0
2025-10-29,2.1798861613105798,-0.00790658566659419,0.0,0.0
2025-10-30,2.167716491732783,-0.005582708764241273,0.0,0.0
2025-10-31,2.1601250396248464,-0.0035020502620563,0.0,0.0
2025-11-03,2.154505848294566,-0.0026013268802514977,0.0069198683388181905,1.4908999973728977e-05
2025-11-04,2.1583690658745196,0.0017930875346714448,0.0,0.0
2025-11-05,2.1433883344814237,-0.006940764501286112,0.0,0.0
2025-11-06,2.158644453179939,0.007117757642460365,0.0,0.0
2025-11-07,2.154219645660265,-0.0020498083939464173,0.0,0.0
2025-11-10,2.1545645267480946,0.00016009560052254734,0.0,0.0
2025-11-11,2.1637743035921924,0.004274542131257553,0.0,0.0
2025-11-12,2.164623075031421,0.00039226431232664005,0.0,0.0
2025-11-13,2.1503795067686404,-0.006580160965240389,0.0,0.0
2025-11-14,2.141333526807591,-0.004206689997080071,0.0,0.0
2025-11-17,2.144656681335295,0.0015519088857953722,0.0,0.0
2025-11-18,2.1447839523199503,5.934329058954191e-05,0.0,0.0
2025-11-19,2.142720509898002,-0.0009620747207272906,0.0,0.0
2025-11-20,2.148383939595319,0.0026431023883681792,0.0,0.0
2025-11-21,2.1554261057275586,0.003277889953676727,0.0,0.0
2025-11-24,2.165836795874531,0.004829991675106893,0.0,0.0
2025-11-25,2.1716187663307727,0.002669624261281145,0.0,0.0
2025-11-26,2.180124383658458,0.003916717547093551,0.0,0.0
2025-11-28,2.1731106162531564,-0.0032171409383220384,0.0,0.0
2025-12-01,2.153774795443085,-0.008897761883566613,0.006946398569733748,1.4961082084234037e-05
2025-12-02,2.1549400957207716,0.0005410501971478965,0.0,0.0
2025-12-03,2.1604015792816,0.0025344015695254463,0.0,0.0
2025-12-04,2.1526358252537037,-0.003594588201735416,0.0,0.0
2025-12-05,2.1465930998202287,-0.002807128527075764,0.0,0.0
2025-12-08,2.1408407386541417,-0.002679763186869799,0.0,0.0
2025-12-09,2.140572412281978,-0.00012533691428739946,0.0,0.0
2025-12-10,2.1496515745424136,0.004241464670077022,0.0,0.0
2025-12-11,2.1466416668370556,-0.0014001839837689545,0.0,0.0
2025-12-12,2.1298212525555202,-0.007835687968509086,0.0,0.0
2025-12-15,2.1318121132916117,0.0009347548456015708,0.0,0.0
2025-12-16,2.1400636109109525,0.0038706495604812208,0.0,0.0
2025-12-17,2.1379273689838727,-0.0009982142195158472,0.0,0.0
2025-12-18,2.147102697015576,0.0042916930503884565,0.0,0.0
2025-12-19,2.140338157861886,-0.003150542898154196,0.0,0.0
2025-12-22,2.137829366195506,-0.0011721473343662137,0.0,0.0
2025-12-23,2.140607272874611,0.001299405239272522,0.0,0.0
2025-12-24,2.1512554838535394,0.004974387929005175,0.0,0.0
2025-12-26,2.147626126985597,-0.001687087793701303,0.0,0.0
2025-12-29,2.153108186007344,0.0025526133030622233,0.0,0.0
2025-12-30,2.149282928238564,-0.0017766212555596628,0.0,0.0
2025-12-31,2.1361739522679084,-0.006099232352531292,0.0,0.0
