Date,SPY,QQQ,IWM,EFA,VNQ,GLD,TLT,LQD
2012-01-03,0.0,0.0,0.0,0.0,0.0,0.0,0.5,0.5
2012-01-04,0.0,0.0,0.0,0.0,0.0,0.0,0.49681193712037647,0.5031880628796235
2012-01-05,0.0,0.0,0.0,0.0,0.0,0.0,0.4974457665751656,0.5025542334248343
2012-01-06,0.0,0.0,0.0,0.0,0.0,0.0,0.49844264283812484,0.5015573571618751
2012-01-09,0.0,0.0,0.0,0.0,0.0,0.0,0.49837423518769675,0.5016257648123033
2012-01-10,0.0,0.0,0.0,0.0,0.0,0.0,0.49724808465896514,0.5027519153410348
2012-01-11,0.0,0.0,0.0,0.0,0.0,0.0,0.5005248715938813,0.4994751284061187
2012-01-12,0.0,0.0,0.0,0.0,0.0,0.0,0.4995999147127169,0.5004000852872831
2012-01-13,0.0,0.0,0.0,0.0,0.0,0.0,0.501176229722791,0.49882377027720914
2012-01-17,0.0,0.0,0.0,0.0,0.0,0.0,0.5015688878178557,0.49843111218214436
2012-01-18,0.0,0.0,0.0,0.0,0.0,0.0,0.4990255292170929,0.5009744707829069
2012-01-19,0.0,0.0,0.0,0.0,0.0,0.0,0.49562859111355556,0.5043714088864445
2012-01-20,0.0,0.0,0.0,0.0,0.0,0.0,0.4934150711593579,0.5065849288406421
2012-01-23,0.0,0.0,0.0,0.0,0.0,0.0,0.49220079160370417,0.5077992083962959
2012-01-24,0.0,0.0,0.0,0.0,0.0,0.0,0.49175581698105364,0.5082441830189464
2012-01-25,0.0,0.0,0.0,0.0,0.0,0.0,0.49030463898556104,0.5096953610144389
2012-01-26,0.0,0.0,0.0,0.0,0.0,0.0,0.49164654957345233,0.5083534504265478
2012-01-27,0.0,0.0,0.0,0.0,0.0,0.0,0.49206459822860776,0.5079354017713922
2012-01-30,0.0,0.0,0.0,0.0,0.0,0.0,0.49531314390289594,0.5046868560971042
2012-01-31,0.0,0.0,0.0,0.0,0.0,0.0,0.4974515234545766,0.5025484765454235
2012-02-01,0.0,0.0,0.0,0.0,0.0,0.0,0.5,0.5
2012-02-02,0.0,0.0,0.0,0.0,0.0,0.0,0.4993792957891986,0.5006207042108014
2012-02-03,0.0,0.0,0.0,0.0,0.0,0.0,0.49431380699788774,0.5056861930021121
2012-02-06,0.0,0.0,0.0,0.0,0.0,0.0,0.49614538545143494,0.5038546145485651
2012-02-07,0.0,0.0,0.0,0.0,0.0,0.0,0.4934978325949241,0.5065021674050759
2012-02-08,0.0,0.0,0.0,0.0,0.0,0.0,0.49343407413228396,0.506565925867716
2012-02-09,0.0,0.0,0.0,0.0,0.0,0.0,0.4923529914893051,0.507647008510695
2012-02-10,0.0,0.0,0.0,0.0,0.0,0.0,0.4958153036676513,0.5041846963323487
2012-02-13,0.0,0.0,0.0,0.0,0.0,0.0,0.4952753824013693,0.5047246175986306
2012-02-14,0.0,0.0,0.0,0.0,0.0,0.0,0.4964020033008971,0.503597996699103
2012-02-15,0.0,0.0,0.0,0.0,0.0,0.0,0.49629942942120336,0.5037005705787966
2012-02-16,0.0,0.0,0.0,0.0,0.0,0.0,0.4947221158435094,0.5052778841564906
2012-02-17,0.0,0.0,0.0,0.0,0.0,0.0,0.49504554205738577,0.5049544579426142
2012-02-21,0.0,0.0,0.0,0.0,0.0,0.0,0.49267395271914355,0.5073260472808564
2012-02-22,0.0,0.0,0.0,0.0,0.0,0.0,0.4942488609071543,0.5057511390928455
2012-02-23,0.0,0.0,0.0,0.0,0.0,0.0,0.49390583195267757,0.5060941680473223
2012-02-24,0.0,0.0,0.0,0.0,0.0,0.0,0.4953350915040402,0.5046649084959597
2012-02-27,0.0,0.0,0.0,0.0,0.0,0.0,0.4966193302101418,0.5033806697898581
2012-02-28,0.0,0.0,0.0,0.0,0.0,0.0,0.4950078072558103,0.5049921927441897
2012-02-29,0.0,0.0,0.0,0.0,0.0,0.0,0.4932461782348414,0.5067538217651585
2012-03-01,0.0,0.0,0.0,0.0,0.0,0.0,0.5,0.5
2012-03-02,0.0,0.0,0.0,0.0,0.0,0.0,0.502251298300872,0.49774870169912805
2012-03-05,0.0,0.0,0.0,0.0,0.0,0.0,0.5007077478272509,0.49929225217274914
2012-03-06,0.0,0.0,0.0,0.0,0.0,0.0,0.5041076524063016,0.4958923475936984
2012-03-07,0.0,0.0,0.0,0.0,0.0,0.0,0.5026800499212263,0.4973199500787737
2012-03-08,0.0,0.0,0.0,0.0,0.0,0.0,0.500122682213595,0.49987731778640504
2012-03-09,0.0,0.0,0.0,0.0,0.0,0.0,0.5007477525547528,0.49925224744524715
2012-03-12,0.0,0.0,0.0,0.0,0.0,0.0,0.5011982566096884,0.4988017433903115
2012-03-13,0.0,0.0,0.0,0.0,0.0,0.0,0.49744922156579713,0.5025507784342028
2012-03-14,0.0,0.0,0.0,0.0,0.0,0.0,0.49406114552514874,0.5059388544748513
2012-03-15,0.0,0.0,0.0,0.0,0.0,0.0,0.4949893556554928,0.5050106443445073
2012-03-16,0.0,0.0,0.0,0.0,0.0,0.0,0.49511212336423244,0.5048878766357676
2012-03-19,0.0,0.0,0.0,0.0,0.0,0.0,0.49246000669424556,0.5075399933057544
2012-03-20,0.0,0.0,0.0,0.0,0.0,0.0,0.49360976440533866,0.5063902355946613
2012-03-21,0.0,0.0,0.0,0.0,0.0,0.0,0.4952863608354793,0.5047136391645207
2012-03-22,0.0,0.0,0.0,0.0,0.0,0.0,0.4965038580597088,0.5034961419402912
2012-03-23,0.0,0.0,0.0,0.0,0.0,0.0,0.4986593881920591,0.5013406118079409
2012-03-26,0.0,0.0,0.0,0.0,0.0,0.0,0.4968313230536122,0.5031686769463878
2012-03-27,0.0,0.0,0.0,0.0,0.0,0.0,0.4966959381350424,0.5033040618649576
2012-03-28,0.0,0.0,0.0,0.0,0.0,0.0,0.49681828317820376,0.5031817168217962
2012-03-29,0.0,0.0,0.0,0.0,0.0,0.0,0.4981902372757199,0.50180976272428
2012-03-30,0.0,0.0,0.0,0.0,0.0,0.0,0.49453122745546996,0.50546877254453
2012-04-02,0.0,0.0,0.0,0.0,0.0,0.0,0.5,0.5
2012-04-03,0.0,0.0,0.0,0.0,0.0,0.0,0.49802148525998025,0.5019785147400198
2012-04-04,0.0,0.0,0.0,0.0,0.0,0.0,0.5009546817229256,0.49904531827707443
2012-04-05,0.0,0.0,0.0,0.0,0.0,0.0,0.5023404274441874,0.4976595725558126
2012-04-09,0.0,0.0,0.0,0.0,0.0,0.0,0.5064907353832354,0.4935092646167646
2012-04-10,0.0,0.0,0.0,0.0,0.0,0.0,0.5094598201451728,0.49054017985482734
2012-04-11,0.0,0.0,0.0,0.0,0.0,0.0,0.506707146173709,0.4932928538262909
2012-04-12,0.0,0.0,0.0,0.0,0.0,0.0,0.5055574678056518,0.49444253219434825
2012-04-13,0.0,0.0,0.0,0.0,0.0,0.0,0.5083806794932203,0.49161932050677964
2012-04-16,0.0,0.0,0.0,0.0,0.0,0.0,0.5080166178337633,0.4919833821662369
2012-04-17,0.0,0.0,0.0,0.0,0.0,0.0,0.5075438353975759,0.49245616460242414
2012-04-18,0.0,0.0,0.0,0.0,0.0,0.0,0.5083144471300768,0.49168555286992316
2012-04-19,0.0,0.0,0.0,0.0,0.0,0.0,0.5083773268880997,0.49162267311190033
2012-04-20,0.0,0.0,0.0,0.0,0.0,0.0,0.5084845798339898,0.4915154201660102
2012-04-23,0.0,0.0,0.0,0.0,0.0,0.0,0.5102496524401193,0.4897503475598808
2012-04-24,0.0,0.0,0.0,0.0,0.0,0.0,0.5089365054074364,0.4910634945925637
2012-04-25,0.0,0.0,0.0,0.0,0.0,0.0,0.5072221103073763,0.49277788969262376
2012-04-26,0.0,0.0,0.0,0.0,0.0,0.0,0.5083107947231156,0.49168920527688453
2012-04-27,0.0,0.0,0.0,0.0,0.0,0.0,0.508159269183856,0.49184073081614404
2012-04-30,0.0,0.0,0.0,0.0,0.0,0.0,0.5083731883194399,0.4916268116805601
2012-05-01,0.0,0.0,0.0,0.0,0.0,0.0,0.5,0.5
2012-05-02,0.0,0.0,0.0,0.0,0.0,0.0,0.5009360226515256,0.49906397734847446
2012-05-03,0.0,0.0,0.0,0.0,0.0,0.0,0.5007215891115422,0.49927841088845787
2012-05-04,0.0,0.0,0.0,0.0,0.0,0.0,0.5023965413315884,0.49760345866841177
2012-05-07,0.0,0.0,0.0,0.0,0.0,0.0,0.5020098492856897,0.4979901507143103
2012-05-08,0.0,0.0,0.0,0.0,0.0,0.0,0.5027186773549245,0.4972813226450754
2012-05-09,0.0,0.0,0.0,0.0,0.0,0.0,0.5033145914799785,0.4966854085200215
2012-05-10,0.0,0.0,0.0,0.0,0.0,0.0,0.5030922225219365,0.4969077774780635
2012-05-11,0.0,0.0,0.0,0.0,0.0,0.0,0.5044008343526412,0.49559916564735895
2012-05-14,0.0,0.0,0.0,0.0,0.0,0.0,0.5078056669307387,0.49219433306926136
2012-05-15,0.0,0.0,0.0,0.0,0.0,0.0,0.5091352471853117,0.4908647528146883
2012-05-16,0.0,0.0,0.0,0.0,0.0,0.0,0.5097248055469804,0.49027519445301954
2012-05-17,0.0,0.0,0.0,0.0,0.0,0.0,0.5159767486969128,0.4840232513030872
2012-05-18,0.0,0.0,0.0,0.0,0.0,0.0,0.5170084693536922,0.48299153064630795
2012-05-21,0.0,0.0,0.0,0.0,0.0,0.0,0.5162043460037822,0.4837956539962179
2012-05-22,0.0,0.0,0.0,0.0,0.0,0.0,0.5140782744854715,0.4859217255145285
2012-05-23,0.0,0.0,0.0,0.0,0.0,0.0,0.515198804921244,0.484801195078756
2012-05-24,0.0,0.0,0.0,0.0,0.0,0.0,0.5142025683771538,0.48579743162284617
2012-05-25,0.0,0.0,0.0,0.0,0.0,0.0,0.5145094935768458,0.4854905064231541
2012-05-29,0.0,0.0,0.0,0.0,0.0,0.0,0.513372755833078,0.486627244166922
2012-05-30,0.0,0.0,0.0,0.0,0.0,0.0,0.5194123671666809,0.48058763283331923
2012-05-31,0.0,0.0,0.0,0.0,0.0,0.0,0.5205285057945218,0.47947149420547813
2012-06-01,0.0,0.0,0.0,0.0,0.0,0.0,0.5,0.5
2012-06-04,0.0,0.0,0.0,0.0,0.0,0.0,0.49992127966358774,0.5000787203364123
2012-06-05,0.0,0.0,0.0,0.0,0.0,0.0,0.49709187400566157,0.5029081259943384
2012-06-06,0.0,0.0,0.0,0.0,0.0,0.0,0.49277882688038616,0.5072211731196138
2012-06-07,0.0,0.0,0.0,0.0,0.0,0.0,0.4926405684085301,0.5073594315914699
2012-06-08,0.0,0.0,0.0,0.0,0.0,0.0,0.49165658345360447,0.5083434165463956
2012-06-11,0.0,0.0,0.0,0.0,0.0,0.0,0.4928348352693876,0.5071651647306125
2012-06-12,0.0,0.0,0.0,0.0,0.0,0.0,0.4912697400279697,0.5087302599720303
2012-06-13,0.0,0.0,0.0,0.0,0.0,0.0,0.49282197433390235,0.5071780256660977
2012-06-14,0.0,0.0,0.0,0.0,0.0,0.0,0.4928044691109903,0.5071955308890096
2012-06-15,0.0,0.0,0.0,0.0,0.0,0.0,0.49316400316631,0.50683599683369
2012-06-18,0.0,0.0,0.0,0.0,0.0,0.0,0.49461220379301746,0.5053877962069826
2012-06-19,0.0,0.0,0.0,0.0,0.0,0.0,0.4915609156741675,0.5084390843258326
2012-06-20,0.0,0.0,0.0,0.0,0.0,0.0,0.4926865347937013,0.5073134652062986
2012-06-21,0.0,0.0,0.0,0.0,0.0,0.0,0.49362663341277585,0.5063733665872241
2012-06-22,0.0,0.0,0.0,0.0,0.0,0.0,0.49046295131784085,0.509537048682159
2012-06-25,0.0,0.0,0.0,0.0,0.0,0.0,0.49343442638992696,0.5065655736100729
2012-06-26,0.0,0.0,0.0,0.0,0.0,0.0,0.49219127410205116,0.5078087258979489
2012-06-27,0.0,0.0,0.0,0.0,0.0,0.0,0.49224564504026536,0.5077543549597346
2012-06-28,0.0,0.0,0.0,0.0,0.0,0.0,0.4924747082924139,0.5075252917075861
2012-06-29,0.0,0.0,0.0,0.0,0.0,0.0,0.4892663681367759,0.5107336318632241
2012-07-02,0.0,0.0,0.0,0.0,0.0,0.0,0.5,0.5
2012-07-03,0.0,0.0,0.0,0.0,0.0,0.0,0.4978591463375823,0.5021408536624176
2012-07-05,0.0,0.0,0.0,0.0,0.0,0.0,0.49849810546433065,0.5015018945356694
2012-07-06,0.0,0.0,0.0,0.0,0.0,0.0,0.5001770982164597,0.4998229017835402
2012-07-09,0.0,0.0,0.0,0.0,0.0,0.0,0.5022026341881348,0.49779736581186507
2012-07-10,0.0,0.0,0.0,0.0,0.0,0.0,0.5027724483938805,0.49722755160611953
2012-07-11,0.0,0.0,0.0,0.0,0.0,0.0,0.5026623966776049,0.4973376033223952
2012-07-12,0.0,0.0,0.0,0.0,0.0,0.0,0.503165355607844,0.49683464439215597
2012-07-13,0.0,0.0,0.0,0.0,0.0,0.0,0.5024243891638773,0.49757561083612273
2012-07-16,0.0,0.0,0.0,0.0,0.0,0.0,0.5028930255221026,0.4971069744778975
2012-07-17,0.0,0.0,0.0,0.0,0.0,0.0,0.5009201661271877,0.49907983387281235
2012-07-18,0.0,0.0,0.0,0.0,0.0,0.0,0.4996817223946446,0.5003182776053554
2012-07-19,0.0,0.0,0.0,0.0,0.0,0.0,0.49860502815747565,0.5013949718425242
2012-07-20,0.0,0.0,0.0,0.0,0.0,0.0,0.5014547609492839,0.4985452390507161
2012-07-23,0.0,0.0,0.0,0.0,0.0,0.0,0.5036630053917168,0.4963369946082831
2012-07-24,0.0,0.0,0.0,0.0,0.0,0.0,0.505229761114821,0.49477023888517896
2012-07-25,0.0,0.0,0.0,0.0,0.0,0.0,0.5053968370427837,0.4946031629572164
2012-07-26,0.0,0.0,0.0,0.0,0.0,0.0,0.5027043364936613,0.4972956635063388
2012-07-27,0.0,0.0,0.0,0.0,0.0,0.0,0.4991250185047025,0.5008749814952976
2012-07-30,0.0,0.0,0.0,0.0,0.0,0.0,0.5003430044184494,0.49965699558155063
2012-07-31,0.0,0.0,0.0,0.0,0.0,0.0,0.4995633089220155,0.5004366910779846
2012-08-01,0.0,0.0,0.0,0.0,0.0,0.0,0.5,0.5
2012-08-02,0.0,0.0,0.0,0.0,0.0,0.0,0.5012477252019095,0.4987522747980904
2012-08-03,0.0,0.0,0.0,0.0,0.0,0.0,0.4977808469988834,0.5022191530011166
2012-08-06,0.0,0.0,0.0,0.0,0.0,0.0,0.49754748240176744,0.5024525175982326
2012-08-07,0.0,0.0,0.0,0.0,0.0,0.0,0.4956185702773835,0.5043814297226166
2012-08-08,0.0,0.0,0.0,0.0,0.0,0.0,0.49499289162584065,0.5050071083741593
2012-08-09,0.0,0.0,0.0,0.0,0.0,0.0,0.4949799277469801,0.50502007225302
2012-08-10,0.0,0.0,0.0,0.0,0.0,0.0,0.49552658320923376,0.5044734167907663
2012-08-13,0.0,0.0,0.0,0.0,0.0,0.0,0.4956300915666991,0.5043699084333008
2012-08-14,0.0,0.0,0.0,0.0,0.0,0.0,0.49335025590837944,0.5066497440916206
2012-08-15,0.0,0.0,0.0,0.0,0.0,0.0,0.49098916459263836,0.5090108354073616
2012-08-16,0.0,0.0,0.0,0.0,0.0,0.0,0.48958864749684966,0.5104113525031503
2012-08-17,0.0,0.0,0.0,0.0,0.0,0.0,0.4904664444876002,0.5095335555123998
2012-08-20,0.0,0.0,0.0,0.0,0.0,0.0,0.4902845451876133,0.5097154548123868
2012-08-21,0.0,0.0,0.0,0.0,0.0,0.0,0.4909694140471253,0.5090305859528748
2012-08-22,0.0,0.0,0.0,0.0,0.0,0.0,0.49363644373234694,0.5063635562676532
2012-08-23,0.0,0.0,0.0,0.0,0.0,0.0,0.49449098320990675,0.5055090167900932
2012-08-24,0.0,0.0,0.0,0.0,0.0,0.0,0.49397969752696297,0.506020302473037
2012-08-27,0.0,0.0,0.0,0.0,0.0,0.0,0.4951247968577174,0.5048752031422827
2012-08-28,0.0,0.0,0.0,0.0,0.0,0.0,0.4953678990004943,0.5046321009995057
2012-08-29,0.0,0.0,0.0,0.0,0.0,0.0,0.49479311930552666,0.5052068806944734
2012-08-30,0.0,0.0,0.0,0.0,0.0,0.0,0.4960033889909218,0.5039966110090782
2012-08-31,0.0,0.0,0.0,0.0,0.0,0.0,0.49778888411385125,0.5022111158861488
2012-09-04,0.0,0.0,0.0,0.0,0.0,0.0,0.5,0.5
2012-09-05,0.0,0.0,0.0,0.0,0.0,0.0,0.498715037200541,0.501284962799459
2012-09-06,0.0,0.0,0.0,0.0,0.0,0.0,0.4956218670119369,0.5043781329880632
2012-09-07,0.0,0.0,0.0,0.0,0.0,0.0,0.4939341317911663,0.5060658682088337
2012-09-10,0.0,0.0,0.0,0.0,0.0,0.0,0.4945589189382377,0.5054410810617622
2012-09-11,0.0,0.0,0.0,0.0,0.0,0.0,0.4927775287501969,0.507222471249803
2012-09-12,0.0,0.0,0.0,0.0,0.0,0.0,0.4901432666622342,0.5098567333377659
2012-09-13,0.0,0.0,0.0,0.0,0.0,0.0,0.48782657555079334,0.5121734244492065
2012-09-14,0.0,0.0,0.0,0.0,0.0,0.0,0.48259578764191663,0.5174042123580834
2012-09-17,0.0,0.0,0.0,0.0,0.0,0.0,0.48472195775373755,0.5152780422462625
2012-09-18,0.0,0.0,0.0,0.0,0.0,0.0,0.48520213914381777,0.5147978608561823
2012-09-19,0.0,0.0,0.0,0.0,0.0,0.0,0.48642259770158003,0.5135774022984201
2012-09-20,0.0,0.0,0.0,0.0,0.0,0.0,0.4872480219578474,0.5127519780421527
2012-09-21,0.0,0.0,0.0,0.0,0.0,0.0,0.4870803249945658,0.5129196750054343
2012-09-24,0.0,0.0,0.0,0.0,0.0,0.0,0.4886535376393267,0.5113464623606732
2012-09-25,0.0,0.0,0.0,0.0,0.0,0.0,0.4906145136526251,0.509385486347375
2012-09-26,0.0,0.0,0.0,0.0,0.0,0.0,0.4925869877440418,0.5074130122559583
2012-09-27,0.0,0.0,0.0,0.0,0.0,0.0,0.49092529258869616,0.509074707411304
2012-09-28,0.0,0.0,0.0,0.0,0.0,0.0,0.49051109066550985,0.5094889093344902
2012-10-01,0.0,0.0,0.0,0.0,0.0,0.0,0.5,0.5
2012-10-02,0.0,0.0,0.0,0.0,0.0,0.0,0.4995761026394288,0.5004238973605712
2012-10-03,0.0,0.0,0.0,0.0,0.0,0.0,0.499492380299929,0.500507619700071
2012-10-04,0.0,0.0,0.0,0.0,0.0,0.0,0.4965601305348215,0.5034398694651785
2012-10-05,0.0,0.0,0.0,0.0,0.0,0.0,0.4936911224397931,0.506308877560207
2012-10-08,0.0,0.0,0.0,0.0,0.0,0.0,0.4951296282200597,0.5048703717799404
2012-10-09,0.0,0.0,0.0,0.0,0.0,0.0,0.4944126000931858,0.5055873999068141
2012-10-10,0.0,0.0,0.0,0.0,0.0,0.0,0.4957189283103597,0.5042810716896402
2012-10-11,0.0,0.0,0.0,0.0,0.0,0.0,0.49662621931790074,0.5033737806820993
2012-10-12,0.0,0.0,0.0,0.0,0.0,0.0,0.4969669781956272,0.5030330218043729
2012-10-15,0.0,0.0,0.0,0.0,0.0,0.0,0.4956290857907333,0.5043709142092668
2012-10-16,0.0,0.0,0.0,0.0,0.0,0.0,0.4923118936867446,0.5076881063132554
2012-10-17,0.0,0.0,0.0,0.0,0.0,0.0,0.4904735716943254,0.5095264283056745
2012-10-18,0.0,0.0,0.0,0.0,0.0,0.0,0.4894072204690836,0.5105927795309165
2012-10-19,0.0,0.0,0.0,0.0,0.0,0.0,0.49232762255310886,0.5076723774468911
2012-10-22,0.0,0.0,0.0,0.0,0.0,0.0,0.4913122382606678,0.5086877617393323
2012-10-23,0.0,0.0,0.0,0.0,0.0,0.0,0.49443369846366975,0.5055663015363302
2012-10-24,0.0,0.0,0.0,0.0,0.0,0.0,0.4926294927814063,0.5073705072185938
2012-10-25,0.0,0.0,0.0,0.0,0.0,0.0,0.4920662109959427,0.5079337890040572
2012-10-26,0.0,0.0,0.0,0.0,0.0,0.0,0.494494711495565,0.5055052885044349
2012-10-31,0.0,0.0,0.0,0.0,0.0,0.0,0.49518455830174,0.50481544169826
2012-11-01,0.5,0.0,0.0,0.0,0.0,0.0,0.0,0.5
2012-11-02,0.49825762915330085,0.0,0.0,0.0,0.0,0.0,0.0,0.5017423708466993
2012-11-05,0.49864664746031423,0.0,0.0,0.0,0.0,0.0,0.0,0.5013533525396858
2012-11-06,0.5018041432226765,0.0,0.0,0.0,0.0,0.0,0.0,0.4981958567773235
2012-11-07,0.4955602453266789,0.0,0.0,0.0,0.0,0.0,0.0,0.504439754673321
2012-11-08,0.49278237528521085,0.0,0.0,0.0,0.0,0.0,0.0,0.5072176247147893
2012-11-09,0.4936156960056792,0.0,0.0,0.0,0.0,0.0,0.0,0.5063843039943207
2012-11-12,0.4937735105147911,0.0,0.0,0.0,0.0,0.0,0.0,0.506226489485209
2012-11-13,0.49280166696044775,0.0,0.0,0.0,0.0,0.0,0.0,0.5071983330395522
2012-11-14,0.48889179053663934,0.0,0.0,0.0,0.0,0.0,0.0,0.5111082094633606
2012-11-15,0.48896128350241513,0.0,0.0,0.0,0.0,0.0,0.0,0.511038716497585
2012-11-16,0.4901098245547834,0.0,0.0,0.0,0.0,0.0,0.0,0.5098901754452164
2012-11-19,0.49433847811962583,0.0,0.0,0.0,0.0,0.0,0.0,0.505661521880374
2012-11-20,0.4952257064112341,0.0,0.0,0.0,0.0,0.0,0.0,0.5047742935887659
2012-11-21,0.49550748555910207,0.0,0.0,0.0,0.0,0.0,0.0,0.5044925144408979
2012-11-23,0.4987877794245695,0.0,0.0,0.0,0.0,0.0,0.0,0.5012122205754305
2012-11-26,0.497846476653966,0.0,0.0,0.0,0.0,0.0,0.0,0.502153523346034
2012-11-27,0.496423833957633,0.0,0.0,0.0,0.0,0.0,0.0,0.503576166042367
2012-11-28,0.4984697905750593,0.0,0.0,0.0,0.0,0.0,0.0,0.5015302094249408
2012-11-29,0.4994491688694982,0.0,0.0,0.0,0.0,0.0,0.0,0.5005508311305019
2012-11-30,0.49952234234023934,0.0,0.0,0.0,0.0,0.0,0.0,0.5004776576597606
2012-12-03,0.5,0.0,0.0,0.0,0.0,0.0,0.0,0.5
2012-12-04,0.49942069155156465,0.0,0.0,0.0,0.0,0.0,0.0,0.5005793084484353
2012-12-05,0.4993511544321958,0.0,0.0,0.0,0.0,0.0,0.0,0.5006488455678042
2012-12-06,0.500238751825542,0.0,0.0,0.0,0.0,0.0,0.0,0.49976124817445805
2012-12-07,0.501588316451385,0.0,0.0,0.0,0.0,0.0,0.0,0.4984116835486151
2012-12-10,0.5014684340040202,0.0,0.0,0.0,0.0,0.0,0.0,0.4985315659959798
2012-12-11,0.5040878702329783,0.0,0.0,0.0,0.0,0.0,0.0,0.4959121297670217
2012-12-12,0.5049717786980866,0.0,0.0,0.0,0.0,0.0,0.0,0.49502822130191354
2012-12-13,0.5038262790002074,0.0,0.0,0.0,0.0,0.0,0.0,0.4961737209997926
2012-12-14,0.5027097989663835,0.0,0.0,0.0,0.0,0.0,0.0,0.4972902010336166
2012-12-17,0.5064367447721767,0.0,0.0,0.0,0.0,0.0,0.0,0.4935632552278233
2012-12-18,0.50982454063237,0.0,0.0,0.0,0.0,0.0,0.0,0.49017545936762996
2012-12-19,0.5069873135969485,0.0,0.0,0.0,0.0,0.0,0.0,0.49301268640305157
2012-12-20,0.5081730059881282,0.0,0.0,0.0,0.0,0.0,0.0,0.49182699401187174
2012-12-21,0.5054605402654622,0.0,0.0,0.0,0.0,0.0,0.0,0.49453945973453783
2012-12-24,0.5048541422163337,0.0,0.0,0.0,0.0,0.0,0.0,0.4951458577836662
2012-12-26,0.5034425553822268,0.0,0.0,0.0,0.0,0.0,0.0,0.49655744461777324
2012-12-27,0.5023025693805158,0.0,0.0,0.0,0.0,0.0,0.0,0.49769743061948424
2012-12-28,0.49903023182020817,0.0,0.0,0.0,0.0,0.0,0.0,0.5009697681797918
2012-12-31,0.5045622588863122,0.0,0.0,0.0,0.0,0.0,0.0,0.49543774111368794
2013-01-02,0.5,0.0,0.0,0.0,0.0,0.0,0.0,0.5
2013-01-03,0.5007985934279807,0.0,0.0,0.0,0.0,0.0,0.0,0.49920140657201945
2013-01-04,0.5020188436223001,0.0,0.0,0.0,0.0,0.0,0.0,0.49798115637769985
2013-01-07,0.500920338221858,0.0,0.0,0.0,0.0,0.0,0.0,0.4990796617781419
2013-01-08,0.49997225800301937,0.0,0.0,0.0,0.0,0.0,0.0,0.5000277419969806
2013-01-09,0.5006897536788198,0.0,0.0,0.0,0.0,0.0,0.0,0.4993102463211802
2013-01-10,0.5025449742636244,0.0,0.0,0.0,0.0,0.0,0.0,0.4974550257363755
2013-01-11,0.5020734421123425,0.0,0.0,0.0,0.0,0.0,0.0,0.4979265578876574
2013-01-14,0.5023994924220391,0.0,0.0,0.0,0.0,0.0,0.0,0.4976005075779609
2013-01-15,0.502776270207083,0.0,0.0,0.0,0.0,0.0,0.0,0.497223729792917
2013-01-16,0.5027422984896577,0.0,0.0,0.0,0.0,0.0,0.0,0.4972577015103423
2013-01-17,0.5047872662730534,0.0,0.0,0.0,0.0,0.0,0.0,0.49521273372694663
2013-01-18,0.5050954765576424,0.0,0.0,0.0,0.0,0.0,0.0,0.4949045234423575
2013-01-22,0.5064400520606721,0.0,0.0,0.0,0.0,0.0,0.0,0.4935599479393277
2013-01-23,0.5065312044976364,0.0,0.0,0.0,0.0,0.0,0.0,0.4934687955023634
2013-01-24,0.5069501812099368,0.0,0.0,0.0,0.0,0.0,0.0,0.49304981879006304
2013-01-25,0.509493178815486,0.0,0.0,0.0,0.0,0.0,0.0,0.4905068211845141
2013-01-28,0.5094018666704182,0.0,0.0,0.0,0.0,0.0,0.0,0.49059813332958174
2013-01-29,0.5109452288370403,0.0,0.0,0.0,0.0,0.0,0.0,0.4890547711629596
2013-01-30,0.5108011176298245,0.0,0.0,0.0,0.0,0.0,0.0,0.48919888237017534
2013-01-31,0.5099959067629195,0.0,0.0,0.0,0.0,0.0,0.0,0.4900040932370806
2013-02-01,0.5,0.0,0.0,0.0,0.0,0.0,0.0,0.5
2013-02-04,0.49633323445773164,0.0,0.0,0.0,0.0,0.0,0.0,0.5036667655422684
2013-02-05,0.49934917280022156,0.0,0.0,0.0,0.0,0.0,0.0,0.5006508271997784
2013-02-06,0.4988801446635934,0.0,0.0,0.0,0.0,0.0,0.0,0.5011198553364068
2013-02-07,0.49846516225175386,0.0,0.0,0.0,0.0,0.0,0.0,0.5015348377482461
2013-02-08,0.4993078434283688,0.0,0.0,0.0,0.0,0.0,0.0,0.5006921565716312
2013-02-11,0.4993841366271893,0.0,0.0,0.0,0.0,0.0,0.0,0.5006158633728106
2013-02-12,0.5000468299946754,0.0,0.0,0.0,0.0,0.0,0.0,0.4999531700053244
2013-02-13,0.5008477643578502,0.0,0.0,0.0,0.0,0.0,0.0,0.4991522356421497
2013-02-14,0.500385730098823,0.0,0.0,0.0,0.0,0.0,0.0,0.49961426990117697
2013-02-15,0.5001949526821188,0.0,0.0,0.0,0.0,0.0,0.0,0.4998050473178812
2013-02-19,0.5021243644687216,0.0,0.0,0.0,0.0,0.0,0.0,0.4978756355312785
2013-02-20,0.4985701003220822,0.0,0.0,0.0,0.0,0.0,0.0,0.501429899677918
2013-02-21,0.4966486523104919,0.0,0.0,0.0,0.0,0.0,0.0,0.5033513476895082
2013-02-22,0.4989128817706106,0.0,0.0,0.0,0.0,0.0,0.0,0.5010871182293896
2013-02-25,0.4926332852980541,0.0,0.0,0.0,0.0,0.0,0.0,0.5073667147019459
2013-02-26,0.49464989591857383,0.0,0.0,0.0,0.0,0.0,0.0,0.5053501040814262
2013-02-27,0.49786273416874494,0.0,0.0,0.0,0.0,0.0,0.0,0.5021372658312551
2013-02-28,0.49728535033485044,0.0,0.0,0.0,0.0,0.0,0.0,0.5027146496651496
2013-03-01,0.0,0.0,0.0,0.0,0.5,0.0,0.0,0.5
2013-03-04,0.0,0.0,0.0,0.0,0.5020555927062932,0.0,0.0,0.4979444072937067
2013-03-05,0.0,0.0,0.0,0.0,0.5044330013877677,0.0,0.0,0.4955669986122324
2013-03-06,0.0,0.0,0.0,0.0,0.5044166940960173,0.0,0.0,0.49558330590398275
2013-03-07,0.0,0.0,0.0,0.0,0.50405503529361,0.0,0.0,0.49594496470639005
2013-03-08,0.0,0.0,0.0,0.0,0.5053665081430603,0.0,0.0,0.49463349185693967
2013-03-11,0.0,0.0,0.0,0.0,0.5054124958717143,0.0,0.0,0.49458750412828567
2013-03-12,0.0,0.0,0.0,0.0,0.5039784654472715,0.0,0.0,0.49602153455272857
2013-03-13,0.0,0.0,0.0,0.0,0.5044600605331744,0.0,0.0,0.4955399394668256
2013-03-14,0.0,0.0,0.0,0.0,0.5059250774095677,0.0,0.0,0.49407492259043223
2013-03-15,0.0,0.0,0.0,0.0,0.5061576453720885,0.0,0.0,0.49384235462791154
2013-03-18,0.0,0.0,0.0,0.0,0.5041623741124409,0.0,0.0,0.49583762588755914
2013-03-19,0.0,0.0,0.0,0.0,0.5025279326619194,0.0,0.0,0.4974720673380805
2013-03-20,0.0,0.0,0.0,0.0,0.5040477791428297,0.0,0.0,0.49595222085717033
2013-03-21,0.0,0.0,0.0,0.0,0.5030445886069354,0.0,0.0,0.4969554113930647
2013-03-22,0.0,0.0,0.0,0.0,0.5043355612101139,0.0,0.0,0.49566443878988603
2013-03-25,0.0,0.0,0.0,0.0,0.504371522154064,0.0,0.0,0.4956284778459361
2013-03-26,0.0,0.0,0.0,0.0,0.5063509294646003,0.0,0.0,0.49364907053539975
2013-03-27,0.0,0.0,0.0,0.0,0.5059371050515021,0.0,0.0,0.4940628949484978
2013-03-28,0.0,0.0,0.0,0.0,0.5069348460657552,0.0,0.0,0.49306515393424477
2013-04-01,0.0,0.0,0.0,0.0,0.5,0.0,0.0,0.5
2013-04-02,0.0,0.0,0.0,0.0,0.5007973295429123,0.0,0.0,0.4992026704570877
2013-04-03,0.0,0.0,0.0,0.0,0.49891157779967127,0.0,0.0,0.5010884222003288
2013-04-04,0.0,0.0,0.0,0.0,0.5016128989423042,0.0,0.0,0.4983871010576957
2013-04-05,0.0,0.0,0.0,0.0,0.5021994768246555,0.0,0.0,0.49780052317534446
2013-04-08,0.0,0.0,0.0,0.0,0.5039709287283368,0.0,0.0,0.4960290712716631
2013-04-09,0.0,0.0,0.0,0.0,0.503757474352222,0.0,0.0,0.4962425256477782
2013-04-10,0.0,0.0,0.0,0.0,0.5059585505425338,0.0,0.0,0.49404144945746625
2013-04-11,0.0,0.0,0.0,0.0,0.5072552028547883,0.0,0.0,0.49274479714521174
2013-04-12,0.0,0.0,0.0,0.0,0.5066265704735474,0.0,0.0,0.4933734295264525
2013-04-15,0.0,0.0,0.0,0.0,0.5013143930070098,0.0,0.0,0.4986856069929903
2013-04-16,0.0,0.0,0.0,0.0,0.5058786675823002,0.0,0.0,0.4941213324176998
2013-04-17,0.0,0.0,0.0,0.0,0.5028640086571912,0.0,0.0,0.4971359913428088
2013-04-18,0.0,0.0,0.0,0.0,0.5022594895155013,0.0,0.0,0.4977405104844989
2013-04-19,0.0,0.0,0.0,0.0,0.5057122313764902,0.0,0.0,0.4942877686235098
2013-04-22,0.0,0.0,0.0,0.0,0.5052913224261721,0.0,0.0,0.49470867757382797
2013-04-23,0.0,0.0,0.0,0.0,0.5063497890212606,0.0,0.0,0.49365021097873935
2013-04-24,0.0,0.0,0.0,0.0,0.5067863780385272,0.0,0.0,0.4932136219614727
2013-04-25,0.0,0.0,0.0,0.0,0.5060869903122517,0.0,0.0,0.49391300968774826
2013-04-26,0.0,0.0,0.0,0.0,0.5043744652442883,0.0,0.0,0.49562553475571164
2013-04-29,0.0,0.0,0.0,0.0,0.5064796164779759,0.0,0.0,0.493520383522024
2013-04-30,0.0,0.0,0.0,0.0,0.5098143847526939,0.0,0.0,0.490185615247306
2013-05-01,0.0,0.0,0.0,0.0,0.5,0.0,0.0,0.5
2013-05-02,0.0,0.0,0.0,0.0,0.5016349164559434,0.0,0.0,0.49836508354405656
2013-05-03,0.0,0.0,0.0,0.0,0.5049921113698038,0.0,0.0,0.4950078886301961
2013-05-06,0.0,0.0,0.0,0.0,0.5063219336496505,0.0,0.0,0.49367806635034955
2013-05-07,0.0,0.0,0.0,0.0,0.5078876968572315,0.0,0.0,0.4921123031427686
2013-05-08,0.0,0.0,0.0,0.0,0.5077916536469522,0.0,0.0,0.4922083463530477
2013-05-09,0.0,0.0,0.0,0.0,0.5066858394442031,0.0,0.0,0.493314160555797
2013-05-10,0.0,0.0,0.0,0.0,0.5089129037857625,0.0,0.0,0.49108709621423763
2013-05-13,0.0,0.0,0.0,0.0,0.5107373880443375,0.0,0.0,0.4892626119556624
2013-05-14,0.0,0.0,0.0,0.0,0.51231798633036,0.0,0.0,0.48768201366964
2013-05-15,0.0,0.0,0.0,0.0,0.5139045616044693,0.0,0.0,0.48609543839553054
2013-05-16,0.0,0.0,0.0,0.0,0.5114695856064447,0.0,0.0,0.48853041439355527
2013-05-17,0.0,0.0,0.0,0.0,0.5139389447991228,0.0,0.0,0.48606105520087717
2013-05-20,0.0,0.0,0.0,0.0,0.5148094452358848,0.0,0.0,0.48519055476411516
2013-05-21,0.0,0.0,0.0,0.0,0.5152844788847599,0.0,0.0,0.4847155211152401
2013-05-22,0.0,0.0,0.0,0.0,0.5111147482927958,0.0,0.0,0.4888852517072042
2013-05-23,0.0,0.0,0.0,0.0,0.506132153529367,0.0,0.0,0.4938678464706331
2013-05-24,0.0,0.0,0.0,0.0,0.5056638556068613,0.0,0.0,0.49433614439313855
2013-05-28,0.0,0.0,0.0,0.0,0.505928264308341,0.0,0.0,0.49407173569165896
2013-05-29,0.0,0.0,0.0,0.0,0.5006723224505375,0.0,0.0,0.4993276775494626
2013-05-30,0.0,0.0,0.0,0.0,0.4979970285234559,0.0,0.0,0.5020029714765442
2013-05-31,0.0,0.0,0.0,0.0,0.49587751249217943,0.0,0.0,0.5041224875078205
2013-06-03,0.0,0.0,0.0,0.0,0.5,0.0,0.0,0.5
2013-06-04,0.0,0.0,0.0,0.0,0.49748174337626416,0.0,0.0,0.502518256623736
2013-06-05,0.0,0.0,0.0,0.0,0.49577175938170515,0.0,0.0,0.504228240618295
2013-06-06,0.0,0.0,0.0,0.0,0.4986918935581765,0.0,0.0,0.5013081064418236
2013-06-07,0.0,0.0,0.0,0.0,0.49971172944080344,0.0,0.0,0.5002882705591964
2013-06-10,0.0,0.0,0.0,0.0,0.4983197183662279,0.0,0.0,0.5016802816337722
2013-06-11,0.0,0.0,0.0,0.0,0.4950582905978068,0.0,0.0,0.5049417094021932
2013-06-12,0.0,0.0,0.0,0.0,0.4924975273688543,0.0,0.0,0.5075024726311458
2013-06-13,0.0,0.0,0.0,0.0,0.4962400870446132,0.0,0.0,0.5037599129553868
2013-06-14,0.0,0.0,0.0,0.0,0.49733907528557036,0.0,0.0,0.5026609247144296
2013-06-17,0.0,0.0,0.0,0.0,0.4984148615525921,0.0,0.0,0.5015851384474079
2013-06-18,0.0,0.0,0.0,0.0,0.5001838089294333,0.0,0.0,0.49981619107056663
2013-06-19,0.0,0.0,0.0,0.0,0.4959651521053032,0.0,0.0,0.5040348478946968
2013-06-20,0.0,0.0,0.0,0.0,0.4888208227562139,0.0,0.0,0.511179177243786
2013-06-21,0.0,0.0,0.0,0.0,0.4942456052679992,0.0,0.0,0.5057543947320007
2013-06-24,0.0,0.0,0.0,0.0,0.49474173876844235,0.0,0.0,0.5052582612315577
2013-06-25,0.0,0.0,0.0,0.0,0.4980653166809196,0.0,0.0,0.5019346833190803
2013-06-26,0.0,0.0,0.0,0.0,0.4999254068559033,0.0,0.0,0.5000745931440969
2013-06-27,0.0,0.0,0.0,0.0,0.5026388277375773,0.0,0.0,0.49736117226242266
2013-06-28,0.0,0.0,0.0,0.0,0.5012335335194088,0.0,0.0,0.49876646648059125
2013-07-01,0.5,0.0,0.0,0.0,0.0,0.0,0.0,0.5
2013-07-02,0.4989763185916844,0.0,0.0,0.0,0.0,0.0,0.0,0.5010236814083155
2013-07-03,0.49981007845203984,0.0,0.0,0.0,0.0,0.0,0.0,0.5001899215479602
2013-07-05,0.5056815518587177,0.0,0.0,0.0,0.0,0.0,0.0,0.49431844814128234
2013-07-08,0.5050616636835751,0.0,0.0,0.0,0.0,0.0,0.0,0.49493833631642487
2013-07-09,0.506633291634496,0.0,0.0,0.0,0.0,0.0,0.0,0.49336670836550395
2013-07-10,0.5074539403339299,0.0,0.0,0.0,0.0,0.0,0.0,0.4925460596660701
2013-07-11,0.5079070374928101,0.0,0.0,0.0,0.0,0.0,0.0,0.4920929625071898
2013-07-12,0.5087128362369157,0.0,0.0,0.0,0.0,0.0,0.0,0.49128716376308434
2013-07-15,0.5080690615605644,0.0,0.0,0.0,0.0,0.0,0.0,0.4919309384394356
2013-07-16,0.5075016297477744,0.0,0.0,0.0,0.0,0.0,0.0,0.49249837025222565
2013-07-17,0.5072049620967947,0.0,0.0,0.0,0.0,0.0,0.0,0.4927950379032054
2013-07-18,0.509224068193079,0.0,0.0,0.0,0.0,0.0,0.0,0.49077593180692103
2013-07-19,0.508297032558957,0.0,0.0,0.0,0.0,0.0,0.0,0.49170296744104314
2013-07-22,0.5082205597540587,0.0,0.0,0.0,0.0,0.0,0.0,0.49177944024594133
2013-07-23,0.5080791195849799,0.0,0.0,0.0,0.0,0.0,0.0,0.49192088041502
2013-07-24,0.5083782502666987,0.0,0.0,0.0,0.0,0.0,0.0,0.4916217497333014
2013-07-25,0.5092909836608627,0.0,0.0,0.0,0.0,0.0,0.0,0.49070901633913727
2013-07-26,0.5092955331141724,0.0,0.0,0.0,0.0,0.0,0.0,0.49070446688582753
2013-07-29,0.5089400937918495,0.0,0.0,0.0,0.0,0.0,0.0,0.4910599062081505
2013-07-30,0.5088747019054849,0.0,0.0,0.0,0.0,0.0,0.0,0.49112529809451516
2013-07-31,0.5090307501668268,0.0,0.0,0.0,0.0,0.0,0.0,0.4909692498331733
2013-08-01,0.5,0.0,0.0,0.0,0.0,0.0,0.0,0.5
2013-08-02,0.4991916419174411,0.0,0.0,0.0,0.0,0.0,0.0,0.5008083580825589
2013-08-05,0.4997719141405453,0.0,0.0,0.0,0.0,0.0,0.0,0.5002280858594547
2013-08-06,0.49819321442582776,0.0,0.0,0.0,0.0,0.0,0.0,0.5018067855741722
2013-08-07,0.49683146105098663,0.0,0.0,0.0,0.0,0.0,0.0,0.5031685389490135
2013-08-08,0.4972189069260562,0.0,0.0,0.0,0.0,0.0,0.0,0.5027810930739439
2013-08-09,0.49649632304827135,0.0,0.0,0.0,0.0,0.0,0.0,0.5035036769517287
2013-08-12,0.4963327962029387,0.0,0.0,0.0,0.0,0.0,0.0,0.5036672037970612
2013-08-13,0.4988548154727364,0.0,0.0,0.0,0.0,0.0,0.0,0.5011451845272636
2013-08-14,0.49798941914499306,0.0,0.0,0.0,0.0,0.0,0.0,0.5020105808550069
2013-08-15,0.49624590004957114,0.0,0.0,0.0,0.0,0.0,0.0,0.5037540999504289
2013-08-16,0.49667003216975475,0.0,0.0,0.0,0.0,0.0,0.0,0.5033299678302453
2013-08-19,0.49643774014043596,0.0,0.0,0.0,0.0,0.0,0.0,0.5035622598595639
2013-08-20,0.49613610223354004,0.0,0.0,0.0,0.0,0.0,0.0,0.50386389776646
2013-08-21,0.49609658584835925,0.0,0.0,0.0,0.0,0.0,0.0,0.5039034141516407
2013-08-22,0.4972185416686565,0.0,0.0,0.0,0.0,0.0,0.0,0.5027814583313434
2013-08-23,0.49638355448089705,0.0,0.0,0.0,0.0,0.0,0.0,0.5036164455191031
2013-08-26,0.494939515784511,0.0,0.0,0.0,0.0,0.0,0.0,0.505060484215489
2013-08-27,0.48982206181285187,0.0,0.0,0.0,0.0,0.0,0.0,0.5101779381871481
2013-08-28,0.49066378750640594,0.0,0.0,0.0,0.0,0.0,0.0,0.5093362124935941
2013-08-29,0.4908164270316598,0.0,0.0,0.0,0.0,0.0,0.0,0.5091835729683402
2013-08-30,0.49002354047036967,0.0,0.0,0.0,0.0,0.0,0.0,0.5099764595296303
2013-09-03,0.5,0.0,0.0,0.0,0.0,0.0,0.0,0.5
2013-09-04,0.5029745664167871,0.0,0.0,0.0,0.0,0.0,0.0,0.4970254335832129
2013-09-05,0.5053561900348681,0.0,0.0,0.0,0.0,0.0,0.0,0.4946438099651319
2013-09-06,0.5051164109336007,0.0,0.0,0.0,0.0,0.0,0.0,0.49488358906639923
2013-09-09,0.5068469070281938,0.0,0.0,0.0,0.0,0.0,0.0,0.4931530929718062
2013-09-10,0.5097907815582257,0.0,0.0,0.0,0.0,0.0,0.0,0.49020921844177434
2013-09-11,0.5094046438309573,0.0,0.0,0.0,0.0,0.0,0.0,0.49059535616904276
2013-09-12,0.5089194907178677,0.0,0.0,0.0,0.0,0.0,0.0,0.49108050928213237
2013-09-13,0.5093240108617415,0.0,0.0,0.0,0.0,0.0,0.0,0.4906759891382584
2013-09-16,0.5104744898799681,0.0,0.0,0.0,0.0,0.0,0.0,0.4895255101200319
2013-09-17,0.5109155891651374,0.0,0.0,0.0,0.0,0.0,0.0,0.4890844108348627
2013-09-18,0.5101524269080924,0.0,0.0,0.0,0.0,0.0,0.0,0.48984757309190763
2013-09-19,0.5113244587274965,0.0,0.0,0.0,0.0,0.0,0.0,0.4886755412725033
2013-09-20,0.509349693092452,0.0,0.0,0.0,0.0,0.0,0.0,0.4906503069075481
2013-09-23,0.506710515310442,0.0,0.0,0.0,0.0,0.0,0.0,0.49328948468955797
2013-09-24,0.5054835748277919,0.0,0.0,0.0,0.0,0.0,0.0,0.4945164251722081
2013-09-25,0.503992414092313,0.0,0.0,0.0,0.0,0.0,0.0,0.49600758590768695
2013-09-26,0.5055655778408302,0.0,0.0,0.0,0.0,0.0,0.0,0.49443442215916983
2013-09-27,0.5046118737566287,0.0,0.0,0.0,0.0,0.0,0.0,0.4953881262433713
2013-09-30,0.5038260758781785,0.0,0.0,0.0,0.0,0.0,0.0,0.49617392412182154
2013-10-01,0.5,0.0,0.0,0.0,0.0,0.0,0.0,0.5
2013-10-02,0.4990128193782206,0.0,0.0,0.0,0.0,0.0,0.0,0.5009871806217793
2013-10-03,0.49656451167826854,0.0,0.0,0.0,0.0,0.0,0.0,0.5034354883217315
2013-10-04,0.4986941273703262,0.0,0.0,0.0,0.0,0.0,0.0,0.5013058726296739
2013-10-07,0.49608280916654524,0.0,0.0,0.0,0.0,0.0,0.0,0.5039171908334548
2013-10-08,0.4931983764880626,0.0,0.0,0.0,0.0,0.0,0.0,0.5068016235119375
2013-10-09,0.4939087088684311,0.0,0.0,0.0,0.0,0.0,0.0,0.506091291131569
2013-10-10,0.4988878685875804,0.0,0.0,0.0,0.0,0.0,0.0,0.5011121314124197
2013-10-11,0.500162947435129,0.0,0.0,0.0,0.0,0.0,0.0,0.4998370525648709
2013-10-14,0.5019311371455587,0.0,0.0,0.0,0.0,0.0,0.0,0.49806886285444135
2013-10-15,0.5000669081778784,0.0,0.0,0.0,0.0,0.0,0.0,0.4999330918221218
2013-10-16,0.5016866249661166,0.0,0.0,0.0,0.0,0.0,0.0,0.49831337503388345
2013-10-17,0.5015178532674992,0.0,0.0,0.0,0.0,0.0,0.0,0.49848214673250074
2013-10-18,0.502875083223664,0.0,0.0,0.0,0.0,0.0,0.0,0.49712491677633597
2013-10-21,0.5035417276317165,0.0,0.0,0.0,0.0,0.0,0.0,0.49645827236828366
2013-10-22,0.503465296174288,0.0,0.0,0.0,0.0,0.0,0.0,0.4965347038257118
2013-10-23,0.5023303352561301,0.0,0.0,0.0,0.0,0.0,0.0,0.4976696647438699
2013-10-24,0.503419495794783,0.0,0.0,0.0,0.0,0.0,0.0,0.49658050420521693
2013-10-25,0.5045804542412853,0.0,0.0,0.0,0.0,0.0,0.0,0.49541954575871483
2013-10-28,0.5047392746432773,0.0,0.0,0.0,0.0,0.0,0.0,0.4952607253567228
2013-10-29,0.5057231165568509,0.0,0.0,0.0,0.0,0.0,0.0,0.4942768834431491
2013-10-30,0.5049762648324174,0.0,0.0,0.0,0.0,0.0,0.0,0.49502373516758263
2013-10-31,0.5046131867085453,0.0,0.0,0.0,0.0,0.0,0.0,0.4953868132914547
2013-11-01,0.5,0.0,0.0,0.0,0.0,0.0,0.0,0.5
2013-11-04,0.5008127360074395,0.0,0.0,0.0,0.0,0.0,0.0,0.4991872639925605
2013-11-05,0.5010916449178042,0.0,0.0,0.0,0.0,0.0,0.0,0.4989083550821957
2013-11-06,0.5020799205905514,0.0,0.0,0.0,0.0,0.0,0.0,0.4979200794094485
2013-11-07,0.4983958652994884,0.0,0.0,0.0,0.0,0.0,0.0,0.5016041347005115
2013-11-08,0.5042053752915563,0.0,0.0,0.0,0.0,0.0,0.0,0.4957946247084438
2013-11-11,0.5046673668069065,0.0,0.0,0.0,0.0,0.0,0.0,0.4953326331930934
2013-11-12,0.5039825161296086,0.0,0.0,0.0,0.0,0.0,0.0,0.4960174838703914
2013-11-13,0.5054068654792736,0.0,0.0,0.0,0.0,0.0,0.0,0.49459313452072645
2013-11-14,0.5052885453495627,0.0,0.0,0.0,0.0,0.0,0.0,0.49471145465043725
2013-11-15,0.5063736428077414,0.0,0.0,0.0,0.0,0.0,0.0,0.49362635719225856
2013-11-18,0.504382315709817,0.0,0.0,0.0,0.0,0.0,0.0,0.49561768429018305
2013-11-19,0.5047126831659943,0.0,0.0,0.0,0.0,0.0,0.0,0.4952873168340058
2013-11-20,0.5050045412263373,0.0,0.0,0.0,0.0,0.0,0.0,0.4949954587736628
2013-11-21,0.5065300860359241,0.0,0.0,0.0,0.0,0.0,0.0,0.4934699139640759
2013-11-22,0.5069012887575913,0.0,0.0,0.0,0.0,0.0,0.0,0.4930987112424088
2013-11-25,0.5062152358525678,0.0,0.0,0.0,0.0,0.0,0.0,0.4937847641474322
2013-11-26,0.5057826488618626,0.0,0.0,0.0,0.0,0.0,0.0,0.4942173511381373
2013-11-27,0.5063471209362522,0.0,0.0,0.0,0.0,0.0,0.0,0.4936528790637477
2013-11-29,0.5063776307488336,0.0,0.0,0.0,0.0,0.0,0.0,0.4936223692511665
2013-12-02,0.5,0.0,0.0,0.0,0.0,0.0,0.0,0.5
2013-12-03,0.4982808908314737,0.0,0.0,0.0,0.0,0.0,0.0,0.5017191091685262
2013-12-04,0.499065731388543,0.0,0.0,0.0,0.0,0.0,0.0,0.500934268611457
2013-12-05,0.4985148201039115,0.0,0.0,0.0,0.0,0.0,0.0,0.5014851798960884
2013-12-06,0.5007649611085828,0.0,0.0,0.0,0.0,0.0,0.0,0.49923503889141707
2013-12-09,0.5010262759714013,0.0,0.0,0.0,0.0,0.0,0.0,0.49897372402859874
2013-12-10,0.4991205280411944,0.0,0.0,0.0,0.0,0.0,0.0,0.5008794719588056
2013-12-11,0.4969979832405689,0.0,0.0,0.0,0.0,0.0,0.0,0.5030020167594311
2013-12-12,0.49658848676300016,0.0,0.0,0.0,0.0,0.0,0.0,0.5034115132369998
2013-12-13,0.4958801589024862,0.0,0.0,0.0,0.0,0.0,0.0,0.5041198410975137
2013-12-16,0.4972359233713285,0.0,0.0,0.0,0.0,0.0,0.0,0.5027640766286714
2013-12-17,0.4956964711733953,0.0,0.0,0.0,0.0,0.0,0.0,0.5043035288266048
2013-12-18,0.4999284457458846,0.0,0.0,0.0,0.0,0.0,0.0,0.5000715542541155
2013-12-19,0.5000107554849141,0.0,0.0,0.0,0.0,0.0,0.0,0.49998924451508575
2013-12-20,0.5003046337557842,0.0,0.0,0.0,0.0,0.0,0.0,0.4996953662442158
2013-12-23,0.5020286609769993,0.0,0.0,0.0,0.0,0.0,0.0,0.4979713390230007
2013-12-24,0.5026413866460276,0.0,0.0,0.0,0.0,0.0,0.0,0.4973586133539724
2013-12-26,0.5040884464644744,0.0,0.0,0.0,0.0,0.0,0.0,0.4959115535355256
2013-12-27,0.5042938208185104,0.0,0.0,0.0,0.0,0.0,0.0,0.4957061791814896
2013-12-30,0.5035093315491445,0.0,0.0,0.0,0.0,0.0,0.0,0.49649066845085554
2013-12-31,0.5053240658651801,0.0,0.0,0.0,0.0,0.0,0.0,0.49467593413481986
2014-01-02,0.5,0.0,0.0,0.0,0.0,0.0,0.0,0.5
2014-01-03,0.4995876596419503,0.0,0.0,0.0,0.0,0.0,0.0,0.5004123403580497
2014-01-06,0.4983172377361321,0.0,0.0,0.0,0.0,0.0,0.0,0.5016827622638679
2014-01-07,0.5000440640307443,0.0,0.0,0.0,0.0,0.0,0.0,0.4999559359692557
2014-01-08,0.5011684906334957,0.0,0.0,0.0,0.0,0.0,0.0,0.4988315093665043
2014-01-09,0.5007636103529511,0.0,0.0,0.0,0.0,0.0,0.0,0.49923638964704886
2014-01-10,0.5000933869454468,0.0,0.0,0.0,0.0,0.0,0.0,0.4999066130545532
2014-01-13,0.4962675824615054,0.0,0.0,0.0,0.0,0.0,0.0,0.5037324175384947
2014-01-14,0.499715140678588,0.0,0.0,0.0,0.0,0.0,0.0,0.500284859321412
2014-01-15,0.5009939590888512,0.0,0.0,0.0,0.0,0.0,0.0,0.4990060409111487
2014-01-16,0.5000825776299486,0.0,0.0,0.0,0.0,0.0,0.0,0.4999174223700515
2014-01-17,0.4987414693468332,0.0,0.0,0.0,0.0,0.0,0.0,0.5012585306531668
2014-01-21,0.4998221744171214,0.0,0.0,0.0,0.0,0.0,0.0,0.5001778255828785
2014-01-22,0.5005929574632737,0.0,0.0,0.0,0.0,0.0,0.0,0.4994070425367263
2014-01-23,0.4975814863023128,0.0,0.0,0.0,0.0,0.0,0.0,0.5024185136976872
2014-01-24,0.49236361563570424,0.0,0.0,0.0,0.0,0.0,0.0,0.5076363843642957
2014-01-27,0.4916082794585798,0.0,0.0,0.0,0.0,0.0,0.0,0.5083917205414203
2014-01-28,0.49187949437288825,0.0,0.0,0.0,0.0,0.0,0.0,0.5081205056271118
2014-01-29,0.4889712798384778,0.0,0.0,0.0,0.0,0.0,0.0,0.5110287201615221
2014-01-30,0.4914771305598545,0.0,0.0,0.0,0.0,0.0,0.0,0.5085228694401455
2014-01-31,0.4892556677025164,0.0,0.0,0.0,0.0,0.0,0.0,0.5107443322974836
2014-02-03,0.5,0.0,0.0,0.0,0.0,0.0,0.0,0.5
2014-02-04,0.5029471526646291,0.0,0.0,0.0,0.0,0.0,0.0,0.49705284733537086
2014-02-05,0.503430756731574,0.0,0.0,0.0,0.0,0.0,0.0,0.496569243268426
2014-02-06,0.5069430415326812,0.0,0.0,0.0,0.0,0.0,0.0,0.49305695846731873
2014-02-07,0.5092458141639461,0.0,0.0,0.0,0.0,0.0,0.0,0.49075418583605385
2014-02-10,0.5095966363045582,0.0,0.0,0.0,0.0,0.0,0.0,0.4904033636954418
2014-02-11,0.5128334511771734,0.0,0.0,0.0,0.0,0.0,0.0,0.4871665488228265
2014-02-12,0.5137128136257579,0.0,0.0,0.0,0.0,0.0,0.0,0.4862871863742421
2014-02-13,0.5139633928489623,0.0,0.0,0.0,0.0,0.0,0.0,0.48603660715103764
2014-02-14,0.5148648271868198,0.0,0.0,0.0,0.0,0.0,0.0,0.48513517281318025
2014-02-18,0.5146477530457509,0.0,0.0,0.0,0.0,0.0,0.0,0.48535224695424906
2014-02-19,0.5132673044382899,0.0,0.0,0.0,0.0,0.0,0.0,0.48673269556171006
2014-02-20,0.5150593502064339,0.0,0.0,0.0,0.0,0.0,0.0,0.4849406497935661
2014-02-21,0.5145164962971107,0.0,0.0,0.0,0.0,0.0,0.0,0.48548350370288934
2014-02-24,0.515769144603382,0.0,0.0,0.0,0.0,0.0,0.0,0.4842308553966181
2014-02-25,0.5147105222669066,0.0,0.0,0.0,0.0,0.0,0.0,0.4852894777330933
2014-02-26,0.5139129314025453,0.0,0.0,0.0,0.0,0.0,0.0,0.48608706859745465
2014-02-27,0.5147941689839296,0.0,0.0,0.0,0.0,0.0,0.0,0.48520583101607045
2014-02-28,0.5155741028298033,0.0,0.0,0.0,0.0,0.0,0.0,0.4844258971701968
2014-03-03,0.5,0.0,0.0,0.0,0.0,0.0,0.0,0.5
2014-03-04,0.5048358061084958,0.0,0.0,0.0,0.0,0.0,0.0,0.4951641938915042
2014-03-05,0.5051908655284252,0.0,0.0,0.0,0.0,0.0,0.0,0.4948091344715747
2014-03-06,0.506514093237369,0.0,0.0,0.0,0.0,0.0,0.0,0.4934859067626311
2014-03-07,0.5075249563237924,0.0,0.0,0.0,0.0,0.0,0.0,0.49247504367620776
2014-03-10,0.5077811520829,0.0,0.0,0.0,0.0,0.0,0.0,0.49221884791709997
2014-03-11,0.50645610826993,0.0,0.0,0.0,0.0,0.0,0.0,0.49354389173007
2014-03-12,0.5056386324486347,0.0,0.0,0.0,0.0,0.0,0.0,0.49436136755136534
2014-03-13,0.501938373699092,0.0,0.0,0.0,0.0,0.0,0.0,0.498061626300908
2014-03-14,0.5015145906789245,0.0,0.0,0.0,0.0,0.0,0.0,0.4984854093210756
2014-03-17,0.5040875813445809,0.0,0.0,0.0,0.0,0.0,0.0,0.495912418655419
2014-03-18,0.5050923142175556,0.0,0.0,0.0,0.0,0.0,0.0,0.49490768578244426
2014-03-19,0.5055644147399291,0.0,0.0,0.0,0.0,0.0,0.0,0.4944355852600708
2014-03-20,0.5066744105945872,0.0,0.0,0.0,0.0,0.0,0.0,0.4933255894054127
2014-03-21,0.5048418713558908,0.0,0.0,0.0,0.0,0.0,0.0,0.49515812864410935
2014-03-24,0.5033336793619495,0.0,0.0,0.0,0.0,0.0,0.0,0.49666632063805055
2014-03-25,0.5044314070116258,0.0,0.0,0.0,0.0,0.0,0.0,0.4955685929883742
2014-03-26,0.5016637676978788,0.0,0.0,0.0,0.0,0.0,0.0,0.4983362323021212
2014-03-27,0.5010718564187208,0.0,0.0,0.0,0.0,0.0,0.0,0.49892814358127935
2014-03-28,0.502493531061047,0.0,0.0,0.0,0.0,0.0,0.0,0.497506468938953
2014-03-31,0.5045551441131373,0.0,0.0,0.0,0.0,0.0,0.0,0.4954448558868627
2014-04-01,0.5,0.0,0.0,0.0,0.0,0.0,0.0,0.5
2014-04-02,0.5011793855066937,0.0,0.0,0.0,0.0,0.0,0.0,0.49882061449330634
2014-04-03,0.5003752126199392,0.0,0.0,0.0,0.0,0.0,0.0,0.4996247873800607
2014-04-04,0.49641565955325156,0.0,0.0,0.0,0.0,0.0,0.0,0.5035843404467485
2014-04-07,0.493039458134072,0.0,0.0,0.0,0.0,0.0,0.0,0.5069605418659281
2014-04-08,0.4934070504778242,0.0,0.0,0.0,0.0,0.0,0.0,0.5065929495221757
2014-04-09,0.49586744352550866,0.0,0.0,0.0,0.0,0.0,0.0,0.5041325564744913
2014-04-10,0.4902210127623905,0.0,0.0,0.0,0.0,0.0,0.0,0.5097789872376096
2014-04-11,0.4877899386697864,0.0,0.0,0.0,0.0,0.0,0.0,0.5122100613302136
2014-04-14,0.4895813165106143,0.0,0.0,0.0,0.0,0.0,0.0,0.5104186834893858
2014-04-15,0.4907667392075101,0.0,0.0,0.0,0.0,0.0,0.0,0.50923326079249
2014-04-16,0.4932661814258644,0.0,0.0,0.0,0.0,0.0,0.0,0.5067338185741356
2014-04-17,0.49505810372092385,0.0,0.0,0.0,0.0,0.0,0.0,0.504941896279076
2014-04-21,0.49558782430355847,0.0,0.0,0.0,0.0,0.0,0.0,0.5044121756964416
2014-04-22,0.49659378883983574,0.0,0.0,0.0,0.0,0.0,0.0,0.5034062111601643
2014-04-23,0.49545598636478333,0.0,0.0,0.0,0.0,0.0,0.0,0.5045440136352166
2014-04-24,0.4959200466833729,0.0,0.0,0.0,0.0,0.0,0.0,0.504079953316627
2014-04-25,0.49390435395520943,0.0,0.0,0.0,0.0,0.0,0.0,0.5060956460447906
2014-04-28,0.49499157065443367,0.0,0.0,0.0,0.0,0.0,0.0,0.5050084293455664
2014-04-29,0.4961102551703168,0.0,0.0,0.0,0.0,0.0,0.0,0.5038897448296832
2014-04-30,0.49615571737913755,0.0,0.0,0.0,0.0,0.0,0.0,0.5038442826208626
2014-05-01,0.5,0.0,0.0,0.0,0.0,0.0,0.0,0.5
2014-05-02,0.49911344885555914,0.0,0.0,0.0,0.0,0.0,0.0,0.5008865511444408
2014-05-05,0.5002251990593252,0.0,0.0,0.0,0.0,0.0,0.0,0.4997748009406748
2014-05-06,0.4976172144095813,0.0,0.0,0.0,0.0,0.0,0.0,0.5023827855904186
2014-05-07,0.4990428907025171,0.0,0.0,0.0,0.0,0.0,0.0,0.5009571092974829
2014-05-08,0.4987133704897044,0.0,0.0,0.0,0.0,0.0,0.0,0.5012866295102957
2014-05-09,0.49936039360174966,0.0,0.0,0.0,0.0,0.0,0.0,0.5006396063982502
2014-05-12,0.5024171700662474,0.0,0.0,0.0,0.0,0.0,0.0,0.49758282993375264
2014-05-13,0.5017109971401998,0.0,0.0,0.0,0.0,0.0,0.0,0.49828900285980027
2014-05-14,0.499282277663836,0.0,0.0,0.0,0.0,0.0,0.0,0.500717722336164
2014-05-15,0.49663708442541493,0.0,0.0,0.0,0.0,0.0,0.0,0.503362915574585
2014-05-16,0.4977961339450472,0.0,0.0,0.0,0.0,0.0,0.0,0.5022038660549527
2014-05-19,0.49894273157172575,0.0,0.0,0.0,0.0,0.0,0.0,0.5010572684282744
2014-05-20,0.4973615470608598,0.0,0.0,0.0,0.0,0.0,0.0,0.5026384529391401
2014-05-21,0.49992106676841813,0.0,0.0,0.0,0.0,0.0,0.0,0.5000789332315818
2014-05-22,0.500612425387369,0.0,0.0,0.0,0.0,0.0,0.0,0.4993875746126309
2014-05-23,0.5013394126096818,0.0,0.0,0.0,0.0,0.0,0.0,0.49866058739031816
2014-05-27,0.5019899944821398,0.0,0.0,0.0,0.0,0.0,0.0,0.49801000551786034
2014-05-28,0.5006159510351156,0.0,0.0,0.0,0.0,0.0,0.0,0.4993840489648845
2014-05-29,0.5026366114518706,0.0,0.0,0.0,0.0,0.0,0.0,0.4973633885481294
2014-05-30,0.502997447467108,0.0,0.0,0.0,0.0,0.0,0.0,0.49700255253289216
2014-06-02,0.5,0.0,0.0,0.0,0.0,0.0,0.0,0.5
2014-06-03,0.501011507467989,0.0,0.0,0.0,0.0,0.0,0.0,0.49898849253201094
2014-06-04,0.5016437443327687,0.0,0.0,0.0,0.0,0.0,0.0,0.49835625566723135
2014-06-05,0.5027396955996858,0.0,0.0,0.0,0.0,0.0,0.0,0.49726030440031416
2014-06-06,0.5034047933313129,0.0,0.0,0.0,0.0,0.0,0.0,0.496595206668687
2014-06-09,0.5041671287343588,0.0,0.0,0.0,0.0,0.0,0.0,0.4958328712656412
2014-06-10,0.5046581984524237,0.0,0.0,0.0,0.0,0.0,0.0,0.49534180154757623
2014-06-11,0.5035969827361095,0.0,0.0,0.0,0.0,0.0,0.0,0.49640301726389047
2014-06-12,0.5010179206750973,0.0,0.0,0.0,0.0,0.0,0.0,0.4989820793249026
2014-06-13,0.5018210928698087,0.0,0.0,0.0,0.0,0.0,0.0,0.4981789071301915
2014-06-16,0.5020481741353717,0.0,0.0,0.0,0.0,0.0,0.0,0.49795182586462833
2014-06-17,0.5035876313081296,0.0,0.0,0.0,0.0,0.0,0.0,0.4964123686918705
2014-06-18,0.5039800422593158,0.0,0.0,0.0,0.0,0.0,0.0,0.49601995774068414
2014-06-19,0.5051456841697859,0.0,0.0,0.0,0.0,0.0,0.0,0.49485431583021405
2014-06-20,0.5051674581317701,0.0,0.0,0.0,0.0,0.0,0.0,0.49483254186822995
2014-06-23,0.5051117837481953,0.0,0.0,0.0,0.0,0.0,0.0,0.49488821625180474
2014-06-24,0.5025491684779169,0.0,0.0,0.0,0.0,0.0,0.0,0.49745083152208325
2014-06-25,0.5034247333447419,0.0,0.0,0.0,0.0,0.0,0.0,0.49657526665525803
2014-06-26,0.5027846300691928,0.0,0.0,0.0,0.0,0.0,0.0,0.49721536993080717
2014-06-27,0.5033120529065471,0.0,0.0,0.0,0.0,0.0,0.0,0.49668794709345293
2014-06-30,0.5034151030780735,0.0,0.0,0.0,0.0,0.0,0.0,0.4965848969219265
2014-07-01,0.5,0.0,0.0,0.0,0.0,0.0,0.0,0.5
2014-07-02,0.5011414895983424,0.0,0.0,0.0,0.0,0.0,0.0,0.49885851040165774
2014-07-03,0.5026221570681262,0.0,0.0,0.0,0.0,0.0,0.0,0.49737784293187376
2014-07-07,0.501305418440263,0.0,0.0,0.0,0.0,0.0,0.0,0.49869458155973695
2014-07-08,0.4987633898682759,0.0,0.0,0.0,0.0,0.0,0.0,0.501236610131724
2014-07-09,0.4994819637511487,0.0,0.0,0.0,0.0,0.0,0.0,0.5005180362488513
2014-07-10,0.4986802520464179,0.0,0.0,0.0,0.0,0.0,0.0,0.5013197479535821
2014-07-11,0.49824546738214703,0.0,0.0,0.0,0.0,0.0,0.0,0.501754532617853
2014-07-14,0.5000267237002634,0.0,0.0,0.0,0.0,0.0,0.0,0.49997327629973654
2014-07-15,0.49983181555183664,0.0,0.0,0.0,0.0,0.0,0.0,0.5001681844481634
2014-07-16,0.5001663925488932,0.0,0.0,0.0,0.0,0.0,0.0,0.4998336074511069
2014-07-17,0.4963647263965196,0.0,0.0,0.0,0.0,0.0,0.0,0.5036352736034805
2014-07-18,0.49924176373276813,0.0,0.0,0.0,0.0,0.0,0.0,0.5007582362672318
2014-07-21,0.4987733684693983,0.0,0.0,0.0,0.0,0.0,0.0,0.5012266315306018
2014-07-22,0.49967195188028285,0.0,0.0,0.0,0.0,0.0,0.0,0.5003280481197172
2014-07-23,0.4999329066607987,0.0,0.0,0.0,0.0,0.0,0.0,0.5000670933392012
2014-07-24,0.5009311108974156,0.0,0.0,0.0,0.0,0.0,0.0,0.49906888910258446
2014-07-25,0.49879342180250597,0.0,0.0,0.0,0.0,0.0,0.0,0.501206578197494
2014-07-28,0.49918759659293427,0.0,0.0,0.0,0.0,0.0,0.0,0.5008124034070658
2014-07-29,0.4978807581267071,0.0,0.0,0.0,0.0,0.0,0.0,0.5021192418732929
2014-07-30,0.4990726303420605,0.0,0.0,0.0,0.0,0.0,0.0,0.5009273696579395
2014-07-31,0.49478143578299083,0.0,0.0,0.0,0.0,0.0,0.0,0.5052185642170091
2014-08-01,0.5,0.0,0.0,0.0,0.0,0.0,0.0,0.5
2014-08-04,0.5017357293248961,0.0,0.0,0.0,0.0,0.0,0.0,0.4982642706751038
2014-08-05,0.49904749350711836,0.0,0.0,0.0,0.0,0.0,0.0,0.5009525064928816
2014-08-06,0.49956718957247864,0.0,0.0,0.0,0.0,0.0,0.0,0.5004328104275213
2014-08-07,0.49755801723543386,0.0,0.0,0.0,0.0,0.0,0.0,0.5024419827645662
2014-08-08,0.5004968681807946,0.0,0.0,0.0,0.0,0.0,0.0,0.4995031318192054
2014-08-11,0.5011151865654921,0.0,0.0,0.0,0.0,0.0,0.0,0.49888481343450775
2014-08-12,0.5008925548432857,0.0,0.0,0.0,0.0,0.0,0.0,0.4991074451567144
2014-08-13,0.5020759206567992,0.0,0.0,0.0,0.0,0.0,0.0,0.49792407934320077
2014-08-14,0.5029809238398811,0.0,0.0,0.0,0.0,0.0,0.0,0.4970190761601189
2014-08-15,0.5020520994617078,0.0,0.0,0.0,0.0,0.0,0.0,0.49794790053829224
2014-08-18,0.5047020506428014,0.0,0.0,0.0,0.0,0.0,0.0,0.4952979493571985
2014-08-19,0.506170508391769,0.0,0.0,0.0,0.0,0.0,0.0,0.4938294916082309
2014-08-20,0.5074029699195542,0.0,0.0,0.0,0.0,0.0,0.0,0.49259703008044564
2014-08-21,0.5072723219821107,0.0,0.0,0.0,0.0,0.0,0.0,0.4927276780178893
2014-08-22,0.506570417632735,0.0,0.0,0.0,0.0,0.0,0.0,0.493429582367265
2014-08-25,0.5074383912839981,0.0,0.0,0.0,0.0,0.0,0.0,0.49256160871600185
2014-08-26,0.5074340474410054,0.0,0.0,0.0,0.0,0.0,0.0,0.49256595255899466
2014-08-27,0.5069179251653736,0.0,0.0,0.0,0.0,0.0,0.0,0.4930820748346264
2014-08-28,0.5062408331289021,0.0,0.0,0.0,0.0,0.0,0.0,0.493759166871098
2014-08-29,0.5067648022065744,0.0,0.0,0.0,0.0,0.0,0.0,0.4932351977934257
2014-09-02,0.5,0.0,0.0,0.0,0.0,0.0,0.0,0.5
2014-09-03,0.4995287386765521,0.0,0.0,0.0,0.0,0.0,0.0,0.5004712613234478
2014-09-04,0.5009466587017475,0.0,0.0,0.0,0.0,0.0,0.0,0.4990533412982526
2014-09-05,0.5020260612417902,0.0,0.0,0.0,0.0,0.0,0.0,0.49797393875820994
2014-09-08,0.5017993023983616,0.0,0.0,0.0,0.0,0.0,0.0,0.49820069760163843
2014-09-09,0.50088557541812,0.0,0.0,0.0,0.0,0.0,0.0,0.4991144245818801
2014-09-10,0.5022258669456602,0.0,0.0,0.0,0.0,0.0,0.0,0.49777413305433993
2014-09-11,0.5027033201167641,0.0,0.0,0.0,0.0,0.0,0.0,0.49729667988323595
2014-09-12,0.5024473088137421,0.0,0.0,0.0,0.0,0.0,0.0,0.49755269118625783
2014-09-15,0.5021952683925835,0.0,0.0,0.0,0.0,0.0,0.0,0.49780473160741645
2014-09-16,0.5041150800520142,0.0,0.0,0.0,0.0,0.0,0.0,0.4958849199479858
2014-09-17,0.5051324926587856,0.0,0.0,0.0,0.0,0.0,0.0,0.4948675073412144
2014-09-18,0.506014223097449,0.0,0.0,0.0,0.0,0.0,0.0,0.4939857769025511
2014-09-19,0.5048125246749251,0.0,0.0,0.0,0.0,0.0,0.0,0.495187475325075
2014-09-22,0.5026414257295986,0.0,0.0,0.0,0.0,0.0,0.0,0.4973585742704013
2014-09-23,0.5008043983387911,0.0,0.0,0.0,0.0,0.0,0.0,0.4991956016612089
2014-09-24,0.5033459504846569,0.0,0.0,0.0,0.0,0.0,0.0,0.4966540495153431
2014-09-25,0.49853898386802226,0.0,0.0,0.0,0.0,0.0,0.0,0.5014610161319778
2014-09-26,0.5010673314324625,0.0,0.0,0.0,0.0,0.0,0.0,0.4989326685675375
2014-09-29,0.5007179558564855,0.0,0.0,0.0,0.0,0.0,0.0,0.4992820441435145
2014-09-30,0.49969927730828434,0.0,0.0,0.0,0.0,0.0,0.0,0.5003007226917155
2014-10-01,0.5,0.0,0.0,0.0,0.0,0.0,0.0,0.5
2014-10-02,0.5000594941103635,0.0,0.0,0.0,0.0,0.0,0.0,0.4999405058896364
2014-10-03,0.502081178778732,0.0,0.0,0.0,0.0,0.0,0.0,0.49791882122126796
2014-10-06,0.501662095127684,0.0,0.0,0.0,0.0,0.0,0.0,0.4983379048723161
2014-10-07,0.49687122654536336,0.0,0.0,0.0,0.0,0.0,0.0,0.5031287734546366
2014-10-08,0.4999320263746717,0.0,0.0,0.0,0.0,0.0,0.0,0.5000679736253282
2014-10-09,0.49596760991439776,0.0,0.0,0.0,0.0,0.0,0.0,0.5040323900856023
2014-10-10,0.492888908556331,0.0,0.0,0.0,0.0,0.0,0.0,0.507111091443669
2014-10-13,0.4881027878624119,0.0,0.0,0.0,0.0,0.0,0.0,0.5118972121375882
2014-10-14,0.4879272553406329,0.0,0.0,0.0,0.0,0.0,0.0,0.5120727446593671
2014-10-15,0.486044099371545,0.0,0.0,0.0,0.0,0.0,0.0,0.5139559006284551
2014-10-16,0.4863909897763353,0.0,0.0,0.0,0.0,0.0,0.0,0.5136090102236648
2014-10-17,0.48942866341494384,0.0,0.0,0.0,0.0,0.0,0.0,0.510571336585056
2014-10-20,0.4913859574352686,0.0,0.0,0.0,0.0,0.0,0.0,0.5086140425647314
2014-10-21,0.49643500474410873,0.0,0.0,0.0,0.0,0.0,0.0,0.5035649952558914
2014-10-22,0.4950674512278794,0.0,0.0,0.0,0.0,0.0,0.0,0.5049325487721207
2014-10-23,0.4984367860543741,0.0,0.0,0.0,0.0,0.0,0.0,0.5015632139456259
2014-10-24,0.5002486513733145,0.0,0.0,0.0,0.0,0.0,0.0,0.49975134862668547
2014-10-27,0.4995918785597607,0.0,0.0,0.0,0.0,0.0,0.0,0.5004081214402394
2014-10-28,0.5032785771403441,0.0,0.0,0.0,0.0,0.0,0.0,0.4967214228596559
2014-10-29,0.5033610081692924,0.0,0.0,0.0,0.0,0.0,0.0,0.4966389918307076
2014-10-30,0.5047906490241452,0.0,0.0,0.0,0.0,0.0,0.0,0.4952093509758548
2014-10-31,0.5076749316306177,0.0,0.0,0.0,0.0,0.0,0.0,0.4923250683693822
2014-11-03,0.0,0.0,0.0,0.0,0.0,0.0,0.5,0.5
2014-11-04,0.0,0.0,0.0,0.0,0.0,0.0,0.500418953648766,0.49958104635123407
2014-11-05,0.0,0.0,0.0,0.0,0.0,0.0,0.5005254610434036,0.4994745389565965
2014-11-06,0.0,0.0,0.0,0.0,0.0,0.0,0.4996640902870649,0.5003359097129351
2014-11-07,0.0,0.0,0.0,0.0,0.0,0.0,0.5009402696895714,0.4990597303104287
2014-11-10,0.0,0.0,0.0,0.0,0.0,0.0,0.4998959074281422,0.5001040925718577
2014-11-11,0.0,0.0,0.0,0.0,0.0,0.0,0.5000853982036132,0.4999146017963868
2014-11-12,0.0,0.0,0.0,0.0,0.0,0.0,0.4998956541976212,0.5001043458023787
2014-11-13,0.0,0.0,0.0,0.0,0.0,0.0,0.500759671324015,0.49924032867598506
2014-11-14,0.0,0.0,0.0,0.0,0.0,0.0,0.5016594986792171,0.49834050132078284
2014-11-17,0.0,0.0,0.0,0.0,0.0,0.0,0.5016222665552458,0.49837773344475417
2014-11-18,0.0,0.0,0.0,0.0,0.0,0.0,0.5021021918331487,0.4978978081668512
2014-11-19,0.0,0.0,0.0,0.0,0.0,0.0,0.5018420877397949,0.49815791226020517
2014-11-20,0.0,0.0,0.0,0.0,0.0,0.0,0.5021898156477053,0.4978101843522947
2014-11-21,0.0,0.0,0.0,0.0,0.0,0.0,0.5026160307882672,0.49738396921173283
2014-11-24,0.0,0.0,0.0,0.0,0.0,0.0,0.5024241613361239,0.497575838663876
2014-11-25,0.0,0.0,0.0,0.0,0.0,0.0,0.5034250738899733,0.4965749261100267
2014-11-26,0.0,0.0,0.0,0.0,0.0,0.0,0.5032475075114697,0.49675249248853026
2014-11-28,0.0,0.0,0.0,0.0,0.0,0.0,0.5045473924064199,0.49545260759358
2014-12-01,0.0,0.0,0.0,0.0,0.0,0.0,0.5,0.5
2014-12-02,0.0,0.0,0.0,0.0,0.0,0.0,0.4992416002055916,0.5007583997944083
2014-12-03,0.0,0.0,0.0,0.0,0.0,0.0,0.4999635882946172,0.5000364117053827
2014-12-04,0.0,0.0,0.0,0.0,0.0,0.0,0.5016452925517256,0.4983547074482744
2014-12-05,0.0,0.0,0.0,0.0,0.0,0.0,0.5012164745430744,0.4987835254569256
2014-12-08,0.0,0.0,0.0,0.0,0.0,0.0,0.5030734104623782,0.4969265895376218
2014-12-09,0.0,0.0,0.0,0.0,0.0,0.0,0.5041448570196155,0.4958551429803846
2014-12-10,0.0,0.0,0.0,0.0,0.0,0.0,0.506048589261588,0.49395141073841203
2014-12-11,0.0,0.0,0.0,0.0,0.0,0.0,0.5073258469573856,0.4926741530426143
2014-12-12,0.0,0.0,0.0,0.0,0.0,0.0,0.5102934128000838,0.4897065871999161
2014-12-15,0.0,0.0,0.0,0.0,0.0,0.0,0.5091913878447212,0.4908086121552789
2014-12-16,0.0,0.0,0.0,0.0,0.0,0.0,0.5123487923180984,0.48765120768190173
2014-12-17,0.0,0.0,0.0,0.0,0.0,0.0,0.5100238180393479,0.489976181960652
2014-12-18,0.0,0.0,0.0,0.0,0.0,0.0,0.505285187492452,0.4947148125075481
2014-12-19,0.0,0.0,0.0,0.0,0.0,0.0,0.5087492948846859,0.49125070511531416
2014-12-22,0.0,0.0,0.0,0.0,0.0,0.0,0.508292130480363,0.4917078695196369
2014-12-23,0.0,0.0,0.0,0.0,0.0,0.0,0.5051913512028049,0.4948086487971951
2014-12-24,0.0,0.0,0.0,0.0,0.0,0.0,0.5057436965507419,0.49425630344925814
2014-12-26,0.0,0.0,0.0,0.0,0.0,0.0,0.5064806532072684,0.4935193467927317
2014-12-29,0.0,0.0,0.0,0.0,0.0,0.0,0.5078594473741544,0.4921405526258455
2014-12-30,0.0,0.0,0.0,0.0,0.0,0.0,0.5083271886436533,0.4916728113563466
2014-12-31,0.0,0.0,0.0,0.0,0.0,0.0,0.5086361486966074,0.4913638513033925
2015-01-02,0.0,0.0,0.0,0.0,0.0,0.0,0.5,0.5
2015-01-05,0.0,0.0,0.0,0.0,0.0,0.0,0.5028762673035331,0.497123732696467
2015-01-06,0.0,0.0,0.0,0.0,0.0,0.0,0.506324180726606,0.493675819273394
2015-01-07,0.0,0.0,0.0,0.0,0.0,0.0,0.5054993184227674,0.49450068157723254
2015-01-08,0.0,0.0,0.0,0.0,0.0,0.0,0.5029739269155696,0.4970260730844304
2015-01-09,0.0,0.0,0.0,0.0,0.0,0.0,0.5050344022670882,0.49496559773291177
2015-01-12,0.0,0.0,0.0,0.0,0.0,0.0,0.5059855265745636,0.4940144734254363
2015-01-13,0.0,0.0,0.0,0.0,0.0,0.0,0.5057587700031847,0.49424122999681536
2015-01-14,0.0,0.0,0.0,0.0,0.0,0.0,0.5072152766755909,0.49278472332440926
2015-01-15,0.0,0.0,0.0,0.0,0.0,0.0,0.5098241383472202,0.49017586165277977
2015-01-16,0.0,0.0,0.0,0.0,0.0,0.0,0.5080134441391704,0.4919865558608296
2015-01-20,0.0,0.0,0.0,0.0,0.0,0.0,0.510737042758172,0.4892629572418279
2015-01-21,0.0,0.0,0.0,0.0,0.0,0.0,0.5079340864155625,0.4920659135844375
2015-01-22,0.0,0.0,0.0,0.0,0.0,0.0,0.5071566394516531,0.49284336054834676
2015-01-23,0.0,0.0,0.0,0.0,0.0,0.0,0.5091557564303922,0.49084424356960765
2015-01-26,0.0,0.0,0.0,0.0,0.0,0.0,0.5084555204382133,0.4915444795617867
2015-01-27,0.0,0.0,0.0,0.0,0.0,0.0,0.5086619762118787,0.49133802378812136
2015-01-28,0.0,0.0,0.0,0.0,0.0,0.0,0.5110245927891117,0.4889754072108882
2015-01-29,0.0,0.0,0.0,0.0,0.0,0.0,0.5099637151688371,0.4900362848311628
2015-01-30,0.0,0.0,0.0,0.0,0.0,0.0,0.512311803430125,0.487688196569875
2015-02-02,0.0,0.0,0.0,0.0,0.5,0.0,0.0,0.5
2015-02-03,0.0,0.0,0.0,0.0,0.5041922189537683,0.0,0.0,0.49580778104623163
2015-02-04,0.0,0.0,0.0,0.0,0.5028104756617812,0.0,0.0,0.4971895243382187
2015-02-05,0.0,0.0,0.0,0.0,0.506585722049399,0.0,0.0,0.49341427795060105
2015-02-06,0.0,0.0,0.0,0.0,0.5018405300283558,0.0,0.0,0.4981594699716442
2015-02-09,0.0,0.0,0.0,0.0,0.4999086991159289,0.0,0.0,0.500091300884071
2015-02-10,0.0,0.0,0.0,0.0,0.5013864950662152,0.0,0.0,0.4986135049337847
2015-02-11,0.0,0.0,0.0,0.0,0.5004837590804788,0.0,0.0,0.49951624091952107
2015-02-12,0.0,0.0,0.0,0.0,0.502810108898013,0.0,0.0,0.4971898911019869
2015-02-13,0.0,0.0,0.0,0.0,0.5021318050570716,0.0,0.0,0.4978681949429285
2015-02-17,0.0,0.0,0.0,0.0,0.502675187167958,0.0,0.0,0.49732481283204205
2015-02-18,0.0,0.0,0.0,0.0,0.5040997708796872,0.0,0.0,0.4959002291203129
2015-02-19,0.0,0.0,0.0,0.0,0.4987113456505761,0.0,0.0,0.5012886543494239
2015-02-20,0.0,0.0,0.0,0.0,0.5007436074396441,0.0,0.0,0.4992563925603559
2015-02-23,0.0,0.0,0.0,0.0,0.5018981388539531,0.0,0.0,0.498101861146047
2015-02-24,0.0,0.0,0.0,0.0,0.4953016805091676,0.0,0.0,0.5046983194908324
2015-02-25,0.0,0.0,0.0,0.0,0.49513613958547864,0.0,0.0,0.5048638604145214
2015-02-26,0.0,0.0,0.0,0.0,0.4937552981825172,0.0,0.0,0.5062447018174828
2015-02-27,0.0,0.0,0.0,0.0,0.49511581074629474,0.0,0.0,0.5048841892537053
2015-03-02,0.5,0.0,0.0,0.0,0.0,0.0,0.0,0.5
2015-03-03,0.4991172145717752,0.0,0.0,0.0,0.0,0.0,0.0,0.5008827854282247
2015-03-04,0.49822735416551744,0.0,0.0,0.0,0.0,0.0,0.0,0.5017726458344827
2015-03-05,0.49816844268927274,0.0,0.0,0.0,0.0,0.0,0.0,0.5018315573107273
2015-03-06,0.4972985679586247,0.0,0.0,0.0,0.0,0.0,0.0,0.5027014320413752
2015-03-09,0.49732747002080097,0.0,0.0,0.0,0.0,0.0,0.0,0.5026725299791991
2015-03-10,0.49284255298143664,0.0,0.0,0.0,0.0,0.0,0.0,0.5071574470185634
2015-03-11,0.4909874584036521,0.0,0.0,0.0,0.0,0.0,0.0,0.5090125415963479
2015-03-12,0.4943942311495662,0.0,0.0,0.0,0.0,0.0,0.0,0.5056057688504338
2015-03-13,0.493564176325516,0.0,0.0,0.0,0.0,0.0,0.0,0.5064358236744839
2015-03-16,0.4966318746355734,0.0,0.0,0.0,0.0,0.0,0.0,0.5033681253644267
2015-03-17,0.4954718111703674,0.0,0.0,0.0,0.0,0.0,0.0,0.5045281888296326
2015-03-18,0.4954022086509954,0.0,0.0,0.0,0.0,0.0,0.0,0.5045977913490045
2015-03-19,0.4955353416857709,0.0,0.0,0.0,0.0,0.0,0.0,0.504464658314229
2015-03-20,0.4970317909336446,0.0,0.0,0.0,0.0,0.0,0.0,0.5029682090663554
2015-03-23,0.4959685853434435,0.0,0.0,0.0,0.0,0.0,0.0,0.5040314146565564
2015-03-24,0.49419061814780296,0.0,0.0,0.0,0.0,0.0,0.0,0.505809381852197
2015-03-25,0.49132207091395974,0.0,0.0,0.0,0.0,0.0,0.0,0.5086779290860401
2015-03-26,0.49227314665395094,0.0,0.0,0.0,0.0,0.0,0.0,0.5077268533460492
2015-03-27,0.49185361981670983,0.0,0.0,0.0,0.0,0.0,0.0,0.5081463801832903
2015-03-30,0.4944522042704324,0.0,0.0,0.0,0.0,0.0,0.0,0.5055477957295677
2015-03-31,0.4918059091698385,0.0,0.0,0.0,0.0,0.0,0.0,0.5081940908301615
2015-04-01,0.5,0.0,0.0,0.0,0.0,0.0,0.0,0.5
2015-04-02,0.5013087963069125,0.0,0.0,0.0,0.0,0.0,0.0,0.4986912036930876
2015-04-06,0.5026575172573308,0.0,0.0,0.0,0.0,0.0,0.0,0.49734248274266923
2015-04-07,0.5010929011307962,0.0,0.0,0.0,0.0,0.0,0.0,0.49890709886920387
2015-04-08,0.5020175982768876,0.0,0.0,0.0,0.0,0.0,0.0,0.49798240172311237
2015-04-09,0.5043936442474458,0.0,0.0,0.0,0.0,0.0,0.0,0.49560635575255424
2015-04-10,0.5054045735664113,0.0,0.0,0.0,0.0,0.0,0.0,0.4945954264335887
2015-04-13,0.5043534409715268,0.0,0.0,0.0,0.0,0.0,0.0,0.4956465590284731
2015-04-14,0.5042563301085088,0.0,0.0,0.0,0.0,0.0,0.0,0.4957436698914912
2015-04-15,0.5052114925764281,0.0,0.0,0.0,0.0,0.0,0.0,0.49478850742357194
2015-04-16,0.5052836856443719,0.0,0.0,0.0,0.0,0.0,0.0,0.4947163143556281
2015-04-17,0.5017154143046146,0.0,0.0,0.0,0.0,0.0,0.0,0.49828458569538536
2015-04-20,0.5045829846062239,0.0,0.0,0.0,0.0,0.0,0.0,0.49541701539377614
2015-04-21,0.5043465121267959,0.0,0.0,0.0,0.0,0.0,0.0,0.495653487873204
2015-04-22,0.5071970574438406,0.0,0.0,0.0,0.0,0.0,0.0,0.4928029425561595
2015-04-23,0.5071863510127284,0.0,0.0,0.0,0.0,0.0,0.0,0.49281364898727176
2015-04-24,0.507292578250526,0.0,0.0,0.0,0.0,0.0,0.0,0.49270742174947396
2015-04-27,0.5064362079922793,0.0,0.0,0.0,0.0,0.0,0.0,0.4935637920077207
2015-04-28,0.5087142770527056,0.0,0.0,0.0,0.0,0.0,0.0,0.4912857229472944
2015-04-29,0.5097605478430988,0.0,0.0,0.0,0.0,0.0,0.0,0.4902394521569012
2015-04-30,0.5070352542367904,0.0,0.0,0.0,0.0,0.0,0.0,0.49296474576320964
2015-05-01,0.5,0.0,0.0,0.0,0.0,0.0,0.0,0.5
2015-05-04,0.5015106167327781,0.0,0.0,0.0,0.0,0.0,0.0,0.49848938326722186
2015-05-05,0.49905315731166217,0.0,0.0,0.0,0.0,0.0,0.0,0.5009468426883378
2015-05-06,0.4991014808310195,0.0,0.0,0.0,0.0,0.0,0.0,0.5008985191689804
2015-05-07,0.49910180324257797,0.0,0.0,0.0,0.0,0.0,0.0,0.500898196757422
2015-05-08,0.50093920582775,0.0,0.0,0.0,0.0,0.0,0.0,0.4990607941722501
2015-05-11,0.5022768837438298,0.0,0.0,0.0,0.0,0.0,0.0,0.4977231162561702
2015-05-12,0.5018890913919022,0.0,0.0,0.0,0.0,0.0,0.0,0.4981109086080979
2015-05-13,0.5021703566793361,0.0,0.0,0.0,0.0,0.0,0.0,0.4978296433206638
2015-05-14,0.5039143135345214,0.0,0.0,0.0,0.0,0.0,0.0,0.4960856864654787
2015-05-15,0.5024529572428205,0.0,0.0,0.0,0.0,0.0,0.0,0.4975470427571795
2015-05-18,0.505151525490685,0.0,0.0,0.0,0.0,0.0,0.0,0.494848474509315
2015-05-19,0.5064093180724614,0.0,0.0,0.0,0.0,0.0,0.0,0.49359068192753863
2015-05-20,0.5059348135616448,0.0,0.0,0.0,0.0,0.0,0.0,0.49406518643835523
2015-05-21,0.505471732443117,0.0,0.0,0.0,0.0,0.0,0.0,0.494528267556883
2015-05-22,0.5050435326614503,0.0,0.0,0.0,0.0,0.0,0.0,0.4949564673385496
2015-05-26,0.5012402908394582,0.0,0.0,0.0,0.0,0.0,0.0,0.4987597091605418
2015-05-27,0.5033488237969763,0.0,0.0,0.0,0.0,0.0,0.0,0.4966511762030236
2015-05-28,0.5035948700114495,0.0,0.0,0.0,0.0,0.0,0.0,0.49640512998855046
2015-05-29,0.5019309729714536,0.0,0.0,0.0,0.0,0.0,0.0,0.4980690270285465
2015-06-01,0.5,0.0,0.0,0.0,0.0,0.0,0.0,0.5
2015-06-02,0.5010337704058158,0.0,0.0,0.0,0.0,0.0,0.0,0.49896622959418424
2015-06-03,0.5033074859917686,0.0,0.0,0.0,0.0,0.0,0.0,0.4966925140082315
2015-06-04,0.49989644216552903,0.0,0.0,0.0,0.0,0.0,0.0,0.500103557834471
2015-06-05,0.500736617525885,0.0,0.0,0.0,0.0,0.0,0.0,0.49926338247411484
2015-06-08,0.49936706188787255,0.0,0.0,0.0,0.0,0.0,0.0,0.5006329381121274
2015-06-09,0.5004555975531393,0.0,0.0,0.0,0.0,0.0,0.0,0.4995444024468607
2015-06-10,0.504109053980054,0.0,0.0,0.0,0.0,0.0,0.0,0.4958909460199461
2015-06-11,0.5027065314314905,0.0,0.0,0.0,0.0,0.0,0.0,0.4972934685685094
2015-06-12,0.5012166751886629,0.0,0.0,0.0,0.0,0.0,0.0,0.49878332481133714
2015-06-15,0.5001864027048462,0.0,0.0,0.0,0.0,0.0,0.0,0.49981359729515396
2015-06-16,0.5009203542438389,0.0,0.0,0.0,0.0,0.0,0.0,0.4990796457561611
2015-06-17,0.501345597619976,0.0,0.0,0.0,0.0,0.0,0.0,0.498654402380024
2015-06-18,0.5043845487143773,0.0,0.0,0.0,0.0,0.0,0.0,0.49561545128562257
2015-06-19,0.5019387972957268,0.0,0.0,0.0,0.0,0.0,0.0,0.49806120270427323
2015-06-22,0.5051977625236227,0.0,0.0,0.0,0.0,0.0,0.0,0.4948022374763774
2015-06-23,0.5059372550124084,0.0,0.0,0.0,0.0,0.0,0.0,0.4940627449875917
2015-06-24,0.5034227158363325,0.0,0.0,0.0,0.0,0.0,0.0,0.49657728416366764
2015-06-25,0.5030724189469178,0.0,0.0,0.0,0.0,0.0,0.0,0.4969275810530821
2015-06-26,0.5041750032523802,0.0,0.0,0.0,0.0,0.0,0.0,0.4958249967476198
2015-06-29,0.49671103197225414,0.0,0.0,0.0,0.0,0.0,0.0,0.5032889680277458
2015-06-30,0.497708675835902,0.0,0.0,0.0,0.0,0.0,0.0,0.502291324164098
2015-07-01,0.5,0.0,0.0,0.0,0.0,0.0,0.0,0.5
2015-07-02,0.4988164590277412,0.0,0.0,0.0,0.0,0.0,0.0,0.5011835409722587
2015-07-06,0.49710981231494933,0.0,0.0,0.0,0.0,0.0,0.0,0.5028901876850507
2015-07-07,0.4976440169740828,0.0,0.0,0.0,0.0,0.0,0.0,0.5023559830259172
2015-07-08,0.49307108303016467,0.0,0.0,0.0,0.0,0.0,0.0,0.5069289169698353
2015-07-09,0.4951796696954269,0.0,0.0,0.0,0.0,0.0,0.0,0.5048203303045731
2015-07-10,0.499910609193904,0.0,0.0,0.0,0.0,0.0,0.0,0.500089390806096
2015-07-13,0.5031985955655923,0.0,0.0,0.0,0.0,0.0,0.0,0.49680140443440773
2015-07-14,0.5040629720536298,0.0,0.0,0.0,0.0,0.0,0.0,0.4959370279463702
2015-07-15,0.5033280825156343,0.0,0.0,0.0,0.0,0.0,0.0,0.49667191748436573
2015-07-16,0.5049357305548112,0.0,0.0,0.0,0.0,0.0,0.0,0.4950642694451888
2015-07-17,0.5049744530891143,0.0,0.0,0.0,0.0,0.0,0.0,0.49502554691088574
2015-07-20,0.5056890210830217,0.0,0.0,0.0,0.0,0.0,0.0,0.49431097891697834
2015-07-21,0.5041789636123374,0.0,0.0,0.0,0.0,0.0,0.0,0.4958210363876626
2015-07-22,0.50340542908194,0.0,0.0,0.0,0.0,0.0,0.0,0.4965945709180601
2015-07-23,0.5012595035166472,0.0,0.0,0.0,0.0,0.0,0.0,0.49874049648335284
2015-07-24,0.4987607761366696,0.0,0.0,0.0,0.0,0.0,0.0,0.5012392238633304
2015-07-27,0.49728067665803755,0.0,0.0,0.0,0.0,0.0,0.0,0.5027193233419625
2015-07-28,0.500527074843169,0.0,0.0,0.0,0.0,0.0,0.0,0.49947292515683095
2015-07-29,0.5024569007009251,0.0,0.0,0.0,0.0,0.0,0.0,0.49754309929907503
2015-07-30,0.5023864916259199,0.0,0.0,0.0,0.0,0.0,0.0,0.49761350837408025
2015-07-31,0.5007142883821071,0.0,0.0,0.0,0.0,0.0,0.0,0.499285711617893
2015-08-03,0.5,0.0,0.0,0.0,0.0,0.0,0.0,0.5
2015-08-04,0.5007826144829443,0.0,0.0,0.0,0.0,0.0,0.0,0.4992173855170557
2015-08-05,0.5025793645640492,0.0,0.0,0.0,0.0,0.0,0.0,0.4974206354359509
2015-08-06,0.5000472313292118,0.0,0.0,0.0,0.0,0.0,0.0,0.4999527686707882
2015-08-07,0.4987020877634687,0.0,0.0,0.0,0.0,0.0,0.0,0.5012979122365314
2015-08-10,0.5028267937792765,0.0,0.0,0.0,0.0,0.0,0.0,0.49717320622072353
2015-08-11,0.499523129200119,0.0,0.0,0.0,0.0,0.0,0.0,0.500476870799881
2015-08-12,0.5002110476709635,0.0,0.0,0.0,0.0,0.0,0.0,0.4997889523290365
2015-08-13,0.5007656972080163,0.0,0.0,0.0,0.0,0.0,0.0,0.4992343027919838
2015-08-14,0.5014361070069902,0.0,0.0,0.0,0.0,0.0,0.0,0.4985638929930099
2015-08-17,0.5020287961880834,0.0,0.0,0.0,0.0,0.0,0.0,0.49797120381191673
2015-08-18,0.5022552761024695,0.0,0.0,0.0,0.0,0.0,0.0,0.49774472389753066
2015-08-19,0.4990604612373788,0.0,0.0,0.0,0.0,0.0,0.0,0.5009395387626213
2015-08-20,0.493634210162876,0.0,0.0,0.0,0.0,0.0,0.0,0.5063657898371239
2015-08-21,0.48593164663922583,0.0,0.0,0.0,0.0,0.0,0.0,0.5140683533607742
2015-08-24,0.47588253633149374,0.0,0.0,0.0,0.0,0.0,0.0,0.5241174636685062
2015-08-25,0.47420559515471433,0.0,0.0,0.0,0.0,0.0,0.0,0.5257944048452856
2015-08-26,0.48375925295551647,0.0,0.0,0.0,0.0,0.0,0.0,0.5162407470444835
2015-08-27,0.48962444515705583,0.0,0.0,0.0,0.0,0.0,0.0,0.5103755548429442
2015-08-28,0.48918168854639205,0.0,0.0,0.0,0.0,0.0,0.0,0.5108183114536079
2015-08-31,0.48778371684283667,0.0,0.0,0.0,0.0,0.0,0.0,0.5122162831571634
2015-09-01,0.5,0.0,0.0,0.0,0.0,0.0,0.0,0.5
2015-09-02,0.5050690833530859,0.0,0.0,0.0,0.0,0.0,0.0,0.49493091664691413
2015-09-03,0.5040579515707905,0.0,0.0,0.0,0.0,0.0,0.0,0.4959420484292096
2015-09-04,0.4996843656296985,0.0,0.0,0.0,0.0,0.0,0.0,0.5003156343703015
2015-09-08,0.5070548284040141,0.0,0.0,0.0,0.0,0.0,0.0,0.492945171595986
2015-09-09,0.5031492904365718,0.0,0.0,0.0,0.0,0.0,0.0,0.49685070956342825
2015-09-10,0.5050030764309084,0.0,0.0,0.0,0.0,0.0,0.0,0.49499692356909164
2015-09-11,0.505963512377101,0.0,0.0,0.0,0.0,0.0,0.0,0.49403648762289903
2015-09-14,0.5050558422312055,0.0,0.0,0.0,0.0,0.0,0.0,0.4949441577687945
2015-09-15,0.5100485214131195,0.0,0.0,0.0,0.0,0.0,0.0,0.48995147858688043
2015-09-16,0.5117479975572105,0.0,0.0,0.0,0.0,0.0,0.0,0.4882520024427895
2015-09-17,0.5091290346033611,0.0,0.0,0.0,0.0,0.0,0.0,0.4908709653966389
2015-09-18,0.5042567733461966,0.0,0.0,0.0,0.0,0.0,0.0,0.4957432266538034
2015-09-21,0.5068171713442392,0.0,0.0,0.0,0.0,0.0,0.0,0.4931828286557607
2015-09-22,0.5024728272982975,0.0,0.0,0.0,0.0,0.0,0.0,0.4975271727017026
2015-09-23,0.5022236671050548,0.0,0.0,0.0,0.0,0.0,0.0,0.4977763328949453
2015-09-24,0.5012749487726418,0.0,0.0,0.0,0.0,0.0,0.0,0.49872505122735833
2015-09-25,0.501965155617722,0.0,0.0,0.0,0.0,0.0,0.0,0.4980348443822781
2015-09-28,0.4951791396764675,0.0,0.0,0.0,0.0,0.0,0.0,0.5048208603235325
2015-09-29,0.49500218554709385,0.0,0.0,0.0,0.0,0.0,0.0,0.5049978144529063
2015-09-30,0.4996666703015765,0.0,0.0,0.0,0.0,0.0,0.0,0.5003333296984234
2015-10-01,0.5,0.0,0.0,0.0,0.0,0.0,0.0,0.5
2015-10-02,0.5026075116141379,0.0,0.0,0.0,0.0,0.0,0.0,0.49739248838586214
2015-10-05,0.5076841225432437,0.0,0.0,0.0,0.0,0.0,0.0,0.4923158774567562
2015-10-06,0.5063308883678942,0.0,0.0,0.0,0.0,0.0,0.0,0.4936691116321059
2015-10-07,0.5074892075630502,0.0,0.0,0.0,0.0,0.0,0.0,0.49251079243694973
2015-10-08,0.5107230472775227,0.0,0.0,0.0,0.0,0.0,0.0,0.4892769527224773
2015-10-09,0.5107643989361239,0.0,0.0,0.0,0.0,0.0,0.0,0.4892356010638762
2015-10-12,0.5099911923636724,0.0,0.0,0.0,0.0,0.0,0.0,0.49000880763632754
2015-10-13,0.5086040544074338,0.0,0.0,0.0,0.0,0.0,0.0,0.4913959455925662
2015-10-14,0.5064182498413352,0.0,0.0,0.0,0.0,0.0,0.0,0.4935817501586648
2015-10-15,0.5103334982376639,0.0,0.0,0.0,0.0,0.0,0.0,0.48966650176233606
2015-10-16,0.5113816576875085,0.0,0.0,0.0,0.0,0.0,0.0,0.4886183423124915
2015-10-19,0.5115258421602815,0.0,0.0,0.0,0.0,0.0,0.0,0.4884741578397185
2015-10-20,0.5116765174292158,0.0,0.0,0.0,0.0,0.0,0.0,0.48832348257078406
2015-10-21,0.508883361411347,0.0,0.0,0.0,0.0,0.0,0.0,0.49111663858865295
2015-10-22,0.5125376730228449,0.0,0.0,0.0,0.0,0.0,0.0,0.487462326977155
2015-10-23,0.5161759807259994,0.0,0.0,0.0,0.0,0.0,0.0,0.48382401927400065
2015-10-26,0.5151141060766203,0.0,0.0,0.0,0.0,0.0,0.0,0.4848858939233796
2015-10-27,0.5145672233112915,0.0,0.0,0.0,0.0,0.0,0.0,0.48543277668870854
2015-10-28,0.5183721656078848,0.0,0.0,0.0,0.0,0.0,0.0,0.4816278343921152
2015-10-29,0.5199852522372563,0.0,0.0,0.0,0.0,0.0,0.0,0.48001474776274367
2015-10-30,0.5182630057815467,0.0,0.0,0.0,0.0,0.0,0.0,0.4817369942184532
2015-11-02,0.5,0.0,0.0,0.0,0.0,0.0,0.0,0.5
2015-11-03,0.5007019846354246,0.0,0.0,0.0,0.0,0.0,0.0,0.49929801536457546
2015-11-04,0.5002240163686655,0.0,0.0,0.0,0.0,0.0,0.0,0.4997759836313346
2015-11-05,0.4999092982954774,0.0,0.0,0.0,0.0,0.0,0.0,0.5000907017045225
2015-11-06,0.5014071657245697,0.0,0.0,0.0,0.0,0.0,0.0,0.4985928342754303
2015-11-09,0.49947747347023763,0.0,0.0,0.0,0.0,0.0,0.0,0.5005225265297624
2015-11-10,0.49942143294097074,0.0,0.0,0.0,0.0,0.0,0.0,0.5005785670590291
2015-11-11,0.4984584586636293,0.0,0.0,0.0,0.0,0.0,0.0,0.5015415413363706
2015-11-12,0.4950309704540877,0.0,0.0,0.0,0.0,0.0,0.0,0.5049690295459122
2015-11-13,0.49146951517155657,0.0,0.0,0.0,0.0,0.0,0.0,0.5085304848284434
2015-11-16,0.4951985232848991,0.0,0.0,0.0,0.0,0.0,0.0,0.5048014767151009
2015-11-17,0.49475584624609276,0.0,0.0,0.0,0.0,0.0,0.0,0.5052441537539072
2015-11-18,0.4986259291154266,0.0,0.0,0.0,0.0,0.0,0.0,0.5013740708845734
2015-11-19,0.4976741327670789,0.0,0.0,0.0,0.0,0.0,0.0,0.5023258672329212
2015-11-20,0.4986267724820959,0.0,0.0,0.0,0.0,0.0,0.0,0.5013732275179041
2015-11-23,0.49825368147709514,0.0,0.0,0.0,0.0,0.0,0.0,0.5017463185229047
2015-11-24,0.49850165880739766,0.0,0.0,0.0,0.0,0.0,0.0,0.5014983411926023
2015-11-25,0.49822824391547726,0.0,0.0,0.0,0.0,0.0,0.0,0.5017717560845228
2015-11-27,0.49842840580630837,0.0,0.0,0.0,0.0,0.0,0.0,0.5015715941936917
2015-11-30,0.4972805714624843,0.0,0.0,0.0,0.0,0.0,0.0,0.5027194285375157
2015-12-01,0.0,0.0,0.0,0.0,0.0,0.5,0.0,0.5
2015-12-02,0.0,0.0,0.0,0.0,0.0,0.4966850419407589,0.0,0.5033149580592411
2015-12-03,0.0,0.0,0.0,0.0,0.0,0.5026637333393879,0.0,0.4973362666606121
2015-12-04,0.0,0.0,0.0,0.0,0.0,0.5068063420513439,0.0,0.493193657948656
2015-12-07,0.0,0.0,0.0,0.0,0.0,0.503107427282722,0.0,0.4968925727172781
2015-12-08,0.0,0.0,0.0,0.0,0.0,0.50384606512677,0.0,0.4961539348732301
2015-12-09,0.0,0.0,0.0,0.0,0.0,0.503424509240201,0.0,0.496575490759799
2015-12-10,0.0,0.0,0.0,0.0,0.0,0.5037913805731545,0.0,0.49620861942684535
2015-12-11,0.0,0.0,0.0,0.0,0.0,0.5047185419412099,0.0,0.4952814580587902
2015-12-14,0.0,0.0,0.0,0.0,0.0,0.5033489137946294,0.0,0.4966510862053706
2015-12-15,0.0,0.0,0.0,0.0,0.0,0.5026630882611604,0.0,0.49733691173883965
2015-12-16,0.0,0.0,0.0,0.0,0.0,0.5057172407119138,0.0,0.4942827592880862
2015-12-17,0.0,0.0,0.0,0.0,0.0,0.49989814053673554,0.0,0.5001018594632644
2015-12-18,0.0,0.0,0.0,0.0,0.0,0.5036998666909122,0.0,0.4963001333090878
2015-12-21,0.0,0.0,0.0,0.0,0.0,0.5062300060352249,0.0,0.49376999396477494
2015-12-22,0.0,0.0,0.0,0.0,0.0,0.5052452329710467,0.0,0.49475476702895327
2015-12-23,0.0,0.0,0.0,0.0,0.0,0.5042949662953589,0.0,0.49570503370464114
2015-12-24,0.0,0.0,0.0,0.0,0.0,0.5052834826505171,0.0,0.49471651734948296
2015-12-28,0.0,0.0,0.0,0.0,0.0,0.5036897705932886,0.0,0.4963102294067115
2015-12-29,0.0,0.0,0.0,0.0,0.0,0.504811059614872,0.0,0.49518894038512795
2015-12-30,0.0,0.0,0.0,0.0,0.0,0.5028958368229163,0.0,0.49710416317708384
2015-12-31,0.0,0.0,0.0,0.0,0.0,0.5025773115868124,0.0,0.49742268841318754
2016-01-04,0.0,0.0,0.0,0.0,0.0,0.5,0.0,0.5
2016-01-05,0.0,0.0,0.0,0.0,0.0,0.500571778741528,0.0,0.499428221258472
2016-01-06,0.0,0.0,0.0,0.0,0.0,0.5031715297231466,0.0,0.4968284702768535
2016-01-07,0.0,0.0,0.0,0.0,0.0,0.5064848727179889,0.0,0.4935151272820112
2016-01-08,0.0,0.0,0.0,0.0,0.0,0.5051792912961728,0.0,0.49482070870382716
2016-01-11,0.0,0.0,0.0,0.0,0.0,0.5037538938239459,0.0,0.496246106176054
2016-01-12,0.0,0.0,0.0,0.0,0.0,0.5019175099058661,0.0,0.49808249009413375
2016-01-13,0.0,0.0,0.0,0.0,0.0,0.5023752598161809,0.0,0.49762474018381914
2016-01-14,0.0,0.0,0.0,0.0,0.0,0.49952696462505847,0.0,0.5004730353749415
2016-01-15,0.0,0.0,0.0,0.0,0.0,0.502458139351444,0.0,0.4975418606485561
2016-01-19,0.0,0.0,0.0,0.0,0.0,0.5033374301970807,0.0,0.49666256980291934
2016-01-20,0.0,0.0,0.0,0.0,0.0,0.5062831210665342,0.0,0.4937168789334658
2016-01-21,0.0,0.0,0.0,0.0,0.0,0.5072935718540201,0.0,0.4927064281459798
2016-01-22,0.0,0.0,0.0,0.0,0.0,0.5059756541361485,0.0,0.4940243458638515
2016-01-25,0.0,0.0,0.0,0.0,0.0,0.5087977347902416,0.0,0.4912022652097585
2016-01-26,0.0,0.0,0.0,0.0,0.0,0.510928090865221,0.0,0.48907190913477894
2016-01-27,0.0,0.0,0.0,0.0,0.0,0.5125397457517594,0.0,0.4874602542482406
2016-01-28,0.0,0.0,0.0,0.0,0.0,0.5095709165793324,0.0,0.4904290834206676
2016-01-29,0.0,0.0,0.0,0.0,0.0,0.509235665343347,0.0,0.49076433465665303
2016-02-01,0.0,0.0,0.0,0.0,0.0,0.5,0.0,0.5
2016-02-02,0.0,0.0,0.0,0.0,0.0,0.49963022663366474,0.0,0.5003697733663354
2016-02-03,0.0,0.0,0.0,0.0,0.0,0.5029154837893621,0.0,0.49708451621063793
2016-02-04,0.0,0.0,0.0,0.0,0.0,0.5058075854781111,0.0,0.49419241452188883
2016-02-05,0.0,0.0,0.0,0.0,0.0,0.5097764189012393,0.0,0.4902235810987608
2016-02-08,0.0,0.0,0.0,0.0,0.0,0.5118168629931404,0.0,0.48818313700685945
2016-02-09,0.0,0.0,0.0,0.0,0.0,0.5121237046847309,0.0,0.4878762953152691
2016-02-10,0.0,0.0,0.0,0.0,0.0,0.5137442773792001,0.0,0.48625572262079997
2016-02-11,0.0,0.0,0.0,0.0,0.0,0.5227486464046366,0.0,0.47725135359536347
2016-02-12,0.0,0.0,0.0,0.0,0.0,0.5226805014451793,0.0,0.47731949855482064
2016-02-16,0.0,0.0,0.0,0.0,0.0,0.5161826243813585,0.0,0.48381737561864147
2016-02-17,0.0,0.0,0.0,0.0,0.0,0.5177890597606984,0.0,0.48221094023930144
2016-02-18,0.0,0.0,0.0,0.0,0.0,0.5217646293682076,0.0,0.47823537063179244
2016-02-19,0.0,0.0,0.0,0.0,0.0,0.5204376987174171,0.0,0.4795623012825828
2016-02-22,0.0,0.0,0.0,0.0,0.0,0.5154555323488244,0.0,0.48454446765117565
2016-02-23,0.0,0.0,0.0,0.0,0.0,0.5186649255714771,0.0,0.4813350744285228
2016-02-24,0.0,0.0,0.0,0.0,0.0,0.5192536612129192,0.0,0.48074633878708095
2016-02-25,0.0,0.0,0.0,0.0,0.0,0.5185174736250046,0.0,0.48148252637499545
2016-02-26,0.0,0.0,0.0,0.0,0.0,0.5168832607126,0.0,0.4831167392873999
2016-02-29,0.0,0.0,0.0,0.0,0.0,0.5199501817552081,0.0,0.4800498182447919
2016-03-01,0.0,0.0,0.0,0.0,0.0,0.5,0.0,0.5
2016-03-02,0.0,0.0,0.0,0.0,0.0,0.5014206524641719,0.0,0.49857934753582805
2016-03-03,0.0,0.0,0.0,0.0,0.0,0.50452347469677,0.0,0.49547652530323
2016-03-04,0.0,0.0,0.0,0.0,0.0,0.5041732419055663,0.0,0.49582675809443355
2016-03-07,0.0,0.0,0.0,0.0,0.0,0.505131447797053,0.0,0.494868552202947
2016-03-08,0.0,0.0,0.0,0.0,0.0,0.5026499973692271,0.0,0.4973500026307729
2016-03-09,0.0,0.0,0.0,0.0,0.0,0.5008494938910608,0.0,0.4991505061089392
2016-03-10,0.0,0.0,0.0,0.0,0.0,0.5037939248095887,0.0,0.4962060751904112
2016-03-11,0.0,0.0,0.0,0.0,0.0,0.49874538739829627,0.0,0.5012546126017038
2016-03-14,0.0,0.0,0.0,0.0,0.0,0.494770026977573,0.0,0.505229973022427
2016-03-15,0.0,0.0,0.0,0.0,0.0,0.4950465772259367,0.0,0.5049534227740633
2016-03-16,0.0,0.0,0.0,0.0,0.0,0.4993605491231345,0.0,0.5006394508768656
2016-03-17,0.0,0.0,0.0,0.0,0.0,0.49763747155311433,0.0,0.5023625284468857
2016-03-18,0.0,0.0,0.0,0.0,0.0,0.4963758327830893,0.0,0.5036241672169106
2016-03-21,0.0,0.0,0.0,0.0,0.0,0.4949144101635621,0.0,0.5050855898364378
2016-03-22,0.0,0.0,0.0,0.0,0.0,0.49611694855387845,0.0,0.5038830514461216
2016-03-23,0.0,0.0,0.0,0.0,0.0,0.4891422250678268,0.0,0.5108577749321731
2016-03-24,0.0,0.0,0.0,0.0,0.0,0.48864756955146327,0.0,0.5113524304485366
2016-03-28,0.0,0.0,0.0,0.0,0.0,0.48907849671606035,0.0,0.5109215032839396
2016-03-29,0.0,0.0,0.0,0.0,0.0,0.49254534335350975,0.0,0.5074546566464903
2016-03-30,0.0,0.0,0.0,0.0,0.0,0.4893228977996931,0.0,0.5106771022003069
2016-03-31,0.0,0.0,0.0,0.0,0.0,0.48948211897602156,0.0,0.5105178810239783
2016-04-01,0.0,0.0,0.0,0.0,0.0,0.0,0.5,0.5
2016-04-04,0.0,0.0,0.0,0.0,0.0,0.0,0.500131989860014,0.499868010139986
2016-04-05,0.0,0.0,0.0,0.0,0.0,0.0,0.5020535664626454,0.4979464335373545
2016-04-06,0.0,0.0,0.0,0.0,0.0,0.0,0.500440820105327,0.499559179894673
2016-04-07,0.0,0.0,0.0,0.0,0.0,0.0,0.5028376383425892,0.4971623616574108
2016-04-08,0.0,0.0,0.0,0.0,0.0,0.0,0.5018177069017091,0.4981822930982908
2016-04-11,0.0,0.0,0.0,0.0,0.0,0.0,0.5015163902774092,0.49848360972259087
2016-04-12,0.0,0.0,0.0,0.0,0.0,0.0,0.5007723431517193,0.4992276568482808
2016-04-13,0.0,0.0,0.0,0.0,0.0,0.0,0.5007875135044042,0.4992124864955958
2016-04-14,0.0,0.0,0.0,0.0,0.0,0.0,0.4997537367367539,0.5002462632632462
2016-04-15,0.0,0.0,0.0,0.0,0.0,0.0,0.5008380485213503,0.4991619514786498
2016-04-18,0.0,0.0,0.0,0.0,0.0,0.0,0.499483592156488,0.500516407843512
2016-04-19,0.0,0.0,0.0,0.0,0.0,0.0,0.4982427503749564,0.5017572496250436
2016-04-20,0.0,0.0,0.0,0.0,0.0,0.0,0.49616645635853385,0.5038335436414662
2016-04-21,0.0,0.0,0.0,0.0,0.0,0.0,0.494779844372578,0.505220155627422
2016-04-22,0.0,0.0,0.0,0.0,0.0,0.0,0.4938662114257469,0.5061337885742532
2016-04-25,0.0,0.0,0.0,0.0,0.0,0.0,0.4934175612104363,0.5065824387895638
2016-04-26,0.0,0.0,0.0,0.0,0.0,0.0,0.49238547586118886,0.5076145241388111
2016-04-27,0.0,0.0,0.0,0.0,0.0,0.0,0.49328101459206775,0.5067189854079323
2016-04-28,0.0,0.0,0.0,0.0,0.0,0.0,0.4940807553202239,0.5059192446797762
2016-04-29,0.0,0.0,0.0,0.0,0.0,0.0,0.4944490483210915,0.5055509516789085
2016-05-02,0.0,0.0,0.0,0.0,0.0,0.0,0.5,0.5
2016-05-03,0.0,0.0,0.0,0.0,0.0,0.0,0.5026914148103144,0.4973085851896856
2016-05-04,0.0,0.0,0.0,0.0,0.0,0.0,0.5044761115285878,0.49552388847141215
2016-05-05,0.0,0.0,0.0,0.0,0.0,0.0,0.5056415121062339,0.4943584878937662
2016-05-06,0.0,0.0,0.0,0.0,0.0,0.0,0.5051123658684126,0.49488763413158754
2016-05-09,0.0,0.0,0.0,0.0,0.0,0.0,0.5061473807324578,0.49385261926754226
2016-05-10,0.0,0.0,0.0,0.0,0.0,0.0,0.5057490443459559,0.494250955654044
2016-05-11,0.0,0.0,0.0,0.0,0.0,0.0,0.5068876676523036,0.4931123323476963
2016-05-12,0.0,0.0,0.0,0.0,0.0,0.0,0.506266733137532,0.49373326686246805
2016-05-13,0.0,0.0,0.0,0.0,0.0,0.0,0.5082195376744383,0.4917804623255616
2016-05-16,0.0,0.0,0.0,0.0,0.0,0.0,0.506890379893546,0.49310962010645404
2016-05-17,0.0,0.0,0.0,0.0,0.0,0.0,0.5073928003709053,0.49260719962909466
2016-05-18,0.0,0.0,0.0,0.0,0.0,0.0,0.5059501856915006,0.49404981430849937
2016-05-19,0.0,0.0,0.0,0.0,0.0,0.0,0.5064392433002586,0.49356075669974153
2016-05-20,0.0,0.0,0.0,0.0,0.0,0.0,0.5064632232107755,0.49353677678922453
2016-05-23,0.0,0.0,0.0,0.0,0.0,0.0,0.507019471087513,0.49298052891248706
2016-05-24,0.0,0.0,0.0,0.0,0.0,0.0,0.5063265889801469,0.49367341101985296
2016-05-25,0.0,0.0,0.0,0.0,0.0,0.0,0.5049395991894319,0.4950604008105682
2016-05-26,0.0,0.0,0.0,0.0,0.0,0.0,0.5055173567605783,0.49448264323942165
2016-05-27,0.0,0.0,0.0,0.0,0.0,0.0,0.5053403967567278,0.4946596032432722
2016-05-31,0.0,0.0,0.0,0.0,0.0,0.0,0.5054965147255733,0.4945034852744268
2016-06-01,0.0,0.0,0.0,0.0,0.0,0.0,0.5,0.5
2016-06-02,0.0,0.0,0.0,0.0,0.0,0.0,0.5012921816192204,0.4987078183807796
2016-06-03,0.0,0.0,0.0,0.0,0.0,0.0,0.502823812959095,0.49717618704090494
2016-06-06,0.0,0.0,0.0,0.0,0.0,0.0,0.5015625061725633,0.4984374938274368
2016-06-07,0.0,0.0,0.0,0.0,0.0,0.0,0.5017918478172481,0.49820815218275194
2016-06-08,0.0,0.0,0.0,0.0,0.0,0.0,0.5022969944142381,0.49770300558576186
2016-06-09,0.0,0.0,0.0,0.0,0.0,0.0,0.5035530910452154,0.4964469089547847
2016-06-10,0.0,0.0,0.0,0.0,0.0,0.0,0.5044720143111461,0.495527985688854
2016-06-13,0.0,0.0,0.0,0.0,0.0,0.0,0.5059548105969819,0.49404518940301806
2016-06-14,0.0,0.0,0.0,0.0,0.0,0.0,0.5063294435160376,0.4936705564839624
2016-06-15,0.0,0.0,0.0,0.0,0.0,0.0,0.5063566612261448,0.4936433387738553
2016-06-16,0.0,0.0,0.0,0.0,0.0,0.0,0.5071967876337906,0.49280321236620944
2016-06-17,0.0,0.0,0.0,0.0,0.0,0.0,0.5063791409608497,0.4936208590391504
2016-06-20,0.0,0.0,0.0,0.0,0.0,0.0,0.5040025282191936,0.4959974717808064
2016-06-21,0.0,0.0,0.0,0.0,0.0,0.0,0.5030725629225947,0.4969274370774053
2016-06-22,0.0,0.0,0.0,0.0,0.0,0.0,0.5030280592944143,0.4969719407055857
2016-06-23,0.0,0.0,0.0,0.0,0.0,0.0,0.5004007394888357,0.49959926051116443
2016-06-24,0.0,0.0,0.0,0.0,0.0,0.0,0.5058449929425721,0.49415500705742793
2016-06-27,0.0,0.0,0.0,0.0,0.0,0.0,0.5109585472093253,0.4890414527906748
2016-06-28,0.0,0.0,0.0,0.0,0.0,0.0,0.510106443919428,0.489893556080572
2016-06-29,0.0,0.0,0.0,0.0,0.0,0.0,0.5082633297699668,0.4917366702300331
2016-06-30,0.0,0.0,0.0,0.0,0.0,0.0,0.5083055600228199,0.49169443997718015
2016-07-01,0.0,0.0,0.0,0.0,0.0,0.0,0.5,0.5
2016-07-05,0.0,0.0,0.0,0.0,0.0,0.0,0.5022586768918538,0.4977413231081462
2016-07-06,0.0,0.0,0.0,0.0,0.0,0.0,0.5022172953248346,0.49778270467516544
2016-07-07,0.0,0.0,0.0,0.0,0.0,0.0,0.5021592879418607,0.49784071205813935
2016-07-08,0.0,0.0,0.0,0.0,0.0,0.0,0.5026034195381518,0.49739658046184826
2016-07-11,0.0,0.0,0.0,0.0,0.0,0.0,0.5010443084180601,0.49895569158193986
2016-07-12,0.0,0.0,0.0,0.0,0.0,0.0,0.49831420296238227,0.5016857970376176
2016-07-13,0.0,0.0,0.0,0.0,0.0,0.0,0.5002729225091269,0.4997270774908731
2016-07-14,0.0,0.0,0.0,0.0,0.0,0.0,0.4972168692646715,0.5027831307353285
2016-07-15,0.0,0.0,0.0,0.0,0.0,0.0,0.4960111109780019,0.5039888890219981
2016-07-18,0.0,0.0,0.0,0.0,0.0,0.0,0.49577618786442207,0.504223812135578
2016-07-19,0.0,0.0,0.0,0.0,0.0,0.0,0.4967361635407486,0.5032638364592513
2016-07-20,0.0,0.0,0.0,0.0,0.0,0.0,0.4954470532204395,0.5045529467795604
2016-07-21,0.0,0.0,0.0,0.0,0.0,0.0,0.49566896843436054,0.5043310315656395
2016-07-22,0.0,0.0,0.0,0.0,0.0,0.0,0.4962435118764849,0.5037564881235151
2016-07-25,0.0,0.0,0.0,0.0,0.0,0.0,0.49620523202493594,0.5037947679750641
2016-07-26,0.0,0.0,0.0,0.0,0.0,0.0,0.4968447868663921,0.503155213133608
2016-07-27,0.0,0.0,0.0,0.0,0.0,0.0,0.49890560398072203,0.5010943960192781
2016-07-28,0.0,0.0,0.0,0.0,0.0,0.0,0.49868594547736295,0.501314054522637
2016-07-29,0.0,0.0,0.0,0.0,0.0,0.0,0.49985180331263,0.50014819668737
2016-08-01,0.0,0.0,0.0,0.0,0.0,0.0,0.5,0.5
2016-08-02,0.0,0.0,0.0,0.0,0.0,0.0,0.4988177220593321,0.5011822779406678
2016-08-03,0.0,0.0,0.0,0.0,0.0,0.0,0.49863536246283763,0.5013646375371623
2016-08-04,0.0,0.0,0.0,0.0,0.0,0.0,0.49944727070149697,0.500552729298503
2016-08-05,0.0,0.0,0.0,0.0,0.0,0.0,0.49785278288964646,0.5021472171103536
2016-08-08,0.0,0.0,0.0,0.0,0.0,0.0,0.498160325835326,0.501839674164674
2016-08-09,0.0,0.0,0.0,0.0,0.0,0.0,0.49914275568956923,0.5008572443104307
2016-08-10,0.0,0.0,0.0,0.0,0.0,0.0,0.49939892546463255,0.5006010745353675
2016-08-11,0.0,0.0,0.0,0.0,0.0,0.0,0.49798982790244023,0.5020101720975598
2016-08-12,0.0,0.0,0.0,0.0,0.0,0.0,0.49895298444464237,0.5010470155553576
2016-08-15,0.0,0.0,0.0,0.0,0.0,0.0,0.4973547831098154,0.5026452168901846
2016-08-16,0.0,0.0,0.0,0.0,0.0,0.0,0.4971334479318603,0.5028665520681398
2016-08-17,0.0,0.0,0.0,0.0,0.0,0.0,0.4979392134019474,0.5020607865980525
2016-08-18,0.0,0.0,0.0,0.0,0.0,0.0,0.49772748756796337,0.5022725124320366
2016-08-19,0.0,0.0,0.0,0.0,0.0,0.0,0.49716351508675855,0.5028364849132414
2016-08-22,0.0,0.0,0.0,0.0,0.0,0.0,0.4984139527863843,0.5015860472136157
2016-08-23,0.0,0.0,0.0,0.0,0.0,0.0,0.4983994566103383,0.5016005433896616
2016-08-24,0.0,0.0,0.0,0.0,0.0,0.0,0.49797116031938304,0.502028839680617
2016-08-25,0.0,0.0,0.0,0.0,0.0,0.0,0.4972631036915928,0.5027368963084072
2016-08-26,0.0,0.0,0.0,0.0,0.0,0.0,0.4965927348758188,0.5034072651241812
2016-08-29,0.0,0.0,0.0,0.0,0.0,0.0,0.49849908121629366,0.5015009187837063
2016-08-30,0.0,0.0,0.0,0.0,0.0,0.0,0.4978569585398568,0.5021430414601433
2016-08-31,0.0,0.0,0.0,0.0,0.0,0.0,0.49831535964991247,0.5016846403500875
2016-09-01,0.0,0.0,0.0,0.0,0.0,0.0,0.5,0.5
2016-09-02,0.0,0.0,0.0,0.0,0.0,0.0,0.49839807644082773,0.5016019235591723
2016-09-06,0.0,0.0,0.0,0.0,0.0,0.0,0.4993429610938923,0.5006570389061077
2016-09-07,0.0,0.0,0.0,0.0,0.0,0.0,0.4995075385021354,0.5004924614978646
2016-09-08,0.0,0.0,0.0,0.0,0.0,0.0,0.498118043013007,0.501881956986993
2016-09-09,0.0,0.0,0.0,0.0,0.0,0.0,0.49584629255929674,0.5041537074407033
2016-09-12,0.0,0.0,0.0,0.0,0.0,0.0,0.49595475270264805,0.5040452472973519
2016-09-13,0.0,0.0,0.0,0.0,0.0,0.0,0.4939214253479083,0.5060785746520917
2016-09-14,0.0,0.0,0.0,0.0,0.0,0.0,0.4941294015146278,0.5058705984853722
2016-09-15,0.0,0.0,0.0,0.0,0.0,0.0,0.4928828318442894,0.5071171681557106
2016-09-16,0.0,0.0,0.0,0.0,0.0,0.0,0.49460653552325273,0.5053934644767473
2016-09-19,0.0,0.0,0.0,0.0,0.0,0.0,0.49387132019344804,0.5061286798065519
2016-09-20,0.0,0.0,0.0,0.0,0.0,0.0,0.4944159813771497,0.5055840186228503
2016-09-21,0.0,0.0,0.0,0.0,0.0,0.0,0.4951606861243292,0.5048393138756709
2016-09-22,0.0,0.0,0.0,0.0,0.0,0.0,0.4961213396172481,0.503878660382752
2016-09-23,0.0,0.0,0.0,0.0,0.0,0.0,0.4960670827416324,0.5039329172583675
2016-09-26,0.0,0.0,0.0,0.0,0.0,0.0,0.4972652111969033,0.5027347888030967
2016-09-27,0.0,0.0,0.0,0.0,0.0,0.0,0.49848365278135653,0.5015163472186435
2016-09-28,0.0,0.0,0.0,0.0,0.0,0.0,0.49778030869011025,0.5022196913098897
2016-09-29,0.0,0.0,0.0,0.0,0.0,0.0,0.4985131849906381,0.5014868150093619
2016-09-30,0.0,0.0,0.0,0.0,0.0,0.0,0.49671499176078876,0.5032850082392112
2016-10-03,0.0,0.0,0.0,0.0,0.0,0.0,0.5,0.5
2016-10-04,0.0,0.0,0.0,0.0,0.0,0.0,0.4982251776830064,0.5017748223169936
2016-10-05,0.0,0.0,0.0,0.0,0.0,0.0,0.49732407309777565,0.5026759269022243
2016-10-06,0.0,0.0,0.0,0.0,0.0,0.0,0.49590648084592204,0.504093519154078
2016-10-07,0.0,0.0,0.0,0.0,0.0,0.0,0.49548008310927283,0.5045199168907272
2016-10-10,0.0,0.0,0.0,0.0,0.0,0.0,0.49400107383945596,0.5059989261605441
2016-10-11,0.0,0.0,0.0,0.0,0.0,0.0,0.4942164215035128,0.5057835784964871
2016-10-12,0.0,0.0,0.0,0.0,0.0,0.0,0.49413264573110754,0.5058673542688924
2016-10-13,0.0,0.0,0.0,0.0,0.0,0.0,0.4944564228369924,0.5055435771630076
2016-10-14,0.0,0.0,0.0,0.0,0.0,0.0,0.49209794980225524,0.5079020501977448
2016-10-17,0.0,0.0,0.0,0.0,0.0,0.0,0.4928677574505248,0.5071322425494751
2016-10-18,0.0,0.0,0.0,0.0,0.0,0.0,0.49306421667518296,0.5069357833248171
2016-10-19,0.0,0.0,0.0,0.0,0.0,0.0,0.49294429409543783,0.5070557059045622
2016-10-20,0.0,0.0,0.0,0.0,0.0,0.0,0.4932890887362878,0.5067109112637121
2016-10-21,0.0,0.0,0.0,0.0,0.0,0.0,0.4935213435859067,0.5064786564140933
2016-10-24,0.0,0.0,0.0,0.0,0.0,0.0,0.4931466741133951,0.506853325886605
2016-10-25,0.0,0.0,0.0,0.0,0.0,0.0,0.49398927284892186,0.5060107271510781
2016-10-26,0.0,0.0,0.0,0.0,0.0,0.0,0.4933394234272203,0.5066605765727796
2016-10-27,0.0,0.0,0.0,0.0,0.0,0.0,0.49173504331121537,0.5082649566887847
2016-10-28,0.0,0.0,0.0,0.0,0.0,0.0,0.49146950187432814,0.5085304981256719
2016-10-31,0.0,0.0,0.0,0.0,0.0,0.0,0.49277011194078957,0.5072298880592105
2016-11-01,0.0,0.0,0.0,0.0,0.0,0.0,0.5,0.5
2016-11-02,0.0,0.0,0.0,0.0,0.0,0.0,0.5007124069548714,0.4992875930451287
2016-11-03,0.0,0.0,0.0,0.0,0.0,0.0,0.4992836270715184,0.5007163729284816
2016-11-04,0.0,0.0,0.0,0.0,0.0,0.0,0.5007676148950752,0.49923238510492485
2016-11-07,0.0,0.0,0.0,0.0,0.0,0.0,0.498798689004132,0.501201310995868
2016-11-08,0.0,0.0,0.0,0.0,0.0,0.0,0.4983419498811394,0.5016580501188606
2016-11-09,0.0,0.0,0.0,0.0,0.0,0.0,0.49120394239660614,0.5087960576033939
2016-11-10,0.0,0.0,0.0,0.0,0.0,0.0,0.48769620030433014,0.5123037996956699
2016-11-11,0.0,0.0,0.0,0.0,0.0,0.0,0.487364163430878,0.5126358365691219
2016-11-14,0.0,0.0,0.0,0.0,0.0,0.0,0.48715913680824885,0.5128408631917513
2016-11-15,0.0,0.0,0.0,0.0,0.0,0.0,0.4876273609793817,0.5123726390206182
2016-11-16,0.0,0.0,0.0,0.0,0.0,0.0,0.48951167330728695,0.510488326692713
2016-11-17,0.0,0.0,0.0,0.0,0.0,0.0,0.487400905007106,0.512599094992894
2016-11-18,0.0,0.0,0.0,0.0,0.0,0.0,0.48808873390445423,0.5119112660955457
2016-11-21,0.0,0.0,0.0,0.0,0.0,0.0,0.4884512165823009,0.5115487834176992
2016-11-22,0.0,0.0,0.0,0.0,0.0,0.0,0.4877273143339256,0.5122726856660745
2016-11-23,0.0,0.0,0.0,0.0,0.0,0.0,0.48767576096570037,0.5123242390342997
2016-11-25,0.0,0.0,0.0,0.0,0.0,0.0,0.4880266652463319,0.5119733347536681
2016-11-28,0.0,0.0,0.0,0.0,0.0,0.0,0.4887272031943867,0.5112727968056134
2016-11-29,0.0,0.0,0.0,0.0,0.0,0.0,0.4894310560925743,0.5105689439074257
2016-11-30,0.0,0.0,0.0,0.0,0.0,0.0,0.4862894883308122,0.5137105116691877
2016-12-01,0.0,0.0,0.0,0.0,0.0,0.0,0.5,0.5
2016-12-02,0.0,0.0,0.0,0.0,0.0,0.0,0.5006844732219433,0.49931552677805674
2016-12-05,0.0,0.0,0.0,0.0,0.0,0.0,0.49987638038667914,0.5001236196133209
2016-12-06,0.0,0.0,0.0,0.0,0.0,0.0,0.4997091746795573,0.5002908253204428
2016-12-07,0.0,0.0,0.0,0.0,0.0,0.0,0.5007882077422607,0.4992117922577393
2016-12-08,0.0,0.0,0.0,0.0,0.0,0.0,0.49884890787323516,0.5011510921267648
2016-12-09,0.0,0.0,0.0,0.0,0.0,0.0,0.49668584757958856,0.5033141524204113
2016-12-12,0.0,0.0,0.0,0.0,0.0,0.0,0.4973901948056503,0.5026098051943497
2016-12-13,0.0,0.0,0.0,0.0,0.0,0.0,0.49772124916908433,0.5022787508309156
2016-12-14,0.0,0.0,0.0,0.0,0.0,0.0,0.4965074238124412,0.5034925761875589
2016-12-15,0.0,0.0,0.0,0.0,0.0,0.0,0.49759403292632776,0.5024059670736722
2016-12-16,0.0,0.0,0.0,0.0,0.0,0.0,0.49721280929067485,0.5027871907093251
2016-12-19,0.0,0.0,0.0,0.0,0.0,0.0,0.4986794724359257,0.5013205275640743
2016-12-20,0.0,0.0,0.0,0.0,0.0,0.0,0.4975812093256107,0.5024187906743893
2016-12-21,0.0,0.0,0.0,0.0,0.0,0.0,0.49788694774686515,0.5021130522531349
2016-12-22,0.0,0.0,0.0,0.0,0.0,0.0,0.4974221318397674,0.5025778681602325
2016-12-23,0.0,0.0,0.0,0.0,0.0,0.0,0.4975439543475444,0.5024560456524556
2016-12-27,0.0,0.0,0.0,0.0,0.0,0.0,0.4971894436984313,0.5028105563015686
2016-12-28,0.0,0.0,0.0,0.0,0.0,0.0,0.49808604482208185,0.5019139551779181
2016-12-29,0.0,0.0,0.0,0.0,0.0,0.0,0.49800694699247433,0.5019930530075257
2016-12-30,0.0,0.0,0.0,0.0,0.0,0.0,0.4980005472594336,0.5019994527405663
2017-01-03,0.0,0.0,0.0,0.0,0.0,0.0,0.5,0.5
2017-01-04,0.0,0.0,0.0,0.0,0.0,0.0,0.5001079535280082,0.4998920464719917
2017-01-05,0.0,0.0,0.0,0.0,0.0,0.0,0.5026563120316866,0.49734368796831335
2017-01-06,0.0,0.0,0.0,0.0,0.0,0.0,0.5016637325714914,0.49833626742850856
2017-01-09,0.0,0.0,0.0,0.0,0.0,0.0,0.5031741673939203,0.4968258326060797
2017-01-10,0.0,0.0,0.0,0.0,0.0,0.0,0.5031583492880063,0.4968416507119938
2017-01-11,0.0,0.0,0.0,0.0,0.0,0.0,0.5036173062324086,0.4963826937675913
2017-01-12,0.0,0.0,0.0,0.0,0.0,0.0,0.5030853279826121,0.49691467201738804
2017-01-13,0.0,0.0,0.0,0.0,0.0,0.0,0.5024016823759636,0.4975983176240364
2017-01-17,0.0,0.0,0.0,0.0,0.0,0.0,0.5039251352354496,0.49607486476455037
2017-01-18,0.0,0.0,0.0,0.0,0.0,0.0,0.5023565246111742,0.49764347538882586
2017-01-19,0.0,0.0,0.0,0.0,0.0,0.0,0.501488288133978,0.49851171186602194
2017-01-20,0.0,0.0,0.0,0.0,0.0,0.0,0.5005407864490372,0.49945921355096273
2017-01-23,0.0,0.0,0.0,0.0,0.0,0.0,0.5018814490032152,0.49811855099678487
2017-01-24,0.0,0.0,0.0,0.0,0.0,0.0,0.5009062158214177,0.49909378417858224
2017-01-25,0.0,0.0,0.0,0.0,0.0,0.0,0.49870780166005557,0.5012921983399444
2017-01-26,0.0,0.0,0.0,0.0,0.0,0.0,0.49924927200184466,0.5007507279981553
2017-01-27,0.0,0.0,0.0,0.0,0.0,0.0,0.49985082489450255,0.5001491751054975
2017-01-30,0.0,0.0,0.0,0.0,0.0,0.0,0.4995239729012929,0.500476027098707
2017-01-31,0.0,0.0,0.0,0.0,0.0,0.0,0.50080991879963,0.4991900812003701
2017-02-01,0.5,0.0,0.0,0.0,0.0,0.0,0.0,0.5
2017-02-02,0.5001005818526856,0.0,0.0,0.0,0.0,0.0,0.0,0.4998994181473144
2017-02-03,0.5015400118030476,0.0,0.0,0.0,0.0,0.0,0.0,0.4984599881969524
2017-02-06,0.500303781837476,0.0,0.0,0.0,0.0,0.0,0.0,0.49969621816252396
2017-02-07,0.49988915569590886,0.0,0.0,0.0,0.0,0.0,0.0,0.5001108443040911
2017-02-08,0.49934668118980197,0.0,0.0,0.0,0.0,0.0,0.0,0.5006533188101979
2017-02-09,0.5018228642912336,0.0,0.0,0.0,0.0,0.0,0.0,0.49817713570876637
2017-02-10,0.502871223903643,0.0,0.0,0.0,0.0,0.0,0.0,0.497128776096357
2017-02-13,0.5043345903925509,0.0,0.0,0.0,0.0,0.0,0.0,0.49566540960744915
2017-02-14,0.5059277036138636,0.0,0.0,0.0,0.0,0.0,0.0,0.49407229638613637
2017-02-15,0.5074211762481697,0.0,0.0,0.0,0.0,0.0,0.0,0.4925788237518302
2017-02-16,0.5065050441637243,0.0,0.0,0.0,0.0,0.0,0.0,0.4934949558362757
2017-02-17,0.5062610430738718,0.0,0.0,0.0,0.0,0.0,0.0,0.4937389569261282
2017-02-21,0.5076390310233974,0.0,0.0,0.0,0.0,0.0,0.0,0.4923609689766027
2017-02-22,0.5072260748884857,0.0,0.0,0.0,0.0,0.0,0.0,0.4927739251115143
2017-02-23,0.5067599386911782,0.0,0.0,0.0,0.0,0.0,0.0,0.4932400613088217
2017-02-24,0.5058110368912516,0.0,0.0,0.0,0.0,0.0,0.0,0.4941889631087484
2017-02-27,0.5067914209022705,0.0,0.0,0.0,0.0,0.0,0.0,0.4932085790977295
2017-02-28,0.5059470830022457,0.0,0.0,0.0,0.0,0.0,0.0,0.4940529169977543
2017-03-01,0.5,0.0,0.0,0.0,0.0,0.0,0.0,0.5
2017-03-02,0.49880392193770323,0.0,0.0,0.0,0.0,0.0,0.0,0.5011960780622967
2017-03-03,0.49870556674297806,0.0,0.0,0.0,0.0,0.0,0.0,0.5012944332570219
2017-03-06,0.4984072357700937,0.0,0.0,0.0,0.0,0.0,0.0,0.5015927642299064
2017-03-07,0.49889883935123436,0.0,0.0,0.0,0.0,0.0,0.0,0.5011011606487656
2017-03-08,0.4992064450712254,0.0,0.0,0.0,0.0,0.0,0.0,0.5007935549287745
2017-03-09,0.5008807212787222,0.0,0.0,0.0,0.0,0.0,0.0,0.49911927872127776
2017-03-10,0.5011294452657039,0.0,0.0,0.0,0.0,0.0,0.0,0.4988705547342961
2017-03-13,0.5020975058424776,0.0,0.0,0.0,0.0,0.0,0.0,0.4979024941575224
2017-03-14,0.5009229198709579,0.0,0.0,0.0,0.0,0.0,0.0,0.49907708012904206
2017-03-15,0.5009257019511443,0.0,0.0,0.0,0.0,0.0,0.0,0.49907429804885584
2017-03-16,0.5007980888855361,0.0,0.0,0.0,0.0,0.0,0.0,0.4992019111144639
2017-03-17,0.499780153318615,0.0,0.0,0.0,0.0,0.0,0.0,0.5002198466813851
2017-03-20,0.4989285595199433,0.0,0.0,0.0,0.0,0.0,0.0,0.5010714404800566
2017-03-21,0.4950797681766076,0.0,0.0,0.0,0.0,0.0,0.0,0.5049202318233924
2017-03-22,0.4950290421914178,0.0,0.0,0.0,0.0,0.0,0.0,0.5049709578085823
2017-03-23,0.4949321326457074,0.0,0.0,0.0,0.0,0.0,0.0,0.5050678673542925
2017-03-24,0.49449560480662896,0.0,0.0,0.0,0.0,0.0,0.0,0.505504395193371
2017-03-27,0.49370870018733604,0.0,0.0,0.0,0.0,0.0,0.0,0.506291299812664
2017-03-28,0.4960513819254364,0.0,0.0,0.0,0.0,0.0,0.0,0.5039486180745635
2017-03-29,0.49547943071731115,0.0,0.0,0.0,0.0,0.0,0.0,0.504520569282689
2017-03-30,0.4969311410288477,0.0,0.0,0.0,0.0,0.0,0.0,0.5030688589711524
2017-03-31,0.4960939941686659,0.0,0.0,0.0,0.0,0.0,0.0,0.5039060058313342
2017-04-03,0.5,0.0,0.0,0.0,0.0,0.0,0.0,0.5
2017-04-04,0.5008163435206651,0.0,0.0,0.0,0.0,0.0,0.0,0.4991836564793348
2017-04-05,0.4997538001244938,0.0,0.0,0.0,0.0,0.0,0.0,0.5002461998755062
2017-04-06,0.5002227173142599,0.0,0.0,0.0,0.0,0.0,0.0,0.49977728268574007
2017-04-07,0.5005824987250297,0.0,0.0,0.0,0.0,0.0,0.0,0.4994175012749703
2017-04-10,0.5002647028344318,0.0,0.0,0.0,0.0,0.0,0.0,0.49973529716556825
2017-04-11,0.49880456437906184,0.0,0.0,0.0,0.0,0.0,0.0,0.5011954356209382
2017-04-12,0.4968855746172904,0.0,0.0,0.0,0.0,0.0,0.0,0.5031144253827097
2017-04-13,0.4948366784525007,0.0,0.0,0.0,0.0,0.0,0.0,0.5051633215474993
2017-04-17,0.49752488447727544,0.0,0.0,0.0,0.0,0.0,0.0,0.5024751155227246
2017-04-18,0.4953104316286435,0.0,0.0,0.0,0.0,0.0,0.0,0.5046895683713566
2017-04-19,0.4956039639878527,0.0,0.0,0.0,0.0,0.0,0.0,0.5043960360121473
2017-04-20,0.4979871086342655,0.0,0.0,0.0,0.0,0.0,0.0,0.5020128913657345
2017-04-21,0.497189129547154,0.0,0.0,0.0,0.0,0.0,0.0,0.5028108704528461
2017-04-24,0.500259515843529,0.0,0.0,0.0,0.0,0.0,0.0,0.49974048415647093
2017-04-25,0.5027000382434248,0.0,0.0,0.0,0.0,0.0,0.0,0.49729996175657515
2017-04-26,0.5019314981457783,0.0,0.0,0.0,0.0,0.0,0.0,0.4980685018542216
2017-04-27,0.5019096837203438,0.0,0.0,0.0,0.0,0.0,0.0,0.49809031627965616
2017-04-28,0.5010698855812517,0.0,0.0,0.0,0.0,0.0,0.0,0.4989301144187484
2017-05-01,0.5,0.0,0.0,0.0,0.0,0.0,0.0,0.5
2017-05-02,0.49935591168466975,0.0,0.0,0.0,0.0,0.0,0.0,0.5006440883153301
2017-05-03,0.49917839934536,0.0,0.0,0.0,0.0,0.0,0.0,0.5008216006546401
2017-05-04,0.4999570666327354,0.0,0.0,0.0,0.0,0.0,0.0,0.5000429333672646
2017-05-05,0.500854960316951,0.0,0.0,0.0,0.0,0.0,0.0,0.49914503968304896
2017-05-08,0.5012570114282008,0.0,0.0,0.0,0.0,0.0,0.0,0.4987429885717993
2017-05-09,0.5009850456055104,0.0,0.0,0.0,0.0,0.0,0.0,0.49901495439448956
2017-05-10,0.5010955466696171,0.0,0.0,0.0,0.0,0.0,0.0,0.49890445333038286
2017-05-11,0.5004576789796287,0.0,0.0,0.0,0.0,0.0,0.0,0.49954232102037127
2017-05-12,0.49877621172584635,0.0,0.0,0.0,0.0,0.0,0.0,0.5012237882741537
2017-05-15,0.5001742255744773,0.0,0.0,0.0,0.0,0.0,0.0,0.4998257744255226
2017-05-16,0.49958849335752403,0.0,0.0,0.0,0.0,0.0,0.0,0.500411506642476
2017-05-17,0.4935864723421087,0.0,0.0,0.0,0.0,0.0,0.0,0.5064135276578913
2017-05-18,0.49463305326221685,0.0,0.0,0.0,0.0,0.0,0.0,0.5053669467377832
2017-05-19,0.49610793008983817,0.0,0.0,0.0,0.0,0.0,0.0,0.5038920699101618
2017-05-22,0.4975823032079781,0.0,0.0,0.0,0.0,0.0,0.0,0.5024176967920219
2017-05-23,0.49890778079471865,0.0,0.0,0.0,0.0,0.0,0.0,0.5010922192052814
2017-05-24,0.49909308232439337,0.0,0.0,0.0,0.0,0.0,0.0,0.5009069176756066
2017-05-25,0.5001808784896641,0.0,0.0,0.0,0.0,0.0,0.0,0.49981912151033603
2017-05-26,0.49994130207239224,0.0,0.0,0.0,0.0,0.0,0.0,0.5000586979276077
2017-05-30,0.4991404212480297,0.0,0.0,0.0,0.0,0.0,0.0,0.5008595787519704
2017-05-31,0.49878716206808726,0.0,0.0,0.0,0.0,0.0,0.0,0.5012128379319127
2017-06-01,0.5,0.0,0.0,0.0,0.0,0.0,0.0,0.5
2017-06-02,0.4996664301263115,0.0,0.0,0.0,0.0,0.0,0.0,0.5003335698736884
2017-06-05,0.5001881690504649,0.0,0.0,0.0,0.0,0.0,0.0,0.49981183094953513
2017-06-06,0.4986608617298013,0.0,0.0,0.0,0.0,0.0,0.0,0.5013391382701987
2017-06-07,0.4994341441414249,0.0,0.0,0.0,0.0,0.0,0.0,0.5005658558585752
2017-06-08,0.49999389577798803,0.0,0.0,0.0,0.0,0.0,0.0,0.5000061042220119
2017-06-09,0.4998638261402282,0.0,0.0,0.0,0.0,0.0,0.0,0.5001361738597718
2017-06-12,0.49975009248181174,0.0,0.0,0.0,0.0,0.0,0.0,0.5002499075181882
2017-06-13,0.5006990183821676,0.0,0.0,0.0,0.0,0.0,0.0,0.49930098161783243
2017-06-14,0.4986823169625409,0.0,0.0,0.0,0.0,0.0,0.0,0.501317683037459
2017-06-15,0.4988005019117567,0.0,0.0,0.0,0.0,0.0,0.0,0.5011994980882433
2017-06-16,0.49864831390962994,0.0,0.0,0.0,0.0,0.0,0.0,0.5013516860903701
2017-06-19,0.5010314664617926,0.0,0.0,0.0,0.0,0.0,0.0,0.49896853353820736
2017-06-20,0.49878106513428994,0.0,0.0,0.0,0.0,0.0,0.0,0.50121893486571
2017-06-21,0.4985952784086962,0.0,0.0,0.0,0.0,0.0,0.0,0.5014047215913038
2017-06-22,0.498275591352637,0.0,0.0,0.0,0.0,0.0,0.0,0.501724408647363
2017-06-23,0.49845015551218863,0.0,0.0,0.0,0.0,0.0,0.0,0.5015498444878115
2017-06-26,0.49816116953670797,0.0,0.0,0.0,0.0,0.0,0.0,0.501838830463292
2017-06-27,0.49727399569254416,0.0,0.0,0.0,0.0,0.0,0.0,0.5027260043074558
2017-06-28,0.4992330278023523,0.0,0.0,0.0,0.0,0.0,0.0,0.5007669721976478
2017-06-29,0.4977917752894929,0.0,0.0,0.0,0.0,0.0,0.0,0.502208224710507
2017-06-30,0.4984646605294184,0.0,0.0,0.0,0.0,0.0,0.0,0.5015353394705816
2017-07-03,0.5,0.0,0.0,0.0,0.0,0.0,0.0,0.5
2017-07-05,0.5001608098985952,0.0,0.0,0.0,0.0,0.0,0.0,0.4998391901014048
2017-07-06,0.49851015827671064,0.0,0.0,0.0,0.0,0.0,0.0,0.5014898417232894
2017-07-07,0.5003348665623533,0.0,0.0,0.0,0.0,0.0,0.0,0.49966513343764674
2017-07-10,0.500185892543215,0.0,0.0,0.0,0.0,0.0,0.0,0.499814107456785
2017-07-11,0.49989593017527384,0.0,0.0,0.0,0.0,0.0,0.0,0.5001040698247261
2017-07-12,0.5006656214799946,0.0,0.0,0.0,0.0,0.0,0.0,0.49933437852000545
2017-07-13,0.5015213842423513,0.0,0.0,0.0,0.0,0.0,0.0,0.4984786157576487
2017-07-14,0.502103555068861,0.0,0.0,0.0,0.0,0.0,0.0,0.4978964449311391
2017-07-17,0.5018449069393385,0.0,0.0,0.0,0.0,0.0,0.0,0.49815509306066147
2017-07-18,0.5009024058975406,0.0,0.0,0.0,0.0,0.0,0.0,0.49909759410245935
2017-07-19,0.5023348008382671,0.0,0.0,0.0,0.0,0.0,0.0,0.49766519916173285
2017-07-20,0.5022192973043635,0.0,0.0,0.0,0.0,0.0,0.0,0.49778070269563657
2017-07-21,0.5014198470603091,0.0,0.0,0.0,0.0,0.0,0.0,0.49858015293969105
2017-07-24,0.5016472066360557,0.0,0.0,0.0,0.0,0.0,0.0,0.4983527933639443
2017-07-25,0.503741335764184,0.0,0.0,0.0,0.0,0.0,0.0,0.49625866423581605
2017-07-26,0.5029242530243716,0.0,0.0,0.0,0.0,0.0,0.0,0.49707574697562834
2017-07-27,0.5033118198267841,0.0,0.0,0.0,0.0,0.0,0.0,0.496688180173216
2017-07-28,0.5023568956485657,0.0,0.0,0.0,0.0,0.0,0.0,0.4976431043514344
2017-07-31,0.5022150977325852,0.0,0.0,0.0,0.0,0.0,0.0,0.4977849022674147
2017-08-01,0.5,0.0,0.0,0.0,0.0,0.0,0.0,0.5
2017-08-02,0.5005135149664741,0.0,0.0,0.0,0.0,0.0,0.0,0.49948648503352594
2017-08-03,0.499677078516123,0.0,0.0,0.0,0.0,0.0,0.0,0.500322921483877
2017-08-04,0.5011034292472005,0.0,0.0,0.0,0.0,0.0,0.0,0.4988965707527995
2017-08-07,0.5015058084433721,0.0,0.0,0.0,0.0,0.0,0.0,0.49849419155662794
2017-08-08,0.5020932715646181,0.0,0.0,0.0,0.0,0.0,0.0,0.49790672843538186
2017-08-09,0.5018336942144022,0.0,0.0,0.0,0.0,0.0,0.0,0.4981663057855979
2017-08-10,0.49836285021075377,0.0,0.0,0.0,0.0,0.0,0.0,0.5016371497892463
2017-08-11,0.4982749508258179,0.0,0.0,0.0,0.0,0.0,0.0,0.501725049174182
2017-08-14,0.5009070840937504,0.0,0.0,0.0,0.0,0.0,0.0,0.4990929159062496
2017-08-15,0.5011674587902717,0.0,0.0,0.0,0.0,0.0,0.0,0.4988325412097283
2017-08-16,0.5008974142786912,0.0,0.0,0.0,0.0,0.0,0.0,0.49910258572130883
2017-08-17,0.4967205326862161,0.0,0.0,0.0,0.0,0.0,0.0,0.5032794673137839
2017-08-18,0.49649522042697747,0.0,0.0,0.0,0.0,0.0,0.0,0.5035047795730225
2017-08-21,0.4963387540268984,0.0,0.0,0.0,0.0,0.0,0.0,0.5036612459731016
2017-08-22,0.49918772855312943,0.0,0.0,0.0,0.0,0.0,0.0,0.5008122714468706
2017-08-23,0.4973388728022749,0.0,0.0,0.0,0.0,0.0,0.0,0.5026611271977252
2017-08-24,0.4972305404327522,0.0,0.0,0.0,0.0,0.0,0.0,0.5027694595672477
2017-08-25,0.49723570147486856,0.0,0.0,0.0,0.0,0.0,0.0,0.5027642985251315
2017-08-28,0.4972459021696249,0.0,0.0,0.0,0.0,0.0,0.0,0.5027540978303752
2017-08-29,0.4973464814920819,0.0,0.0,0.0,0.0,0.0,0.0,0.5026535185079182
2017-08-30,0.49832205071228713,0.0,0.0,0.0,0.0,0.0,0.0,0.5016779492877129
2017-08-31,0.4993893316294547,0.0,0.0,0.0,0.0,0.0,0.0,0.5006106683705454
2017-09-01,0.5,0.0,0.0,0.0,0.0,0.0,0.0,0.5
2017-09-05,0.4966508804827219,0.0,0.0,0.0,0.0,0.0,0.0,0.5033491195172782
2017-09-06,0.4983887274676136,0.0,0.0,0.0,0.0,0.0,0.0,0.5016112725323864
2017-09-07,0.49739025052084707,0.0,0.0,0.0,0.0,0.0,0.0,0.502609749479153
2017-09-08,0.4978377161467723,0.0,0.0,0.0,0.0,0.0,0.0,0.5021622838532277
2017-09-11,0.5012539566442119,0.0,0.0,0.0,0.0,0.0,0.0,0.4987460433557881
2017-09-12,0.5023643767000456,0.0,0.0,0.0,0.0,0.0,0.0,0.49763562329995426
2017-09-13,0.5027328514146429,0.0,0.0,0.0,0.0,0.0,0.0,0.4972671485853572
2017-09-14,0.502031847763613,0.0,0.0,0.0,0.0,0.0,0.0,0.4979681522363871
2017-09-15,0.5021615562133833,0.0,0.0,0.0,0.0,0.0,0.0,0.49783844378661674
2017-09-18,0.5029407202308419,0.0,0.0,0.0,0.0,0.0,0.0,0.49705927976915815
2017-09-19,0.5030461598318838,0.0,0.0,0.0,0.0,0.0,0.0,0.49695384016811606
2017-09-20,0.5034461121542395,0.0,0.0,0.0,0.0,0.0,0.0,0.4965538878457605
2017-09-21,0.5027754344081642,0.0,0.0,0.0,0.0,0.0,0.0,0.4972245655918358
2017-09-22,0.5024948723392577,0.0,0.0,0.0,0.0,0.0,0.0,0.49750512766074234
2017-09-25,0.5010550739853294,0.0,0.0,0.0,0.0,0.0,0.0,0.49894492601467066
2017-09-26,0.5012467885594085,0.0,0.0,0.0,0.0,0.0,0.0,0.49875321144059154
2017-09-27,0.503188084678914,0.0,0.0,0.0,0.0,0.0,0.0,0.49681191532108593
2017-09-28,0.503116031049604,0.0,0.0,0.0,0.0,0.0,0.0,0.49688396895039605
2017-09-29,0.5037662482670399,0.0,0.0,0.0,0.0,0.0,0.0,0.49623375173296014
2017-10-02,0.5,0.0,0.0,0.0,0.0,0.0,0.0,0.5
2017-10-03,0.4999772771364437,0.0,0.0,0.0,0.0,0.0,0.0,0.5000227228635563
2017-10-04,0.500418045580373,0.0,0.0,0.0,0.0,0.0,0.0,0.49958195441962705
2017-10-05,0.5022456760525087,0.0,0.0,0.0,0.0,0.0,0.0,0.49775432394749125
2017-10-06,0.502167369970311,0.0,0.0,0.0,0.0,0.0,0.0,0.497832630029689
2017-10-09,0.5015477731786283,0.0,0.0,0.0,0.0,0.0,0.0,0.4984522268213717
2017-10-10,0.5020413232930518,0.0,0.0,0.0,0.0,0.0,0.0,0.4979586767069481
2017-10-11,0.5025575237046032,0.0,0.0,0.0,0.0,0.0,0.0,0.49744247629539684
2017-10-12,0.5021229325830328,0.0,0.0,0.0,0.0,0.0,0.0,0.4978770674169673
2017-10-13,0.5014381086923336,0.0,0.0,0.0,0.0,0.0,0.0,0.49856189130766637
2017-10-16,0.5021210710952032,0.0,0.0,0.0,0.0,0.0,0.0,0.4978789289047968
2017-10-17,0.5023384893074254,0.0,0.0,0.0,0.0,0.0,0.0,0.4976615106925747
2017-10-18,0.5029538012029383,0.0,0.0,0.0,0.0,0.0,0.0,0.49704619879706163
2017-10-19,0.5026514513194622,0.0,0.0,0.0,0.0,0.0,0.0,0.49734854868053785
2017-10-20,0.5046186323173557,0.0,0.0,0.0,0.0,0.0,0.0,0.49538136768264424
2017-10-23,0.503396768316615,0.0,0.0,0.0,0.0,0.0,0.0,0.4966032316833851
2017-10-24,0.5044552740972115,0.0,0.0,0.0,0.0,0.0,0.0,0.49554472590278853
2017-10-25,0.5038774213818522,0.0,0.0,0.0,0.0,0.0,0.0,0.49612257861814774
2017-10-26,0.5042209423230007,0.0,0.0,0.0,0.0,0.0,0.0,0.49577905767699926
2017-10-27,0.5055112835691582,0.0,0.0,0.0,0.0,0.0,0.0,0.4944887164308418
2017-10-30,0.503752650275148,0.0,0.0,0.0,0.0,0.0,0.0,0.49624734972485207
2017-10-31,0.5044924804999035,0.0,0.0,0.0,0.0,0.0,0.0,0.4955075195000965
2017-11-01,0.5,0.0,0.0,0.0,0.0,0.0,0.0,0.5
2017-11-02,0.5001383866282285,0.0,0.0,0.0,0.0,0.0,0.0,0.49986161337177143
2017-11-03,0.5006825397034099,0.0,0.0,0.0,0.0,0.0,0.0,0.49931746029659013
2017-11-06,0.5010072540316856,0.0,0.0,0.0,0.0,0.0,0.0,0.4989927459683145
2017-11-07,0.5010397575311123,0.0,0.0,0.0,0.0,0.0,0.0,0.4989602424688877
2017-11-08,0.5017953104494941,0.0,0.0,0.0,0.0,0.0,0.0,0.4982046895505059
2017-11-09,0.5015492125883196,0.0,0.0,0.0,0.0,0.0,0.0,0.4984507874116804
2017-11-10,0.5029065254673055,0.0,0.0,0.0,0.0,0.0,0.0,0.4970934745326946
2017-11-13,0.5030970778116223,0.0,0.0,0.0,0.0,0.0,0.0,0.4969029221883777
2017-11-14,0.5024532922219742,0.0,0.0,0.0,0.0,0.0,0.0,0.4975467077780258
2017-11-15,0.5001381851488592,0.0,0.0,0.0,0.0,0.0,0.0,0.4998618148511408
2017-11-16,0.5025450086591013,0.0,0.0,0.0,0.0,0.0,0.0,0.49745499134089866
2017-11-17,0.5014978682072294,0.0,0.0,0.0,0.0,0.0,0.0,0.4985021317927706
2017-11-20,0.5019240881547019,0.0,0.0,0.0,0.0,0.0,0.0,0.49807591184529815
2017-11-21,0.5027255251498175,0.0,0.0,0.0,0.0,0.0,0.0,0.49727447485018256
2017-11-22,0.5015339733166843,0.0,0.0,0.0,0.0,0.0,0.0,0.49846602668331563
2017-11-24,0.502399411990678,0.0,0.0,0.0,0.0,0.0,0.0,0.49760058800932205
2017-11-27,0.5024190439461399,0.0,0.0,0.0,0.0,0.0,0.0,0.49758095605386005
2017-11-28,0.5045917441978143,0.0,0.0,0.0,0.0,0.0,0.0,0.49540825580218584
2017-11-29,0.5054308310399156,0.0,0.0,0.0,0.0,0.0,0.0,0.4945691689600844
2017-11-30,0.50789939997376,0.0,0.0,0.0,0.0,0.0,0.0,0.49210060002624
2017-12-01,0.5,0.0,0.0,0.0,0.0,0.0,0.0,0.5
2017-12-04,0.49930415820580776,0.0,0.0,0.0,0.0,0.0,0.0,0.5006958417941922
2017-12-05,0.497928124713673,0.0,0.0,0.0,0.0,0.0,0.0,0.502071875286327
2017-12-06,0.49750159039478825,0.0,0.0,0.0,0.0,0.0,0.0,0.5024984096052117
2017-12-07,0.4987833677974065,0.0,0.0,0.0,0.0,0.0,0.0,0.5012166322025935
2017-12-08,0.5004526345042358,0.0,0.0,0.0,0.0,0.0,0.0,0.49954736549576423
2017-12-11,0.5010188740686186,0.0,0.0,0.0,0.0,0.0,0.0,0.4989811259313814
2017-12-12,0.5016456565764945,0.0,0.0,0.0,0.0,0.0,0.0,0.4983543434235054
2017-12-13,0.5007510831892261,0.0,0.0,0.0,0.0,0.0,0.0,0.4992489168107738
2017-12-14,0.4992747643352757,0.0,0.0,0.0,0.0,0.0,0.0,0.5007252356647244
2017-12-15,0.5009989294690373,0.0,0.0,0.0,0.0,0.0,0.0,0.4990010705309627
2017-12-18,0.5033191886149283,0.0,0.0,0.0,0.0,0.0,0.0,0.4966808113850718
2017-12-19,0.5036369323023207,0.0,0.0,0.0,0.0,0.0,0.0,0.4963630676976793
2017-12-20,0.5041689030516485,0.0,0.0,0.0,0.0,0.0,0.0,0.49583109694835154
2017-12-21,0.5040106135002563,0.0,0.0,0.0,0.0,0.0,0.0,0.49598938649974367
2017-12-22,0.5037587022688582,0.0,0.0,0.0,0.0,0.0,0.0,0.4962412977311417
2017-12-26,0.5031281994100172,0.0,0.0,0.0,0.0,0.0,0.0,0.49687180058998276
2017-12-27,0.5018670586776837,0.0,0.0,0.0,0.0,0.0,0.0,0.4981329413223163
2017-12-28,0.5025456256228304,0.0,0.0,0.0,0.0,0.0,0.0,0.49745437437716955
2017-12-29,0.501271960859545,0.0,0.0,0.0,0.0,0.0,0.0,0.498728039140455
2018-01-02,0.5,0.0,0.0,0.0,0.0,0.0,0.0,0.5
2018-01-03,0.5011212544861438,0.0,0.0,0.0,0.0,0.0,0.0,0.4988787455138563
2018-01-04,0.5022553528090272,0.0,0.0,0.0,0.0,0.0,0.0,0.49774464719097283
2018-01-05,0.5039985380485413,0.0,0.0,0.0,0.0,0.0,0.0,0.49600146195145867
2018-01-08,0.5044759036576817,0.0,0.0,0.0,0.0,0.0,0.0,0.4955240963423183
2018-01-09,0.5059526214645921,0.0,0.0,0.0,0.0,0.0,0.0,0.4940473785354079
2018-01-10,0.5054038763141296,0.0,0.0,0.0,0.0,0.0,0.0,0.4945961236858703
2018-01-11,0.5066204193006852,0.0,0.0,0.0,0.0,0.0,0.0,0.49337958069931476
2018-01-12,0.5082030765183858,0.0,0.0,0.0,0.0,0.0,0.0,0.4917969234816142
2018-01-16,0.5071197874176662,0.0,0.0,0.0,0.0,0.0,0.0,0.4928802125823338
2018-01-17,0.5101735970868533,0.0,0.0,0.0,0.0,0.0,0.0,0.48982640291314666
2018-01-18,0.5107288915259817,0.0,0.0,0.0,0.0,0.0,0.0,0.4892711084740183
2018-01-19,0.5126338211260348,0.0,0.0,0.0,0.0,0.0,0.0,0.4873661788739652
2018-01-22,0.5148863161916649,0.0,0.0,0.0,0.0,0.0,0.0,0.4851136838083351
2018-01-23,0.514332774927057,0.0,0.0,0.0,0.0,0.0,0.0,0.485667225072943
2018-01-24,0.514402128000322,0.0,0.0,0.0,0.0,0.0,0.0,0.485597871999678
2018-01-25,0.5132424106033299,0.0,0.0,0.0,0.0,0.0,0.0,0.4867575893966701
2018-01-26,0.5164489778943103,0.0,0.0,0.0,0.0,0.0,0.0,0.48355102210568957
2018-01-29,0.5154514133940911,0.0,0.0,0.0,0.0,0.0,0.0,0.4845485866059089
2018-01-30,0.5137293670351745,0.0,0.0,0.0,0.0,0.0,0.0,0.4862706329648256
2018-01-31,0.5133327195993815,0.0,0.0,0.0,0.0,0.0,0.0,0.4866672804006184
2018-02-01,0.5,0.0,0.0,0.0,0.0,0.0,0.0,0.5
2018-02-02,0.49577994778504497,0.0,0.0,0.0,0.0,0.0,0.0,0.504220052214955
2018-02-05,0.4849563318079669,0.0,0.0,0.0,0.0,0.0,0.0,0.5150436681920331
2018-02-06,0.4903367051534457,0.0,0.0,0.0,0.0,0.0,0.0,0.5096632948465544
2018-02-07,0.48967462257445327,0.0,0.0,0.0,0.0,0.0,0.0,0.5103253774255466
2018-02-08,0.48120617343360084,0.0,0.0,0.0,0.0,0.0,0.0,0.518793826566399
2018-02-09,0.48573775337814024,0.0,0.0,0.0,0.0,0.0,0.0,0.5142622466218597
2018-02-12,0.4893799725115308,0.0,0.0,0.0,0.0,0.0,0.0,0.5106200274884691
2018-02-13,0.4900859791120573,0.0,0.0,0.0,0.0,0.0,0.0,0.5099140208879428
2018-02-14,0.4943555802436379,0.0,0.0,0.0,0.0,0.0,0.0,0.5056444197563621
2018-02-15,0.4963503061345927,0.0,0.0,0.0,0.0,0.0,0.0,0.5036496938654073
2018-02-16,0.4956786556359673,0.0,0.0,0.0,0.0,0.0,0.0,0.5043213443640328
2018-02-20,0.4951732955738774,0.0,0.0,0.0,0.0,0.0,0.0,0.5048267044261227
2018-02-21,0.4952960190130479,0.0,0.0,0.0,0.0,0.0,0.0,0.5047039809869521
2018-02-22,0.49527672459769195,0.0,0.0,0.0,0.0,0.0,0.0,0.5047232754023081
2018-02-23,0.49807556225347316,0.0,0.0,0.0,0.0,0.0,0.0,0.5019244377465268
2018-02-26,0.5006421230717417,0.0,0.0,0.0,0.0,0.0,0.0,0.4993578769282582
2018-02-27,0.4985896175042014,0.0,0.0,0.0,0.0,0.0,0.0,0.5014103824957986
2018-02-28,0.4955741059947364,0.0,0.0,0.0,0.0,0.0,0.0,0.5044258940052635
2018-03-01,0.0,0.0,0.0,0.0,0.0,0.0,0.5,0.5
2018-03-02,0.0,0.0,0.0,0.0,0.0,0.0,0.49875375284629375,0.5012462471537062
2018-03-05,0.0,0.0,0.0,0.0,0.0,0.0,0.49816313436140275,0.5018368656385972
2018-03-06,0.0,0.0,0.0,0.0,0.0,0.0,0.4981807385289515,0.5018192614710484
2018-03-07,0.0,0.0,0.0,0.0,0.0,0.0,0.4979915899176515,0.5020084100823484
2018-03-08,0.0,0.0,0.0,0.0,0.0,0.0,0.4989338142269292,0.5010661857730708
2018-03-09,0.0,0.0,0.0,0.0,0.0,0.0,0.49816704725777344,0.5018329527422266
2018-03-12,0.0,0.0,0.0,0.0,0.0,0.0,0.4992817841901908,0.5007182158098092
2018-03-13,0.0,0.0,0.0,0.0,0.0,0.0,0.5005219341325906,0.4994780658674094
2018-03-14,0.0,0.0,0.0,0.0,0.0,0.0,0.5021561778743824,0.49784382212561773
2018-03-15,0.0,0.0,0.0,0.0,0.0,0.0,0.5018987814641416,0.4981012185358584
2018-03-16,0.0,0.0,0.0,0.0,0.0,0.0,0.5007247068412564,0.4992752931587437
2018-03-19,0.0,0.0,0.0,0.0,0.0,0.0,0.5007670027591918,0.4992329972408082
2018-03-20,0.0,0.0,0.0,0.0,0.0,0.0,0.5006425209019087,0.49935747909809125
2018-03-21,0.0,0.0,0.0,0.0,0.0,0.0,0.501066493416824,0.4989335065831761
2018-03-22,0.0,0.0,0.0,0.0,0.0,0.0,0.5031005584988073,0.4968994415011928
2018-03-23,0.0,0.0,0.0,0.0,0.0,0.0,0.5037114865356994,0.49628851346430064
2018-03-26,0.0,0.0,0.0,0.0,0.0,0.0,0.5018684439075649,0.49813155609243503
2018-03-27,0.0,0.0,0.0,0.0,0.0,0.0,0.5036248220155715,0.49637517798442854
2018-03-28,0.0,0.0,0.0,0.0,0.0,0.0,0.5036209303083802,0.49637906969161977
2018-03-29,0.0,0.0,0.0,0.0,0.0,0.0,0.5037028013778144,0.4962971986221855
2018-04-02,0.0,0.0,0.0,0.0,0.0,0.0,0.5,0.5
2018-04-03,0.0,0.0,0.0,0.0,0.0,0.0,0.498727564280584,0.501272435719416
2018-04-04,0.0,0.0,0.0,0.0,0.0,0.0,0.49821036952107867,0.5017896304789213
2018-04-05,0.0,0.0,0.0,0.0,0.0,0.0,0.4962535438396855,0.5037464561603144
2018-04-06,0.0,0.0,0.0,0.0,0.0,0.0,0.4982241591789815,0.5017758408210184
2018-04-09,0.0,0.0,0.0,0.0,0.0,0.0,0.49850851248493605,0.501491487515064
2018-04-10,0.0,0.0,0.0,0.0,0.0,0.0,0.4979905219427397,0.5020094780572603
2018-04-11,0.0,0.0,0.0,0.0,0.0,0.0,0.4987061861449446,0.5012938138550554
2018-04-12,0.0,0.0,0.0,0.0,0.0,0.0,0.4975515606726118,0.5024484393273881
2018-04-13,0.0,0.0,0.0,0.0,0.0,0.0,0.49804582533663055,0.5019541746633694
2018-04-16,0.0,0.0,0.0,0.0,0.0,0.0,0.49810708692078004,0.50189291307922
2018-04-17,0.0,0.0,0.0,0.0,0.0,0.0,0.49876687058062746,0.5012331294193726
2018-04-18,0.0,0.0,0.0,0.0,0.0,0.0,0.49804469273033214,0.5019553072696679
2018-04-19,0.0,0.0,0.0,0.0,0.0,0.0,0.4969468191227714,0.5030531808772286
2018-04-20,0.0,0.0,0.0,0.0,0.0,0.0,0.4961541210931296,0.5038458789068704
2018-04-23,0.0,0.0,0.0,0.0,0.0,0.0,0.496325510659985,0.5036744893400151
2018-04-24,0.0,0.0,0.0,0.0,0.0,0.0,0.495921192960874,0.504078807039126
2018-04-25,0.0,0.0,0.0,0.0,0.0,0.0,0.4950246774604888,0.5049753225395113
2018-04-26,0.0,0.0,0.0,0.0,0.0,0.0,0.4960282507685792,0.5039717492314207
2018-04-27,0.0,0.0,0.0,0.0,0.0,0.0,0.4973847889310859,0.5026152110689142
2018-04-30,0.0,0.0,0.0,0.0,0.0,0.0,0.4980428308527451,0.5019571691472549
2018-05-01,0.0,0.0,0.0,0.0,0.0,0.0,0.5,0.5
2018-05-02,0.0,0.0,0.0,0.0,0.0,0.0,0.4999218516348821,0.5000781483651179
2018-05-03,0.0,0.0,0.0,0.0,0.0,0.0,0.5009958705416974,0.4990041294583026
2018-05-04,0.0,0.0,0.0,0.0,0.0,0.0,0.5010254157754223,0.49897458422457774
2018-05-07,0.0,0.0,0.0,0.0,0.0,0.0,0.5009094595656548,0.4990905404343452
2018-05-08,0.0,0.0,0.0,0.0,0.0,0.0,0.5007650434349035,0.4992349565650964
2018-05-09,0.0,0.0,0.0,0.0,0.0,0.0,0.49930865380546036,0.5006913461945396
2018-05-10,0.0,0.0,0.0,0.0,0.0,0.0,0.5000503859669734,0.49994961403302673
2018-05-11,0.0,0.0,0.0,0.0,0.0,0.0,0.5002460553110556,0.49975394468894446
2018-05-14,0.0,0.0,0.0,0.0,0.0,0.0,0.4993774494627975,0.5006225505372025
2018-05-15,0.0,0.0,0.0,0.0,0.0,0.0,0.4984131065541607,0.5015868934458393
2018-05-16,0.0,0.0,0.0,0.0,0.0,0.0,0.4977804472456155,0.5022195527543845
2018-05-17,0.0,0.0,0.0,0.0,0.0,0.0,0.4969972568474506,0.5030027431525494
2018-05-18,0.0,0.0,0.0,0.0,0.0,0.0,0.4981088054437533,0.5018911945562466
2018-05-21,0.0,0.0,0.0,0.0,0.0,0.0,0.4980838455059235,0.5019161544940766
2018-05-22,0.0,0.0,0.0,0.0,0.0,0.0,0.4979622824099608,0.5020377175900392
2018-05-23,0.0,0.0,0.0,0.0,0.0,0.0,0.49870045130638413,0.5012995486936158
2018-05-24,0.0,0.0,0.0,0.0,0.0,0.0,0.49998876668726233,0.5000112333127377
2018-05-25,0.0,0.0,0.0,0.0,0.0,0.0,0.5008023587546477,0.49919764124535226
2018-05-29,0.0,0.0,0.0,0.0,0.0,0.0,0.5049005319926531,0.49509946800734694
2018-05-30,0.0,0.0,0.0,0.0,0.0,0.0,0.5041896690497337,0.49581033095026633
2018-05-31,0.0,0.0,0.0,0.0,0.0,0.0,0.5038855987020383,0.4961144012979617
2018-06-01,0.0,0.0,0.0,0.0,0.0,0.0,0.5,0.5
2018-06-04,0.0,0.0,0.0,0.0,0.0,0.0,0.4987516972746548,0.5012483027253453
2018-06-05,0.0,0.0,0.0,0.0,0.0,0.0,0.499162737147698,0.500837262852302
2018-06-06,0.0,0.0,0.0,0.0,0.0,0.0,0.49804567211072565,0.5019543278892743
2018-06-07,0.0,0.0,0.0,0.0,0.0,0.0,0.49962568163389454,0.5003743183661054
2018-06-08,0.0,0.0,0.0,0.0,0.0,0.0,0.4992883110744147,0.5007116889255854
2018-06-11,0.0,0.0,0.0,0.0,0.0,0.0,0.4990681091727802,0.5009318908272198
2018-06-12,0.0,0.0,0.0,0.0,0.0,0.0,0.49910902356268216,0.5008909764373177
2018-06-13,0.0,0.0,0.0,0.0,0.0,0.0,0.499223711033708,0.500776288966292
2018-06-14,0.0,0.0,0.0,0.0,0.0,0.0,0.5001553808368255,0.4998446191631744
2018-06-15,0.0,0.0,0.0,0.0,0.0,0.0,0.50073234484943,0.49926765515057003
2018-06-18,0.0,0.0,0.0,0.0,0.0,0.0,0.500765923065175,0.499234076934825
2018-06-19,0.0,0.0,0.0,0.0,0.0,0.0,0.5020856910497197,0.49791430895028044
2018-06-20,0.0,0.0,0.0,0.0,0.0,0.0,0.5012856232984513,0.4987143767015487
2018-06-21,0.0,0.0,0.0,0.0,0.0,0.0,0.5027932366121414,0.49720676338785874
2018-06-22,0.0,0.0,0.0,0.0,0.0,0.0,0.5024651793769199,0.49753482062308
2018-06-25,0.0,0.0,0.0,0.0,0.0,0.0,0.5032660166381868,0.4967339833618133
2018-06-26,0.0,0.0,0.0,0.0,0.0,0.0,0.5027848398386674,0.4972151601613325
2018-06-27,0.0,0.0,0.0,0.0,0.0,0.0,0.5042778240644126,0.4957221759355875
2018-06-28,0.0,0.0,0.0,0.0,0.0,0.0,0.5046665073684334,0.4953334926315666
2018-06-29,0.0,0.0,0.0,0.0,0.0,0.0,0.5036743096644348,0.4963256903355653
2018-07-02,0.0,0.0,0.0,0.0,0.0,0.0,0.5,0.5
2018-07-03,0.0,0.0,0.0,0.0,0.0,0.0,0.5004179908365389,0.49958200916346096
2018-07-05,0.0,0.0,0.0,0.0,0.0,0.0,0.5003502986731775,0.49964970132682257
2018-07-06,0.0,0.0,0.0,0.0,0.0,0.0,0.5008189485682958,0.4991810514317041
2018-07-09,0.0,0.0,0.0,0.0,0.0,0.0,0.49903118237982397,0.500968817620176
2018-07-10,0.0,0.0,0.0,0.0,0.0,0.0,0.4992928137192164,0.5007071862807836
2018-07-11,0.0,0.0,0.0,0.0,0.0,0.0,0.49975546929333825,0.5002445307066617
2018-07-12,0.0,0.0,0.0,0.0,0.0,0.0,0.499193963103032,0.5008060368969681
2018-07-13,0.0,0.0,0.0,0.0,0.0,0.0,0.49963173358344193,0.5003682664165581
2018-07-16,0.0,0.0,0.0,0.0,0.0,0.0,0.4990015552544067,0.5009984447455932
2018-07-17,0.0,0.0,0.0,0.0,0.0,0.0,0.49870378993613357,0.5012962100638664
2018-07-18,0.0,0.0,0.0,0.0,0.0,0.0,0.49774076333855,0.50225923666145
2018-07-19,0.0,0.0,0.0,0.0,0.0,0.0,0.4989306291323524,0.5010693708676476
2018-07-20,0.0,0.0,0.0,0.0,0.0,0.0,0.49658092490756095,0.503419075092439
2018-07-23,0.0,0.0,0.0,0.0,0.0,0.0,0.49447722665652327,0.5055227733434767
2018-07-24,0.0,0.0,0.0,0.0,0.0,0.0,0.49455234063771936,0.5054476593622806
2018-07-25,0.0,0.0,0.0,0.0,0.0,0.0,0.49382975609109714,0.5061702439089029
2018-07-26,0.0,0.0,0.0,0.0,0.0,0.0,0.4931096968408869,0.5068903031591132
2018-07-27,0.0,0.0,0.0,0.0,0.0,0.0,0.49320390700825606,0.506796092991744
2018-07-30,0.0,0.0,0.0,0.0,0.0,0.0,0.4926907813247869,0.5073092186752132
2018-07-31,0.0,0.0,0.0,0.0,0.0,0.0,0.49327333900205445,0.5067266609979455
2018-08-01,0.0,0.0,0.0,0.0,0.0,0.0,0.5,0.5
2018-08-02,0.0,0.0,0.0,0.0,0.0,0.0,0.5000543681048797,0.4999456318951203
2018-08-03,0.0,0.0,0.0,0.0,0.0,0.0,0.5005142103575186,0.49948578964248136
2018-08-06,0.0,0.0,0.0,0.0,0.0,0.0,0.5004231088675287,0.4995768911324712
2018-08-07,0.0,0.0,0.0,0.0,0.0,0.0,0.49989979388540956,0.5001002061145904
2018-08-08,0.0,0.0,0.0,0.0,0.0,0.0,0.5005432567576898,0.4994567432423101
2018-08-09,0.0,0.0,0.0,0.0,0.0,0.0,0.5024435103158096,0.4975564896841905
2018-08-10,0.0,0.0,0.0,0.0,0.0,0.0,0.5038404341284206,0.4961595658715793
2018-08-13,0.0,0.0,0.0,0.0,0.0,0.0,0.503386954270218,0.49661304572978204
2018-08-14,0.0,0.0,0.0,0.0,0.0,0.0,0.5025009431105728,0.4974990568894272
2018-08-15,0.0,0.0,0.0,0.0,0.0,0.0,0.5034342612175422,0.4965657387824578
2018-08-16,0.0,0.0,0.0,0.0,0.0,0.0,0.5030897690727896,0.4969102309272105
2018-08-17,0.0,0.0,0.0,0.0,0.0,0.0,0.5031841530747136,0.49681584692528624
2018-08-20,0.0,0.0,0.0,0.0,0.0,0.0,0.5042065183730087,0.4957934816269913
2018-08-21,0.0,0.0,0.0,0.0,0.0,0.0,0.503987748806274,0.49601225119372616
2018-08-22,0.0,0.0,0.0,0.0,0.0,0.0,0.5049959660236307,0.4950040339763693
2018-08-23,0.0,0.0,0.0,0.0,0.0,0.0,0.5052992524717926,0.49470074752820736
2018-08-24,0.0,0.0,0.0,0.0,0.0,0.0,0.5052952841826933,0.4947047158173067
2018-08-27,0.0,0.0,0.0,0.0,0.0,0.0,0.5042475967603192,0.49575240323968084
2018-08-28,0.0,0.0,0.0,0.0,0.0,0.0,0.5036918156841076,0.49630818431589235
2018-08-29,0.0,0.0,0.0,0.0,0.0,0.0,0.5042820881990728,0.49571791180092717
2018-08-30,0.0,0.0,0.0,0.0,0.0,0.0,0.5045806009850523,0.4954193990149477
2018-08-31,0.0,0.0,0.0,0.0,0.0,0.0,0.5043706764281896,0.49562932357181044
2018-09-04,0.0,0.0,0.0,0.0,0.0,0.0,0.5,0.5
2018-09-05,0.0,0.0,0.0,0.0,0.0,0.0,0.4994850256810843,0.5005149743189158
2018-09-06,0.0,0.0,0.0,0.0,0.0,0.0,0.49970614675007474,0.5002938532499253
2018-09-07,0.0,0.0,0.0,0.0,0.0,0.0,0.49861939892709256,0.5013806010729075
2018-09-10,0.0,0.0,0.0,0.0,0.0,0.0,0.49871391897674877,0.5012860810232512
2018-09-11,0.0,0.0,0.0,0.0,0.0,0.0,0.4973697342466482,0.5026302657533518
2018-09-12,0.0,0.0,0.0,0.0,0.0,0.0,0.49745851683957854,0.5025414831604215
2018-09-13,0.0,0.0,0.0,0.0,0.0,0.0,0.49731529711416383,0.5026847028858361
2018-09-14,0.0,0.0,0.0,0.0,0.0,0.0,0.49642010070783393,0.5035798992921662
2018-09-17,0.0,0.0,0.0,0.0,0.0,0.0,0.49657208171618133,0.5034279182838186
2018-09-18,0.0,0.0,0.0,0.0,0.0,0.0,0.49496705564004284,0.5050329443599572
2018-09-19,0.0,0.0,0.0,0.0,0.0,0.0,0.49384215032510054,0.5061578496748994
2018-09-20,0.0,0.0,0.0,0.0,0.0,0.0,0.49434246965749373,0.5056575303425063
2018-09-21,0.0,0.0,0.0,0.0,0.0,0.0,0.49419213892174135,0.5058078610782587
2018-09-24,0.0,0.0,0.0,0.0,0.0,0.0,0.4941178761495502,0.5058821238504497
2018-09-25,0.0,0.0,0.0,0.0,0.0,0.0,0.49386104932460784,0.5061389506753922
2018-09-26,0.0,0.0,0.0,0.0,0.0,0.0,0.4947179417490927,0.5052820582509073
2018-09-27,0.0,0.0,0.0,0.0,0.0,0.0,0.4945617331874078,0.5054382668125922
2018-09-28,0.0,0.0,0.0,0.0,0.0,0.0,0.4940758088991043,0.5059241911008957
2018-10-01,0.0,0.0,0.0,0.0,0.0,0.0,0.5,0.5
2018-10-02,0.0,0.0,0.0,0.0,0.0,0.0,0.5013051058819558,0.4986948941180442
2018-10-03,0.0,0.0,0.0,0.0,0.0,0.0,0.4983910844949749,0.5016089155050251
2018-10-04,0.0,0.0,0.0,0.0,0.0,0.0,0.49765558521538034,0.5023444147846198
2018-10-05,0.0,0.0,0.0,0.0,0.0,0.0,0.49646967936225866,0.5035303206377414
2018-10-08,0.0,0.0,0.0,0.0,0.0,0.0,0.49589365909817246,0.5041063409018276
2018-10-09,0.0,0.0,0.0,0.0,0.0,0.0,0.4977025068956071,0.5022974931043929
2018-10-10,0.0,0.0,0.0,0.0,0.0,0.0,0.49770654068183096,0.502293459318169
2018-10-11,0.0,0.0,0.0,0.0,0.0,0.0,0.4996887163918301,0.50031128360817
2018-10-12,0.0,0.0,0.0,0.0,0.0,0.0,0.4987725795580182,0.5012274204419818
2018-10-15,0.0,0.0,0.0,0.0,0.0,0.0,0.49912705631112136,0.5008729436888786
2018-10-16,0.0,0.0,0.0,0.0,0.0,0.0,0.499054507924043,0.500945492075957
2018-10-17,0.0,0.0,0.0,0.0,0.0,0.0,0.4988053573684856,0.5011946426315145
2018-10-18,0.0,0.0,0.0,0.0,0.0,0.0,0.4987175407238347,0.5012824592761653
2018-10-19,0.0,0.0,0.0,0.0,0.0,0.0,0.4984787118948474,0.5015212881051526
2018-10-22,0.0,0.0,0.0,0.0,0.0,0.0,0.498459417393784,0.501540582606216
2018-10-23,0.0,0.0,0.0,0.0,0.0,0.0,0.4988956649022785,0.5011043350977215
2018-10-24,0.0,0.0,0.0,0.0,0.0,0.0,0.5004213360912604,0.49957866390873973
2018-10-25,0.0,0.0,0.0,0.0,0.0,0.0,0.4996839889654771,0.5003160110345228
2018-10-26,0.0,0.0,0.0,0.0,0.0,0.0,0.500767489479611,0.4992325105203889
2018-10-29,0.0,0.0,0.0,0.0,0.0,0.0,0.5004896073871615,0.49951039261283847
2018-10-30,0.0,0.0,0.0,0.0,0.0,0.0,0.4997991221761257,0.5002008778238743
2018-10-31,0.0,0.0,0.0,0.0,0.0,0.0,0.4992374709662822,0.5007625290337178
2018-11-01,0.0,0.0,0.0,0.0,0.0,0.0,0.5,0.5
2018-11-02,0.0,0.0,0.0,0.0,0.0,0.0,0.49787707839597967,0.5021229216040203
2018-11-05,0.0,0.0,0.0,0.0,0.0,0.0,0.4984101890798857,0.5015898109201143
2018-11-06,0.0,0.0,0.0,0.0,0.0,0.0,0.4978306135889543,0.5021693864110457
2018-11-07,0.0,0.0,0.0,0.0,0.0,0.0,0.49751833919044114,0.5024816608095589
2018-11-08,0.0,0.0,0.0,0.0,0.0,0.0,0.49823107364807373,0.5017689263519263
2018-11-09,0.0,0.0,0.0,0.0,0.0,0.0,0.4999123913796563,0.5000876086203436
2018-11-12,0.0,0.0,0.0,0.0,0.0,0.0,0.5015612974684455,0.4984387025315546
2018-11-13,0.0,0.0,0.0,0.0,0.0,0.0,0.5017425586864336,0.4982574413135663
2018-11-14,0.0,0.0,0.0,0.0,0.0,0.0,0.5025662014139585,0.49743379858604153
2018-11-15,0.0,0.0,0.0,0.0,0.0,0.0,0.5029271594758093,0.49707284052419076
2018-11-16,0.0,0.0,0.0,0.0,0.0,0.0,0.5038769971985904,0.49612300280140975
2018-11-19,0.0,0.0,0.0,0.0,0.0,0.0,0.5048197585040342,0.4951802414959659
2018-11-20,0.0,0.0,0.0,0.0,0.0,0.0,0.5055120253443576,0.49448797465564237
2018-11-21,0.0,0.0,0.0,0.0,0.0,0.0,0.5048869068997904,0.4951130931002095
2018-11-23,0.0,0.0,0.0,0.0,0.0,0.0,0.505035650383165,0.494964349616835
2018-11-26,0.0,0.0,0.0,0.0,0.0,0.0,0.5043584355070342,0.4956415644929658
2018-11-27,0.0,0.0,0.0,0.0,0.0,0.0,0.5049548072032456,0.49504519279675446
2018-11-28,0.0,0.0,0.0,0.0,0.0,0.0,0.5030631642074596,0.4969368357925405
2018-11-29,0.0,0.0,0.0,0.0,0.0,0.0,0.5047604266649184,0.49523957333508156
2018-11-30,0.0,0.0,0.0,0.0,0.0,0.0,0.5058512183569803,0.4941487816430197
2018-12-03,0.0,0.0,0.0,0.0,0.0,0.0,0.5,0.5
2018-12-04,0.0,0.0,0.0,0.0,0.0,0.0,0.5041058159830979,0.49589418401690216
2018-12-06,0.0,0.0,0.0,0.0,0.0,0.0,0.5041287901362064,0.49587120986379357
2018-12-07,0.0,0.0,0.0,0.0,0.0,0.0,0.5045712150254151,0.4954287849745849
2018-12-10,0.0,0.0,0.0,0.0,0.0,0.0,0.5048451418877722,0.49515485811222787
2018-12-11,0.0,0.0,0.0,0.0,0.0,0.0,0.5043581006310508,0.4956418993689493
2018-12-12,0.0,0.0,0.0,0.0,0.0,0.0,0.5029743784404661,0.49702562155953384
2018-12-13,0.0,0.0,0.0,0.0,0.0,0.0,0.5017166799667944,0.4982833200332057
2018-12-14,0.0,0.0,0.0,0.0,0.0,0.0,0.5028492969896923,0.4971507030103076
2018-12-17,0.0,0.0,0.0,0.0,0.0,0.0,0.5040348881899189,0.4959651118100812
2018-12-18,0.0,0.0,0.0,0.0,0.0,0.0,0.5046360235111356,0.49536397648886443
2018-12-19,0.0,0.0,0.0,0.0,0.0,0.0,0.5081159110764791,0.491884088923521
2018-12-20,0.0,0.0,0.0,0.0,0.0,0.0,0.5080277520162657,0.49197224798373435
2018-12-21,0.0,0.0,0.0,0.0,0.0,0.0,0.5082308871621652,0.4917691128378348
2018-12-24,0.0,0.0,0.0,0.0,0.0,0.0,0.510049153548135,0.48995084645186515
2018-12-26,0.0,0.0,0.0,0.0,0.0,0.0,0.5075575957517903,0.4924424042482097
2018-12-27,0.0,0.0,0.0,0.0,0.0,0.0,0.5075991559708618,0.4924008440291382
2018-12-28,0.0,0.0,0.0,0.0,0.0,0.0,0.5085130545403497,0.4914869454596503
2018-12-31,0.0,0.0,0.0,0.0,0.0,0.0,0.5087732954151698,0.4912267045848302
2019-01-02,0.0,0.0,0.0,0.0,0.0,0.0,0.5,0.5
2019-01-03,0.0,0.0,0.0,0.0,0.0,0.0,0.5027181982663128,0.4972818017336872
2019-01-04,0.0,0.0,0.0,0.0,0.0,0.0,0.49996217078684224,0.5000378292131578
2019-01-07,0.0,0.0,0.0,0.0,0.0,0.0,0.49920193902873644,0.5007980609712636
2019-01-08,0.0,0.0,0.0,0.0,0.0,0.0,0.4979923792071434,0.5020076207928567
2019-01-09,0.0,0.0,0.0,0.0,0.0,0.0,0.49665482099768576,0.5033451790023141
2019-01-10,0.0,0.0,0.0,0.0,0.0,0.0,0.49570089890547037,0.5042991010945297
2019-01-11,0.0,0.0,0.0,0.0,0.0,0.0,0.4962124582796851,0.5037875417203149
2019-01-14,0.0,0.0,0.0,0.0,0.0,0.0,0.49594091894984843,0.5040590810501516
2019-01-15,0.0,0.0,0.0,0.0,0.0,0.0,0.49487194935608175,0.5051280506439182
2019-01-16,0.0,0.0,0.0,0.0,0.0,0.0,0.4946377581816701,0.5053622418183299
2019-01-17,0.0,0.0,0.0,0.0,0.0,0.0,0.49419532108065123,0.5058046789193488
2019-01-18,0.0,0.0,0.0,0.0,0.0,0.0,0.49244323159394876,0.5075567684060512
2019-01-22,0.0,0.0,0.0,0.0,0.0,0.0,0.4937153825852025,0.5062846174147976
2019-01-23,0.0,0.0,0.0,0.0,0.0,0.0,0.492978537091818,0.5070214629081821
2019-01-24,0.0,0.0,0.0,0.0,0.0,0.0,0.4939609057683549,0.5060390942316451
2019-01-25,0.0,0.0,0.0,0.0,0.0,0.0,0.49254387214923817,0.5074561278507618
2019-01-28,0.0,0.0,0.0,0.0,0.0,0.0,0.4923382951356394,0.5076617048643606
2019-01-29,0.0,0.0,0.0,0.0,0.0,0.0,0.493058610226788,0.506941389773212
2019-01-30,0.0,0.0,0.0,0.0,0.0,0.0,0.4917261988940259,0.5082738011059741
2019-01-31,0.0,0.0,0.0,0.0,0.0,0.0,0.4921244828103357,0.5078755171896642
2019-02-01,0.0,0.0,0.0,0.0,0.0,0.0,0.5,0.5
2019-02-04,0.0,0.0,0.0,0.0,0.0,0.0,0.499226597907635,0.500773402092365
2019-02-05,0.0,0.0,0.0,0.0,0.0,0.0,0.4993535873854723,0.5006464126145278
2019-02-06,0.0,0.0,0.0,0.0,0.0,0.0,0.49995077044440683,0.5000492295555933
2019-02-07,0.0,0.0,0.0,0.0,0.0,0.0,0.5016409276820006,0.49835907231799936
2019-02-08,0.0,0.0,0.0,0.0,0.0,0.0,0.5020816966127375,0.49791830338726245
2019-02-11,0.0,0.0,0.0,0.0,0.0,0.0,0.5016584625150069,0.4983415374849931
2019-02-12,0.0,0.0,0.0,0.0,0.0,0.0,0.5006773330821904,0.49932266691780963
2019-02-13,0.0,0.0,0.0,0.0,0.0,0.0,0.5003755146031204,0.4996244853968797
2019-02-14,0.0,0.0,0.0,0.0,0.0,0.0,0.5015157048213804,0.4984842951786196
2019-02-15,0.0,0.0,0.0,0.0,0.0,0.0,0.5016041298136815,0.4983958701863186
2019-02-19,0.0,0.0,0.0,0.0,0.0,0.0,0.5020881360155458,0.4979118639844542
2019-02-20,0.0,0.0,0.0,0.0,0.0,0.0,0.5015867413590226,0.49841325864097735
2019-02-21,0.0,0.0,0.0,0.0,0.0,0.0,0.5000529949984643,0.4999470050015356
2019-02-22,0.0,0.0,0.0,0.0,0.0,0.0,0.5004183099851713,0.4995816900148287
2019-02-25,0.0,0.0,0.0,0.0,0.0,0.0,0.4997629645739928,0.5002370354260073
2019-02-26,0.0,0.0,0.0,0.0,0.0,0.0,0.5006109317512307,0.49938906824876933
2019-02-27,0.0,0.0,0.0,0.0,0.0,0.0,0.49847164153884155,0.5015283584611584
2019-02-28,0.0,0.0,0.0,0.0,0.0,0.0,0.4979636034597418,0.5020363965402583
2019-03-01,0.0,0.0,0.0,0.0,0.0,0.0,0.5,0.5
2019-03-04,0.0,0.0,0.0,0.0,0.0,0.0,0.5013894213778206,0.49861057862217933
2019-03-05,0.0,0.0,0.0,0.0,0.0,0.0,0.5018251540420853,0.4981748459579148
2019-03-06,0.0,0.0,0.0,0.0,0.0,0.0,0.5025039014342257,0.4974960985657743
2019-03-07,0.0,0.0,0.0,0.0,0.0,0.0,0.5033012318380851,0.496698768161915
2019-03-08,0.0,0.0,0.0,0.0,0.0,0.0,0.5040298100574178,0.4959701899425822
2019-03-11,0.0,0.0,0.0,0.0,0.0,0.0,0.503009504286219,0.496990495713781
2019-03-12,0.0,0.0,0.0,0.0,0.0,0.0,0.5040710078236268,0.49592899217637315
2019-03-13,0.0,0.0,0.0,0.0,0.0,0.0,0.5040063472185567,0.4959936527814432
2019-03-14,0.0,0.0,0.0,0.0,0.0,0.0,0.5026872750336687,0.4973127249663312
2019-03-15,0.0,0.0,0.0,0.0,0.0,0.0,0.5034353432391112,0.4965646567608887
2019-03-18,0.0,0.0,0.0,0.0,0.0,0.0,0.5034199203150109,0.496580079684989
2019-03-19,0.0,0.0,0.0,0.0,0.0,0.0,0.5028217423039466,0.49717825769605345
2019-03-20,0.0,0.0,0.0,0.0,0.0,0.0,0.5037384948872344,0.4962615051127656
2019-03-21,0.0,0.0,0.0,0.0,0.0,0.0,0.5038206314020419,0.4961793685979581
2019-03-22,0.0,0.0,0.0,0.0,0.0,0.0,0.5061513104993592,0.49384868950064076
2019-03-25,0.0,0.0,0.0,0.0,0.0,0.0,0.5060459633076646,0.4939540366923354
2019-03-26,0.0,0.0,0.0,0.0,0.0,0.0,0.5057610084282887,0.49423899157171136
2019-03-27,0.0,0.0,0.0,0.0,0.0,0.0,0.5077140139248717,0.4922859860751283
2019-03-28,0.0,0.0,0.0,0.0,0.0,0.0,0.50826957631673,0.49173042368327
2019-03-29,0.0,0.0,0.0,0.0,0.0,0.0,0.5082214470570112,0.49177855294298883
2019-04-01,0.0,0.0,0.0,0.0,0.0,0.0,0.5,0.5
2019-04-02,0.0,0.0,0.0,0.0,0.0,0.0,0.5001238007313663,0.4998761992686337
2019-04-03,0.0,0.0,0.0,0.0,0.0,0.0,0.49847595321626154,0.5015240467837385
2019-04-04,0.0,0.0,0.0,0.0,0.0,0.0,0.498781434179685,0.501218565820315
2019-04-05,0.0,0.0,0.0,0.0,0.0,0.0,0.49870329313373046,0.5012967068662696
2019-04-08,0.0,0.0,0.0,0.0,0.0,0.0,0.4981735869743134,0.5018264130256865
2019-04-09,0.0,0.0,0.0,0.0,0.0,0.0,0.49843384303515764,0.5015661569648424
2019-04-10,0.0,0.0,0.0,0.0,0.0,0.0,0.49781893015108036,0.5021810698489196
2019-04-11,0.0,0.0,0.0,0.0,0.0,0.0,0.4965977657867904,0.5034022342132096
2019-04-12,0.0,0.0,0.0,0.0,0.0,0.0,0.4949579275942486,0.5050420724057514
2019-04-15,0.0,0.0,0.0,0.0,0.0,0.0,0.4959881231354654,0.5040118768645346
2019-04-16,0.0,0.0,0.0,0.0,0.0,0.0,0.4951133782416822,0.5048866217583178
2019-04-17,0.0,0.0,0.0,0.0,0.0,0.0,0.4952576962478967,0.5047423037521034
2019-04-18,0.0,0.0,0.0,0.0,0.0,0.0,0.4963519544383714,0.5036480455616286
2019-04-22,0.0,0.0,0.0,0.0,0.0,0.0,0.4955497668996985,0.5044502331003015
2019-04-23,0.0,0.0,0.0,0.0,0.0,0.0,0.49504829879555773,0.5049517012044422
2019-04-24,0.0,0.0,0.0,0.0,0.0,0.0,0.4962398143615943,0.5037601856384056
2019-04-25,0.0,0.0,0.0,0.0,0.0,0.0,0.49600114060992284,0.5039988593900772
2019-04-26,0.0,0.0,0.0,0.0,0.0,0.0,0.4959714411117862,0.5040285588882139
2019-04-29,0.0,0.0,0.0,0.0,0.0,0.0,0.4953552493221834,0.5046447506778167
2019-04-30,0.0,0.0,0.0,0.0,0.0,0.0,0.4965273431295709,0.503472656870429
2019-05-01,0.0,0.0,0.0,0.0,0.0,0.0,0.5,0.5
2019-05-02,0.0,0.0,0.0,0.0,0.0,0.0,0.49971294454929077,0.5002870554507093
2019-05-03,0.0,0.0,0.0,0.0,0.0,0.0,0.4993048362909067,0.5006951637090933
2019-05-06,0.0,0.0,0.0,0.0,0.0,0.0,0.4996551564816944,0.5003448435183055
2019-05-07,0.0,0.0,0.0,0.0,0.0,0.0,0.5015842310714328,0.49841576892856715
2019-05-08,0.0,0.0,0.0,0.0,0.0,0.0,0.5013427643943257,0.4986572356056742
2019-05-09,0.0,0.0,0.0,0.0,0.0,0.0,0.5021337704843365,0.49786622951566345
2019-05-10,0.0,0.0,0.0,0.0,0.0,0.0,0.5016460608415498,0.49835393915845017
2019-05-13,0.0,0.0,0.0,0.0,0.0,0.0,0.5034551175095728,0.49654488249042716
2019-05-14,0.0,0.0,0.0,0.0,0.0,0.0,0.5023613037884241,0.49763869621157586
2019-05-15,0.0,0.0,0.0,0.0,0.0,0.0,0.5032003583200304,0.49679964167996954
2019-05-16,0.0,0.0,0.0,0.0,0.0,0.0,0.5027645342739143,0.4972354657260857
2019-05-17,0.0,0.0,0.0,0.0,0.0,0.0,0.5032998245467938,0.49670017545320627
2019-05-20,0.0,0.0,0.0,0.0,0.0,0.0,0.5033710949407973,0.49662890505920254
2019-05-21,0.0,0.0,0.0,0.0,0.0,0.0,0.502763046676186,0.4972369533238139
2019-05-22,0.0,0.0,0.0,0.0,0.0,0.0,0.5038780915884346,0.49612190841156534
2019-05-23,0.0,0.0,0.0,0.0,0.0,0.0,0.5061293759765794,0.49387062402342063
2019-05-24,0.0,0.0,0.0,0.0,0.0,0.0,0.5058220876544989,0.4941779123455012
2019-05-28,0.0,0.0,0.0,0.0,0.0,0.0,0.5074483578003303,0.4925516421996697
2019-05-29,0.0,0.0,0.0,0.0,0.0,0.0,0.5081003319513926,0.49189966804860735
2019-05-30,0.0,0.0,0.0,0.0,0.0,0.0,0.5088055523453946,0.4911944476546054
2019-05-31,0.0,0.0,0.0,0.0,0.0,0.0,0.5113349629034368,0.4886650370965631
2019-06-03,0.0,0.0,0.0,0.0,0.0,0.0,0.5,0.5
2019-06-04,0.0,0.0,0.0,0.0,0.0,0.0,0.49705038889353886,0.5029496111064611
2019-06-05,0.0,0.0,0.0,0.0,0.0,0.0,0.49579906107605676,0.5042009389239432
2019-06-06,0.0,0.0,0.0,0.0,0.0,0.0,0.49612875281540525,0.5038712471845948
2019-06-07,0.0,0.0,0.0,0.0,0.0,0.0,0.49716937889691876,0.5028306211030813
2019-06-10,0.0,0.0,0.0,0.0,0.0,0.0,0.4957116224543411,0.5042883775456589
2019-06-11,0.0,0.0,0.0,0.0,0.0,0.0,0.49563812141916636,0.5043618785808337
2019-06-12,0.0,0.0,0.0,0.0,0.0,0.0,0.49545835071037103,0.5045416492896289
2019-06-13,0.0,0.0,0.0,0.0,0.0,0.0,0.49568030867417834,0.5043196913258218
2019-06-14,0.0,0.0,0.0,0.0,0.0,0.0,0.49620593462169593,0.503794065378304
2019-06-17,0.0,0.0,0.0,0.0,0.0,0.0,0.4965196620251854,0.5034803379748146
2019-06-18,0.0,0.0,0.0,0.0,0.0,0.0,0.49611295789705295,0.5038870421029471
2019-06-19,0.0,0.0,0.0,0.0,0.0,0.0,0.49488668793754786,0.5051133120624521
2019-06-20,0.0,0.0,0.0,0.0,0.0,0.0,0.4941925822730662,0.5058074177269338
2019-06-21,0.0,0.0,0.0,0.0,0.0,0.0,0.4923393191527848,0.5076606808472153
2019-06-24,0.0,0.0,0.0,0.0,0.0,0.0,0.49357036887827777,0.5064296311217222
2019-06-25,0.0,0.0,0.0,0.0,0.0,0.0,0.4950903099013953,0.5049096900986048
2019-06-26,0.0,0.0,0.0,0.0,0.0,0.0,0.493991745897275,0.506008254102725
2019-06-27,0.0,0.0,0.0,0.0,0.0,0.0,0.4942919395663713,0.5057080604336287
2019-06-28,0.0,0.0,0.0,0.0,0.0,0.0,0.4934787164439803,0.5065212835560197
2019-07-01,0.0,0.0,0.0,0.0,0.0,0.0,0.5,0.5
2019-07-02,0.0,0.0,0.0,0.0,0.0,0.0,0.5012379862844768,0.49876201371552326
2019-07-03,0.0,0.0,0.0,0.0,0.0,0.0,0.5023325055217844,0.49766749447821557
2019-07-05,0.0,0.0,0.0,0.0,0.0,0.0,0.5012056050740115,0.4987943949259885
2019-07-08,0.0,0.0,0.0,0.0,0.0,0.0,0.5018886702649906,0.49811132973500927
2019-07-09,0.0,0.0,0.0,0.0,0.0,0.0,0.5023205011683183,0.4976794988316816
2019-07-10,0.0,0.0,0.0,0.0,0.0,0.0,0.5003734029241295,0.49962659707587054
2019-07-11,0.0,0.0,0.0,0.0,0.0,0.0,0.498493176484299,0.501506823515701
2019-07-12,0.0,0.0,0.0,0.0,0.0,0.0,0.4985374710785527,0.5014625289214473
2019-07-15,0.0,0.0,0.0,0.0,0.0,0.0,0.4995469742139039,0.5004530257860961
2019-07-16,0.0,0.0,0.0,0.0,0.0,0.0,0.49932940342364635,0.5006705965763537
2019-07-17,0.0,0.0,0.0,0.0,0.0,0.0,0.5006967542381662,0.4993032457618339
2019-07-18,0.0,0.0,0.0,0.0,0.0,0.0,0.5001301284126491,0.49986987158735086
2019-07-19,0.0,0.0,0.0,0.0,0.0,0.0,0.4999257753330067,0.5000742246669933
2019-07-22,0.0,0.0,0.0,0.0,0.0,0.0,0.49963371267394796,0.500366287326052
2019-07-23,0.0,0.0,0.0,0.0,0.0,0.0,0.4981246803631424,0.5018753196368576
2019-07-24,0.0,0.0,0.0,0.0,0.0,0.0,0.49850497010396155,0.5014950298960384
2019-07-25,0.0,0.0,0.0,0.0,0.0,0.0,0.4981111517784492,0.5018888482215508
2019-07-26,0.0,0.0,0.0,0.0,0.0,0.0,0.4983591826163089,0.5016408173836912
2019-07-29,0.0,0.0,0.0,0.0,0.0,0.0,0.49859608320163656,0.5014039167983634
2019-07-30,0.0,0.0,0.0,0.0,0.0,0.0,0.4992842244267745,0.5007157755732254
2019-07-31,0.0,0.0,0.0,0.0,0.0,0.0,0.5010650939354436,0.49893490606455637
2019-08-01,0.0,0.0,0.0,0.0,0.0,0.0,0.5,0.5
2019-08-02,0.0,0.0,0.0,0.0,0.0,0.0,0.5020398163946073,0.4979601836053927
2019-08-05,0.0,0.0,0.0,0.0,0.0,0.0,0.5061450276228431,0.493854972377157
2019-08-06,0.0,0.0,0.0,0.0,0.0,0.0,0.5065824925996691,0.4934175074003309
2019-08-07,0.0,0.0,0.0,0.0,0.0,0.0,0.5067115293932545,0.49328847060674547
2019-08-08,0.0,0.0,0.0,0.0,0.0,0.0,0.506572691675167,0.493427308324833
2019-08-09,0.0,0.0,0.0,0.0,0.0,0.0,0.5068068408182976,0.4931931591817024
2019-08-12,0.0,0.0,0.0,0.0,0.0,0.0,0.5104011378493153,0.4895988621506847
2019-08-13,0.0,0.0,0.0,0.0,0.0,0.0,0.5097405784845116,0.49025942151548835
2019-08-14,0.0,0.0,0.0,0.0,0.0,0.0,0.5145780959397288,0.48542190406027125
2019-08-15,0.0,0.0,0.0,0.0,0.0,0.0,0.5161236422657297,0.48387635773427035
2019-08-16,0.0,0.0,0.0,0.0,0.0,0.0,0.513665068978275,0.4863349310217249
2019-08-19,0.0,0.0,0.0,0.0,0.0,0.0,0.5108879814905654,0.48911201850943453
2019-08-20,0.0,0.0,0.0,0.0,0.0,0.0,0.5120126291236897,0.48798737087631033
2019-08-21,0.0,0.0,0.0,0.0,0.0,0.0,0.5098934098430905,0.49010659015690955
2019-08-22,0.0,0.0,0.0,0.0,0.0,0.0,0.5091449099454318,0.49085509005456823
2019-08-23,0.0,0.0,0.0,0.0,0.0,0.0,0.5123018346136079,0.48769816538639205
2019-08-26,0.0,0.0,0.0,0.0,0.0,0.0,0.5112704047714943,0.4887295952285057
2019-08-27,0.0,0.0,0.0,0.0,0.0,0.0,0.5137517668168435,0.4862482331831565
2019-08-28,0.0,0.0,0.0,0.0,0.0,0.0,0.5140731645568988,0.4859268354431012
2019-08-29,0.0,0.0,0.0,0.0,0.0,0.0,0.5136671430497726,0.4863328569502275
2019-08-30,0.0,0.0,0.0,0.0,0.0,0.0,0.5137738675087564,0.4862261324912436
2019-09-03,0.0,0.0,0.0,0.0,0.0,0.0,0.5,0.5
2019-09-04,0.0,0.0,0.0,0.0,0.0,0.0,0.49990617145244676,0.5000938285475531
2019-09-05,0.0,0.0,0.0,0.0,0.0,0.0,0.49717167261751916,0.5028283273824808
2019-09-06,0.0,0.0,0.0,0.0,0.0,0.0,0.4980446737395228,0.5019553262604771
2019-09-09,0.0,0.0,0.0,0.0,0.0,0.0,0.49540498357547597,0.5045950164245241
2019-09-10,0.0,0.0,0.0,0.0,0.0,0.0,0.4930971993345454,0.5069028006654546
2019-09-11,0.0,0.0,0.0,0.0,0.0,0.0,0.4928509584907225,0.5071490415092774
2019-09-12,0.0,0.0,0.0,0.0,0.0,0.0,0.49154577915016434,0.5084542208498357
2019-09-13,0.0,0.0,0.0,0.0,0.0,0.0,0.488405300391748,0.5115946996082519
2019-09-16,0.0,0.0,0.0,0.0,0.0,0.0,0.490309836812318,0.509690163187682
2019-09-17,0.0,0.0,0.0,0.0,0.0,0.0,0.4910243530554907,0.5089756469445093
2019-09-18,0.0,0.0,0.0,0.0,0.0,0.0,0.4914668354851308,0.5085331645148692
2019-09-19,0.0,0.0,0.0,0.0,0.0,0.0,0.4915041711637235,0.5084958288362765
2019-09-20,0.0,0.0,0.0,0.0,0.0,0.0,0.4930684853637655,0.5069315146362344
2019-09-23,0.0,0.0,0.0,0.0,0.0,0.0,0.4931925269153783,0.5068074730846217
2019-09-24,0.0,0.0,0.0,0.0,0.0,0.0,0.4954021734701746,0.5045978265298253
2019-09-25,0.0,0.0,0.0,0.0,0.0,0.0,0.49313467469222305,0.506865325307777
2019-09-26,0.0,0.0,0.0,0.0,0.0,0.0,0.49420559646227796,0.5057944035377221
2019-09-27,0.0,0.0,0.0,0.0,0.0,0.0,0.49476021746843163,0.5052397825315683
2019-09-30,0.0,0.0,0.0,0.0,0.0,0.0,0.49454757390621557,0.5054524260937844
2019-10-01,0.0,0.0,0.0,0.0,0.0,0.0,0.5,0.5
2019-10-02,0.0,0.0,0.0,0.0,0.0,0.0,0.5007084011428046,0.4992915988571953
2019-10-03,0.0,0.0,0.0,0.0,0.0,0.0,0.5019980572794122,0.49800194272058773
2019-10-04,0.0,0.0,0.0,0.0,0.0,0.0,0.5028018443351919,0.4971981556648081
2019-10-07,0.0,0.0,0.0,0.0,0.0,0.0,0.5019913268604159,0.498008673139584
2019-10-08,0.0,0.0,0.0,0.0,0.0,0.0,0.5028793984766673,0.49712060152333265
2019-10-09,0.0,0.0,0.0,0.0,0.0,0.0,0.5013652578035187,0.4986347421964813
2019-10-10,0.0,0.0,0.0,0.0,0.0,0.0,0.49908784238051274,0.5009121576194873
2019-10-11,0.0,0.0,0.0,0.0,0.0,0.0,0.4964282282568412,0.5035717717431588
2019-10-14,0.0,0.0,0.0,0.0,0.0,0.0,0.497409382757067,0.5025906172429331
2019-10-15,0.0,0.0,0.0,0.0,0.0,0.0,0.49503904241104457,0.5049609575889554
2019-10-16,0.0,0.0,0.0,0.0,0.0,0.0,0.49506691574128386,0.5049330842587162
2019-10-17,0.0,0.0,0.0,0.0,0.0,0.0,0.4941041671886663,0.5058958328113337
2019-10-18,0.0,0.0,0.0,0.0,0.0,0.0,0.4937893508932706,0.5062106491067294
2019-10-21,0.0,0.0,0.0,0.0,0.0,0.0,0.49247268585339693,0.5075273141466031
2019-10-22,0.0,0.0,0.0,0.0,0.0,0.0,0.49349698966816613,0.506503010331834
2019-10-23,0.0,0.0,0.0,0.0,0.0,0.0,0.4936102220847315,0.5063897779152684
2019-10-24,0.0,0.0,0.0,0.0,0.0,0.0,0.49255814679448406,0.5074418532055159
2019-10-25,0.0,0.0,0.0,0.0,0.0,0.0,0.49176607252515064,0.5082339274748494
2019-10-28,0.0,0.0,0.0,0.0,0.0,0.0,0.49023002337400307,0.509769976625997
2019-10-29,0.0,0.0,0.0,0.0,0.0,0.0,0.49104509276656133,0.5089549072334387
2019-10-30,0.0,0.0,0.0,0.0,0.0,0.0,0.49378845984912595,0.506211540150874
2019-10-31,0.0,0.0,0.0,0.0,0.0,0.0,0.49562651080007186,0.5043734891999281
2019-11-01,0.0,0.0,0.0,0.0,0.0,0.0,0.5,0.5
2019-11-04,0.0,0.0,0.0,0.0,0.0,0.0,0.49786709719072775,0.5021329028092723
2019-11-05,0.0,0.0,0.0,0.0,0.0,0.0,0.4964820743089574,0.5035179256910426
2019-11-06,0.0,0.0,0.0,0.0,0.0,0.0,0.4965873956280455,0.5034126043719545
2019-11-07,0.0,0.0,0.0,0.0,0.0,0.0,0.49397511862072774,0.5060248813792722
2019-11-08,0.0,0.0,0.0,0.0,0.0,0.0,0.493258869699423,0.506741130300577
2019-11-11,0.0,0.0,0.0,0.0,0.0,0.0,0.4933460237854239,0.5066539762145761
2019-11-12,0.0,0.0,0.0,0.0,0.0,0.0,0.49425298535937695,0.505747014640623
2019-11-13,0.0,0.0,0.0,0.0,0.0,0.0,0.495274623225918,0.504725376774082
2019-11-14,0.0,0.0,0.0,0.0,0.0,0.0,0.4965395170395573,0.5034604829604428
2019-11-15,0.0,0.0,0.0,0.0,0.0,0.0,0.4962277823606033,0.5037722176393967
2019-11-18,0.0,0.0,0.0,0.0,0.0,0.0,0.4964053232897515,0.5035946767102485
2019-11-19,0.0,0.0,0.0,0.0,0.0,0.0,0.4979882877826395,0.5020117122173604
2019-11-20,0.0,0.0,0.0,0.0,0.0,0.0,0.50020850671652,0.49979149328348
2019-11-21,0.0,0.0,0.0,0.0,0.0,0.0,0.4992282403967243,0.5007717596032758
2019-11-22,0.0,0.0,0.0,0.0,0.0,0.0,0.49886257582196764,0.5011374241780323
2019-11-25,0.0,0.0,0.0,0.0,0.0,0.0,0.49873270593830893,0.5012672940616911
2019-11-26,0.0,0.0,0.0,0.0,0.0,0.0,0.49954541039241307,0.500454589607587
2019-11-27,0.0,0.0,0.0,0.0,0.0,0.0,0.4988375262988847,0.5011624737011153
2019-11-29,0.0,0.0,0.0,0.0,0.0,0.0,0.4988115351080116,0.5011884648919884
2019-12-02,0.0,0.0,0.0,0.0,0.0,0.0,0.5,0.5
2019-12-03,0.0,0.0,0.0,0.0,0.0,0.0,0.5032669007640728,0.49673309923592723
2019-12-04,0.0,0.0,0.0,0.0,0.0,0.0,0.5010902326431591,0.49890976735684095
2019-12-05,0.0,0.0,0.0,0.0,0.0,0.0,0.5001452652036142,0.49985473479638576
2019-12-06,0.0,0.0,0.0,0.0,0.0,0.0,0.49889477980322855,0.5011052201967714
2019-12-09,0.0,0.0,0.0,0.0,0.0,0.0,0.49947518877035396,0.5005248112296461
2019-12-10,0.0,0.0,0.0,0.0,0.0,0.0,0.49949338031806173,0.5005066196819382
2019-12-11,0.0,0.0,0.0,0.0,0.0,0.0,0.5004735626658628,0.4995264373341371
2019-12-12,0.0,0.0,0.0,0.0,0.0,0.0,0.4974784488682556,0.5025215511317443
2019-12-13,0.0,0.0,0.0,0.0,0.0,0.0,0.4987323998309617,0.5012676001690383
2019-12-16,0.0,0.0,0.0,0.0,0.0,0.0,0.49704009038404556,0.5029599096159545
2019-12-17,0.0,0.0,0.0,0.0,0.0,0.0,0.49689038698600646,0.5031096130139936
2019-12-18,0.0,0.0,0.0,0.0,0.0,0.0,0.49500484005748907,0.5049951599425109
2019-12-19,0.0,0.0,0.0,0.0,0.0,0.0,0.4951576506870114,0.5048423493129885
2019-12-20,0.0,0.0,0.0,0.0,0.0,0.0,0.49556544377695916,0.5044345562230409
2019-12-23,0.0,0.0,0.0,0.0,0.0,0.0,0.495081861106373,0.5049181388936269
2019-12-24,0.0,0.0,0.0,0.0,0.0,0.0,0.49554111521143285,0.504458884788567
2019-12-26,0.0,0.0,0.0,0.0,0.0,0.0,0.4956938654897194,0.5043061345102805
2019-12-27,0.0,0.0,0.0,0.0,0.0,0.0,0.49561608918879696,0.504383910811203
2019-12-30,0.0,0.0,0.0,0.0,0.0,0.0,0.4942563709238142,0.5057436290761858
2019-12-31,0.0,0.0,0.0,0.0,0.0,0.0,0.4928294135568026,0.5071705864431973
2020-01-02,0.0,0.0,0.0,0.5,0.0,0.0,0.0,0.5
2020-01-03,0.0,0.0,0.0,0.4960233504628945,0.0,0.0,0.0,0.5039766495371055
2020-01-06,0.0,0.0,0.0,0.4978327183846542,0.0,0.0,0.0,0.5021672816153459
2020-01-07,0.0,0.0,0.0,0.4977929080759263,0.0,0.0,0.0,0.5022070919240738
2020-01-08,0.0,0.0,0.0,0.49886490238159115,0.0,0.0,0.0,0.5011350976184088
2020-01-09,0.0,0.0,0.0,0.49824840655022373,0.0,0.0,0.0,0.5017515934497763
2020-01-10,0.0,0.0,0.0,0.49661380983976183,0.0,0.0,0.0,0.5033861901602382
2020-01-13,0.0,0.0,0.0,0.498509243530357,0.0,0.0,0.0,0.5014907564696429
2020-01-14,0.0,0.0,0.0,0.49844852237003406,0.0,0.0,0.0,0.5015514776299659
2020-01-15,0.0,0.0,0.0,0.49790461591625934,0.0,0.0,0.0,0.5020953840837405
2020-01-16,0.0,0.0,0.0,0.4985907743061066,0.0,0.0,0.0,0.5014092256938935
2020-01-17,0.0,0.0,0.0,0.49937658847661304,0.0,0.0,0.0,0.5006234115233871
2020-01-21,0.0,0.0,0.0,0.4961808763142074,0.0,0.0,0.0,0.5038191236857926
2020-01-22,0.0,0.0,0.0,0.49654664873239174,0.0,0.0,0.0,0.5034533512676084
2020-01-23,0.0,0.0,0.0,0.4956109009744816,0.0,0.0,0.0,0.5043890990255183
2020-01-24,0.0,0.0,0.0,0.49411089023248544,0.0,0.0,0.0,0.5058891097675146
2020-01-27,0.0,0.0,0.0,0.4883975816346289,0.0,0.0,0.0,0.5116024183653711
2020-01-28,0.0,0.0,0.0,0.49087112860367405,0.0,0.0,0.0,0.509128871396326
2020-01-29,0.0,0.0,0.0,0.4901028697703901,0.0,0.0,0.0,0.5098971302296099
2020-01-30,0.0,0.0,0.0,0.4897316786021573,0.0,0.0,0.0,0.5102683213978427
2020-01-31,0.0,0.0,0.0,0.48482459834280633,0.0,0.0,0.0,0.5151754016571937
2020-02-03,0.0,0.0,0.0,0.5,0.0,0.0,0.0,0.5
2020-02-04,0.0,0.0,0.0,0.504754909894356,0.0,0.0,0.0,0.4952450901056441
2020-02-05,0.0,0.0,0.0,0.5072959769813271,0.0,0.0,0.0,0.4927040230186729
2020-02-06,0.0,0.0,0.0,0.5080941086044864,0.0,0.0,0.0,0.4919058913955136
2020-02-07,0.0,0.0,0.0,0.5047551099338979,0.0,0.0,0.0,0.49524489006610206
2020-02-10,0.0,0.0,0.0,0.5046698721134468,0.0,0.0,0.0,0.4953301278865531
2020-02-11,0.0,0.0,0.0,0.506727159461676,0.0,0.0,0.0,0.493272840538324
2020-02-12,0.0,0.0,0.0,0.507702521185544,0.0,0.0,0.0,0.49229747881445596
2020-02-13,0.0,0.0,0.0,0.5061140355394955,0.0,0.0,0.0,0.4938859644605044
2020-02-14,0.0,0.0,0.0,0.5050694584654225,0.0,0.0,0.0,0.4949305415345774
2020-02-18,0.0,0.0,0.0,0.502998177096786,0.0,0.0,0.0,0.4970018229032141
2020-02-19,0.0,0.0,0.0,0.5041760900492944,0.0,0.0,0.0,0.49582390995070547
2020-02-20,0.0,0.0,0.0,0.5018481443262605,0.0,0.0,0.0,0.4981518556737395
2020-02-21,0.0,0.0,0.0,0.5001850213175232,0.0,0.0,0.0,0.4998149786824768
2020-02-24,0.0,0.0,0.0,0.48994445637146583,0.0,0.0,0.0,0.5100555436285342
2020-02-25,0.0,0.0,0.0,0.4855460946149322,0.0,0.0,0.0,0.5144539053850679
2020-02-26,0.0,0.0,0.0,0.48678573683190796,0.0,0.0,0.0,0.5132142631680919
2020-02-27,0.0,0.0,0.0,0.48061624415326737,0.0,0.0,0.0,0.5193837558467326
2020-02-28,0.0,0.0,0.0,0.47630671423382864,0.0,0.0,0.0,0.5236932857661715
2020-03-02,0.0,0.0,0.0,0.5,0.0,0.0,0.0,0.5
2020-03-03,0.0,0.0,0.0,0.4951381570226337,0.0,0.0,0.0,0.5048618429773664
2020-03-04,0.0,0.0,0.0,0.5021484572275557,0.0,0.0,0.0,0.49785154277244426
2020-03-05,0.0,0.0,0.0,0.49551443140770346,0.0,0.0,0.0,0.5044855685922965
2020-03-06,0.0,0.0,0.0,0.49000093120413674,0.0,0.0,0.0,0.5099990687958632
2020-03-09,0.0,0.0,0.0,0.4759767310110853,0.0,0.0,0.0,0.5240232689889146
2020-03-10,0.0,0.0,0.0,0.4907040521907599,0.0,0.0,0.0,0.50929594780924
2020-03-11,0.0,0.0,0.0,0.48598624951760666,0.0,0.0,0.0,0.5140137504823933
2020-03-12,0.0,0.0,0.0,0.46913971425690976,0.0,0.0,0.0,0.5308602857430902
2020-03-13,0.0,0.0,0.0,0.47321534470487187,0.0,0.0,0.0,0.5267846552951281
2020-03-16,0.0,0.0,0.0,0.4497123111653064,0.0,0.0,0.0,0.5502876888346936
2020-03-17,0.0,0.0,0.0,0.47191401474193617,0.0,0.0,0.0,0.5280859852580638
2020-03-18,0.0,0.0,0.0,0.4700065688879806,0.0,0.0,0.0,0.5299934311120194
2020-03-19,0.0,0.0,0.0,0.48650157057133275,0.0,0.0,0.0,0.5134984294286673
2020-03-20,0.0,0.0,0.0,0.479404565059539,0.0,0.0,0.0,0.5205954349404611
2020-03-23,0.0,0.0,0.0,0.45871928184289734,0.0,0.0,0.0,0.5412807181571027
2020-03-24,0.0,0.0,0.0,0.4739083667829474,0.0,0.0,0.0,0.5260916332170525
2020-03-25,0.0,0.0,0.0,0.4702288899336055,0.0,0.0,0.0,0.5297711100663944
2020-03-26,0.0,0.0,0.0,0.48094068897671893,0.0,0.0,0.0,0.5190593110232811
2020-03-27,0.0,0.0,0.0,0.4742389599566168,0.0,0.0,0.0,0.5257610400433832
2020-03-30,0.0,0.0,0.0,0.47621998411623734,0.0,0.0,0.0,0.5237800158837627
2020-03-31,0.0,0.0,0.0,0.4748634029905235,0.0,0.0,0.0,0.5251365970094765
2020-04-01,0.0,0.0,0.0,0.0,0.0,0.5,0.0,0.5
2020-04-02,0.0,0.0,0.0,0.0,0.0,0.5034071829030523,0.0,0.4965928170969477
2020-04-03,0.0,0.0,0.0,0.0,0.0,0.5059353867251145,0.0,0.49406461327488543
2020-04-06,0.0,0.0,0.0,0.0,0.0,0.5078825732217539,0.0,0.49211742677824605
2020-04-07,0.0,0.0,0.0,0.0,0.0,0.5061563763691582,0.0,0.4938436236308418
2020-04-08,0.0,0.0,0.0,0.0,0.0,0.4994521615456768,0.0,0.5005478384543232
2020-04-09,0.0,0.0,0.0,0.0,0.0,0.4944129808092885,0.0,0.5055870191907116
2020-04-13,0.0,0.0,0.0,0.0,0.0,0.5011008695548292,0.0,0.4988991304451708
2020-04-14,0.0,0.0,0.0,0.0,0.0,0.504288562421219,0.0,0.495711437578781
2020-04-15,0.0,0.0,0.0,0.0,0.0,0.501341325750637,0.0,0.4986586742493631
2020-04-16,0.0,0.0,0.0,0.0,0.0,0.5023705850093467,0.0,0.4976294149906533
2020-04-17,0.0,0.0,0.0,0.0,0.0,0.4966437660294498,0.0,0.5033562339705501
2020-04-20,0.0,0.0,0.0,0.0,0.0,0.49983991582199266,0.0,0.5001600841780074
2020-04-21,0.0,0.0,0.0,0.0,0.0,0.4990152401725226,0.0,0.5009847598274774
2020-04-22,0.0,0.0,0.0,0.0,0.0,0.5037305609448084,0.0,0.49626943905519166
2020-04-23,0.0,0.0,0.0,0.0,0.0,0.5051468485624222,0.0,0.49485315143757774
2020-04-24,0.0,0.0,0.0,0.0,0.0,0.5042464060134686,0.0,0.4957535939865315
2020-04-27,0.0,0.0,0.0,0.0,0.0,0.5046097132690361,0.0,0.49539028673096397
2020-04-28,0.0,0.0,0.0,0.0,0.0,0.5028150259769242,0.0,0.4971849740230759
2020-04-29,0.0,0.0,0.0,0.0,0.0,0.502555316777324,0.0,0.49744468322267604
2020-04-30,0.0,0.0,0.0,0.0,0.0,0.4996819926035514,0.0,0.5003180073964485
2020-05-01,0.0,0.0,0.0,0.0,0.0,0.5,0.0,0.5
2020-05-04,0.0,0.0,0.0,0.0,0.0,0.5004852949727381,0.0,0.4995147050272618
2020-05-05,0.0,0.0,0.0,0.0,0.0,0.501874142559804,0.0,0.49812585744019594
2020-05-06,0.0,0.0,0.0,0.0,0.0,0.5014596665454338,0.0,0.4985403334545662
2020-05-07,0.0,0.0,0.0,0.0,0.0,0.5045994349094982,0.0,0.49540056509050173
2020-05-08,0.0,0.0,0.0,0.0,0.0,0.5042933913944855,0.0,0.4957066086055146
2020-05-11,0.0,0.0,0.0,0.0,0.0,0.5049305399349387,0.0,0.4950694600650613
2020-05-12,0.0,0.0,0.0,0.0,0.0,0.5035032461431843,0.0,0.49649675385681574
2020-05-13,0.0,0.0,0.0,0.0,0.0,0.5053258724280525,0.0,0.49467412757194756
2020-05-14,0.0,0.0,0.0,0.0,0.0,0.5054710267965175,0.0,0.49452897320348255
2020-05-15,0.0,0.0,0.0,0.0,0.0,0.5060013681047877,0.0,0.4939986318952123
2020-05-18,0.0,0.0,0.0,0.0,0.0,0.5026877089363908,0.0,0.4973122910636092
2020-05-19,0.0,0.0,0.0,0.0,0.0,0.5048952536814502,0.0,0.49510474631854984
2020-05-20,0.0,0.0,0.0,0.0,0.0,0.5027593224727982,0.0,0.49724067752720175
2020-05-21,0.0,0.0,0.0,0.0,0.0,0.4992796943014157,0.0,0.5007203056985844
2020-05-22,0.0,0.0,0.0,0.0,0.0,0.5007545434092288,0.0,0.49924545659077124
2020-05-26,0.0,0.0,0.0,0.0,0.0,0.4975198677665665,0.0,0.5024801322334336
2020-05-27,0.0,0.0,0.0,0.0,0.0,0.496937991889046,0.0,0.5030620081109539
2020-05-28,0.0,0.0,0.0,0.0,0.0,0.4975642325093969,0.0,0.5024357674906031
2020-05-29,0.0,0.0,0.0,0.0,0.0,0.4977824402987149,0.0,0.5022175597012851
2020-06-01,0.0,0.0,0.0,0.0,0.0,0.5,0.0,0.5
2020-06-02,0.0,0.0,0.0,0.0,0.0,0.49757917261418866,0.0,0.5024208273858114
2020-06-03,0.0,0.0,0.0,0.0,0.0,0.4930754136752875,0.0,0.5069245863247125
2020-06-04,0.0,0.0,0.0,0.0,0.0,0.49645176007429304,0.0,0.503548239925707
2020-06-05,0.0,0.0,0.0,0.0,0.0,0.4900434940879328,0.0,0.5099565059120672
2020-06-08,0.0,0.0,0.0,0.0,0.0,0.49190352908337326,0.0,0.5080964709166267
2020-06-09,0.0,0.0,0.0,0.0,0.0,0.49483004316882423,0.0,0.5051699568311757
2020-06-10,0.0,0.0,0.0,0.0,0.0,0.4967485549341719,0.0,0.503251445065828
2020-06-11,0.0,0.0,0.0,0.0,0.0,0.497938541765581,0.0,0.5020614582344191
2020-06-12,0.0,0.0,0.0,0.0,0.0,0.4970803906578234,0.0,0.5029196093421765
2020-06-15,0.0,0.0,0.0,0.0,0.0,0.4931082051483654,0.0,0.5068917948516345
2020-06-16,0.0,0.0,0.0,0.0,0.0,0.49367489934111713,0.0,0.5063251006588828
2020-06-17,0.0,0.0,0.0,0.0,0.0,0.4946380900374978,0.0,0.5053619099625022
2020-06-18,0.0,0.0,0.0,0.0,0.0,0.4935848825539852,0.0,0.5064151174460148
2020-06-19,0.0,0.0,0.0,0.0,0.0,0.49614108195565354,0.0,0.5038589180443465
2020-06-22,0.0,0.0,0.0,0.0,0.0,0.4979941168959988,0.0,0.5020058831040011
2020-06-23,0.0,0.0,0.0,0.0,0.0,0.5005575040893773,0.0,0.4994424959106228
2020-06-24,0.0,0.0,0.0,0.0,0.0,0.5003782465116208,0.0,0.49962175348837934
2020-06-25,0.0,0.0,0.0,0.0,0.0,0.4999649353536443,0.0,0.5000350646463557
2020-06-26,0.0,0.0,0.0,0.0,0.0,0.5008534078446959,0.0,0.49914659215530416
2020-06-29,0.0,0.0,0.0,0.0,0.0,0.4998302437324519,0.0,0.5001697562675481
2020-06-30,0.0,0.0,0.0,0.0,0.0,0.5002306689205601,0.0,0.4997693310794398
2020-07-01,0.0,0.0,0.0,0.0,0.0,0.5,0.0,0.5
2020-07-02,0.0,0.0,0.0,0.0,0.0,0.4999280449132471,0.0,0.5000719550867528
2020-07-06,0.0,0.0,0.0,0.0,0.0,0.5007735916209314,0.0,0.4992264083790686
2020-07-07,0.0,0.0,0.0,0.0,0.0,0.502014109349044,0.0,0.497985890650956
2020-07-08,0.0,0.0,0.0,0.0,0.0,0.5039681188077233,0.0,0.49603188119227665
2020-07-09,0.0,0.0,0.0,0.0,0.0,0.50189142132711,0.0,0.49810857867288993
2020-07-10,0.0,0.0,0.0,0.0,0.0,0.5017017663949294,0.0,0.4982982336050707
2020-07-13,0.0,0.0,0.0,0.0,0.0,0.5026751513347659,0.0,0.497324848665234
2020-07-14,0.0,0.0,0.0,0.0,0.0,0.5023850674251039,0.0,0.49761493257489603
2020-07-15,0.0,0.0,0.0,0.0,0.0,0.5021105058284935,0.0,0.49788949417150646
2020-07-16,0.0,0.0,0.0,0.0,0.0,0.4990417382556374,0.0,0.5009582617443625
2020-07-17,0.0,0.0,0.0,0.0,0.0,0.500418204129597,0.0,0.499581795870403
2020-07-20,0.0,0.0,0.0,0.0,0.0,0.5009296053719883,0.0,0.4990703946280118
2020-07-21,0.0,0.0,0.0,0.0,0.0,0.5035977124891772,0.0,0.49640228751082294
2020-07-22,0.0,0.0,0.0,0.0,0.0,0.5065546672036461,0.0,0.49344533279635394
2020-07-23,0.0,0.0,0.0,0.0,0.0,0.5085703256586771,0.0,0.4914296743413229
2020-07-24,0.0,0.0,0.0,0.0,0.0,0.5112652217675001,0.0,0.48873477823249994
2020-07-27,0.0,0.0,0.0,0.0,0.0,0.5169123946053252,0.0,0.48308760539467477
2020-07-28,0.0,0.0,0.0,0.0,0.0,0.5192403127104263,0.0,0.48075968728957386
2020-07-29,0.0,0.0,0.0,0.0,0.0,0.519750719473047,0.0,0.48024928052695315
2020-07-30,0.0,0.0,0.0,0.0,0.0,0.5181672221375928,0.0,0.48183277786240714
2020-07-31,0.0,0.0,0.0,0.0,0.0,0.5200825448721875,0.0,0.47991745512781253
2020-08-03,0.0,0.0,0.0,0.0,0.0,0.5,0.0,0.5
2020-08-04,0.0,0.0,0.0,0.0,0.0,0.50434290704314,0.0,0.49565709295685995
2020-08-05,0.0,0.0,0.0,0.0,0.0,0.5069953286360447,0.0,0.4930046713639553
2020-08-06,0.0,0.0,0.0,0.0,0.0,0.509229134329026,0.0,0.490770865670974
2020-08-07,0.0,0.0,0.0,0.0,0.0,0.5059283260984057,0.0,0.49407167390159434
2020-08-10,0.0,0.0,0.0,0.0,0.0,0.5056032283486595,0.0,0.49439677165134066
2020-08-11,0.0,0.0,0.0,0.0,0.0,0.49338227303715615,0.0,0.5066177269628439
2020-08-12,0.0,0.0,0.0,0.0,0.0,0.4928310558355346,0.0,0.5071689441644655
2020-08-13,0.0,0.0,0.0,0.0,0.0,0.5009354407483897,0.0,0.4990645592516102
2020-08-14,0.0,0.0,0.0,0.0,0.0,0.5009611308127782,0.0,0.4990388691872218
2020-08-17,0.0,0.0,0.0,0.0,0.0,0.5058099030641059,0.0,0.49419009693589416
2020-08-18,0.0,0.0,0.0,0.0,0.0,0.5073341118817786,0.0,0.4926658881182215
2020-08-19,0.0,0.0,0.0,0.0,0.0,0.4999782015303939,0.0,0.5000217984696061
2020-08-20,0.0,0.0,0.0,0.0,0.0,0.5008181924444017,0.0,0.49918180755559816
2020-08-21,0.0,0.0,0.0,0.0,0.0,0.49834885311682725,0.0,0.5016511468831727
2020-08-24,0.0,0.0,0.0,0.0,0.0,0.4973703181778246,0.0,0.5026296818221753
2020-08-25,0.0,0.0,0.0,0.0,0.0,0.49875926471407034,0.0,0.5012407352859297
2020-08-26,0.0,0.0,0.0,0.0,0.0,0.5016019780972977,0.0,0.4983980219027024
2020-08-27,0.0,0.0,0.0,0.0,0.0,0.5006927872497214,0.0,0.4993072127502786
2020-08-28,0.0,0.0,0.0,0.0,0.0,0.5042400710996726,0.0,0.4957599289003275
2020-08-31,0.0,0.0,0.0,0.0,0.0,0.5037271626857929,0.0,0.4962728373142071
2020-09-01,0.0,0.0,0.0,0.0,0.0,0.5,0.0,0.5
2020-09-02,0.0,0.0,0.0,0.0,0.0,0.495705818766393,0.0,0.504294181233607
2020-09-03,0.0,0.0,0.0,0.0,0.0,0.49422095032018937,0.0,0.5057790496798107
2020-09-04,0.0,0.0,0.0,0.0,0.0,0.4975817300275185,0.0,0.5024182699724814
2020-09-08,0.0,0.0,0.0,0.0,0.0,0.49685885352555903,0.0,0.503141146474441
2020-09-09,0.0,0.0,0.0,0.0,0.0,0.4991077521900415,0.0,0.5008922478099586
2020-09-10,0.0,0.0,0.0,0.0,0.0,0.49811566206903973,0.0,0.5018843379309602
2020-09-11,0.0,0.0,0.0,0.0,0.0,0.49791721722869614,0.0,0.5020827827713038
2020-09-14,0.0,0.0,0.0,0.0,0.0,0.4992554289762503,0.0,0.5007445710237497
2020-09-15,0.0,0.0,0.0,0.0,0.0,0.498380389185586,0.0,0.501619610814414
2020-09-16,0.0,0.0,0.0,0.0,0.0,0.49892251129730947,0.0,0.5010774887026906
2020-09-17,0.0,0.0,0.0,0.0,0.0,0.49749104950703904,0.0,0.502508950492961
2020-09-18,0.0,0.0,0.0,0.0,0.0,0.4982788220940665,0.0,0.5017211779059336
2020-09-21,0.0,0.0,0.0,0.0,0.0,0.4934457585207102,0.0,0.5065542414792898
2020-09-22,0.0,0.0,0.0,0.0,0.0,0.4920841008486046,0.0,0.5079158991513953
2020-09-23,0.0,0.0,0.0,0.0,0.0,0.4884369016962521,0.0,0.5115630983037479
2020-09-24,0.0,0.0,0.0,0.0,0.0,0.4899959655582104,0.0,0.5100040344417897
2020-09-25,0.0,0.0,0.0,0.0,0.0,0.4895433599097644,0.0,0.5104566400902356
2020-09-28,0.0,0.0,0.0,0.0,0.0,0.4907820483391596,0.0,0.5092179516608405
2020-09-29,0.0,0.0,0.0,0.0,0.0,0.49319591658305584,0.0,0.506804083416944
2020-09-30,0.0,0.0,0.0,0.0,0.0,0.4917276202553388,0.0,0.5082723797446613
2020-10-01,0.0,0.0,0.0,0.0,0.0,0.5,0.0,0.5
2020-10-02,0.0,0.0,0.0,0.0,0.0,0.4997389235681524,0.0,0.5002610764318476
2020-10-05,0.0,0.0,0.0,0.0,0.0,0.5017900374919848,0.0,0.49820996250801525
2020-10-06,0.0,0.0,0.0,0.0,0.0,0.4990372461591089,0.0,0.5009627538408911
2020-10-07,0.0,0.0,0.0,0.0,0.0,0.49884994723329434,0.0,0.5011500527667058
2020-10-08,0.0,0.0,0.0,0.0,0.0,0.49912341789143616,0.0,0.5008765821085638
2020-10-09,0.0,0.0,0.0,0.0,0.0,0.5030481032169984,0.0,0.4969518967830016
2020-10-12,0.0,0.0,0.0,0.0,0.0,0.5008880922463961,0.0,0.49911190775360387
2020-10-13,0.0,0.0,0.0,0.0,0.0,0.49716423900744794,0.0,0.502835760992552
2020-10-14,0.0,0.0,0.0,0.0,0.0,0.49769714944788934,0.0,0.5023028505521107
2020-10-15,0.0,0.0,0.0,0.0,0.0,0.4988649884819012,0.0,0.5011350115180988
2020-10-16,0.0,0.0,0.0,0.0,0.0,0.4984218056610741,0.0,0.5015781943389258
2020-10-19,0.0,0.0,0.0,0.0,0.0,0.49902871688480427,0.0,0.5009712831151958
2020-10-20,0.0,0.0,0.0,0.0,0.0,0.5007496303053213,0.0,0.4992503696946788
2020-10-21,0.0,0.0,0.0,0.0,0.0,0.5030338966162753,0.0,0.49696610338372466
2020-10-22,0.0,0.0,0.0,0.0,0.0,0.5011294618497468,0.0,0.4988705381502532
2020-10-23,0.0,0.0,0.0,0.0,0.0,0.5002314348272464,0.0,0.49976856517275353
2020-10-26,0.0,0.0,0.0,0.0,0.0,0.4995861252430469,0.0,0.5004138747569531
2020-10-27,0.0,0.0,0.0,0.0,0.0,0.49922606290242083,0.0,0.5007739370975792
2020-10-28,0.0,0.0,0.0,0.0,0.0,0.4963971436165782,0.0,0.5036028563834217
2020-10-29,0.0,0.0,0.0,0.0,0.0,0.4960089294505565,0.0,0.5039910705494435
2020-10-30,0.0,0.0,0.0,0.0,0.0,0.4984516426683774,0.0,0.5015483573316225
2020-11-02,0.0,0.0,0.0,0.0,0.0,0.5,0.0,0.5
2020-11-03,0.0,0.0,0.0,0.0,0.0,0.5011728324202761,0.0,0.49882716757972384
2020-11-04,0.0,0.0,0.0,0.0,0.0,0.4973137051627579,0.0,0.502686294837242
2020-11-05,0.0,0.0,0.0,0.0,0.0,0.5020596583164897,0.0,0.49794034168351037
2020-11-06,0.0,0.0,0.0,0.0,0.0,0.5032027465436298,0.0,0.4967972534563701
2020-11-09,0.0,0.0,0.0,0.0,0.0,0.493780813165333,0.0,0.506219186834667
2020-11-10,0.0,0.0,0.0,0.0,0.0,0.4952556832330288,0.0,0.5047443167669712
2020-11-11,0.0,0.0,0.0,0.0,0.0,0.49370871050779536,0.0,0.5062912894922046
2020-11-12,0.0,0.0,0.0,0.0,0.0,0.49422167880441864,0.0,0.5057783211955814
2020-11-13,0.0,0.0,0.0,0.0,0.0,0.4956258689688034,0.0,0.5043741310311965
2020-11-16,0.0,0.0,0.0,0.0,0.0,0.4948028699547951,0.0,0.5051971300452048
2020-11-17,0.0,0.0,0.0,0.0,0.0,0.4930778401331717,0.0,0.5069221598668283
2020-11-18,0.0,0.0,0.0,0.0,0.0,0.49111352886391946,0.0,0.5088864711360805
2020-11-19,0.0,0.0,0.0,0.0,0.0,0.489260046983745,0.0,0.510739953016255
2020-11-20,0.0,0.0,0.0,0.0,0.0,0.4902329031343727,0.0,0.5097670968656273
2020-11-23,0.0,0.0,0.0,0.0,0.0,0.4849547658868434,0.0,0.5150452341131567
2020-11-24,0.0,0.0,0.0,0.0,0.0,0.48166007865369354,0.0,0.5183399213463065
2020-11-25,0.0,0.0,0.0,0.0,0.0,0.481397105418932,0.0,0.518602894581068
2020-11-27,0.0,0.0,0.0,0.0,0.0,0.4779638040720518,0.0,0.5220361959279483
2020-11-30,0.0,0.0,0.0,0.0,0.0,0.4754268677823958,0.0,0.5245731322176042
2020-12-01,0.0,0.0,0.0,0.0,0.0,0.5,0.0,0.5
2020-12-02,0.0,0.0,0.0,0.0,0.0,0.5027100555945921,0.0,0.4972899444054078
2020-12-03,0.0,0.0,0.0,0.0,0.0,0.5036886622918508,0.0,0.4963113377081491
2020-12-04,0.0,0.0,0.0,0.0,0.0,0.5043618626694779,0.0,0.49563813733052203
2020-12-07,0.0,0.0,0.0,0.0,0.0,0.5078434013238361,0.0,0.49215659867616385
2020-12-08,0.0,0.0,0.0,0.0,0.0,0.5090054024525585,0.0,0.49099459754744146
2020-12-09,0.0,0.0,0.0,0.0,0.0,0.5056100199797675,0.0,0.49438998002023243
2020-12-10,0.0,0.0,0.0,0.0,0.0,0.5038888152965163,0.0,0.4961111847034837
2020-12-11,0.0,0.0,0.0,0.0,0.0,0.5040979283623659,0.0,0.495902071637634
2020-12-14,0.0,0.0,0.0,0.0,0.0,0.502899470129141,0.0,0.49710052987085895
2020-12-15,0.0,0.0,0.0,0.0,0.0,0.5058811022415678,0.0,0.49411889775843215
2020-12-16,0.0,0.0,0.0,0.0,0.0,0.5074570412153672,0.0,0.4925429587846329
2020-12-17,0.0,0.0,0.0,0.0,0.0,0.5097081961810856,0.0,0.49029180381891435
2020-12-18,0.0,0.0,0.0,0.0,0.0,0.5094656804305865,0.0,0.49053431956941357
2020-12-21,0.0,0.0,0.0,0.0,0.0,0.5091636722300733,0.0,0.49083632776992675
2020-12-22,0.0,0.0,0.0,0.0,0.0,0.5064877372479615,0.0,0.49351226275203847
2020-12-23,0.0,0.0,0.0,0.0,0.0,0.5080892338060973,0.0,0.4919107661939028
2020-12-24,0.0,0.0,0.0,0.0,0.0,0.5082292240803197,0.0,0.4917707759196802
2020-12-28,0.0,0.0,0.0,0.0,0.0,0.5071573125889356,0.0,0.4928426874110644
2020-12-29,0.0,0.0,0.0,0.0,0.0,0.5079572132580252,0.0,0.4920427867419747
2020-12-30,0.0,0.0,0.0,0.0,0.0,0.5095372540355957,0.0,0.4904627459644042
2020-12-31,0.0,0.0,0.0,0.0,0.0,0.510409368217334,0.0,0.4895906317826661
2021-01-04,0.0,0.0,0.0,0.0,0.0,0.5,0.0,0.5
2021-01-05,0.0,0.0,0.0,0.0,0.0,0.5015409959628188,0.0,0.49845900403718124
2021-01-06,0.0,0.0,0.0,0.0,0.0,0.4994813736456691,0.0,0.5005186263543309
2021-01-07,0.0,0.0,0.0,0.0,0.0,0.4989337912940629,0.0,0.5010662087059371
2021-01-08,0.0,0.0,0.0,0.0,0.0,0.4904168415362271,0.0,0.5095831584637729
2021-01-11,0.0,0.0,0.0,0.0,0.0,0.4909961013542936,0.0,0.5090038986457064
2021-01-12,0.0,0.0,0.0,0.0,0.0,0.49207342943997895,0.0,0.5079265705600211
2021-01-13,0.0,0.0,0.0,0.0,0.0,0.4890650564377808,0.0,0.5109349435622191
2021-01-14,0.0,0.0,0.0,0.0,0.0,0.4900176520013683,0.0,0.5099823479986316
2021-01-15,0.0,0.0,0.0,0.0,0.0,0.48651236990236424,0.0,0.5134876300976358
2021-01-19,0.0,0.0,0.0,0.0,0.0,0.48818028684073195,0.0,0.511819713159268
2021-01-20,0.0,0.0,0.0,0.0,0.0,0.4922898145366375,0.0,0.5077101854633624
2021-01-21,0.0,0.0,0.0,0.0,0.0,0.49312492408351594,0.0,0.506875075916484
2021-01-22,0.0,0.0,0.0,0.0,0.0,0.49133345902890563,0.0,0.5086665409710944
2021-01-25,0.0,0.0,0.0,0.0,0.0,0.49048307456995127,0.0,0.5095169254300488
2021-01-26,0.0,0.0,0.0,0.0,0.0,0.4898831965146308,0.0,0.5101168034853691
2021-01-27,0.0,0.0,0.0,0.0,0.0,0.48873549011321626,0.0,0.5112645098867837
2021-01-28,0.0,0.0,0.0,0.0,0.0,0.48937151393172124,0.0,0.5106284860682787
2021-01-29,0.0,0.0,0.0,0.0,0.0,0.4896569085356932,0.0,0.5103430914643068
2021-02-01,0.0,0.0,0.0,0.0,0.0,0.5,0.0,0.5
2021-02-02,0.0,0.0,0.0,0.0,0.0,0.49760405679421543,0.0,0.5023959432057846
2021-02-03,0.0,0.0,0.0,0.0,0.0,0.49781840842466435,0.0,0.5021815915753356
2021-02-04,0.0,0.0,0.0,0.0,0.0,0.4919518675935019,0.0,0.5080481324064982
2021-02-05,0.0,0.0,0.0,0.0,0.0,0.495074043269223,0.0,0.5049259567307769
2021-02-08,0.0,0.0,0.0,0.0,0.0,0.4965053883358467,0.0,0.5034946116641533
2021-02-09,0.0,0.0,0.0,0.0,0.0,0.4977084189706291,0.0,0.5022915810293709
2021-02-10,0.0,0.0,0.0,0.0,0.0,0.4980308422286557,0.0,0.5019691577713443
2021-02-11,0.0,0.0,0.0,0.0,0.0,0.4965152478509458,0.0,0.5034847521490542
2021-02-12,0.0,0.0,0.0,0.0,0.0,0.4965703155438607,0.0,0.5034296844561392
2021-02-16,0.0,0.0,0.0,0.0,0.0,0.4947257926100538,0.0,0.5052742073899462
2021-02-17,0.0,0.0,0.0,0.0,0.0,0.4906228298346496,0.0,0.5093771701653504
2021-02-18,0.0,0.0,0.0,0.0,0.0,0.49109172594346717,0.0,0.5089082740565328
2021-02-19,0.0,0.0,0.0,0.0,0.0,0.4939405135160914,0.0,0.5060594864839085
2021-02-22,0.0,0.0,0.0,0.0,0.0,0.49921764853322775,0.0,0.5007823514667722
2021-02-23,0.0,0.0,0.0,0.0,0.0,0.4984530390340439,0.0,0.501546960965956
2021-02-24,0.0,0.0,0.0,0.0,0.0,0.49789832082825564,0.0,0.5021016791717443
2021-02-25,0.0,0.0,0.0,0.0,0.0,0.49713925238574064,0.0,0.5028607476142594
2021-02-26,0.0,0.0,0.0,0.0,0.0,0.4877301471511774,0.0,0.5122698528488226
2021-03-01,0.0,0.0,0.0,0.0,0.0,0.5,0.0,0.5
2021-03-02,0.0,0.0,0.0,0.0,0.0,0.5016421964372844,0.0,0.4983578035627157
2021-03-03,0.0,0.0,0.0,0.0,0.0,0.5007347771369454,0.0,0.4992652228630547
2021-03-04,0.0,0.0,0.0,0.0,0.0,0.5003137936390708,0.0,0.49968620636092914
2021-03-05,0.0,0.0,0.0,0.0,0.0,0.5007982543628134,0.0,0.49920174563718644
2021-03-08,0.0,0.0,0.0,0.0,0.0,0.5005348556955456,0.0,0.4994651443044545
2021-03-09,0.0,0.0,0.0,0.0,0.0,0.5039174109079554,0.0,0.4960825890920446
2021-03-10,0.0,0.0,0.0,0.0,0.0,0.5040140465546428,0.0,0.49598595344535723
2021-03-11,0.0,0.0,0.0,0.0,0.0,0.5036438877627761,0.0,0.496356112237224
2021-03-12,0.0,0.0,0.0,0.0,0.0,0.5064937019891053,0.0,0.49350629801089474
2021-03-15,0.0,0.0,0.0,0.0,0.0,0.5067373106589741,0.0,0.49326268934102596
2021-03-16,0.0,0.0,0.0,0.0,0.0,0.5071426323921209,0.0,0.492857367607879
2021-03-17,0.0,0.0,0.0,0.0,0.0,0.5086897883704697,0.0,0.4913102116295302
2021-03-18,0.0,0.0,0.0,0.0,0.0,0.5086692720318282,0.0,0.4913307279681718
2021-03-19,0.0,0.0,0.0,0.0,0.0,0.5093430179322287,0.0,0.49065698206777136
2021-03-22,0.0,0.0,0.0,0.0,0.0,0.5080831811763643,0.0,0.49191681882363564
2021-03-23,0.0,0.0,0.0,0.0,0.0,0.5055170023743516,0.0,0.4944829976256484
2021-03-24,0.0,0.0,0.0,0.0,0.0,0.5056287162803897,0.0,0.49437128371961037
2021-03-25,0.0,0.0,0.0,0.0,0.0,0.5050076544602559,0.0,0.49499234553974414
2021-03-26,0.0,0.0,0.0,0.0,0.0,0.5058909731124235,0.0,0.4941090268875766
2021-03-29,0.0,0.0,0.0,0.0,0.0,0.5034979750535823,0.0,0.4965020249464176
2021-03-30,0.0,0.0,0.0,0.0,0.0,0.49841594480642104,0.0,0.501584055193579
2021-03-31,0.0,0.0,0.0,0.0,0.0,0.5015249525020875,0.0,0.49847504749791255
2021-04-01,0.0,0.0,0.0,0.0,0.0,0.0,0.5,0.5
2021-04-05,0.0,0.0,0.0,0.0,0.0,0.0,0.5001347155120387,0.49986528448796125
2021-04-06,0.0,0.0,0.0,0.0,0.0,0.0,0.5001593303245727,0.49984066967542734
2021-04-07,0.0,0.0,0.0,0.0,0.0,0.0,0.49890944237919993,0.5010905576208
2021-04-08,0.0,0.0,0.0,0.0,0.0,0.0,0.5000473759589786,0.4999526240410214
2021-04-09,0.0,0.0,0.0,0.0,0.0,0.0,0.4996556830455034,0.5003443169544965
2021-04-12,0.0,0.0,0.0,0.0,0.0,0.0,0.49960397311451454,0.5003960268854855
2021-04-13,0.0,0.0,0.0,0.0,0.0,0.0,0.5003638494158873,0.49963615058411276
2021-04-14,0.0,0.0,0.0,0.0,0.0,0.0,0.49991130789663146,0.5000886921033685
2021-04-15,0.0,0.0,0.0,0.0,0.0,0.0,0.5025208228292026,0.49747917717079737
2021-04-16,0.0,0.0,0.0,0.0,0.0,0.0,0.502282391149926,0.4977176088500739
2021-04-19,0.0,0.0,0.0,0.0,0.0,0.0,0.5022127144500461,0.49778728554995383
2021-04-20,0.0,0.0,0.0,0.0,0.0,0.0,0.5028846375323565,0.4971153624676436
2021-04-21,0.0,0.0,0.0,0.0,0.0,0.0,0.5025285265167188,0.49747147348328125
2021-04-22,0.0,0.0,0.0,0.0,0.0,0.0,0.5033699453438725,0.49663005465612753
2021-04-23,0.0,0.0,0.0,0.0,0.0,0.0,0.5025726528863727,0.4974273471136273
2021-04-26,0.0,0.0,0.0,0.0,0.0,0.0,0.502329378904346,0.497670621095654
2021-04-27,0.0,0.0,0.0,0.0,0.0,0.0,0.5012624076881386,0.4987375923118614
2021-04-28,0.0,0.0,0.0,0.0,0.0,0.0,0.5013864817163046,0.4986135182836955
2021-04-29,0.0,0.0,0.0,0.0,0.0,0.0,0.5009519189690845,0.4990480810309156
2021-04-30,0.0,0.0,0.0,0.0,0.0,0.0,0.5010144780148925,0.4989855219851074
2021-05-03,0.0,0.0,0.0,0.0,0.0,0.0,0.5,0.5
2021-05-04,0.0,0.0,0.0,0.0,0.0,0.0,0.5015383909038398,0.4984616090961602
2021-05-05,0.0,0.0,0.0,0.0,0.0,0.0,0.5016459038776269,0.4983540961223732
2021-05-06,0.0,0.0,0.0,0.0,0.0,0.0,0.5015820876291307,0.4984179123708692
2021-05-07,0.0,0.0,0.0,0.0,0.0,0.0,0.5002512752034917,0.4997487247965084
2021-05-10,0.0,0.0,0.0,0.0,0.0,0.0,0.4990575357330147,0.5009424642669854
2021-05-11,0.0,0.0,0.0,0.0,0.0,0.0,0.4985560021486318,0.5014439978513682
2021-05-12,0.0,0.0,0.0,0.0,0.0,0.0,0.49727831050399346,0.5027216894960066
2021-05-13,0.0,0.0,0.0,0.0,0.0,0.0,0.4967237874073522,0.5032762125926479
2021-05-14,0.0,0.0,0.0,0.0,0.0,0.0,0.49769252544960313,0.5023074745503968
2021-05-17,0.0,0.0,0.0,0.0,0.0,0.0,0.4974494366457762,0.5025505633542239
2021-05-18,0.0,0.0,0.0,0.0,0.0,0.0,0.4976314909924215,0.5023685090075785
2021-05-19,0.0,0.0,0.0,0.0,0.0,0.0,0.49746717086046455,0.5025328291395355
2021-05-20,0.0,0.0,0.0,0.0,0.0,0.0,0.4978132041005674,0.5021867958994326
2021-05-21,0.0,0.0,0.0,0.0,0.0,0.0,0.49844186827434395,0.501558131725656
2021-05-24,0.0,0.0,0.0,0.0,0.0,0.0,0.4986815958520986,0.5013184041479013
2021-05-25,0.0,0.0,0.0,0.0,0.0,0.0,0.5000574170918078,0.49994258290819216
2021-05-26,0.0,0.0,0.0,0.0,0.0,0.0,0.4997593587216085,0.5002406412783914
2021-05-27,0.0,0.0,0.0,0.0,0.0,0.0,0.4995104571251335,0.5004895428748666
2021-05-28,0.0,0.0,0.0,0.0,0.0,0.0,0.49890471858081314,0.5010952814191869
2021-06-01,0.0,0.0,0.0,0.0,0.0,0.0,0.5,0.5
2021-06-02,0.0,0.0,0.0,0.0,0.0,0.0,0.5001791210344811,0.4998208789655189
2021-06-03,0.0,0.0,0.0,0.0,0.0,0.0,0.5002280805606785,0.4997719194393215
2021-06-04,0.0,0.0,0.0,0.0,0.0,0.0,0.5018620848760137,0.4981379151239863
2021-06-07,0.0,0.0,0.0,0.0,0.0,0.0,0.5013006889191552,0.49869931108084475
2021-06-08,0.0,0.0,0.0,0.0,0.0,0.0,0.502106013936424,0.49789398606357604
2021-06-09,0.0,0.0,0.0,0.0,0.0,0.0,0.5033991954258322,0.49660080457416783
2021-06-10,0.0,0.0,0.0,0.0,0.0,0.0,0.5037690585315663,0.4962309414684338
2021-06-11,0.0,0.0,0.0,0.0,0.0,0.0,0.5031592987909284,0.49684070120907176
2021-06-14,0.0,0.0,0.0,0.0,0.0,0.0,0.5021553758303242,0.49784462416967584
2021-06-15,0.0,0.0,0.0,0.0,0.0,0.0,0.501666663615245,0.498333336384755
2021-06-16,0.0,0.0,0.0,0.0,0.0,0.0,0.5021675822654956,0.49783241773450426
2021-06-17,0.0,0.0,0.0,0.0,0.0,0.0,0.5044946407491931,0.4955053592508068
2021-06-18,0.0,0.0,0.0,0.0,0.0,0.0,0.507845726416174,0.49215427358382596
2021-06-21,0.0,0.0,0.0,0.0,0.0,0.0,0.5050809158176622,0.49491908418233777
2021-06-22,0.0,0.0,0.0,0.0,0.0,0.0,0.5052792427944913,0.4947207572055086
2021-06-23,0.0,0.0,0.0,0.0,0.0,0.0,0.5050272478479033,0.49497275215209663
2021-06-24,0.0,0.0,0.0,0.0,0.0,0.0,0.5049420417903705,0.49505795820962945
2021-06-25,0.0,0.0,0.0,0.0,0.0,0.0,0.5029874437947656,0.49701255620523443
2021-06-28,0.0,0.0,0.0,0.0,0.0,0.0,0.5044792187210444,0.4955207812789556
2021-06-29,0.0,0.0,0.0,0.0,0.0,0.0,0.5045988481412674,0.4954011518587327
2021-06-30,0.0,0.0,0.0,0.0,0.0,0.0,0.5054304398307867,0.49456956016921333
2021-07-01,0.0,0.0,0.0,0.0,0.0,0.0,0.5,0.5
2021-07-02,0.0,0.0,0.0,0.0,0.0,0.0,0.500796013122785,0.49920398687721507
2021-07-06,0.0,0.0,0.0,0.0,0.0,0.0,0.5027991663246606,0.4972008336753394
2021-07-07,0.0,0.0,0.0,0.0,0.0,0.0,0.5041528239258802,0.49584717607411966
2021-07-08,0.0,0.0,0.0,0.0,0.0,0.0,0.5050010891568385,0.49499891084316155
2021-07-09,0.0,0.0,0.0,0.0,0.0,0.0,0.5025153320913017,0.4974846679086983
2021-07-12,0.0,0.0,0.0,0.0,0.0,0.0,0.5023207718063372,0.4976792281936627
2021-07-13,0.0,0.0,0.0,0.0,0.0,0.0,0.5013294397223252,0.4986705602776748
2021-07-14,0.0,0.0,0.0,0.0,0.0,0.0,0.5030020111046141,0.49699798889538593
2021-07-15,0.0,0.0,0.0,0.0,0.0,0.0,0.5052073226103063,0.49479267738969374
2021-07-16,0.0,0.0,0.0,0.0,0.0,0.0,0.5050872341153264,0.49491276588467364
2021-07-19,0.0,0.0,0.0,0.0,0.0,0.0,0.5087190808552888,0.4912809191447112
2021-07-20,0.0,0.0,0.0,0.0,0.0,0.0,0.5066477492279736,0.49335225077202627
2021-07-21,0.0,0.0,0.0,0.0,0.0,0.0,0.5043466884120221,0.49565331158797776
2021-07-22,0.0,0.0,0.0,0.0,0.0,0.0,0.5056657785302668,0.4943342214697332
2021-07-23,0.0,0.0,0.0,0.0,0.0,0.0,0.5040985708967821,0.4959014291032178
2021-07-26,0.0,0.0,0.0,0.0,0.0,0.0,0.5039096437330745,0.49609035626692555
2021-07-27,0.0,0.0,0.0,0.0,0.0,0.0,0.5054952652223561,0.49450473477764384
2021-07-28,0.0,0.0,0.0,0.0,0.0,0.0,0.5050714866421161,0.49492851335788396
2021-07-29,0.0,0.0,0.0,0.0,0.0,0.0,0.5043971454314712,0.49560285456852887
2021-07-30,0.0,0.0,0.0,0.0,0.0,0.0,0.505368300718447,0.49463169928155315
2021-08-02,0.0,0.0,0.0,0.0,0.0,0.0,0.5,0.5
2021-08-03,0.0,0.0,0.0,0.0,0.0,0.0,0.49987602636356415,0.5001239736364359
2021-08-04,0.0,0.0,0.0,0.0,0.0,0.0,0.5003343753658572,0.4996656246341427
2021-08-05,0.0,0.0,0.0,0.0,0.0,0.0,0.5000858770229629,0.49991412297703713
2021-08-06,0.0,0.0,0.0,0.0,0.0,0.0,0.49792784196229545,0.5020721580377046
2021-08-09,0.0,0.0,0.0,0.0,0.0,0.0,0.49810854748358707,0.501891452516413
2021-08-10,0.0,0.0,0.0,0.0,0.0,0.0,0.4975114556492216,0.5024885443507784
2021-08-11,0.0,0.0,0.0,0.0,0.0,0.0,0.49696579490847304,0.5030342050915271
2021-08-12,0.0,0.0,0.0,0.0,0.0,0.0,0.4962015546651229,0.5037984453348772
2021-08-13,0.0,0.0,0.0,0.0,0.0,0.0,0.4984483256811732,0.5015516743188269
2021-08-16,0.0,0.0,0.0,0.0,0.0,0.0,0.49890532806560434,0.5010946719343957
2021-08-17,0.0,0.0,0.0,0.0,0.0,0.0,0.4992490909485513,0.5007509090514487
2021-08-18,0.0,0.0,0.0,0.0,0.0,0.0,0.5002542433565096,0.49974575664349036
2021-08-19,0.0,0.0,0.0,0.0,0.0,0.0,0.5015146661907406,0.49848533380925936
2021-08-20,0.0,0.0,0.0,0.0,0.0,0.0,0.5015142786747192,0.49848572132528085
2021-08-23,0.0,0.0,0.0,0.0,0.0,0.0,0.5011634033080564,0.4988365966919436
2021-08-24,0.0,0.0,0.0,0.0,0.0,0.0,0.49978502388890916,0.5002149761110908
2021-08-25,0.0,0.0,0.0,0.0,0.0,0.0,0.4983484275213686,0.5016515724786315
2021-08-26,0.0,0.0,0.0,0.0,0.0,0.0,0.49911417308218364,0.5008858269178164
2021-08-27,0.0,0.0,0.0,0.0,0.0,0.0,0.49942038016893175,0.5005796198310682
2021-08-30,0.0,0.0,0.0,0.0,0.0,0.0,0.4996475892930255,0.5003524107069746
2021-08-31,0.0,0.0,0.0,0.0,0.0,0.0,0.49851224869417965,0.5014877513058204
2021-09-01,0.0,0.0,0.0,0.0,0.0,0.0,0.5,0.5
2021-09-02,0.0,0.0,0.0,0.0,0.0,0.0,0.5006458442133142,0.49935415578668585
2021-09-03,0.0,0.0,0.0,0.0,0.0,0.0,0.49926774459916307,0.5007322554008369
2021-09-07,0.0,0.0,0.0,0.0,0.0,0.0,0.498337831466258,0.501662168533742
2021-09-08,0.0,0.0,0.0,0.0,0.0,0.0,0.49923474418825387,0.500765255811746
2021-09-09,0.0,0.0,0.0,0.0,0.0,0.0,0.5006148242198727,0.4993851757801274
2021-09-10,0.0,0.0,0.0,0.0,0.0,0.0,0.49912039093066135,0.5008796090693387
2021-09-13,0.0,0.0,0.0,0.0,0.0,0.0,0.5000230571987253,0.4999769428012747
2021-09-14,0.0,0.0,0.0,0.0,0.0,0.0,0.5022807304236739,0.497719269576326
2021-09-15,0.0,0.0,0.0,0.0,0.0,0.0,0.5016966716429813,0.49830332835701874
2021-09-16,0.0,0.0,0.0,0.0,0.0,0.0,0.5008984430689618,0.49910155693103825
2021-09-17,0.0,0.0,0.0,0.0,0.0,0.0,0.5002480546460985,0.4997519453539015
2021-09-20,0.0,0.0,0.0,0.0,0.0,0.0,0.5025548485362854,0.4974451514637147
2021-09-21,0.0,0.0,0.0,0.0,0.0,0.0,0.5023580825568599,0.4976419174431402
2021-09-22,0.0,0.0,0.0,0.0,0.0,0.0,0.5031458191652846,0.4968541808347155
2021-09-23,0.0,0.0,0.0,0.0,0.0,0.0,0.499164176745099,0.5008358232549011
2021-09-24,0.0,0.0,0.0,0.0,0.0,0.0,0.49724561185531513,0.5027543881446849
2021-09-27,0.0,0.0,0.0,0.0,0.0,0.0,0.4964547099258492,0.5035452900741507
2021-09-28,0.0,0.0,0.0,0.0,0.0,0.0,0.49521380542555127,0.5047861945744487
2021-09-29,0.0,0.0,0.0,0.0,0.0,0.0,0.49570336064686615,0.5042966393531338
2021-09-30,0.0,0.0,0.0,0.0,0.0,0.0,0.4963257818165933,0.5036742181834066
2021-10-01,0.0,0.0,0.0,0.0,0.0,0.0,0.5,0.5
2021-10-04,0.0,0.0,0.0,0.0,0.0,0.0,0.4997745542058749,0.5002254457941251
2021-10-05,0.0,0.0,0.0,0.0,0.0,0.0,0.4983804626948326,0.5016195373051674
2021-10-06,0.0,0.0,0.0,0.0,0.0,0.0,0.49971168400681615,0.5002883159931839
2021-10-07,0.0,0.0,0.0,0.0,0.0,0.0,0.49819497059871365,0.5018050294012865
2021-10-08,0.0,0.0,0.0,0.0,0.0,0.0,0.4975933067573766,0.5024066932426234
2021-10-11,0.0,0.0,0.0,0.0,0.0,0.0,0.49743292782107307,0.5025670721789269
2021-10-12,0.0,0.0,0.0,0.0,0.0,0.0,0.5000805533126489,0.4999194466873512
2021-10-13,0.0,0.0,0.0,0.0,0.0,0.0,0.5012382904263376,0.49876170957366245
2021-10-14,0.0,0.0,0.0,0.0,0.0,0.0,0.5009847808648349,0.49901521913516517
2021-10-15,0.0,0.0,0.0,0.0,0.0,0.0,0.5004230269095654,0.49957697309043464
2021-10-18,0.0,0.0,0.0,0.0,0.0,0.0,0.5017989759993955,0.49820102400060445
2021-10-19,0.0,0.0,0.0,0.0,0.0,0.0,0.4997011594003779,0.5002988405996222
2021-10-20,0.0,0.0,0.0,0.0,0.0,0.0,0.4986127270877822,0.5013872729122179
2021-10-21,0.0,0.0,0.0,0.0,0.0,0.0,0.498845564106255,0.501154435893745
2021-10-22,0.0,0.0,0.0,0.0,0.0,0.0,0.5005803161482728,0.49941968385172714
2021-10-25,0.0,0.0,0.0,0.0,0.0,0.0,0.5000850391346575,0.4999149608653426
2021-10-26,0.0,0.0,0.0,0.0,0.0,0.0,0.501069654284439,0.49893034571556105
2021-10-27,0.0,0.0,0.0,0.0,0.0,0.0,0.5040585232327948,0.4959414767672052
2021-10-28,0.0,0.0,0.0,0.0,0.0,0.0,0.5035851960863004,0.4964148039136996
2021-10-29,0.0,0.0,0.0,0.0,0.0,0.0,0.5044790168575412,0.49552098314245885
2021-11-01,0.5,0.0,0.0,0.0,0.0,0.0,0.0,0.5
2021-11-02,0.5000516945624902,0.0,0.0,0.0,0.0,0.0,0.0,0.49994830543750973
2021-11-03,0.5022109434385349,0.0,0.0,0.0,0.0,0.0,0.0,0.49778905656146516
2021-11-04,0.5020754358206491,0.0,0.0,0.0,0.0,0.0,0.0,0.4979245641793509
2021-11-05,0.501117690149593,0.0,0.0,0.0,0.0,0.0,0.0,0.49888230985040705
2021-11-08,0.5019064528463998,0.0,0.0,0.0,0.0,0.0,0.0,0.4980935471536001
2021-11-09,0.5004106163931225,0.0,0.0,0.0,0.0,0.0,0.0,0.4995893836068776
2021-11-10,0.5009622468175134,0.0,0.0,0.0,0.0,0.0,0.0,0.4990377531824866
2021-11-11,0.5017556410300041,0.0,0.0,0.0,0.0,0.0,0.0,0.4982443589699959
2021-11-12,0.5038983207217035,0.0,0.0,0.0,0.0,0.0,0.0,0.4961016792782965
2021-11-15,0.5058897619450933,0.0,0.0,0.0,0.0,0.0,0.0,0.4941102380549068
2021-11-16,0.5072941358564691,0.0,0.0,0.0,0.0,0.0,0.0,0.49270586414353096
2021-11-17,0.5056827874593791,0.0,0.0,0.0,0.0,0.0,0.0,0.49431721254062083
2021-11-18,0.5059638983548977,0.0,0.0,0.0,0.0,0.0,0.0,0.49403610164510225
2021-11-19,0.5045755806651826,0.0,0.0,0.0,0.0,0.0,0.0,0.49542441933481746
2021-11-22,0.5060594284520072,0.0,0.0,0.0,0.0,0.0,0.0,0.49394057154799276
2021-11-23,0.5081779583097464,0.0,0.0,0.0,0.0,0.0,0.0,0.4918220416902536
2021-11-24,0.507645076120578,0.0,0.0,0.0,0.0,0.0,0.0,0.492354923879422
2021-11-26,0.4999825250348962,0.0,0.0,0.0,0.0,0.0,0.0,0.5000174749651038
2021-11-29,0.502860906783735,0.0,0.0,0.0,0.0,0.0,0.0,0.4971390932162651
2021-11-30,0.49740320782925884,0.0,0.0,0.0,0.0,0.0,0.0,0.502596792170741
2021-12-01,0.5,0.0,0.0,0.0,0.0,0.0,0.0,0.5
2021-12-02,0.5032172129935403,0.0,0.0,0.0,0.0,0.0,0.0,0.4967827870064597
2021-12-03,0.4989570526123821,0.0,0.0,0.0,0.0,0.0,0.0,0.5010429473876179
2021-12-06,0.5031697851975404,0.0,0.0,0.0,0.0,0.0,0.0,0.49683021480245965
2021-12-07,0.5081753935204202,0.0,0.0,0.0,0.0,0.0,0.0,0.4918246064795797
2021-12-08,0.5105060889449773,0.0,0.0,0.0,0.0,0.0,0.0,0.4894939110550227
2021-12-09,0.5090202559674268,0.0,0.0,0.0,0.0,0.0,0.0,0.4909797440325732
2021-12-10,0.511079257698112,0.0,0.0,0.0,0.0,0.0,0.0,0.4889207423018879
2021-12-13,0.5077289131214333,0.0,0.0,0.0,0.0,0.0,0.0,0.49227108687856663
2021-12-14,0.5071301296127109,0.0,0.0,0.0,0.0,0.0,0.0,0.4928698703872892
2021-12-15,0.5106851256514244,0.0,0.0,0.0,0.0,0.0,0.0,0.48931487434857557
2021-12-16,0.5084791607324591,0.0,0.0,0.0,0.0,0.0,0.0,0.49152083926754087
2021-12-17,0.5052215092239489,0.0,0.0,0.0,0.0,0.0,0.0,0.49477849077605107
2021-12-20,0.5036415564861266,0.0,0.0,0.0,0.0,0.0,0.0,0.49635844351387337
2021-12-21,0.5075514715580393,0.0,0.0,0.0,0.0,0.0,0.0,0.4924485284419608
2021-12-22,0.5096428240947489,0.0,0.0,0.0,0.0,0.0,0.0,0.490357175905251
2021-12-23,0.511569082592504,0.0,0.0,0.0,0.0,0.0,0.0,0.488430917407496
2021-12-27,0.5143467881681161,0.0,0.0,0.0,0.0,0.0,0.0,0.4856532118318838
2021-12-28,0.5144618430269153,0.0,0.0,0.0,0.0,0.0,0.0,0.4855381569730847
2021-12-29,0.5161567723421329,0.0,0.0,0.0,0.0,0.0,0.0,0.483843227657867
2021-12-30,0.5144658651087229,0.0,0.0,0.0,0.0,0.0,0.0,0.485534134891277
2021-12-31,0.5142121916431024,0.0,0.0,0.0,0.0,0.0,0.0,0.48578780835689767
2022-01-03,0.0,0.0,0.0,0.5,0.0,0.0,0.0,0.5
2022-01-04,0.0,0.0,0.0,0.5012068053110699,0.0,0.0,0.0,0.4987931946889301
2022-01-05,0.0,0.0,0.0,0.5004711639793833,0.0,0.0,0.0,0.4995288360206167
2022-01-06,0.0,0.0,0.0,0.49952711809968503,0.0,0.0,0.0,0.500472881900315
2022-01-07,0.0,0.0,0.0,0.5013351009527286,0.0,0.0,0.0,0.49866489904727146
2022-01-10,0.0,0.0,0.0,0.4992388056768829,0.0,0.0,0.0,0.500761194323117
2022-01-11,0.0,0.0,0.0,0.5011957742710555,0.0,0.0,0.0,0.4988042257289445
2022-01-12,0.0,0.0,0.0,0.5037971476481715,0.0,0.0,0.0,0.49620285235182854
2022-01-13,0.0,0.0,0.0,0.5011826223382989,0.0,0.0,0.0,0.49881737766170103
2022-01-14,0.0,0.0,0.0,0.5031454848390178,0.0,0.0,0.0,0.49685451516098217
2022-01-18,0.0,0.0,0.0,0.5018396804920081,0.0,0.0,0.0,0.49816031950799194
2022-01-19,0.0,0.0,0.0,0.5012242369465405,0.0,0.0,0.0,0.49877576305345944
2022-01-20,0.0,0.0,0.0,0.5001362816325234,0.0,0.0,0.0,0.4998637183674766
2022-01-21,0.0,0.0,0.0,0.4950868130807325,0.0,0.0,0.0,0.5049131869192676
2022-01-24,0.0,0.0,0.0,0.4933626579753982,0.0,0.0,0.0,0.5066373420246018
2022-01-25,0.0,0.0,0.0,0.4925380375777318,0.0,0.0,0.0,0.5074619624222683
2022-01-26,0.0,0.0,0.0,0.4932740353449243,0.0,0.0,0.0,0.5067259646550757
2022-01-27,0.0,0.0,0.0,0.49153354925771414,0.0,0.0,0.0,0.5084664507422858
2022-01-28,0.0,0.0,0.0,0.4920967079346597,0.0,0.0,0.0,0.5079032920653404
2022-01-31,0.0,0.0,0.0,0.4955988315904799,0.0,0.0,0.0,0.5044011684095201
2022-02-01,0.0,0.0,0.0,0.5,0.0,0.0,0.0,0.5
2022-02-02,0.0,0.0,0.0,0.5018352165583653,0.0,0.0,0.0,0.49816478344163473
2022-02-03,0.0,0.0,0.0,0.4998721560405393,0.0,0.0,0.0,0.5001278439594607
2022-02-04,0.0,0.0,0.0,0.5029627976431196,0.0,0.0,0.0,0.4970372023568804
2022-02-07,0.0,0.0,0.0,0.5029317036014217,0.0,0.0,0.0,0.49706829639857825
2022-02-08,0.0,0.0,0.0,0.5051444972749565,0.0,0.0,0.0,0.49485550272504353
2022-02-09,0.0,0.0,0.0,0.5083219235419847,0.0,0.0,0.0,0.4916780764580154
2022-02-10,0.0,0.0,0.0,0.5085476942648486,0.0,0.0,0.0,0.49145230573515136
2022-02-11,0.0,0.0,0.0,0.5028964981907827,0.0,0.0,0.0,0.49710350180921725
2022-02-14,0.0,0.0,0.0,0.5035052756926598,0.0,0.0,0.0,0.4964947243073403
2022-02-15,0.0,0.0,0.0,0.5093068638021256,0.0,0.0,0.0,0.49069313619787436
2022-02-16,0.0,0.0,0.0,0.5098865112477893,0.0,0.0,0.0,0.4901134887522107
2022-02-17,0.0,0.0,0.0,0.5056389256295593,0.0,0.0,0.0,0.49436107437044075
2022-02-18,0.0,0.0,0.0,0.5039717261526888,0.0,0.0,0.0,0.49602827384731124
2022-02-22,0.0,0.0,0.0,0.5013566222650097,0.0,0.0,0.0,0.49864337773499035
2022-02-23,0.0,0.0,0.0,0.5015762048496664,0.0,0.0,0.0,0.4984237951503337
2022-02-24,0.0,0.0,0.0,0.49701852018381887,0.0,0.0,0.0,0.5029814798161811
2022-02-25,0.0,0.0,0.0,0.5021755254960165,0.0,0.0,0.0,0.49782447450398354
2022-02-28,0.0,0.0,0.0,0.4947154268668616,0.0,0.0,0.0,0.5052845731331383
2022-03-01,0.0,0.0,0.0,0.0,0.0,0.5,0.0,0.5
2022-03-02,0.0,0.0,0.0,0.0,0.0,0.501214906046909,0.0,0.49878509395309106
2022-03-03,0.0,0.0,0.0,0.0,0.0,0.5017863739367803,0.0,0.49821362606321984
2022-03-04,0.0,0.0,0.0,0.0,0.0,0.5054943826810262,0.0,0.49450561731897374
2022-03-07,0.0,0.0,0.0,0.0,0.0,0.5122319411436318,0.0,0.4877680588563683
2022-03-08,0.0,0.0,0.0,0.0,0.0,0.520469501410592,0.0,0.47953049858940794
2022-03-09,0.0,0.0,0.0,0.0,0.0,0.5125059687396133,0.0,0.4874940312603868
2022-03-10,0.0,0.0,0.0,0.0,0.0,0.5161556928715554,0.0,0.4838443071284445
2022-03-11,0.0,0.0,0.0,0.0,0.0,0.5144981328089244,0.0,0.48550186719107546
2022-03-14,0.0,0.0,0.0,0.0,0.0,0.5143471899332326,0.0,0.4856528100667674
2022-03-15,0.0,0.0,0.0,0.0,0.0,0.5076745126927227,0.0,0.49232548730727727
2022-03-16,0.0,0.0,0.0,0.0,0.0,0.5071077971730411,0.0,0.4928922028269588
2022-03-17,0.0,0.0,0.0,0.0,0.0,0.5058886875490703,0.0,0.4941113124509297
2022-03-18,0.0,0.0,0.0,0.0,0.0,0.5031887650391892,0.0,0.49681123496081075
2022-03-21,0.0,0.0,0.0,0.0,0.0,0.5085836244837105,0.0,0.4914163755162895
2022-03-22,0.0,0.0,0.0,0.0,0.0,0.5073689683685723,0.0,0.4926310316314277
2022-03-23,0.0,0.0,0.0,0.0,0.0,0.510051609256693,0.0,0.48994839074330704
2022-03-24,0.0,0.0,0.0,0.0,0.0,0.511755327065952,0.0,0.488244672934048
2022-03-25,0.0,0.0,0.0,0.0,0.0,0.5127122884050606,0.0,0.48728771159493944
2022-03-28,0.0,0.0,0.0,0.0,0.0,0.5067420881068143,0.0,0.49325791189318563
2022-03-29,0.0,0.0,0.0,0.0,0.0,0.5047573884962891,0.0,0.4952426115037109
2022-03-30,0.0,0.0,0.0,0.0,0.0,0.5061806397233604,0.0,0.4938193602766397
2022-03-31,0.0,0.0,0.0,0.0,0.0,0.506855553457965,0.0,0.49314444654203504
2022-04-01,0.0,0.0,0.0,0.0,0.0,0.5,0.0,0.5
2022-04-04,0.0,0.0,0.0,0.0,0.0,0.5003430661160821,0.0,0.49965693388391774
2022-04-05,0.0,0.0,0.0,0.0,0.0,0.5031931885977835,0.0,0.49680681140221655
2022-04-06,0.0,0.0,0.0,0.0,0.0,0.505248379990098,0.0,0.494751620009902
2022-04-07,0.0,0.0,0.0,0.0,0.0,0.5073537136053838,0.0,0.4926462863946162
2022-04-08,0.0,0.0,0.0,0.0,0.0,0.5108901061357723,0.0,0.4891098938642276
2022-04-11,0.0,0.0,0.0,0.0,0.0,0.514568101881323,0.0,0.485431898118677
2022-04-12,0.0,0.0,0.0,0.0,0.0,0.5163060695219309,0.0,0.4836939304780691
2022-04-13,0.0,0.0,0.0,0.0,0.0,0.5162122037857005,0.0,0.48378779621429935
2022-04-14,0.0,0.0,0.0,0.0,0.0,0.5183119893688058,0.0,0.48168801063119404
2022-04-18,0.0,0.0,0.0,0.0,0.0,0.5209949866357108,0.0,0.47900501336428924
2022-04-19,0.0,0.0,0.0,0.0,0.0,0.519185755223881,0.0,0.480814244776119
2022-04-20,0.0,0.0,0.0,0.0,0.0,0.5178247171525421,0.0,0.482175282847458
2022-04-21,0.0,0.0,0.0,0.0,0.0,0.5196028248057276,0.0,0.4803971751942725
2022-04-22,0.0,0.0,0.0,0.0,0.0,0.5174498805004927,0.0,0.48255011949950743
2022-04-25,0.0,0.0,0.0,0.0,0.0,0.5101599684173788,0.0,0.4898400315826211
2022-04-26,0.0,0.0,0.0,0.0,0.0,0.5106713964654798,0.0,0.4893286035345201
2022-04-27,0.0,0.0,0.0,0.0,0.0,0.5111856682366946,0.0,0.4888143317633054
2022-04-28,0.0,0.0,0.0,0.0,0.0,0.5117837023673706,0.0,0.4882162976326294
2022-04-29,0.0,0.0,0.0,0.0,0.0,0.5145354989420303,0.0,0.4854645010579697
2022-05-02,0.0,0.0,0.0,0.0,0.0,0.5,0.0,0.5
2022-05-03,0.0,0.0,0.0,0.0,0.0,0.49905488177739427,0.0,0.5009451182226057
2022-05-04,0.0,0.0,0.0,0.0,0.0,0.4990637491622766,0.0,0.5009362508377235
2022-05-05,0.0,0.0,0.0,0.0,0.0,0.5019714250658394,0.0,0.4980285749341606
2022-05-06,0.0,0.0,0.0,0.0,0.0,0.5045190486633488,0.0,0.4954809513366512
2022-05-09,0.0,0.0,0.0,0.0,0.0,0.4999945340779863,0.0,0.5000054659220138
2022-05-10,0.0,0.0,0.0,0.0,0.0,0.496819886430563,0.0,0.5031801135694369
2022-05-11,0.0,0.0,0.0,0.0,0.0,0.49769191744340835,0.0,0.5023080825565917
2022-05-12,0.0,0.0,0.0,0.0,0.0,0.493717565769104,0.0,0.506282434230896
2022-05-13,0.0,0.0,0.0,0.0,0.0,0.4929996878306401,0.0,0.5070003121693599
2022-05-16,0.0,0.0,0.0,0.0,0.0,0.49503719033024185,0.0,0.5049628096697582
2022-05-17,0.0,0.0,0.0,0.0,0.0,0.49489759862286375,0.0,0.5051024013771362
2022-05-18,0.0,0.0,0.0,0.0,0.0,0.49411011546795214,0.0,0.5058898845320479
2022-05-19,0.0,0.0,0.0,0.0,0.0,0.4970861423736333,0.0,0.5029138576263668
2022-05-20,0.0,0.0,0.0,0.0,0.0,0.49603455082049064,0.0,0.5039654491795095
2022-05-23,0.0,0.0,0.0,0.0,0.0,0.49808545062647425,0.0,0.5019145493735258
2022-05-24,0.0,0.0,0.0,0.0,0.0,0.49669954210584844,0.0,0.5033004578941516
2022-05-25,0.0,0.0,0.0,0.0,0.0,0.4926239155746086,0.0,0.5073760844253914
2022-05-26,0.0,0.0,0.0,0.0,0.0,0.492096004159555,0.0,0.507903995840445
2022-05-27,0.0,0.0,0.0,0.0,0.0,0.4909220765260319,0.0,0.5090779234739682
2022-05-31,0.0,0.0,0.0,0.0,0.0,0.4902867519274563,0.0,0.5097132480725437
2022-06-01,0.0,0.0,0.0,0.0,0.0,0.5,0.0,0.5
2022-06-02,0.0,0.0,0.0,0.0,0.0,0.5029482940067705,0.0,0.4970517059932295
2022-06-03,0.0,0.0,0.0,0.0,0.0,0.5011912792994281,0.0,0.498808720700572
2022-06-06,0.0,0.0,0.0,0.0,0.0,0.5018611144729322,0.0,0.49813888552706775
2022-06-07,0.0,0.0,0.0,0.0,0.0,0.5021543819601638,0.0,0.4978456180398362
2022-06-08,0.0,0.0,0.0,0.0,0.0,0.5033651998483477,0.0,0.49663480015165223
2022-06-09,0.0,0.0,0.0,0.0,0.0,0.5042203233725882,0.0,0.49577967662741185
2022-06-10,0.0,0.0,0.0,0.0,0.0,0.5099810381116788,0.0,0.4900189618883211
2022-06-13,0.0,0.0,0.0,0.0,0.0,0.5091252490264835,0.0,0.4908747509735164
2022-06-14,0.0,0.0,0.0,0.0,0.0,0.5084166873536385,0.0,0.4915833126463614
2022-06-15,0.0,0.0,0.0,0.0,0.0,0.5077785221063714,0.0,0.4922214778936286
2022-06-16,0.0,0.0,0.0,0.0,0.0,0.5102979165330328,0.0,0.48970208346696714
2022-06-17,0.0,0.0,0.0,0.0,0.0,0.5077314421931233,0.0,0.49226855780687684
2022-06-21,0.0,0.0,0.0,0.0,0.0,0.5093207572959741,0.0,0.4906792427040258
2022-06-22,0.0,0.0,0.0,0.0,0.0,0.5084987815958003,0.0,0.49150121840419964
2022-06-23,0.0,0.0,0.0,0.0,0.0,0.5050453786949624,0.0,0.4949546213050376
2022-06-24,0.0,0.0,0.0,0.0,0.0,0.5045002484772526,0.0,0.4954997515227474
2022-06-27,0.0,0.0,0.0,0.0,0.0,0.5065247569595832,0.0,0.49347524304041673
2022-06-28,0.0,0.0,0.0,0.0,0.0,0.5061811955577903,0.0,0.4938188044422097
2022-06-29,0.0,0.0,0.0,0.0,0.0,0.5045039756548706,0.0,0.4954960243451293
2022-06-30,0.0,0.0,0.0,0.0,0.0,0.5022293448356707,0.0,0.4977706551643293
2022-07-01,0.0,0.0,0.0,0.0,0.0,0.5,0.0,0.5
2022-07-05,0.0,0.0,0.0,0.0,0.0,0.49470827935314826,0.0,0.5052917206468517
2022-07-06,0.0,0.0,0.0,0.0,0.0,0.49195735542965374,0.0,0.5080426445703462
2022-07-07,0.0,0.0,0.0,0.0,0.0,0.49211867289108224,0.0,0.5078813271089178
2022-07-08,0.0,0.0,0.0,0.0,0.0,0.49263381446656224,0.0,0.5073661855334377
2022-07-11,0.0,0.0,0.0,0.0,0.0,0.4905893485451452,0.0,0.5094106514548548
2022-07-12,0.0,0.0,0.0,0.0,0.0,0.4892977621519056,0.0,0.5107022378480943
2022-07-13,0.0,0.0,0.0,0.0,0.0,0.4886266614819577,0.0,0.5113733385180422
2022-07-14,0.0,0.0,0.0,0.0,0.0,0.48668610787203,0.0,0.5133138921279701
2022-07-15,0.0,0.0,0.0,0.0,0.0,0.48418800977476434,0.0,0.5158119902252356
2022-07-18,0.0,0.0,0.0,0.0,0.0,0.4861717509367587,0.0,0.5138282490632413
2022-07-19,0.0,0.0,0.0,0.0,0.0,0.4860711482137722,0.0,0.5139288517862278
2022-07-20,0.0,0.0,0.0,0.0,0.0,0.48398095084312803,0.0,0.5160190491568719
2022-07-21,0.0,0.0,0.0,0.0,0.0,0.4840909111263803,0.0,0.5159090888736197
2022-07-22,0.0,0.0,0.0,0.0,0.0,0.48279393579071456,0.0,0.5172060642092854
2022-07-25,0.0,0.0,0.0,0.0,0.0,0.48422793691998206,0.0,0.5157720630800179
2022-07-26,0.0,0.0,0.0,0.0,0.0,0.4839759359731861,0.0,0.5160240640268139
2022-07-27,0.0,0.0,0.0,0.0,0.0,0.4848495840444479,0.0,0.5151504159555522
2022-07-28,0.0,0.0,0.0,0.0,0.0,0.4858128280629189,0.0,0.5141871719370811
2022-07-29,0.0,0.0,0.0,0.0,0.0,0.48592497208454877,0.0,0.5140750279154513
2022-08-01,0.0,0.0,0.0,0.0,0.0,0.5,0.0,0.5
2022-08-02,0.0,0.0,0.0,0.0,0.0,0.5015849498057118,0.0,0.49841505019428817
2022-08-03,0.0,0.0,0.0,0.0,0.0,0.49949107329581355,0.0,0.5005089267041866
2022-08-04,0.0,0.0,0.0,0.0,0.0,0.5031990866569804,0.0,0.49680091334301957
2022-08-05,0.0,0.0,0.0,0.0,0.0,0.5037769005483954,0.0,0.4962230994516046
2022-08-08,0.0,0.0,0.0,0.0,0.0,0.5048920250007247,0.0,0.4951079749992753
2022-08-09,0.0,0.0,0.0,0.0,0.0,0.5067816744270296,0.0,0.49321832557297046
2022-08-10,0.0,0.0,0.0,0.0,0.0,0.5037963062165387,0.0,0.49620369378346135
2022-08-11,0.0,0.0,0.0,0.0,0.0,0.5055590497252523,0.0,0.49444095027474755
2022-08-12,0.0,0.0,0.0,0.0,0.0,0.5049647981235983,0.0,0.49503520187640176
2022-08-15,0.0,0.0,0.0,0.0,0.0,0.5019024156511613,0.0,0.4980975843488386
2022-08-16,0.0,0.0,0.0,0.0,0.0,0.5024299530933469,0.0,0.497570046906653
2022-08-17,0.0,0.0,0.0,0.0,0.0,0.5031709820190976,0.0,0.49682901798090234
2022-08-18,0.0,0.0,0.0,0.0,0.0,0.5018732671901468,0.0,0.4981267328098532
2022-08-19,0.0,0.0,0.0,0.0,0.0,0.5030203109375211,0.0,0.4969796890624789
2022-08-22,0.0,0.0,0.0,0.0,0.0,0.5030412083165451,0.0,0.4969587916834548
2022-08-23,0.0,0.0,0.0,0.0,0.0,0.504512316520856,0.0,0.49548768347914385
2022-08-24,0.0,0.0,0.0,0.0,0.0,0.5059927869005146,0.0,0.4940072130994853
2022-08-25,0.0,0.0,0.0,0.0,0.0,0.5041949193410383,0.0,0.49580508065896167
2022-08-26,0.0,0.0,0.0,0.0,0.0,0.5026410525123144,0.0,0.49735894748768555
2022-08-29,0.0,0.0,0.0,0.0,0.0,0.5046474063322363,0.0,0.4953525936677637
2022-08-30,0.0,0.0,0.0,0.0,0.0,0.5022364897566984,0.0,0.4977635102433017
2022-08-31,0.0,0.0,0.0,0.0,0.0,0.5029375810611806,0.0,0.4970624189388194
2022-09-01,0.0,0.0,0.0,0.0,0.0,0.5,0.0,0.5
2022-09-02,0.0,0.0,0.0,0.0,0.0,0.5020069078266015,0.0,0.49799309217339843
2022-09-06,0.0,0.0,0.0,0.0,0.0,0.5039563772372947,0.0,0.4960436227627053
2022-09-07,0.0,0.0,0.0,0.0,0.0,0.5030951030172349,0.0,0.496904896982765
2022-09-08,0.0,0.0,0.0,0.0,0.0,0.5021673432476693,0.0,0.4978326567523306
2022-09-09,0.0,0.0,0.0,0.0,0.0,0.5029074766818267,0.0,0.49709252331817333
2022-09-12,0.0,0.0,0.0,0.0,0.0,0.5047254451027945,0.0,0.49527455489720545
2022-09-13,0.0,0.0,0.0,0.0,0.0,0.503261105247732,0.0,0.49673889475226807
2022-09-14,0.0,0.0,0.0,0.0,0.0,0.5011126291018384,0.0,0.49888737089816165
2022-09-15,0.0,0.0,0.0,0.0,0.0,0.49760670757497333,0.0,0.5023932924250266
2022-09-16,0.0,0.0,0.0,0.0,0.0,0.4995730283922198,0.0,0.5004269716077802
2022-09-19,0.0,0.0,0.0,0.0,0.0,0.4993456229119607,0.0,0.5006543770880393
2022-09-20,0.0,0.0,0.0,0.0,0.0,0.5004209605269463,0.0,0.4995790394730537
2022-09-21,0.0,0.0,0.0,0.0,0.0,0.5006392124442614,0.0,0.49936078755573865
2022-09-22,0.0,0.0,0.0,0.0,0.0,0.5040370711890979,0.0,0.49596292881090204
2022-09-23,0.0,0.0,0.0,0.0,0.0,0.5003948713755629,0.0,0.49960512862443696
2022-09-26,0.0,0.0,0.0,0.0,0.0,0.5018487911880178,0.0,0.4981512088119822
2022-09-27,0.0,0.0,0.0,0.0,0.0,0.5061515136045158,0.0,0.49384848639548423
2022-09-28,0.0,0.0,0.0,0.0,0.0,0.5063171542293436,0.0,0.4936828457706563
2022-09-29,0.0,0.0,0.0,0.0,0.0,0.5081355186418296,0.0,0.49186448135817035
2022-09-30,0.0,0.0,0.0,0.0,0.0,0.5087851750125512,0.0,0.49121482498744895
2022-10-03,0.0,0.0,0.0,0.0,0.0,0.5,0.0,0.5
2022-10-04,0.0,0.0,0.0,0.0,0.0,0.5024054013625984,0.0,0.4975945986374017
2022-10-05,0.0,0.0,0.0,0.0,0.0,0.502914428936206,0.0,0.49708557106379414
2022-10-06,0.0,0.0,0.0,0.0,0.0,0.503212048376177,0.0,0.49678795162382305
2022-10-07,0.0,0.0,0.0,0.0,0.0,0.5029578814563919,0.0,0.4970421185436081
2022-10-10,0.0,0.0,0.0,0.0,0.0,0.5013840776693322,0.0,0.4986159223306677
2022-10-11,0.0,0.0,0.0,0.0,0.0,0.5013867707344585,0.0,0.4986132292655415
2022-10-12,0.0,0.0,0.0,0.0,0.0,0.503016871548436,0.0,0.49698312845156406
2022-10-13,0.0,0.0,0.0,0.0,0.0,0.5008356209480697,0.0,0.49916437905193034
2022-10-14,0.0,0.0,0.0,0.0,0.0,0.5001056536760392,0.0,0.49989434632396085
2022-10-17,0.0,0.0,0.0,0.0,0.0,0.4996309982020534,0.0,0.5003690017979465
2022-10-18,0.0,0.0,0.0,0.0,0.0,0.49868532909713037,0.0,0.5013146709028696
2022-10-19,0.0,0.0,0.0,0.0,0.0,0.4987617846175369,0.0,0.5012382153824632
2022-10-20,0.0,0.0,0.0,0.0,0.0,0.5005489628554964,0.0,0.4994510371445035
2022-10-21,0.0,0.0,0.0,0.0,0.0,0.5042617933993179,0.0,0.4957382066006821
2022-10-24,0.0,0.0,0.0,0.0,0.0,0.5035752879665062,0.0,0.4964247120334938
2022-10-25,0.0,0.0,0.0,0.0,0.0,0.5008222956390977,0.0,0.49917770436090236
2022-10-26,0.0,0.0,0.0,0.0,0.0,0.5012694476659127,0.0,0.49873055233408725
2022-10-27,0.0,0.0,0.0,0.0,0.0,0.4997238566163201,0.0,0.50027614338368
2022-10-28,0.0,0.0,0.0,0.0,0.0,0.4966423571707768,0.0,0.5033576428292232
2022-10-31,0.0,0.0,0.0,0.0,0.0,0.4959466949121094,0.0,0.5040533050878907
2022-11-01,0.0,0.0,0.0,0.0,0.0,0.5,0.0,0.5
2022-11-02,0.0,0.0,0.0,0.0,0.0,0.4994573281576769,0.0,0.500542671842323
2022-11-03,0.0,0.0,0.0,0.0,0.0,0.4993942150640743,0.0,0.5006057849359257
2022-11-04,0.0,0.0,0.0,0.0,0.0,0.5064574762896035,0.0,0.4935425237103965
2022-11-07,0.0,0.0,0.0,0.0,0.0,0.5063813384088081,0.0,0.49361866159119183
2022-11-08,0.0,0.0,0.0,0.0,0.0,0.5110490228255289,0.0,0.488950977174471
2022-11-09,0.0,0.0,0.0,0.0,0.0,0.5104351643485393,0.0,0.4895648356514607
2022-11-10,0.0,0.0,0.0,0.0,0.0,0.5096962895653937,0.0,0.4903037104346063
2022-11-11,0.0,0.0,0.0,0.0,0.0,0.5106718105830121,0.0,0.4893281894169878
2022-11-14,0.0,0.0,0.0,0.0,0.0,0.5124874894192442,0.0,0.48751251058075573
2022-11-15,0.0,0.0,0.0,0.0,0.0,0.5099062722316194,0.0,0.4900937277683805
2022-11-16,0.0,0.0,0.0,0.0,0.0,0.507208499995709,0.0,0.492791500004291
2022-11-17,0.0,0.0,0.0,0.0,0.0,0.5067281266669261,0.0,0.493271873333074
2022-11-18,0.0,0.0,0.0,0.0,0.0,0.5050226369904933,0.0,0.4949773630095067
2022-11-21,0.0,0.0,0.0,0.0,0.0,0.5039996089227176,0.0,0.49600039107728244
2022-11-22,0.0,0.0,0.0,0.0,0.0,0.5020784582583346,0.0,0.4979215417416655
2022-11-23,0.0,0.0,0.0,0.0,0.0,0.5011345069799608,0.0,0.49886549302003913
2022-11-25,0.0,0.0,0.0,0.0,0.0,0.5010937240041258,0.0,0.49890627599587434
2022-11-28,0.0,0.0,0.0,0.0,0.0,0.5009259879729188,0.0,0.4990740120270812
2022-11-29,0.0,0.0,0.0,0.0,0.0,0.5033994504611309,0.0,0.4966005495388692
2022-11-30,0.0,0.0,0.0,0.0,0.0,0.5035404188159315,0.0,0.4964595811840685
2022-12-01,0.0,0.0,0.0,0.0,0.0,0.5,0.0,0.5
2022-12-02,0.0,0.0,0.0,0.0,0.0,0.497622162291124,0.0,0.5023778377088759
2022-12-05,0.0,0.0,0.0,0.0,0.0,0.4954292803509601,0.0,0.50457071964904
2022-12-06,0.0,0.0,0.0,0.0,0.0,0.495353325506121,0.0,0.5046466744938789
2022-12-07,0.0,0.0,0.0,0.0,0.0,0.49483849842098004,0.0,0.5051615015790198
2022-12-08,0.0,0.0,0.0,0.0,0.0,0.4958452773397762,0.0,0.5041547226602238
2022-12-09,0.0,0.0,0.0,0.0,0.0,0.49860578490373053,0.0,0.5013942150962694
2022-12-12,0.0,0.0,0.0,0.0,0.0,0.49685387687398175,0.0,0.5031461231260183
2022-12-13,0.0,0.0,0.0,0.0,0.0,0.4989130166982369,0.0,0.501086983301763
2022-12-14,0.0,0.0,0.0,0.0,0.0,0.49807615900831803,0.0,0.501923840991682
2022-12-15,0.0,0.0,0.0,0.0,0.0,0.4937427534505288,0.0,0.5062572465494711
2022-12-16,0.0,0.0,0.0,0.0,0.0,0.4969852364869875,0.0,0.5030147635130124
2022-12-19,0.0,0.0,0.0,0.0,0.0,0.49881412371762973,0.0,0.5011858762823703
2022-12-20,0.0,0.0,0.0,0.0,0.0,0.5058867599116713,0.0,0.4941132400883288
2022-12-21,0.0,0.0,0.0,0.0,0.0,0.5037678759908144,0.0,0.49623212400918554
2022-12-22,0.0,0.0,0.0,0.0,0.0,0.5007980235796224,0.0,0.49920197642037756
2022-12-23,0.0,0.0,0.0,0.0,0.0,0.5023159031804282,0.0,0.49768409681957193
2022-12-27,0.0,0.0,0.0,0.0,0.0,0.5076575438909117,0.0,0.4923424561090883
2022-12-28,0.0,0.0,0.0,0.0,0.0,0.5073103817408086,0.0,0.4926896182591915
2022-12-29,0.0,0.0,0.0,0.0,0.0,0.5069326111605903,0.0,0.4930673888394097
2022-12-30,0.0,0.0,0.0,0.0,0.0,0.5096824827340102,0.0,0.49031751726598977
2023-01-03,0.0,0.0,0.0,0.0,0.0,0.5,0.0,0.5
2023-01-04,0.0,0.0,0.0,0.0,0.0,0.5005352606007231,0.0,0.499464739399277
2023-01-05,0.0,0.0,0.0,0.0,0.0,0.49759001698795513,0.0,0.502409983012045
2023-01-06,0.0,0.0,0.0,0.0,0.0,0.4981622862889895,0.0,0.5018377137110105
2023-01-09,0.0,0.0,0.0,0.0,0.0,0.4977349562227046,0.0,0.5022650437772955
2023-01-10,0.0,0.0,0.0,0.0,0.0,0.4995021231632627,0.0,0.5004978768367373
2023-01-11,0.0,0.0,0.0,0.0,0.0,0.49719981012683984,0.0,0.5028001898731601
2023-01-12,0.0,0.0,0.0,0.0,0.0,0.49726244457950236,0.0,0.5027375554204977
2023-01-13,0.0,0.0,0.0,0.0,0.0,0.5010583123288995,0.0,0.4989416876711004
2023-01-17,0.0,0.0,0.0,0.0,0.0,0.5003235069970879,0.0,0.49967649300291206
2023-01-18,0.0,0.0,0.0,0.0,0.0,0.49669166108126717,0.0,0.5033083389187328
2023-01-19,0.0,0.0,0.0,0.0,0.0,0.5011444718770821,0.0,0.4988555281229179
2023-01-20,0.0,0.0,0.0,0.0,0.0,0.5016174123805011,0.0,0.498382587619499
2023-01-23,0.0,0.0,0.0,0.0,0.0,0.5028157110420581,0.0,0.4971842889579419
2023-01-24,0.0,0.0,0.0,0.0,0.0,0.502406782068401,0.0,0.49759321793159894
2023-01-25,0.0,0.0,0.0,0.0,0.0,0.5034423531008084,0.0,0.4965576468991916
2023-01-26,0.0,0.0,0.0,0.0,0.0,0.5012584937405834,0.0,0.49874150625941654
2023-01-27,0.0,0.0,0.0,0.0,0.0,0.5016328751749358,0.0,0.49836712482506423
2023-01-30,0.0,0.0,0.0,0.0,0.0,0.5019424697125908,0.0,0.49805753028740907
2023-01-31,0.0,0.0,0.0,0.0,0.0,0.5010621327392194,0.0,0.4989378672607807
2023-02-01,0.0,0.0,0.0,0.0,0.0,0.5,0.0,0.5
2023-02-02,0.0,0.0,0.0,0.0,0.0,0.4943996067271805,0.0,0.5056003932728196
2023-02-03,0.0,0.0,0.0,0.0,0.0,0.49093771776082124,0.0,0.5090622822391788
2023-02-06,0.0,0.0,0.0,0.0,0.0,0.49338514449561377,0.0,0.5066148555043863
2023-02-07,0.0,0.0,0.0,0.0,0.0,0.49443687644640394,0.0,0.505563123553596
2023-02-08,0.0,0.0,0.0,0.0,0.0,0.4948024907534405,0.0,0.5051975092465594
2023-02-09,0.0,0.0,0.0,0.0,0.0,0.49492709944665686,0.0,0.5050729005533431
2023-02-10,0.0,0.0,0.0,0.0,0.0,0.49716027817555414,0.0,0.5028397218244459
2023-02-13,0.0,0.0,0.0,0.0,0.0,0.4949618882781421,0.0,0.5050381117218579
2023-02-14,0.0,0.0,0.0,0.0,0.0,0.49577504037293435,0.0,0.5042249596270656
2023-02-15,0.0,0.0,0.0,0.0,0.0,0.49422338828280765,0.0,0.5057766117171923
2023-02-16,0.0,0.0,0.0,0.0,0.0,0.49602668283951606,0.0,0.5039733171604839
2023-02-17,0.0,0.0,0.0,0.0,0.0,0.495789457257185,0.0,0.5042105427428151
2023-02-21,0.0,0.0,0.0,0.0,0.0,0.4984289672329448,0.0,0.5015710327670552
2023-02-22,0.0,0.0,0.0,0.0,0.0,0.49630858257335403,0.0,0.503691417426646
2023-02-23,0.0,0.0,0.0,0.0,0.0,0.49422292015339647,0.0,0.5057770798466035
2023-02-24,0.0,0.0,0.0,0.0,0.0,0.49430013511168736,0.0,0.5056998648883126
2023-02-27,0.0,0.0,0.0,0.0,0.0,0.49520728669105385,0.0,0.5047927133089463
2023-02-28,0.0,0.0,0.0,0.0,0.0,0.49624920545825274,0.0,0.5037507945417472
2023-03-01,0.0,0.0,0.0,0.0,0.0,0.5,0.0,0.5
2023-03-02,0.0,0.0,0.0,0.0,0.0,0.49963917558815835,0.0,0.5003608244118417
2023-03-03,0.0,0.0,0.0,0.0,0.0,0.49948777007001705,0.0,0.5005122299299829
2023-03-06,0.0,0.0,0.0,0.0,0.0,0.49890737826021964,0.0,0.5010926217397804
2023-03-07,0.0,0.0,0.0,0.0,0.0,0.4952081244711947,0.0,0.5047918755288053
2023-03-08,0.0,0.0,0.0,0.0,0.0,0.49549237573944777,0.0,0.5045076242605522
2023-03-09,0.0,0.0,0.0,0.0,0.0,0.49817983706520524,0.0,0.5018201629347948
2023-03-10,0.0,0.0,0.0,0.0,0.0,0.4999539391056211,0.0,0.5000460608943789
2023-03-13,0.0,0.0,0.0,0.0,0.0,0.5054154240861304,0.0,0.49458457591386956
2023-03-14,0.0,0.0,0.0,0.0,0.0,0.5047129864333283,0.0,0.4952870135666718
2023-03-15,0.0,0.0,0.0,0.0,0.0,0.5042754436439494,0.0,0.49572455635605067
2023-03-16,0.0,0.0,0.0,0.0,0.0,0.5051519449697031,0.0,0.49484805503029705
2023-03-17,0.0,0.0,0.0,0.0,0.0,0.5110731506276102,0.0,0.48892684937238984
2023-03-20,0.0,0.0,0.0,0.0,0.0,0.5119098654463747,0.0,0.4880901345536254
2023-03-21,0.0,0.0,0.0,0.0,0.0,0.5059434193132953,0.0,0.4940565806867046
2023-03-22,0.0,0.0,0.0,0.0,0.0,0.5087105744802762,0.0,0.49128942551972377
2023-03-23,0.0,0.0,0.0,0.0,0.0,0.5111134773957826,0.0,0.4888865226042174
2023-03-24,0.0,0.0,0.0,0.0,0.0,0.5075080720618685,0.0,0.4924919279381314
2023-03-27,0.0,0.0,0.0,0.0,0.0,0.5081927191734459,0.0,0.4918072808265541
2023-03-28,0.0,0.0,0.0,0.0,0.0,0.5106470805264994,0.0,0.48935291947350057
2023-03-29,0.0,0.0,0.0,0.0,0.0,0.5082497384784247,0.0,0.49175026152157536
2023-03-30,0.0,0.0,0.0,0.0,0.0,0.510153347607884,0.0,0.48984665239211594
2023-03-31,0.0,0.0,0.0,0.0,0.0,0.5066027265644919,0.0,0.49339727343550804
2023-04-03,0.0,0.0,0.0,0.0,0.0,0.5,0.0,0.5
2023-04-04,0.0,0.0,0.0,0.0,0.0,0.5042991041061794,0.0,0.4957008958938206
2023-04-05,0.0,0.0,0.0,0.0,0.0,0.5032833447382956,0.0,0.4967166552617044
2023-04-06,0.0,0.0,0.0,0.0,0.0,0.5017199353787587,0.0,0.4982800646212413
2023-04-10,0.0,0.0,0.0,0.0,0.0,0.5010214581989295,0.0,0.4989785418010706
2023-04-11,0.0,0.0,0.0,0.0,0.0,0.5026648859338086,0.0,0.49733511406619135
2023-04-12,0.0,0.0,0.0,0.0,0.0,0.5044073981451787,0.0,0.4955926018548213
2023-04-13,0.0,0.0,0.0,0.0,0.0,0.5073300541683949,0.0,0.49266994583160506
2023-04-14,0.0,0.0,0.0,0.0,0.0,0.5036845610134122,0.0,0.4963154389865878
2023-04-17,0.0,0.0,0.0,0.0,0.0,0.5041505877791905,0.0,0.49584941222080936
2023-04-18,0.0,0.0,0.0,0.0,0.0,0.5042923261427039,0.0,0.495707673857296
2023-04-19,0.0,0.0,0.0,0.0,0.0,0.5043357408193092,0.0,0.4956642591806908
2023-04-20,0.0,0.0,0.0,0.0,0.0,0.5043756546382743,0.0,0.4956243453617258
2023-04-21,0.0,0.0,0.0,0.0,0.0,0.5017308843093005,0.0,0.49826911569069954
2023-04-24,0.0,0.0,0.0,0.0,0.0,0.5013910676225476,0.0,0.49860893237745235
2023-04-25,0.0,0.0,0.0,0.0,0.0,0.5015657471879087,0.0,0.4984342528120913
2023-04-26,0.0,0.0,0.0,0.0,0.0,0.5012963692589368,0.0,0.49870363074106316
2023-04-27,0.0,0.0,0.0,0.0,0.0,0.5022249646175014,0.0,0.4977750353824987
2023-04-28,0.0,0.0,0.0,0.0,0.0,0.500351992430522,0.0,0.499648007569478
2023-05-01,0.0,0.0,0.0,0.0,0.0,0.5,0.0,0.5
2023-05-02,0.0,0.0,0.0,0.0,0.0,0.5017811374091149,0.0,0.49821886259088505
2023-05-03,0.0,0.0,0.0,0.0,0.0,0.5034797127341774,0.0,0.4965202872658227
2023-05-04,0.0,0.0,0.0,0.0,0.0,0.505918955664465,0.0,0.49408104433553496
2023-05-05,0.0,0.0,0.0,0.0,0.0,0.5029647086400466,0.0,0.49703529135995345
2023-05-08,0.0,0.0,0.0,0.0,0.0,0.5050741931215561,0.0,0.49492580687844395
2023-05-09,0.0,0.0,0.0,0.0,0.0,0.5069319762915723,0.0,0.4930680237084276
2023-05-10,0.0,0.0,0.0,0.0,0.0,0.5046099747112003,0.0,0.4953900252887997
2023-05-11,0.0,0.0,0.0,0.0,0.0,0.5014899224987306,0.0,0.49851007750126936
2023-05-12,0.0,0.0,0.0,0.0,0.0,0.502603558588599,0.0,0.49739644141140116
2023-05-15,0.0,0.0,0.0,0.0,0.0,0.5044804473265169,0.0,0.4955195526734832
2023-05-16,0.0,0.0,0.0,0.0,0.0,0.5025921412074964,0.0,0.49740785879250365
2023-05-17,0.0,0.0,0.0,0.0,0.0,0.5017485587118763,0.0,0.49825144128812365
2023-05-18,0.0,0.0,0.0,0.0,0.0,0.4995358554533495,0.0,0.5004641445466506
2023-05-19,0.0,0.0,0.0,0.0,0.0,0.5023030081889164,0.0,0.49769699181108357
2023-05-22,0.0,0.0,0.0,0.0,0.0,0.5018108204367148,0.0,0.4981891795632853
2023-05-23,0.0,0.0,0.0,0.0,0.0,0.5015952546914267,0.0,0.4984047453085732
2023-05-24,0.0,0.0,0.0,0.0,0.0,0.5005550975842491,0.0,0.49944490241575085
2023-05-25,0.0,0.0,0.0,0.0,0.0,0.49896295027214327,0.0,0.5010370497278568
2023-05-26,0.0,0.0,0.0,0.0,0.0,0.49890094488890663,0.0,0.5010990551110934
2023-05-30,0.0,0.0,0.0,0.0,0.0,0.4985724066261779,0.0,0.501427593373822
2023-05-31,0.0,0.0,0.0,0.0,0.0,0.49814229781712865,0.0,0.5018577021828713
2023-06-01,0.0,0.0,0.0,0.0,0.0,0.5,0.0,0.5
2023-06-02,0.0,0.0,0.0,0.0,0.0,0.49696042582575195,0.0,0.5030395741742479
2023-06-05,0.0,0.0,0.0,0.0,0.0,0.4989974044255092,0.0,0.5010025955744908
2023-06-06,0.0,0.0,0.0,0.0,0.0,0.4987819566326017,0.0,0.5012180433673983
2023-06-07,0.0,0.0,0.0,0.0,0.0,0.4980081682962521,0.0,0.501991831703748
2023-06-08,0.0,0.0,0.0,0.0,0.0,0.49962546831205734,0.0,0.5003745316879427
2023-06-09,0.0,0.0,0.0,0.0,0.0,0.49960819917637983,0.0,0.5003918008236202
2023-06-12,0.0,0.0,0.0,0.0,0.0,0.4985935845432574,0.0,0.5014064154567426
2023-06-13,0.0,0.0,0.0,0.0,0.0,0.49786782084812553,0.0,0.5021321791518745
2023-06-14,0.0,0.0,0.0,0.0,0.0,0.49723372143681993,0.0,0.50276627856318
2023-06-15,0.0,0.0,0.0,0.0,0.0,0.49682064868821996,0.0,0.50317935131178
2023-06-16,0.0,0.0,0.0,0.0,0.0,0.4968763248776658,0.0,0.5031236751223341
2023-06-20,0.0,0.0,0.0,0.0,0.0,0.49337171315920725,0.0,0.5066282868407928
2023-06-21,0.0,0.0,0.0,0.0,0.0,0.49328764594125757,0.0,0.5067123540587424
2023-06-22,0.0,0.0,0.0,0.0,0.0,0.4920964273454078,0.0,0.5079035726545923
2023-06-23,0.0,0.0,0.0,0.0,0.0,0.4920873970438408,0.0,0.5079126029561591
2023-06-26,0.0,0.0,0.0,0.0,0.0,0.49224348818574526,0.0,0.5077565118142549
2023-06-27,0.0,0.0,0.0,0.0,0.0,0.4913710869143588,0.0,0.5086289130856412
2023-06-28,0.0,0.0,0.0,0.0,0.0,0.48970559556613386,0.0,0.5102944044338662
2023-06-29,0.0,0.0,0.0,0.0,0.0,0.4913392928798952,0.0,0.5086607071201048
2023-06-30,0.0,0.0,0.0,0.0,0.0,0.49116659904551946,0.0,0.5088334009544806
2023-07-03,0.0,0.0,0.0,0.0,0.0,0.5,0.0,0.5
2023-07-05,0.0,0.0,0.0,0.0,0.0,0.5009132614936354,0.0,0.4990867385063647
2023-07-06,0.0,0.0,0.0,0.0,0.0,0.5027099510624389,0.0,0.4972900489375611
2023-07-07,0.0,0.0,0.0,0.0,0.0,0.5048148784890237,0.0,0.4951851215109762
2023-07-10,0.0,0.0,0.0,0.0,0.0,0.5037113165777384,0.0,0.49628868342226157
2023-07-11,0.0,0.0,0.0,0.0,0.0,0.5034710029187891,0.0,0.49652899708121084
2023-07-12,0.0,0.0,0.0,0.0,0.0,0.5046384881795993,0.0,0.4953615118204006
2023-07-13,0.0,0.0,0.0,0.0,0.0,0.503056443858135,0.0,0.496943556141865
2023-07-14,0.0,0.0,0.0,0.0,0.0,0.504205285280953,0.0,0.495794714719047
2023-07-17,0.0,0.0,0.0,0.0,0.0,0.503965954000265,0.0,0.4960340459997349
2023-07-18,0.0,0.0,0.0,0.0,0.0,0.5061870837729882,0.0,0.4938129162270119
2023-07-19,0.0,0.0,0.0,0.0,0.0,0.5048187835666333,0.0,0.4951812164333666
2023-07-20,0.0,0.0,0.0,0.0,0.0,0.5052371939888277,0.0,0.49476280601117223
2023-07-21,0.0,0.0,0.0,0.0,0.0,0.5040297058810418,0.0,0.4959702941189582
2023-07-24,0.0,0.0,0.0,0.0,0.0,0.5032582592161352,0.0,0.4967417407838648
2023-07-25,0.0,0.0,0.0,0.0,0.0,0.5050406610190211,0.0,0.4949593389809788
2023-07-26,0.0,0.0,0.0,0.0,0.0,0.5050991992238101,0.0,0.4949008007761898
2023-07-27,0.0,0.0,0.0,0.0,0.0,0.5042095861341513,0.0,0.49579041386584854
2023-07-28,0.0,0.0,0.0,0.0,0.0,0.5045645529370484,0.0,0.49543544706295156
2023-07-31,0.0,0.0,0.0,0.0,0.0,0.5045408144843715,0.0,0.49545918551562845
2023-08-01,0.0,0.0,0.0,0.0,0.0,0.5,0.0,0.5
2023-08-02,0.0,0.0,0.0,0.0,0.0,0.5003375092804261,0.0,0.49966249071957397
2023-08-03,0.0,0.0,0.0,0.0,0.0,0.5025097210407867,0.0,0.4974902789592133
2023-08-04,0.0,0.0,0.0,0.0,0.0,0.500826724239365,0.0,0.49917327576063497
2023-08-07,0.0,0.0,0.0,0.0,0.0,0.5008717405990577,0.0,0.49912825940094235
2023-08-08,0.0,0.0,0.0,0.0,0.0,0.49828950878411277,0.0,0.5017104912158872
2023-08-09,0.0,0.0,0.0,0.0,0.0,0.4968614707930189,0.0,0.5031385292069812
2023-08-10,0.0,0.0,0.0,0.0,0.0,0.49836660960506557,0.0,0.5016333903949345
2023-08-11,0.0,0.0,0.0,0.0,0.0,0.4992218409097049,0.0,0.5007781590902952
2023-08-14,0.0,0.0,0.0,0.0,0.0,0.49855578120246646,0.0,0.5014442187975336
2023-08-15,0.0,0.0,0.0,0.0,0.0,0.4992040424199838,0.0,0.5007959575800162
2023-08-16,0.0,0.0,0.0,0.0,0.0,0.4988833570656092,0.0,0.5011166429343907
2023-08-17,0.0,0.0,0.0,0.0,0.0,0.4991726715622626,0.0,0.5008273284377375
2023-08-18,0.0,0.0,0.0,0.0,0.0,0.49827704454125105,0.0,0.501722955458749
2023-08-21,0.0,0.0,0.0,0.0,0.0,0.5004539685154046,0.0,0.4995460314845954
2023-08-22,0.0,0.0,0.0,0.0,0.0,0.5000940317927383,0.0,0.4999059682072618
2023-08-23,0.0,0.0,0.0,0.0,0.0,0.49913054397520135,0.0,0.5008694560247987
2023-08-24,0.0,0.0,0.0,0.0,0.0,0.4999308311464024,0.0,0.5000691688535976
2023-08-25,0.0,0.0,0.0,0.0,0.0,0.4994643641316006,0.0,0.5005356358683994
2023-08-28,0.0,0.0,0.0,0.0,0.0,0.49939630378319105,0.0,0.5006036962168089
2023-08-29,0.0,0.0,0.0,0.0,0.0,0.4998399357177432,0.0,0.5001600642822568
2023-08-30,0.0,0.0,0.0,0.0,0.0,0.5008181417592897,0.0,0.4991818582407103
2023-08-31,0.0,0.0,0.0,0.0,0.0,0.4999776642698814,0.0,0.5000223357301187
2023-09-01,0.0,0.0,0.0,0.0,0.0,0.5,0.0,0.5
2023-09-05,0.0,0.0,0.0,0.0,0.0,0.4997427331987594,0.0,0.5002572668012406
2023-09-06,0.0,0.0,0.0,0.0,0.0,0.4988465179355435,0.0,0.5011534820644565
2023-09-07,0.0,0.0,0.0,0.0,0.0,0.49801209287721826,0.0,0.5019879071227817
2023-09-08,0.0,0.0,0.0,0.0,0.0,0.49790524585816254,0.0,0.5020947541418375
2023-09-11,0.0,0.0,0.0,0.0,0.0,0.4988459716735286,0.0,0.5011540283264714
2023-09-12,0.0,0.0,0.0,0.0,0.0,0.49762525545183817,0.0,0.5023747445481618
2023-09-13,0.0,0.0,0.0,0.0,0.0,0.4964974709933962,0.0,0.5035025290066039
2023-09-14,0.0,0.0,0.0,0.0,0.0,0.4970784754410315,0.0,0.5029215245589684
2023-09-15,0.0,0.0,0.0,0.0,0.0,0.4991068892669895,0.0,0.5008931107330105
2023-09-18,0.0,0.0,0.0,0.0,0.0,0.5000959316607831,0.0,0.4999040683392168
2023-09-19,0.0,0.0,0.0,0.0,0.0,0.5006970551975475,0.0,0.49930294480245263
2023-09-20,0.0,0.0,0.0,0.0,0.0,0.5007823779619694,0.0,0.49921762203803055
2023-09-21,0.0,0.0,0.0,0.0,0.0,0.5014940885843091,0.0,0.498505911415691
2023-09-22,0.0,0.0,0.0,0.0,0.0,0.5007718013560463,0.0,0.4992281986439538
2023-09-25,0.0,0.0,0.0,0.0,0.0,0.5019244616475353,0.0,0.49807553835246454
2023-09-26,0.0,0.0,0.0,0.0,0.0,0.500624664232384,0.0,0.499375335767616
2023-09-27,0.0,0.0,0.0,0.0,0.0,0.49868678283713164,0.0,0.5013132171628684
2023-09-28,0.0,0.0,0.0,0.0,0.0,0.4969938202688668,0.0,0.5030061797311333
2023-09-29,0.0,0.0,0.0,0.0,0.0,0.4949503817521639,0.0,0.505049618247836
2023-10-02,0.0,0.0,0.0,0.0,0.0,0.5,0.0,0.5
2023-10-03,0.0,0.0,0.0,0.0,0.0,0.5021737643797285,0.0,0.49782623562027145
2023-10-04,0.0,0.0,0.0,0.0,0.0,0.499968474044949,0.0,0.500031525955051
2023-10-05,0.0,0.0,0.0,0.0,0.0,0.49980879933124295,0.0,0.5001912006687571
2023-10-06,0.0,0.0,0.0,0.0,0.0,0.5018427212452313,0.0,0.49815727875476856
2023-10-09,0.0,0.0,0.0,0.0,0.0,0.5033158276837261,0.0,0.4966841723162739
2023-10-10,0.0,0.0,0.0,0.0,0.0,0.5027971875754002,0.0,0.49720281242459985
2023-10-11,0.0,0.0,0.0,0.0,0.0,0.5030902748849758,0.0,0.4969097251150242
2023-10-12,0.0,0.0,0.0,0.0,0.0,0.5049413078683949,0.0,0.49505869213160514
2023-10-13,0.0,0.0,0.0,0.0,0.0,0.5114652633587351,0.0,0.48853473664126484
2023-10-16,0.0,0.0,0.0,0.0,0.0,0.5119779682112389,0.0,0.48802203178876113
2023-10-17,0.0,0.0,0.0,0.0,0.0,0.5144337578129278,0.0,0.4855662421870723
2023-10-18,0.0,0.0,0.0,0.0,0.0,0.5200292315626601,0.0,0.47997076843733993
2023-10-19,0.0,0.0,0.0,0.0,0.0,0.5250955148555034,0.0,0.47490448514449646
2023-10-20,0.0,0.0,0.0,0.0,0.0,0.5247879566473359,0.0,0.4752120433526641
2023-10-23,0.0,0.0,0.0,0.0,0.0,0.5220050701916821,0.0,0.4779949298083179
2023-10-24,0.0,0.0,0.0,0.0,0.0,0.5205763714250102,0.0,0.47942362857498977
2023-10-25,0.0,0.0,0.0,0.0,0.0,0.5239051207733342,0.0,0.4760948792266659
2023-10-26,0.0,0.0,0.0,0.0,0.0,0.5224925599059941,0.0,0.47750744009400603
2023-10-27,0.0,0.0,0.0,0.0,0.0,0.5258767570141719,0.0,0.474123242985828
2023-10-30,0.0,0.0,0.0,0.0,0.0,0.5252182987397835,0.0,0.4747817012602165
2023-10-31,0.0,0.0,0.0,0.0,0.0,0.5242057324739473,0.0,0.47579426752605275
2023-11-01,0.0,0.0,0.0,0.0,0.0,0.5,0.0,0.5
2023-11-02,0.0,0.0,0.0,0.0,0.0,0.49787868546702313,0.0,0.5021213145329769
2023-11-03,0.0,0.0,0.0,0.0,0.0,0.4975571759186982,0.0,0.5024428240813017
2023-11-06,0.0,0.0,0.0,0.0,0.0,0.49692963840409893,0.0,0.503070361595901
2023-11-07,0.0,0.0,0.0,0.0,0.0,0.493901782287545,0.0,0.5060982177124551
2023-11-08,0.0,0.0,0.0,0.0,0.0,0.49012923805486003,0.0,0.5098707619451399
2023-11-09,0.0,0.0,0.0,0.0,0.0,0.4936666705569948,0.0,0.5063333294430052
2023-11-10,0.0,0.0,0.0,0.0,0.0,0.4896743126818503,0.0,0.5103256873181496
2023-11-13,0.0,0.0,0.0,0.0,0.0,0.4910381810954618,0.0,0.5089618189045383
2023-11-14,0.0,0.0,0.0,0.0,0.0,0.48937438582196496,0.0,0.510625614178035
2023-11-15,0.0,0.0,0.0,0.0,0.0,0.49001858098434986,0.0,0.5099814190156501
2023-11-16,0.0,0.0,0.0,0.0,0.0,0.4907741340117762,0.0,0.5092258659882238
2023-11-17,0.0,0.0,0.0,0.0,0.0,0.490027673464643,0.0,0.509972326535357
2023-11-20,0.0,0.0,0.0,0.0,0.0,0.4886158515633503,0.0,0.5113841484366497
2023-11-21,0.0,0.0,0.0,0.0,0.0,0.4912282228660482,0.0,0.5087717771339518
2023-11-22,0.0,0.0,0.0,0.0,0.0,0.48916163020980613,0.0,0.5108383697901939
2023-11-24,0.0,0.0,0.0,0.0,0.0,0.4917435652404166,0.0,0.5082564347595834
2023-11-27,0.0,0.0,0.0,0.0,0.0,0.4914014375315196,0.0,0.5085985624684805
2023-11-28,0.0,0.0,0.0,0.0,0.0,0.4937192300115048,0.0,0.5062807699884951
2023-11-29,0.0,0.0,0.0,0.0,0.0,0.4920688305766354,0.0,0.5079311694233645
2023-11-30,0.0,0.0,0.0,0.0,0.0,0.4923382714963681,0.0,0.5076617285036319
2023-12-01,0.0,0.0,0.0,0.0,0.0,0.5,0.0,0.5
2023-12-04,0.0,0.0,0.0,0.0,0.0,0.4956831170542521,0.0,0.5043168829457478
2023-12-05,0.0,0.0,0.0,0.0,0.0,0.4927527885867458,0.0,0.5072472114132541
2023-12-06,0.0,0.0,0.0,0.0,0.0,0.49274458242765284,0.0,0.5072554175723472
2023-12-07,0.0,0.0,0.0,0.0,0.0,0.493133577835583,0.0,0.506866422164417
2023-12-08,0.0,0.0,0.0,0.0,0.0,0.49112346651875277,0.0,0.5088765334812473
2023-12-11,0.0,0.0,0.0,0.0,0.0,0.4884183132835191,0.0,0.5115816867164809
2023-12-12,0.0,0.0,0.0,0.0,0.0,0.4868663468632126,0.0,0.5131336531367874
2023-12-13,0.0,0.0,0.0,0.0,0.0,0.4882860084501278,0.0,0.5117139915498723
2023-12-14,0.0,0.0,0.0,0.0,0.0,0.48710340432267046,0.0,0.5128965956773296
2023-12-15,0.0,0.0,0.0,0.0,0.0,0.485164911180164,0.0,0.514835088819836
2023-12-18,0.0,0.0,0.0,0.0,0.0,0.48734125600991457,0.0,0.5126587439900855
2023-12-19,0.0,0.0,0.0,0.0,0.0,0.4887198709317785,0.0,0.5112801290682215
2023-12-20,0.0,0.0,0.0,0.0,0.0,0.48669796310603447,0.0,0.5133020368939655
2023-12-21,0.0,0.0,0.0,0.0,0.0,0.4885488945045974,0.0,0.5114511054954026
2023-12-22,0.0,0.0,0.0,0.0,0.0,0.4900854505737416,0.0,0.5099145494262585
2023-12-26,0.0,0.0,0.0,0.0,0.0,0.49146120669855564,0.0,0.5085387933014445
2023-12-27,0.0,0.0,0.0,0.0,0.0,0.4902704257797398,0.0,0.5097295742202602
2023-12-28,0.0,0.0,0.0,0.0,0.0,0.4894645354456345,0.0,0.5105354645543656
2023-12-29,0.0,0.0,0.0,0.0,0.0,0.4899967996072529,0.0,0.510003200392747
2024-01-02,0.5,0.0,0.0,0.0,0.0,0.0,0.0,0.5
2024-01-03,0.4985192562188334,0.0,0.0,0.0,0.0,0.0,0.0,0.5014807437811666
2024-01-04,0.4991072044826564,0.0,0.0,0.0,0.0,0.0,0.0,0.5008927955173437
2024-01-05,0.5003451096857855,0.0,0.0,0.0,0.0,0.0,0.0,0.49965489031421456
2024-01-08,0.5019864857412348,0.0,0.0,0.0,0.0,0.0,0.0,0.4980135142587651
2024-01-09,0.5011734989900467,0.0,0.0,0.0,0.0,0.0,0.0,0.49882650100995324
2024-01-10,0.5029026815827812,0.0,0.0,0.0,0.0,0.0,0.0,0.4970973184172189
2024-01-11,0.5012907159759981,0.0,0.0,0.0,0.0,0.0,0.0,0.49870928402400194
2024-01-12,0.5009199365562915,0.0,0.0,0.0,0.0,0.0,0.0,0.49908006344370853
2024-01-16,0.5025486978017726,0.0,0.0,0.0,0.0,0.0,0.0,0.4974513021982275
2024-01-17,0.50168172308935,0.0,0.0,0.0,0.0,0.0,0.0,0.4983182769106501
2024-01-18,0.504376713148199,0.0,0.0,0.0,0.0,0.0,0.0,0.49562328685180107
2024-01-19,0.5072212375626467,0.0,0.0,0.0,0.0,0.0,0.0,0.4927787624373532
2024-01-22,0.5070619812796207,0.0,0.0,0.0,0.0,0.0,0.0,0.4929380187203793
2024-01-23,0.5087063148218379,0.0,0.0,0.0,0.0,0.0,0.0,0.4912936851781621
2024-01-24,0.5094618222568661,0.0,0.0,0.0,0.0,0.0,0.0,0.490538177743134
2024-01-25,0.5091671926121526,0.0,0.0,0.0,0.0,0.0,0.0,0.49083280738784735
2024-01-26,0.5095586891447057,0.0,0.0,0.0,0.0,0.0,0.0,0.49044131085529435
2024-01-29,0.5105012271952482,0.0,0.0,0.0,0.0,0.0,0.0,0.4894987728047519
2024-01-30,0.5095106070928503,0.0,0.0,0.0,0.0,0.0,0.0,0.49048939290714966
2024-01-31,0.5047625066037541,0.0,0.0,0.0,0.0,0.0,0.0,0.4952374933962459
2024-02-01,0.5,0.0,0.0,0.0,0.0,0.0,0.0,0.5
2024-02-02,0.5049108043355277,0.0,0.0,0.0,0.0,0.0,0.0,0.4950891956644723
2024-02-05,0.5064047582458494,0.0,0.0,0.0,0.0,0.0,0.0,0.4935952417541505
2024-02-06,0.5057290024091333,0.0,0.0,0.0,0.0,0.0,0.0,0.4942709975908666
2024-02-07,0.5085386529585629,0.0,0.0,0.0,0.0,0.0,0.0,0.4914613470414371
2024-02-08,0.5099379699155036,0.0,0.0,0.0,0.0,0.0,0.0,0.49006203008449634
2024-02-09,0.5117012056330327,0.0,0.0,0.0,0.0,0.0,0.0,0.4882987943669674
2024-02-12,0.5115684063285438,0.0,0.0,0.0,0.0,0.0,0.0,0.4884315936714562
2024-02-13,0.5108670594222039,0.0,0.0,0.0,0.0,0.0,0.0,0.4891329405777961
2024-02-14,0.5119625116357298,0.0,0.0,0.0,0.0,0.0,0.0,0.4880374883642702
2024-02-15,0.5127754469439352,0.0,0.0,0.0,0.0,0.0,0.0,0.4872245530560648
2024-02-16,0.5124331533744133,0.0,0.0,0.0,0.0,0.0,0.0,0.48756684662558675
2024-02-20,0.5102180706431961,0.0,0.0,0.0,0.0,0.0,0.0,0.4897819293568038
2024-02-21,0.5110707511772502,0.0,0.0,0.0,0.0,0.0,0.0,0.48892924882274974
2024-02-22,0.5157936250640565,0.0,0.0,0.0,0.0,0.0,0.0,0.4842063749359436
2024-02-23,0.5152251325630718,0.0,0.0,0.0,0.0,0.0,0.0,0.48477486743692816
2024-02-26,0.5150957572281731,0.0,0.0,0.0,0.0,0.0,0.0,0.4849042427718268
2024-02-27,0.5159073171906795,0.0,0.0,0.0,0.0,0.0,0.0,0.4840926828093205
2024-02-28,0.5156002803703499,0.0,0.0,0.0,0.0,0.0,0.0,0.4843997196296501
2024-02-29,0.5162643484314047,0.0,0.0,0.0,0.0,0.0,0.0,0.4837356515685953
2024-03-01,0.5,0.0,0.0,0.0,0.0,0.0,0.0,0.5
2024-03-04,0.5001954995895294,0.0,0.0,0.0,0.0,0.0,0.0,0.49980450041047064
2024-03-05,0.49631889436352467,0.0,0.0,0.0,0.0,0.0,0.0,0.5036811056364753
2024-03-06,0.4969139252041774,0.0,0.0,0.0,0.0,0.0,0.0,0.5030860747958226
2024-03-07,0.49876256226083887,0.0,0.0,0.0,0.0,0.0,0.0,0.5012374377391612
2024-03-08,0.4969132285523256,0.0,0.0,0.0,0.0,0.0,0.0,0.5030867714476743
2024-03-11,0.4966523494153111,0.0,0.0,0.0,0.0,0.0,0.0,0.5033476505846888
2024-03-12,0.5001310299998465,0.0,0.0,0.0,0.0,0.0,0.0,0.49986897000015357
2024-03-13,0.4999920218159384,0.0,0.0,0.0,0.0,0.0,0.0,0.5000079781840616
2024-03-14,0.501346166293254,0.0,0.0,0.0,0.0,0.0,0.0,0.49865383370674593
2024-03-15,0.4995540069139907,0.0,0.0,0.0,0.0,0.0,0.0,0.5004459930860092
2024-03-18,0.5014530950898509,0.0,0.0,0.0,0.0,0.0,0.0,0.49854690491014914
2024-03-19,0.5021195520288111,0.0,0.0,0.0,0.0,0.0,0.0,0.4978804479711889
2024-03-20,0.503958385277353,0.0,0.0,0.0,0.0,0.0,0.0,0.4960416147226469
2024-03-21,0.5044134604611101,0.0,0.0,0.0,0.0,0.0,0.0,0.49558653953888987
2024-03-22,0.5030865354177655,0.0,0.0,0.0,0.0,0.0,0.0,0.4969134645822344
2024-03-25,0.5032474760800222,0.0,0.0,0.0,0.0,0.0,0.0,0.4967525239199779
2024-03-26,0.5028546290610938,0.0,0.0,0.0,0.0,0.0,0.0,0.4971453709389061
2024-03-27,0.5032209250199002,0.0,0.0,0.0,0.0,0.0,0.0,0.49677907498009977
2024-03-28,0.5034026449528312,0.0,0.0,0.0,0.0,0.0,0.0,0.4965973550471689
2024-04-01,0.5,0.0,0.0,0.0,0.0,0.0,0.0,0.5
2024-04-02,0.4987779544063061,0.0,0.0,0.0,0.0,0.0,0.0,0.5012220455936939
2024-04-03,0.49888939400354393,0.0,0.0,0.0,0.0,0.0,0.0,0.5011106059964561
2024-04-04,0.49553994533412205,0.0,0.0,0.0,0.0,0.0,0.0,0.504460054665878
2024-04-05,0.4992334417490217,0.0,0.0,0.0,0.0,0.0,0.0,0.5007665582509783
2024-04-08,0.49939662241981536,0.0,0.0,0.0,0.0,0.0,0.0,0.5006033775801847
2024-04-09,0.4984041126046823,0.0,0.0,0.0,0.0,0.0,0.0,0.5015958873953177
2024-04-10,0.49946951455779215,0.0,0.0,0.0,0.0,0.0,0.0,0.5005304854422078
2024-04-11,0.5018685123042425,0.0,0.0,0.0,0.0,0.0,0.0,0.49813148769575755
2024-04-12,0.49782725033450104,0.0,0.0,0.0,0.0,0.0,0.0,0.5021727496654989
2024-04-15,0.49744865138553684,0.0,0.0,0.0,0.0,0.0,0.0,0.5025513486144632
2024-04-16,0.49782786018776254,0.0,0.0,0.0,0.0,0.0,0.0,0.5021721398122375
2024-04-17,0.4949846277585366,0.0,0.0,0.0,0.0,0.0,0.0,0.5050153722414633
2024-04-18,0.4949697335608504,0.0,0.0,0.0,0.0,0.0,0.0,0.5050302664391496
2024-04-19,0.49251640665799573,0.0,0.0,0.0,0.0,0.0,0.0,0.5074835933420043
2024-04-22,0.49418968011290626,0.0,0.0,0.0,0.0,0.0,0.0,0.5058103198870938
2024-04-23,0.4967114993173023,0.0,0.0,0.0,0.0,0.0,0.0,0.5032885006826977
2024-04-24,0.4975666785644155,0.0,0.0,0.0,0.0,0.0,0.0,0.5024333214355845
2024-04-25,0.4973540971636695,0.0,0.0,0.0,0.0,0.0,0.0,0.5026459028363305
2024-04-26,0.4987583653547276,0.0,0.0,0.0,0.0,0.0,0.0,0.5012416346452724
2024-04-29,0.4985980391834295,0.0,0.0,0.0,0.0,0.0,0.0,0.5014019608165704
2024-04-30,0.49598336069718063,0.0,0.0,0.0,0.0,0.0,0.0,0.5040166393028194
2024-05-01,0.5,0.0,0.0,0.0,0.0,0.0,0.0,0.5
2024-05-02,0.5007847349358853,0.0,0.0,0.0,0.0,0.0,0.0,0.4992152650641147
2024-05-03,0.5021196953272969,0.0,0.0,0.0,0.0,0.0,0.0,0.4978803046727031
2024-05-06,0.5039842516838446,0.0,0.0,0.0,0.0,0.0,0.0,0.4960157483161554
2024-05-07,0.5041427865562537,0.0,0.0,0.0,0.0,0.0,0.0,0.49585721344374645
2024-05-08,0.5047999666793087,0.0,0.0,0.0,0.0,0.0,0.0,0.4952000333206913
2024-05-09,0.5058374149592471,0.0,0.0,0.0,0.0,0.0,0.0,0.494162585040753
2024-05-10,0.5069573557666849,0.0,0.0,0.0,0.0,0.0,0.0,0.49304264423331506
2024-05-13,0.5068968767189552,0.0,0.0,0.0,0.0,0.0,0.0,0.4931031232810448
2024-05-14,0.5073135307375279,0.0,0.0,0.0,0.0,0.0,0.0,0.492686469262472
2024-05-15,0.5081732091206933,0.0,0.0,0.0,0.0,0.0,0.0,0.4918267908793067
2024-05-16,0.508053566598504,0.0,0.0,0.0,0.0,0.0,0.0,0.49194643340149596
2024-05-17,0.5089947839559414,0.0,0.0,0.0,0.0,0.0,0.0,0.49100521604405856
2024-05-20,0.5093992461040181,0.0,0.0,0.0,0.0,0.0,0.0,0.4906007538959818
2024-05-21,0.5095918685916603,0.0,0.0,0.0,0.0,0.0,0.0,0.49040813140833966
2024-05-22,0.5092440818492,0.0,0.0,0.0,0.0,0.0,0.0,0.49075591815079994
2024-05-23,0.5085104135821177,0.0,0.0,0.0,0.0,0.0,0.0,0.4914895864178823
2024-05-24,0.5094802769043367,0.0,0.0,0.0,0.0,0.0,0.0,0.4905197230956634
2024-05-28,0.5111542693760186,0.0,0.0,0.0,0.0,0.0,0.0,0.48884573062398134
2024-05-29,0.5107413502900958,0.0,0.0,0.0,0.0,0.0,0.0,0.4892586497099042
2024-05-30,0.5075468379876157,0.0,0.0,0.0,0.0,0.0,0.0,0.49245316201238437
2024-05-31,0.5087115415737068,0.0,0.0,0.0,0.0,0.0,0.0,0.4912884584262932
2024-06-03,0.5,0.0,0.0,0.0,0.0,0.0,0.0,0.5
2024-06-04,0.4993019928248537,0.0,0.0,0.0,0.0,0.0,0.0,0.5006980071751462
2024-06-05,0.5014210103533433,0.0,0.0,0.0,0.0,0.0,0.0,0.4985789896466567
2024-06-06,0.5015783698405301,0.0,0.0,0.0,0.0,0.0,0.0,0.49842163015946994
2024-06-07,0.5035311884937148,0.0,0.0,0.0,0.0,0.0,0.0,0.4964688115062853
2024-06-10,0.5048171665636253,0.0,0.0,0.0,0.0,0.0,0.0,0.49518283343637476
2024-06-11,0.5043434240311754,0.0,0.0,0.0,0.0,0.0,0.0,0.49565657596882456
2024-06-12,0.5048537770976516,0.0,0.0,0.0,0.0,0.0,0.0,0.49514622290234844
2024-06-13,0.5041773604482276,0.0,0.0,0.0,0.0,0.0,0.0,0.4958226395517724
2024-06-14,0.5041219930298515,0.0,0.0,0.0,0.0,0.0,0.0,0.4958780069701485
2024-06-17,0.5072817772643003,0.0,0.0,0.0,0.0,0.0,0.0,0.49271822273569965
2024-06-18,0.5067609158929224,0.0,0.0,0.0,0.0,0.0,0.0,0.4932390841070776
2024-06-20,0.506912069211166,0.0,0.0,0.0,0.0,0.0,0.0,0.49308793078883384
2024-06-21,0.5065073805067412,0.0,0.0,0.0,0.0,0.0,0.0,0.4934926194932589
2024-06-24,0.5054393355849714,0.0,0.0,0.0,0.0,0.0,0.0,0.4945606644150285
2024-06-25,0.5064925055016022,0.0,0.0,0.0,0.0,0.0,0.0,0.49350749449839776
2024-06-26,0.5081709735194337,0.0,0.0,0.0,0.0,0.0,0.0,0.49182902648056626
2024-06-27,0.5080773777257092,0.0,0.0,0.0,0.0,0.0,0.0,0.4919226222742909
2024-06-28,0.5086966518422311,0.0,0.0,0.0,0.0,0.0,0.0,0.49130334815776877
2024-07-01,0.5,0.0,0.0,0.0,0.0,0.0,0.0,0.5
2024-07-02,0.5000797428109046,0.0,0.0,0.0,0.0,0.0,0.0,0.49992025718909533
2024-07-03,0.4993504055178998,0.0,0.0,0.0,0.0,0.0,0.0,0.5006495944821002
2024-07-05,0.4994898488469907,0.0,0.0,0.0,0.0,0.0,0.0,0.5005101511530092
2024-07-08,0.4998012828277134,0.0,0.0,0.0,0.0,0.0,0.0,0.5001987171722865
2024-07-09,0.5005071635291195,0.0,0.0,0.0,0.0,0.0,0.0,0.4994928364708804
2024-07-10,0.5023672116377722,0.0,0.0,0.0,0.0,0.0,0.0,0.49763278836222785
2024-07-11,0.4988656212241988,0.0,0.0,0.0,0.0,0.0,0.0,0.5011343787758012
2024-07-12,0.499519861742405,0.0,0.0,0.0,0.0,0.0,0.0,0.5004801382575951
2024-07-15,0.5015842328896931,0.0,0.0,0.0,0.0,0.0,0.0,0.4984157671103069
2024-07-16,0.5016158734431947,0.0,0.0,0.0,0.0,0.0,0.0,0.49838412655680525
2024-07-17,0.49797138230873406,0.0,0.0,0.0,0.0,0.0,0.0,0.5020286176912659
2024-07-18,0.49712060495839006,0.0,0.0,0.0,0.0,0.0,0.0,0.5028793950416101
2024-07-19,0.49637591144589416,0.0,0.0,0.0,0.0,0.0,0.0,0.5036240885541058
2024-07-22,0.49907860250672414,0.0,0.0,0.0,0.0,0.0,0.0,0.5009213974932758
2024-07-23,0.4988708270683201,0.0,0.0,0.0,0.0,0.0,0.0,0.5011291729316799
2024-07-24,0.49466926628862384,0.0,0.0,0.0,0.0,0.0,0.0,0.5053307337113762
2024-07-25,0.4923664420132136,0.0,0.0,0.0,0.0,0.0,0.0,0.5076335579867864
2024-07-26,0.49376556111500886,0.0,0.0,0.0,0.0,0.0,0.0,0.5062344388849912
2024-07-29,0.4933837456606385,0.0,0.0,0.0,0.0,0.0,0.0,0.5066162543393615
2024-07-30,0.491907559420559,0.0,0.0,0.0,0.0,0.0,0.0,0.508092440579441
2024-07-31,0.4944963271017942,0.0,0.0,0.0,0.0,0.0,0.0,0.5055036728982057
2024-08-01,0.5,0.0,0.0,0.0,0.0,0.0,0.0,0.5
2024-08-02,0.4928715996536613,0.0,0.0,0.0,0.0,0.0,0.0,0.5071284003463388
2024-08-05,0.4861193183048439,0.0,0.0,0.0,0.0,0.0,0.0,0.5138806816951561
2024-08-06,0.4900483601895041,0.0,0.0,0.0,0.0,0.0,0.0,0.5099516398104958
2024-08-07,0.48951509195331794,0.0,0.0,0.0,0.0,0.0,0.0,0.510484908046682
2024-08-08,0.4951127304143669,0.0,0.0,0.0,0.0,0.0,0.0,0.5048872695856331
2024-08-09,0.4949334025483522,0.0,0.0,0.0,0.0,0.0,0.0,0.5050665974516477
2024-08-12,0.4945411264755356,0.0,0.0,0.0,0.0,0.0,0.0,0.5054588735244644
2024-08-13,0.49687404832427917,0.0,0.0,0.0,0.0,0.0,0.0,0.5031259516757208
2024-08-14,0.4965574999703573,0.0,0.0,0.0,0.0,0.0,0.0,0.5034425000296426
2024-08-15,0.5015717335721145,0.0,0.0,0.0,0.0,0.0,0.0,0.4984282664278855
2024-08-16,0.50138852592683,0.0,0.0,0.0,0.0,0.0,0.0,0.4986114740731699
2024-08-19,0.5031836798702861,0.0,0.0,0.0,0.0,0.0,0.0,0.4968163201297138
2024-08-20,0.5021271183955768,0.0,0.0,0.0,0.0,0.0,0.0,0.4978728816044232
2024-08-21,0.5024260612219715,0.0,0.0,0.0,0.0,0.0,0.0,0.4975739387780285
2024-08-22,0.5014851874971193,0.0,0.0,0.0,0.0,0.0,0.0,0.49851481250288066
2024-08-23,0.5026970147773853,0.0,0.0,0.0,0.0,0.0,0.0,0.4973029852226147
2024-08-26,0.5024125669670917,0.0,0.0,0.0,0.0,0.0,0.0,0.4975874330329083
2024-08-27,0.5029564997489223,0.0,0.0,0.0,0.0,0.0,0.0,0.4970435002510777
2024-08-28,0.502015122524434,0.0,0.0,0.0,0.0,0.0,0.0,0.497984877475566
2024-08-29,0.502463138420403,0.0,0.0,0.0,0.0,0.0,0.0,0.497536861579597
2024-08-30,0.505534073007577,0.0,0.0,0.0,0.0,0.0,0.0,0.49446592699242303
2024-09-03,0.5,0.0,0.0,0.0,0.0,0.0,0.0,0.5
2024-09-04,0.4979404412048577,0.0,0.0,0.0,0.0,0.0,0.0,0.5020595587951423
2024-09-05,0.49610523072630774,0.0,0.0,0.0,0.0,0.0,0.0,0.5038947692736923
2024-09-06,0.49197378640274014,0.0,0.0,0.0,0.0,0.0,0.0,0.5080262135972599
2024-09-09,0.49420103178634067,0.0,0.0,0.0,0.0,0.0,0.0,0.5057989682136593
2024-09-10,0.4946001049804441,0.0,0.0,0.0,0.0,0.0,0.0,0.505399895019556
2024-09-11,0.49704088339570085,0.0,0.0,0.0,0.0,0.0,0.0,0.5029591166042992
2024-09-12,0.4993149982661526,0.0,0.0,0.0,0.0,0.0,0.0,0.5006850017338474
2024-09-13,0.4998431784777651,0.0,0.0,0.0,0.0,0.0,0.0,0.5001568215222348
2024-09-16,0.4991105081866688,0.0,0.0,0.0,0.0,0.0,0.0,0.5008894918133311
2024-09-17,0.49919060483387895,0.0,0.0,0.0,0.0,0.0,0.0,0.5008093951661211
2024-09-18,0.49948337168509876,0.0,0.0,0.0,0.0,0.0,0.0,0.5005166283149012
2024-09-19,0.5034927797342421,0.0,0.0,0.0,0.0,0.0,0.0,0.4965072202657579
2024-09-20,0.5028398100466253,0.0,0.0,0.0,0.0,0.0,0.0,0.4971601899533747
2024-09-23,0.5038165864861466,0.0,0.0,0.0,0.0,0.0,0.0,0.49618341351385337
2024-09-24,0.5041119695258593,0.0,0.0,0.0,0.0,0.0,0.0,0.49588803047414065
2024-09-25,0.5050402611513664,0.0,0.0,0.0,0.0,0.0,0.0,0.49495973884863376
2024-09-26,0.5060293492875149,0.0,0.0,0.0,0.0,0.0,0.0,0.49397065071248514
2024-09-27,0.5046713966220987,0.0,0.0,0.0,0.0,0.0,0.0,0.4953286033779013
2024-09-30,0.5062898107768463,0.0,0.0,0.0,0.0,0.0,0.0,0.4937101892231537
2024-10-01,0.5,0.0,0.0,0.0,0.0,0.0,0.0,0.5
2024-10-02,0.5006586977163984,0.0,0.0,0.0,0.0,0.0,0.0,0.4993413022836016
2024-10-03,0.501823523749049,0.0,0.0,0.0,0.0,0.0,0.0,0.498176476250951
2024-10-04,0.5054486853515108,0.0,0.0,0.0,0.0,0.0,0.0,0.4945513146484892
2024-10-07,0.5044594528138094,0.0,0.0,0.0,0.0,0.0,0.0,0.49554054718619067
2024-10-08,0.5063172831238989,0.0,0.0,0.0,0.0,0.0,0.0,0.49368271687610105
2024-10-09,0.5085376816907899,0.0,0.0,0.0,0.0,0.0,0.0,0.49146231830921
2024-10-10,0.5083703752748382,0.0,0.0,0.0,0.0,0.0,0.0,0.4916296247251618
2024-10-11,0.5099075041602384,0.0,0.0,0.0,0.0,0.0,0.0,0.49009249583976167
2024-10-14,0.5119203087577354,0.0,0.0,0.0,0.0,0.0,0.0,0.4880796912422646
2024-10-15,0.5087563448211316,0.0,0.0,0.0,0.0,0.0,0.0,0.4912436551788684
2024-10-16,0.50905602064393,0.0,0.0,0.0,0.0,0.0,0.0,0.4909439793560699
2024-10-17,0.5109411626540409,0.0,0.0,0.0,0.0,0.0,0.0,0.48905883734595895
2024-10-18,0.5121935965134751,0.0,0.0,0.0,0.0,0.0,0.0,0.4878064034865248
2024-10-21,0.5143450214925079,0.0,0.0,0.0,0.0,0.0,0.0,0.485654978507492
2024-10-22,0.5142351176386193,0.0,0.0,0.0,0.0,0.0,0.0,0.4857648823613807
2024-10-23,0.512786719208583,0.0,0.0,0.0,0.0,0.0,0.0,0.48721328079141696
2024-10-24,0.5125728123168649,0.0,0.0,0.0,0.0,0.0,0.0,0.4874271876831351
2024-10-25,0.5130801019817207,0.0,0.0,0.0,0.0,0.0,0.0,0.4869198980182793
2024-10-28,0.5140569419872949,0.0,0.0,0.0,0.0,0.0,0.0,0.48594305801270515
2024-10-29,0.5141637100805893,0.0,0.0,0.0,0.0,0.0,0.0,0.48583628991941075
2024-10-30,0.5137267909456259,0.0,0.0,0.0,0.0,0.0,0.0,0.48627320905437416
2024-10-31,0.50928396033579,0.0,0.0,0.0,0.0,0.0,0.0,0.49071603966420996
2024-11-01,0.5,0.0,0.0,0.0,0.0,0.0,0.0,0.5
2024-11-04,0.4976160502296784,0.0,0.0,0.0,0.0,0.0,0.0,0.5023839497703216
2024-11-05,0.49942901262891165,0.0,0.0,0.0,0.0,0.0,0.0,0.5005709873710884
2024-11-06,0.50818906479936,0.0,0.0,0.0,0.0,0.0,0.0,0.49181093520064006
2024-11-07,0.5071745358384148,0.0,0.0,0.0,0.0,0.0,0.0,0.49282546416158524
2024-11-08,0.507388768904989,0.0,0.0,0.0,0.0,0.0,0.0,0.4926112310950111
2024-11-11,0.5081050713051398,0.0,0.0,0.0,0.0,0.0,0.0,0.49189492869486023
2024-11-12,0.5095944934301658,0.0,0.0,0.0,0.0,0.0,0.0,0.49040550656983417
2024-11-13,0.5106606190750319,0.0,0.0,0.0,0.0,0.0,0.0,0.48933938092496804
2024-11-14,0.5091178130315366,0.0,0.0,0.0,0.0,0.0,0.0,0.49088218696846336
2024-11-15,0.5057801732115288,0.0,0.0,0.0,0.0,0.0,0.0,0.4942198267884712
2024-11-18,0.5063409934814286,0.0,0.0,0.0,0.0,0.0,0.0,0.4936590065185714
2024-11-19,0.5067235688325343,0.0,0.0,0.0,0.0,0.0,0.0,0.4932764311674656
2024-11-20,0.507406809578212,0.0,0.0,0.0,0.0,0.0,0.0,0.492593190421788
2024-11-21,0.5090447129746315,0.0,0.0,0.0,0.0,0.0,0.0,0.49095528702536845
2024-11-22,0.5095874737328261,0.0,0.0,0.0,0.0,0.0,0.0,0.4904125262671739
2024-11-25,0.5073405577507085,0.0,0.0,0.0,0.0,0.0,0.0,0.49265944224929137
2024-11-26,0.509280547481065,0.0,0.0,0.0,0.0,0.0,0.0,0.490719452518935
2024-11-27,0.5076104569864062,0.0,0.0,0.0,0.0,0.0,0.0,0.4923895430135939
2024-11-29,0.5076162670864807,0.0,0.0,0.0,0.0,0.0,0.0,0.4923837329135194
2024-12-02,0.5,0.0,0.0,0.0,0.0,0.0,0.0,0.5
2024-12-03,0.5010010834141212,0.0,0.0,0.0,0.0,0.0,0.0,0.4989989165858788
2024-12-04,0.5013464295155553,0.0,0.0,0.0,0.0,0.0,0.0,0.49865357048444464
2024-12-05,0.5010025952693183,0.0,0.0,0.0,0.0,0.0,0.0,0.49899740473068166
2024-12-06,0.5009108793309056,0.0,0.0,0.0,0.0,0.0,0.0,0.49908912066909433
2024-12-09,0.5002532979061616,0.0,0.0,0.0,0.0,0.0,0.0,0.4997467020938385
2024-12-10,0.4998599511988609,0.0,0.0,0.0,0.0,0.0,0.0,0.5001400488011393
2024-12-11,0.5024663719930861,0.0,0.0,0.0,0.0,0.0,0.0,0.49753362800691386
2024-12-12,0.5025885732707281,0.0,0.0,0.0,0.0,0.0,0.0,0.49741142672927185
2024-12-13,0.5039375970496168,0.0,0.0,0.0,0.0,0.0,0.0,0.4960624029503831
2024-12-16,0.5046810541945164,0.0,0.0,0.0,0.0,0.0,0.0,0.49531894580548347
2024-12-17,0.5036260883297841,0.0,0.0,0.0,0.0,0.0,0.0,0.4963739116702159
2024-12-18,0.499180824293437,0.0,0.0,0.0,0.0,0.0,0.0,0.5008191757065631
2024-12-19,0.5004610461947617,0.0,0.0,0.0,0.0,0.0,0.0,0.49953895380523816
2024-12-20,0.5024624910870253,0.0,0.0,0.0,0.0,0.0,0.0,0.49753750891297455
2024-12-23,0.5046805292905369,0.0,0.0,0.0,0.0,0.0,0.0,0.49531947070946303
2024-12-24,0.5066714592186942,0.0,0.0,0.0,0.0,0.0,0.0,0.4933285407813059
2024-12-26,0.5064546363297845,0.0,0.0,0.0,0.0,0.0,0.0,0.4935453636702155
2024-12-27,0.5048618364084496,0.0,0.0,0.0,0.0,0.0,0.0,0.4951381635915503
2024-12-30,0.5009167424082468,0.0,0.0,0.0,0.0,0.0,0.0,0.49908325759175315
2024-12-31,0.5006365851230148,0.0,0.0,0.0,0.0,0.0,0.0,0.49936341487698527
2025-01-02,0.5,0.0,0.0,0.0,0.0,0.0,0.0,0.5
2025-01-03,0.5036920681792953,0.0,0.0,0.0,0.0,0.0,0.0,0.49630793182070476
2025-01-06,0.5057619443629262,0.0,0.0,0.0,0.0,0.0,0.0,0.4942380556370738
2025-01-07,0.5040747367542558,0.0,0.0,0.0,0.0,0.0,0.0,0.4959252632457441
2025-01-08,0.5040384379087514,0.0,0.0,0.0,0.0,0.0,0.0,0.49596156209124864
2025-01-10,0.5016349318957867,0.0,0.0,0.0,0.0,0.0,0.0,0.4983650681042133
2025-01-13,0.5027348565290641,0.0,0.0,0.0,0.0,0.0,0.0,0.49726514347093587
2025-01-14,0.5027932579435898,0.0,0.0,0.0,0.0,0.0,0.0,0.4972067420564102
2025-01-15,0.5043238715995522,0.0,0.0,0.0,0.0,0.0,0.0,0.49567612840044795
2025-01-16,0.5033501228925793,0.0,0.0,0.0,0.0,0.0,0.0,0.49664987710742065
2025-01-17,0.5056366528167184,0.0,0.0,0.0,0.0,0.0,0.0,0.4943633471832814
2025-01-21,0.5064670797195715,0.0,0.0,0.0,0.0,0.0,0.0,0.49353292028042844
2025-01-22,0.5086607645827834,0.0,0.0,0.0,0.0,0.0,0.0,0.4913392354172167
2025-01-23,0.5103714753042251,0.0,0.0,0.0,0.0,0.0,0.0,0.48962852469577495
2025-01-24,0.509150378363457,0.0,0.0,0.0,0.0,0.0,0.0,0.4908496216365431
2025-01-27,0.5038686260316896,0.0,0.0,0.0,0.0,0.0,0.0,0.49613137396831053
2025-01-28,0.5063552587167649,0.0,0.0,0.0,0.0,0.0,0.0,0.49364474128323493
2025-01-29,0.5055572720706889,0.0,0.0,0.0,0.0,0.0,0.0,0.49444272792931104
2025-01-30,0.5063381664886597,0.0,0.0,0.0,0.0,0.0,0.0,0.49366183351134035
2025-01-31,0.5058171503075847,0.0,0.0,0.0,0.0,0.0,0.0,0.49418284969241516
2025-02-03,0.0,0.0,0.0,0.5,0.0,0.0,0.0,0.5
2025-02-04,0.0,0.0,0.0,0.5023993308688043,0.0,0.0,0.0,0.4976006691311957
2025-02-05,0.0,0.0,0.0,0.5030785023546966,0.0,0.0,0.0,0.4969214976453033
2025-02-06,0.0,0.0,0.0,0.5047257998277237,0.0,0.0,0.0,0.4952742001722763
2025-02-07,0.0,0.0,0.0,0.5034409072468158,0.0,0.0,0.0,0.49655909275318433
2025-02-10,0.0,0.0,0.0,0.5050610873940671,0.0,0.0,0.0,0.4949389126059329
2025-02-11,0.0,0.0,0.0,0.5068018182343468,0.0,0.0,0.0,0.49319818176565317
2025-02-12,0.0,0.0,0.0,0.5090855630646625,0.0,0.0,0.0,0.4909144369353375
2025-02-13,0.0,0.0,0.0,0.5101615372506373,0.0,0.0,0.0,0.48983846274936266
2025-02-14,0.0,0.0,0.0,0.5095539930893452,0.0,0.0,0.0,0.49044600691065465
2025-02-18,0.0,0.0,0.0,0.5123671243717889,0.0,0.0,0.0,0.48763287562821106
2025-02-19,0.0,0.0,0.0,0.5096406121264382,0.0,0.0,0.0,0.49035938787356165
2025-02-20,0.0,0.0,0.0,0.5101975806404077,0.0,0.0,0.0,0.4898024193595923
2025-02-21,0.0,0.0,0.0,0.5077604840401022,0.0,0.0,0.0,0.49223951595989773
2025-02-24,0.0,0.0,0.0,0.5069614717982655,0.0,0.0,0.0,0.4930385282017347
2025-02-25,0.0,0.0,0.0,0.5073167670466414,0.0,0.0,0.0,0.4926832329533587
2025-02-26,0.0,0.0,0.0,0.5071257403235623,0.0,0.0,0.0,0.4928742596764376
2025-02-27,0.0,0.0,0.0,0.5053378705814441,0.0,0.0,0.0,0.4946621294185559
2025-02-28,0.0,0.0,0.0,0.5047622758066895,0.0,0.0,0.0,0.49523772419331047
2025-03-03,0.5,0.0,0.0,0.0,0.0,0.0,0.0,0.5
2025-03-04,0.49784608138803743,0.0,0.0,0.0,0.0,0.0,0.0,0.5021539186119627
2025-03-05,0.5013214731157082,0.0,0.0,0.0,0.0,0.0,0.0,0.4986785268842918
2025-03-06,0.49762603320819687,0.0,0.0,0.0,0.0,0.0,0.0,0.5023739667918031
2025-03-07,0.4994154016028911,0.0,0.0,0.0,0.0,0.0,0.0,0.5005845983971089
2025-03-10,0.49181442599325,0.0,0.0,0.0,0.0,0.0,0.0,0.5081855740067501
2025-03-11,0.4913661065652089,0.0,0.0,0.0,0.0,0.0,0.0,0.5086338934347912
2025-03-12,0.4934307062475017,0.0,0.0,0.0,0.0,0.0,0.0,0.5065692937524984
2025-03-13,0.48928871198734186,0.0,0.0,0.0,0.0,0.0,0.0,0.5107112880126582
2025-03-14,0.4945144207234071,0.0,0.0,0.0,0.0,0.0,0.0,0.5054855792765929
2025-03-17,0.49592570586559154,0.0,0.0,0.0,0.0,0.0,0.0,0.5040742941344085
2025-03-18,0.4926091335690313,0.0,0.0,0.0,0.0,0.0,0.0,0.5073908664309686
2025-03-19,0.49384565999228636,0.0,0.0,0.0,0.0,0.0,0.0,0.5061543400077138
2025-03-20,0.49348875618173443,0.0,0.0,0.0,0.0,0.0,0.0,0.5065112438182656
2025-03-21,0.4939156691920024,0.0,0.0,0.0,0.0,0.0,0.0,0.5060843308079974
2025-03-24,0.49943556540329476,0.0,0.0,0.0,0.0,0.0,0.0,0.5005644345967052
2025-03-25,0.49978200861110594,0.0,0.0,0.0,0.0,0.0,0.0,0.500217991388894
2025-03-26,0.497796347219223,0.0,0.0,0.0,0.0,0.0,0.0,0.502203652780777
2025-03-27,0.4974327150238039,0.0,0.0,0.0,0.0,0.0,0.0,0.5025672849761961
2025-03-28,0.490845335870365,0.0,0.0,0.0,0.0,0.0,0.0,0.5091546641296351
2025-03-31,0.49203403141464397,0.0,0.0,0.0,0.0,0.0,0.0,0.507965968585356
2025-04-01,0.0,0.0,0.0,0.5,0.0,0.0,0.0,0.5
2025-04-02,0.0,0.0,0.0,0.5000051362360944,0.0,0.0,0.0,0.4999948637639055
2025-04-03,0.0,0.0,0.0,0.4947312236594992,0.0,0.0,0.0,0.5052687763405007
2025-04-04,0.0,0.0,0.0,0.47795496711665336,0.0,0.0,0.0,0.5220450328833467
2025-04-07,0.0,0.0,0.0,0.47677205862217975,0.0,0.0,0.0,0.5232279413778202
2025-04-08,0.0,0.0,0.0,0.47909682556048666,0.0,0.0,0.0,0.5209031744395134
2025-04-09,0.0,0.0,0.0,0.4935245982083263,0.0,0.0,0.0,0.5064754017916737
2025-04-10,0.0,0.0,0.0,0.4928308943320871,0.0,0.0,0.0,0.507169105667913
2025-04-11,0.0,0.0,0.0,0.4990638030021445,0.0,0.0,0.0,0.5009361969978554
2025-04-14,0.0,0.0,0.0,0.5002008111288775,0.0,0.0,0.0,0.49979918887112257
2025-04-15,0.0,0.0,0.0,0.5011035491746094,0.0,0.0,0.0,0.4988964508253906
2025-04-16,0.0,0.0,0.0,0.4990847864175341,0.0,0.0,0.0,0.5009152135824658
2025-04-17,0.0,0.0,0.0,0.5021321741824253,0.0,0.0,0.0,0.4978678258175749
2025-04-21,0.0,0.0,0.0,0.5034798968202814,0.0,0.0,0.0,0.4965201031797186
2025-04-22,0.0,0.0,0.0,0.5079877127774762,0.0,0.0,0.0,0.49201228722252377
2025-04-23,0.0,0.0,0.0,0.5078803684483373,0.0,0.0,0.0,0.4921196315516627
2025-04-24,0.0,0.0,0.0,0.5086353275041049,0.0,0.0,0.0,0.49136467249589505
2025-04-25,0.0,0.0,0.0,0.5083845554185602,0.0,0.0,0.0,0.4916154445814397
2025-04-28,0.0,0.0,0.0,0.5094648793889454,0.0,0.0,0.0,0.4905351206110547
2025-04-29,0.0,0.0,0.0,0.509389500973999,0.0,0.0,0.0,0.49061049902600107
2025-04-30,0.0,0.0,0.0,0.5102723486294699,0.0,0.0,0.0,0.48972765137053004
2025-05-01,0.0,0.0,0.0,0.0,0.0,0.0,0.5,0.5
2025-05-02,0.0,0.0,0.0,0.0,0.0,0.0,0.4978863104528755,0.5021136895471245
2025-05-05,0.0,0.0,0.0,0.0,0.0,0.0,0.49683712226730053,0.5031628777326994
2025-05-06,0.0,0.0,0.0,0.0,0.0,0.0,0.49717554438522854,0.5028244556147716
2025-05-07,0.0,0.0,0.0,0.0,0.0,0.0,0.4977165234082165,0.5022834765917835
2025-05-08,0.0,0.0,0.0,0.0,0.0,0.0,0.4961762209333753,0.5038237790666246
2025-05-09,0.0,0.0,0.0,0.0,0.0,0.0,0.4966436372167575,0.5033563627832425
2025-05-12,0.0,0.0,0.0,0.0,0.0,0.0,0.4943535147041637,0.5056464852958361
2025-05-13,0.0,0.0,0.0,0.0,0.0,0.0,0.4931260357627483,0.5068739642372516
2025-05-14,0.0,0.0,0.0,0.0,0.0,0.0,0.49273021939455874,0.5072697806054413
2025-05-15,0.0,0.0,0.0,0.0,0.0,0.0,0.49313439971505374,0.5068656002849463
2025-05-16,0.0,0.0,0.0,0.0,0.0,0.0,0.49333427138373304,0.506665728616267
2025-05-19,0.0,0.0,0.0,0.0,0.0,0.0,0.49258590787619766,0.5074140921238025
2025-05-20,0.0,0.0,0.0,0.0,0.0,0.0,0.49138590122733683,0.5086140987726632
2025-05-21,0.0,0.0,0.0,0.0,0.0,0.0,0.4898768489726766,0.5101231510273234
2025-05-22,0.0,0.0,0.0,0.0,0.0,0.0,0.48990907773514586,0.5100909222648541
2025-05-23,0.0,0.0,0.0,0.0,0.0,0.0,0.4901349945647376,0.5098650054352625
2025-05-27,0.0,0.0,0.0,0.0,0.0,0.0,0.49135144177095497,0.5086485582290449
2025-05-28,0.0,0.0,0.0,0.0,0.0,0.0,0.4908771268482552,0.5091228731517449
2025-05-29,0.0,0.0,0.0,0.0,0.0,0.0,0.4920606907411812,0.5079393092588188
2025-05-30,0.0,0.0,0.0,0.0,0.0,0.0,0.491717577542578,0.5082824224574222
2025-06-02,0.0,0.0,0.0,0.0,0.0,0.0,0.5,0.5
2025-06-03,0.0,0.0,0.0,0.0,0.0,0.0,0.49944250769130344,0.5005574923086966
2025-06-04,0.0,0.0,0.0,0.0,0.0,0.0,0.5016544807248665,0.49834551927513354
2025-06-05,0.0,0.0,0.0,0.0,0.0,0.0,0.5025937748523569,0.4974062251476431
2025-06-06,0.0,0.0,0.0,0.0,0.0,0.0,0.5009076162174056,0.49909238378259446
2025-06-09,0.0,0.0,0.0,0.0,0.0,0.0,0.5004239888097475,0.4995760111902526
2025-06-10,0.0,0.0,0.0,0.0,0.0,0.0,0.5011027246859578,0.4988972753140421
2025-06-11,0.0,0.0,0.0,0.0,0.0,0.0,0.5010690435749585,0.49893095642504165
2025-06-12,0.0,0.0,0.0,0.0,0.0,0.0,0.5026534972734085,0.4973465027265915
2025-06-13,0.0,0.0,0.0,0.0,0.0,0.0,0.5017357032348412,0.49826429676515893
2025-06-16,0.0,0.0,0.0,0.0,0.0,0.0,0.4996446572431607,0.5003553427568391
2025-06-17,0.0,0.0,0.0,0.0,0.0,0.0,0.501810473951714,0.498189526048286
2025-06-18,0.0,0.0,0.0,0.0,0.0,0.0,0.5020583417560992,0.49794165824390085
2025-06-20,0.0,0.0,0.0,0.0,0.0,0.0,0.5013881663237566,0.49861183367624334
2025-06-23,0.0,0.0,0.0,0.0,0.0,0.0,0.5015727816333972,0.49842721836660275
2025-06-24,0.0,0.0,0.0,0.0,0.0,0.0,0.5022081042971419,0.497791895702858
2025-06-25,0.0,0.0,0.0,0.0,0.0,0.0,0.5028211281654714,0.49717887183452875
2025-06-26,0.0,0.0,0.0,0.0,0.0,0.0,0.5031573473190561,0.49684265268094396
2025-06-27,0.0,0.0,0.0,0.0,0.0,0.0,0.5019729591952261,0.4980270408047739
2025-06-30,0.0,0.0,0.0,0.0,0.0,0.0,0.5030489977599498,0.49695100224005007
2025-07-01,0.0,0.0,0.0,0.0,0.0,0.0,0.5,0.5
2025-07-02,0.0,0.0,0.0,0.0,0.0,0.0,0.4984523705415363,0.5015476294584637
2025-07-03,0.0,0.0,0.0,0.0,0.0,0.0,0.4973002520352157,0.5026997479647842
2025-07-07,0.0,0.0,0.0,0.0,0.0,0.0,0.49639743480543297,0.503602565194567
2025-07-08,0.0,0.0,0.0,0.0,0.0,0.0,0.49679390517583544,0.5032060948241647
2025-07-09,0.0,0.0,0.0,0.0,0.0,0.0,0.49796584108243247,0.5020341589175674
2025-07-10,0.0,0.0,0.0,0.0,0.0,0.0,0.4980923105760729,0.5019076894239269
2025-07-11,0.0,0.0,0.0,0.0,0.0,0.0,0.49614177364641854,0.5038582263535815
2025-07-14,0.0,0.0,0.0,0.0,0.0,0.0,0.4956860462737241,0.504313953726276
2025-07-15,0.0,0.0,0.0,0.0,0.0,0.0,0.49483184958424536,0.5051681504157547
2025-07-16,0.0,0.0,0.0,0.0,0.0,0.0,0.4947900445857912,0.5052099554142089
2025-07-17,0.0,0.0,0.0,0.0,0.0,0.0,0.4941292526397562,0.5058707473602438
2025-07-18,0.0,0.0,0.0,0.0,0.0,0.0,0.49404870938558787,0.505951290614412
2025-07-21,0.0,0.0,0.0,0.0,0.0,0.0,0.495299998797843,0.504700001202157
2025-07-22,0.0,0.0,0.0,0.0,0.0,0.0,0.49620975363234915,0.5037902463676508
2025-07-23,0.0,0.0,0.0,0.0,0.0,0.0,0.4952093966147963,0.5047906033852038
2025-07-24,0.0,0.0,0.0,0.0,0.0,0.0,0.4951411201585716,0.5048588798414284
2025-07-25,0.0,0.0,0.0,0.0,0.0,0.0,0.4959036771664054,0.5040963228335947
2025-07-28,0.0,0.0,0.0,0.0,0.0,0.0,0.49478387449811795,0.5052161255018821
2025-07-29,0.0,0.0,0.0,0.0,0.0,0.0,0.49732054365559525,0.5026794563444048
2025-07-30,0.0,0.0,0.0,0.0,0.0,0.0,0.49696681325718345,0.5030331867428166
2025-07-31,0.0,0.0,0.0,0.0,0.0,0.0,0.49704185434401565,0.5029581456559842
2025-08-01,0.0,0.0,0.0,0.0,0.0,0.0,0.5,0.5
2025-08-04,0.0,0.0,0.0,0.0,0.0,0.0,0.5002494137023814,0.4997505862976187
2025-08-05,0.0,0.0,0.0,0.0,0.0,0.0,0.5008327367128994,0.49916726328710076
2025-08-06,0.0,0.0,0.0,0.0,0.0,0.0,0.4994532781178785,0.5005467218821216
2025-08-07,0.0,0.0,0.0,0.0,0.0,0.0,0.49927635405236187,0.5007236459476383
2025-08-08,0.0,0.0,0.0,0.0,0.0,0.0,0.4989888967203274,0.5010111032796727
2025-08-11,0.0,0.0,0.0,0.0,0.0,0.0,0.4988869515409073,0.5011130484590927
2025-08-12,0.0,0.0,0.0,0.0,0.0,0.0,0.49739703311127953,0.5026029668887205
2025-08-13,0.0,0.0,0.0,0.0,0.0,0.0,0.49814011365437416,0.5018598863456258
2025-08-14,0.0,0.0,0.0,0.0,0.0,0.0,0.4971427674140428,0.5028572325859573
2025-08-15,0.0,0.0,0.0,0.0,0.0,0.0,0.49567403039287833,0.5043259696071215
2025-08-18,0.0,0.0,0.0,0.0,0.0,0.0,0.4954056341432034,0.5045943658567966
2025-08-19,0.0,0.0,0.0,0.0,0.0,0.0,0.49646466091806524,0.5035353390819348
2025-08-20,0.0,0.0,0.0,0.0,0.0,0.0,0.49689833685511614,0.503101663144884
2025-08-21,0.0,0.0,0.0,0.0,0.0,0.0,0.49661584362522776,0.5033841563747723
2025-08-22,0.0,0.0,0.0,0.0,0.0,0.0,0.49650195660957813,0.503498043390422
2025-08-25,0.0,0.0,0.0,0.0,0.0,0.0,0.49644177357374075,0.5035582264262592
2025-08-26,0.0,0.0,0.0,0.0,0.0,0.0,0.4961158082026857,0.5038841917973143
2025-08-27,0.0,0.0,0.0,0.0,0.0,0.0,0.49573659941138276,0.5042634005886172
2025-08-28,0.0,0.0,0.0,0.0,0.0,0.0,0.49698970249672336,0.5030102975032766
2025-08-29,0.0,0.0,0.0,0.0,0.0,0.0,0.49611536006704376,0.5038846399329562
2025-09-02,0.0,0.0,0.0,0.0,0.0,0.0,0.5,0.5
2025-09-03,0.0,0.0,0.0,0.0,0.0,0.0,0.5012438155310343,0.4987561844689657
2025-09-04,0.0,0.0,0.0,0.0,0.0,0.0,0.5014391661846056,0.49856083381539434
2025-09-05,0.0,0.0,0.0,0.0,0.0,0.0,0.5035976666648952,0.49640233333510486
2025-09-08,0.0,0.0,0.0,0.0,0.0,0.0,0.5060309900584493,0.4939690099415507
2025-09-09,0.0,0.0,0.0,0.0,0.0,0.0,0.5050548628259163,0.49494513717408367
2025-09-10,0.0,0.0,0.0,0.0,0.0,0.0,0.5057398541682012,0.49426014583179895
2025-09-11,0.0,0.0,0.0,0.0,0.0,0.0,0.506244516256963,0.49375548374303707
2025-09-12,0.0,0.0,0.0,0.0,0.0,0.0,0.5056089964941985,0.49439100350580156
2025-09-15,0.0,0.0,0.0,0.0,0.0,0.0,0.5054120122982508,0.49458798770174917
2025-09-16,0.0,0.0,0.0,0.0,0.0,0.0,0.5061607851762522,0.4938392148237477
2025-09-17,0.0,0.0,0.0,0.0,0.0,0.0,0.5059694629048551,0.494030537095145
2025-09-18,0.0,0.0,0.0,0.0,0.0,0.0,0.5038899286030769,0.4961100713969232
2025-09-19,0.0,0.0,0.0,0.0,0.0,0.0,0.5036142382395914,0.4963857617604086
2025-09-22,0.0,0.0,0.0,0.0,0.0,0.0,0.5032740203863664,0.49672597961363363
2025-09-23,0.0,0.0,0.0,0.0,0.0,0.0,0.5045225018190262,0.4954774981809739
2025-09-24,0.0,0.0,0.0,0.0,0.0,0.0,0.5045781485264051,0.49542185147359497
2025-09-25,0.0,0.0,0.0,0.0,0.0,0.0,0.5050279471786151,0.4949720528213849
2025-09-26,0.0,0.0,0.0,0.0,0.0,0.0,0.5044656841135065,0.49553431588649355
2025-09-29,0.0,0.0,0.0,0.0,0.0,0.0,0.5056795660221102,0.4943204339778899
2025-09-30,0.0,0.0,0.0,0.0,0.0,0.0,0.5051999966731466,0.49480000332685337
2025-10-01,0.0,0.0,0.0,0.0,0.0,0.0,0.5,0.5
2025-10-02,0.0,0.0,0.0,0.0,0.0,0.0,0.5003237966466703,0.4996762033533298
2025-10-03,0.0,0.0,0.0,0.0,0.0,0.0,0.5001622826212926,0.4998377173787074
2025-10-06,0.0,0.0,0.0,0.0,0.0,0.0,0.4989765557343362,0.5010234442656637
2025-10-07,0.0,0.0,0.0,0.0,0.0,0.0,0.4999386563339984,0.5000613436660016
2025-10-08,0.0,0.0,0.0,0.0,0.0,0.0,0.5004491471480487,0.49955085285195144
2025-10-09,0.0,0.0,0.0,0.0,0.0,0.0,0.5007478012304734,0.4992521987695267
2025-10-10,0.0,0.0,0.0,0.0,0.0,0.0,0.5040553719321044,0.4959446280678956
2025-10-13,0.0,0.0,0.0,0.0,0.0,0.0,0.5030656723128978,0.49693432768710233
2025-10-14,0.0,0.0,0.0,0.0,0.0,0.0,0.5030383731982133,0.4969616268017866
2025-10-15,0.0,0.0,0.0,0.0,0.0,0.0,0.5024874936106265,0.4975125063893735
2025-10-16,0.0,0.0,0.0,0.0,0.0,0.0,0.50364297127429,0.4963570287257099
2025-10-17,0.0,0.0,0.0,0.0,0.0,0.0,0.5037491898135817,0.49625081018641815
2025-10-20,0.0,0.0,0.0,0.0,0.0,0.0,0.5039503177890967,0.4960496822109031
2025-10-21,0.0,0.0,0.0,0.0,0.0,0.0,0.505131632666732,0.494868367333268
2025-10-22,0.0,0.0,0.0,0.0,0.0,0.0,0.5050504333216618,0.4949495666783382
2025-10-23,0.0,0.0,0.0,0.0,0.0,0.0,0.5036446478955015,0.4963553521044984
2025-10-24,0.0,0.0,0.0,0.0,0.0,0.0,0.5033322724795448,0.4966677275204552
2025-10-27,0.0,0.0,0.0,0.0,0.0,0.0,0.5037570607879126,0.49624293921208745
2025-10-28,0.0,0.0,0.0,0.0,0.0,0.0,0.5043877693764983,0.4956122306235016
2025-10-29,0.0,0.0,0.0,0.0,0.0,0.0,0.503269331806003,0.4967306681939969
2025-10-30,0.0,0.0,0.0,0.0,0.0,0.0,0.5031499802026564,0.49685001979734367
2025-10-31,0.0,0.0,0.0,0.0,0.0,0.0,0.5034128699851582,0.4965871300148416
2025-11-03,0.0,0.0,0.0,0.0,0.0,0.0,0.5,0.5
2025-11-04,0.0,0.0,0.0,0.0,0.0,0.0,0.5002175813721553,0.4997824186278447
2025-11-05,0.0,0.0,0.0,0.0,0.0,0.0,0.49822505940927436,0.5017749405907258
2025-11-06,0.0,0.0,0.0,0.0,0.0,0.0,0.49915263913715163,0.5008473608628484
2025-11-07,0.0,0.0,0.0,0.0,0.0,0.0,0.49911918394170635,0.5008808160582937
2025-11-10,0.0,0.0,0.0,0.0,0.0,0.0,0.4989279167957571,0.5010720832042429
2025-11-11,0.0,0.0,0.0,0.0,0.0,0.0,0.49907881876244997,0.5009211812375499
2025-11-12,0.0,0.0,0.0,0.0,0.0,0.0,0.4997704549443276,0.5002295450556723
2025-11-13,0.0,0.0,0.0,0.0,0.0,0.0,0.49894984979058166,0.5010501502094185
2025-11-14,0.0,0.0,0.0,0.0,0.0,0.0,0.4981986758963119,0.5018013241036882
2025-11-17,0.0,0.0,0.0,0.0,0.0,0.0,0.4986581026629998,0.5013418973370001
2025-11-18,0.0,0.0,0.0,0.0,0.0,0.0,0.49846062407810493,0.5015393759218952
2025-11-19,0.0,0.0,0.0,0.0,0.0,0.0,0.4979322531016228,0.5020677468983772
2025-11-20,0.0,0.0,0.0,0.0,0.0,0.0,0.498575229365101,0.501424770634899
2025-11-21,0.0,0.0,0.0,0.0,0.0,0.0,0.49844996160280847,0.5015500383971916
2025-11-24,0.0,0.0,0.0,0.0,0.0,0.0,0.4988807800966867,0.5011192199033133
2025-11-25,0.0,0.0,0.0,0.0,0.0,0.0,0.49882378437748837,0.5011762156225116
2025-11-26,0.0,0.0,0.0,0.0,0.0,0.0,0.49908027328577337,0.5009197267142265
2025-11-28,0.0,0.0,0.0,0.0,0.0,0.0,0.49831563978152305,0.5016843602184768
2025-12-01,0.0,0.0,0.0,0.0,0.0,0.0,0.5,0.5
2025-12-02,0.0,0.0,0.0,0.0,0.0,0.0,0.49995482198452346,0.5000451780154765
2025-12-03,0.0,0.0,0.0,0.0,0.0,0.0,0.5000947632906297,0.4999052367093702
2025-12-04,0.0,0.0,0.0,0.0,0.0,0.0,0.4991938934672554,0.5008061065327447
2025-12-05,0.0,0.0,0.0,0.0,0.0,0.0,0.4982819788098342,0.501718021190166
2025-12-08,0.0,0.0,0.0,0.0,0.0,0.0,0.49797755419267264,0.5020224458073274
2025-12-09,0.0,0.0,0.0,0.0,0.0,0.0,0.49855004610482184,0.5014499538951783
2025-12-10,0.0,0.0,0.0,0.0,0.0,0.0,0.49836310949595947,0.5016368905040406
2025-12-11,0.0,0.0,0.0,0.0,0.0,0.0,0.49838385302232807,0.5016161469776719
2025-12-12,0.0,0.0,0.0,0.0,0.0,0.0,0.497478358337697,0.5025216416623031
2025-12-15,0.0,0.0,0.0,0.0,0.0,0.0,0.4973552157428176,0.5026447842571825
2025-12-16,0.0,0.0,0.0,0.0,0.0,0.0,0.49815838628143666,0.5018416137185633
2025-12-17,0.0,0.0,0.0,0.0,0.0,0.0,0.49820225619903935,0.5017977438009606
2025-12-18,0.0,0.0,0.0,0.0,0.0,0.0,0.49844625540343673,0.5015537445965634
2025-12-19,0.0,0.0,0.0,0.0,0.0,0.0,0.49815526987296005,0.50184473012704
2025-12-22,0.0,0.0,0.0,0.0,0.0,0.0,0.497657564260439,0.502342435739561
2025-12-23,0.0,0.0,0.0,0.0,0.0,0.0,0.49780825699616643,0.5021917430038335
2025-12-24,0.0,0.0,0.0,0.0,0.0,0.0,0.49834451881905534,0.5016554811809446
2025-12-26,0.0,0.0,0.0,0.0,0.0,0.0,0.49754218988186705,0.5024578101181328
2025-12-29,0.0,0.0,0.0,0.0,0.0,0.0,0.49814198991480835,0.5018580100851917
2025-12-30,0.0,0.0,0.0,0.0,0.0,0.0,0.49783867355003303,0.5021613264499669
2025-12-31,0.0,0.0,0.0,0.0,0.0,0.0,0.49690300364818607,0.503096996351814
