Date,SPY,QQQ,IWM,EFA,VNQ,GLD,TLT,LQD
2012-01-03,0.0,0.0,0.0,0.0,0.0,0.0,0.5,0.5
2012-01-04,0.0,0.0,0.0,0.0,0.0,0.0,0.49681193712037647,0.5031880628796235
2012-01-05,0.0,0.0,0.0,0.0,0.0,0.0,0.4974457665751656,0.5025542334248343
2012-01-06,0.0,0.0,0.0,0.0,0.0,0.0,0.49844264283812484,0.5015573571618751
2012-01-09,0.0,0.0,0.0,0.0,0.0,0.0,0.49837423518769675,0.5016257648123033
2012-01-10,0.0,0.0,0.0,0.0,0.0,0.0,0.49724808465896514,0.5027519153410348
2012-01-11,0.0,0.0,0.0,0.0,0.0,0.0,0.5005248715938813,0.4994751284061187
2012-01-12,0.0,0.0,0.0,0.0,0.0,0.0,0.4995999147127169,0.5004000852872831
2012-01-13,0.0,0.0,0.0,0.0,0.0,0.0,0.501176229722791,0.49882377027720914
2012-01-17,0.0,0.0,0.0,0.0,0.0,0.0,0.5015688878178557,0.49843111218214436
2012-01-18,0.0,0.0,0.0,0.0,0.0,0.0,0.4990255292170929,0.5009744707829069
2012-01-19,0.0,0.0,0.0,0.0,0.0,0.0,0.49562859111355556,0.5043714088864445
2012-01-20,0.0,0.0,0.0,0.0,0.0,0.0,0.4934150711593579,0.5065849288406421
2012-01-23,0.0,0.0,0.0,0.0,0.0,0.0,0.49220079160370417,0.5077992083962959
2012-01-24,0.0,0.0,0.0,0.0,0.0,0.0,0.49175581698105364,0.5082441830189464
2012-01-25,0.0,0.0,0.0,0.0,0.0,0.0,0.49030463898556104,0.5096953610144389
2012-01-26,0.0,0.0,0.0,0.0,0.0,0.0,0.49164654957345233,0.5083534504265478
2012-01-27,0.0,0.0,0.0,0.0,0.0,0.0,0.49206459822860776,0.5079354017713922
2012-01-30,0.0,0.0,0.0,0.0,0.0,0.0,0.49531314390289594,0.5046868560971042
2012-01-31,0.0,0.0,0.0,0.0,0.0,0.0,0.4974515234545766,0.5025484765454235
2012-02-01,0.0,0.0,0.0,0.0,0.0,0.5,0.5,0.0
2012-02-02,0.0,0.0,0.0,0.0,0.0,0.5022922610899223,0.4977077389100775,0.0
2012-02-03,0.0,0.0,0.0,0.0,0.0,0.502688818389662,0.497311181610338,0.0
2012-02-06,0.0,0.0,0.0,0.0,0.0,0.499526372594088,0.500473627405912,0.0
2012-02-07,0.0,0.0,0.0,0.0,0.0,0.5063858827950178,0.4936141172049821,0.0
2012-02-08,0.0,0.0,0.0,0.0,0.0,0.5044184484857291,0.49558155151427086,0.0
2012-02-09,0.0,0.0,0.0,0.0,0.0,0.5055815910253022,0.49441840897469785,0.0
2012-02-10,0.0,0.0,0.0,0.0,0.0,0.5010428493923444,0.4989571506076555,0.0
2012-02-13,0.0,0.0,0.0,0.0,0.0,0.5012753689953994,0.49872463100460057,0.0
2012-02-14,0.0,0.0,0.0,0.0,0.0,0.4993729391525158,0.5006270608474842,0.0
2012-02-15,0.0,0.0,0.0,0.0,0.0,0.5012956725285553,0.4987043274714446,0.0
2012-02-16,0.0,0.0,0.0,0.0,0.0,0.5031393709892668,0.49686062901073325,0.0
2012-02-17,0.0,0.0,0.0,0.0,0.0,0.5022343229087612,0.49776567709123876,0.0
2012-02-21,0.0,0.0,0.0,0.0,0.0,0.5104379203337406,0.4895620796662595,0.0
2012-02-22,0.0,0.0,0.0,0.0,0.0,0.5101045214650043,0.48989547853499577,0.0
2012-02-23,0.0,0.0,0.0,0.0,0.0,0.5102200966507952,0.48977990334920474,0.0
2012-02-24,0.0,0.0,0.0,0.0,0.0,0.5074547149400581,0.492545285059942,0.0
2012-02-27,0.0,0.0,0.0,0.0,0.0,0.5044815683774001,0.4955184316225998,0.0
2012-02-28,0.0,0.0,0.0,0.0,0.0,0.50789756640757,0.49210243359242994,0.0
2012-02-29,0.0,0.0,0.0,0.0,0.0,0.4958047637287927,0.5041952362712073,0.0
2012-03-01,0.0,0.0,0.0,0.0,0.0,0.5,0.5,0.0
2012-03-02,0.0,0.0,0.0,0.0,0.0,0.4972577377935772,0.5027422622064228,0.0
2012-03-05,0.0,0.0,0.0,0.0,0.0,0.49821104273723493,0.501788957262765,0.0
2012-03-06,0.0,0.0,0.0,0.0,0.0,0.490705071704949,0.509294928295051,0.0
2012-03-07,0.0,0.0,0.0,0.0,0.0,0.49366426587587464,0.5063357341241252,0.0
2012-03-08,0.0,0.0,0.0,0.0,0.0,0.4986867589298523,0.5013132410701476,0.0
2012-03-09,0.0,0.0,0.0,0.0,0.0,0.4998485475133749,0.5001514524866252,0.0
2012-03-12,0.0,0.0,0.0,0.0,0.0,0.4979157548860718,0.5020842451139282,0.0
2012-03-13,0.0,0.0,0.0,0.0,0.0,0.4981224707936098,0.5018775292063903,0.0
2012-03-14,0.0,0.0,0.0,0.0,0.0,0.5002610074318911,0.49973899256810894,0.0
2012-03-15,0.0,0.0,0.0,0.0,0.0,0.5022331038004455,0.4977668961995546,0.0
2012-03-16,0.0,0.0,0.0,0.0,0.0,0.5020802859483906,0.49791971405160934,0.0
2012-03-19,0.0,0.0,0.0,0.0,0.0,0.5055308763398281,0.49446912366017187,0.0
2012-03-20,0.0,0.0,0.0,0.0,0.0,0.5022651593339661,0.4977348406660339,0.0
2012-03-21,0.0,0.0,0.0,0.0,0.0,0.499578920462087,0.5004210795379129,0.0
2012-03-22,0.0,0.0,0.0,0.0,0.0,0.4977744342723017,0.5022255657276983,0.0
2012-03-23,0.0,0.0,0.0,0.0,0.0,0.4984747521653201,0.50152524783468,0.0
2012-03-26,0.0,0.0,0.0,0.0,0.0,0.5041615545549946,0.4958384454450055,0.0
2012-03-27,0.0,0.0,0.0,0.0,0.0,0.5005997546627668,0.4994002453372331,0.0
2012-03-28,0.0,0.0,0.0,0.0,0.0,0.49828897577091197,0.5017110242290881,0.0
2012-03-29,0.0,0.0,0.0,0.0,0.0,0.4960641785836936,0.5039358214163063,0.0
2012-03-30,0.0,0.0,0.0,0.0,0.0,0.5016263820904872,0.4983736179095129,0.0
2012-04-02,0.0,0.5,0.0,0.0,0.0,0.0,0.5,0.0
2012-04-03,0.0,0.5042969091630095,0.0,0.0,0.0,0.0,0.49570309083699043,0.0
2012-04-04,0.0,0.4974524882500131,0.0,0.0,0.0,0.0,0.5025475117499869,0.0
2012-04-05,0.0,0.49720815516090894,0.0,0.0,0.0,0.0,0.502791844839091,0.0
2012-04-09,0.0,0.4895418741763841,0.0,0.0,0.0,0.0,0.5104581258236159,0.0
2012-04-10,0.0,0.48267886969702783,0.0,0.0,0.0,0.0,0.5173211303029721,0.0
2012-04-11,0.0,0.4868949736537935,0.0,0.0,0.0,0.0,0.5131050263462066,0.0
2012-04-12,0.0,0.49077757710890096,0.0,0.0,0.0,0.0,0.5092224228910991,0.0
2012-04-13,0.0,0.48294821550545886,0.0,0.0,0.0,0.0,0.5170517844945411,0.0
2012-04-16,0.0,0.4805048606847946,0.0,0.0,0.0,0.0,0.5194951393152054,0.0
2012-04-17,0.0,0.4856779722377392,0.0,0.0,0.0,0.0,0.5143220277622609,0.0
2012-04-18,0.0,0.48431426494994534,0.0,0.0,0.0,0.0,0.5156857350500547,0.0
2012-04-19,0.0,0.4812518489356945,0.0,0.0,0.0,0.0,0.5187481510643055,0.0
2012-04-20,0.0,0.48052599163347703,0.0,0.0,0.0,0.0,0.519474008366523,0.0
2012-04-23,0.0,0.47643083285579996,0.0,0.0,0.0,0.0,0.5235691671442001,0.0
2012-04-24,0.0,0.47684762021664395,0.0,0.0,0.0,0.0,0.523152379783356,0.0
2012-04-25,0.0,0.48467634530712406,0.0,0.0,0.0,0.0,0.5153236546928759,0.0
2012-04-26,0.0,0.484641428605285,0.0,0.0,0.0,0.0,0.515358571394715,0.0
2012-04-27,0.0,0.4859188973442141,0.0,0.0,0.0,0.0,0.5140811026557859,0.0
2012-04-30,0.0,0.48406572406463827,0.0,0.0,0.0,0.0,0.5159342759353617,0.0
2012-05-01,0.0,0.5,0.0,0.0,0.0,0.0,0.5,0.0
2012-05-02,0.0,0.49895472781583083,0.0,0.0,0.0,0.0,0.5010452721841693,0.0
2012-05-03,0.0,0.49635798768074335,0.0,0.0,0.0,0.0,0.5036420123192566,0.0
2012-05-04,0.0,0.48810992769452705,0.0,0.0,0.0,0.0,0.511890072305473,0.0
2012-05-07,0.0,0.4882992684936309,0.0,0.0,0.0,0.0,0.5117007315063691,0.0
2012-05-08,0.0,0.4860429404128783,0.0,0.0,0.0,0.0,0.5139570595871217,0.0
2012-05-09,0.0,0.4850994918005939,0.0,0.0,0.0,0.0,0.5149005081994061,0.0
2012-05-10,0.0,0.48533062180330505,0.0,0.0,0.0,0.0,0.514669378196695,0.0
2012-05-11,0.0,0.48323508087334033,0.0,0.0,0.0,0.0,0.5167649191266597,0.0
2012-05-14,0.0,0.47742644511154825,0.0,0.0,0.0,0.0,0.5225735548884517,0.0
2012-05-15,0.0,0.4755943864817219,0.0,0.0,0.0,0.0,0.524405613518278,0.0
2012-05-16,0.0,0.47318037588099376,0.0,0.0,0.0,0.0,0.5268196241190062,0.0
2012-05-17,0.0,0.46349331496421103,0.0,0.0,0.0,0.0,0.536506685035789,0.0
2012-05-18,0.0,0.46018469077799673,0.0,0.0,0.0,0.0,0.5398153092220033,0.0
2012-05-21,0.0,0.46756270485251455,0.0,0.0,0.0,0.0,0.5324372951474855,0.0
2012-05-22,0.0,0.4700721848187615,0.0,0.0,0.0,0.0,0.5299278151812385,0.0
2012-05-23,0.0,0.4688290064858377,0.0,0.0,0.0,0.0,0.5311709935141623,0.0
2012-05-24,0.0,0.46814175334791935,0.0,0.0,0.0,0.0,0.5318582466520806,0.0
2012-05-25,0.0,0.4668913571850732,0.0,0.0,0.0,0.0,0.5331086428149269,0.0
2012-05-29,0.0,0.47080891920680157,0.0,0.0,0.0,0.0,0.5291910807931984,0.0
2012-05-30,0.0,0.46246835326457775,0.0,0.0,0.0,0.0,0.5375316467354222,0.0
2012-05-31,0.0,0.45853087786637625,0.0,0.0,0.0,0.0,0.5414691221336237,0.0
2012-06-01,0.0,0.5,0.0,0.0,0.0,0.0,0.5,0.0
2012-06-04,0.0,0.5038793746462917,0.0,0.0,0.0,0.0,0.49612062535370827,0.0
2012-06-05,0.0,0.5082702545878991,0.0,0.0,0.0,0.0,0.49172974541210085,0.0
2012-06-06,0.0,0.5189702856537549,0.0,0.0,0.0,0.0,0.4810297143462451,0.0
2012-06-07,0.0,0.517590897760103,0.0,0.0,0.0,0.0,0.48240910223989697,0.0
2012-06-08,0.0,0.5200447136821785,0.0,0.0,0.0,0.0,0.4799552863178215,0.0
2012-06-11,0.0,0.514664722488714,0.0,0.0,0.0,0.0,0.4853352775112861,0.0
2012-06-12,0.0,0.5199697761511528,0.0,0.0,0.0,0.0,0.48003022384884725,0.0
2012-06-13,0.0,0.5157955837862844,0.0,0.0,0.0,0.0,0.4842044162137157,0.0
2012-06-14,0.0,0.5170361271842779,0.0,0.0,0.0,0.0,0.4829638728157221,0.0
2012-06-15,0.0,0.5187325028660166,0.0,0.0,0.0,0.0,0.48126749713398337,0.0
2012-06-18,0.0,0.5197202532940415,0.0,0.0,0.0,0.0,0.4802797467059585,0.0
2012-06-19,0.0,0.525577287146069,0.0,0.0,0.0,0.0,0.474422712853931,0.0
2012-06-20,0.0,0.5245415176452252,0.0,0.0,0.0,0.0,0.47545848235477484,0.0
2012-06-21,0.0,0.5169288005097665,0.0,0.0,0.0,0.0,0.4830711994902335,0.0
2012-06-22,0.0,0.5228943491730728,0.0,0.0,0.0,0.0,0.4771056508269272,0.0
2012-06-25,0.0,0.5144316149129966,0.0,0.0,0.0,0.0,0.4855683850870034,0.0
2012-06-26,0.0,0.5169810829319063,0.0,0.0,0.0,0.0,0.48301891706809363,0.0
2012-06-27,0.0,0.5180993262787448,0.0,0.0,0.0,0.0,0.4819006737212553,0.0
2012-06-28,0.0,0.5146933475896995,0.0,0.0,0.0,0.0,0.4853066524103006,0.0
2012-06-29,0.0,0.525704477277036,0.0,0.0,0.0,0.0,0.47429552272296405,0.0
2012-07-02,0.0,0.5,0.0,0.0,0.0,0.0,0.5,0.0
2012-07-03,0.0,0.504017827323906,0.0,0.0,0.0,0.0,0.49598217267609407,0.0
2012-07-05,0.0,0.5028978264609104,0.0,0.0,0.0,0.0,0.4971021735390896,0.0
2012-07-06,0.0,0.4974468273414926,0.0,0.0,0.0,0.0,0.5025531726585074,0.0
2012-07-09,0.0,0.49478458236433626,0.0,0.0,0.0,0.0,0.5052154176356637,0.0
2012-07-10,0.0,0.49180541655923965,0.0,0.0,0.0,0.0,0.5081945834407603,0.0
2012-07-11,0.0,0.4901099795379308,0.0,0.0,0.0,0.0,0.5098900204620691,0.0
2012-07-12,0.0,0.48599810591259,0.0,0.0,0.0,0.0,0.51400189408741,0.0
2012-07-13,0.0,0.4904284930756274,0.0,0.0,0.0,0.0,0.5095715069243726,0.0
2012-07-16,0.0,0.4885596010259816,0.0,0.0,0.0,0.0,0.5114403989740184,0.0
2012-07-17,0.0,0.4918332187806057,0.0,0.0,0.0,0.0,0.5081667812193943,0.0
2012-07-18,0.0,0.49505826783059703,0.0,0.0,0.0,0.0,0.504941732169403,0.0
2012-07-19,0.0,0.4984407780695256,0.0,0.0,0.0,0.0,0.5015592219304743,0.0
2012-07-20,0.0,0.4920807188641422,0.0,0.0,0.0,0.0,0.5079192811358578,0.0
2012-07-23,0.0,0.4876291946708906,0.0,0.0,0.0,0.0,0.5123708053291094,0.0
2012-07-24,0.0,0.48369359137856643,0.0,0.0,0.0,0.0,0.5163064086214336,0.0
2012-07-25,0.0,0.48137929270062163,0.0,0.0,0.0,0.0,0.5186207072993783,0.0
2012-07-26,0.0,0.48696922204935794,0.0,0.0,0.0,0.0,0.5130307779506422,0.0
2012-07-27,0.0,0.49757561104060455,0.0,0.0,0.0,0.0,0.5024243889593955,0.0
2012-07-30,0.0,0.49552179585568484,0.0,0.0,0.0,0.0,0.5044782041443153,0.0
2012-07-31,0.0,0.4949431806635584,0.0,0.0,0.0,0.0,0.5050568193364415,0.0
2012-08-01,0.0,0.0,0.0,0.0,0.5,0.0,0.5,0.0
2012-08-02,0.0,0.0,0.0,0.0,0.49930095152543086,0.0,0.5006990484745693,0.0
2012-08-03,0.0,0.0,0.0,0.0,0.5053122683948159,0.0,0.49468773160518414,0.0
2012-08-06,0.0,0.0,0.0,0.0,0.504953454278843,0.0,0.495046545721157,0.0
2012-08-07,0.0,0.0,0.0,0.0,0.5052278985055778,0.0,0.4947721014944221,0.0
2012-08-08,0.0,0.0,0.0,0.0,0.5048593504609611,0.0,0.4951406495390389,0.0
2012-08-09,0.0,0.0,0.0,0.0,0.5042403926862955,0.0,0.49575960731370455,0.0
2012-08-10,0.0,0.0,0.0,0.0,0.5033270546122911,0.0,0.4966729453877088,0.0
2012-08-13,0.0,0.0,0.0,0.0,0.5035546969333355,0.0,0.4964453030666644,0.0
2012-08-14,0.0,0.0,0.0,0.0,0.5064306722202603,0.0,0.49356932777973983,0.0
2012-08-15,0.0,0.0,0.0,0.0,0.511110164541371,0.0,0.48888983545862896,0.0
2012-08-16,0.0,0.0,0.0,0.0,0.5151391887891467,0.0,0.4848608112108533,0.0
2012-08-17,0.0,0.0,0.0,0.0,0.5139995599630008,0.0,0.48600044003699905,0.0
2012-08-20,0.0,0.0,0.0,0.0,0.5127697891964279,0.0,0.48723021080357215,0.0
2012-08-21,0.0,0.0,0.0,0.0,0.5121932097383295,0.0,0.48780679026167056,0.0
2012-08-22,0.0,0.0,0.0,0.0,0.5079516818806402,0.0,0.4920483181193598,0.0
2012-08-23,0.0,0.0,0.0,0.0,0.5061533973010383,0.0,0.49384660269896175,0.0
2012-08-24,0.0,0.0,0.0,0.0,0.5072249420539467,0.0,0.4927750579460532,0.0
2012-08-27,0.0,0.0,0.0,0.0,0.5065205208713278,0.0,0.4934794791286722,0.0
2012-08-28,0.0,0.0,0.0,0.0,0.5067873541376626,0.0,0.49321264586233726,0.0
2012-08-29,0.0,0.0,0.0,0.0,0.5078073968475525,0.0,0.4921926031524475,0.0
2012-08-30,0.0,0.0,0.0,0.0,0.5059508653056788,0.0,0.4940491346943212,0.0
2012-08-31,0.0,0.0,0.0,0.0,0.5032304358019606,0.0,0.4967695641980396,0.0
2012-09-04,0.0,0.5,0.0,0.0,0.5,0.0,0.0,0.0
2012-09-05,0.0,0.5001897801382013,0.0,0.0,0.49981021986179874,0.0,0.0,0.0
2012-09-06,0.0,0.5034526693087051,0.0,0.0,0.4965473306912948,0.0,0.0,0.0
2012-09-07,0.0,0.502871237807174,0.0,0.0,0.49712876219282603,0.0,0.0,0.0
2012-09-10,0.0,0.5016096654471404,0.0,0.0,0.49839033455285964,0.0,0.0,0.0
2012-09-11,0.0,0.50046531052797,0.0,0.0,0.49953468947202995,0.0,0.0,0.0
2012-09-12,0.0,0.5006761570535052,0.0,0.0,0.49932384294649484,0.0,0.0,0.0
2012-09-13,0.0,0.5009881306169471,0.0,0.0,0.49901186938305286,0.0,0.0,0.0
2012-09-14,0.0,0.5018210692526928,0.0,0.0,0.4981789307473073,0.0,0.0,0.0
2012-09-17,0.0,0.5026560764596463,0.0,0.0,0.4973439235403536,0.0,0.0,0.0
2012-09-18,0.0,0.5052510999982308,0.0,0.0,0.49474890000176924,0.0,0.0,0.0
2012-09-19,0.0,0.5071156897434664,0.0,0.0,0.49288431025653373,0.0,0.0,0.0
2012-09-20,0.0,0.5105955805459531,0.0,0.0,0.4894044194540469,0.0,0.0,0.0
2012-09-21,0.0,0.5106293034805414,0.0,0.0,0.48937069651945847,0.0,0.0,0.0
2012-09-24,0.0,0.510093546861051,0.0,0.0,0.48990645313894887,0.0,0.0,0.0
2012-09-25,0.0,0.5102700834688426,0.0,0.0,0.4897299165311573,0.0,0.0,0.0
2012-09-26,0.0,0.508264935029085,0.0,0.0,0.49173506497091507,0.0,0.0,0.0
2012-09-27,0.0,0.5106082449562585,0.0,0.0,0.4893917550437415,0.0,0.0,0.0
2012-09-28,0.0,0.5089237598522124,0.0,0.0,0.49107624014778756,0.0,0.0,0.0
2012-10-01,0.0,0.5,0.0,0.0,0.5,0.0,0.0,0.0
2012-10-02,0.0,0.4988366125645114,0.0,0.0,0.5011633874354886,0.0,0.0,0.0
2012-10-03,0.0,0.49993387206624834,0.0,0.0,0.5000661279337517,0.0,0.0,0.0
2012-10-04,0.0,0.5008773434275765,0.0,0.0,0.49912265657242344,0.0,0.0,0.0
2012-10-05,0.0,0.4992329310956423,0.0,0.0,0.5007670689043576,0.0,0.0,0.0
2012-10-08,0.0,0.49747687075686053,0.0,0.0,0.5025231292431394,0.0,0.0,0.0
2012-10-09,0.0,0.4943823503099976,0.0,0.0,0.5056176496900024,0.0,0.0,0.0
2012-10-10,0.0,0.4921146518142293,0.0,0.0,0.5078853481857708,0.0,0.0,0.0
2012-10-11,0.0,0.491521245010218,0.0,0.0,0.508478754989782,0.0,0.0,0.0
2012-10-12,0.0,0.49229492961020077,0.0,0.0,0.5077050703897992,0.0,0.0,0.0
2012-10-15,0.0,0.49247074176713035,0.0,0.0,0.5075292582328697,0.0,0.0,0.0
2012-10-16,0.0,0.49445254865507055,0.0,0.0,0.5055474513449295,0.0,0.0,0.0
2012-10-17,0.0,0.4949925403584032,0.0,0.0,0.5050074596415969,0.0,0.0,0.0
2012-10-18,0.0,0.48952859749172895,0.0,0.0,0.5104714025082712,0.0,0.0,0.0
2012-10-19,0.0,0.485565996378005,0.0,0.0,0.514434003621995,0.0,0.0,0.0
2012-10-22,0.0,0.48811693974045395,0.0,0.0,0.511883060259546,0.0,0.0,0.0
2012-10-23,0.0,0.4882629158562499,0.0,0.0,0.51173708414375,0.0,0.0,0.0
2012-10-24,0.0,0.4875762243464098,0.0,0.0,0.5124237756535903,0.0,0.0,0.0
2012-10-25,0.0,0.4882745121868082,0.0,0.0,0.5117254878131918,0.0,0.0,0.0
2012-10-26,0.0,0.49118736204768243,0.0,0.0,0.5088126379523176,0.0,0.0,0.0
2012-10-31,0.0,0.48723494350352875,0.0,0.0,0.5127650564964712,0.0,0.0,0.0
2012-11-01,0.0,0.0,0.0,0.0,0.5,0.0,0.5,0.0
2012-11-02,0.0,0.0,0.0,0.0,0.5018402337028174,0.0,0.4981597662971827,0.0
2012-11-05,0.0,0.0,0.0,0.0,0.49877690240963785,0.0,0.5012230975903621,0.0
2012-11-06,0.0,0.0,0.0,0.0,0.502226541354868,0.0,0.497773458645132,0.0
2012-11-07,0.0,0.0,0.0,0.0,0.496612337103639,0.0,0.503387662896361,0.0
2012-11-08,0.0,0.0,0.0,0.0,0.4899372752115316,0.0,0.5100627247884684,0.0
2012-11-09,0.0,0.0,0.0,0.0,0.48899373779212585,0.0,0.5110062622078742,0.0
2012-11-12,0.0,0.0,0.0,0.0,0.4879887430021338,0.0,0.5120112569978662,0.0
2012-11-13,0.0,0.0,0.0,0.0,0.48696218984819656,0.0,0.5130378101518035,0.0
2012-11-14,0.0,0.0,0.0,0.0,0.482003668506009,0.0,0.5179963314939909,0.0
2012-11-15,0.0,0.0,0.0,0.0,0.4813326656179116,0.0,0.5186673343820883,0.0
2012-11-16,0.0,0.0,0.0,0.0,0.4830741979157579,0.0,0.5169258020842421,0.0
2012-11-19,0.0,0.0,0.0,0.0,0.4875428262273928,0.0,0.5124571737726072,0.0
2012-11-20,0.0,0.0,0.0,0.0,0.49191245299108366,0.0,0.5080875470089163,0.0
2012-11-21,0.0,0.0,0.0,0.0,0.49162106985819387,0.0,0.5083789301418061,0.0
2012-11-23,0.0,0.0,0.0,0.0,0.49370360132542646,0.0,0.5062963986745735,0.0
2012-11-26,0.0,0.0,0.0,0.0,0.4930258711947169,0.0,0.5069741288052831,0.0
2012-11-27,0.0,0.0,0.0,0.0,0.49064056446842985,0.0,0.50935943553157,0.0
2012-11-28,0.0,0.0,0.0,0.0,0.4906862400705126,0.0,0.5093137599294875,0.0
2012-11-29,0.0,0.0,0.0,0.0,0.49201524586316037,0.0,0.5079847541368396,0.0
2012-11-30,0.0,0.0,0.0,0.0,0.4932017156358645,0.0,0.5067982843641354,0.0
2012-12-03,0.0,0.5,0.0,0.0,0.5,0.0,0.0,0.0
2012-12-04,0.0,0.4994602686526579,0.0,0.0,0.5005397313473421,0.0,0.0,0.0
2012-12-05,0.0,0.49743950903319323,0.0,0.0,0.5025604909668069,0.0,0.0,0.0
2012-12-06,0.0,0.49673260416556875,0.0,0.0,0.5032673958344313,0.0,0.0,0.0
2012-12-07,0.0,0.49431399095084744,0.0,0.0,0.5056860090491526,0.0,0.0,0.0
2012-12-10,0.0,0.4951594433744482,0.0,0.0,0.5048405566255517,0.0,0.0,0.0
2012-12-11,0.0,0.4977883328448632,0.0,0.0,0.502211667155137,0.0,0.0,0.0
2012-12-12,0.0,0.49794699297083195,0.0,0.0,0.5020530070291681,0.0,0.0,0.0
2012-12-13,0.0,0.49789012844601255,0.0,0.0,0.5021098715539875,0.0,0.0,0.0
2012-12-14,0.0,0.49554427739158297,0.0,0.0,0.5044557226084171,0.0,0.0,0.0
2012-12-17,0.0,0.49753454084283977,0.0,0.0,0.5024654591571603,0.0,0.0,0.0
2012-12-18,0.0,0.49875536914600743,0.0,0.0,0.5012446308539926,0.0,0.0,0.0
2012-12-19,0.0,0.49800657882068955,0.0,0.0,0.5019934211793105,0.0,0.0,0.0
2012-12-20,0.0,0.49474910528345994,0.0,0.0,0.5052508947165399,0.0,0.0,0.0
2012-12-21,0.0,0.4925205564338448,0.0,0.0,0.5074794435661553,0.0,0.0,0.0
2012-12-24,0.0,0.49169014800865435,0.0,0.0,0.5083098519913457,0.0,0.0,0.0
2012-12-26,0.0,0.4906748826670033,0.0,0.0,0.5093251173329966,0.0,0.0,0.0
2012-12-27,0.0,0.4893702725389226,0.0,0.0,0.5106297274610773,0.0,0.0,0.0
2012-12-28,0.0,0.4885978695758171,0.0,0.0,0.5114021304241829,0.0,0.0,0.0
2012-12-31,0.0,0.4911975852111858,0.0,0.0,0.5088024147888142,0.0,0.0,0.0
2013-01-02,0.0,0.5,0.0,0.5,0.0,0.0,0.0,0.0
2013-01-03,0.0,0.501131135645852,0.0,0.49886886435414807,0.0,0.0,0.0,0.0
2013-01-04,0.0,0.4990421922386749,0.0,0.5009578077613251,0.0,0.0,0.0,0.0
2013-01-07,0.0,0.5002073088352648,0.0,0.4997926911647354,0.0,0.0,0.0,0.0
2013-01-08,0.0,0.5011211336616443,0.0,0.4988788663383558,0.0,0.0,0.0,0.0
2013-01-09,0.0,0.5007879698720521,0.0,0.49921203012794785,0.0,0.0,0.0,0.0
2013-01-10,0.0,0.49911023711094804,0.0,0.500889762889052,0.0,0.0,0.0,0.0
2013-01-11,0.0,0.49892743071773155,0.0,0.5010725692822683,0.0,0.0,0.0,0.0
2013-01-14,0.0,0.4975087146082936,0.0,0.5024912853917064,0.0,0.0,0.0,0.0
2013-01-15,0.0,0.49666108953790494,0.0,0.5033389104620952,0.0,0.0,0.0,0.0
2013-01-16,0.0,0.49888149887274147,0.0,0.5011185011272585,0.0,0.0,0.0,0.0
2013-01-17,0.0,0.49804769526950016,0.0,0.5019523047304999,0.0,0.0,0.0,0.0
2013-01-18,0.0,0.497746951403185,0.0,0.5022530485968151,0.0,0.0,0.0,0.0
2013-01-22,0.0,0.4980276902914535,0.0,0.5019723097085463,0.0,0.0,0.0,0.0
2013-01-23,0.0,0.499806758893248,0.0,0.5001932411067519,0.0,0.0,0.0,0.0
2013-01-24,0.0,0.49514169049850115,0.0,0.5048583095014988,0.0,0.0,0.0,0.0
2013-01-25,0.0,0.4937312908466779,0.0,0.5062687091533221,0.0,0.0,0.0,0.0
2013-01-28,0.0,0.4955213970660932,0.0,0.5044786029339068,0.0,0.0,0.0,0.0
2013-01-29,0.0,0.49386212504311144,0.0,0.5061378749568887,0.0,0.0,0.0,0.0
2013-01-30,0.0,0.4930870564724035,0.0,0.5069129435275966,0.0,0.0,0.0,0.0
2013-01-31,0.0,0.49345758025451275,0.0,0.5065424197454872,0.0,0.0,0.0,0.0
2013-02-01,0.5,0.0,0.0,0.5,0.0,0.0,0.0,0.0
2013-02-04,0.5017145175204285,0.0,0.0,0.49828548247957155,0.0,0.0,0.0,0.0
2013-02-05,0.5030727864033248,0.0,0.0,0.49692721359667513,0.0,0.0,0.0,0.0
2013-02-06,0.5032974070821354,0.0,0.0,0.4967025929178646,0.0,0.0,0.0,0.0
2013-02-07,0.5050209663476964,0.0,0.0,0.4949790336523036,0.0,0.0,0.0,0.0
2013-02-08,0.5048228910259354,0.0,0.0,0.4951771089740646,0.0,0.0,0.0,0.0
2013-02-11,0.5050298461143303,0.0,0.0,0.4949701538856696,0.0,0.0,0.0,0.0
2013-02-12,0.5042044570705954,0.0,0.0,0.49579554292940453,0.0,0.0,0.0,0.0
2013-02-13,0.503823250259432,0.0,0.0,0.496176749740568,0.0,0.0,0.0,0.0
2013-02-14,0.5054149342215569,0.0,0.0,0.4945850657784432,0.0,0.0,0.0,0.0
2013-02-15,0.505760382902366,0.0,0.0,0.4942396170976341,0.0,0.0,0.0,0.0
2013-02-19,0.5046922546094819,0.0,0.0,0.4953077453905182,0.0,0.0,0.0,0.0
2013-02-20,0.504021436459174,0.0,0.0,0.4959785635408261,0.0,0.0,0.0,0.0
2013-02-21,0.5062835536892487,0.0,0.0,0.49371644631075134,0.0,0.0,0.0,0.0
2013-02-22,0.5051419424901549,0.0,0.0,0.49485805750984513,0.0,0.0,0.0,0.0
2013-02-25,0.5063958355672736,0.0,0.0,0.4936041644327265,0.0,0.0,0.0,0.0
2013-02-26,0.5060952361939657,0.0,0.0,0.4939047638060343,0.0,0.0,0.0,0.0
2013-02-27,0.5060738856216561,0.0,0.0,0.493926114378344,0.0,0.0,0.0,0.0
2013-02-28,0.5058372256413627,0.0,0.0,0.4941627743586372,0.0,0.0,0.0,0.0
2013-03-01,0.5,0.0,0.0,0.0,0.5,0.0,0.0,0.0
2013-03-04,0.49945922349815686,0.0,0.0,0.0,0.500540776501843,0.0,0.0,0.0
2013-03-05,0.4997279202117787,0.0,0.0,0.0,0.5002720797882214,0.0,0.0,0.0
2013-03-06,0.500814847602958,0.0,0.0,0.0,0.499185152397042,0.0,0.0,0.0
2013-03-07,0.5024458531454329,0.0,0.0,0.0,0.4975541468545671,0.0,0.0,0.0
2013-03-08,0.5030806752568308,0.0,0.0,0.0,0.4969193247431692,0.0,0.0,0.0
2013-03-11,0.5038133659785878,0.0,0.0,0.0,0.49618663402141205,0.0,0.0,0.0
2013-03-12,0.5041816668269773,0.0,0.0,0.0,0.4958183331730227,0.0,0.0,0.0
2013-03-13,0.5042841235429791,0.0,0.0,0.0,0.495715876457021,0.0,0.0,0.0
2013-03-14,0.5040415157918852,0.0,0.0,0.0,0.4959584842081149,0.0,0.0,0.0
2013-03-15,0.5031427535606399,0.0,0.0,0.0,0.4968572464393602,0.0,0.0,0.0
2013-03-18,0.5031472437054835,0.0,0.0,0.0,0.4968527562945164,0.0,0.0,0.0
2013-03-19,0.5037821590018292,0.0,0.0,0.0,0.4962178409981707,0.0,0.0,0.0
2013-03-20,0.5047345827497908,0.0,0.0,0.0,0.49526541725020934,0.0,0.0,0.0
2013-03-21,0.5033417463865669,0.0,0.0,0.0,0.49665825361343313,0.0,0.0,0.0
2013-03-22,0.5040301725733695,0.0,0.0,0.0,0.49596982742663065,0.0,0.0,0.0
2013-03-25,0.5029476568497099,0.0,0.0,0.0,0.4970523431502901,0.0,0.0,0.0
2013-03-26,0.5027932432464007,0.0,0.0,0.0,0.4972067567535992,0.0,0.0,0.0
2013-03-27,0.5023304670605636,0.0,0.0,0.0,0.49766953293943633,0.0,0.0,0.0
2013-03-28,0.5022453977186667,0.0,0.0,0.0,0.4977546022813331,0.0,0.0,0.0
2013-04-01,0.0,0.0,0.5,0.0,0.5,0.0,0.0,0.0
2013-04-02,0.0,0.0,0.4976623171431605,0.0,0.5023376828568394,0.0,0.0,0.0
2013-04-03,0.0,0.0,0.4945983383519761,0.0,0.5054016616480238,0.0,0.0,0.0
2013-04-04,0.0,0.0,0.4926962384526752,0.0,0.5073037615473248,0.0,0.0,0.0
2013-04-05,0.0,0.0,0.4908534599571057,0.0,0.5091465400428943,0.0,0.0,0.0
2013-04-08,0.0,0.0,0.4909172525943747,0.0,0.5090827474056254,0.0,0.0,0.0
2013-04-09,0.0,0.0,0.4901523153423475,0.0,0.5098476846576525,0.0,0.0,0.0
2013-04-10,0.0,0.0,0.4930985280944213,0.0,0.5069014719055787,0.0,0.0,0.0
2013-04-11,0.0,0.0,0.49198208443720176,0.0,0.5080179155627983,0.0,0.0,0.0
2013-04-12,0.0,0.0,0.49036052914851264,0.0,0.5096394708514874,0.0,0.0,0.0
2013-04-15,0.0,0.0,0.48598666812812846,0.0,0.5140133318718715,0.0,0.0,0.0
2013-04-16,0.0,0.0,0.4861661138367485,0.0,0.5138338861632515,0.0,0.0,0.0
2013-04-17,0.0,0.0,0.48445804750545174,0.0,0.5155419524945483,0.0,0.0,0.0
2013-04-18,0.0,0.0,0.483445802348955,0.0,0.516554197651045,0.0,0.0,0.0
2013-04-19,0.0,0.0,0.48248183340202316,0.0,0.5175181665979769,0.0,0.0,0.0
2013-04-22,0.0,0.0,0.4835359176343566,0.0,0.5164640823656435,0.0,0.0,0.0
2013-04-23,0.0,0.0,0.4860772519238453,0.0,0.5139227480761548,0.0,0.0,0.0
2013-04-24,0.0,0.0,0.4868340712788338,0.0,0.5131659287211661,0.0,0.0,0.0
2013-04-25,0.0,0.0,0.4893137339894755,0.0,0.5106862660105246,0.0,0.0,0.0
2013-04-26,0.0,0.0,0.4887840164763936,0.0,0.5112159835236064,0.0,0.0,0.0
2013-04-29,0.0,0.0,0.48845509677832516,0.0,0.5115449032216748,0.0,0.0,0.0
2013-04-30,0.0,0.0,0.48696198094190785,0.0,0.5130380190580922,0.0,0.0,0.0
2013-05-01,0.0,0.0,0.0,0.5,0.5,0.0,0.0,0.0
2013-05-02,0.0,0.0,0.0,0.4991353368730759,0.5008646631269241,0.0,0.0,0.0
2013-05-03,0.0,0.0,0.0,0.5013171549682176,0.49868284503178234,0.0,0.0,0.0
2013-05-06,0.0,0.0,0.0,0.4997085343579265,0.5002914656420735,0.0,0.0,0.0
2013-05-07,0.0,0.0,0.0,0.4987280749174991,0.5012719250825008,0.0,0.0,0.0
2013-05-08,0.0,0.0,0.0,0.501220272439975,0.498779727560025,0.0,0.0,0.0
2013-05-09,0.0,0.0,0.0,0.5004400640685419,0.49955993593145814,0.0,0.0,0.0
2013-05-10,0.0,0.0,0.0,0.4997976885399113,0.5002023114600889,0.0,0.0,0.0
2013-05-13,0.0,0.0,0.0,0.4984982277814743,0.5015017722185257,0.0,0.0,0.0
2013-05-14,0.0,0.0,0.0,0.4980628188111333,0.5019371811888667,0.0,0.0,0.0
2013-05-15,0.0,0.0,0.0,0.4966719332047686,0.5033280667952315,0.0,0.0,0.0
2013-05-16,0.0,0.0,0.0,0.49625482211525707,0.5037451778847429,0.0,0.0,0.0
2013-05-17,0.0,0.0,0.0,0.4965750838062439,0.503424916193756,0.0,0.0,0.0
2013-05-20,0.0,0.0,0.0,0.4973794034433267,0.5026205965566733,0.0,0.0,0.0
2013-05-21,0.0,0.0,0.0,0.4964798652014359,0.5035201347985643,0.0,0.0,0.0
2013-05-22,0.0,0.0,0.0,0.5001017640086607,0.4998982359913392,0.0,0.0,0.0
2013-05-23,0.0,0.0,0.0,0.5012312004831836,0.4987687995168163,0.0,0.0,0.0
2013-05-24,0.0,0.0,0.0,0.49967973968585727,0.5003202603141429,0.0,0.0,0.0
2013-05-28,0.0,0.0,0.0,0.5024829749662036,0.49751702503379625,0.0,0.0,0.0
2013-05-29,0.0,0.0,0.0,0.5054389323025779,0.4945610676974222,0.0,0.0,0.0
2013-05-30,0.0,0.0,0.0,0.5087780807011804,0.49122191929881953,0.0,0.0,0.0
2013-05-31,0.0,0.0,0.0,0.5072422746249112,0.4927577253750886,0.0,0.0,0.0
2013-06-03,0.0,0.0,0.5,0.5,0.0,0.0,0.0,0.0
2013-06-04,0.0,0.0,0.49641657959914226,0.5035834204008576,0.0,0.0,0.0,0.0
2013-06-05,0.0,0.0,0.49883656207800814,0.5011634379219918,0.0,0.0,0.0,0.0
2013-06-06,0.0,0.0,0.5000766056277101,0.49992339437228994,0.0,0.0,0.0,0.0
2013-06-07,0.0,0.0,0.498654309379463,0.5013456906205371,0.0,0.0,0.0,0.0
2013-06-10,0.0,0.0,0.49992855347125287,0.500071446528747,0.0,0.0,0.0,0.0
2013-06-11,0.0,0.0,0.5002901622577917,0.49970983774220834,0.0,0.0,0.0,0.0
2013-06-12,0.0,0.0,0.498090216155805,0.5019097838441952,0.0,0.0,0.0,0.0
2013-06-13,0.0,0.0,0.4986783118517118,0.5013216881482881,0.0,0.0,0.0,0.0
2013-06-14,0.0,0.0,0.49948535958945917,0.5005146404105407,0.0,0.0,0.0,0.0
2013-06-17,0.0,0.0,0.49754791794507475,0.5024520820549252,0.0,0.0,0.0,0.0
2013-06-18,0.0,0.0,0.49871326156265994,0.5012867384373401,0.0,0.0,0.0,0.0
2013-06-19,0.0,0.0,0.5003386672239749,0.499661332776025,0.0,0.0,0.0,0.0
2013-06-20,0.0,0.0,0.5029834082840795,0.4970165917159204,0.0,0.0,0.0,0.0
2013-06-21,0.0,0.0,0.5028927162830102,0.4971072837169897,0.0,0.0,0.0,0.0
2013-06-24,0.0,0.0,0.503546236591793,0.496453763408207,0.0,0.0,0.0,0.0
2013-06-25,0.0,0.0,0.5027571509968741,0.4972428490031259,0.0,0.0,0.0,0.0
2013-06-26,0.0,0.0,0.5029374047824184,0.49706259521758156,0.0,0.0,0.0,0.0
2013-06-27,0.0,0.0,0.5042816368707367,0.49571836312926326,0.0,0.0,0.0,0.0
2013-06-28,0.0,0.0,0.5033219640027525,0.4966780359972473,0.0,0.0,0.0,0.0
2013-07-01,0.5,0.0,0.5,0.0,0.0,0.0,0.0,0.0
2013-07-02,0.4999458058720754,0.0,0.5000541941279245,0.0,0.0,0.0,0.0,0.0
2013-07-03,0.4995451671649269,0.0,0.5004548328350731,0.0,0.0,0.0,0.0,0.0
2013-07-05,0.498716913226753,0.0,0.501283086773247,0.0,0.0,0.0,0.0,0.0
2013-07-08,0.4991377404574222,0.0,0.5008622595425778,0.0,0.0,0.0,0.0,0.0
2013-07-09,0.4986178826759545,0.0,0.5013821173240455,0.0,0.0,0.0,0.0,0.0
2013-07-10,0.49801670623022876,0.0,0.5019832937697712,0.0,0.0,0.0,0.0,0.0
2013-07-11,0.49847849983346965,0.0,0.5015215001665305,0.0,0.0,0.0,0.0,0.0
2013-07-12,0.49807121247419905,0.0,0.5019287875258011,0.0,0.0,0.0,0.0,0.0
2013-07-15,0.496842981332453,0.0,0.503157018667547,0.0,0.0,0.0,0.0,0.0
2013-07-16,0.49716272963058367,0.0,0.5028372703694164,0.0,0.0,0.0,0.0,0.0
2013-07-17,0.49683520456912267,0.0,0.5031647954308774,0.0,0.0,0.0,0.0,0.0
2013-07-18,0.4965390726991731,0.0,0.5034609273008269,0.0,0.0,0.0,0.0,0.0
2013-07-19,0.4965991200408495,0.0,0.5034008799591505,0.0,0.0,0.0,0.0,0.0
2013-07-22,0.496559667267719,0.0,0.5034403327322808,0.0,0.0,0.0,0.0,0.0
2013-07-23,0.49619557382387974,0.0,0.5038044261761203,0.0,0.0,0.0,0.0,0.0
2013-07-24,0.4973681276249998,0.0,0.5026318723750002,0.0,0.0,0.0,0.0,0.0
2013-07-25,0.49569357169770384,0.0,0.5043064283022961,0.0,0.0,0.0,0.0,0.0
2013-07-26,0.496966163471242,0.0,0.5030338365287579,0.0,0.0,0.0,0.0,0.0
2013-07-29,0.4979552366309225,0.0,0.5020447633690774,0.0,0.0,0.0,0.0,0.0
2013-07-30,0.4977376676296639,0.0,0.502262332370336,0.0,0.0,0.0,0.0,0.0
2013-07-31,0.49748107176463674,0.0,0.5025189282353631,0.0,0.0,0.0,0.0,0.0
2013-08-01,0.5,0.0,0.5,0.0,0.0,0.0,0.0,0.0
2013-08-02,0.5002102838202125,0.0,0.49978971617978757,0.0,0.0,0.0,0.0,0.0
2013-08-05,0.4989900224026721,0.0,0.5010099775973279,0.0,0.0,0.0,0.0,0.0
2013-08-06,0.5000895335823121,0.0,0.4999104664176878,0.0,0.0,0.0,0.0,0.0
2013-08-07,0.5010554371378406,0.0,0.4989445628621593,0.0,0.0,0.0,0.0,0.0
2013-08-08,0.5009356190506502,0.0,0.49906438094934974,0.0,0.0,0.0,0.0,0.0
2013-08-09,0.5004772319444711,0.0,0.49952276805552875,0.0,0.0,0.0,0.0,0.0
2013-08-12,0.49886364430445196,0.0,0.5011363556955479,0.0,0.0,0.0,0.0,0.0
2013-08-13,0.499936557149893,0.0,0.5000634428501071,0.0,0.0,0.0,0.0,0.0
2013-08-14,0.49963427723454185,0.0,0.5003657227654581,0.0,0.0,0.0,0.0,0.0
2013-08-15,0.5007941852893768,0.0,0.49920581471062314,0.0,0.0,0.0,0.0,0.0
2013-08-16,0.5010214381088515,0.0,0.49897856189114853,0.0,0.0,0.0,0.0,0.0
2013-08-19,0.5019636251842052,0.0,0.49803637481579477,0.0,0.0,0.0,0.0,0.0
2013-08-20,0.4996136283864158,0.0,0.5003863716135843,0.0,0.0,0.0,0.0,0.0
2013-08-21,0.49959185052231153,0.0,0.5004081494776883,0.0,0.0,0.0,0.0,0.0
2013-08-22,0.4983618839863046,0.0,0.5016381160136956,0.0,0.0,0.0,0.0,0.0
2013-08-23,0.4985727902627444,0.0,0.5014272097372555,0.0,0.0,0.0,0.0,0.0
2013-08-26,0.4976163807457444,0.0,0.5023836192542557,0.0,0.0,0.0,0.0,0.0
2013-08-27,0.49949604759794536,0.0,0.5005039524020546,0.0,0.0,0.0,0.0,0.0
2013-08-28,0.49988658093160787,0.0,0.5001134190683921,0.0,0.0,0.0,0.0,0.0
2013-08-29,0.4977942502594939,0.0,0.5022057497405061,0.0,0.0,0.0,0.0,0.0
2013-08-30,0.5009300143162289,0.0,0.49906998568377126,0.0,0.0,0.0,0.0,0.0
2013-09-03,0.5,0.0,0.5,0.0,0.0,0.0,0.0,0.0
2013-09-04,0.4998676326391721,0.0,0.500132367360828,0.0,0.0,0.0,0.0,0.0
2013-09-05,0.4997921413638303,0.0,0.5002078586361696,0.0,0.0,0.0,0.0,0.0
2013-09-06,0.4992280371169365,0.0,0.5007719628830635,0.0,0.0,0.0,0.0,0.0
2013-09-09,0.49785457714737946,0.0,0.5021454228526206,0.0,0.0,0.0,0.0,0.0
2013-09-10,0.49725557182497304,0.0,0.5027444281750268,0.0,0.0,0.0,0.0,0.0
2013-09-11,0.497919900372535,0.0,0.502080099627465,0.0,0.0,0.0,0.0,0.0
2013-09-12,0.49909497760937016,0.0,0.5009050223906298,0.0,0.0,0.0,0.0,0.0
2013-09-13,0.4982932561462261,0.0,0.5017067438537739,0.0,0.0,0.0,0.0,0.0
2013-09-16,0.4991879015686166,0.0,0.5008120984313833,0.0,0.0,0.0,0.0,0.0
2013-09-17,0.4978380351346047,0.0,0.5021619648653952,0.0,0.0,0.0,0.0,0.0
2013-09-18,0.49834583758717554,0.0,0.5016541624128245,0.0,0.0,0.0,0.0,0.0
2013-09-19,0.4981834838286961,0.0,0.501816516171304,0.0,0.0,0.0,0.0,0.0
2013-09-20,0.4973426341124917,0.0,0.5026573658875083,0.0,0.0,0.0,0.0,0.0
2013-09-23,0.49615957001370087,0.0,0.503840429986299,0.0,0.0,0.0,0.0,0.0
2013-09-24,0.4947417978854193,0.0,0.5052582021145808,0.0,0.0,0.0,0.0,0.0
2013-09-25,0.4944875568308757,0.0,0.5055124431691244,0.0,0.0,0.0,0.0,0.0
2013-09-26,0.4940653736469673,0.0,0.5059346263530328,0.0,0.0,0.0,0.0,0.0
2013-09-27,0.49403698412082714,0.0,0.5059630158791729,0.0,0.0,0.0,0.0,0.0
2013-09-30,0.49263118877228385,0.0,0.5073688112277163,0.0,0.0,0.0,0.0,0.0
2013-10-01,0.0,0.0,0.5,0.5,0.0,0.0,0.0,0.0
2013-10-02,0.0,0.0,0.4990559081112843,0.5009440918887156,0.0,0.0,0.0,0.0
2013-10-03,0.0,0.0,0.4981253391592614,0.5018746608407386,0.0,0.0,0.0,0.0
2013-10-04,0.0,0.0,0.49920143445000775,0.5007985655499922,0.0,0.0,0.0,0.0
2013-10-07,0.0,0.0,0.49886192773923005,0.5011380722607699,0.0,0.0,0.0,0.0
2013-10-08,0.0,0.0,0.49673329283309664,0.5032667071669032,0.0,0.0,0.0,0.0
2013-10-09,0.0,0.0,0.4946480873195413,0.5053519126804585,0.0,0.0,0.0,0.0
2013-10-10,0.0,0.0,0.4961603783326758,0.5038396216673243,0.0,0.0,0.0,0.0
2013-10-11,0.0,0.0,0.4984389743602013,0.5015610256397988,0.0,0.0,0.0,0.0
2013-10-14,0.0,0.0,0.4988374762339126,0.5011625237660874,0.0,0.0,0.0,0.0
2013-10-15,0.0,0.0,0.4975781492517118,0.502421850748288,0.0,0.0,0.0,0.0
2013-10-16,0.0,0.0,0.4988040398129838,0.5011959601870162,0.0,0.0,0.0,0.0
2013-10-17,0.0,0.0,0.4976891228245169,0.5023108771754832,0.0,0.0,0.0,0.0
2013-10-18,0.0,0.0,0.4990484459522809,0.5009515540477191,0.0,0.0,0.0,0.0
2013-10-21,0.0,0.0,0.4981731845659267,0.5018268154340734,0.0,0.0,0.0,0.0
2013-10-22,0.0,0.0,0.4963477180129119,0.5036522819870881,0.0,0.0,0.0,0.0
2013-10-23,0.0,0.0,0.49795424397555244,0.5020457560244476,0.0,0.0,0.0,0.0
2013-10-24,0.0,0.0,0.4975554580959476,0.5024445419040525,0.0,0.0,0.0,0.0
2013-10-25,0.0,0.0,0.4984942443892715,0.5015057556107284,0.0,0.0,0.0,0.0
2013-10-28,0.0,0.0,0.4987958054027416,0.5012041945972583,0.0,0.0,0.0,0.0
2013-10-29,0.0,0.0,0.4989884142906406,0.5010115857093596,0.0,0.0,0.0,0.0
2013-10-30,0.0,0.0,0.49645642904020726,0.5035435709597926,0.0,0.0,0.0,0.0
2013-10-31,0.0,0.0,0.4963954030728939,0.503604596927106,0.0,0.0,0.0,0.0
2013-11-01,0.0,0.5,0.5,0.0,0.0,0.0,0.0,0.0
2013-11-04,0.0,0.49750417289372734,0.5024958271062726,0.0,0.0,0.0,0.0,0.0
2013-11-05,0.0,0.49864057107285414,0.5013594289271458,0.0,0.0,0.0,0.0,0.0
2013-11-06,0.0,0.4996548655921276,0.5003451344078725,0.0,0.0,0.0,0.0,0.0
2013-11-07,0.0,0.49916282325503714,0.5008371767449629,0.0,0.0,0.0,0.0,0.0
2013-11-08,0.0,0.49801352219151085,0.5019864778084892,0.0,0.0,0.0,0.0,0.0
2013-11-11,0.0,0.49727647831302224,0.5027235216869776,0.0,0.0,0.0,0.0,0.0
2013-11-12,0.0,0.4974649147095681,0.5025350852904318,0.0,0.0,0.0,0.0,0.0
2013-11-13,0.0,0.4980890113228233,0.5019109886771767,0.0,0.0,0.0,0.0,0.0
2013-11-14,0.0,0.49911478826193756,0.5008852117380626,0.0,0.0,0.0,0.0,0.0
2013-11-15,0.0,0.4986424874444924,0.5013575125555076,0.0,0.0,0.0,0.0,0.0
2013-11-18,0.0,0.4979545625045658,0.5020454374954342,0.0,0.0,0.0,0.0,0.0
2013-11-19,0.0,0.49878138883724277,0.5012186111627572,0.0,0.0,0.0,0.0,0.0
2013-11-20,0.0,0.49826890053541656,0.5017310994645834,0.0,0.0,0.0,0.0,0.0
2013-11-21,0.0,0.49633088485787763,0.5036691151421223,0.0,0.0,0.0,0.0,0.0
2013-11-22,0.0,0.4964415805348276,0.5035584194651724,0.0,0.0,0.0,0.0,0.0
2013-11-25,0.0,0.49672341347742444,0.5032765865225757,0.0,0.0,0.0,0.0,0.0
2013-11-26,0.0,0.49618077000709054,0.5038192299929095,0.0,0.0,0.0,0.0,0.0
2013-11-27,0.0,0.49652522364821006,0.5034747763517898,0.0,0.0,0.0,0.0,0.0
2013-11-29,0.0,0.4978847208525869,0.502115279147413,0.0,0.0,0.0,0.0,0.0
2013-12-02,0.0,0.5,0.5,0.0,0.0,0.0,0.0,0.0
2013-12-03,0.0,0.5009994008571871,0.4990005991428129,0.0,0.0,0.0,0.0,0.0
2013-12-04,0.0,0.5019050706452424,0.4980949293547575,0.0,0.0,0.0,0.0,0.0
2013-12-05,0.0,0.5014039089037612,0.4985960910962387,0.0,0.0,0.0,0.0,0.0
2013-12-06,0.0,0.5012714832680427,0.49872851673195734,0.0,0.0,0.0,0.0,0.0
2013-12-09,0.0,0.5023535901893067,0.49764640981069336,0.0,0.0,0.0,0.0,0.0
2013-12-10,0.0,0.5044577655756053,0.4955422344243947,0.0,0.0,0.0,0.0,0.0
2013-12-11,0.0,0.5053606512239268,0.49463934877607313,0.0,0.0,0.0,0.0,0.0
2013-12-12,0.0,0.5041674476590569,0.4958325523409431,0.0,0.0,0.0,0.0,0.0
2013-12-13,0.0,0.5030255508982278,0.4969744491017722,0.0,0.0,0.0,0.0,0.0
2013-12-16,0.0,0.501452170101555,0.4985478298984451,0.0,0.0,0.0,0.0,0.0
2013-12-17,0.0,0.5013123851025066,0.49868761489749347,0.0,0.0,0.0,0.0,0.0
2013-12-18,0.0,0.5007906379000203,0.4992093620999796,0.0,0.0,0.0,0.0,0.0
2013-12-19,0.0,0.5019604361467666,0.49803956385323345,0.0,0.0,0.0,0.0,0.0
2013-12-20,0.0,0.5003114917509457,0.4996885082490544,0.0,0.0,0.0,0.0,0.0
2013-12-23,0.0,0.5001087738576014,0.49989122614239867,0.0,0.0,0.0,0.0,0.0
2013-12-24,0.0,0.4992666346715774,0.5007333653284225,0.0,0.0,0.0,0.0,0.0
2013-12-26,0.0,0.5000724787347751,0.49992752126522483,0.0,0.0,0.0,0.0,0.0
2013-12-27,0.0,0.49959691577171406,0.500403084228286,0.0,0.0,0.0,0.0,0.0
2013-12-30,0.0,0.49937726418836975,0.5006227358116302,0.0,0.0,0.0,0.0,0.0
2013-12-31,0.0,0.5004167008142049,0.49958329918579525,0.0,0.0,0.0,0.0,0.0
2014-01-02,0.0,0.5,0.5,0.0,0.0,0.0,0.0,0.0
2014-01-03,0.0,0.4969211689214933,0.5030788310785067,0.0,0.0,0.0,0.0,0.0
2014-01-06,0.0,0.4980315234965646,0.5019684765034356,0.0,0.0,0.0,0.0,0.0
2014-01-07,0.0,0.4982587783924171,0.5017412216075829,0.0,0.0,0.0,0.0,0.0
2014-01-08,0.0,0.4984766986557898,0.5015233013442102,0.0,0.0,0.0,0.0,0.0
2014-01-09,0.0,0.49757982585343596,0.5024201741465641,0.0,0.0,0.0,0.0,0.0
2014-01-10,0.0,0.49701575523415326,0.5029842447658467,0.0,0.0,0.0,0.0,0.0
2014-01-13,0.0,0.4967369489548705,0.5032630510451295,0.0,0.0,0.0,0.0,0.0
2014-01-14,0.0,0.4984058116967416,0.5015941883032584,0.0,0.0,0.0,0.0,0.0
2014-01-15,0.0,0.49859398926296133,0.5014060107370386,0.0,0.0,0.0,0.0,0.0
2014-01-16,0.0,0.498321215380642,0.501678784619358,0.0,0.0,0.0,0.0,0.0
2014-01-17,0.0,0.4977853576983728,0.5022146423016272,0.0,0.0,0.0,0.0,0.0
2014-01-21,0.0,0.49820064930419367,0.5017993506958063,0.0,0.0,0.0,0.0,0.0
2014-01-22,0.0,0.4975875609805933,0.5024124390194067,0.0,0.0,0.0,0.0,0.0
2014-01-23,0.0,0.49843200483336003,0.5015679951666399,0.0,0.0,0.0,0.0,0.0
2014-01-24,0.0,0.49992714421008455,0.5000728557899153,0.0,0.0,0.0,0.0,0.0
2014-01-27,0.0,0.5011793610978709,0.49882063890212913,0.0,0.0,0.0,0.0,0.0
2014-01-28,0.0,0.49840874690912834,0.5015912530908716,0.0,0.0,0.0,0.0,0.0
2014-01-29,0.0,0.4993486265069887,0.5006513734930113,0.0,0.0,0.0,0.0,0.0
2014-01-30,0.0,0.5002281197427617,0.4997718802572383,0.0,0.0,0.0,0.0,0.0
2014-01-31,0.0,0.5014277507282735,0.4985722492717266,0.0,0.0,0.0,0.0,0.0
2014-02-03,0.0,0.5,0.5,0.0,0.0,0.0,0.0,0.0
2014-02-04,0.0,0.49995241085723763,0.5000475891427625,0.0,0.0,0.0,0.0,0.0
2014-02-05,0.0,0.5011835175862969,0.4988164824137032,0.0,0.0,0.0,0.0,0.0
2014-02-06,0.0,0.5023803724827847,0.4976196275172154,0.0,0.0,0.0,0.0,0.0
2014-02-07,0.0,0.5039858837839735,0.49601411621602653,0.0,0.0,0.0,0.0,0.0
2014-02-10,0.0,0.5047596753604634,0.4952403246395366,0.0,0.0,0.0,0.0,0.0
2014-02-11,0.0,0.5053718047782743,0.49462819522172574,0.0,0.0,0.0,0.0,0.0
2014-02-12,0.0,0.504870098636554,0.49512990136344603,0.0,0.0,0.0,0.0,0.0
2014-02-13,0.0,0.5035592574412568,0.4964407425587431,0.0,0.0,0.0,0.0,0.0
2014-02-14,0.0,0.5037099053163414,0.4962900946836586,0.0,0.0,0.0,0.0,0.0
2014-02-18,0.0,0.5023370716925372,0.4976629283074628,0.0,0.0,0.0,0.0,0.0
2014-02-19,0.0,0.5031864362389064,0.49681356376109365,0.0,0.0,0.0,0.0,0.0
2014-02-20,0.0,0.5016740205579092,0.4983259794420908,0.0,0.0,0.0,0.0,0.0
2014-02-21,0.0,0.5005613005580574,0.49943869944194264,0.0,0.0,0.0,0.0,0.0
2014-02-24,0.0,0.5000616663333416,0.4999383336666583,0.0,0.0,0.0,0.0,0.0
2014-02-25,0.0,0.49952757832327704,0.5004724216767229,0.0,0.0,0.0,0.0,0.0
2014-02-26,0.0,0.4977673556881164,0.5022326443118835,0.0,0.0,0.0,0.0,0.0
2014-02-27,0.0,0.4980243765107059,0.5019756234892941,0.0,0.0,0.0,0.0,0.0
2014-02-28,0.0,0.498745584785169,0.501254415214831,0.0,0.0,0.0,0.0,0.0
2014-03-03,0.0,0.5,0.5,0.0,0.0,0.0,0.0,0.0
2014-03-04,0.0,0.49694825716357066,0.5030517428364294,0.0,0.0,0.0,0.0,0.0
2014-03-05,0.0,0.49778162287656325,0.5022183771234368,0.0,0.0,0.0,0.0,0.0
2014-03-06,0.0,0.49760356794877597,0.5023964320512241,0.0,0.0,0.0,0.0,0.0
2014-03-07,0.0,0.4964475429823074,0.5035524570176926,0.0,0.0,0.0,0.0,0.0
2014-03-10,0.0,0.4975052209684746,0.5024947790315254,0.0,0.0,0.0,0.0,0.0
2014-03-11,0.0,0.4990389246797482,0.5009610753202519,0.0,0.0,0.0,0.0,0.0
2014-03-12,0.0,0.4992180892398862,0.5007819107601138,0.0,0.0,0.0,0.0,0.0
2014-03-13,0.0,0.49856828859176167,0.5014317114082384,0.0,0.0,0.0,0.0,0.0
2014-03-14,0.0,0.49581008533902077,0.5041899146609793,0.0,0.0,0.0,0.0,0.0
2014-03-17,0.0,0.49689611215555474,0.5031038878444453,0.0,0.0,0.0,0.0,0.0
2014-03-18,0.0,0.49628048717475415,0.5037195128252459,0.0,0.0,0.0,0.0,0.0
2014-03-19,0.0,0.49655700062564273,0.5034429993743572,0.0,0.0,0.0,0.0,0.0
2014-03-20,0.0,0.4969141769631373,0.5030858230368628,0.0,0.0,0.0,0.0,0.0
2014-03-21,0.0,0.4950444533319278,0.5049555466680723,0.0,0.0,0.0,0.0,0.0
2014-03-24,0.0,0.4957054627561843,0.5042945372438157,0.0,0.0,0.0,0.0,0.0
2014-03-25,0.0,0.49658573514529847,0.5034142648547015,0.0,0.0,0.0,0.0,0.0
2014-03-26,0.0,0.4981804042292399,0.5018195957707601,0.0,0.0,0.0,0.0,0.0
2014-03-27,0.0,0.49740732871936416,0.5025926712806357,0.0,0.0,0.0,0.0,0.0
2014-03-28,0.0,0.4981365965494553,0.5018634034505446,0.0,0.0,0.0,0.0,0.0
2014-03-31,0.0,0.49546649824865663,0.5045335017513434,0.0,0.0,0.0,0.0,0.0
2014-04-01,0.0,0.5,0.5,0.0,0.0,0.0,0.0,0.0
2014-04-02,0.0,0.4995221233480924,0.5004778766519077,0.0,0.0,0.0,0.0,0.0
2014-04-03,0.0,0.5000764784089176,0.49992352159108244,0.0,0.0,0.0,0.0,0.0
2014-04-04,0.0,0.49918570470438184,0.5008142952956182,0.0,0.0,0.0,0.0,0.0
2014-04-07,0.0,0.5004741914752854,0.4995258085247147,0.0,0.0,0.0,0.0,0.0
2014-04-08,0.0,0.5010277779207444,0.49897222207925573,0.0,0.0,0.0,0.0,0.0
2014-04-09,0.0,0.5016937772845885,0.4983062227154115,0.0,0.0,0.0,0.0,0.0
2014-04-10,0.0,0.5010686924432733,0.4989313075567266,0.0,0.0,0.0,0.0,0.0
2014-04-11,0.0,0.5016284378520279,0.4983715621479722,0.0,0.0,0.0,0.0,0.0
2014-04-14,0.0,0.5028815824283663,0.4971184175716337,0.0,0.0,0.0,0.0,0.0
2014-04-15,0.0,0.5027370508707919,0.4972629491292081,0.0,0.0,0.0,0.0,0.0
2014-04-16,0.0,0.5033298384960188,0.49667016150398124,0.0,0.0,0.0,0.0,0.0
2014-04-17,0.0,0.5021449570822204,0.49785504291777954,0.0,0.0,0.0,0.0,0.0
2014-04-21,0.0,0.50282364142979,0.4971763585702101,0.0,0.0,0.0,0.0,0.0
2014-04-22,0.0,0.5022370491339424,0.49776295086605743,0.0,0.0,0.0,0.0,0.0
2014-04-23,0.0,0.5016035946584456,0.4983964053415544,0.0,0.0,0.0,0.0,0.0
2014-04-24,0.0,0.5046211475986623,0.4953788524013377,0.0,0.0,0.0,0.0,0.0
2014-04-25,0.0,0.505033038382015,0.49496696161798504,0.0,0.0,0.0,0.0,0.0
2014-04-28,0.0,0.5073037809825152,0.4926962190174847,0.0,0.0,0.0,0.0,0.0
2014-04-29,0.0,0.5086605100151481,0.49133948998485183,0.0,0.0,0.0,0.0,0.0
2014-04-30,0.0,0.5076619707040838,0.49233802929591614,0.0,0.0,0.0,0.0,0.0
2014-05-01,0.0,0.5,0.5,0.0,0.0,0.0,0.0,0.0
2014-05-02,0.0,0.4993422555846517,0.5006577444153483,0.0,0.0,0.0,0.0,0.0
2014-05-05,0.0,0.5009659659627866,0.49903403403721347,0.0,0.0,0.0,0.0,0.0
2014-05-06,0.0,0.5018041659704495,0.4981958340295504,0.0,0.0,0.0,0.0,0.0
2014-05-07,0.0,0.5009242568356275,0.49907574316437253,0.0,0.0,0.0,0.0,0.0
2014-05-08,0.0,0.5032253535337341,0.496774646466266,0.0,0.0,0.0,0.0,0.0
2014-05-09,0.0,0.5018662042076273,0.49813379579237277,0.0,0.0,0.0,0.0,0.0
2014-05-12,0.0,0.5003347500228911,0.499665249977109,0.0,0.0,0.0,0.0,0.0
2014-05-13,0.0,0.5029604370254525,0.4970395629745475,0.0,0.0,0.0,0.0,0.0
2014-05-14,0.0,0.5057484476282887,0.4942515523717112,0.0,0.0,0.0,0.0,0.0
2014-05-15,0.0,0.5054701210828493,0.4945298789171508,0.0,0.0,0.0,0.0,0.0
2014-05-16,0.0,0.5055207215506926,0.49447927844930734,0.0,0.0,0.0,0.0,0.0
2014-05-19,0.0,0.5045756608938934,0.4954243391061066,0.0,0.0,0.0,0.0,0.0
2014-05-20,0.0,0.5075118592033199,0.49248814079668013,0.0,0.0,0.0,0.0,0.0
2014-05-21,0.0,0.5086063191238259,0.4913936808761741,0.0,0.0,0.0,0.0,0.0
2014-05-22,0.0,0.5071152672088098,0.4928847327911901,0.0,0.0,0.0,0.0,0.0
2014-05-23,0.0,0.5062137628026568,0.49378623719734327,0.0,0.0,0.0,0.0,0.0
2014-05-27,0.0,0.5057406836518359,0.49425931634816406,0.0,0.0,0.0,0.0,0.0
2014-05-28,0.0,0.5062721179338344,0.4937278820661655,0.0,0.0,0.0,0.0,0.0
2014-05-29,0.0,0.507025885530663,0.49297411446933703,0.0,0.0,0.0,0.0,0.0
2014-05-30,0.0,0.5081803087373631,0.491819691262637,0.0,0.0,0.0,0.0,0.0
2014-06-02,0.5,0.5,0.0,0.0,0.0,0.0,0.0,0.0
2014-06-03,0.49998015660808837,0.5000198433919116,0.0,0.0,0.0,0.0,0.0,0.0
2014-06-04,0.4995548738330357,0.5004451261669642,0.0,0.0,0.0,0.0,0.0,0.0
2014-06-05,0.49908543196077465,0.5009145680392254,0.0,0.0,0.0,0.0,0.0,0.0
2014-06-06,0.4988468392738048,0.5011531607261952,0.0,0.0,0.0,0.0,0.0,0.0
2014-06-09,0.49929104654109,0.50070895345891,0.0,0.0,0.0,0.0,0.0,0.0
2014-06-10,0.49888574879120756,0.5011142512087924,0.0,0.0,0.0,0.0,0.0,0.0
2014-06-11,0.49806894547396807,0.5019310545260319,0.0,0.0,0.0,0.0,0.0,0.0
2014-06-12,0.4985636696672424,0.5014363303327576,0.0,0.0,0.0,0.0,0.0,0.0
2014-06-13,0.4985924134759079,0.5014075865240921,0.0,0.0,0.0,0.0,0.0,0.0
2014-06-16,0.49858193114050436,0.5014180688594956,0.0,0.0,0.0,0.0,0.0,0.0
2014-06-17,0.49914056394752554,0.5008594360524745,0.0,0.0,0.0,0.0,0.0,0.0
2014-06-18,0.4995665310085278,0.5004334689914721,0.0,0.0,0.0,0.0,0.0,0.0
2014-06-19,0.5000079084099147,0.49999209159008523,0.0,0.0,0.0,0.0,0.0,0.0
2014-06-20,0.5002212014987816,0.4997787985012185,0.0,0.0,0.0,0.0,0.0,0.0
2014-06-23,0.5000906301076592,0.4999093698923409,0.0,0.0,0.0,0.0,0.0,0.0
2014-06-24,0.4988226232597541,0.5011773767402458,0.0,0.0,0.0,0.0,0.0,0.0
2014-06-25,0.49836402381753603,0.501635976182464,0.0,0.0,0.0,0.0,0.0,0.0
2014-06-26,0.49805102638776094,0.501948973612239,0.0,0.0,0.0,0.0,0.0,0.0
2014-06-27,0.4974408274378815,0.5025591725621186,0.0,0.0,0.0,0.0,0.0,0.0
2014-06-30,0.49688691372691013,0.5031130862730897,0.0,0.0,0.0,0.0,0.0,0.0
2014-07-01,0.5,0.5,0.0,0.0,0.0,0.0,0.0,0.0
2014-07-02,0.49983262973760045,0.5001673702623995,0.0,0.0,0.0,0.0,0.0,0.0
2014-07-03,0.4994868035998888,0.5005131964001113,0.0,0.0,0.0,0.0,0.0,0.0
2014-07-07,0.49937358814280164,0.5006264118571985,0.0,0.0,0.0,0.0,0.0,0.0
2014-07-08,0.5007924417599305,0.49920755824006935,0.0,0.0,0.0,0.0,0.0,0.0
2014-07-09,0.5000615158083951,0.49993848419160497,0.0,0.0,0.0,0.0,0.0,0.0
2014-07-10,0.4998613745789746,0.5001386254210254,0.0,0.0,0.0,0.0,0.0,0.0
2014-07-11,0.49859896477152704,0.501401035228473,0.0,0.0,0.0,0.0,0.0,0.0
2014-07-14,0.4983634936559631,0.5016365063440368,0.0,0.0,0.0,0.0,0.0,0.0
2014-07-15,0.4987571210618608,0.5012428789381392,0.0,0.0,0.0,0.0,0.0,0.0
2014-07-16,0.49868804683309786,0.5013119531669022,0.0,0.0,0.0,0.0,0.0,0.0
2014-07-17,0.4991635352731367,0.5008364647268633,0.0,0.0,0.0,0.0,0.0,0.0
2014-07-18,0.49777328039434415,0.5022267196056558,0.0,0.0,0.0,0.0,0.0,0.0
2014-07-21,0.4976171990066067,0.5023828009933932,0.0,0.0,0.0,0.0,0.0,0.0
2014-07-22,0.49712086451493986,0.5028791354850601,0.0,0.0,0.0,0.0,0.0,0.0
2014-07-23,0.4960759346097701,0.5039240653902299,0.0,0.0,0.0,0.0,0.0,0.0
2014-07-24,0.4963716419701968,0.5036283580298033,0.0,0.0,0.0,0.0,0.0,0.0
2014-07-25,0.4961784513422585,0.5038215486577415,0.0,0.0,0.0,0.0,0.0,0.0
2014-07-28,0.49620208765326324,0.5037979123467368,0.0,0.0,0.0,0.0,0.0,0.0
2014-07-29,0.49556521628543493,0.5044347837145651,0.0,0.0,0.0,0.0,0.0,0.0
2014-07-30,0.49462165614024844,0.5053783438597514,0.0,0.0,0.0,0.0,0.0,0.0
2014-07-31,0.49473962194505755,0.5052603780549425,0.0,0.0,0.0,0.0,0.0,0.0
2014-08-01,0.5,0.5,0.0,0.0,0.0,0.0,0.0,0.0
2014-08-04,0.5000880860538527,0.49991191394614726,0.0,0.0,0.0,0.0,0.0,0.0
2014-08-05,0.49957413979649934,0.5004258602035008,0.0,0.0,0.0,0.0,0.0,0.0
2014-08-06,0.4998374341084721,0.500162565891528,0.0,0.0,0.0,0.0,0.0,0.0
2014-08-07,0.49927472966916436,0.5007252703308357,0.0,0.0,0.0,0.0,0.0,0.0
2014-08-08,0.500352527089842,0.4996474729101581,0.0,0.0,0.0,0.0,0.0,0.0
2014-08-11,0.4996050523420772,0.5003949476579228,0.0,0.0,0.0,0.0,0.0,0.0
2014-08-12,0.4993613305569726,0.5006386694430274,0.0,0.0,0.0,0.0,0.0,0.0
2014-08-13,0.4984157232191613,0.5015842767808387,0.0,0.0,0.0,0.0,0.0,0.0
2014-08-14,0.49830032565148596,0.5016996743485139,0.0,0.0,0.0,0.0,0.0,0.0
2014-08-15,0.49704007690022106,0.5029599230997789,0.0,0.0,0.0,0.0,0.0,0.0
2014-08-18,0.49720840448545467,0.5027915955145453,0.0,0.0,0.0,0.0,0.0,0.0
2014-08-19,0.49711279876088843,0.5028872012391116,0.0,0.0,0.0,0.0,0.0,0.0
2014-08-20,0.49777980906889613,0.5022201909311039,0.0,0.0,0.0,0.0,0.0,0.0
2014-08-21,0.49800154664199703,0.501998453358003,0.0,0.0,0.0,0.0,0.0,0.0
2014-08-22,0.49723392033739733,0.5027660796626027,0.0,0.0,0.0,0.0,0.0,0.0
2014-08-25,0.49761650285261333,0.5023834971473866,0.0,0.0,0.0,0.0,0.0,0.0
2014-08-26,0.49752744740642535,0.5024725525935747,0.0,0.0,0.0,0.0,0.0,0.0
2014-08-27,0.49737721927417095,0.502622780725829,0.0,0.0,0.0,0.0,0.0,0.0
2014-08-28,0.4975163519114127,0.5024836480885874,0.0,0.0,0.0,0.0,0.0,0.0
2014-08-29,0.49729857659699517,0.5027014234030047,0.0,0.0,0.0,0.0,0.0,0.0
2014-09-02,0.5,0.5,0.0,0.0,0.0,0.0,0.0,0.0
2014-09-03,0.5013411857045931,0.498658814295407,0.0,0.0,0.0,0.0,0.0,0.0
2014-09-04,0.5012055960193599,0.4987944039806401,0.0,0.0,0.0,0.0,0.0,0.0
2014-09-05,0.5010724584154096,0.49892754158459046,0.0,0.0,0.0,0.0,0.0,0.0
2014-09-08,0.4999500887990599,0.50004991120094,0.0,0.0,0.0,0.0,0.0,0.0
2014-09-09,0.5004442013014211,0.49955579869857897,0.0,0.0,0.0,0.0,0.0,0.0
2014-09-10,0.4993261862347809,0.500673813765219,0.0,0.0,0.0,0.0,0.0,0.0
2014-09-11,0.49981335939771415,0.5001866406022858,0.0,0.0,0.0,0.0,0.0,0.0
2014-09-12,0.4996271650279945,0.5003728349720055,0.0,0.0,0.0,0.0,0.0,0.0
2014-09-15,0.5018630487534342,0.4981369512465657,0.0,0.0,0.0,0.0,0.0,0.0
2014-09-16,0.501567757981223,0.4984322420187771,0.0,0.0,0.0,0.0,0.0,0.0
2014-09-17,0.5015271824058711,0.4984728175941289,0.0,0.0,0.0,0.0,0.0,0.0
2014-09-18,0.5009793035055069,0.49902069649449315,0.0,0.0,0.0,0.0,0.0,0.0
2014-09-19,0.5009089636573867,0.49909103634261326,0.0,0.0,0.0,0.0,0.0,0.0
2014-09-22,0.5013070626174886,0.4986929373825114,0.0,0.0,0.0,0.0,0.0,0.0
2014-09-23,0.5005543249512153,0.4994456750487847,0.0,0.0,0.0,0.0,0.0,0.0
2014-09-24,0.4998350705799039,0.5001649294200962,0.0,0.0,0.0,0.0,0.0,0.0
2014-09-25,0.501082925756867,0.498917074243133,0.0,0.0,0.0,0.0,0.0,0.0
2014-09-26,0.5004153420968886,0.49958465790311135,0.0,0.0,0.0,0.0,0.0,0.0
2014-09-29,0.5002893818138161,0.49971061818618395,0.0,0.0,0.0,0.0,0.0,0.0
2014-09-30,0.4992758652347729,0.5007241347652271,0.0,0.0,0.0,0.0,0.0,0.0
2014-10-01,0.5,0.5,0.0,0.0,0.0,0.0,0.0,0.0
2014-10-02,0.5000384652117997,0.4999615347882003,0.0,0.0,0.0,0.0,0.0,0.0
2014-10-03,0.5003191915814597,0.49968080841854035,0.0,0.0,0.0,0.0,0.0,0.0
2014-10-06,0.5005615624493461,0.4994384375506538,0.0,0.0,0.0,0.0,0.0,0.0
2014-10-07,0.5002452115792025,0.49975478842079746,0.0,0.0,0.0,0.0,0.0,0.0
2014-10-08,0.499759664893671,0.500240335106329,0.0,0.0,0.0,0.0,0.0,0.0
2014-10-09,0.49882201360672984,0.5011779863932703,0.0,0.0,0.0,0.0,0.0,0.0
2014-10-10,0.5022774457281657,0.49772255427183437,0.0,0.0,0.0,0.0,0.0,0.0
2014-10-13,0.5020854722934747,0.4979145277065254,0.0,0.0,0.0,0.0,0.0,0.0
2014-10-14,0.5024451584999812,0.4975548415000187,0.0,0.0,0.0,0.0,0.0,0.0
2014-10-15,0.502366538100849,0.49763346189915114,0.0,0.0,0.0,0.0,0.0,0.0
2014-10-16,0.5037265409442728,0.4962734590557272,0.0,0.0,0.0,0.0,0.0,0.0
2014-10-17,0.5033878132612039,0.49661218673879615,0.0,0.0,0.0,0.0,0.0,0.0
2014-10-20,0.5020948221690216,0.49790517783097826,0.0,0.0,0.0,0.0,0.0,0.0
2014-10-21,0.5005154510979151,0.4994845489020849,0.0,0.0,0.0,0.0,0.0,0.0
2014-10-22,0.5000250838360674,0.4999749161639325,0.0,0.0,0.0,0.0,0.0,0.0
2014-10-23,0.4991810583087477,0.5008189416912524,0.0,0.0,0.0,0.0,0.0,0.0
2014-10-24,0.49906123943027825,0.5009387605697218,0.0,0.0,0.0,0.0,0.0,0.0
2014-10-27,0.4985398733526141,0.5014601266473859,0.0,0.0,0.0,0.0,0.0,0.0
2014-10-28,0.4976449103077643,0.5023550896922357,0.0,0.0,0.0,0.0,0.0,0.0
2014-10-29,0.4981916806525234,0.5018083193474766,0.0,0.0,0.0,0.0,0.0,0.0
2014-10-30,0.4992637502007263,0.5007362497992737,0.0,0.0,0.0,0.0,0.0,0.0
2014-10-31,0.49868083132286706,0.501319168677133,0.0,0.0,0.0,0.0,0.0,0.0
2014-11-03,0.0,0.5,0.0,0.0,0.5,0.0,0.0,0.0
2014-11-04,0.0,0.49875518019638976,0.0,0.0,0.5012448198036102,0.0,0.0,0.0
2014-11-05,0.0,0.499312958496934,0.0,0.0,0.500687041503066,0.0,0.0,0.0
2014-11-06,0.0,0.5020231015266633,0.0,0.0,0.49797689847333676,0.0,0.0,0.0
2014-11-07,0.0,0.5021181739564184,0.0,0.0,0.49788182604358155,0.0,0.0,0.0
2014-11-10,0.0,0.500952185126613,0.0,0.0,0.499047814873387,0.0,0.0,0.0
2014-11-11,0.0,0.502711387633334,0.0,0.0,0.49728861236666594,0.0,0.0,0.0
2014-11-12,0.0,0.5050501928798152,0.0,0.0,0.4949498071201848,0.0,0.0,0.0
2014-11-13,0.0,0.504758713933428,0.0,0.0,0.4952412860665719,0.0,0.0,0.0
2014-11-14,0.0,0.5075974061830629,0.0,0.0,0.49240259381693696,0.0,0.0,0.0
2014-11-17,0.0,0.5057329441493654,0.0,0.0,0.4942670558506345,0.0,0.0,0.0
2014-11-18,0.0,0.5065200556553291,0.0,0.0,0.493479944344671,0.0,0.0,0.0
2014-11-19,0.0,0.5076369485767968,0.0,0.0,0.4923630514232032,0.0,0.0,0.0
2014-11-20,0.0,0.5079212626237342,0.0,0.0,0.4920787373762659,0.0,0.0,0.0
2014-11-21,0.0,0.5068514038727326,0.0,0.0,0.4931485961272673,0.0,0.0,0.0
2014-11-24,0.0,0.5079105170172857,0.0,0.0,0.49208948298271427,0.0,0.0,0.0
2014-11-25,0.0,0.507852401206308,0.0,0.0,0.492147598793692,0.0,0.0,0.0
2014-11-26,0.0,0.5070622085070153,0.0,0.0,0.49293779149298467,0.0,0.0,0.0
2014-11-28,0.0,0.5075990211101103,0.0,0.0,0.4924009788898896,0.0,0.0,0.0
2014-12-01,0.0,0.5,0.0,0.0,0.5,0.0,0.0,0.0
2014-12-02,0.0,0.4994493180112068,0.0,0.0,0.5005506819887932,0.0,0.0,0.0
2014-12-03,0.0,0.5001477314400562,0.0,0.0,0.49985226855994386,0.0,0.0,0.0
2014-12-04,0.0,0.4993801416543487,0.0,0.0,0.5006198583456513,0.0,0.0,0.0
2014-12-05,0.0,0.5006724576668029,0.0,0.0,0.49932754233319704,0.0,0.0,0.0
2014-12-08,0.0,0.49730983104168053,0.0,0.0,0.5026901689583195,0.0,0.0,0.0
2014-12-09,0.0,0.49695899297636753,0.0,0.0,0.5030410070236324,0.0,0.0,0.0
2014-12-10,0.0,0.4932437790235772,0.0,0.0,0.5067562209764227,0.0,0.0,0.0
2014-12-11,0.0,0.49396628150340444,0.0,0.0,0.5060337184965956,0.0,0.0,0.0
2014-12-12,0.0,0.4934163065118177,0.0,0.0,0.5065836934881822,0.0,0.0,0.0
2014-12-15,0.0,0.4940905019405778,0.0,0.0,0.5059094980594221,0.0,0.0,0.0
2014-12-16,0.0,0.49039349061540605,0.0,0.0,0.5096065093845941,0.0,0.0,0.0
2014-12-17,0.0,0.4892264638292891,0.0,0.0,0.510773536170711,0.0,0.0,0.0
2014-12-18,0.0,0.493428128579603,0.0,0.0,0.5065718714203971,0.0,0.0,0.0
2014-12-19,0.0,0.4946474319568628,0.0,0.0,0.5053525680431372,0.0,0.0,0.0
2014-12-22,0.0,0.4911252281730128,0.0,0.0,0.5088747718269871,0.0,0.0,0.0
2014-12-23,0.0,0.49093906833066825,0.0,0.0,0.5090609316693318,0.0,0.0,0.0
2014-12-24,0.0,0.4921926900590572,0.0,0.0,0.5078073099409428,0.0,0.0,0.0
2014-12-26,0.0,0.49307426885198274,0.0,0.0,0.5069257311480173,0.0,0.0,0.0
2014-12-29,0.0,0.491658729636113,0.0,0.0,0.508341270363887,0.0,0.0,0.0
2014-12-30,0.0,0.4901692799347141,0.0,0.0,0.509830720065286,0.0,0.0,0.0
2014-12-31,0.0,0.491845064794067,0.0,0.0,0.508154935205933,0.0,0.0,0.0
2015-01-02,0.0,0.0,0.0,0.0,0.5,0.0,0.5,0.0
2015-01-05,0.0,0.0,0.0,0.0,0.497468122075342,0.0,0.502531877924658,0.0
2015-01-06,0.0,0.0,0.0,0.0,0.4954713098346977,0.0,0.5045286901653023,0.0
2015-01-07,0.0,0.0,0.0,0.0,0.4997690162971393,0.0,0.5002309837028608,0.0
2015-01-08,0.0,0.0,0.0,0.0,0.504043845545722,0.0,0.495956154454278,0.0
2015-01-09,0.0,0.0,0.0,0.0,0.5014381195722951,0.0,0.49856188042770483,0.0
2015-01-12,0.0,0.0,0.0,0.0,0.5019132960510255,0.0,0.4980867039489745,0.0
2015-01-13,0.0,0.0,0.0,0.0,0.501534190716196,0.0,0.49846580928380396,0.0
2015-01-14,0.0,0.0,0.0,0.0,0.5017953538827373,0.0,0.4982046461172628,0.0
2015-01-15,0.0,0.0,0.0,0.0,0.49847019073656806,0.0,0.5015298092634318,0.0
2015-01-16,0.0,0.0,0.0,0.0,0.5038340909279326,0.0,0.4961659090720674,0.0
2015-01-20,0.0,0.0,0.0,0.0,0.4985507893415508,0.0,0.5014492106584492,0.0
2015-01-21,0.0,0.0,0.0,0.0,0.5012842433626289,0.0,0.49871575663737105,0.0
2015-01-22,0.0,0.0,0.0,0.0,0.5065921718759149,0.0,0.4934078281240851,0.0
2015-01-23,0.0,0.0,0.0,0.0,0.5024267230619869,0.0,0.49757327693801323,0.0
2015-01-26,0.0,0.0,0.0,0.0,0.505284692681773,0.0,0.494715307318227,0.0
2015-01-27,0.0,0.0,0.0,0.0,0.5049788185792706,0.0,0.4950211814207295,0.0
2015-01-28,0.0,0.0,0.0,0.0,0.4992555838433868,0.0,0.5007444161566132,0.0
2015-01-29,0.0,0.0,0.0,0.0,0.5017847931453419,0.0,0.4982152068546582,0.0
2015-01-30,0.0,0.0,0.0,0.0,0.4921872462928771,0.0,0.507812753707123,0.0
2015-02-02,0.0,0.0,0.0,0.0,0.5,0.0,0.5,0.0
2015-02-03,0.0,0.0,0.0,0.0,0.507510388010393,0.0,0.49248961198960695,0.0
2015-02-04,0.0,0.0,0.0,0.0,0.5060482199499144,0.0,0.49395178005008566,0.0
2015-02-05,0.0,0.0,0.0,0.0,0.5117868543983656,0.0,0.4882131456016345,0.0
2015-02-06,0.0,0.0,0.0,0.0,0.5088805976007168,0.0,0.49111940239928314,0.0
2015-02-09,0.0,0.0,0.0,0.0,0.5075154168611345,0.0,0.49248458313886534,0.0
2015-02-10,0.0,0.0,0.0,0.0,0.5103075206846542,0.0,0.48969247931534565,0.0
2015-02-11,0.0,0.0,0.0,0.0,0.5091084967693063,0.0,0.49089150323069386,0.0
2015-02-12,0.0,0.0,0.0,0.0,0.5129013569100269,0.0,0.4870986430899732,0.0
2015-02-13,0.0,0.0,0.0,0.0,0.513811513070526,0.0,0.486188486929474,0.0
2015-02-17,0.0,0.0,0.0,0.0,0.516982980824329,0.0,0.4830170191756711,0.0
2015-02-18,0.0,0.0,0.0,0.0,0.517818404729854,0.0,0.4821815952701459,0.0
2015-02-19,0.0,0.0,0.0,0.0,0.5140510981488687,0.0,0.48594890185113127,0.0
2015-02-20,0.0,0.0,0.0,0.0,0.5157223999432576,0.0,0.48427760005674236,0.0
2015-02-23,0.0,0.0,0.0,0.0,0.5148759810203681,0.0,0.485124018979632,0.0
2015-02-24,0.0,0.0,0.0,0.0,0.5066464014101109,0.0,0.49335359858988914,0.0
2015-02-25,0.0,0.0,0.0,0.0,0.5056290500449986,0.0,0.49437094995500147,0.0
2015-02-26,0.0,0.0,0.0,0.0,0.5063341940217465,0.0,0.49366580597825355,0.0
2015-02-27,0.0,0.0,0.0,0.0,0.5061976628518883,0.0,0.49380233714811167,0.0
2015-03-02,0.0,0.0,0.0,0.0,0.5,0.0,0.5,0.0
2015-03-03,0.0,0.0,0.0,0.0,0.50043083072425,0.0,0.4995691692757501,0.0
2015-03-04,0.0,0.0,0.0,0.0,0.49795049495825044,0.0,0.5020495050417496,0.0
2015-03-05,0.0,0.0,0.0,0.0,0.4989897148762432,0.0,0.5010102851237567,0.0
2015-03-06,0.0,0.0,0.0,0.0,0.49613354297140283,0.0,0.5038664570285972,0.0
2015-03-09,0.0,0.0,0.0,0.0,0.49581930052073975,0.0,0.5041806994792603,0.0
2015-03-10,0.0,0.0,0.0,0.0,0.4923666627493331,0.0,0.507633337250667,0.0
2015-03-11,0.0,0.0,0.0,0.0,0.4907682813419336,0.0,0.5092317186580664,0.0
2015-03-12,0.0,0.0,0.0,0.0,0.49525780230735655,0.0,0.5047421976926435,0.0
2015-03-13,0.0,0.0,0.0,0.0,0.49587429253560383,0.0,0.5041257074643961,0.0
2015-03-16,0.0,0.0,0.0,0.0,0.4960452742620633,0.0,0.5039547257379366,0.0
2015-03-17,0.0,0.0,0.0,0.0,0.4938925119743699,0.0,0.5061074880256302,0.0
2015-03-18,0.0,0.0,0.0,0.0,0.49428731944217613,0.0,0.5057126805578238,0.0
2015-03-19,0.0,0.0,0.0,0.0,0.49544654969299357,0.0,0.5045534503070065,0.0
2015-03-20,0.0,0.0,0.0,0.0,0.5003259635051494,0.0,0.4996740364948507,0.0
2015-03-23,0.0,0.0,0.0,0.0,0.5003141701894748,0.0,0.49968582981052534,0.0
2015-03-24,0.0,0.0,0.0,0.0,0.49577108035949646,0.0,0.5042289196405035,0.0
2015-03-25,0.0,0.0,0.0,0.0,0.4935409934300797,0.0,0.5064590065699204,0.0
2015-03-26,0.0,0.0,0.0,0.0,0.49615865376139306,0.0,0.5038413462386069,0.0
2015-03-27,0.0,0.0,0.0,0.0,0.49339698595966813,0.0,0.5066030140403318,0.0
2015-03-30,0.0,0.0,0.0,0.0,0.49819159310795696,0.0,0.501808406892043,0.0
2015-03-31,0.0,0.0,0.0,0.0,0.49544139840354656,0.0,0.5045586015964534,0.0
2015-04-01,0.0,0.0,0.0,0.0,0.5,0.0,0.5,0.0
2015-04-02,0.0,0.0,0.0,0.0,0.5045561327029011,0.0,0.49544386729709883,0.0
2015-04-06,0.0,0.0,0.0,0.0,0.5085353946589407,0.0,0.49146460534105935,0.0
2015-04-07,0.0,0.0,0.0,0.0,0.5020050352907474,0.0,0.4979949647092527,0.0
2015-04-08,0.0,0.0,0.0,0.0,0.5023146380242928,0.0,0.4976853619757072,0.0
2015-04-09,0.0,0.0,0.0,0.0,0.5003343619571553,0.0,0.4996656380428446,0.0
2015-04-10,0.0,0.0,0.0,0.0,0.4997857994355478,0.0,0.5002142005644522,0.0
2015-04-13,0.0,0.0,0.0,0.0,0.4987716442160837,0.0,0.5012283557839162,0.0
2015-04-14,0.0,0.0,0.0,0.0,0.4978851212269751,0.0,0.5021148787730249,0.0
2015-04-15,0.0,0.0,0.0,0.0,0.4962118681480666,0.0,0.5037881318519333,0.0
2015-04-16,0.0,0.0,0.0,0.0,0.49809898530341645,0.0,0.5019010146965837,0.0
2015-04-17,0.0,0.0,0.0,0.0,0.49409041984780655,0.0,0.5059095801521934,0.0
2015-04-20,0.0,0.0,0.0,0.0,0.4966727044451556,0.0,0.5033272955548443,0.0
2015-04-21,0.0,0.0,0.0,0.0,0.4982340731474143,0.0,0.5017659268525856,0.0
2015-04-22,0.0,0.0,0.0,0.0,0.5025974046434972,0.0,0.4974025953565027,0.0
2015-04-23,0.0,0.0,0.0,0.0,0.5021910870377843,0.0,0.49780891296221574,0.0
2015-04-24,0.0,0.0,0.0,0.0,0.5011516525356127,0.0,0.4988483474643874,0.0
2015-04-27,0.0,0.0,0.0,0.0,0.5008185315958797,0.0,0.49918146840412025,0.0
2015-04-28,0.0,0.0,0.0,0.0,0.5038050276886685,0.0,0.4961949723113315,0.0
2015-04-29,0.0,0.0,0.0,0.0,0.5017968769352742,0.0,0.49820312306472575,0.0
2015-04-30,0.0,0.0,0.0,0.0,0.49726778410066,0.0,0.5027322158993399,0.0
2015-05-01,0.0,0.5,0.0,0.0,0.0,0.0,0.5,0.0
2015-05-04,0.0,0.502782304152596,0.0,0.0,0.0,0.0,0.4972176958474041,0.0
2015-05-05,0.0,0.4990211105603906,0.0,0.0,0.0,0.0,0.5009788894396093,0.0
2015-05-06,0.0,0.5016106913616266,0.0,0.0,0.0,0.0,0.49838930863837333,0.0
2015-05-07,0.0,0.49976850606383016,0.0,0.0,0.0,0.0,0.50023149393617,0.0
2015-05-08,0.0,0.5021955739765751,0.0,0.0,0.0,0.0,0.49780442602342484,0.0
2015-05-11,0.0,0.507383462144043,0.0,0.0,0.0,0.0,0.492616537855957,0.0
2015-05-12,0.0,0.5056022251676557,0.0,0.0,0.0,0.0,0.49439777483234437,0.0
2015-05-13,0.0,0.5081222198138288,0.0,0.0,0.0,0.0,0.49187778018617123,0.0
2015-05-14,0.0,0.5110799940409512,0.0,0.0,0.0,0.0,0.4889200059590489,0.0
2015-05-15,0.0,0.5061185120312037,0.0,0.0,0.0,0.0,0.49388148796879616,0.0
2015-05-18,0.0,0.5114393523116374,0.0,0.0,0.0,0.0,0.48856064768836255,0.0
2015-05-19,0.0,0.513392089766366,0.0,0.0,0.0,0.0,0.486607910233634,0.0
2015-05-20,0.0,0.513129780903619,0.0,0.0,0.0,0.0,0.48687021909638095,0.0
2015-05-21,0.0,0.5109505871104069,0.0,0.0,0.0,0.0,0.4890494128895932,0.0
2015-05-22,0.0,0.5105982753104078,0.0,0.0,0.0,0.0,0.48940172468959214,0.0
2015-05-26,0.0,0.503467916802472,0.0,0.0,0.0,0.0,0.4965320831975279,0.0
2015-05-27,0.0,0.5068937761114428,0.0,0.0,0.0,0.0,0.4931062238885572,0.0
2015-05-28,0.0,0.5069415921360085,0.0,0.0,0.0,0.0,0.4930584078639915,0.0
2015-05-29,0.0,0.504896406212443,0.0,0.0,0.0,0.0,0.4951035937875569,0.0
2015-06-01,0.5,0.5,0.0,0.0,0.0,0.0,0.0,0.0
2015-06-02,0.5005454004061073,0.49945459959389277,0.0,0.0,0.0,0.0,0.0,0.0
2015-06-03,0.5004585285523947,0.4995414714476052,0.0,0.0,0.0,0.0,0.0,0.0
2015-06-04,0.5002473384192183,0.49975266158078163,0.0,0.0,0.0,0.0,0.0,0.0
2015-06-05,0.5004126173228567,0.4995873826771432,0.0,0.0,0.0,0.0,0.0,0.0
2015-06-08,0.5014223103843393,0.4985776896156607,0.0,0.0,0.0,0.0,0.0,0.0
2015-06-09,0.5018027585820057,0.4981972414179943,0.0,0.0,0.0,0.0,0.0,0.0
2015-06-10,0.5013808614778329,0.4986191385221671,0.0,0.0,0.0,0.0,0.0,0.0
2015-06-11,0.501820336348825,0.4981796636511751,0.0,0.0,0.0,0.0,0.0,0.0
2015-06-12,0.5019596520655903,0.49804034793440977,0.0,0.0,0.0,0.0,0.0,0.0
2015-06-15,0.5021304506549988,0.4978695493450011,0.0,0.0,0.0,0.0,0.0,0.0
2015-06-16,0.5021303020223569,0.4978696979776431,0.0,0.0,0.0,0.0,0.0,0.0
2015-06-17,0.5018458773929637,0.4981541226070363,0.0,0.0,0.0,0.0,0.0,0.0
2015-06-18,0.5008151667577431,0.49918483324225693,0.0,0.0,0.0,0.0,0.0,0.0
2015-06-19,0.5009419546703466,0.4990580453296533,0.0,0.0,0.0,0.0,0.0,0.0
2015-06-22,0.500383426230514,0.49961657376948587,0.0,0.0,0.0,0.0,0.0,0.0
2015-06-23,0.5003571532474695,0.49964284675253046,0.0,0.0,0.0,0.0,0.0,0.0
2015-06-24,0.49982440401482264,0.5001755959851774,0.0,0.0,0.0,0.0,0.0,0.0
2015-06-25,0.49956250337751407,0.500437496622486,0.0,0.0,0.0,0.0,0.0,0.0
2015-06-26,0.5011796930320362,0.49882030696796387,0.0,0.0,0.0,0.0,0.0,0.0
2015-06-29,0.5018548558695853,0.4981451441304147,0.0,0.0,0.0,0.0,0.0,0.0
2015-06-30,0.5014888711672362,0.49851112883276383,0.0,0.0,0.0,0.0,0.0,0.0
2015-07-01,0.5,0.5,0.0,0.0,0.0,0.0,0.0,0.0
2015-07-02,0.4997014503481368,0.5002985496518633,0.0,0.0,0.0,0.0,0.0,0.0
2015-07-06,0.4995684897338299,0.50043151026617,0.0,0.0,0.0,0.0,0.0,0.0
2015-07-07,0.5005099085816948,0.4994900914183053,0.0,0.0,0.0,0.0,0.0,0.0
2015-07-08,0.5006715711785046,0.49932842882149536,0.0,0.0,0.0,0.0,0.0,0.0
2015-07-09,0.5012646691569169,0.49873533084308314,0.0,0.0,0.0,0.0,0.0,0.0
2015-07-10,0.500602136480945,0.4993978635190551,0.0,0.0,0.0,0.0,0.0,0.0
2015-07-13,0.4989952932615966,0.5010047067384035,0.0,0.0,0.0,0.0,0.0,0.0
2015-07-14,0.4984394541237831,0.5015605458762169,0.0,0.0,0.0,0.0,0.0,0.0
2015-07-15,0.49808448804797917,0.5019155119520209,0.0,0.0,0.0,0.0,0.0,0.0
2015-07-16,0.4965741513048358,0.5034258486951642,0.0,0.0,0.0,0.0,0.0,0.0
2015-07-17,0.4931282139051238,0.5068717860948763,0.0,0.0,0.0,0.0,0.0,0.0
2015-07-20,0.4924008529309221,0.5075991470690778,0.0,0.0,0.0,0.0,0.0,0.0
2015-07-21,0.4915648876182386,0.5084351123817615,0.0,0.0,0.0,0.0,0.0,0.0
2015-07-22,0.49396270417234567,0.5060372958276544,0.0,0.0,0.0,0.0,0.0,0.0
2015-07-23,0.4934852994330252,0.5065147005669748,0.0,0.0,0.0,0.0,0.0,0.0
2015-07-24,0.49334186802801355,0.5066581319719865,0.0,0.0,0.0,0.0,0.0,0.0
2015-07-27,0.4939620916575146,0.5060379083424853,0.0,0.0,0.0,0.0,0.0,0.0
2015-07-28,0.49486776575746333,0.5051322342425367,0.0,0.0,0.0,0.0,0.0,0.0
2015-07-29,0.49563848221866036,0.5043615177813396,0.0,0.0,0.0,0.0,0.0,0.0
2015-07-30,0.494512914443279,0.5054870855567211,0.0,0.0,0.0,0.0,0.0,0.0
2015-07-31,0.4944232839028037,0.5055767160971963,0.0,0.0,0.0,0.0,0.0,0.0
2015-08-03,0.0,0.5,0.5,0.0,0.0,0.0,0.0,0.0
2015-08-04,0.0,0.5001224028188935,0.4998775971811065,0.0,0.0,0.0,0.0,0.0
2015-08-05,0.0,0.5014723507833455,0.49852764921665454,0.0,0.0,0.0,0.0,0.0
2015-08-06,0.0,0.5008256495047506,0.49917435049524933,0.0,0.0,0.0,0.0,0.0
2015-08-07,0.0,0.5021920007699301,0.4978079992300699,0.0,0.0,0.0,0.0,0.0
2015-08-10,0.0,0.5021699293145229,0.4978300706854771,0.0,0.0,0.0,0.0,0.0
2015-08-11,0.0,0.5010984271274999,0.4989015728725002,0.0,0.0,0.0,0.0,0.0
2015-08-12,0.0,0.5024381258241116,0.49756187417588854,0.0,0.0,0.0,0.0,0.0
2015-08-13,0.0,0.502865468964235,0.497134531035765,0.0,0.0,0.0,0.0,0.0
2015-08-14,0.0,0.5016459854373446,0.4983540145626553,0.0,0.0,0.0,0.0,0.0
2015-08-17,0.0,0.5010944281702651,0.49890557182973494,0.0,0.0,0.0,0.0,0.0
2015-08-18,0.0,0.5018140365038621,0.4981859634961379,0.0,0.0,0.0,0.0,0.0
2015-08-19,0.0,0.5027659017116957,0.49723409828830445,0.0,0.0,0.0,0.0,0.0
2015-08-20,0.0,0.5021486292753142,0.4978513707246857,0.0,0.0,0.0,0.0,0.0
2015-08-21,0.0,0.4939149405692879,0.5060850594307121,0.0,0.0,0.0,0.0,0.0
2015-08-24,0.0,0.4940597283801745,0.5059402716198256,0.0,0.0,0.0,0.0,0.0
2015-08-25,0.0,0.49504829605086853,0.5049517039491314,0.0,0.0,0.0,0.0,0.0
2015-08-26,0.0,0.5010523597361854,0.49894764026381466,0.0,0.0,0.0,0.0,0.0
2015-08-27,0.0,0.502878635904723,0.4971213640952769,0.0,0.0,0.0,0.0,0.0
2015-08-28,0.0,0.5003759549561887,0.4996240450438113,0.0,0.0,0.0,0.0,0.0
2015-08-31,0.0,0.4981656455128065,0.5018343544871934,0.0,0.0,0.0,0.0,0.0
2015-09-01,0.0,0.5,0.0,0.0,0.0,0.0,0.5,0.0
2015-09-02,0.0,0.5091127729260836,0.0,0.0,0.0,0.0,0.4908872270739164,0.0
2015-09-03,0.0,0.5066668395147355,0.0,0.0,0.0,0.0,0.4933331604852646,0.0
2015-09-04,0.0,0.5014029877936512,0.0,0.0,0.0,0.0,0.4985970122063488,0.0
2015-09-08,0.0,0.5120668611524315,0.0,0.0,0.0,0.0,0.48793313884756856,0.0
2015-09-09,0.0,0.5080474254136487,0.0,0.0,0.0,0.0,0.4919525745863512,0.0
2015-09-10,0.0,0.512444469985805,0.0,0.0,0.0,0.0,0.48755553001419505,0.0
2015-09-11,0.0,0.5122518825038003,0.0,0.0,0.0,0.0,0.4877481174961997,0.0
2015-09-14,0.0,0.511102496166224,0.0,0.0,0.0,0.0,0.48889750383377606,0.0
2015-09-15,0.0,0.5188610373735576,0.0,0.0,0.0,0.0,0.48113896262644235,0.0
2015-09-16,0.0,0.5212071435266638,0.0,0.0,0.0,0.0,0.47879285647333625,0.0
2015-09-17,0.0,0.5182721574827862,0.0,0.0,0.0,0.0,0.4817278425172137,0.0
2015-09-18,0.0,0.510880377511683,0.0,0.0,0.0,0.0,0.489119622488317,0.0
2015-09-21,0.0,0.5157669234769662,0.0,0.0,0.0,0.0,0.48423307652303377,0.0
2015-09-22,0.0,0.5085533853603657,0.0,0.0,0.0,0.0,0.49144661463963435,0.0
2015-09-23,0.0,0.5087660520618182,0.0,0.0,0.0,0.0,0.4912339479381817,0.0
2015-09-24,0.0,0.5061547582945777,0.0,0.0,0.0,0.0,0.4938452417054224,0.0
2015-09-25,0.0,0.5061971142732948,0.0,0.0,0.0,0.0,0.49380288572670517,0.0
2015-09-28,0.0,0.4947349998047211,0.0,0.0,0.0,0.0,0.505265000195279,0.0
2015-09-29,0.0,0.4927250339030805,0.0,0.0,0.0,0.0,0.5072749660969195,0.0
2015-09-30,0.0,0.4992833148018176,0.0,0.0,0.0,0.0,0.5007166851981824,0.0
2015-10-01,0.0,0.0,0.0,0.0,0.5,0.0,0.5,0.0
2015-10-02,0.0,0.0,0.0,0.0,0.5002949057886177,0.0,0.49970509421138226,0.0
2015-10-05,0.0,0.0,0.0,0.0,0.5078921316154812,0.0,0.4921078683845187,0.0
2015-10-06,0.0,0.0,0.0,0.0,0.5062368060837404,0.0,0.4937631939162596,0.0
2015-10-07,0.0,0.0,0.0,0.0,0.5099200481299183,0.0,0.4900799518700816,0.0
2015-10-08,0.0,0.0,0.0,0.0,0.514114152039867,0.0,0.4858858479601331,0.0
2015-10-09,0.0,0.0,0.0,0.0,0.5130488229643569,0.0,0.48695117703564306,0.0
2015-10-12,0.0,0.0,0.0,0.0,0.5129207360329556,0.0,0.4870792639670444,0.0
2015-10-13,0.0,0.0,0.0,0.0,0.5105403311501784,0.0,0.48945966884982156,0.0
2015-10-14,0.0,0.0,0.0,0.0,0.5064876741215524,0.0,0.4935123258784477,0.0
2015-10-15,0.0,0.0,0.0,0.0,0.5111054837191933,0.0,0.4888945162808066,0.0
2015-10-16,0.0,0.0,0.0,0.0,0.5129056764582344,0.0,0.4870943235417655,0.0
2015-10-19,0.0,0.0,0.0,0.0,0.5170639876546338,0.0,0.4829360123453663,0.0
2015-10-20,0.0,0.0,0.0,0.0,0.518511813284231,0.0,0.4814881867157691,0.0
2015-10-21,0.0,0.0,0.0,0.0,0.5151183273291297,0.0,0.4848816726708703,0.0
2015-10-22,0.0,0.0,0.0,0.0,0.516880836238636,0.0,0.483119163761364,0.0
2015-10-23,0.0,0.0,0.0,0.0,0.51658801570537,0.0,0.48341198429462995,0.0
2015-10-26,0.0,0.0,0.0,0.0,0.5148694207632204,0.0,0.48513057923677966,0.0
2015-10-27,0.0,0.0,0.0,0.0,0.5141529686355166,0.0,0.48584703136448343,0.0
2015-10-28,0.0,0.0,0.0,0.0,0.5153761034834442,0.0,0.4846238965165559,0.0
2015-10-29,0.0,0.0,0.0,0.0,0.5190400078261158,0.0,0.48095999217388413,0.0
2015-10-30,0.0,0.0,0.0,0.0,0.514859706915631,0.0,0.485140293084369,0.0
2015-11-02,0.0,0.5,0.0,0.0,0.5,0.0,0.0,0.0
2015-11-03,0.0,0.5033961816414589,0.0,0.0,0.49660381835854106,0.0,0.0,0.0
2015-11-04,0.0,0.5045345563407762,0.0,0.0,0.49546544365922385,0.0,0.0,0.0
2015-11-05,0.0,0.5028670418816187,0.0,0.0,0.4971329581183813,0.0,0.0,0.0
2015-11-06,0.0,0.5109358619552363,0.0,0.0,0.4890641380447636,0.0,0.0,0.0
2015-11-09,0.0,0.5125836029537381,0.0,0.0,0.4874163970462619,0.0,0.0,0.0
2015-11-10,0.0,0.5091007329760516,0.0,0.0,0.4908992670239483,0.0,0.0,0.0
2015-11-11,0.0,0.5085025430558863,0.0,0.0,0.4914974569441137,0.0,0.0,0.0
2015-11-12,0.0,0.5077681338483603,0.0,0.0,0.49223186615163966,0.0,0.0,0.0
2015-11-13,0.0,0.50567217401211,0.0,0.0,0.49432782598789005,0.0,0.0,0.0
2015-11-16,0.0,0.5063811183887786,0.0,0.0,0.4936188816112213,0.0,0.0,0.0
2015-11-17,0.0,0.5065381467399098,0.0,0.0,0.49346185326009023,0.0,0.0,0.0
2015-11-18,0.0,0.5091015211597845,0.0,0.0,0.49089847884021554,0.0,0.0,0.0
2015-11-19,0.0,0.5085096094945756,0.0,0.0,0.49149039050542437,0.0,0.0,0.0
2015-11-20,0.0,0.5070852482373029,0.0,0.0,0.4929147517626971,0.0,0.0,0.0
2015-11-23,0.0,0.5058278073737739,0.0,0.0,0.49417219262622614,0.0,0.0,0.0
2015-11-24,0.0,0.5069346097136009,0.0,0.0,0.49306539028639906,0.0,0.0,0.0
2015-11-25,0.0,0.5061428700740886,0.0,0.0,0.49385712992591146,0.0,0.0,0.0
2015-11-27,0.0,0.5043271491720241,0.0,0.0,0.4956728508279758,0.0,0.0,0.0
2015-11-30,0.0,0.5055429754426177,0.0,0.0,0.49445702455738233,0.0,0.0,0.0
2015-12-01,0.0,0.5,0.5,0.0,0.0,0.0,0.0,0.0
2015-12-02,0.0,0.5011583553926531,0.4988416446073468,0.0,0.0,0.0,0.0,0.0
2015-12-03,0.0,0.5011361660056001,0.4988638339944,0.0,0.0,0.0,0.0,0.0
2015-12-04,0.0,0.5043955024997359,0.4956044975002642,0.0,0.0,0.0,0.0,0.0
2015-12-07,0.0,0.5070489853613183,0.4929510146386818,0.0,0.0,0.0,0.0,0.0
2015-12-08,0.0,0.5084534811912523,0.4915465188087477,0.0,0.0,0.0,0.0,0.0
2015-12-09,0.0,0.5074409059064278,0.4925590940935721,0.0,0.0,0.0,0.0,0.0
2015-12-10,0.0,0.5077363545920895,0.4922636454079104,0.0,0.0,0.0,0.0,0.0
2015-12-11,0.0,0.5075478105693888,0.49245218943061114,0.0,0.0,0.0,0.0,0.0
2015-12-14,0.0,0.511228382250061,0.4887716177499391,0.0,0.0,0.0,0.0,0.0
2015-12-15,0.0,0.5091731491950249,0.49082685080497507,0.0,0.0,0.0,0.0,0.0
2015-12-16,0.0,0.5090769076181366,0.4909230923818635,0.0,0.0,0.0,0.0,0.0
2015-12-17,0.0,0.5080891498102218,0.49191085018977815,0.0,0.0,0.0,0.0,0.0
2015-12-18,0.0,0.5070969788377842,0.49290302116221574,0.0,0.0,0.0,0.0,0.0
2015-12-21,0.0,0.5079818509868893,0.49201814901311075,0.0,0.0,0.0,0.0,0.0
2015-12-22,0.0,0.5073378898744614,0.4926621101255386,0.0,0.0,0.0,0.0,0.0
2015-12-23,0.0,0.5060533469706,0.4939466530294,0.0,0.0,0.0,0.0,0.0
2015-12-24,0.0,0.5055369659787945,0.4944630340212055,0.0,0.0,0.0,0.0,0.0
2015-12-28,0.0,0.5065634107686835,0.49343658923131634,0.0,0.0,0.0,0.0,0.0
2015-12-29,0.0,0.507781271648789,0.4922187283512111,0.0,0.0,0.0,0.0,0.0
2015-12-30,0.0,0.5080482406603902,0.4919517593396098,0.0,0.0,0.0,0.0,0.0
2015-12-31,0.0,0.5080491757056417,0.4919508242943583,0.0,0.0,0.0,0.0,0.0
2016-01-04,0.0,0.5,0.0,0.0,0.5,0.0,0.0,0.0
2016-01-05,0.0,0.49478758010205054,0.0,0.0,0.5052124198979495,0.0,0.0,0.0
2016-01-06,0.0,0.49306084214637175,0.0,0.0,0.5069391578536283,0.0,0.0,0.0
2016-01-07,0.0,0.4900270114246645,0.0,0.0,0.5099729885753356,0.0,0.0,0.0
2016-01-08,0.0,0.49133399734913247,0.0,0.0,0.5086660026508677,0.0,0.0,0.0
2016-01-11,0.0,0.4906860631206081,0.0,0.0,0.5093139368793919,0.0,0.0,0.0
2016-01-12,0.0,0.49524236252929776,0.0,0.0,0.5047576374707023,0.0,0.0,0.0
2016-01-13,0.0,0.4900811651171431,0.0,0.0,0.5099188348828567,0.0,0.0,0.0
2016-01-14,0.0,0.4959386449838302,0.0,0.0,0.5040613550161698,0.0,0.0,0.0
2016-01-15,0.0,0.4897721414799895,0.0,0.0,0.5102278585200105,0.0,0.0,0.0
2016-01-19,0.0,0.4889975764620123,0.0,0.0,0.5110024235379877,0.0,0.0,0.0
2016-01-20,0.0,0.49503283323175645,0.0,0.0,0.5049671667682436,0.0,0.0,0.0
2016-01-21,0.0,0.4938984355935585,0.0,0.0,0.5061015644064414,0.0,0.0,0.0
2016-01-22,0.0,0.4941678985875045,0.0,0.0,0.5058321014124956,0.0,0.0,0.0
2016-01-25,0.0,0.4920058228702315,0.0,0.0,0.5079941771297686,0.0,0.0,0.0
2016-01-26,0.0,0.4890655996982434,0.0,0.0,0.5109344003017565,0.0,0.0,0.0
2016-01-27,0.0,0.4876435146742985,0.0,0.0,0.5123564853257014,0.0,0.0,0.0
2016-01-28,0.0,0.49306102494954024,0.0,0.0,0.5069389750504598,0.0,0.0,0.0
2016-01-29,0.0,0.4931434545374029,0.0,0.0,0.5068565454625971,0.0,0.0,0.0
2016-02-01,0.5,0.5,0.0,0.0,0.0,0.0,0.0,0.0
2016-02-02,0.500924225647139,0.499075774352861,0.0,0.0,0.0,0.0,0.0,0.0
2016-02-03,0.5036204887865331,0.4963795112134668,0.0,0.0,0.0,0.0,0.0,0.0
2016-02-04,0.5040367039810989,0.495963296018901,0.0,0.0,0.0,0.0,0.0,0.0
2016-02-05,0.508063727076371,0.49193627292362885,0.0,0.0,0.0,0.0,0.0,0.0
2016-02-08,0.5085269115711827,0.49147308842881726,0.0,0.0,0.0,0.0,0.0,0.0
2016-02-09,0.5093175886092733,0.4906824113907267,0.0,0.0,0.0,0.0,0.0,0.0
2016-02-10,0.5081436074057183,0.49185639259428166,0.0,0.0,0.0,0.0,0.0,0.0
2016-02-11,0.5052330454740169,0.49476695452598307,0.0,0.0,0.0,0.0,0.0,0.0
2016-02-12,0.5065570728598598,0.49344292714014026,0.0,0.0,0.0,0.0,0.0,0.0
2016-02-16,0.5051676103415735,0.4948323896584264,0.0,0.0,0.0,0.0,0.0,0.0
2016-02-17,0.5036196370549235,0.49638036294507637,0.0,0.0,0.0,0.0,0.0,0.0
2016-02-18,0.5054633152612815,0.4945366847387185,0.0,0.0,0.0,0.0,0.0,0.0
2016-02-19,0.504607318635312,0.495392681364688,0.0,0.0,0.0,0.0,0.0,0.0
2016-02-22,0.5041749161040956,0.4958250838959044,0.0,0.0,0.0,0.0,0.0,0.0
2016-02-23,0.5051466508113163,0.49485334918868384,0.0,0.0,0.0,0.0,0.0,0.0
2016-02-24,0.5039120266734864,0.4960879733265135,0.0,0.0,0.0,0.0,0.0,0.0
2016-02-25,0.5044717441501061,0.49552825584989385,0.0,0.0,0.0,0.0,0.0,0.0
2016-02-26,0.5042096824773178,0.49579031752268216,0.0,0.0,0.0,0.0,0.0,0.0
2016-02-29,0.5044994202565937,0.49550057974340644,0.0,0.0,0.0,0.0,0.0,0.0
2016-03-01,0.0,0.0,0.0,0.0,0.0,0.5,0.5,0.0
2016-03-02,0.0,0.0,0.0,0.0,0.0,0.5008947413783346,0.49910525862166544,0.0
2016-03-03,0.0,0.0,0.0,0.0,0.0,0.5042665513355767,0.4957334486644233,0.0
2016-03-04,0.0,0.0,0.0,0.0,0.0,0.505481040727793,0.49451895927220707,0.0
2016-03-07,0.0,0.0,0.0,0.0,0.0,0.5067999078781767,0.4932000921218232,0.0
2016-03-08,0.0,0.0,0.0,0.0,0.0,0.5028956904768661,0.4971043095231338,0.0
2016-03-09,0.0,0.0,0.0,0.0,0.0,0.502337839695569,0.497662160304431,0.0
2016-03-10,0.0,0.0,0.0,0.0,0.0,0.5073473235566228,0.49265267644337735,0.0
2016-03-11,0.0,0.0,0.0,0.0,0.0,0.5055485213021617,0.49445147869783823,0.0
2016-03-14,0.0,0.0,0.0,0.0,0.0,0.5015197003112759,0.49848029968872415,0.0
2016-03-15,0.0,0.0,0.0,0.0,0.0,0.5014758111583832,0.49852418884161664,0.0
2016-03-16,0.0,0.0,0.0,0.0,0.0,0.5062463581762428,0.49375364182375736,0.0
2016-03-17,0.0,0.0,0.0,0.0,0.0,0.5042604408411017,0.4957395591588984,0.0
2016-03-18,0.0,0.0,0.0,0.0,0.0,0.5030490393573531,0.496950960642647,0.0
2016-03-21,0.0,0.0,0.0,0.0,0.0,0.5032150451355856,0.4967849548644144,0.0
2016-03-22,0.0,0.0,0.0,0.0,0.0,0.5040080435526803,0.49599195644731975,0.0
2016-03-23,0.0,0.0,0.0,0.0,0.0,0.4954705772917908,0.5045294227082091,0.0
2016-03-24,0.0,0.0,0.0,0.0,0.0,0.49477308416056703,0.505226915839433,0.0
2016-03-28,0.0,0.0,0.0,0.0,0.0,0.495024708332785,0.5049752916672149,0.0
2016-03-29,0.0,0.0,0.0,0.0,0.0,0.4970058082594012,0.5029941917405988,0.0
2016-03-30,0.0,0.0,0.0,0.0,0.0,0.4961329030708244,0.5038670969291756,0.0
2016-03-31,0.0,0.0,0.0,0.0,0.0,0.49551604508233266,0.5044839549176674,0.0
2016-04-01,0.0,0.5,0.0,0.0,0.5,0.0,0.0,0.0
2016-04-04,0.0,0.49940551379811265,0.0,0.0,0.5005944862018873,0.0,0.0,0.0
2016-04-05,0.0,0.4986342430430601,0.0,0.0,0.5013657569569397,0.0,0.0,0.0
2016-04-06,0.0,0.5021092119986326,0.0,0.0,0.49789078800136743,0.0,0.0,0.0
2016-04-07,0.0,0.5000584420294386,0.0,0.0,0.49994155797056133,0.0,0.0,0.0
2016-04-08,0.0,0.49848834360073035,0.0,0.0,0.5015116563992698,0.0,0.0,0.0
2016-04-11,0.0,0.49808082771786744,0.0,0.0,0.5019191722821326,0.0,0.0,0.0
2016-04-12,0.0,0.49836582279317476,0.0,0.0,0.5016341772068251,0.0,0.0,0.0
2016-04-13,0.0,0.5026507189341557,0.0,0.0,0.49734928106584425,0.0,0.0,0.0
2016-04-14,0.0,0.5040589841767026,0.0,0.0,0.4959410158232975,0.0,0.0,0.0
2016-04-15,0.0,0.5015612442749823,0.0,0.0,0.4984387557250177,0.0,0.0,0.0
2016-04-18,0.0,0.5016943653537217,0.0,0.0,0.49830563464627814,0.0,0.0,0.0
2016-04-19,0.0,0.5000420682157436,0.0,0.0,0.4999579317842564,0.0,0.0,0.0
2016-04-20,0.0,0.5045168417049637,0.0,0.0,0.49548315829503625,0.0,0.0,0.0
2016-04-21,0.0,0.5090387820524221,0.0,0.0,0.4909612179475779,0.0,0.0,0.0
2016-04-22,0.0,0.5025342222395174,0.0,0.0,0.4974657777604827,0.0,0.0,0.0
2016-04-25,0.0,0.5004648001649168,0.0,0.0,0.49953519983508327,0.0,0.0,0.0
2016-04-26,0.0,0.4982781386513964,0.0,0.0,0.5017218613486036,0.0,0.0,0.0
2016-04-27,0.0,0.49641549660832485,0.0,0.0,0.5035845033916752,0.0,0.0,0.0
2016-04-28,0.0,0.49389035382215263,0.0,0.0,0.5061096461778475,0.0,0.0,0.0
2016-04-29,0.0,0.49488063177068387,0.0,0.0,0.505119368229316,0.0,0.0,0.0
2016-05-02,0.0,0.0,0.0,0.0,0.5,0.5,0.0,0.0
2016-05-03,0.0,0.0,0.0,0.0,0.5009594070116133,0.4990405929883867,0.0,0.0
2016-05-04,0.0,0.0,0.0,0.0,0.5060377408702963,0.49396225912970376,0.0,0.0
2016-05-05,0.0,0.0,0.0,0.0,0.5070338611044667,0.49296613889553337,0.0,0.0
2016-05-06,0.0,0.0,0.0,0.0,0.5075020481690573,0.49249795183094275,0.0,0.0
2016-05-09,0.0,0.0,0.0,0.0,0.5154167287140738,0.48458327128592615,0.0,0.0
2016-05-10,0.0,0.0,0.0,0.0,0.5147055255038285,0.48529447449617147,0.0,0.0
2016-05-11,0.0,0.0,0.0,0.0,0.506961041182696,0.4930389588173041,0.0,0.0
2016-05-12,0.0,0.0,0.0,0.0,0.5103756974860104,0.48962430251398964,0.0,0.0
2016-05-13,0.0,0.0,0.0,0.0,0.5070033765533118,0.4929966234466882,0.0,0.0
2016-05-16,0.0,0.0,0.0,0.0,0.5091764717398553,0.4908235282601447,0.0,0.0
2016-05-17,0.0,0.0,0.0,0.0,0.5036372100423238,0.49636278995767624,0.0,0.0
2016-05-18,0.0,0.0,0.0,0.0,0.5040640762747058,0.49593592372529416,0.0,0.0
2016-05-19,0.0,0.0,0.0,0.0,0.5017333228742864,0.49826667712571354,0.0,0.0
2016-05-20,0.0,0.0,0.0,0.0,0.5040557702321438,0.4959442297678562,0.0,0.0
2016-05-23,0.0,0.0,0.0,0.0,0.5047973292280312,0.49520267077196883,0.0,0.0
2016-05-24,0.0,0.0,0.0,0.0,0.512256887924011,0.4877431120759891,0.0,0.0
2016-05-25,0.0,0.0,0.0,0.0,0.5129393974907936,0.48706060250920646,0.0,0.0
2016-05-26,0.0,0.0,0.0,0.0,0.5142758629221044,0.48572413707789575,0.0,0.0
2016-05-27,0.0,0.0,0.0,0.0,0.5176876283110814,0.4823123716889186,0.0,0.0
2016-05-31,0.0,0.0,0.0,0.0,0.5167092075709732,0.4832907924290268,0.0,0.0
2016-06-01,0.0,0.0,0.0,0.0,0.5,0.0,0.5,0.0
2016-06-02,0.0,0.0,0.0,0.0,0.4994852481756699,0.0,0.5005147518243301,0.0
2016-06-03,0.0,0.0,0.0,0.0,0.4969592375041042,0.0,0.5030407624958958,0.0
2016-06-06,0.0,0.0,0.0,0.0,0.4968933545889911,0.0,0.5031066454110088,0.0
2016-06-07,0.0,0.0,0.0,0.0,0.49780516859008683,0.0,0.5021948314099133,0.0
2016-06-08,0.0,0.0,0.0,0.0,0.4980646651412856,0.0,0.5019353348587144,0.0
2016-06-09,0.0,0.0,0.0,0.0,0.49701526123810863,0.0,0.5029847387618914,0.0
2016-06-10,0.0,0.0,0.0,0.0,0.4946290011663218,0.0,0.5053709988336782,0.0
2016-06-13,0.0,0.0,0.0,0.0,0.49357768706888083,0.0,0.5064223129311192,0.0
2016-06-14,0.0,0.0,0.0,0.0,0.4931125186059441,0.0,0.5068874813940559,0.0
2016-06-15,0.0,0.0,0.0,0.0,0.49450898953976846,0.0,0.5054910104602315,0.0
2016-06-16,0.0,0.0,0.0,0.0,0.4946996092018488,0.0,0.5053003907981513,0.0
2016-06-17,0.0,0.0,0.0,0.0,0.49585317899784415,0.0,0.5041468210021558,0.0
2016-06-20,0.0,0.0,0.0,0.0,0.4988908169854632,0.0,0.5011091830145369,0.0
2016-06-21,0.0,0.0,0.0,0.0,0.5009999860468897,0.0,0.4990000139531102,0.0
2016-06-22,0.0,0.0,0.0,0.0,0.5002073015175521,0.0,0.4997926984824479,0.0
2016-06-23,0.0,0.0,0.0,0.0,0.5043419465044544,0.0,0.4956580534955456,0.0
2016-06-24,0.0,0.0,0.0,0.0,0.4954897970235698,0.0,0.5045102029764302,0.0
2016-06-27,0.0,0.0,0.0,0.0,0.4895029284345483,0.0,0.5104970715654518,0.0
2016-06-28,0.0,0.0,0.0,0.0,0.4941961110874039,0.0,0.5058038889125961,0.0
2016-06-29,0.0,0.0,0.0,0.0,0.4991305672215237,0.0,0.5008694327784762,0.0
2016-06-30,0.0,0.0,0.0,0.0,0.5007898859364204,0.0,0.49921011406357957,0.0
2016-07-01,0.0,0.0,0.0,0.0,0.5,0.0,0.5,0.0
2016-07-05,0.0,0.0,0.0,0.0,0.49963644903023285,0.0,0.5003635509697671,0.0
2016-07-06,0.0,0.0,0.0,0.0,0.49814317321823426,0.0,0.5018568267817657,0.0
2016-07-07,0.0,0.0,0.0,0.0,0.495571644283444,0.0,0.504428355716556,0.0
2016-07-08,0.0,0.0,0.0,0.0,0.4977499873018441,0.0,0.5022500126981558,0.0
2016-07-11,0.0,0.0,0.0,0.0,0.5016179491642672,0.0,0.49838205083573295,0.0
2016-07-12,0.0,0.0,0.0,0.0,0.5057342941788557,0.0,0.4942657058211443,0.0
2016-07-13,0.0,0.0,0.0,0.0,0.5041841850039036,0.0,0.49581581499609634,0.0
2016-07-14,0.0,0.0,0.0,0.0,0.5056083745410894,0.0,0.4943916254589106,0.0
2016-07-15,0.0,0.0,0.0,0.0,0.5078498606085393,0.0,0.4921501393914607,0.0
2016-07-18,0.0,0.0,0.0,0.0,0.5087495334701396,0.0,0.49125046652986026,0.0
2016-07-19,0.0,0.0,0.0,0.0,0.5085577166101397,0.0,0.4914422833898603,0.0
2016-07-20,0.0,0.0,0.0,0.0,0.5099550108958308,0.0,0.4900449891041691,0.0
2016-07-21,0.0,0.0,0.0,0.0,0.509944470935874,0.0,0.4900555290641259,0.0
2016-07-22,0.0,0.0,0.0,0.0,0.5116996703180784,0.0,0.48830032968192166,0.0
2016-07-25,0.0,0.0,0.0,0.0,0.5114163791877224,0.0,0.48858362081227763,0.0
2016-07-26,0.0,0.0,0.0,0.0,0.5097899153105754,0.0,0.4902100846894245,0.0
2016-07-27,0.0,0.0,0.0,0.0,0.5047421936132095,0.0,0.49525780638679057,0.0
2016-07-28,0.0,0.0,0.0,0.0,0.5075152958815381,0.0,0.49248470411846185,0.0
2016-07-29,0.0,0.0,0.0,0.0,0.5085967775154525,0.0,0.4914032224845475,0.0
2016-08-01,0.0,0.0,0.0,0.0,0.5,0.5,0.0,0.0
2016-08-02,0.0,0.0,0.0,0.0,0.49395138241152337,0.5060486175884766,0.0,0.0
2016-08-03,0.0,0.0,0.0,0.0,0.49368652235976884,0.5063134776402312,0.0,0.0
2016-08-04,0.0,0.0,0.0,0.0,0.49224032024452885,0.5077596797554712,0.0,0.0
2016-08-05,0.0,0.0,0.0,0.0,0.49691222194236034,0.5030877780576396,0.0,0.0
2016-08-08,0.0,0.0,0.0,0.0,0.49757039965053784,0.502429600349462,0.0,0.0
2016-08-09,0.0,0.0,0.0,0.0,0.4979024693290944,0.5020975306709057,0.0,0.0
2016-08-10,0.0,0.0,0.0,0.0,0.4964579569165881,0.5035420430834119,0.0,0.0
2016-08-11,0.0,0.0,0.0,0.0,0.4953452654864301,0.5046547345135698,0.0,0.0
2016-08-12,0.0,0.0,0.0,0.0,0.49692958032201767,0.5030704196779824,0.0,0.0
2016-08-15,0.0,0.0,0.0,0.0,0.49581817851499715,0.5041818214850028,0.0,0.0
2016-08-16,0.0,0.0,0.0,0.0,0.4915763907008981,0.5084236092991019,0.0,0.0
2016-08-17,0.0,0.0,0.0,0.0,0.49252636779315967,0.5074736322068403,0.0,0.0
2016-08-18,0.0,0.0,0.0,0.0,0.49041866947455315,0.509581330525447,0.0,0.0
2016-08-19,0.0,0.0,0.0,0.0,0.4910310047819683,0.5089689952180317,0.0,0.0
2016-08-22,0.0,0.0,0.0,0.0,0.4927540043631247,0.5072459956368753,0.0,0.0
2016-08-23,0.0,0.0,0.0,0.0,0.49293351892324694,0.507066481076753,0.0,0.0
2016-08-24,0.0,0.0,0.0,0.0,0.4946302124333636,0.5053697875666364,0.0,0.0
2016-08-25,0.0,0.0,0.0,0.0,0.49597311997669663,0.5040268800233034,0.0,0.0
2016-08-26,0.0,0.0,0.0,0.0,0.4938476843955036,0.5061523156044964,0.0,0.0
2016-08-29,0.0,0.0,0.0,0.0,0.4958065134844739,0.5041934865155261,0.0,0.0
2016-08-30,0.0,0.0,0.0,0.0,0.49785537501241844,0.5021446249875815,0.0,0.0
2016-08-31,0.0,0.0,0.0,0.0,0.4986086409435542,0.5013913590564458,0.0,0.0
2016-09-01,0.0,0.0,0.0,0.0,0.5,0.0,0.5,0.0
2016-09-02,0.0,0.0,0.0,0.0,0.5042069407629086,0.0,0.4957930592370913,0.0
2016-09-06,0.0,0.0,0.0,0.0,0.5043116850480611,0.0,0.49568831495193877,0.0
2016-09-07,0.0,0.0,0.0,0.0,0.505982679676773,0.0,0.4940173203232269,0.0
2016-09-08,0.0,0.0,0.0,0.0,0.506061063318563,0.0,0.49393893668143707,0.0
2016-09-09,0.0,0.0,0.0,0.0,0.5001120562160523,0.0,0.4998879437839479,0.0
2016-09-12,0.0,0.0,0.0,0.0,0.5029275749033073,0.0,0.4970724250966928,0.0
2016-09-13,0.0,0.0,0.0,0.0,0.4994267071779748,0.0,0.500573292822025,0.0
2016-09-14,0.0,0.0,0.0,0.0,0.4998529283812848,0.0,0.5001470716187153,0.0
2016-09-15,0.0,0.0,0.0,0.0,0.5018791929090367,0.0,0.49812080709096346,0.0
2016-09-16,0.0,0.0,0.0,0.0,0.49998499216896625,0.0,0.5000150078310338,0.0
2016-09-19,0.0,0.0,0.0,0.0,0.5030579299509708,0.0,0.49694207004902924,0.0
2016-09-20,0.0,0.0,0.0,0.0,0.5018054428025204,0.0,0.4981945571974796,0.0
2016-09-21,0.0,0.0,0.0,0.0,0.5029835326032538,0.0,0.49701646739674615,0.0
2016-09-22,0.0,0.0,0.0,0.0,0.5054333795285445,0.0,0.4945666204714555,0.0
2016-09-23,0.0,0.0,0.0,0.0,0.5064343106539371,0.0,0.493565689346063,0.0
2016-09-26,0.0,0.0,0.0,0.0,0.5054420614945128,0.0,0.4945579385054872,0.0
2016-09-27,0.0,0.0,0.0,0.0,0.5009528505538595,0.0,0.4990471494461404,0.0
2016-09-28,0.0,0.0,0.0,0.0,0.503535964479041,0.0,0.4964640355209589,0.0
2016-09-29,0.0,0.0,0.0,0.0,0.4995494187248752,0.0,0.5004505812751248,0.0
2016-09-30,0.0,0.0,0.0,0.0,0.5000704167606527,0.0,0.49992958323934716,0.0
2016-10-03,0.0,0.0,0.0,0.0,0.5,0.5,0.0,0.0
2016-10-04,0.0,0.0,0.0,0.0,0.5054013818363152,0.4945986181636849,0.0,0.0
2016-10-05,0.0,0.0,0.0,0.0,0.5006806884276185,0.4993193115723815,0.0,0.0
2016-10-06,0.0,0.0,0.0,0.0,0.5031009305285798,0.49689906947142004,0.0,0.0
2016-10-07,0.0,0.0,0.0,0.0,0.5025081232417534,0.49749187675824663,0.0,0.0
2016-10-10,0.0,0.0,0.0,0.0,0.5031799628368774,0.4968200371631227,0.0,0.0
2016-10-11,0.0,0.0,0.0,0.0,0.5020210993581361,0.49797890064186395,0.0,0.0
2016-10-12,0.0,0.0,0.0,0.0,0.5044782555709383,0.49552174442906166,0.0,0.0
2016-10-13,0.0,0.0,0.0,0.0,0.5058282391013899,0.4941717608986102,0.0,0.0
2016-10-14,0.0,0.0,0.0,0.0,0.5061167595868907,0.4938832404131093,0.0,0.0
2016-10-17,0.0,0.0,0.0,0.0,0.505988489574862,0.494011510425138,0.0,0.0
2016-10-18,0.0,0.0,0.0,0.0,0.5060338197406633,0.49396618025933653,0.0,0.0
2016-10-19,0.0,0.0,0.0,0.0,0.5051419698627293,0.4948580301372707,0.0,0.0
2016-10-20,0.0,0.0,0.0,0.0,0.5053405826841129,0.4946594173158871,0.0,0.0
2016-10-21,0.0,0.0,0.0,0.0,0.504227692106086,0.49577230789391413,0.0,0.0
2016-10-24,0.0,0.0,0.0,0.0,0.5053552334307909,0.49464476656920914,0.0,0.0
2016-10-25,0.0,0.0,0.0,0.0,0.5030267978863476,0.4969732021136523,0.0,0.0
2016-10-26,0.0,0.0,0.0,0.0,0.5011458141364388,0.4988541858635611,0.0,0.0
2016-10-27,0.0,0.0,0.0,0.0,0.4940518957690874,0.5059481042309126,0.0,0.0
2016-10-28,0.0,0.0,0.0,0.0,0.4934682442943346,0.5065317557056653,0.0,0.0
2016-10-31,0.0,0.0,0.0,0.0,0.4967668418708225,0.5032331581291776,0.0,0.0
2016-11-01,0.0,0.0,0.0,0.0,0.0,0.5,0.5,0.0
2016-11-02,0.0,0.0,0.0,0.0,0.0,0.5007612871098729,0.4992387128901272,0.0
2016-11-03,0.0,0.0,0.0,0.0,0.0,0.5040186759631842,0.49598132403681594,0.0
2016-11-04,0.0,0.0,0.0,0.0,0.0,0.501969534658487,0.49803046534151296,0.0
2016-11-07,0.0,0.0,0.0,0.0,0.0,0.49956103528183077,0.5004389647181692,0.0
2016-11-08,0.0,0.0,0.0,0.0,0.0,0.49953152858617667,0.5004684714138232,0.0
2016-11-09,0.0,0.0,0.0,0.0,0.0,0.5102052380899185,0.4897947619100815,0.0
2016-11-10,0.0,0.0,0.0,0.0,0.0,0.5101749676097767,0.4898250323902233,0.0
2016-11-11,0.0,0.0,0.0,0.0,0.0,0.5059911514737644,0.49400884852623556,0.0
2016-11-14,0.0,0.0,0.0,0.0,0.0,0.5053686937751899,0.49463130622481,0.0
2016-11-15,0.0,0.0,0.0,0.0,0.0,0.5063003072535391,0.4936996927464608,0.0
2016-11-16,0.0,0.0,0.0,0.0,0.0,0.5033066799227434,0.49669332007725664,0.0
2016-11-17,0.0,0.0,0.0,0.0,0.0,0.5057245371540875,0.4942754628459126,0.0
2016-11-18,0.0,0.0,0.0,0.0,0.0,0.5042429108558218,0.49575708914417804,0.0
2016-11-21,0.0,0.0,0.0,0.0,0.0,0.5045549384908704,0.49544506150912965,0.0
2016-11-22,0.0,0.0,0.0,0.0,0.0,0.504550858890042,0.4954491411099579,0.0
2016-11-23,0.0,0.0,0.0,0.0,0.0,0.5005182812276658,0.49948171877233405,0.0
2016-11-25,0.0,0.0,0.0,0.0,0.0,0.49872884143042207,0.5012711585695779,0.0
2016-11-28,0.0,0.0,0.0,0.0,0.0,0.4995219521414623,0.5004780478585376,0.0
2016-11-29,0.0,0.0,0.0,0.0,0.0,0.49730953479119994,0.5026904652088,0.0
2016-11-30,0.0,0.0,0.0,0.0,0.0,0.49801511094570017,0.5019848890542998,0.0
2016-12-01,0.0,0.0,0.5,0.0,0.0,0.5,0.0,0.0
2016-12-02,0.0,0.0,0.4985252106256817,0.0,0.0,0.5014747893743182,0.0,0.0
2016-12-05,0.0,0.0,0.5041269139341777,0.0,0.0,0.49587308606582226,0.0,0.0
2016-12-06,0.0,0.0,0.5070624561070871,0.0,0.0,0.49293754389291294,0.0,0.0
2016-12-07,0.0,0.0,0.508587726834776,0.0,0.0,0.4914122731652239,0.0,0.0
2016-12-08,0.0,0.0,0.5130736076638658,0.0,0.0,0.4869263923361343,0.0,0.0
2016-12-09,0.0,0.0,0.5161949208732499,0.0,0.0,0.48380507912675,0.0,0.0
2016-12-12,0.0,0.0,0.5125957321758593,0.0,0.0,0.4874042678241407,0.0,0.0
2016-12-13,0.0,0.0,0.5134494379303876,0.0,0.0,0.48655056206961256,0.0,0.0
2016-12-14,0.0,0.0,0.5139996735671384,0.0,0.0,0.48600032643286156,0.0,0.0
2016-12-15,0.0,0.0,0.5193015118293175,0.0,0.0,0.48069848817068256,0.0,0.0
2016-12-16,0.0,0.0,0.5171966460288374,0.0,0.0,0.4828033539711626,0.0,0.0
2016-12-19,0.0,0.0,0.5175817604741266,0.0,0.0,0.4824182395258734,0.0,0.0
2016-12-20,0.0,0.0,0.5215351893122939,0.0,0.0,0.4784648106877061,0.0,0.0
2016-12-21,0.0,0.0,0.5197627633922485,0.0,0.0,0.48023723660775147,0.0,0.0
2016-12-22,0.0,0.0,0.5182034394955826,0.0,0.0,0.48179656050441744,0.0,0.0
2016-12-23,0.0,0.0,0.5187405426336026,0.0,0.0,0.48125945736639736,0.0,0.0
2016-12-27,0.0,0.0,0.5184044065241141,0.0,0.0,0.4815955934758859,0.0,0.0
2016-12-28,0.0,0.0,0.5151438182542368,0.0,0.0,0.4848561817457633,0.0,0.0
2016-12-29,0.0,0.0,0.5121050876359784,0.0,0.0,0.48789491236402166,0.0,0.0
2016-12-30,0.0,0.0,0.5126887583695893,0.0,0.0,0.48731124163041073,0.0,0.0
2017-01-03,0.5,0.0,0.5,0.0,0.0,0.0,0.0,0.0
2017-01-04,0.4973481211644271,0.0,0.5026518788355728,0.0,0.0,0.0,0.0,0.0
2017-01-05,0.5000512557609056,0.0,0.49994874423909436,0.0,0.0,0.0,0.0,0.0
2017-01-06,0.5018636274648697,0.0,0.49813637253513027,0.0,0.0,0.0,0.0,0.0
2017-01-09,0.5026821188133884,0.0,0.4973178811866116,0.0,0.0,0.0,0.0,0.0
2017-01-10,0.5003011265945729,0.0,0.499698873405427,0.0,0.0,0.0,0.0,0.0
2017-01-11,0.5005661474091417,0.0,0.4994338525908584,0.0,0.0,0.0,0.0,0.0
2017-01-12,0.5018708475883854,0.0,0.49812915241161465,0.0,0.0,0.0,0.0,0.0
2017-01-13,0.50063954433739,0.0,0.49936045566260995,0.0,0.0,0.0,0.0,0.0
2017-01-17,0.5031745238517766,0.0,0.49682547614822337,0.0,0.0,0.0,0.0,0.0
2017-01-18,0.5029092988837184,0.0,0.49709070111628173,0.0,0.0,0.0,0.0,0.0
2017-01-19,0.5040291436266643,0.0,0.49597085637333566,0.0,0.0,0.0,0.0,0.0
2017-01-20,0.5036596474414218,0.0,0.4963403525585783,0.0,0.0,0.0,0.0,0.0
2017-01-23,0.50405179232934,0.0,0.49594820767066,0.0,0.0,0.0,0.0,0.0
2017-01-24,0.5018506030978528,0.0,0.4981493969021471,0.0,0.0,0.0,0.0,0.0
2017-01-25,0.5016619394611936,0.0,0.49833806053880636,0.0,0.0,0.0,0.0,0.0
2017-01-26,0.502404651986151,0.0,0.49759534801384897,0.0,0.0,0.0,0.0,0.0
2017-01-27,0.5028731522539187,0.0,0.4971268477460812,0.0,0.0,0.0,0.0,0.0
2017-01-30,0.5048300971453293,0.0,0.49516990285467055,0.0,0.0,0.0,0.0,0.0
2017-01-31,0.50306445034439,0.0,0.4969355496556101,0.0,0.0,0.0,0.0,0.0
2017-02-01,0.0,0.5,0.5,0.0,0.0,0.0,0.0,0.0
2017-02-02,0.0,0.5004103651893956,0.4995896348106045,0.0,0.0,0.0,0.0,0.0
2017-02-03,0.0,0.49733620220097474,0.5026637977990253,0.0,0.0,0.0,0.0,0.0
2017-02-06,0.0,0.4995228370487281,0.5004771629512719,0.0,0.0,0.0,0.0,0.0
2017-02-07,0.0,0.5015417835011128,0.4984582164988872,0.0,0.0,0.0,0.0,0.0
2017-02-08,0.0,0.5024011737811398,0.49759882621886015,0.0,0.0,0.0,0.0,0.0
2017-02-09,0.0,0.49981471959083373,0.5001852804091663,0.0,0.0,0.0,0.0,0.0
2017-02-10,0.0,0.49874834368652904,0.5012516563134708,0.0,0.0,0.0,0.0,0.0
2017-02-13,0.0,0.49950595453314284,0.5004940454668572,0.0,0.0,0.0,0.0,0.0
2017-02-14,0.0,0.4995134817644541,0.500486518235546,0.0,0.0,0.0,0.0,0.0
2017-02-15,0.0,0.49949646663087216,0.5005035333691279,0.0,0.0,0.0,0.0,0.0
2017-02-16,0.0,0.5001185767910257,0.49988142320897444,0.0,0.0,0.0,0.0,0.0
2017-02-17,0.0,0.5013610772396494,0.49863892276035066,0.0,0.0,0.0,0.0,0.0
2017-02-21,0.0,0.5006394826132562,0.4993605173867438,0.0,0.0,0.0,0.0,0.0
2017-02-22,0.0,0.5018432868909574,0.4981567131090427,0.0,0.0,0.0,0.0,0.0
2017-02-23,0.0,0.5023937542253772,0.4976062457746227,0.0,0.0,0.0,0.0,0.0
2017-02-24,0.0,0.5030542445694497,0.4969457554305503,0.0,0.0,0.0,0.0,0.0
2017-02-27,0.0,0.5009388132216741,0.4990611867783259,0.0,0.0,0.0,0.0,0.0
2017-02-28,0.0,0.504057945872662,0.4959420541273382,0.0,0.0,0.0,0.0,0.0
2017-03-01,0.0,0.5,0.5,0.0,0.0,0.0,0.0,0.0
2017-03-02,0.0,0.5016256910277468,0.49837430897225315,0.0,0.0,0.0,0.0,0.0
2017-03-03,0.0,0.5022643716475453,0.4977356283524547,0.0,0.0,0.0,0.0,0.0
2017-03-06,0.0,0.503429213199135,0.496570786800865,0.0,0.0,0.0,0.0,0.0
2017-03-07,0.0,0.5046472456322832,0.49535275436771675,0.0,0.0,0.0,0.0,0.0
2017-03-08,0.0,0.5067375081281829,0.493262491871817,0.0,0.0,0.0,0.0,0.0
2017-03-09,0.0,0.5079235592450839,0.4920764407549161,0.0,0.0,0.0,0.0,0.0
2017-03-10,0.0,0.5078666819063573,0.4921333180936425,0.0,0.0,0.0,0.0,0.0
2017-03-13,0.0,0.5076972248287986,0.4923027751712014,0.0,0.0,0.0,0.0,0.0
2017-03-14,0.0,0.5082836785174298,0.4917163214825701,0.0,0.0,0.0,0.0,0.0
2017-03-15,0.0,0.5059806937326307,0.4940193062673694,0.0,0.0,0.0,0.0,0.0
2017-03-16,0.0,0.5054839384179913,0.4945160615820087,0.0,0.0,0.0,0.0,0.0
2017-03-17,0.0,0.5044017309290435,0.4955982690709565,0.0,0.0,0.0,0.0,0.0
2017-03-20,0.0,0.5057149226625501,0.4942850773374499,0.0,0.0,0.0,0.0,0.0
2017-03-21,0.0,0.5090474670919168,0.49095253290808316,0.0,0.0,0.0,0.0,0.0
2017-03-22,0.0,0.5106798866229912,0.4893201133770089,0.0,0.0,0.0,0.0,0.0
2017-03-23,0.0,0.5085976339388053,0.4914023660611947,0.0,0.0,0.0,0.0,0.0
2017-03-24,0.0,0.508934383164717,0.491065616835283,0.0,0.0,0.0,0.0,0.0
2017-03-27,0.0,0.508871694361955,0.49112830563804505,0.0,0.0,0.0,0.0,0.0
2017-03-28,0.0,0.5084551631824212,0.49154483681757893,0.0,0.0,0.0,0.0,0.0
2017-03-29,0.0,0.5088020171569682,0.4911979828430318,0.0,0.0,0.0,0.0,0.0
2017-03-30,0.0,0.5073349194411002,0.4926650805588997,0.0,0.0,0.0,0.0,0.0
2017-03-31,0.0,0.5067647724697842,0.49323522753021576,0.0,0.0,0.0,0.0,0.0
2017-04-03,0.0,0.5,0.5,0.0,0.0,0.0,0.0,0.0
2017-04-04,0.0,0.5006906827541648,0.49930931724583516,0.0,0.0,0.0,0.0,0.0
2017-04-05,0.0,0.5025195808860562,0.49748041911394375,0.0,0.0,0.0,0.0,0.0
2017-04-06,0.0,0.500336648603433,0.4996633513965672,0.0,0.0,0.0,0.0,0.0
2017-04-07,0.0,0.5003147297381653,0.49968527026183485,0.0,0.0,0.0,0.0,0.0
2017-04-10,0.0,0.49985665350307357,0.5001433464969266,0.0,0.0,0.0,0.0,0.0
2017-04-11,0.0,0.4967948365175151,0.5032051634824848,0.0,0.0,0.0,0.0,0.0
2017-04-12,0.0,0.4992046993372378,0.5007953006627621,0.0,0.0,0.0,0.0,0.0
2017-04-13,0.0,0.5006654679688401,0.49933453203116,0.0,0.0,0.0,0.0,0.0
2017-04-17,0.0,0.4998092603999091,0.5001907396000909,0.0,0.0,0.0,0.0,0.0
2017-04-18,0.0,0.49937333146566004,0.50062666853434,0.0,0.0,0.0,0.0,0.0
2017-04-19,0.0,0.49890620269492236,0.5010937973050777,0.0,0.0,0.0,0.0,0.0
2017-04-20,0.0,0.4978239117924605,0.5021760882075395,0.0,0.0,0.0,0.0,0.0
2017-04-21,0.0,0.4983314605506131,0.501668539449387,0.0,0.0,0.0,0.0,0.0
2017-04-24,0.0,0.4982345668297549,0.501765433170245,0.0,0.0,0.0,0.0,0.0
2017-04-25,0.0,0.4976178491742774,0.5023821508257226,0.0,0.0,0.0,0.0,0.0
2017-04-26,0.0,0.4959861348356652,0.5040138651643347,0.0,0.0,0.0,0.0,0.0
2017-04-27,0.0,0.49755319595919445,0.5024468040408056,0.0,0.0,0.0,0.0,0.0
2017-04-28,0.0,0.501369729057853,0.498630270942147,0.0,0.0,0.0,0.0,0.0
2017-05-01,0.0,0.5,0.5,0.0,0.0,0.0,0.0,0.0
2017-05-02,0.0,0.5016911976269982,0.49830880237300185,0.0,0.0,0.0,0.0,0.0
2017-05-03,0.0,0.5024393080463482,0.49756069195365177,0.0,0.0,0.0,0.0,0.0
2017-05-04,0.0,0.5028741465947788,0.49712585340522136,0.0,0.0,0.0,0.0,0.0
2017-05-05,0.0,0.5021787507427058,0.4978212492572943,0.0,0.0,0.0,0.0,0.0
2017-05-08,0.0,0.5037688319101422,0.49623116808985773,0.0,0.0,0.0,0.0,0.0
2017-05-09,0.0,0.5047461704345173,0.49525382956548275,0.0,0.0,0.0,0.0,0.0
2017-05-10,0.0,0.5033416300538557,0.49665836994614415,0.0,0.0,0.0,0.0,0.0
2017-05-11,0.0,0.5048908124665464,0.4951091875334536,0.0,0.0,0.0,0.0,0.0
2017-05-12,0.0,0.5067740520380872,0.4932259479619126,0.0,0.0,0.0,0.0,0.0
2017-05-15,0.0,0.5056287429617021,0.4943712570382979,0.0,0.0,0.0,0.0,0.0
2017-05-16,0.0,0.5065791479418571,0.49342085205814296,0.0,0.0,0.0,0.0,0.0
2017-05-17,0.0,0.5069776572487195,0.4930223427512805,0.0,0.0,0.0,0.0,0.0
2017-05-18,0.0,0.5082476480047722,0.49175235199522777,0.0,0.0,0.0,0.0,0.0
2017-05-19,0.0,0.5081043604318733,0.49189563956812665,0.0,0.0,0.0,0.0,0.0
2017-05-22,0.0,0.5085142711805177,0.49148572881948216,0.0,0.0,0.0,0.0,0.0
2017-05-23,0.0,0.5079459907727653,0.49205400922723475,0.0,0.0,0.0,0.0,0.0
2017-05-24,0.0,0.5089292903353159,0.4910707096646841,0.0,0.0,0.0,0.0,0.0
2017-05-25,0.0,0.5108842604625818,0.4891157395374181,0.0,0.0,0.0,0.0,0.0
2017-05-26,0.0,0.5113996440064301,0.4886003559935698,0.0,0.0,0.0,0.0,0.0
2017-05-30,0.0,0.5135813894568404,0.4864186105431595,0.0,0.0,0.0,0.0,0.0
2017-05-31,0.0,0.5137494549597329,0.4862505450402671,0.0,0.0,0.0,0.0,0.0
2017-06-01,0.0,0.5,0.5,0.0,0.0,0.0,0.0,0.0
2017-06-02,0.0,0.5012251329144651,0.4987748670855348,0.0,0.0,0.0,0.0,0.0
2017-06-05,0.0,0.5027330047436175,0.4972669952563824,0.0,0.0,0.0,0.0,0.0
2017-06-06,0.0,0.5019714261139164,0.4980285738860835,0.0,0.0,0.0,0.0,0.0
2017-06-07,0.0,0.502715645998704,0.4972843540012959,0.0,0.0,0.0,0.0,0.0
2017-06-08,0.0,0.4995822236903282,0.5004177763096718,0.0,0.0,0.0,0.0,0.0
2017-06-09,0.0,0.4919600717360091,0.508039928263991,0.0,0.0,0.0,0.0,0.0
2017-06-12,0.0,0.4910236279320959,0.508976372067904,0.0,0.0,0.0,0.0,0.0
2017-06-13,0.0,0.49177426645760347,0.5082257335423965,0.0,0.0,0.0,0.0,0.0
2017-06-14,0.0,0.49216755804431295,0.5078324419556871,0.0,0.0,0.0,0.0,0.0
2017-06-15,0.0,0.4923334754115145,0.5076665245884855,0.0,0.0,0.0,0.0,0.0
2017-06-16,0.0,0.49186992019793885,0.5081300798020612,0.0,0.0,0.0,0.0,0.0
2017-06-19,0.0,0.49416735238181414,0.5058326476181859,0.0,0.0,0.0,0.0,0.0
2017-06-20,0.0,0.4947460328932791,0.505253967106721,0.0,0.0,0.0,0.0,0.0
2017-06-21,0.0,0.49783601536861377,0.5021639846313862,0.0,0.0,0.0,0.0,0.0
2017-06-22,0.0,0.49681659246388726,0.5031834075361126,0.0,0.0,0.0,0.0,0.0
2017-06-23,0.0,0.4961188799968791,0.5038811200031209,0.0,0.0,0.0,0.0,0.0
2017-06-26,0.0,0.49464649148520956,0.5053535085147906,0.0,0.0,0.0,0.0,0.0
2017-06-27,0.0,0.4922775345241104,0.5077224654758897,0.0,0.0,0.0,0.0,0.0
2017-06-28,0.0,0.4920594039818274,0.5079405960181725,0.0,0.0,0.0,0.0,0.0
2017-06-29,0.0,0.48916709771322747,0.5108329022867725,0.0,0.0,0.0,0.0,0.0
2017-06-30,0.0,0.48964778955194255,0.5103522104480575,0.0,0.0,0.0,0.0,0.0
2017-07-03,0.0,0.5,0.5,0.0,0.0,0.0,0.0,0.0
2017-07-05,0.0,0.5033465248060073,0.49665347519399283,0.0,0.0,0.0,0.0,0.0
2017-07-06,0.0,0.5043684843823063,0.49563151561769375,0.0,0.0,0.0,0.0,0.0
2017-07-07,0.0,0.504636394618287,0.4953636053817131,0.0,0.0,0.0,0.0,0.0
2017-07-10,0.0,0.507351906125254,0.492648093874746,0.0,0.0,0.0,0.0,0.0
2017-07-11,0.0,0.5073223471355022,0.4926776528644978,0.0,0.0,0.0,0.0,0.0
2017-07-12,0.0,0.5083541022289728,0.4916458977710272,0.0,0.0,0.0,0.0,0.0
2017-07-13,0.0,0.5086918423987339,0.49130815760126617,0.0,0.0,0.0,0.0,0.0
2017-07-14,0.0,0.5102281095117407,0.48977189048825936,0.0,0.0,0.0,0.0,0.0
2017-07-17,0.0,0.5097699025066206,0.49023009749337937,0.0,0.0,0.0,0.0,0.0
2017-07-18,0.0,0.5120854895061533,0.4879145104938469,0.0,0.0,0.0,0.0,0.0
2017-07-19,0.0,0.5110731897784478,0.48892681022155215,0.0,0.0,0.0,0.0,0.0
2017-07-20,0.0,0.5112282640375483,0.48877173596245166,0.0,0.0,0.0,0.0,0.0
2017-07-21,0.0,0.512260854018262,0.487739145981738,0.0,0.0,0.0,0.0,0.0
2017-07-24,0.0,0.5130523217731575,0.4869476782268426,0.0,0.0,0.0,0.0,0.0
2017-07-25,0.0,0.5101477074898808,0.4898522925101193,0.0,0.0,0.0,0.0,0.0
2017-07-26,0.0,0.5123513647248961,0.48764863527510405,0.0,0.0,0.0,0.0,0.0
2017-07-27,0.0,0.5123691865992904,0.4876308134007096,0.0,0.0,0.0,0.0,0.0
2017-07-28,0.0,0.5128286363876347,0.4871713636123654,0.0,0.0,0.0,0.0,0.0
2017-07-31,0.0,0.5125601084115632,0.4874398915884369,0.0,0.0,0.0,0.0,0.0
2017-08-01,0.0,0.5,0.5,0.0,0.0,0.0,0.0,0.0
2017-08-02,0.0,0.5034262938164855,0.4965737061835146,0.0,0.0,0.0,0.0,0.0
2017-08-03,0.0,0.5037030974720149,0.496296902527985,0.0,0.0,0.0,0.0,0.0
2017-08-04,0.0,0.5029404059486322,0.4970595940513677,0.0,0.0,0.0,0.0,0.0
2017-08-07,0.0,0.5041093676390695,0.49589063236093045,0.0,0.0,0.0,0.0,0.0
2017-08-08,0.0,0.5044611699212057,0.4955388300787944,0.0,0.0,0.0,0.0,0.0
2017-08-09,0.0,0.5063015993214731,0.4936984006785269,0.0,0.0,0.0,0.0,0.0
2017-08-10,0.0,0.5054641966091025,0.4945358033908974,0.0,0.0,0.0,0.0,0.0
2017-08-11,0.0,0.5069870203143,0.49301297968570007,0.0,0.0,0.0,0.0,0.0
2017-08-14,0.0,0.5064224445753454,0.49357755542465453,0.0,0.0,0.0,0.0,0.0
2017-08-15,0.0,0.5086613363728948,0.49133866362710527,0.0,0.0,0.0,0.0,0.0
2017-08-16,0.0,0.5090220605282214,0.4909779394717785,0.0,0.0,0.0,0.0,0.0
2017-08-17,0.0,0.5084653772386706,0.4915346227613294,0.0,0.0,0.0,0.0,0.0
2017-08-18,0.0,0.5083071453781602,0.49169285462183976,0.0,0.0,0.0,0.0,0.0
2017-08-21,0.0,0.5081551587787841,0.4918448412212159,0.0,0.0,0.0,0.0,0.0
2017-08-22,0.0,0.5092439499085081,0.49075605009149176,0.0,0.0,0.0,0.0,0.0
2017-08-23,0.0,0.5087561613415023,0.49124383865849786,0.0,0.0,0.0,0.0,0.0
2017-08-24,0.0,0.5072492508784606,0.49275074912153943,0.0,0.0,0.0,0.0,0.0
2017-08-25,0.0,0.5060083919124924,0.49399160808750764,0.0,0.0,0.0,0.0,0.0
2017-08-28,0.0,0.5057248680914088,0.49427513190859107,0.0,0.0,0.0,0.0,0.0
2017-08-29,0.0,0.5066512993618764,0.49334870063812364,0.0,0.0,0.0,0.0,0.0
2017-08-30,0.0,0.5079765810857716,0.4920234189142284,0.0,0.0,0.0,0.0,0.0
2017-08-31,0.0,0.5081960976376024,0.49180390236239774,0.0,0.0,0.0,0.0,0.0
2017-09-01,0.0,0.5,0.0,0.5,0.0,0.0,0.0,0.0
2017-09-05,0.0,0.4994317888980711,0.0,0.5005682111019291,0.0,0.0,0.0,0.0
2017-09-06,0.0,0.4986551467193206,0.0,0.5013448532806792,0.0,0.0,0.0,0.0
2017-09-07,0.0,0.49719476222745634,0.0,0.5028052377725436,0.0,0.0,0.0,0.0
2017-09-08,0.0,0.49498308437038513,0.0,0.5050169156296149,0.0,0.0,0.0,0.0
2017-09-11,0.0,0.49588924288071656,0.0,0.5041107571192835,0.0,0.0,0.0,0.0
2017-09-12,0.0,0.4957180088304763,0.0,0.5042819911695238,0.0,0.0,0.0,0.0
2017-09-13,0.0,0.49741869955683127,0.0,0.5025813004431686,0.0,0.0,0.0,0.0
2017-09-14,0.0,0.49550441750043006,0.0,0.5044955824995698,0.0,0.0,0.0,0.0
2017-09-15,0.0,0.4961412082336011,0.0,0.5038587917663989,0.0,0.0,0.0,0.0
2017-09-18,0.0,0.4954829979032337,0.0,0.5045170020967663,0.0,0.0,0.0,0.0
2017-09-19,0.0,0.49474103477282116,0.0,0.5052589652271788,0.0,0.0,0.0,0.0
2017-09-20,0.0,0.49451658522207476,0.0,0.5054834147779252,0.0,0.0,0.0,0.0
2017-09-21,0.0,0.4934940397526807,0.0,0.5065059602473194,0.0,0.0,0.0,0.0
2017-09-22,0.0,0.49248292420661716,0.0,0.5075170757933828,0.0,0.0,0.0,0.0
2017-09-25,0.0,0.4912659826885418,0.0,0.5087340173114581,0.0,0.0,0.0,0.0
2017-09-26,0.0,0.4924646780282704,0.0,0.5075353219717297,0.0,0.0,0.0,0.0
2017-09-27,0.0,0.49452264135172064,0.0,0.5054773586482794,0.0,0.0,0.0,0.0
2017-09-28,0.0,0.49377428309285515,0.0,0.5062257169071449,0.0,0.0,0.0,0.0
2017-09-29,0.0,0.49410364360653,0.0,0.5058963563934699,0.0,0.0,0.0,0.0
2017-10-02,0.0,0.5,0.5,0.0,0.0,0.0,0.0,0.0
2017-10-03,0.0,0.4999823757253754,0.5000176242746247,0.0,0.0,0.0,0.0,0.0
2017-10-04,0.0,0.5010217134291046,0.49897828657089555,0.0,0.0,0.0,0.0,0.0
2017-10-05,0.0,0.5027748157640658,0.4972251842359341,0.0,0.0,0.0,0.0,0.0
2017-10-06,0.0,0.5034632287556621,0.49653677124433787,0.0,0.0,0.0,0.0,0.0
2017-10-09,0.0,0.5042105064294963,0.4957894935705036,0.0,0.0,0.0,0.0,0.0
2017-10-10,0.0,0.50367847227807,0.4963215277219299,0.0,0.0,0.0,0.0,0.0
2017-10-11,0.0,0.5046060752288769,0.4953939247711231,0.0,0.0,0.0,0.0,0.0
2017-10-12,0.0,0.5043335109928381,0.49566648900716204,0.0,0.0,0.0,0.0,0.0
2017-10-13,0.0,0.5057472740139631,0.4942527259860368,0.0,0.0,0.0,0.0,0.0
2017-10-16,0.0,0.5068228544475016,0.4931771455524985,0.0,0.0,0.0,0.0,0.0
2017-10-17,0.0,0.507862774240754,0.49213722575924607,0.0,0.0,0.0,0.0,0.0
2017-10-18,0.0,0.5063710918581642,0.4936289081418357,0.0,0.0,0.0,0.0,0.0
2017-10-19,0.0,0.5058306174487069,0.494169382551293,0.0,0.0,0.0,0.0,0.0
2017-10-20,0.0,0.5053512182474031,0.4946487817525969,0.0,0.0,0.0,0.0,0.0
2017-10-23,0.0,0.5055890403857783,0.49441095961422166,0.0,0.0,0.0,0.0,0.0
2017-10-24,0.0,0.5054917701880409,0.4945082298119591,0.0,0.0,0.0,0.0,0.0
2017-10-25,0.0,0.5057535147771414,0.4942464852228587,0.0,0.0,0.0,0.0,0.0
2017-10-26,0.0,0.5044337840110774,0.4955662159889226,0.0,0.0,0.0,0.0,0.0
2017-10-27,0.0,0.5098845341306241,0.4901154658693759,0.0,0.0,0.0,0.0,0.0
2017-10-30,0.0,0.5130953497105996,0.4869046502894005,0.0,0.0,0.0,0.0,0.0
2017-10-31,0.0,0.5122692024439843,0.4877307975560156,0.0,0.0,0.0,0.0,0.0
2017-11-01,0.0,0.5,0.5,0.0,0.0,0.0,0.0,0.0
2017-11-02,0.0,0.49878207330173874,0.5012179266982614,0.0,0.0,0.0,0.0,0.0
2017-11-03,0.0,0.5013432937802762,0.4986567062197238,0.0,0.0,0.0,0.0,0.0
2017-11-06,0.0,0.5019041469790895,0.49809585302091053,0.0,0.0,0.0,0.0,0.0
2017-11-07,0.0,0.5050592495506329,0.49494075044936725,0.0,0.0,0.0,0.0,0.0
2017-11-08,0.0,0.5057244691814178,0.4942755308185822,0.0,0.0,0.0,0.0,0.0
2017-11-09,0.0,0.5052951683397449,0.4947048316602551,0.0,0.0,0.0,0.0,0.0
2017-11-10,0.0,0.5054663435598488,0.4945336564401512,0.0,0.0,0.0,0.0,0.0
2017-11-13,0.0,0.5057070327933797,0.4942929672066203,0.0,0.0,0.0,0.0,0.0
2017-11-14,0.0,0.5054783837857661,0.4945216162142339,0.0,0.0,0.0,0.0,0.0
2017-11-15,0.0,0.5052952320535453,0.4947047679464546,0.0,0.0,0.0,0.0,0.0
2017-11-16,0.0,0.5048231793273934,0.49517682067260654,0.0,0.0,0.0,0.0,0.0
2017-11-17,0.0,0.5027191776908919,0.49728082230910814,0.0,0.0,0.0,0.0,0.0
2017-11-20,0.0,0.5007121410041141,0.4992878589958859,0.0,0.0,0.0,0.0,0.0
2017-11-21,0.0,0.5008167567129738,0.4991832432870263,0.0,0.0,0.0,0.0,0.0
2017-11-22,0.0,0.5014531864670103,0.49854681353298963,0.0,0.0,0.0,0.0,0.0
2017-11-24,0.0,0.502267478450434,0.49773252154956615,0.0,0.0,0.0,0.0,0.0
2017-11-27,0.0,0.502918392820782,0.49708160717921795,0.0,0.0,0.0,0.0,0.0
2017-11-28,0.0,0.4996513646698822,0.5003486353301178,0.0,0.0,0.0,0.0,0.0
2017-11-29,0.0,0.4944218611436486,0.5055781388563514,0.0,0.0,0.0,0.0,0.0
2017-11-30,0.0,0.496053099184252,0.503946900815748,0.0,0.0,0.0,0.0,0.0
2017-12-01,0.0,0.5,0.0,0.5,0.0,0.0,0.0,0.0
2017-12-04,0.0,0.49799948107177977,0.0,0.5020005189282203,0.0,0.0,0.0,0.0
2017-12-05,0.0,0.49870267729988776,0.0,0.5012973227001122,0.0,0.0,0.0,0.0
2017-12-06,0.0,0.5003335979638369,0.0,0.4996664020361631,0.0,0.0,0.0,0.0
2017-12-07,0.0,0.5005305140780335,0.0,0.4994694859219665,0.0,0.0,0.0,0.0
2017-12-08,0.0,0.5003038639942304,0.0,0.49969613600576956,0.0,0.0,0.0,0.0
2017-12-11,0.0,0.5015920551718863,0.0,0.4984079448281137,0.0,0.0,0.0,0.0
2017-12-12,0.0,0.5009339742024637,0.0,0.4990660257975364,0.0,0.0,0.0,0.0
2017-12-13,0.0,0.5004544507517331,0.0,0.49954554924826705,0.0,0.0,0.0,0.0
2017-12-14,0.0,0.5016672364713094,0.0,0.49833276352869055,0.0,0.0,0.0,0.0
2017-12-15,0.0,0.5045611626417793,0.0,0.49543883735822075,0.0,0.0,0.0,0.0
2017-12-18,0.0,0.5037004244106817,0.0,0.4962995755893183,0.0,0.0,0.0,0.0
2017-12-19,0.0,0.5031335837251069,0.0,0.49686641627489325,0.0,0.0,0.0,0.0
2017-12-20,0.0,0.5032940431371431,0.0,0.4967059568628569,0.0,0.0,0.0,0.0
2017-12-21,0.0,0.5024304821089077,0.0,0.4975695178910922,0.0,0.0,0.0,0.0
2017-12-22,0.0,0.5015020249810347,0.0,0.49849797501896537,0.0,0.0,0.0,0.0
2017-12-26,0.0,0.5002194093846742,0.0,0.4997805906153257,0.0,0.0,0.0,0.0
2017-12-27,0.0,0.49978798705221816,0.0,0.5002120129477818,0.0,0.0,0.0,0.0
2017-12-28,0.0,0.49994894497526676,0.0,0.5000510550247333,0.0,0.0,0.0,0.0
2017-12-29,0.0,0.49821907743295313,0.0,0.5017809225670469,0.0,0.0,0.0,0.0
2018-01-02,0.0,0.5,0.0,0.5,0.0,0.0,0.0,0.0
2018-01-03,0.0,0.5012202772650545,0.0,0.4987797227349456,0.0,0.0,0.0,0.0
2018-01-04,0.0,0.49893226094782495,0.0,0.501067739052175,0.0,0.0,0.0,0.0
2018-01-05,0.0,0.5000446180972435,0.0,0.49995538190275646,0.0,0.0,0.0,0.0
2018-01-08,0.0,0.5010844586216467,0.0,0.49891554137835326,0.0,0.0,0.0,0.0
2018-01-09,0.0,0.5008234212319929,0.0,0.49917657876800714,0.0,0.0,0.0,0.0
2018-01-10,0.0,0.5007222128206444,0.0,0.4992777871793556,0.0,0.0,0.0,0.0
2018-01-11,0.0,0.500703863452244,0.0,0.4992961365477559,0.0,0.0,0.0,0.0
2018-01-12,0.0,0.5000389152403775,0.0,0.49996108475962253,0.0,0.0,0.0,0.0
2018-01-16,0.0,0.4995618162449576,0.0,0.5004381837550423,0.0,0.0,0.0,0.0
2018-01-17,0.0,0.5009547428157823,0.0,0.49904525718421766,0.0,0.0,0.0,0.0
2018-01-18,0.0,0.5013050165712927,0.0,0.4986949834287073,0.0,0.0,0.0,0.0
2018-01-19,0.0,0.5007012239860555,0.0,0.49929877601394446,0.0,0.0,0.0,0.0
2018-01-22,0.0,0.502084005560359,0.0,0.49791599443964085,0.0,0.0,0.0,0.0
2018-01-23,0.0,0.5033384589432144,0.0,0.49666154105678567,0.0,0.0,0.0,0.0
2018-01-24,0.0,0.5012765728129615,0.0,0.4987234271870386,0.0,0.0,0.0,0.0
2018-01-25,0.0,0.5021575223647083,0.0,0.4978424776352917,0.0,0.0,0.0,0.0
2018-01-26,0.0,0.5037573046889213,0.0,0.4962426953110788,0.0,0.0,0.0,0.0
2018-01-29,0.0,0.5048431921252238,0.0,0.49515680787477634,0.0,0.0,0.0,0.0
2018-01-30,0.0,0.5048646152333595,0.0,0.4951353847666406,0.0,0.0,0.0,0.0
2018-01-31,0.0,0.5062380253439211,0.0,0.4937619746560789,0.0,0.0,0.0,0.0
2018-02-01,0.0,0.5,0.0,0.5,0.0,0.0,0.0,0.0
2018-02-02,0.0,0.5000793154858626,0.0,0.4999206845141374,0.0,0.0,0.0,0.0
2018-02-05,0.0,0.500724473614479,0.0,0.499275526385521,0.0,0.0,0.0,0.0
2018-02-06,0.0,0.5023835326338497,0.0,0.4976164673661502,0.0,0.0,0.0,0.0
2018-02-07,0.0,0.5017872818387809,0.0,0.4982127181612193,0.0,0.0,0.0,0.0
2018-02-08,0.0,0.4976197733415708,0.0,0.5023802266584293,0.0,0.0,0.0,0.0
2018-02-09,0.0,0.5008409965893628,0.0,0.49915900341063724,0.0,0.0,0.0,0.0
2018-02-12,0.0,0.5014402920660458,0.0,0.49855970793395427,0.0,0.0,0.0,0.0
2018-02-13,0.0,0.5034824027744409,0.0,0.4965175972255592,0.0,0.0,0.0,0.0
2018-02-14,0.0,0.5037298997954212,0.0,0.49627010020457885,0.0,0.0,0.0,0.0
2018-02-15,0.0,0.5067760986545796,0.0,0.4932239013454204,0.0,0.0,0.0,0.0
2018-02-16,0.0,0.5045347948964465,0.0,0.49546520510355346,0.0,0.0,0.0,0.0
2018-02-20,0.0,0.5073903548780189,0.0,0.49260964512198113,0.0,0.0,0.0,0.0
2018-02-21,0.0,0.5078826175851219,0.0,0.4921173824148781,0.0,0.0,0.0,0.0
2018-02-22,0.0,0.5065422891547045,0.0,0.4934577108452955,0.0,0.0,0.0,0.0
2018-02-23,0.0,0.5096319400003342,0.0,0.4903680599996659,0.0,0.0,0.0,0.0
2018-02-26,0.0,0.5105878998614763,0.0,0.4894121001385236,0.0,0.0,0.0,0.0
2018-02-27,0.0,0.5112152519361797,0.0,0.4887847480638203,0.0,0.0,0.0,0.0
2018-02-28,0.0,0.5119776161990538,0.0,0.4880223838009462,0.0,0.0,0.0,0.0
2018-03-01,0.0,0.5,0.0,0.5,0.0,0.0,0.0,0.0
2018-03-02,0.0,0.5010935083615283,0.0,0.49890649163847167,0.0,0.0,0.0,0.0
2018-03-05,0.0,0.50252049968461,0.0,0.49747950031539,0.0,0.0,0.0,0.0
2018-03-06,0.0,0.5021114893874349,0.0,0.49788851061256517,0.0,0.0,0.0,0.0
2018-03-07,0.0,0.502760539577847,0.0,0.497239460422153,0.0,0.0,0.0,0.0
2018-03-08,0.0,0.5035992866591256,0.0,0.49640071334087443,0.0,0.0,0.0,0.0
2018-03-09,0.0,0.5068148275536232,0.0,0.4931851724463769,0.0,0.0,0.0,0.0
2018-03-12,0.0,0.5078569395480357,0.0,0.4921430604519644,0.0,0.0,0.0,0.0
2018-03-13,0.0,0.5060939276303265,0.0,0.4939060723696736,0.0,0.0,0.0,0.0
2018-03-14,0.0,0.5054473206312521,0.0,0.4945526793687478,0.0,0.0,0.0,0.0
2018-03-15,0.0,0.5053705720764823,0.0,0.49462942792351766,0.0,0.0,0.0,0.0
2018-03-16,0.0,0.504803540716468,0.0,0.49519645928353184,0.0,0.0,0.0,0.0
2018-03-19,0.0,0.5014423090471103,0.0,0.4985576909528897,0.0,0.0,0.0,0.0
2018-03-20,0.0,0.5022994932203809,0.0,0.497700506779619,0.0,0.0,0.0,0.0
2018-03-21,0.0,0.5008154125181121,0.0,0.4991845874818879,0.0,0.0,0.0,0.0
2018-03-22,0.0,0.49925395876478257,0.0,0.5007460412352175,0.0,0.0,0.0,0.0
2018-03-23,0.0,0.49535890197993204,0.0,0.504641098020068,0.0,0.0,0.0,0.0
2018-03-26,0.0,0.5000304219364239,0.0,0.499969578063576,0.0,0.0,0.0,0.0
2018-03-27,0.0,0.49365747376165087,0.0,0.5063425262383491,0.0,0.0,0.0,0.0
2018-03-28,0.0,0.48931356758247124,0.0,0.5106864324175288,0.0,0.0,0.0,0.0
2018-03-29,0.0,0.49157950184926347,0.0,0.5084204981507365,0.0,0.0,0.0,0.0
2018-04-02,0.0,0.5,0.0,0.5,0.0,0.0,0.0,0.0
2018-04-03,0.0,0.501201879545944,0.0,0.49879812045405597,0.0,0.0,0.0,0.0
2018-04-04,0.0,0.5042475485224861,0.0,0.49575245147751396,0.0,0.0,0.0,0.0
2018-04-05,0.0,0.5040161956432556,0.0,0.4959838043567444,0.0,0.0,0.0,0.0
2018-04-06,0.0,0.499332498842094,0.0,0.500667501157906,0.0,0.0,0.0,0.0
2018-04-09,0.0,0.4990371143566667,0.0,0.5009628856433332,0.0,0.0,0.0,0.0
2018-04-10,0.0,0.5018273745688058,0.0,0.4981726254311942,0.0,0.0,0.0,0.0
2018-04-11,0.0,0.5013372904001607,0.0,0.4986627095998394,0.0,0.0,0.0,0.0
2018-04-12,0.0,0.5033732639923094,0.0,0.49662673600769064,0.0,0.0,0.0,0.0
2018-04-13,0.0,0.5018280428373926,0.0,0.49817195716260754,0.0,0.0,0.0,0.0
2018-04-16,0.0,0.503338269536983,0.0,0.49666173046301704,0.0,0.0,0.0,0.0
2018-04-17,0.0,0.5075360451369343,0.0,0.4924639548630657,0.0,0.0,0.0,0.0
2018-04-18,0.0,0.5067520738359882,0.0,0.4932479261640117,0.0,0.0,0.0,0.0
2018-04-19,0.0,0.505388084796569,0.0,0.494611915203431,0.0,0.0,0.0,0.0
2018-04-20,0.0,0.5023482065756054,0.0,0.49765179342439453,0.0,0.0,0.0,0.0
2018-04-23,0.0,0.5020327853010563,0.0,0.49796721469894356,0.0,0.0,0.0,0.0
2018-04-24,0.0,0.4977028824395645,0.0,0.5022971175604356,0.0,0.0,0.0,0.0
2018-04-25,0.0,0.49842725931995246,0.0,0.5015727406800475,0.0,0.0,0.0,0.0
2018-04-26,0.0,0.5023985747660004,0.0,0.4976014252339997,0.0,0.0,0.0,0.0
2018-04-27,0.0,0.5023061824183299,0.0,0.49769381758167,0.0,0.0,0.0,0.0
2018-04-30,0.0,0.501337614187482,0.0,0.4986623858125178,0.0,0.0,0.0,0.0
2018-05-01,0.0,0.5,0.0,0.5,0.0,0.0,0.0,0.0
2018-05-02,0.0,0.49862762599292454,0.0,0.5013723740070756,0.0,0.0,0.0,0.0
2018-05-03,0.0,0.49781735725915044,0.0,0.5021826427408497,0.0,0.0,0.0,0.0
2018-05-04,0.0,0.5016337144449231,0.0,0.4983662855550769,0.0,0.0,0.0,0.0
2018-05-07,0.0,0.5036672073279209,0.0,0.49633279267207914,0.0,0.0,0.0,0.0
2018-05-08,0.0,0.5033762445545961,0.0,0.496623755445404,0.0,0.0,0.0,0.0
2018-05-09,0.0,0.5054876709749578,0.0,0.49451232902504205,0.0,0.0,0.0,0.0
2018-05-10,0.0,0.5064535604099564,0.0,0.4935464395900437,0.0,0.0,0.0,0.0
2018-05-11,0.0,0.5055551687868466,0.0,0.49444483121315336,0.0,0.0,0.0,0.0
2018-05-14,0.0,0.5055300567590357,0.0,0.4944699432409642,0.0,0.0,0.0,0.0
2018-05-15,0.0,0.5045606184924066,0.0,0.4954393815075934,0.0,0.0,0.0,0.0
2018-05-16,0.0,0.5058581056443616,0.0,0.49414189435563843,0.0,0.0,0.0,0.0
2018-05-17,0.0,0.504510333882843,0.0,0.495489666117157,0.0,0.0,0.0,0.0
2018-05-18,0.0,0.5041244692920607,0.0,0.4958755307079393,0.0,0.0,0.0,0.0
2018-05-21,0.0,0.5039517513386488,0.0,0.4960482486613514,0.0,0.0,0.0,0.0
2018-05-22,0.0,0.5039385426989202,0.0,0.4960614573010798,0.0,0.0,0.0,0.0
2018-05-23,0.0,0.5088098624823223,0.0,0.49119013751767776,0.0,0.0,0.0,0.0
2018-05-24,0.0,0.5095129398370815,0.0,0.49048706016291843,0.0,0.0,0.0,0.0
2018-05-25,0.0,0.5113948715224026,0.0,0.4886051284775975,0.0,0.0,0.0,0.0
2018-05-29,0.0,0.5154284827569301,0.0,0.48457151724306996,0.0,0.0,0.0,0.0
2018-05-30,0.0,0.5134268629753836,0.0,0.48657313702461624,0.0,0.0,0.0,0.0
2018-05-31,0.0,0.5148441869791084,0.0,0.48515581302089167,0.0,0.0,0.0,0.0
2018-06-01,0.0,0.5,0.5,0.0,0.0,0.0,0.0,0.0
2018-06-04,0.0,0.5009235205168503,0.4990764794831498,0.0,0.0,0.0,0.0,0.0
2018-06-05,0.0,0.5001533640173679,0.4998466359826321,0.0,0.0,0.0,0.0,0.0
2018-06-06,0.0,0.4998040460465254,0.5001959539534747,0.0,0.0,0.0,0.0,0.0
2018-06-07,0.0,0.49912928183199257,0.5008707181680074,0.0,0.0,0.0,0.0,0.0
2018-06-08,0.0,0.49839199486875896,0.5016080051312409,0.0,0.0,0.0,0.0,0.0
2018-06-11,0.0,0.49868960023762804,0.501310399762372,0.0,0.0,0.0,0.0,0.0
2018-06-12,0.0,0.49886451195214937,0.5011354880478507,0.0,0.0,0.0,0.0,0.0
2018-06-13,0.0,0.49983710475255344,0.5001628952474465,0.0,0.0,0.0,0.0,0.0
2018-06-14,0.0,0.501025456439764,0.49897454356023613,0.0,0.0,0.0,0.0,0.0
2018-06-15,0.0,0.500076723855568,0.499923276144432,0.0,0.0,0.0,0.0,0.0
2018-06-18,0.0,0.49875811307654033,0.5012418869234597,0.0,0.0,0.0,0.0,0.0
2018-06-19,0.0,0.4980341679879505,0.5019658320120495,0.0,0.0,0.0,0.0,0.0
2018-06-20,0.0,0.4977949598263804,0.5022050401736196,0.0,0.0,0.0,0.0,0.0
2018-06-21,0.0,0.4979630285967208,0.5020369714032791,0.0,0.0,0.0,0.0,0.0
2018-06-22,0.0,0.4982404031255484,0.5017595968744517,0.0,0.0,0.0,0.0,0.0
2018-06-25,0.0,0.4966588963295251,0.5033411036704749,0.0,0.0,0.0,0.0,0.0
2018-06-26,0.0,0.4962283897342521,0.503771610265748,0.0,0.0,0.0,0.0,0.0
2018-06-27,0.0,0.4968427712715511,0.5031572287284489,0.0,0.0,0.0,0.0,0.0
2018-06-28,0.0,0.49822000655339455,0.5017799934466054,0.0,0.0,0.0,0.0,0.0
2018-06-29,0.0,0.4990587211580951,0.5009412788419049,0.0,0.0,0.0,0.0,0.0
2018-07-02,0.0,0.5,0.5,0.0,0.0,0.0,0.0,0.0
2018-07-03,0.0,0.4960950708584825,0.5039049291415175,0.0,0.0,0.0,0.0,0.0
2018-07-05,0.0,0.4963459613012421,0.503654038698758,0.0,0.0,0.0,0.0,0.0
2018-07-06,0.0,0.4981011215092788,0.5018988784907212,0.0,0.0,0.0,0.0,0.0
2018-07-09,0.0,0.49877021169210645,0.5012297883078936,0.0,0.0,0.0,0.0,0.0
2018-07-10,0.0,0.5000931893091595,0.49990681069084053,0.0,0.0,0.0,0.0,0.0
2018-07-11,0.0,0.5009512216446309,0.4990487783553691,0.0,0.0,0.0,0.0,0.0
2018-07-12,0.0,0.5040135471794605,0.49598645282053944,0.0,0.0,0.0,0.0,0.0
2018-07-13,0.0,0.5049678351178452,0.4950321648821548,0.0,0.0,0.0,0.0,0.0
2018-07-16,0.0,0.5053409690932448,0.49465903090675534,0.0,0.0,0.0,0.0,0.0
2018-07-17,0.0,0.5057503543376964,0.49424964566230367,0.0,0.0,0.0,0.0,0.0
2018-07-18,0.0,0.5045780743015782,0.4954219256984217,0.0,0.0,0.0,0.0,0.0
2018-07-19,0.0,0.5015596241362359,0.49844037586376416,0.0,0.0,0.0,0.0,0.0
2018-07-20,0.0,0.502525549432721,0.49747445056727907,0.0,0.0,0.0,0.0,0.0
2018-07-23,0.0,0.5030090891133258,0.49699091088667424,0.0,0.0,0.0,0.0,0.0
2018-07-24,0.0,0.5067187904167089,0.49328120958329114,0.0,0.0,0.0,0.0,0.0
2018-07-25,0.0,0.5092760137487083,0.4907239862512916,0.0,0.0,0.0,0.0,0.0
2018-07-26,0.0,0.5041205033155615,0.4958794966844385,0.0,0.0,0.0,0.0,0.0
2018-07-27,0.0,0.5054288322297071,0.49457116777029286,0.0,0.0,0.0,0.0,0.0
2018-07-30,0.0,0.5034796517551783,0.4965203482448218,0.0,0.0,0.0,0.0,0.0
2018-07-31,0.0,0.5028557530898284,0.49714424691017156,0.0,0.0,0.0,0.0,0.0
2018-08-01,0.0,0.5,0.5,0.0,0.0,0.0,0.0,0.0
2018-08-02,0.0,0.5015604571827281,0.498439542817272,0.0,0.0,0.0,0.0,0.0
2018-08-03,0.0,0.5031951279456685,0.49680487205433155,0.0,0.0,0.0,0.0,0.0
2018-08-06,0.0,0.5032687255276983,0.4967312744723017,0.0,0.0,0.0,0.0,0.0
2018-08-07,0.0,0.5035812482461449,0.49641875175385514,0.0,0.0,0.0,0.0,0.0
2018-08-08,0.0,0.50410719375613,0.49589280624387,0.0,0.0,0.0,0.0,0.0
2018-08-09,0.0,0.5033154003442335,0.49668459965576656,0.0,0.0,0.0,0.0,0.0
2018-08-10,0.0,0.5020982236313274,0.4979017763686727,0.0,0.0,0.0,0.0,0.0
2018-08-13,0.0,0.5032877164263292,0.49671228357367075,0.0,0.0,0.0,0.0,0.0
2018-08-14,0.0,0.5023849073279419,0.4976150926720581,0.0,0.0,0.0,0.0,0.0
2018-08-15,0.0,0.5024633351663633,0.49753666483363673,0.0,0.0,0.0,0.0,0.0
2018-08-16,0.0,0.5009777539697875,0.4990222460302124,0.0,0.0,0.0,0.0,0.0
2018-08-17,0.0,0.49996173153102247,0.5000382684689777,0.0,0.0,0.0,0.0,0.0
2018-08-20,0.0,0.4990423926859143,0.5009576073140857,0.0,0.0,0.0,0.0,0.0
2018-08-21,0.0,0.49710239147785257,0.5028976085221473,0.0,0.0,0.0,0.0,0.0
2018-08-22,0.0,0.49745667588367454,0.5025433241163255,0.0,0.0,0.0,0.0,0.0
2018-08-23,0.0,0.49785801945040703,0.502141980549593,0.0,0.0,0.0,0.0,0.0
2018-08-24,0.0,0.4988116006253969,0.5011883993746031,0.0,0.0,0.0,0.0,0.0
2018-08-27,0.0,0.5009827635690685,0.49901723643093154,0.0,0.0,0.0,0.0,0.0
2018-08-28,0.0,0.501116181259276,0.49888381874072396,0.0,0.0,0.0,0.0,0.0
2018-08-29,0.0,0.503258468343722,0.496741531656278,0.0,0.0,0.0,0.0,0.0
2018-08-30,0.0,0.5030192139202182,0.4969807860797819,0.0,0.0,0.0,0.0,0.0
2018-08-31,0.0,0.5023852657153287,0.4976147342846713,0.0,0.0,0.0,0.0,0.0
2018-09-04,0.0,0.5,0.5,0.0,0.0,0.0,0.0,0.0
2018-09-05,0.0,0.4974191669979104,0.5025808330020896,0.0,0.0,0.0,0.0,0.0
2018-09-06,0.0,0.49686798532213605,0.503132014677864,0.0,0.0,0.0,0.0,0.0
2018-09-07,0.0,0.49603561213726255,0.5039643878627375,0.0,0.0,0.0,0.0,0.0
2018-09-10,0.0,0.496568416039835,0.503431583960165,0.0,0.0,0.0,0.0,0.0
2018-09-11,0.0,0.4980775525119129,0.5019224474880872,0.0,0.0,0.0,0.0,0.0
2018-09-12,0.0,0.4979391480634669,0.5020608519365332,0.0,0.0,0.0,0.0,0.0
2018-09-13,0.0,0.5005363782675558,0.49946362173244424,0.0,0.0,0.0,0.0,0.0
2018-09-14,0.0,0.49875127493795535,0.5012487250620447,0.0,0.0,0.0,0.0,0.0
2018-09-17,0.0,0.49779355192536645,0.5022064480746334,0.0,0.0,0.0,0.0,0.0
2018-09-18,0.0,0.49880829829504025,0.5011917017049596,0.0,0.0,0.0,0.0,0.0
2018-09-19,0.0,0.49952873240051554,0.5004712675994846,0.0,0.0,0.0,0.0,0.0
2018-09-20,0.0,0.49997481091091767,0.5000251890890823,0.0,0.0,0.0,0.0,0.0
2018-09-21,0.0,0.4998042036725213,0.5001957963274786,0.0,0.0,0.0,0.0,0.0
2018-09-24,0.0,0.5014246266019619,0.49857537339803826,0.0,0.0,0.0,0.0,0.0
2018-09-25,0.0,0.5013815864914888,0.49861841350851127,0.0,0.0,0.0,0.0,0.0
2018-09-26,0.0,0.5038534605676265,0.4961465394323735,0.0,0.0,0.0,0.0,0.0
2018-09-27,0.0,0.5059460396382846,0.4940539603617155,0.0,0.0,0.0,0.0,0.0
2018-09-28,0.0,0.5051347628955267,0.4948652371044732,0.0,0.0,0.0,0.0,0.0
2018-10-01,0.5,0.5,0.0,0.0,0.0,0.0,0.0,0.0
2018-10-02,0.5004187803422969,0.49958121965770313,0.0,0.0,0.0,0.0,0.0,0.0
2018-10-03,0.5002869484345471,0.4997130515654528,0.0,0.0,0.0,0.0,0.0,0.0
2018-10-04,0.5031716842627683,0.49682831573723174,0.0,0.0,0.0,0.0,0.0,0.0
2018-10-05,0.5048441991134739,0.49515580088652605,0.0,0.0,0.0,0.0,0.0,0.0
2018-10-08,0.5063751269347737,0.4936248730652262,0.0,0.0,0.0,0.0,0.0,0.0
2018-10-09,0.5052017130376524,0.4947982869623478,0.0,0.0,0.0,0.0,0.0,0.0
2018-10-10,0.5084010770225489,0.4915989229774511,0.0,0.0,0.0,0.0,0.0,0.0
2018-10-11,0.5059536638229891,0.49404633617701094,0.0,0.0,0.0,0.0,0.0,0.0
2018-10-12,0.5025395813572899,0.4974604186427102,0.0,0.0,0.0,0.0,0.0,0.0
2018-10-15,0.5041757486858743,0.4958242513141256,0.0,0.0,0.0,0.0,0.0,0.0
2018-10-16,0.502414097597435,0.497585902402565,0.0,0.0,0.0,0.0,0.0,0.0
2018-10-17,0.5023600602672329,0.49763993973276716,0.0,0.0,0.0,0.0,0.0,0.0
2018-10-18,0.5045871320874145,0.4954128679125856,0.0,0.0,0.0,0.0,0.0,0.0
2018-10-19,0.504682505605465,0.4953174943945351,0.0,0.0,0.0,0.0,0.0,0.0
2018-10-22,0.502275361667397,0.497724638332603,0.0,0.0,0.0,0.0,0.0,0.0
2018-10-23,0.5019210686262257,0.4980789313737743,0.0,0.0,0.0,0.0,0.0,0.0
2018-10-24,0.5059407979891924,0.4940592020108076,0.0,0.0,0.0,0.0,0.0,0.0
2018-10-25,0.5018838116213078,0.49811618837869226,0.0,0.0,0.0,0.0,0.0,0.0
2018-10-26,0.5039623454813307,0.49603765451866927,0.0,0.0,0.0,0.0,0.0,0.0
2018-10-29,0.5077718496298708,0.4922281503701291,0.0,0.0,0.0,0.0,0.0,0.0
2018-10-30,0.5073630390916609,0.49263696090833897,0.0,0.0,0.0,0.0,0.0,0.0
2018-10-31,0.504211192100635,0.4957888078993649,0.0,0.0,0.0,0.0,0.0,0.0
2018-11-01,0.5,0.5,0.0,0.0,0.0,0.0,0.0,0.0
2018-11-02,0.5024394590506945,0.4975605409493054,0.0,0.0,0.0,0.0,0.0,0.0
2018-11-05,0.5044354919989709,0.49556450800102914,0.0,0.0,0.0,0.0,0.0,0.0
2018-11-06,0.5041257636055304,0.49587423639446954,0.0,0.0,0.0,0.0,0.0,0.0
2018-11-07,0.5017001667759431,0.49829983322405696,0.0,0.0,0.0,0.0,0.0,0.0
2018-11-08,0.5028457326694713,0.49715426733052875,0.0,0.0,0.0,0.0,0.0,0.0
2018-11-09,0.504640545733674,0.495359454266326,0.0,0.0,0.0,0.0,0.0,0.0
2018-11-12,0.5076060929962273,0.49239390700377267,0.0,0.0,0.0,0.0,0.0,0.0
2018-11-13,0.5069276431924211,0.4930723568075789,0.0,0.0,0.0,0.0,0.0,0.0
2018-11-14,0.5071271226952456,0.4928728773047544,0.0,0.0,0.0,0.0,0.0,0.0
2018-11-15,0.5053875296497667,0.49461247035023337,0.0,0.0,0.0,0.0,0.0,0.0
2018-11-16,0.5069155822512085,0.49308441774879147,0.0,0.0,0.0,0.0,0.0,0.0
2018-11-19,0.5109035105601859,0.48909648943981404,0.0,0.0,0.0,0.0,0.0,0.0
2018-11-20,0.5107479407211039,0.4892520592788961,0.0,0.0,0.0,0.0,0.0,0.0
2018-11-21,0.5097054148760561,0.49029458512394386,0.0,0.0,0.0,0.0,0.0,0.0
2018-11-23,0.509844985044322,0.4901550149556781,0.0,0.0,0.0,0.0,0.0,0.0
2018-11-26,0.5081367220892193,0.49186327791078066,0.0,0.0,0.0,0.0,0.0,0.0
2018-11-27,0.5081337261304933,0.4918662738695067,0.0,0.0,0.0,0.0,0.0,0.0
2018-11-28,0.5059060673902857,0.4940939326097143,0.0,0.0,0.0,0.0,0.0,0.0
2018-11-29,0.5061755663741426,0.4938244336258574,0.0,0.0,0.0,0.0,0.0,0.0
2018-11-30,0.5058874651363588,0.4941125348636411,0.0,0.0,0.0,0.0,0.0,0.0
2018-12-03,0.5,0.5,0.0,0.0,0.0,0.0,0.0,0.0
2018-12-04,0.501543279396359,0.4984567206036411,0.0,0.0,0.0,0.0,0.0,0.0
2018-12-06,0.49940493929504676,0.5005950607049532,0.0,0.0,0.0,0.0,0.0,0.0
2018-12-07,0.5019205559491742,0.4980794440508257,0.0,0.0,0.0,0.0,0.0,0.0
2018-12-10,0.49978997498629957,0.5002100250137005,0.0,0.0,0.0,0.0,0.0,0.0
2018-12-11,0.49902021225626086,0.5009797877437392,0.0,0.0,0.0,0.0,0.0,0.0
2018-12-12,0.4980851523672829,0.501914847632717,0.0,0.0,0.0,0.0,0.0,0.0
2018-12-13,0.4979247164956691,0.5020752835043308,0.0,0.0,0.0,0.0,0.0,0.0
2018-12-14,0.49942793394332236,0.5005720660566777,0.0,0.0,0.0,0.0,0.0,0.0
2018-12-17,0.5002046843983092,0.4997953156016908,0.0,0.0,0.0,0.0,0.0,0.0
2018-12-18,0.498363198884738,0.501636801115262,0.0,0.0,0.0,0.0,0.0,0.0
2018-12-19,0.5008062775250403,0.4991937224749597,0.0,0.0,0.0,0.0,0.0,0.0
2018-12-20,0.5003536766191591,0.49964632338084086,0.0,0.0,0.0,0.0,0.0,0.0
2018-12-21,0.5030491006693709,0.4969508993306292,0.0,0.0,0.0,0.0,0.0,0.0
2018-12-24,0.5026322158521248,0.49736778414787525,0.0,0.0,0.0,0.0,0.0,0.0
2018-12-26,0.4998128439547097,0.5001871560452903,0.0,0.0,0.0,0.0,0.0,0.0
2018-12-27,0.5007592556452747,0.4992407443547252,0.0,0.0,0.0,0.0,0.0,0.0
2018-12-28,0.5005672898675717,0.49943271013242835,0.0,0.0,0.0,0.0,0.0,0.0
2018-12-31,0.5006481589806515,0.4993518410193485,0.0,0.0,0.0,0.0,0.0,0.0
2019-01-02,0.0,0.5,0.0,0.0,0.0,0.5,0.0,0.0
2019-01-03,0.0,0.48944121231235993,0.0,0.0,0.0,0.51055878768764,0.0,0.0
2019-01-04,0.0,0.5019430231520963,0.0,0.0,0.0,0.49805697684790373,0.0,0.0
2019-01-07,0.0,0.5040386898007546,0.0,0.0,0.0,0.49596131019924533,0.0,0.0
2019-01-08,0.0,0.5069674412053984,0.0,0.0,0.0,0.4930325587946015,0.0,0.0
2019-01-09,0.0,0.5073970046630937,0.0,0.0,0.0,0.4926029953369063,0.0,0.0
2019-01-10,0.0,0.5095864366819907,0.0,0.0,0.0,0.4904135633180094,0.0,0.0
2019-01-11,0.0,0.5082392054477141,0.0,0.0,0.0,0.491760794552286,0.0,0.0
2019-01-14,0.0,0.50542631995664,0.0,0.0,0.0,0.49457368004335994,0.0,0.0
2019-01-15,0.0,0.5106897700410572,0.0,0.0,0.0,0.4893102299589428,0.0,0.0
2019-01-16,0.0,0.5098452761779022,0.0,0.0,0.0,0.4901547238220977,0.0,0.0
2019-01-17,0.0,0.5121348501157934,0.0,0.0,0.0,0.48786514988420654,0.0,0.0
2019-01-18,0.0,0.5168353832259398,0.0,0.0,0.0,0.4831646167740601,0.0,0.0
2019-01-22,0.0,0.51089494633368,0.0,0.0,0.0,0.4891050536663199,0.0,0.0
2019-01-23,0.0,0.5115687027733069,0.0,0.0,0.0,0.48843129722669326,0.0,0.0
2019-01-24,0.0,0.513573160978749,0.0,0.0,0.0,0.48642683902125106,0.0,0.0
2019-01-25,0.0,0.5129150891350394,0.0,0.0,0.0,0.4870849108649605,0.0,0.0
2019-01-28,0.0,0.5089362415341367,0.0,0.0,0.0,0.4910637584658632,0.0,0.0
2019-01-29,0.0,0.5051702447722748,0.0,0.0,0.0,0.49482975522772515,0.0,0.0
2019-01-30,0.0,0.5100213830379622,0.0,0.0,0.0,0.4899786169620379,0.0,0.0
2019-01-31,0.0,0.5136135111032566,0.0,0.0,0.0,0.4863864888967435,0.0,0.0
2019-02-01,0.0,0.0,0.0,0.0,0.5,0.0,0.5,0.0
2019-02-04,0.0,0.0,0.0,0.0,0.5029815873990687,0.0,0.49701841260093116,0.0
2019-02-05,0.0,0.0,0.0,0.0,0.5032754587456929,0.0,0.49672454125430726,0.0
2019-02-06,0.0,0.0,0.0,0.0,0.5015090011160733,0.0,0.4984909988839268,0.0
2019-02-07,0.0,0.0,0.0,0.0,0.5019208864603624,0.0,0.4980791135396376,0.0
2019-02-08,0.0,0.0,0.0,0.0,0.5008561263080186,0.0,0.4991438736919814,0.0
2019-02-11,0.0,0.0,0.0,0.0,0.5025214562306889,0.0,0.4974785437693111,0.0
2019-02-12,0.0,0.0,0.0,0.0,0.5015824054285619,0.0,0.4984175945714382,0.0
2019-02-13,0.0,0.0,0.0,0.0,0.5038093944619543,0.0,0.4961906055380456,0.0
2019-02-14,0.0,0.0,0.0,0.0,0.5031890403980694,0.0,0.4968109596019305,0.0
2019-02-15,0.0,0.0,0.0,0.0,0.5044794613197076,0.0,0.4955205386802924,0.0
2019-02-19,0.0,0.0,0.0,0.0,0.5037862029257875,0.0,0.4962137970742125,0.0
2019-02-20,0.0,0.0,0.0,0.0,0.5029404500245079,0.0,0.49705954997549223,0.0
2019-02-21,0.0,0.0,0.0,0.0,0.5054213931447024,0.0,0.49457860685529753,0.0
2019-02-22,0.0,0.0,0.0,0.0,0.5054093186374912,0.0,0.49459068136250883,0.0
2019-02-25,0.0,0.0,0.0,0.0,0.5041752046152218,0.0,0.49582479538477814,0.0
2019-02-26,0.0,0.0,0.0,0.0,0.502170002323571,0.0,0.4978299976764291,0.0
2019-02-27,0.0,0.0,0.0,0.0,0.5037679778172913,0.0,0.4962320221827087,0.0
2019-02-28,0.0,0.0,0.0,0.0,0.5052761711311599,0.0,0.4947238288688402,0.0
2019-03-01,0.0,0.0,0.0,0.0,0.5,0.0,0.5,0.0
2019-03-04,0.0,0.0,0.0,0.0,0.4991802531579313,0.0,0.5008197468420686,0.0
2019-03-05,0.0,0.0,0.0,0.0,0.49934099855819836,0.0,0.5006590014418018,0.0
2019-03-06,0.0,0.0,0.0,0.0,0.4972659754051007,0.0,0.5027340245948992,0.0
2019-03-07,0.0,0.0,0.0,0.0,0.4951135484134396,0.0,0.5048864515865603,0.0
2019-03-08,0.0,0.0,0.0,0.0,0.4943311610614474,0.0,0.5056688389385525,0.0
2019-03-11,0.0,0.0,0.0,0.0,0.4987125840710978,0.0,0.5012874159289021,0.0
2019-03-12,0.0,0.0,0.0,0.0,0.4981086851215371,0.0,0.5018913148784627,0.0
2019-03-13,0.0,0.0,0.0,0.0,0.4998055985821533,0.0,0.5001944014178467,0.0
2019-03-14,0.0,0.0,0.0,0.0,0.5019961105746095,0.0,0.4980038894253904,0.0
2019-03-15,0.0,0.0,0.0,0.0,0.49956194314163915,0.0,0.500438056858361,0.0
2019-03-18,0.0,0.0,0.0,0.0,0.49844916353796154,0.0,0.5015508364620385,0.0
2019-03-19,0.0,0.0,0.0,0.0,0.4982416576474461,0.0,0.5017583423525539,0.0
2019-03-20,0.0,0.0,0.0,0.0,0.49640294688159264,0.0,0.5035970531184074,0.0
2019-03-21,0.0,0.0,0.0,0.0,0.5002673918062696,0.0,0.49973260819373055,0.0
2019-03-22,0.0,0.0,0.0,0.0,0.49459380911596323,0.0,0.5054061908840367,0.0
2019-03-25,0.0,0.0,0.0,0.0,0.49451247134202414,0.0,0.5054875286579759,0.0
2019-03-26,0.0,0.0,0.0,0.0,0.4966822150220667,0.0,0.5033177849779333,0.0
2019-03-27,0.0,0.0,0.0,0.0,0.49367350186244,0.0,0.5063264981375599,0.0
2019-03-28,0.0,0.0,0.0,0.0,0.49521670502123627,0.0,0.5047832949787638,0.0
2019-03-29,0.0,0.0,0.0,0.0,0.49522384406347203,0.0,0.504776155936528,0.0
2019-04-01,0.0,0.5,0.0,0.0,0.5,0.0,0.0,0.0
2019-04-02,0.0,0.4991962980296214,0.0,0.0,0.5008037019703786,0.0,0.0,0.0
2019-04-03,0.0,0.500914530690537,0.0,0.0,0.49908546930946285,0.0,0.0,0.0
2019-04-04,0.0,0.5012202631963878,0.0,0.0,0.49877973680361215,0.0,0.0,0.0
2019-04-05,0.0,0.5007676430729401,0.0,0.0,0.49923235692705986,0.0,0.0,0.0
2019-04-08,0.0,0.5028016760808246,0.0,0.0,0.49719832391917534,0.0,0.0,0.0
2019-04-09,0.0,0.5032422134917373,0.0,0.0,0.49675778650826274,0.0,0.0,0.0
2019-04-10,0.0,0.5022890918061428,0.0,0.0,0.4977109081938572,0.0,0.0,0.0
2019-04-11,0.0,0.501866460631775,0.0,0.0,0.49813353936822496,0.0,0.0,0.0
2019-04-12,0.0,0.5017497092229468,0.0,0.0,0.49825029077705324,0.0,0.0,0.0
2019-04-15,0.0,0.5030710472307922,0.0,0.0,0.4969289527692077,0.0,0.0,0.0
2019-04-16,0.0,0.5096445954659582,0.0,0.0,0.4903554045340418,0.0,0.0,0.0
2019-04-17,0.0,0.5128007879513876,0.0,0.0,0.4871992120486124,0.0,0.0,0.0
2019-04-18,0.0,0.5112140642059193,0.0,0.0,0.4887859357940807,0.0,0.0,0.0
2019-04-22,0.0,0.5146818805140392,0.0,0.0,0.48531811948596076,0.0,0.0,0.0
2019-04-23,0.0,0.5145516038434318,0.0,0.0,0.48544839615656815,0.0,0.0,0.0
2019-04-24,0.0,0.511932277689498,0.0,0.0,0.48806772231050205,0.0,0.0,0.0
2019-04-25,0.0,0.5134659785578142,0.0,0.0,0.4865340214421857,0.0,0.0,0.0
2019-04-26,0.0,0.5117237910006011,0.0,0.0,0.488276208999399,0.0,0.0,0.0
2019-04-29,0.0,0.5146668076730158,0.0,0.0,0.48533319232698413,0.0,0.0,0.0
2019-04-30,0.0,0.5103510155800475,0.0,0.0,0.4896489844199525,0.0,0.0,0.0
2019-05-01,0.0,0.5,0.0,0.0,0.5,0.0,0.0,0.0
2019-05-02,0.0,0.4986535434037129,0.0,0.0,0.5013464565962871,0.0,0.0,0.0
2019-05-03,0.0,0.5004900368855302,0.0,0.0,0.4995099631144698,0.0,0.0,0.0
2019-05-06,0.0,0.49975450734689647,0.0,0.0,0.5002454926531034,0.0,0.0,0.0
2019-05-07,0.0,0.49939767999929296,0.0,0.0,0.5006023200007069,0.0,0.0,0.0
2019-05-08,0.0,0.49902832341014897,0.0,0.0,0.5009716765898511,0.0,0.0,0.0
2019-05-09,0.0,0.49703824493822496,0.0,0.0,0.5029617550617751,0.0,0.0,0.0
2019-05-10,0.0,0.49468744719734353,0.0,0.0,0.5053125528026564,0.0,0.0,0.0
2019-05-13,0.0,0.48612003298813083,0.0,0.0,0.5138799670118691,0.0,0.0,0.0
2019-05-14,0.0,0.48792750646949345,0.0,0.0,0.5120724935305065,0.0,0.0,0.0
2019-05-15,0.0,0.4897450732208294,0.0,0.0,0.5102549267791706,0.0,0.0,0.0
2019-05-16,0.0,0.49124849123097264,0.0,0.0,0.5087515087690274,0.0,0.0,0.0
2019-05-17,0.0,0.4891643484602163,0.0,0.0,0.5108356515397837,0.0,0.0,0.0
2019-05-20,0.0,0.4885482737096117,0.0,0.0,0.5114517262903883,0.0,0.0,0.0
2019-05-21,0.0,0.48901889285790723,0.0,0.0,0.5109811071420929,0.0,0.0,0.0
2019-05-22,0.0,0.48716063982196206,0.0,0.0,0.5128393601780381,0.0,0.0,0.0
2019-05-23,0.0,0.48273932402147834,0.0,0.0,0.5172606759785217,0.0,0.0,0.0
2019-05-24,0.0,0.4818464595432516,0.0,0.0,0.5181535404567484,0.0,0.0,0.0
2019-05-28,0.0,0.48338495058579084,0.0,0.0,0.5166150494142091,0.0,0.0,0.0
2019-05-29,0.0,0.48466704495684515,0.0,0.0,0.5153329550431549,0.0,0.0,0.0
2019-05-30,0.0,0.48467182677906395,0.0,0.0,0.515328173220936,0.0,0.0,0.0
2019-05-31,0.0,0.4792158581400066,0.0,0.0,0.5207841418599933,0.0,0.0,0.0
2019-06-03,0.0,0.0,0.0,0.0,0.5,0.0,0.5,0.0
2019-06-04,0.0,0.0,0.0,0.0,0.5017449287830531,0.0,0.4982550712169469,0.0
2019-06-05,0.0,0.0,0.0,0.0,0.508325842224561,0.0,0.4916741577754391,0.0
2019-06-06,0.0,0.0,0.0,0.0,0.5080004496910254,0.0,0.4919995503089745,0.0
2019-06-07,0.0,0.0,0.0,0.0,0.5067754733623689,0.0,0.493224526637631,0.0
2019-06-10,0.0,0.0,0.0,0.0,0.5083236807584302,0.0,0.49167631924156974,0.0
2019-06-11,0.0,0.0,0.0,0.0,0.5088454959311406,0.0,0.49115450406885935,0.0
2019-06-12,0.0,0.0,0.0,0.0,0.5094956302893644,0.0,0.4905043697106355,0.0
2019-06-13,0.0,0.0,0.0,0.0,0.5096979709950081,0.0,0.49030202900499187,0.0
2019-06-14,0.0,0.0,0.0,0.0,0.5092091845866188,0.0,0.4907908154133813,0.0
2019-06-17,0.0,0.0,0.0,0.0,0.5114326795103605,0.0,0.48856732048963947,0.0
2019-06-18,0.0,0.0,0.0,0.0,0.5099351158207087,0.0,0.4900648841792912,0.0
2019-06-19,0.0,0.0,0.0,0.0,0.5109250063992484,0.0,0.4890749936007515,0.0
2019-06-20,0.0,0.0,0.0,0.0,0.511525112782082,0.0,0.48847488721791793,0.0
2019-06-21,0.0,0.0,0.0,0.0,0.5107385998046475,0.0,0.4892614001953524,0.0
2019-06-24,0.0,0.0,0.0,0.0,0.5080218139613142,0.0,0.4919781860386859,0.0
2019-06-25,0.0,0.0,0.0,0.0,0.5035241603002419,0.0,0.4964758396997581,0.0
2019-06-26,0.0,0.0,0.0,0.0,0.5000838850204655,0.0,0.49991611497953437,0.0
2019-06-27,0.0,0.0,0.0,0.0,0.5015260353924764,0.0,0.4984739646075237,0.0
2019-06-28,0.0,0.0,0.0,0.0,0.5025548211255727,0.0,0.49744517887442735,0.0
2019-07-01,0.0,0.0,0.0,0.0,0.5,0.0,0.0,0.5
2019-07-02,0.0,0.0,0.0,0.0,0.5036292457564412,0.0,0.0,0.49637075424355886
2019-07-03,0.0,0.0,0.0,0.0,0.5059116851618234,0.0,0.0,0.4940883148381766
2019-07-05,0.0,0.0,0.0,0.0,0.5072314472448852,0.0,0.0,0.49276855275511483
2019-07-08,0.0,0.0,0.0,0.0,0.5084655964473611,0.0,0.0,0.49153440355263894
2019-07-09,0.0,0.0,0.0,0.0,0.509823744662329,0.0,0.0,0.490176255337671
2019-07-10,0.0,0.0,0.0,0.0,0.5106932077659272,0.0,0.0,0.48930679223407286
2019-07-11,0.0,0.0,0.0,0.0,0.5089022307366178,0.0,0.0,0.49109776926338217
2019-07-12,0.0,0.0,0.0,0.0,0.5083234127224463,0.0,0.0,0.49167658727755365
2019-07-15,0.0,0.0,0.0,0.0,0.5077016854078609,0.0,0.0,0.49229831459213924
2019-07-16,0.0,0.0,0.0,0.0,0.5076415922520661,0.0,0.0,0.4923584077479339
2019-07-17,0.0,0.0,0.0,0.0,0.5054819403991462,0.0,0.0,0.4945180596008538
2019-07-18,0.0,0.0,0.0,0.0,0.5048964365107047,0.0,0.0,0.4951035634892953
2019-07-19,0.0,0.0,0.0,0.0,0.5011679776818804,0.0,0.0,0.49883202231811963
2019-07-22,0.0,0.0,0.0,0.0,0.500172686112491,0.0,0.0,0.49982731388750906
2019-07-23,0.0,0.0,0.0,0.0,0.502849285260984,0.0,0.0,0.49715071473901606
2019-07-24,0.0,0.0,0.0,0.0,0.5023439753681126,0.0,0.0,0.4976560246318875
2019-07-25,0.0,0.0,0.0,0.0,0.5016732375073436,0.0,0.0,0.49832676249265645
2019-07-26,0.0,0.0,0.0,0.0,0.5024664322769724,0.0,0.0,0.49753356772302754
2019-07-29,0.0,0.0,0.0,0.0,0.5033059113034614,0.0,0.0,0.49669408869653864
2019-07-30,0.0,0.0,0.0,0.0,0.505383145491442,0.0,0.0,0.494616854508558
2019-07-31,0.0,0.0,0.0,0.0,0.5041796144886151,0.0,0.0,0.49582038551138485
2019-08-01,0.0,0.0,0.0,0.0,0.5,0.5,0.0,0.0
2019-08-02,0.0,0.0,0.0,0.0,0.5021613070876194,0.4978386929123805,0.0,0.0
2019-08-05,0.0,0.0,0.0,0.0,0.49371511640529114,0.5062848835947089,0.0,0.0
2019-08-06,0.0,0.0,0.0,0.0,0.4944454558493375,0.5055545441506626,0.0,0.0
2019-08-07,0.0,0.0,0.0,0.0,0.4930936216992668,0.5069063783007332,0.0,0.0
2019-08-08,0.0,0.0,0.0,0.0,0.49619046916043497,0.5038095308395651,0.0,0.0
2019-08-09,0.0,0.0,0.0,0.0,0.4967183467604595,0.5032816532395405,0.0,0.0
2019-08-12,0.0,0.0,0.0,0.0,0.4936444111645877,0.5063555888354124,0.0,0.0
2019-08-13,0.0,0.0,0.0,0.0,0.49549698668176734,0.5045030133182327,0.0,0.0
2019-08-14,0.0,0.0,0.0,0.0,0.48996230506507227,0.5100376949349277,0.0,0.0
2019-08-15,0.0,0.0,0.0,0.0,0.49078138121255627,0.5092186187874437,0.0,0.0
2019-08-16,0.0,0.0,0.0,0.0,0.49494926822607543,0.5050507317739247,0.0,0.0
2019-08-19,0.0,0.0,0.0,0.0,0.4996934056697394,0.5003065943302606,0.0,0.0
2019-08-20,0.0,0.0,0.0,0.0,0.4959765978159622,0.5040234021840378,0.0,0.0
2019-08-21,0.0,0.0,0.0,0.0,0.4978084415756705,0.5021915584243294,0.0,0.0
2019-08-22,0.0,0.0,0.0,0.0,0.4995881884315647,0.5004118115684352,0.0,0.0
2019-08-23,0.0,0.0,0.0,0.0,0.49120835446229866,0.5087916455377013,0.0,0.0
2019-08-26,0.0,0.0,0.0,0.0,0.4930952610357869,0.5069047389642132,0.0,0.0
2019-08-27,0.0,0.0,0.0,0.0,0.49000268430727867,0.5099973156927213,0.0,0.0
2019-08-28,0.0,0.0,0.0,0.0,0.49152879516463427,0.5084712048353658,0.0,0.0
2019-08-29,0.0,0.0,0.0,0.0,0.49525933234365244,0.5047406676563475,0.0,0.0
2019-08-30,0.0,0.0,0.0,0.0,0.4960919038965015,0.5039080961034986,0.0,0.0
2019-09-03,0.0,0.0,0.0,0.0,0.0,0.5,0.5,0.0
2019-09-04,0.0,0.0,0.0,0.0,0.0,0.5011827805091906,0.4988172194908093,0.0
2019-09-05,0.0,0.0,0.0,0.0,0.0,0.4996784056824824,0.5003215943175174,0.0
2019-09-06,0.0,0.0,0.0,0.0,0.0,0.4957660925727059,0.5042339074272941,0.0
2019-09-09,0.0,0.0,0.0,0.0,0.0,0.499311885116874,0.5006881148831259,0.0
2019-09-10,0.0,0.0,0.0,0.0,0.0,0.5015840746501894,0.4984159253498106,0.0
2019-09-11,0.0,0.0,0.0,0.0,0.0,0.5035399222131898,0.49646007778681017,0.0
2019-09-12,0.0,0.0,0.0,0.0,0.0,0.5056963906803447,0.4943036093196554,0.0
2019-09-13,0.0,0.0,0.0,0.0,0.0,0.5090146403255779,0.4909853596744221,0.0
2019-09-16,0.0,0.0,0.0,0.0,0.0,0.5079278386680248,0.49207216133197523,0.0
2019-09-17,0.0,0.0,0.0,0.0,0.0,0.507070543091026,0.49292945690897405,0.0
2019-09-18,0.0,0.0,0.0,0.0,0.0,0.5044358899953436,0.4955641100046563,0.0
2019-09-19,0.0,0.0,0.0,0.0,0.0,0.504695640759555,0.4953043592404451,0.0
2019-09-20,0.0,0.0,0.0,0.0,0.0,0.5043525156662436,0.49564748433375644,0.0
2019-09-23,0.0,0.0,0.0,0.0,0.0,0.5058004275023162,0.4941995724976838,0.0
2019-09-24,0.0,0.0,0.0,0.0,0.0,0.5041232815969194,0.49587671840308056,0.0
2019-09-25,0.0,0.0,0.0,0.0,0.0,0.5031272373803232,0.49687276261967694,0.0
2019-09-26,0.0,0.0,0.0,0.0,0.0,0.5014537163465176,0.4985462836534824,0.0
2019-09-27,0.0,0.0,0.0,0.0,0.0,0.49954955329194206,0.5004504467080579,0.0
2019-09-30,0.0,0.0,0.0,0.0,0.0,0.4950256096126644,0.5049743903873355,0.0
2019-10-01,0.0,0.0,0.0,0.0,0.0,0.5,0.5,0.0
2019-10-02,0.0,0.0,0.0,0.0,0.0,0.5022913217123182,0.4977086782876817,0.0
2019-10-03,0.0,0.0,0.0,0.0,0.0,0.5011513437831963,0.49884865621680363,0.0
2019-10-04,0.0,0.0,0.0,0.0,0.0,0.4993122790231388,0.5006877209768612,0.0
2019-10-07,0.0,0.0,0.0,0.0,0.0,0.49925208138851856,0.5007479186114815,0.0
2019-10-08,0.0,0.0,0.0,0.0,0.0,0.5007557313779403,0.4992442686220598,0.0
2019-10-09,0.0,0.0,0.0,0.0,0.0,0.5024007437333985,0.49759925626660156,0.0
2019-10-10,0.0,0.0,0.0,0.0,0.0,0.5039603806514676,0.4960396193485323,0.0
2019-10-11,0.0,0.0,0.0,0.0,0.0,0.5056850918086799,0.49431490819132007,0.0
2019-10-14,0.0,0.0,0.0,0.0,0.0,0.5048737411502217,0.49512625884977834,0.0
2019-10-15,0.0,0.0,0.0,0.0,0.0,0.5061654100097223,0.4938345899902777,0.0
2019-10-16,0.0,0.0,0.0,0.0,0.0,0.5072896788510877,0.4927103211489122,0.0
2019-10-17,0.0,0.0,0.0,0.0,0.0,0.5082535167731222,0.49174648322687775,0.0
2019-10-18,0.0,0.0,0.0,0.0,0.0,0.5079867605515677,0.49201323944843234,0.0
2019-10-21,0.0,0.0,0.0,0.0,0.0,0.5086789954015066,0.4913210045984934,0.0
2019-10-22,0.0,0.0,0.0,0.0,0.0,0.5079537204118809,0.49204627958811914,0.0
2019-10-23,0.0,0.0,0.0,0.0,0.0,0.5082903828062656,0.4917096171937344,0.0
2019-10-24,0.0,0.0,0.0,0.0,0.0,0.5105646150159314,0.4894353849840686,0.0
2019-10-25,0.0,0.0,0.0,0.0,0.0,0.5123701271865885,0.4876298728134116,0.0
2019-10-28,0.0,0.0,0.0,0.0,0.0,0.5124952916043771,0.48750470839562293,0.0
2019-10-29,0.0,0.0,0.0,0.0,0.0,0.5116375667426908,0.4883624332573092,0.0
2019-10-30,0.0,0.0,0.0,0.0,0.0,0.5093755238779333,0.4906244761220667,0.0
2019-10-31,0.0,0.0,0.0,0.0,0.0,0.5085128802737462,0.49148711972625386,0.0
2019-11-01,0.0,0.0,0.0,0.0,0.5,0.0,0.5,0.0
2019-11-04,0.0,0.0,0.0,0.0,0.5015560995896712,0.0,0.4984439004103288,0.0
2019-11-05,0.0,0.0,0.0,0.0,0.5001011888517355,0.0,0.49989881114826445,0.0
2019-11-06,0.0,0.0,0.0,0.0,0.4991356042627607,0.0,0.5008643957372393,0.0
2019-11-07,0.0,0.0,0.0,0.0,0.5012003302959737,0.0,0.49879966970402645,0.0
2019-11-08,0.0,0.0,0.0,0.0,0.5016513772473518,0.0,0.49834862275264835,0.0
2019-11-11,0.0,0.0,0.0,0.0,0.5020329772953941,0.0,0.49796702270460597,0.0
2019-11-12,0.0,0.0,0.0,0.0,0.4989906847681632,0.0,0.5010093152318368,0.0
2019-11-13,0.0,0.0,0.0,0.0,0.4996536298447458,0.0,0.5003463701552543,0.0
2019-11-14,0.0,0.0,0.0,0.0,0.49901827360677375,0.0,0.5009817263932262,0.0
2019-11-15,0.0,0.0,0.0,0.0,0.5006434503677769,0.0,0.4993565496322232,0.0
2019-11-18,0.0,0.0,0.0,0.0,0.5014016045266327,0.0,0.49859839547336715,0.0
2019-11-19,0.0,0.0,0.0,0.0,0.4997563471859294,0.0,0.5002436528140707,0.0
2019-11-20,0.0,0.0,0.0,0.0,0.4970485668080126,0.0,0.5029514331919873,0.0
2019-11-21,0.0,0.0,0.0,0.0,0.49507948303130217,0.0,0.5049205169686979,0.0
2019-11-22,0.0,0.0,0.0,0.0,0.49383111209050956,0.0,0.5061688879094903,0.0
2019-11-25,0.0,0.0,0.0,0.0,0.4938900914182061,0.0,0.5061099085817938,0.0
2019-11-26,0.0,0.0,0.0,0.0,0.49573217066711384,0.0,0.504267829332886,0.0
2019-11-27,0.0,0.0,0.0,0.0,0.4976387817791252,0.0,0.5023612182208748,0.0
2019-11-29,0.0,0.0,0.0,0.0,0.49701977379960166,0.0,0.5029802262003983,0.0
2019-12-02,0.0,0.5,0.0,0.0,0.0,0.0,0.5,0.0
2019-12-03,0.0,0.492847060810144,0.0,0.0,0.0,0.0,0.5071529391898558,0.0
2019-12-04,0.0,0.4966181984774658,0.0,0.0,0.0,0.0,0.5033818015225343,0.0
2019-12-05,0.0,0.49833060327678946,0.0,0.0,0.0,0.0,0.5016693967232106,0.0
2019-12-06,0.0,0.5023786739892488,0.0,0.0,0.0,0.0,0.49762132601075115,0.0
2019-12-09,0.0,0.5007005460604851,0.0,0.0,0.0,0.0,0.49929945393951486,0.0
2019-12-10,0.0,0.5004740798743187,0.0,0.0,0.0,0.0,0.4995259201256813,0.0
2019-12-11,0.0,0.49983728697130264,0.0,0.0,0.0,0.0,0.5001627130286973,0.0
2019-12-12,0.0,0.5058449058150839,0.0,0.0,0.0,0.0,0.494155094184916,0.0
2019-12-13,0.0,0.5037914823325291,0.0,0.0,0.0,0.0,0.496208517667471,0.0
2019-12-16,0.0,0.5085456842660747,0.0,0.0,0.0,0.0,0.4914543157339253,0.0
2019-12-17,0.0,0.5090337896018584,0.0,0.0,0.0,0.0,0.4909662103981415,0.0
2019-12-18,0.0,0.5112852792418145,0.0,0.0,0.0,0.0,0.4887147207581856,0.0
2019-12-19,0.0,0.512443095520183,0.0,0.0,0.0,0.0,0.4875569044798172,0.0
2019-12-20,0.0,0.5131187928935429,0.0,0.0,0.0,0.0,0.486881207106457,0.0
2019-12-23,0.0,0.5141437553806482,0.0,0.0,0.0,0.0,0.48585624461935173,0.0
2019-12-24,0.0,0.5135604140697245,0.0,0.0,0.0,0.0,0.48643958593027553,0.0
2019-12-26,0.0,0.5151533325520848,0.0,0.0,0.0,0.0,0.48484666744791505,0.0
2019-12-27,0.0,0.5146699514873133,0.0,0.0,0.0,0.0,0.4853300485126866,0.0
2019-12-30,0.0,0.5139384743327914,0.0,0.0,0.0,0.0,0.48606152566720856,0.0
2019-12-31,0.0,0.5168670215750416,0.0,0.0,0.0,0.0,0.4831329784249584,0.0
2020-01-02,0.5,0.5,0.0,0.0,0.0,0.0,0.0,0.0
2020-01-03,0.5004001863875082,0.4995998136124919,0.0,0.0,0.0,0.0,0.0,0.0
2020-01-06,0.4997465344422852,0.5002534655577148,0.0,0.0,0.0,0.0,0.0,0.0
2020-01-07,0.4990774458671785,0.5009225541328214,0.0,0.0,0.0,0.0,0.0,0.0
2020-01-08,0.4985342312090344,0.5014657687909657,0.0,0.0,0.0,0.0,0.0,0.0
2020-01-09,0.4981142100813573,0.5018857899186427,0.0,0.0,0.0,0.0,0.0,0.0
2020-01-10,0.49803385854510657,0.5019661414548934,0.0,0.0,0.0,0.0,0.0,0.0
2020-01-13,0.4968796856584049,0.503120314341595,0.0,0.0,0.0,0.0,0.0,0.0
2020-01-14,0.4974845012496531,0.502515498750347,0.0,0.0,0.0,0.0,0.0,0.0
2020-01-15,0.497946611374113,0.5020533886258869,0.0,0.0,0.0,0.0,0.0,0.0
2020-01-16,0.49763311888390155,0.5023668811160985,0.0,0.0,0.0,0.0,0.0,0.0
2020-01-17,0.4971759423626369,0.502824057637363,0.0,0.0,0.0,0.0,0.0,0.0
2020-01-21,0.496797904682163,0.503202095317837,0.0,0.0,0.0,0.0,0.0,0.0
2020-01-22,0.4961683924039934,0.5038316075960066,0.0,0.0,0.0,0.0,0.0,0.0
2020-01-23,0.4956522436040369,0.5043477563959631,0.0,0.0,0.0,0.0,0.0,0.0
2020-01-24,0.4955316888552992,0.5044683111447008,0.0,0.0,0.0,0.0,0.0,0.0
2020-01-27,0.4967098029389305,0.5032901970610696,0.0,0.0,0.0,0.0,0.0,0.0
2020-01-28,0.49550530318201724,0.5044946968179828,0.0,0.0,0.0,0.0,0.0,0.0
2020-01-29,0.4948927477437557,0.5051072522562444,0.0,0.0,0.0,0.0,0.0,0.0
2020-01-30,0.4948138148479618,0.5051861851520383,0.0,0.0,0.0,0.0,0.0,0.0
2020-01-31,0.4942291168504891,0.5057708831495109,0.0,0.0,0.0,0.0,0.0,0.0
2020-02-03,0.0,0.5,0.0,0.0,0.0,0.0,0.5,0.0
2020-02-04,0.0,0.5090461911754257,0.0,0.0,0.0,0.0,0.4909538088245743,0.0
2020-02-05,0.0,0.5126163521053732,0.0,0.0,0.0,0.0,0.48738364789462674,0.0
2020-02-06,0.0,0.5136402384808921,0.0,0.0,0.0,0.0,0.4863597615191078,0.0
2020-02-07,0.0,0.5094645997832113,0.0,0.0,0.0,0.0,0.49053540021678876,0.0
2020-02-10,0.0,0.511775457740058,0.0,0.0,0.0,0.0,0.4882245422599421,0.0
2020-02-11,0.0,0.513081148059012,0.0,0.0,0.0,0.0,0.486918851940988,0.0
2020-02-12,0.0,0.5167709125362964,0.0,0.0,0.0,0.0,0.48322908746370363,0.0
2020-02-13,0.0,0.5154946437300603,0.0,0.0,0.0,0.0,0.4845053562699396,0.0
2020-02-14,0.0,0.5151178312598577,0.0,0.0,0.0,0.0,0.48488216874014234,0.0
2020-02-18,0.0,0.5135087701825736,0.0,0.0,0.0,0.0,0.48649122981742654,0.0
2020-02-19,0.0,0.5159087033977845,0.0,0.0,0.0,0.0,0.48409129660221545,0.0
2020-02-20,0.0,0.5116296153437796,0.0,0.0,0.0,0.0,0.4883703846562203,0.0
2020-02-21,0.0,0.5044582405410653,0.0,0.0,0.0,0.0,0.49554175945893464,0.0
2020-02-24,0.0,0.4909230963910189,0.0,0.0,0.0,0.0,0.5090769036089811,0.0
2020-02-25,0.0,0.48270932801622296,0.0,0.0,0.0,0.0,0.5172906719837771,0.0
2020-02-26,0.0,0.485319314429331,0.0,0.0,0.0,0.0,0.514680685570669,0.0
2020-02-27,0.0,0.469811572329599,0.0,0.0,0.0,0.0,0.530188427670401,0.0
2020-02-28,0.0,0.46444624606860363,0.0,0.0,0.0,0.0,0.5355537539313964,0.0
2020-03-02,0.0,0.5,0.0,0.0,0.0,0.0,0.5,0.0
2020-03-03,0.0,0.48800262070450723,0.0,0.0,0.0,0.0,0.5119973792954928,0.0
2020-03-04,0.0,0.5008880313225604,0.0,0.0,0.0,0.0,0.4991119686774396,0.0
2020-03-05,0.0,0.48703061104272516,0.0,0.0,0.0,0.0,0.512969388957275,0.0
2020-03-06,0.0,0.47012578301086905,0.0,0.0,0.0,0.0,0.529874216989131,0.0
2020-03-09,0.0,0.44562166610583165,0.0,0.0,0.0,0.0,0.5543783338941684,0.0
2020-03-10,0.0,0.4718451274432644,0.0,0.0,0.0,0.0,0.5281548725567355,0.0
2020-03-11,0.0,0.47009096152426,0.0,0.0,0.0,0.0,0.52990903847574,0.0
2020-03-12,0.0,0.44469541302081506,0.0,0.0,0.0,0.0,0.555304586979185,0.0
2020-03-13,0.0,0.4705450676665631,0.0,0.0,0.0,0.0,0.529454932333437,0.0
2020-03-16,0.0,0.4235289657265791,0.0,0.0,0.0,0.0,0.5764710342734208,0.0
2020-03-17,0.0,0.4585480410648983,0.0,0.0,0.0,0.0,0.5414519589351017,0.0
2020-03-18,0.0,0.4653027896795091,0.0,0.0,0.0,0.0,0.534697210320491,0.0
2020-03-19,0.0,0.46011270161983936,0.0,0.0,0.0,0.0,0.5398872983801607,0.0
2020-03-20,0.0,0.4323288647642814,0.0,0.0,0.0,0.0,0.5676711352357187,0.0
2020-03-23,0.0,0.4226226105237568,0.0,0.0,0.0,0.0,0.5773773894762432,0.0
2020-03-24,0.0,0.44555639241780454,0.0,0.0,0.0,0.0,0.5544436075821955,0.0
2020-03-25,0.0,0.4442823508625485,0.0,0.0,0.0,0.0,0.5557176491374516,0.0
2020-03-26,0.0,0.4557686778032807,0.0,0.0,0.0,0.0,0.5442313221967194,0.0
2020-03-27,0.0,0.4405993880547183,0.0,0.0,0.0,0.0,0.5594006119452816,0.0
2020-03-30,0.0,0.4514684323151785,0.0,0.0,0.0,0.0,0.5485315676848216,0.0
2020-03-31,0.0,0.4513627963324009,0.0,0.0,0.0,0.0,0.548637203667599,0.0
2020-04-01,0.0,0.0,0.0,0.0,0.0,0.5,0.5,0.0
2020-04-02,0.0,0.0,0.0,0.0,0.0,0.5024837014213316,0.4975162985786683,0.0
2020-04-03,0.0,0.0,0.0,0.0,0.0,0.5031209018413165,0.4968790981586834,0.0
2020-04-06,0.0,0.0,0.0,0.0,0.0,0.5106063603809946,0.4893936396190054,0.0
2020-04-07,0.0,0.0,0.0,0.0,0.0,0.5118953848421451,0.48810461515785486,0.0
2020-04-08,0.0,0.0,0.0,0.0,0.0,0.511484469519572,0.48851553048042795,0.0
2020-04-09,0.0,0.0,0.0,0.0,0.0,0.5174723925860012,0.48252760741399875,0.0
2020-04-13,0.0,0.0,0.0,0.0,0.0,0.5240026526946342,0.47599734730536586,0.0
2020-04-14,0.0,0.0,0.0,0.0,0.0,0.5260180571278522,0.47398194287214773,0.0
2020-04-15,0.0,0.0,0.0,0.0,0.0,0.5182187079446758,0.48178129205532416,0.0
2020-04-16,0.0,0.0,0.0,0.0,0.0,0.5151824472114691,0.4848175527885309,0.0
2020-04-17,0.0,0.0,0.0,0.0,0.0,0.5136554662443574,0.4863445337556426,0.0
2020-04-20,0.0,0.0,0.0,0.0,0.0,0.5134276685738349,0.48657233142616513,0.0
2020-04-21,0.0,0.0,0.0,0.0,0.0,0.5085895826614221,0.491410417338578,0.0
2020-04-22,0.0,0.0,0.0,0.0,0.0,0.5160224234690161,0.48397757653098394,0.0
2020-04-23,0.0,0.0,0.0,0.0,0.0,0.5171737465299477,0.4828262534700522,0.0
2020-04-24,0.0,0.0,0.0,0.0,0.0,0.515515824723959,0.484484175276041,0.0
2020-04-27,0.0,0.0,0.0,0.0,0.0,0.5185440580571585,0.48145594194284147,0.0
2020-04-28,0.0,0.0,0.0,0.0,0.0,0.5145703863542692,0.4854296136457309,0.0
2020-04-29,0.0,0.0,0.0,0.0,0.0,0.5172478275936583,0.4827521724063418,0.0
2020-04-30,0.0,0.0,0.0,0.0,0.0,0.5156152945563887,0.48438470544361134,0.0
2020-05-01,0.0,0.0,0.0,0.0,0.0,0.5,0.5,0.0
2020-05-04,0.0,0.0,0.0,0.0,0.0,0.5020533780198247,0.4979466219801753,0.0
2020-05-05,0.0,0.0,0.0,0.0,0.0,0.5047166875127693,0.49528331248723084,0.0
2020-05-06,0.0,0.0,0.0,0.0,0.0,0.505548618381069,0.49445138161893104,0.0
2020-05-07,0.0,0.0,0.0,0.0,0.0,0.5052150640211668,0.49478493597883316,0.0
2020-05-08,0.0,0.0,0.0,0.0,0.0,0.5069793752104336,0.49302062478956654,0.0
2020-05-11,0.0,0.0,0.0,0.0,0.0,0.5073751226853738,0.4926248773146262,0.0
2020-05-12,0.0,0.0,0.0,0.0,0.0,0.5057928308400254,0.4942071691599746,0.0
2020-05-13,0.0,0.0,0.0,0.0,0.0,0.5064438084713134,0.4935561915286867,0.0
2020-05-14,0.0,0.0,0.0,0.0,0.0,0.5062117423307488,0.4937882576692512,0.0
2020-05-15,0.0,0.0,0.0,0.0,0.0,0.5082621717555125,0.49173782824448753,0.0
2020-05-18,0.0,0.0,0.0,0.0,0.0,0.5119122587251066,0.48808774127489335,0.0
2020-05-19,0.0,0.0,0.0,0.0,0.0,0.5133787751250949,0.4866212248749052,0.0
2020-05-20,0.0,0.0,0.0,0.0,0.0,0.5132243935716305,0.4867756064283695,0.0
2020-05-21,0.0,0.0,0.0,0.0,0.0,0.5089319761591901,0.49106802384081,0.0
2020-05-22,0.0,0.0,0.0,0.0,0.0,0.5089072630790435,0.49109273692095645,0.0
2020-05-26,0.0,0.0,0.0,0.0,0.0,0.5087033136538099,0.49129668634619006,0.0
2020-05-27,0.0,0.0,0.0,0.0,0.0,0.5096128255105671,0.49038717448943286,0.0
2020-05-28,0.0,0.0,0.0,0.0,0.0,0.5113699225622258,0.48863007743777415,0.0
2020-05-29,0.0,0.0,0.0,0.0,0.0,0.5114236982982835,0.48857630170171656,0.0
2020-06-01,0.0,0.5,0.0,0.0,0.0,0.5,0.0,0.0
2020-06-02,0.0,0.5032957057249511,0.0,0.0,0.0,0.4967042942750488,0.0,0.0
2020-06-03,0.0,0.509072523708047,0.0,0.0,0.0,0.490927476291953,0.0,0.0
2020-06-04,0.0,0.5046960528208165,0.0,0.0,0.0,0.4953039471791834,0.0,0.0
2020-06-05,0.0,0.5147211807505322,0.0,0.0,0.0,0.4852788192494678,0.0,0.0
2020-06-08,0.0,0.513963319215934,0.0,0.0,0.0,0.4860366807840661,0.0,0.0
2020-06-09,0.0,0.5133695608849279,0.0,0.0,0.0,0.4866304391150721,0.0,0.0
2020-06-10,0.0,0.512796696858829,0.0,0.0,0.0,0.4872033031411711,0.0,0.0
2020-06-11,0.0,0.5019047878888547,0.0,0.0,0.0,0.4980952121111452,0.0,0.0
2020-06-12,0.0,0.5035300623186697,0.0,0.0,0.0,0.49646993768133024,0.0,0.0
2020-06-15,0.0,0.5069993486823832,0.0,0.0,0.0,0.49300065131761683,0.0,0.0
2020-06-16,0.0,0.5113778412107429,0.0,0.0,0.0,0.488622158789257,0.0,0.0
2020-06-17,0.0,0.5116918860803055,0.0,0.0,0.0,0.48830811391969464,0.0,0.0
2020-06-18,0.0,0.5128601316729505,0.0,0.0,0.0,0.4871398683270495,0.0,0.0
2020-06-19,0.0,0.5100775245692512,0.0,0.0,0.0,0.4899224754307488,0.0,0.0
2020-06-22,0.0,0.5114468755962992,0.0,0.0,0.0,0.4885531244037007,0.0,0.0
2020-06-23,0.0,0.5114694804844607,0.0,0.0,0.0,0.4885305195155393,0.0,0.0
2020-06-24,0.0,0.5071357409801279,0.0,0.0,0.0,0.4928642590198721,0.0,0.0
2020-06-25,0.0,0.5096543323286715,0.0,0.0,0.0,0.49034566767132853,0.0,0.0
2020-06-26,0.0,0.5025676727979491,0.0,0.0,0.0,0.4974323272020509,0.0,0.0
2020-06-29,0.0,0.5051443403567165,0.0,0.0,0.0,0.4948556596432834,0.0,0.0
2020-06-30,0.0,0.5088887511362495,0.0,0.0,0.0,0.4911112488637504,0.0,0.0
2020-07-01,0.0,0.5,0.0,0.0,0.0,0.5,0.0,0.0
2020-07-02,0.0,0.5011513456889642,0.0,0.0,0.0,0.4988486543110357,0.0,0.0
2020-07-06,0.0,0.5057302004414531,0.0,0.0,0.0,0.494269799558547,0.0,0.0
2020-07-07,0.0,0.5024296618765057,0.0,0.0,0.0,0.4975703381234943,0.0,0.0
2020-07-08,0.0,0.504152965187038,0.0,0.0,0.0,0.495847034812962,0.0,0.0
2020-07-09,0.0,0.506926638461323,0.0,0.0,0.0,0.49307336153867704,0.0,0.0
2020-07-10,0.0,0.5092763950711572,0.0,0.0,0.0,0.4907236049288428,0.0,0.0
2020-07-13,0.0,0.5037710189709788,0.0,0.0,0.0,0.49622898102902135,0.0,0.0
2020-07-14,0.0,0.504371049038486,0.0,0.0,0.0,0.4956289509615141,0.0,0.0
2020-07-15,0.0,0.5046592432972025,0.0,0.0,0.0,0.4953407567027975,0.0,0.0
2020-07-16,0.0,0.5053218735901118,0.0,0.0,0.0,0.4946781264098882,0.0,0.0
2020-07-17,0.0,0.5035602189188454,0.0,0.0,0.0,0.49643978108115466,0.0,0.0
2020-07-20,0.0,0.5093510005260314,0.0,0.0,0.0,0.49064899947396856,0.0,0.0
2020-07-21,0.0,0.5037385361358605,0.0,0.0,0.0,0.4962614638641396,0.0,0.0
2020-07-22,0.0,0.500845727775773,0.0,0.0,0.0,0.49915427222422715,0.0,0.0
2020-07-23,0.0,0.49203291259168724,0.0,0.0,0.0,0.5079670874083126,0.0,0.0
2020-07-24,0.0,0.48751397027268095,0.0,0.0,0.0,0.5124860297273189,0.0,0.0
2020-07-27,0.0,0.48704545895723866,0.0,0.0,0.0,0.5129545410427613,0.0,0.0
2020-07-28,0.0,0.48177232596674113,0.0,0.0,0.0,0.5182276740332589,0.0,0.0
2020-07-29,0.0,0.48276556688871136,0.0,0.0,0.0,0.5172344331112887,0.0,0.0
2020-07-30,0.0,0.48592485639419436,0.0,0.0,0.0,0.5140751436058055,0.0,0.0
2020-07-31,0.0,0.48808367787681184,0.0,0.0,0.0,0.5119163221231882,0.0,0.0
2020-08-03,0.0,0.5,0.0,0.0,0.0,0.5,0.0,0.0
2020-08-04,0.0,0.4956628268632318,0.0,0.0,0.0,0.5043371731367681,0.0,0.0
2020-08-05,0.0,0.4939716499777229,0.0,0.0,0.0,0.506028350022277,0.0,0.0
2020-08-06,0.0,0.4939644825260416,0.0,0.0,0.0,0.5060355174739585,0.0,0.0
2020-08-07,0.0,0.49506508884013045,0.0,0.0,0.0,0.5049349111598694,0.0,0.0
2020-08-10,0.0,0.49486080431816754,0.0,0.0,0.0,0.5051391956818325,0.0,0.0
2020-08-11,0.0,0.5038772118921634,0.0,0.0,0.0,0.4961227881078365,0.0,0.0
2020-08-12,0.0,0.5112554026824907,0.0,0.0,0.0,0.48874459731750935,0.0,0.0
2020-08-13,0.0,0.5059906781246262,0.0,0.0,0.0,0.4940093218753738,0.0,0.0
2020-08-14,0.0,0.5067763164660951,0.0,0.0,0.0,0.49322368353390483,0.0,0.0
2020-08-17,0.0,0.504297134126322,0.0,0.0,0.0,0.49570286587367796,0.0,0.0
2020-08-18,0.0,0.5044500069443649,0.0,0.0,0.0,0.49554999305563513,0.0,0.0
2020-08-19,0.0,0.5107795607866342,0.0,0.0,0.0,0.4892204392133657,0.0,0.0
2020-08-20,0.0,0.5125001443528673,0.0,0.0,0.0,0.4874998556471327,0.0,0.0
2020-08-21,0.0,0.5162345051770016,0.0,0.0,0.0,0.4837654948229984,0.0,0.0
2020-08-24,0.0,0.5192055458862683,0.0,0.0,0.0,0.48079445411373173,0.0,0.0
2020-08-25,0.0,0.5208571013022958,0.0,0.0,0.0,0.4791428986977043,0.0,0.0
2020-08-26,0.0,0.523196242027774,0.0,0.0,0.0,0.47680375797222596,0.0,0.0
2020-08-27,0.0,0.5253181669050987,0.0,0.0,0.0,0.4746818330949014,0.0,0.0
2020-08-28,0.0,0.5222853733598938,0.0,0.0,0.0,0.4777146266401063,0.0,0.0
2020-08-31,0.0,0.5236868870562917,0.0,0.0,0.0,0.4763131129437083,0.0,0.0
2020-09-01,0.0,0.5,0.0,0.0,0.0,0.5,0.0,0.0
2020-09-02,0.0,0.5056605773283073,0.0,0.0,0.0,0.4943394226716928,0.0,0.0
2020-09-03,0.0,0.49468765920211377,0.0,0.0,0.0,0.5053123407978862,0.0,0.0
2020-09-04,0.0,0.4906456125510556,0.0,0.0,0.0,0.5093543874489443,0.0,0.0
2020-09-08,0.0,0.47882494155367467,0.0,0.0,0.0,0.5211750584463253,0.0,0.0
2020-09-09,0.0,0.48364095027244536,0.0,0.0,0.0,0.5163590497275548,0.0,0.0
2020-09-10,0.0,0.47941930553788803,0.0,0.0,0.0,0.5205806944621121,0.0,0.0
2020-09-11,0.0,0.47769523800835373,0.0,0.0,0.0,0.5223047619916463,0.0,0.0
2020-09-14,0.0,0.4800419578167295,0.0,0.0,0.0,0.5199580421832706,0.0,0.0
2020-09-15,0.0,0.48415406232574887,0.0,0.0,0.0,0.515845937674251,0.0,0.0
2020-09-16,0.0,0.47943388106460405,0.0,0.0,0.0,0.520566118935396,0.0,0.0
2020-09-17,0.0,0.47687884926176527,0.0,0.0,0.0,0.5231211507382347,0.0,0.0
2020-09-18,0.0,0.4733486713594619,0.0,0.0,0.0,0.5266513286405381,0.0,0.0
2020-09-21,0.0,0.47900746161688673,0.0,0.0,0.0,0.5209925383831132,0.0,0.0
2020-09-22,0.0,0.4848164747423696,0.0,0.0,0.0,0.5151835252576303,0.0,0.0
2020-09-23,0.0,0.48252721473312643,0.0,0.0,0.0,0.5174727852668735,0.0,0.0
2020-09-24,0.0,0.48276027914205755,0.0,0.0,0.0,0.5172397208579423,0.0,0.0
2020-09-25,0.0,0.4892142054795217,0.0,0.0,0.0,0.5107857945204783,0.0,0.0
2020-09-28,0.0,0.4918498030705561,0.0,0.0,0.0,0.5081501969294439,0.0,0.0
2020-09-29,0.0,0.48862189357367997,0.0,0.0,0.0,0.51137810642632,0.0,0.0
2020-09-30,0.0,0.49183274966099183,0.0,0.0,0.0,0.5081672503390082,0.0,0.0
2020-10-01,0.0,0.5,0.0,0.0,0.0,0.5,0.0,0.0
2020-10-02,0.0,0.4930907887609842,0.0,0.0,0.0,0.5069092112390159,0.0,0.0
2020-10-05,0.0,0.4971506343288791,0.0,0.0,0.0,0.5028493656711208,0.0,0.0
2020-10-06,0.0,0.49560629451121063,0.0,0.0,0.0,0.5043937054887893,0.0,0.0
2020-10-07,0.0,0.500006802066613,0.0,0.0,0.0,0.499993197933387,0.0,0.0
2020-10-08,0.0,0.5004468745442678,0.0,0.0,0.0,0.4995531254557321,0.0,0.0
2020-10-09,0.0,0.499738293572744,0.0,0.0,0.0,0.5002617064272561,0.0,0.0
2020-10-12,0.0,0.5080575915337022,0.0,0.0,0.0,0.4919424084662978,0.0,0.0
2020-10-13,0.0,0.5120108769070092,0.0,0.0,0.0,0.48798912309299075,0.0,0.0
2020-10-14,0.0,0.5091428368700747,0.0,0.0,0.0,0.4908571631299253,0.0,0.0
2020-10-15,0.0,0.5065501377010053,0.0,0.0,0.0,0.4934498622989946,0.0,0.0
2020-10-16,0.0,0.5060440279571442,0.0,0.0,0.0,0.49395597204285585,0.0,0.0
2020-10-19,0.0,0.50180313051332,0.0,0.0,0.0,0.4981968694866799,0.0,0.0
2020-10-20,0.0,0.5011376203368808,0.0,0.0,0.0,0.4988623796631192,0.0,0.0
2020-10-21,0.0,0.4990683507260222,0.0,0.0,0.0,0.5009316492739779,0.0,0.0
2020-10-22,0.0,0.5015218148981464,0.0,0.0,0.0,0.49847818510185365,0.0,0.0
2020-10-23,0.0,0.5022797556299039,0.0,0.0,0.0,0.49772024437009604,0.0,0.0
2020-10-26,0.0,0.4986282953621094,0.0,0.0,0.0,0.5013717046378906,0.0,0.0
2020-10-27,0.0,0.49991569095752814,0.0,0.0,0.0,0.5000843090424718,0.0,0.0
2020-10-28,0.0,0.49404289362059145,0.0,0.0,0.0,0.5059571063794085,0.0,0.0
2020-10-29,0.0,0.4994148128920991,0.0,0.0,0.0,0.5005851871079008,0.0,0.0
2020-10-30,0.0,0.49185535117532664,0.0,0.0,0.0,0.5081446488246734,0.0,0.0
2020-11-02,0.0,0.5,0.0,0.0,0.0,0.5,0.0,0.0
2020-11-03,0.0,0.502872109483043,0.0,0.0,0.0,0.49712789051695694,0.0,0.0
2020-11-04,0.0,0.5139260641930631,0.0,0.0,0.0,0.486073935806937,0.0,0.0
2020-11-05,0.0,0.5146787094377538,0.0,0.0,0.0,0.48532129056224615,0.0,0.0
2020-11-06,0.0,0.5145104838438473,0.0,0.0,0.0,0.4854895161561526,0.0,0.0
2020-11-09,0.0,0.5206616364076938,0.0,0.0,0.0,0.47933836359230614,0.0,0.0
2020-11-10,0.0,0.5153226280175552,0.0,0.0,0.0,0.4846773719824447,0.0,0.0
2020-11-11,0.0,0.5219280181928952,0.0,0.0,0.0,0.47807198180710475,0.0,0.0
2020-11-12,0.0,0.5192458860730587,0.0,0.0,0.0,0.48075411392694134,0.0,0.0
2020-11-13,0.0,0.5197295711338361,0.0,0.0,0.0,0.4802704288661638,0.0,0.0
2020-11-16,0.0,0.521683474183708,0.0,0.0,0.0,0.47831652581629214,0.0,0.0
2020-11-17,0.0,0.5218078319554352,0.0,0.0,0.0,0.47819216804456477,0.0,0.0
2020-11-18,0.0,0.5213888926552134,0.0,0.0,0.0,0.47861110734478657,0.0,0.0
2020-11-19,0.0,0.5238031124975396,0.0,0.0,0.0,0.4761968875024604,0.0,0.0
2020-11-20,0.0,0.5213368788503413,0.0,0.0,0.0,0.47866312114965875,0.0,0.0
2020-11-23,0.0,0.5263066303447188,0.0,0.0,0.0,0.47369336965528125,0.0,0.0
2020-11-24,0.0,0.5336299607167385,0.0,0.0,0.0,0.46637003928326154,0.0,0.0
2020-11-25,0.0,0.5352720697026466,0.0,0.0,0.0,0.46472793029735343,0.0,0.0
2020-11-27,0.0,0.5400871484530569,0.0,0.0,0.0,0.459912851546943,0.0,0.0
2020-11-30,0.0,0.5422562117998351,0.0,0.0,0.0,0.4577437882001648,0.0,0.0
2020-12-01,0.0,0.5,0.0,0.0,0.0,0.5,0.0,0.0
2020-12-02,0.0,0.4984477169433006,0.0,0.0,0.0,0.5015522830566994,0.0,0.0
2020-12-03,0.0,0.4968406947646234,0.0,0.0,0.0,0.5031593052353767,0.0,0.0
2020-12-04,0.0,0.49856720163206003,0.0,0.0,0.0,0.5014327983679399,0.0,0.0
2020-12-07,0.0,0.49627789801651345,0.0,0.0,0.0,0.5037221019834864,0.0,0.0
2020-12-08,0.0,0.49625222492527293,0.0,0.0,0.0,0.503747775074727,0.0,0.0
2020-12-09,0.0,0.49483750887725536,0.0,0.0,0.0,0.5051624911227446,0.0,0.0
2020-12-10,0.0,0.4963180577351178,0.0,0.0,0.0,0.5036819422648823,0.0,0.0
2020-12-11,0.0,0.4952996385396284,0.0,0.0,0.0,0.5047003614603717,0.0,0.0
2020-12-14,0.0,0.4984873598089009,0.0,0.0,0.0,0.5015126401910991,0.0,0.0
2020-12-15,0.0,0.49767210129458245,0.0,0.0,0.0,0.5023278987054175,0.0,0.0
2020-12-16,0.0,0.4976673540428109,0.0,0.0,0.0,0.5023326459571891,0.0,0.0
2020-12-17,0.0,0.49668009528875573,0.0,0.0,0.0,0.5033199047112442,0.0,0.0
2020-12-18,0.0,0.4963480240733703,0.0,0.0,0.0,0.5036519759266296,0.0,0.0
2020-12-21,0.0,0.4966746367367011,0.0,0.0,0.0,0.503325363263299,0.0,0.0
2020-12-22,0.0,0.49933701651352996,0.0,0.0,0.0,0.50066298348647,0.0,0.0
2020-12-23,0.0,0.4964184396545873,0.0,0.0,0.0,0.5035815603454126,0.0,0.0
2020-12-24,0.0,0.4965247779551719,0.0,0.0,0.0,0.5034752220448281,0.0,0.0
2020-12-28,0.0,0.4999407987069885,0.0,0.0,0.0,0.5000592012930114,0.0,0.0
2020-12-29,0.0,0.4992555711306791,0.0,0.0,0.0,0.5007444288693209,0.0,0.0
2020-12-30,0.0,0.49735717971245585,0.0,0.0,0.0,0.502642820287544,0.0,0.0
2020-12-31,0.0,0.4970446143398407,0.0,0.0,0.0,0.5029553856601593,0.0,0.0
2021-01-04,0.0,0.5,0.0,0.0,0.0,0.5,0.0,0.0
2021-01-05,0.0,0.5013132949659588,0.0,0.0,0.0,0.49868670503404133,0.0,0.0
2021-01-06,0.0,0.501919617359603,0.0,0.0,0.0,0.49808038264039706,0.0,0.0
2021-01-07,0.0,0.5084791099609015,0.0,0.0,0.0,0.4915208900390985,0.0,0.0
2021-01-08,0.0,0.5203648540616866,0.0,0.0,0.0,0.47963514593831336,0.0,0.0
2021-01-11,0.0,0.5172213556770802,0.0,0.0,0.0,0.48277864432291984,0.0,0.0
2021-01-12,0.0,0.5152122897958629,0.0,0.0,0.0,0.4847877102041372,0.0,0.0
2021-01-13,0.0,0.5179710377605037,0.0,0.0,0.0,0.48202896223949643,0.0,0.0
2021-01-14,0.0,0.5167619115632017,0.0,0.0,0.0,0.4832380884367982,0.0,0.0
2021-01-15,0.0,0.5178936434012816,0.0,0.0,0.0,0.48210635659871837,0.0,0.0
2021-01-19,0.0,0.5194033051453023,0.0,0.0,0.0,0.4805966948546977,0.0,0.0
2021-01-20,0.0,0.521111241666975,0.0,0.0,0.0,0.4788887583330251,0.0,0.0
2021-01-21,0.0,0.5232558973794442,0.0,0.0,0.0,0.4767441026205558,0.0,0.0
2021-01-22,0.0,0.5245079724701692,0.0,0.0,0.0,0.47549202752983083,0.0,0.0
2021-01-25,0.0,0.5263457351596299,0.0,0.0,0.0,0.47365426484037004,0.0,0.0
2021-01-26,0.0,0.5273268573325349,0.0,0.0,0.0,0.472673142667465,0.0,0.0
2021-01-27,0.0,0.5218608902856209,0.0,0.0,0.0,0.4781391097143792,0.0,0.0
2021-01-28,0.0,0.5231014550966612,0.0,0.0,0.0,0.47689854490333883,0.0,0.0
2021-01-29,0.0,0.5178959640949848,0.0,0.0,0.0,0.48210403590501516,0.0,0.0
2021-02-01,0.0,0.5,0.5,0.0,0.0,0.0,0.0,0.0
2021-02-02,0.0,0.5005096821927909,0.4994903178072092,0.0,0.0,0.0,0.0,0.0
2021-02-03,0.0,0.498767970041613,0.501232029958387,0.0,0.0,0.0,0.0,0.0
2021-02-04,0.0,0.49665942876914904,0.503340571230851,0.0,0.0,0.0,0.0,0.0
2021-02-05,0.0,0.49406492147139314,0.505935078528607,0.0,0.0,0.0,0.0,0.0
2021-02-08,0.0,0.4894318348912644,0.5105681651087357,0.0,0.0,0.0,0.0,0.0
2021-02-09,0.0,0.4882058953212605,0.5117941046787395,0.0,0.0,0.0,0.0,0.0
2021-02-10,0.0,0.48928249596820544,0.5107175040317945,0.0,0.0,0.0,0.0,0.0
2021-02-11,0.0,0.49093954758322167,0.5090604524167783,0.0,0.0,0.0,0.0,0.0
2021-02-12,0.0,0.4916277227759992,0.5083722772240008,0.0,0.0,0.0,0.0,0.0
2021-02-16,0.0,0.4925284653702955,0.5074715346297046,0.0,0.0,0.0,0.0,0.0
2021-02-17,0.0,0.4932930502272559,0.506706949772744,0.0,0.0,0.0,0.0,0.0
2021-02-18,0.0,0.49609928285340554,0.5039007171465945,0.0,0.0,0.0,0.0,0.0
2021-02-19,0.0,0.48984825290507955,0.5101517470949204,0.0,0.0,0.0,0.0,0.0
2021-02-22,0.0,0.484912172223163,0.515087827776837,0.0,0.0,0.0,0.0,0.0
2021-02-23,0.0,0.4863765272824686,0.5136234727175314,0.0,0.0,0.0,0.0,0.0
2021-02-24,0.0,0.48259391384463335,0.5174060861553667,0.0,0.0,0.0,0.0,0.0
2021-02-25,0.0,0.4831372722152964,0.5168627277847035,0.0,0.0,0.0,0.0,0.0
2021-02-26,0.0,0.4845238743295894,0.5154761256704107,0.0,0.0,0.0,0.0,0.0
2021-03-01,0.0,0.5,0.5,0.0,0.0,0.0,0.0,0.0
2021-03-02,0.0,0.5008152245211955,0.49918477547880447,0.0,0.0,0.0,0.0,0.0
2021-03-03,0.0,0.49617369945121764,0.5038263005487824,0.0,0.0,0.0,0.0,0.0
2021-03-04,0.0,0.49913511498324586,0.5008648850167542,0.0,0.0,0.0,0.0,0.0
2021-03-05,0.0,0.49762721610290167,0.5023727838970984,0.0,0.0,0.0,0.0,0.0
2021-03-08,0.0,0.4892682636745834,0.5107317363254166,0.0,0.0,0.0,0.0,0.0
2021-03-09,0.0,0.49373483139927266,0.5062651686007272,0.0,0.0,0.0,0.0,0.0
2021-03-10,0.0,0.48871590420198247,0.5112840957980176,0.0,0.0,0.0,0.0,0.0
2021-03-11,0.0,0.488966674704278,0.5110333252957221,0.0,0.0,0.0,0.0,0.0
2021-03-12,0.0,0.48546206267177855,0.5145379373282214,0.0,0.0,0.0,0.0,0.0
2021-03-15,0.0,0.4872305240588183,0.5127694759411818,0.0,0.0,0.0,0.0,0.0
2021-03-16,0.0,0.49281259223889873,0.5071874077611012,0.0,0.0,0.0,0.0,0.0
2021-03-17,0.0,0.49188466085301763,0.5081153391469824,0.0,0.0,0.0,0.0,0.0
2021-03-18,0.0,0.4918338597221373,0.5081661402778628,0.0,0.0,0.0,0.0,0.0
2021-03-19,0.0,0.49083404450064644,0.5091659554993536,0.0,0.0,0.0,0.0,0.0
2021-03-22,0.0,0.49736894527989295,0.502631054720107,0.0,0.0,0.0,0.0,0.0
2021-03-23,0.0,0.5055126499570437,0.49448735004295624,0.0,0.0,0.0,0.0,0.0
2021-03-24,0.0,0.5071097601309127,0.4928902398690872,0.0,0.0,0.0,0.0,0.0
2021-03-25,0.0,0.5008187895862314,0.49918121041376873,0.0,0.0,0.0,0.0,0.0
2021-03-26,0.0,0.5000242317695923,0.49997576823040757,0.0,0.0,0.0,0.0,0.0
2021-03-29,0.0,0.5070908320433296,0.4929091679566704,0.0,0.0,0.0,0.0,0.0
2021-03-30,0.0,0.5016554398244119,0.49834456017558815,0.0,0.0,0.0,0.0,0.0
2021-03-31,0.0,0.5021146457977315,0.49788535420226865,0.0,0.0,0.0,0.0,0.0
2021-04-01,0.0,0.5,0.5,0.0,0.0,0.0,0.0,0.0
2021-04-05,0.0,0.503571390285271,0.49642860971472913,0.0,0.0,0.0,0.0,0.0
2021-04-06,0.0,0.5041321168448109,0.49586788315518915,0.0,0.0,0.0,0.0,0.0
2021-04-07,0.0,0.5088026438453748,0.4911973561546252,0.0,0.0,0.0,0.0,0.0
2021-04-08,0.0,0.5092879095545582,0.4907120904454418,0.0,0.0,0.0,0.0,0.0
2021-04-09,0.0,0.5107636265433775,0.4892363734566225,0.0,0.0,0.0,0.0,0.0
2021-04-12,0.0,0.5114159418664586,0.4885840581335415,0.0,0.0,0.0,0.0,0.0
2021-04-13,0.0,0.5149695787683006,0.48503042123169937,0.0,0.0,0.0,0.0,0.0
2021-04-14,0.0,0.5095001848398184,0.4904998151601816,0.0,0.0,0.0,0.0,0.0
2021-04-15,0.0,0.5121759451791609,0.487824054820839,0.0,0.0,0.0,0.0,0.0
2021-04-16,0.0,0.5120675681764427,0.48793243182355733,0.0,0.0,0.0,0.0,0.0
2021-04-19,0.0,0.5130393044107695,0.48696069558923055,0.0,0.0,0.0,0.0,0.0
2021-04-20,0.0,0.5163795450255726,0.48362045497442735,0.0,0.0,0.0,0.0,0.0
2021-04-21,0.0,0.5124752856067726,0.48752471439322737,0.0,0.0,0.0,0.0,0.0
2021-04-22,0.0,0.5104802086946328,0.4895197913053672,0.0,0.0,0.0,0.0,0.0
2021-04-23,0.0,0.5089363280082827,0.4910636719917173,0.0,0.0,0.0,0.0,0.0
2021-04-26,0.0,0.5079702857679512,0.4920297142320487,0.0,0.0,0.0,0.0,0.0
2021-04-27,0.0,0.5065129318340443,0.4934870681659558,0.0,0.0,0.0,0.0,0.0
2021-04-28,0.0,0.5052398534831489,0.4947601465168512,0.0,0.0,0.0,0.0,0.0
2021-04-29,0.0,0.5070680743993924,0.4929319256006076,0.0,0.0,0.0,0.0,0.0
2021-04-30,0.0,0.5088462552239065,0.4911537447760935,0.0,0.0,0.0,0.0,0.0
2021-05-03,0.0,0.5,0.5,0.0,0.0,0.0,0.0,0.0
2021-05-04,0.0,0.4984649269124671,0.5015350730875329,0.0,0.0,0.0,0.0,0.0
2021-05-05,0.0,0.49862135921452494,0.5013786407854751,0.0,0.0,0.0,0.0,0.0
2021-05-06,0.0,0.5002852439845702,0.49971475601542986,0.0,0.0,0.0,0.0,0.0
2021-05-07,0.0,0.4991804691094811,0.5008195308905189,0.0,0.0,0.0,0.0,0.0
2021-05-10,0.0,0.49922349464106025,0.5007765053589398,0.0,0.0,0.0,0.0,0.0
2021-05-11,0.0,0.49967595774156065,0.5003240422584393,0.0,0.0,0.0,0.0,0.0
2021-05-12,0.0,0.5013726819479452,0.49862731805205485,0.0,0.0,0.0,0.0,0.0
2021-05-13,0.0,0.4987375739168083,0.5012624260831916,0.0,0.0,0.0,0.0,0.0
2021-05-14,0.0,0.49816350655011066,0.5018364934498893,0.0,0.0,0.0,0.0,0.0
2021-05-17,0.0,0.49630328238682114,0.5036967176131788,0.0,0.0,0.0,0.0,0.0
2021-05-18,0.0,0.4965148452767067,0.5034851547232934,0.0,0.0,0.0,0.0,0.0
2021-05-19,0.0,0.4987327506333701,0.50126724936663,0.0,0.0,0.0,0.0,0.0
2021-05-20,0.0,0.5018645864903123,0.49813541350968776,0.0,0.0,0.0,0.0,0.0
2021-05-21,0.0,0.499828484145386,0.500171515854614,0.0,0.0,0.0,0.0,0.0
2021-05-24,0.0,0.5023783280305266,0.4976216719694733,0.0,0.0,0.0,0.0,0.0
2021-05-25,0.0,0.5051519233400407,0.4948480766599594,0.0,0.0,0.0,0.0,0.0
2021-05-26,0.0,0.501401096145266,0.498598903854734,0.0,0.0,0.0,0.0,0.0
2021-05-27,0.0,0.49790276106219694,0.5020972389378031,0.0,0.0,0.0,0.0,0.0
2021-05-28,0.0,0.49885637485595746,0.5011436251440424,0.0,0.0,0.0,0.0,0.0
2021-06-01,0.0,0.5,0.5,0.0,0.0,0.0,0.0,0.0
2021-06-02,0.0,0.5001919566621836,0.4998080433378164,0.0,0.0,0.0,0.0,0.0
2021-06-03,0.0,0.49967704579756445,0.5003229542024356,0.0,0.0,0.0,0.0,0.0
2021-06-04,0.0,0.5028040851001723,0.4971959148998278,0.0,0.0,0.0,0.0,0.0
2021-06-07,0.0,0.5002170896474278,0.4997829103525723,0.0,0.0,0.0,0.0,0.0
2021-06-08,0.0,0.4977028764085688,0.5022971235914312,0.0,0.0,0.0,0.0,0.0
2021-06-09,0.0,0.49943166956351076,0.5005683304364893,0.0,0.0,0.0,0.0,0.0
2021-06-10,0.0,0.5038840622838924,0.4961159377161077,0.0,0.0,0.0,0.0,0.0
2021-06-11,0.0,0.5019121260357445,0.4980878739642554,0.0,0.0,0.0,0.0,0.0
2021-06-14,0.0,0.5050310627287337,0.4949689372712663,0.0,0.0,0.0,0.0,0.0
2021-06-15,0.0,0.5041082593623271,0.4958917406376729,0.0,0.0,0.0,0.0,0.0
2021-06-16,0.0,0.5037258090840429,0.4962741909159572,0.0,0.0,0.0,0.0,0.0
2021-06-17,0.0,0.5097009504910813,0.49029904950891867,0.0,0.0,0.0,0.0,0.0
2021-06-18,0.0,0.5134702785241387,0.48652972147586127,0.0,0.0,0.0,0.0,0.0
2021-06-21,0.0,0.509731596586083,0.4902684034139169,0.0,0.0,0.0,0.0,0.0
2021-06-22,0.0,0.5109183914121971,0.4890816085878029,0.0,0.0,0.0,0.0,0.0
2021-06-23,0.0,0.5102196393379159,0.489780360662084,0.0,0.0,0.0,0.0,0.0
2021-06-24,0.0,0.5082544573315774,0.49174554266842263,0.0,0.0,0.0,0.0,0.0
2021-06-25,0.0,0.5075270915643347,0.4924729084356652,0.0,0.0,0.0,0.0,0.0
2021-06-28,0.0,0.5125353520228234,0.48746464797717654,0.0,0.0,0.0,0.0,0.0
2021-06-29,0.0,0.5146331618706229,0.4853668381293772,0.0,0.0,0.0,0.0,0.0
2021-06-30,0.0,0.5142060601336841,0.4857939398663159,0.0,0.0,0.0,0.0,0.0
2021-07-01,0.0,0.5,0.5,0.0,0.0,0.0,0.0,0.0
2021-07-02,0.0,0.5052413297951154,0.4947586702048847,0.0,0.0,0.0,0.0,0.0
2021-07-06,0.0,0.5099774333014372,0.4900225666985628,0.0,0.0,0.0,0.0,0.0
2021-07-07,0.0,0.5128380871831633,0.4871619128168367,0.0,0.0,0.0,0.0,0.0
2021-07-08,0.0,0.5136352392384679,0.4863647607615322,0.0,0.0,0.0,0.0,0.0
2021-07-09,0.0,0.5099709441189982,0.4900290558810018,0.0,0.0,0.0,0.0,0.0
2021-07-12,0.0,0.5107354151732008,0.48926458482679924,0.0,0.0,0.0,0.0,0.0
2021-07-13,0.0,0.5154886715038498,0.48451132849615025,0.0,0.0,0.0,0.0,0.0
2021-07-14,0.0,0.5198186696275957,0.4801813303724044,0.0,0.0,0.0,0.0,0.0
2021-07-15,0.0,0.5194775066599362,0.48052249334006386,0.0,0.0,0.0,0.0,0.0
2021-07-16,0.0,0.5205403887514818,0.4794596112485182,0.0,0.0,0.0,0.0,0.0
2021-07-19,0.0,0.5222538790622672,0.47774612093773283,0.0,0.0,0.0,0.0,0.0
2021-07-20,0.0,0.5175091647782288,0.48249083522177105,0.0,0.0,0.0,0.0,0.0
2021-07-21,0.0,0.515164934802435,0.4848350651975651,0.0,0.0,0.0,0.0,0.0
2021-07-22,0.0,0.5208108584015931,0.47918914159840686,0.0,0.0,0.0,0.0,0.0
2021-07-23,0.0,0.5225458823553516,0.47745411764464846,0.0,0.0,0.0,0.0,0.0
2021-07-26,0.0,0.5220160334516442,0.4779839665483558,0.0,0.0,0.0,0.0,0.0
2021-07-27,0.0,0.5221810193841744,0.4778189806158257,0.0,0.0,0.0,0.0,0.0
2021-07-28,0.0,0.51949487341087,0.48050512658912997,0.0,0.0,0.0,0.0,0.0
2021-07-29,0.0,0.5180235302415163,0.4819764697584838,0.0,0.0,0.0,0.0,0.0
2021-07-30,0.0,0.5183736537080842,0.4816263462919158,0.0,0.0,0.0,0.0,0.0
2021-08-02,0.0,0.5,0.5,0.0,0.0,0.0,0.0,0.0
2021-08-03,0.0,0.5004786422670144,0.4995213577329855,0.0,0.0,0.0,0.0,0.0
2021-08-04,0.0,0.5039718492521067,0.49602815074789325,0.0,0.0,0.0,0.0,0.0
2021-08-05,0.0,0.5010994401470644,0.4989005598529357,0.0,0.0,0.0,0.0,0.0
2021-08-06,0.0,0.4984748390862391,0.501525160913761,0.0,0.0,0.0,0.0,0.0
2021-08-09,0.0,0.5003165666782667,0.4996834333217332,0.0,0.0,0.0,0.0,0.0
2021-08-10,0.0,0.4985371857859104,0.5014628142140897,0.0,0.0,0.0,0.0,0.0
2021-08-11,0.0,0.4968863674337892,0.5031136325662107,0.0,0.0,0.0,0.0,0.0
2021-08-12,0.0,0.49837887364853223,0.5016211263514677,0.0,0.0,0.0,0.0,0.0
2021-08-13,0.0,0.501539321935429,0.4984606780645709,0.0,0.0,0.0,0.0,0.0
2021-08-16,0.0,0.5039875736022172,0.49601242639778276,0.0,0.0,0.0,0.0,0.0
2021-08-17,0.0,0.5048414220089622,0.49515857799103774,0.0,0.0,0.0,0.0,0.0
2021-08-18,0.0,0.5046166896301929,0.49538331036980704,0.0,0.0,0.0,0.0,0.0
2021-08-19,0.0,0.5088340580306308,0.4911659419693693,0.0,0.0,0.0,0.0,0.0
2021-08-20,0.0,0.507223160802382,0.4927768391976181,0.0,0.0,0.0,0.0,0.0
2021-08-23,0.0,0.5062235670310308,0.49377643296896917,0.0,0.0,0.0,0.0,0.0
2021-08-24,0.0,0.5045393884464736,0.49546061155352633,0.0,0.0,0.0,0.0,0.0
2021-08-25,0.0,0.5039487340351299,0.49605126596487004,0.0,0.0,0.0,0.0,0.0
2021-08-26,0.0,0.5050211519761536,0.49497884802384645,0.0,0.0,0.0,0.0,0.0
2021-08-27,0.0,0.5004868075516092,0.49951319244839076,0.0,0.0,0.0,0.0,0.0
2021-08-30,0.0,0.5043056789532766,0.49569432104672345,0.0,0.0,0.0,0.0,0.0
2021-08-31,0.0,0.5036144649738394,0.49638553502616056,0.0,0.0,0.0,0.0,0.0
2021-09-01,0.0,0.0,0.5,0.0,0.5,0.0,0.0,0.0
2021-09-02,0.0,0.0,0.5004197681519243,0.0,0.49958023184807565,0.0,0.0,0.0
2021-09-03,0.0,0.0,0.4992149366395279,0.0,0.500785063360472,0.0,0.0,0.0
2021-09-07,0.0,0.0,0.5003204900599795,0.0,0.4996795099400206,0.0,0.0,0.0
2021-09-08,0.0,0.0,0.49632735370993214,0.0,0.5036726462900679,0.0,0.0,0.0
2021-09-09,0.0,0.0,0.5013375182882731,0.0,0.4986624817117268,0.0,0.0,0.0
2021-09-10,0.0,0.0,0.502564278658983,0.0,0.497435721341017,0.0,0.0,0.0
2021-09-13,0.0,0.0,0.5022955807817594,0.0,0.49770441921824055,0.0,0.0,0.0
2021-09-14,0.0,0.0,0.49953338677685316,0.0,0.5004666132231468,0.0,0.0,0.0
2021-09-15,0.0,0.0,0.5009905927505901,0.0,0.49900940724940995,0.0,0.0,0.0
2021-09-16,0.0,0.0,0.5009609465517894,0.0,0.4990390534482106,0.0,0.0,0.0
2021-09-17,0.0,0.0,0.5035324542268769,0.0,0.49646754577312313,0.0,0.0,0.0
2021-09-20,0.0,0.0,0.4990483472066721,0.0,0.5009516527933279,0.0,0.0,0.0
2021-09-21,0.0,0.0,0.4993097395979185,0.0,0.5006902604020815,0.0,0.0,0.0
2021-09-22,0.0,0.0,0.5007424499244546,0.0,0.4992575500755455,0.0,0.0,0.0
2021-09-23,0.0,0.0,0.5056205583048644,0.0,0.4943794416951356,0.0,0.0,0.0
2021-09-24,0.0,0.0,0.5070990646820428,0.0,0.4929009353179572,0.0,0.0,0.0
2021-09-27,0.0,0.0,0.5142521192397479,0.0,0.485747880760252,0.0,0.0,0.0
2021-09-28,0.0,0.0,0.5102010342965108,0.0,0.48979896570348924,0.0,0.0,0.0
2021-09-29,0.0,0.0,0.5078032213446598,0.0,0.49219677865534023,0.0,0.0,0.0
2021-09-30,0.0,0.0,0.5096134138657994,0.0,0.4903865861342006,0.0,0.0,0.0
2021-10-01,0.0,0.0,0.5,0.0,0.5,0.0,0.0,0.0
2021-10-04,0.0,0.0,0.4976693150614472,0.0,0.5023306849385528,0.0,0.0,0.0
2021-10-05,0.0,0.0,0.500255726432449,0.0,0.4997442735675511,0.0,0.0,0.0
2021-10-06,0.0,0.0,0.4965733306749288,0.0,0.5034266693250712,0.0,0.0,0.0
2021-10-07,0.0,0.0,0.49972303248447697,0.0,0.5002769675155231,0.0,0.0,0.0
2021-10-08,0.0,0.0,0.5002065084135144,0.0,0.49979349158648556,0.0,0.0,0.0
2021-10-11,0.0,0.0,0.49813811379631273,0.0,0.5018618862036872,0.0,0.0,0.0
2021-10-12,0.0,0.0,0.49625419979270297,0.0,0.5037458002072971,0.0,0.0,0.0
2021-10-13,0.0,0.0,0.49562345703275973,0.0,0.5043765429672403,0.0,0.0,0.0
2021-10-14,0.0,0.0,0.49627889995414853,0.0,0.5037211000458516,0.0,0.0,0.0
2021-10-15,0.0,0.0,0.4956797835550532,0.0,0.5043202164449467,0.0,0.0,0.0
2021-10-18,0.0,0.0,0.494901768494534,0.0,0.5050982315054661,0.0,0.0,0.0
2021-10-19,0.0,0.0,0.4957160016887252,0.0,0.5042839983112748,0.0,0.0,0.0
2021-10-20,0.0,0.0,0.49346533804753795,0.0,0.5065346619524621,0.0,0.0,0.0
2021-10-21,0.0,0.0,0.4937565071737791,0.0,0.5062434928262209,0.0,0.0,0.0
2021-10-22,0.0,0.0,0.49199187267317934,0.0,0.5080081273268207,0.0,0.0,0.0
2021-10-25,0.0,0.0,0.4935537010709171,0.0,0.5064462989290829,0.0,0.0,0.0
2021-10-26,0.0,0.0,0.49097852845651263,0.0,0.5090214715434874,0.0,0.0,0.0
2021-10-27,0.0,0.0,0.48846791834385417,0.0,0.5115320816561459,0.0,0.0,0.0
2021-10-28,0.0,0.0,0.48993392395774177,0.0,0.5100660760422583,0.0,0.0,0.0
2021-10-29,0.0,0.0,0.49269431933089436,0.0,0.5073056806691058,0.0,0.0,0.0
2021-11-01,0.0,0.0,0.5,0.0,0.5,0.0,0.0,0.0
2021-11-02,0.0,0.0,0.49933944956126236,0.0,0.5006605504387377,0.0,0.0,0.0
2021-11-03,0.0,0.0,0.5029291624521807,0.0,0.4970708375478192,0.0,0.0,0.0
2021-11-04,0.0,0.0,0.5052222997220672,0.0,0.4947777002779327,0.0,0.0,0.0
2021-11-05,0.0,0.0,0.5073390436418123,0.0,0.49266095635818774,0.0,0.0,0.0
2021-11-08,0.0,0.0,0.5083176550139861,0.0,0.491682344986014,0.0,0.0,0.0
2021-11-09,0.0,0.0,0.5064286936117374,0.0,0.4935713063882627,0.0,0.0,0.0
2021-11-10,0.0,0.0,0.5036191289387794,0.0,0.4963808710612207,0.0,0.0,0.0
2021-11-11,0.0,0.0,0.5052124600163626,0.0,0.4947875399836375,0.0,0.0,0.0
2021-11-12,0.0,0.0,0.5056452633866779,0.0,0.494354736613322,0.0,0.0,0.0
2021-11-15,0.0,0.0,0.5029027573657675,0.0,0.49709724263423255,0.0,0.0,0.0
2021-11-16,0.0,0.0,0.5050212381236323,0.0,0.4949787618763677,0.0,0.0,0.0
2021-11-17,0.0,0.0,0.5009519766536478,0.0,0.49904802334635223,0.0,0.0,0.0
2021-11-18,0.0,0.0,0.4998444168120917,0.0,0.5001555831879083,0.0,0.0,0.0
2021-11-19,0.0,0.0,0.49903672798165893,0.0,0.5009632720183411,0.0,0.0,0.0
2021-11-22,0.0,0.0,0.4992077349951112,0.0,0.5007922650048888,0.0,0.0,0.0
2021-11-23,0.0,0.0,0.4967634677379872,0.0,0.5032365322620128,0.0,0.0,0.0
2021-11-24,0.0,0.0,0.49402260101575346,0.0,0.5059773989842464,0.0,0.0,0.0
2021-11-26,0.0,0.0,0.49146889999101634,0.0,0.5085311000089837,0.0,0.0,0.0
2021-11-29,0.0,0.0,0.4894674281990486,0.0,0.5105325718009514,0.0,0.0,0.0
2021-11-30,0.0,0.0,0.4890975161377592,0.0,0.5109024838622408,0.0,0.0,0.0
2021-12-01,0.0,0.5,0.0,0.0,0.5,0.0,0.0,0.0
2021-12-02,0.0,0.49440436675826616,0.0,0.0,0.505595633241734,0.0,0.0,0.0
2021-12-03,0.0,0.49085358048783195,0.0,0.0,0.509146419512168,0.0,0.0,0.0
2021-12-06,0.0,0.4885034875695092,0.0,0.0,0.5114965124304908,0.0,0.0,0.0
2021-12-07,0.0,0.49234305395910016,0.0,0.0,0.5076569460408998,0.0,0.0,0.0
2021-12-08,0.0,0.4916677402696309,0.0,0.0,0.5083322597303692,0.0,0.0,0.0
2021-12-09,0.0,0.49160305279557537,0.0,0.0,0.5083969472044246,0.0,0.0,0.0
2021-12-10,0.0,0.493537033671812,0.0,0.0,0.506462966328188,0.0,0.0,0.0
2021-12-13,0.0,0.4875646804424989,0.0,0.0,0.5124353195575011,0.0,0.0,0.0
2021-12-14,0.0,0.4881815059979292,0.0,0.0,0.5118184940020709,0.0,0.0,0.0
2021-12-15,0.0,0.49032946455929405,0.0,0.0,0.5096705354407061,0.0,0.0,0.0
2021-12-16,0.0,0.48391038192258085,0.0,0.0,0.5160896180774192,0.0,0.0,0.0
2021-12-17,0.0,0.4829740353191656,0.0,0.0,0.5170259646808344,0.0,0.0,0.0
2021-12-20,0.0,0.48249176914529446,0.0,0.0,0.5175082308547055,0.0,0.0,0.0
2021-12-21,0.0,0.48521947013680033,0.0,0.0,0.5147805298631997,0.0,0.0,0.0
2021-12-22,0.0,0.4856941600878554,0.0,0.0,0.5143058399121446,0.0,0.0,0.0
2021-12-23,0.0,0.4878353398428279,0.0,0.0,0.5121646601571721,0.0,0.0,0.0
2021-12-27,0.0,0.48772506026121676,0.0,0.0,0.5122749397387832,0.0,0.0,0.0
2021-12-28,0.0,0.4856456809987584,0.0,0.0,0.5143543190012415,0.0,0.0,0.0
2021-12-29,0.0,0.4839332094951281,0.0,0.0,0.5160667905048719,0.0,0.0,0.0
2021-12-30,0.0,0.482104308417243,0.0,0.0,0.5178956915827571,0.0,0.0,0.0
2021-12-31,0.0,0.47985102258093265,0.0,0.0,0.5201489774190673,0.0,0.0,0.0
2022-01-03,0.5,0.0,0.0,0.0,0.5,0.0,0.0,0.0
2022-01-04,0.5002204936742297,0.0,0.0,0.0,0.4997795063257703,0.0,0.0,0.0
2022-01-05,0.5026322374904212,0.0,0.0,0.0,0.4973677625095788,0.0,0.0,0.0
2022-01-06,0.5021734211885028,0.0,0.0,0.0,0.4978265788114971,0.0,0.0,0.0
2022-01-07,0.5028438541161728,0.0,0.0,0.0,0.49715614588382717,0.0,0.0,0.0
2022-01-10,0.5039777069149212,0.0,0.0,0.0,0.49602229308507884,0.0,0.0,0.0
2022-01-11,0.5058596181404732,0.0,0.0,0.0,0.4941403818595269,0.0,0.0,0.0
2022-01-12,0.5062406969451053,0.0,0.0,0.0,0.4937593030548947,0.0,0.0,0.0
2022-01-13,0.5032697901081685,0.0,0.0,0.0,0.4967302098918314,0.0,0.0,0.0
2022-01-14,0.5056451274728563,0.0,0.0,0.0,0.4943548725271438,0.0,0.0,0.0
2022-01-18,0.5038184711476844,0.0,0.0,0.0,0.49618152885231553,0.0,0.0,0.0
2022-01-19,0.5046014971366335,0.0,0.0,0.0,0.49539850286336645,0.0,0.0,0.0
2022-01-20,0.5050448216343826,0.0,0.0,0.0,0.4949551783656175,0.0,0.0,0.0
2022-01-21,0.5007055227221205,0.0,0.0,0.0,0.4992944772778794,0.0,0.0,0.0
2022-01-24,0.50129023950718,0.0,0.0,0.0,0.49870976049282006,0.0,0.0,0.0
2022-01-25,0.4992171135720118,0.0,0.0,0.0,0.5007828864279882,0.0,0.0,0.0
2022-01-26,0.5025243493550197,0.0,0.0,0.0,0.4974756506449803,0.0,0.0,0.0
2022-01-27,0.5054567919286367,0.0,0.0,0.0,0.4945432080713632,0.0,0.0,0.0
2022-01-28,0.5036274206299741,0.0,0.0,0.0,0.49637257937002577,0.0,0.0,0.0
2022-01-31,0.505035823338243,0.0,0.0,0.0,0.494964176661757,0.0,0.0,0.0
2022-02-01,0.5,0.0,0.0,0.0,0.5,0.0,0.0,0.0
2022-02-02,0.4992487786223872,0.0,0.0,0.0,0.5007512213776127,0.0,0.0,0.0
2022-02-03,0.49597509380897337,0.0,0.0,0.0,0.5040249061910267,0.0,0.0,0.0
2022-02-04,0.49963494112225504,0.0,0.0,0.0,0.500365058877745,0.0,0.0,0.0
2022-02-07,0.4991886268724845,0.0,0.0,0.0,0.5008113731275156,0.0,0.0,0.0
2022-02-08,0.5024079988048136,0.0,0.0,0.0,0.4975920011951865,0.0,0.0,0.0
2022-02-09,0.5004511569022184,0.0,0.0,0.0,0.4995488430977815,0.0,0.0,0.0
2022-02-10,0.5018917824155413,0.0,0.0,0.0,0.49810821758445867,0.0,0.0,0.0
2022-02-11,0.49920213587630424,0.0,0.0,0.0,0.5007978641236958,0.0,0.0,0.0
2022-02-14,0.5006694947345139,0.0,0.0,0.0,0.4993305052654861,0.0,0.0,0.0
2022-02-15,0.502431508288638,0.0,0.0,0.0,0.49756849171136197,0.0,0.0,0.0
2022-02-16,0.5015519331721178,0.0,0.0,0.0,0.4984480668278823,0.0,0.0,0.0
2022-02-17,0.4988190789068205,0.0,0.0,0.0,0.5011809210931796,0.0,0.0,0.0
2022-02-18,0.49870984271886565,0.0,0.0,0.0,0.5012901572811342,0.0,0.0,0.0
2022-02-22,0.49692094340104614,0.0,0.0,0.0,0.5030790565989539,0.0,0.0,0.0
2022-02-23,0.4966132740674653,0.0,0.0,0.0,0.5033867259325346,0.0,0.0,0.0
2022-02-24,0.49618072912996336,0.0,0.0,0.0,0.5038192708700366,0.0,0.0,0.0
2022-02-25,0.4956821570496038,0.0,0.0,0.0,0.5043178429503963,0.0,0.0,0.0
2022-02-28,0.4987923554754056,0.0,0.0,0.0,0.5012076445245944,0.0,0.0,0.0
2022-03-01,0.5,0.0,0.0,0.0,0.5,0.0,0.0,0.0
2022-03-02,0.49991915799075604,0.0,0.0,0.0,0.500080842009244,0.0,0.0,0.0
2022-03-03,0.49663486286541564,0.0,0.0,0.0,0.5033651371345844,0.0,0.0,0.0
2022-03-04,0.4934528376075388,0.0,0.0,0.0,0.5065471623924612,0.0,0.0,0.0
2022-03-07,0.4909633738991258,0.0,0.0,0.0,0.5090366261008742,0.0,0.0,0.0
2022-03-08,0.4902756714366158,0.0,0.0,0.0,0.5097243285633842,0.0,0.0,0.0
2022-03-09,0.4930709954736628,0.0,0.0,0.0,0.5069290045263373,0.0,0.0,0.0
2022-03-10,0.49131712658244703,0.0,0.0,0.0,0.5086828734175529,0.0,0.0,0.0
2022-03-11,0.4901120700812757,0.0,0.0,0.0,0.5098879299187242,0.0,0.0,0.0
2022-03-14,0.49023910533541654,0.0,0.0,0.0,0.5097608946645834,0.0,0.0,0.0
2022-03-15,0.49400476764951134,0.0,0.0,0.0,0.5059952323504887,0.0,0.0,0.0
2022-03-16,0.496535442089193,0.0,0.0,0.0,0.503464557910807,0.0,0.0,0.0
2022-03-17,0.4958081536064532,0.0,0.0,0.0,0.5041918463935467,0.0,0.0,0.0
2022-03-18,0.4985313706786496,0.0,0.0,0.0,0.5014686293213504,0.0,0.0,0.0
2022-03-21,0.4999902445098094,0.0,0.0,0.0,0.5000097554901907,0.0,0.0,0.0
2022-03-22,0.5022611284014682,0.0,0.0,0.0,0.4977388715985318,0.0,0.0,0.0
2022-03-23,0.5018412902710961,0.0,0.0,0.0,0.49815870972890375,0.0,0.0,0.0
2022-03-24,0.5040040737853322,0.0,0.0,0.0,0.4959959262146679,0.0,0.0,0.0
2022-03-25,0.5021199278107782,0.0,0.0,0.0,0.4978800721892218,0.0,0.0,0.0
2022-03-28,0.501246673014815,0.0,0.0,0.0,0.4987533269851851,0.0,0.0,0.0
2022-03-29,0.4970908076303027,0.0,0.0,0.0,0.5029091923696973,0.0,0.0,0.0
2022-03-30,0.4973587039346784,0.0,0.0,0.0,0.5026412960653215,0.0,0.0,0.0
2022-03-31,0.4965533081282778,0.0,0.0,0.0,0.5034466918717222,0.0,0.0,0.0
2022-04-01,0.5,0.0,0.0,0.0,0.5,0.0,0.0,0.0
2022-04-04,0.5033573743072114,0.0,0.0,0.0,0.49664262569278855,0.0,0.0,0.0
2022-04-05,0.5014104164750299,0.0,0.0,0.0,0.4985895835249701,0.0,0.0,0.0
2022-04-06,0.49594481284804337,0.0,0.0,0.0,0.5040551871519566,0.0,0.0,0.0
2022-04-07,0.4996979421078556,0.0,0.0,0.0,0.5003020578921443,0.0,0.0,0.0
2022-04-08,0.4986183796821295,0.0,0.0,0.0,0.5013816203178706,0.0,0.0,0.0
2022-04-11,0.49701012096878566,0.0,0.0,0.0,0.5029898790312144,0.0,0.0,0.0
2022-04-12,0.4964506589919848,0.0,0.0,0.0,0.5035493410080152,0.0,0.0,0.0
2022-04-13,0.4975288865794643,0.0,0.0,0.0,0.5024711134205356,0.0,0.0,0.0
2022-04-14,0.49547471175835983,0.0,0.0,0.0,0.5045252882416401,0.0,0.0,0.0
2022-04-18,0.49659102858264065,0.0,0.0,0.0,0.5034089714173594,0.0,0.0,0.0
2022-04-19,0.495205287488678,0.0,0.0,0.0,0.504794712511322,0.0,0.0,0.0
2022-04-20,0.4908980128805064,0.0,0.0,0.0,0.5091019871194935,0.0,0.0,0.0
2022-04-21,0.48887154029487356,0.0,0.0,0.0,0.5111284597051263,0.0,0.0,0.0
2022-04-22,0.48634230941747814,0.0,0.0,0.0,0.5136576905825219,0.0,0.0,0.0
2022-04-25,0.4884247998233327,0.0,0.0,0.0,0.5115752001766672,0.0,0.0,0.0
2022-04-26,0.4852244459338004,0.0,0.0,0.0,0.5147755540661997,0.0,0.0,0.0
2022-04-27,0.48757851188391743,0.0,0.0,0.0,0.5124214881160827,0.0,0.0,0.0
2022-04-28,0.4892517577032738,0.0,0.0,0.0,0.5107482422967262,0.0,0.0,0.0
2022-04-29,0.49158287853905064,0.0,0.0,0.0,0.5084171214609494,0.0,0.0,0.0
2022-05-02,0.0,0.0,0.0,0.0,0.5,0.5,0.0,0.0
2022-05-03,0.0,0.0,0.0,0.0,0.5024250270291544,0.4975749729708457,0.0,0.0
2022-05-04,0.0,0.0,0.0,0.0,0.5028377122211835,0.4971622877788165,0.0,0.0
2022-05-05,0.0,0.0,0.0,0.0,0.4970348839093398,0.5029651160906602,0.0,0.0
2022-05-06,0.0,0.0,0.0,0.0,0.4936364957731473,0.5063635042268526,0.0,0.0
2022-05-09,0.0,0.0,0.0,0.0,0.48602513602816505,0.5139748639718349,0.0,0.0
2022-05-10,0.0,0.0,0.0,0.0,0.483550802884315,0.5164491971156849,0.0,0.0
2022-05-11,0.0,0.0,0.0,0.0,0.48098668426002167,0.5190133157399783,0.0,0.0
2022-05-12,0.0,0.0,0.0,0.0,0.4867868139078196,0.5132131860921804,0.0,0.0
2022-05-13,0.0,0.0,0.0,0.0,0.49533582178133434,0.5046641782186657,0.0,0.0
2022-05-16,0.0,0.0,0.0,0.0,0.4913825148218127,0.5086174851781872,0.0,0.0
2022-05-17,0.0,0.0,0.0,0.0,0.4963389225842932,0.5036610774157068,0.0,0.0
2022-05-18,0.0,0.0,0.0,0.0,0.48884253613440026,0.5111574638655998,0.0,0.0
2022-05-19,0.0,0.0,0.0,0.0,0.48408671038207196,0.515913289617928,0.0,0.0
2022-05-20,0.0,0.0,0.0,0.0,0.485497719357098,0.514502280642902,0.0,0.0
2022-05-23,0.0,0.0,0.0,0.0,0.48721978401582683,0.5127802159841731,0.0,0.0
2022-05-24,0.0,0.0,0.0,0.0,0.4874482580126771,0.5125517419873228,0.0,0.0
2022-05-25,0.0,0.0,0.0,0.0,0.4910688037512112,0.5089311962487888,0.0,0.0
2022-05-26,0.0,0.0,0.0,0.0,0.49183856454149055,0.5081614354585094,0.0,0.0
2022-05-27,0.0,0.0,0.0,0.0,0.49832482361679237,0.5016751763832076,0.0,0.0
2022-05-31,0.0,0.0,0.0,0.0,0.4977256389258686,0.5022743610741314,0.0,0.0
2022-06-01,0.5,0.0,0.0,0.0,0.5,0.0,0.0,0.0
2022-06-02,0.5013043679321308,0.0,0.0,0.0,0.4986956320678691,0.0,0.0,0.0
2022-06-03,0.5005282987038421,0.0,0.0,0.0,0.4994717012961578,0.0,0.0,0.0
2022-06-06,0.5020781990658527,0.0,0.0,0.0,0.4979218009341473,0.0,0.0,0.0
2022-06-07,0.5010430382625075,0.0,0.0,0.0,0.49895696173749243,0.0,0.0,0.0
2022-06-08,0.5041423719535741,0.0,0.0,0.0,0.49585762804642597,0.0,0.0,0.0
2022-06-09,0.5041228107257943,0.0,0.0,0.0,0.49587718927420565,0.0,0.0,0.0
2022-06-10,0.5023717675618348,0.0,0.0,0.0,0.49762823243816534,0.0,0.0,0.0
2022-06-13,0.5055150869818248,0.0,0.0,0.0,0.49448491301817526,0.0,0.0,0.0
2022-06-14,0.5066713696122357,0.0,0.0,0.0,0.49332863038776437,0.0,0.0,0.0
2022-06-15,0.5043532699543615,0.0,0.0,0.0,0.49564673004563864,0.0,0.0,0.0
2022-06-16,0.5025995382177828,0.0,0.0,0.0,0.4974004617822171,0.0,0.0,0.0
2022-06-17,0.5012494566244484,0.0,0.0,0.0,0.4987505433755516,0.0,0.0,0.0
2022-06-21,0.5040111264857216,0.0,0.0,0.0,0.4959888735142784,0.0,0.0,0.0
2022-06-22,0.5004004323081759,0.0,0.0,0.0,0.4995995676918242,0.0,0.0,0.0
2022-06-23,0.49813403877935725,0.0,0.0,0.0,0.5018659612206429,0.0,0.0,0.0
2022-06-24,0.5006954364915095,0.0,0.0,0.0,0.49930456350849056,0.0,0.0,0.0
2022-06-27,0.5001148263439178,0.0,0.0,0.0,0.4998851736560822,0.0,0.0,0.0
2022-06-28,0.49801054163234737,0.0,0.0,0.0,0.5019894583676526,0.0,0.0,0.0
2022-06-29,0.4993632364084138,0.0,0.0,0.0,0.5006367635915863,0.0,0.0,0.0
2022-06-30,0.49778987465288155,0.0,0.0,0.0,0.5022101253471184,0.0,0.0,0.0
2022-07-01,0.0,0.0,0.0,0.0,0.5,0.5,0.0,0.0
2022-07-05,0.0,0.0,0.0,0.0,0.5046574913448115,0.4953425086551884,0.0,0.0
2022-07-06,0.0,0.0,0.0,0.0,0.5081892608800448,0.49181073911995526,0.0,0.0
2022-07-07,0.0,0.0,0.0,0.0,0.5087264666286087,0.4912735333713913,0.0,0.0
2022-07-08,0.0,0.0,0.0,0.0,0.5072921261386258,0.4927078738613742,0.0,0.0
2022-07-11,0.0,0.0,0.0,0.0,0.5080920664868819,0.49190793351311807,0.0,0.0
2022-07-12,0.0,0.0,0.0,0.0,0.508041470535988,0.4919585294640119,0.0,0.0
2022-07-13,0.0,0.0,0.0,0.0,0.5056430744636597,0.4943569255363402,0.0,0.0
2022-07-14,0.0,0.0,0.0,0.0,0.5069185767258514,0.49308142327414856,0.0,0.0
2022-07-15,0.0,0.0,0.0,0.0,0.5116217995347156,0.48837820046528424,0.0,0.0
2022-07-18,0.0,0.0,0.0,0.0,0.5096103367889261,0.49038966321107397,0.0,0.0
2022-07-19,0.0,0.0,0.0,0.0,0.5154016394232677,0.4845983605767324,0.0,0.0
2022-07-20,0.0,0.0,0.0,0.0,0.5171724499693501,0.48282755003064987,0.0,0.0
2022-07-21,0.0,0.0,0.0,0.0,0.5156465683496884,0.48435343165031153,0.0,0.0
2022-07-22,0.0,0.0,0.0,0.0,0.5163222599669364,0.4836777400330637,0.0,0.0
2022-07-25,0.0,0.0,0.0,0.0,0.5174294785903505,0.4825705214096495,0.0,0.0
2022-07-26,0.0,0.0,0.0,0.0,0.5179893182905945,0.48201068170940553,0.0,0.0
2022-07-27,0.0,0.0,0.0,0.0,0.5169563655752776,0.4830436344247225,0.0,0.0
2022-07-28,0.0,0.0,0.0,0.0,0.5218950135583347,0.4781049864416653,0.0,0.0
2022-07-29,0.0,0.0,0.0,0.0,0.522534429097413,0.47746557090258696,0.0,0.0
2022-08-01,0.0,0.0,0.0,0.0,0.5,0.5,0.0,0.0
2022-08-02,0.0,0.0,0.0,0.0,0.4982591766525155,0.5017408233474846,0.0,0.0
2022-08-03,0.0,0.0,0.0,0.0,0.4984488568401916,0.5015511431598084,0.0,0.0
2022-08-04,0.0,0.0,0.0,0.0,0.49396195429979894,0.5060380457002011,0.0,0.0
2022-08-05,0.0,0.0,0.0,0.0,0.49748361453384166,0.5025163854661583,0.0,0.0
2022-08-08,0.0,0.0,0.0,0.0,0.4975997596384636,0.5024002403615363,0.0,0.0
2022-08-09,0.0,0.0,0.0,0.0,0.4982069552648423,0.5017930447351577,0.0,0.0
2022-08-10,0.0,0.0,0.0,0.0,0.5026050323113591,0.49739496768864083,0.0,0.0
2022-08-11,0.0,0.0,0.0,0.0,0.5026661704872958,0.4973338295127042,0.0,0.0
2022-08-12,0.0,0.0,0.0,0.0,0.5046405249213427,0.49535947507865724,0.0,0.0
2022-08-15,0.0,0.0,0.0,0.0,0.5088830076793591,0.4911169923206408,0.0,0.0
2022-08-16,0.0,0.0,0.0,0.0,0.5086591802984255,0.4913408197015745,0.0,0.0
2022-08-17,0.0,0.0,0.0,0.0,0.5087798567942297,0.49122014320577034,0.0,0.0
2022-08-18,0.0,0.0,0.0,0.0,0.5077752818793521,0.4922247181206479,0.0,0.0
2022-08-19,0.0,0.0,0.0,0.0,0.5069635758909891,0.493036424109011,0.0,0.0
2022-08-22,0.0,0.0,0.0,0.0,0.5031173305851335,0.49688266941486653,0.0,0.0
2022-08-23,0.0,0.0,0.0,0.0,0.49814490371842446,0.5018550962815755,0.0,0.0
2022-08-24,0.0,0.0,0.0,0.0,0.4988355351174232,0.5011644648825768,0.0,0.0
2022-08-25,0.0,0.0,0.0,0.0,0.5017682222555669,0.49823177774443317,0.0,0.0
2022-08-26,0.0,0.0,0.0,0.0,0.4984492240500288,0.5015507759499712,0.0,0.0
2022-08-29,0.0,0.0,0.0,0.0,0.4960360892597744,0.5039639107402255,0.0,0.0
2022-08-30,0.0,0.0,0.0,0.0,0.49464990308947004,0.50535009691053,0.0,0.0
2022-08-31,0.0,0.0,0.0,0.0,0.4954087885649981,0.5045912114350019,0.0,0.0
2022-09-01,0.5,0.0,0.0,0.0,0.0,0.5,0.0,0.0
2022-09-02,0.4951584799654171,0.0,0.0,0.0,0.0,0.5048415200345828,0.0,0.0
2022-09-06,0.49567753856352403,0.0,0.0,0.0,0.0,0.5043224614364759,0.0,0.0
2022-09-07,0.497599508540938,0.0,0.0,0.0,0.0,0.502400491459062,0.0,0.0
2022-09-08,0.5007333230410471,0.0,0.0,0.0,0.0,0.4992666769589528,0.0,0.0
2022-09-09,0.5032697573850827,0.0,0.0,0.0,0.0,0.4967302426149173,0.0,0.0
2022-09-12,0.5046783970273694,0.0,0.0,0.0,0.0,0.4953216029726305,0.0,0.0
2022-09-13,0.4968387035483485,0.0,0.0,0.0,0.0,0.5031612964516515,0.0,0.0
2022-09-14,0.49875458918445686,0.0,0.0,0.0,0.0,0.5012454108155431,0.0,0.0
2022-09-15,0.5006139734549356,0.0,0.0,0.0,0.0,0.49938602654506425,0.0,0.0
2022-09-16,0.49731601181361923,0.0,0.0,0.0,0.0,0.5026839881863808,0.0,0.0
2022-09-19,0.4990547959833306,0.0,0.0,0.0,0.0,0.5009452040166693,0.0,0.0
2022-09-20,0.4975993568611687,0.0,0.0,0.0,0.0,0.5024006431388313,0.0,0.0
2022-09-21,0.49204244424057747,0.0,0.0,0.0,0.0,0.5079575557594225,0.0,0.0
2022-09-22,0.49007872240897027,0.0,0.0,0.0,0.0,0.5099212775910298,0.0,0.0
2022-09-23,0.49021148388053715,0.0,0.0,0.0,0.0,0.509788516119463,0.0,0.0
2022-09-26,0.49065117375566736,0.0,0.0,0.0,0.0,0.5093488262443328,0.0,0.0
2022-09-27,0.48950068162627197,0.0,0.0,0.0,0.0,0.5104993183737281,0.0,0.0
2022-09-28,0.4892287372068307,0.0,0.0,0.0,0.0,0.5107712627931693,0.0,0.0
2022-09-29,0.48400345407556095,0.0,0.0,0.0,0.0,0.5159965459244391,0.0,0.0
2022-09-30,0.4800962634762992,0.0,0.0,0.0,0.0,0.5199037365237009,0.0,0.0
2022-10-03,0.5,0.0,0.0,0.0,0.0,0.5,0.0,0.0
2022-10-04,0.5040724058195868,0.0,0.0,0.0,0.0,0.4959275941804133,0.0,0.0
2022-10-05,0.5048780066269608,0.0,0.0,0.0,0.0,0.49512199337303925,0.0,0.0
2022-10-06,0.5025675319714035,0.0,0.0,0.0,0.0,0.4974324680285966,0.0,0.0
2022-10-07,0.4982508384078908,0.0,0.0,0.0,0.0,0.5017491615921091,0.0,0.0
2022-10-10,0.5001642525880599,0.0,0.0,0.0,0.0,0.49983574741194026,0.0,0.0
2022-10-11,0.49909102252341664,0.0,0.0,0.0,0.0,0.5009089774765834,0.0,0.0
2022-10-12,0.49693126005384725,0.0,0.0,0.0,0.0,0.5030687399461528,0.0,0.0
2022-10-13,0.505180178117643,0.0,0.0,0.0,0.0,0.4948198218823569,0.0,0.0
2022-10-14,0.5025515477285432,0.0,0.0,0.0,0.0,0.49744845227145695,0.0,0.0
2022-10-17,0.5081759021576375,0.0,0.0,0.0,0.0,0.4918240978423625,0.0,0.0
2022-10-18,0.5105581449520962,0.0,0.0,0.0,0.0,0.4894418550479039,0.0,0.0
2022-10-19,0.5121516929785501,0.0,0.0,0.0,0.0,0.4878483070214499,0.0,0.0
2022-10-20,0.5104432216896119,0.0,0.0,0.0,0.0,0.48955677831038813,0.0,0.0
2022-10-21,0.5120274619052132,0.0,0.0,0.0,0.0,0.48797253809478675,0.0,0.0
2022-10-24,0.5158772226918108,0.0,0.0,0.0,0.0,0.48412277730818915,0.0,0.0
2022-10-25,0.5192647963809851,0.0,0.0,0.0,0.0,0.4807352036190149,0.0,0.0
2022-10-26,0.5157925422664992,0.0,0.0,0.0,0.0,0.4842074577335009,0.0,0.0
2022-10-27,0.5148423010055452,0.0,0.0,0.0,0.0,0.4851576989944547,0.0,0.0
2022-10-28,0.5232736749477337,0.0,0.0,0.0,0.0,0.47672632505226625,0.0,0.0
2022-10-31,0.5235095274800409,0.0,0.0,0.0,0.0,0.4764904725199592,0.0,0.0
2022-11-01,0.5,0.0,0.0,0.0,0.0,0.5,0.0,0.0
2022-11-02,0.4953952774976673,0.0,0.0,0.0,0.0,0.5046047225023327,0.0,0.0
2022-11-03,0.49376129815753556,0.0,0.0,0.0,0.0,0.5062387018424644,0.0,0.0
2022-11-04,0.4897762866632326,0.0,0.0,0.0,0.0,0.5102237133367674,0.0,0.0
2022-11-07,0.4931479171329451,0.0,0.0,0.0,0.0,0.506852082867055,0.0,0.0
2022-11-08,0.48878554163035887,0.0,0.0,0.0,0.0,0.5112144583696411,0.0,0.0
2022-11-09,0.4848414521809099,0.0,0.0,0.0,0.0,0.51515854781909,0.0,0.0
2022-11-10,0.49071468826022413,0.0,0.0,0.0,0.0,0.5092853117397759,0.0,0.0
2022-11-11,0.49147628460933906,0.0,0.0,0.0,0.0,0.508523715390661,0.0,0.0
2022-11-14,0.48879518601097005,0.0,0.0,0.0,0.0,0.5112048139890301,0.0,0.0
2022-11-15,0.49004020267592524,0.0,0.0,0.0,0.0,0.5099597973240747,0.0,0.0
2022-11-16,0.4887009980104215,0.0,0.0,0.0,0.0,0.5112990019895786,0.0,0.0
2022-11-17,0.48975783691406294,0.0,0.0,0.0,0.0,0.5102421630859371,0.0,0.0
2022-11-18,0.49261882215959346,0.0,0.0,0.0,0.0,0.5073811778404066,0.0,0.0
2022-11-21,0.49310951183982016,0.0,0.0,0.0,0.0,0.5068904881601798,0.0,0.0
2022-11-22,0.49615765916965665,0.0,0.0,0.0,0.0,0.5038423408303433,0.0,0.0
2022-11-23,0.4961750306403053,0.0,0.0,0.0,0.0,0.5038249693596947,0.0,0.0
2022-11-25,0.4959045652657455,0.0,0.0,0.0,0.0,0.5040954347342546,0.0,0.0
2022-11-28,0.49386712127708526,0.0,0.0,0.0,0.0,0.5061328787229148,0.0,0.0
2022-11-29,0.49220557938539466,0.0,0.0,0.0,0.0,0.5077944206146053,0.0,0.0
2022-11-30,0.496783404521229,0.0,0.0,0.0,0.0,0.5032165954787711,0.0,0.0
2022-12-01,0.0,0.0,0.0,0.5,0.0,0.5,0.0,0.0
2022-12-02,0.0,0.0,0.0,0.5006809512124694,0.0,0.4993190487875307,0.0,0.0
2022-12-05,0.0,0.0,0.0,0.5017005034055041,0.0,0.4982994965944958,0.0,0.0
2022-12-06,0.0,0.0,0.0,0.499892325019767,0.0,0.500107674980233,0.0,0.0
2022-12-07,0.0,0.0,0.0,0.49764271909461644,0.0,0.5023572809053837,0.0,0.0
2022-12-08,0.0,0.0,0.0,0.49870675726475855,0.0,0.5012932427352415,0.0,0.0
2022-12-09,0.0,0.0,0.0,0.4979718304919097,0.0,0.5020281695080904,0.0,0.0
2022-12-12,0.0,0.0,0.0,0.500791659813674,0.0,0.4992083401863259,0.0,0.0
2022-12-13,0.0,0.0,0.0,0.5000781793904701,0.0,0.4999218206095299,0.0,0.0
2022-12-14,0.0,0.0,0.0,0.5004658368598907,0.0,0.4995341631401093,0.0,0.0
2022-12-15,0.0,0.0,0.0,0.49812082226661547,0.0,0.5018791777333845,0.0,0.0
2022-12-16,0.0,0.0,0.0,0.49374672879338777,0.0,0.5062532712066122,0.0,0.0
2022-12-19,0.0,0.0,0.0,0.49384001416377815,0.0,0.5061599858362218,0.0,0.0
2022-12-20,0.0,0.0,0.0,0.49072018527757444,0.0,0.5092798147224257,0.0,0.0
2022-12-21,0.0,0.0,0.0,0.4937150627145874,0.0,0.5062849372854126,0.0,0.0
2022-12-22,0.0,0.0,0.0,0.4947070615343928,0.0,0.5052929384656072,0.0,0.0
2022-12-23,0.0,0.0,0.0,0.49483276921372427,0.0,0.5051672307862758,0.0,0.0
2022-12-27,0.0,0.0,0.0,0.49311348543555034,0.0,0.5068865145644497,0.0,0.0
2022-12-28,0.0,0.0,0.0,0.4915767680906497,0.0,0.5084232319093503,0.0,0.0
2022-12-29,0.0,0.0,0.0,0.4940937404734258,0.0,0.5059062595265741,0.0,0.0
2022-12-30,0.0,0.0,0.0,0.4903511535948942,0.0,0.5096488464051059,0.0,0.0
2023-01-03,0.0,0.0,0.0,0.5,0.0,0.5,0.0,0.0
2023-01-04,0.0,0.0,0.0,0.5009583843367381,0.0,0.4990416156632619,0.0,0.0
2023-01-05,0.0,0.0,0.0,0.5015819580718746,0.0,0.4984180419281254,0.0,0.0
2023-01-06,0.0,0.0,0.0,0.5032654323470416,0.0,0.49673456765295837,0.0,0.0
2023-01-09,0.0,0.0,0.0,0.5037666762462102,0.0,0.4962333237537897,0.0,0.0
2023-01-10,0.0,0.0,0.0,0.5035790619028652,0.0,0.49642093809713483,0.0,0.0
2023-01-11,0.0,0.0,0.0,0.5056380133638573,0.0,0.4943619866361427,0.0,0.0
2023-01-12,0.0,0.0,0.0,0.5064237247176946,0.0,0.49357627528230535,0.0,0.0
2023-01-13,0.0,0.0,0.0,0.504756337190366,0.0,0.495243662809634,0.0,0.0
2023-01-17,0.0,0.0,0.0,0.5071762196993809,0.0,0.49282378030061924,0.0,0.0
2023-01-18,0.0,0.0,0.0,0.5070102641823853,0.0,0.49298973581761474,0.0,0.0
2023-01-19,0.0,0.0,0.0,0.5026843228226286,0.0,0.49731567717737135,0.0,0.0
2023-01-20,0.0,0.0,0.0,0.5057117444889059,0.0,0.49428825551109407,0.0,0.0
2023-01-23,0.0,0.0,0.0,0.5062568844255176,0.0,0.49374311557448236,0.0,0.0
2023-01-24,0.0,0.0,0.0,0.505038275969517,0.0,0.49496172403048294,0.0,0.0
2023-01-25,0.0,0.0,0.0,0.5055345057630658,0.0,0.4944654942369342,0.0,0.0
2023-01-26,0.0,0.0,0.0,0.508017349971565,0.0,0.4919826500284351,0.0,0.0
2023-01-27,0.0,0.0,0.0,0.5078775392631133,0.0,0.49212246073688665,0.0,0.0
2023-01-30,0.0,0.0,0.0,0.5069089223840147,0.0,0.4930910776159853,0.0,0.0
2023-01-31,0.0,0.0,0.0,0.5074380844655241,0.0,0.49256191553447587,0.0,0.0
2023-02-01,0.0,0.0,0.5,0.0,0.0,0.5,0.0,0.0
2023-02-02,0.0,0.0,0.5101164732182245,0.0,0.0,0.48988352678177555,0.0,0.0
2023-02-03,0.0,0.0,0.5147499679582254,0.0,0.0,0.48525003204177464,0.0,0.0
2023-02-06,0.0,0.0,0.5105909920091086,0.0,0.0,0.4894090079908915,0.0,0.0
2023-02-07,0.0,0.0,0.512207622839615,0.0,0.0,0.487792377160385,0.0,0.0
2023-02-08,0.0,0.0,0.5079094818580356,0.0,0.0,0.49209051814196436,0.0,0.0
2023-02-09,0.0,0.0,0.5062501059600998,0.0,0.0,0.49374989403990033,0.0,0.0
2023-02-10,0.0,0.0,0.5062734539939109,0.0,0.0,0.49372654600608906,0.0,0.0
2023-02-13,0.0,0.0,0.5105347811316957,0.0,0.0,0.4894652188683043,0.0,0.0
2023-02-14,0.0,0.0,0.5102297390488714,0.0,0.0,0.48977026095112863,0.0,0.0
2023-02-15,0.0,0.0,0.5152496190118591,0.0,0.0,0.48475038098814094,0.0,0.0
2023-02-16,0.0,0.0,0.51305356465595,0.0,0.0,0.4869464353440499,0.0,0.0
2023-02-17,0.0,0.0,0.5129949950891545,0.0,0.0,0.48700500491084553,0.0,0.0
2023-02-21,0.0,0.0,0.5064440565820533,0.0,0.0,0.49355594341794673,0.0,0.0
2023-02-22,0.0,0.0,0.5085334902879258,0.0,0.0,0.4914665097120741,0.0,0.0
2023-02-23,0.0,0.0,0.510441651589445,0.0,0.0,0.489558348410555,0.0,0.0
2023-02-24,0.0,0.0,0.5098982156905184,0.0,0.0,0.49010178430948154,0.0,0.0
2023-02-27,0.0,0.0,0.5097984929988091,0.0,0.0,0.49020150700119086,0.0,0.0
2023-02-28,0.0,0.0,0.5086757593721128,0.0,0.0,0.4913242406278872,0.0,0.0
2023-03-01,0.0,0.0,0.0,0.5,0.0,0.5,0.0,0.0
2023-03-02,0.0,0.0,0.0,0.5006479552216165,0.0,0.4993520447783834,0.0,0.0
2023-03-03,0.0,0.0,0.0,0.5016051692881386,0.0,0.49839483071186136,0.0,0.0
2023-03-06,0.0,0.0,0.0,0.5022336075129483,0.0,0.49776639248705157,0.0,0.0
2023-03-07,0.0,0.0,0.0,0.5024346115431162,0.0,0.4975653884568838,0.0,0.0
2023-03-08,0.0,0.0,0.0,0.5039159734498267,0.0,0.4960840265501733,0.0,0.0
2023-03-09,0.0,0.0,0.0,0.4996350742642127,0.0,0.5003649257357873,0.0,0.0
2023-03-10,0.0,0.0,0.0,0.4916220699219046,0.0,0.5083779300780954,0.0,0.0
2023-03-13,0.0,0.0,0.0,0.4842368231682904,0.0,0.5157631768317096,0.0,0.0
2023-03-14,0.0,0.0,0.0,0.4889999969039862,0.0,0.5110000030960138,0.0,0.0
2023-03-15,0.0,0.0,0.0,0.479200775024474,0.0,0.520799224975526,0.0,0.0
2023-03-16,0.0,0.0,0.0,0.4825449875919837,0.0,0.5174550124080164,0.0,0.0
2023-03-17,0.0,0.0,0.0,0.47239368318029856,0.0,0.5276063168197014,0.0,0.0
2023-03-20,0.0,0.0,0.0,0.47616564900235714,0.0,0.5238343509976428,0.0,0.0
2023-03-21,0.0,0.0,0.0,0.48466207726141214,0.0,0.5153379227385879,0.0,0.0
2023-03-22,0.0,0.0,0.0,0.4795814557685369,0.0,0.520418544231463,0.0,0.0
2023-03-23,0.0,0.0,0.0,0.47650859552592467,0.0,0.5234914044740754,0.0,0.0
2023-03-24,0.0,0.0,0.0,0.47857176998549633,0.0,0.5214282300145037,0.0,0.0
2023-03-27,0.0,0.0,0.0,0.48324003535692045,0.0,0.5167599646430796,0.0,0.0
2023-03-28,0.0,0.0,0.0,0.48131146545662684,0.0,0.518688534543373,0.0,0.0
2023-03-29,0.0,0.0,0.0,0.48555347472924343,0.0,0.5144465252707565,0.0,0.0
2023-03-30,0.0,0.0,0.0,0.4862007715432874,0.0,0.5137992284567126,0.0,0.0
2023-03-31,0.0,0.0,0.0,0.48876718292948684,0.0,0.5112328170705133,0.0,0.0
2023-04-03,0.0,0.0,0.0,0.5,0.0,0.5,0.0,0.0
2023-04-04,0.0,0.0,0.0,0.49541748328609014,0.0,0.5045825167139099,0.0,0.0
2023-04-05,0.0,0.0,0.0,0.4938774877414359,0.0,0.506122512258564,0.0,0.0
2023-04-06,0.0,0.0,0.0,0.4968514096346058,0.0,0.5031485903653942,0.0,0.0
2023-04-10,0.0,0.0,0.0,0.498534479807196,0.0,0.501465520192804,0.0,0.0
2023-04-11,0.0,0.0,0.0,0.4977925154370088,0.0,0.5022074845629912,0.0,0.0
2023-04-12,0.0,0.0,0.0,0.49816345573270765,0.0,0.5018365442672924,0.0,0.0
2023-04-13,0.0,0.0,0.0,0.49798977394363486,0.0,0.5020102260563652,0.0,0.0
2023-04-14,0.0,0.0,0.0,0.5014347629402611,0.0,0.4985652370597389,0.0,0.0
2023-04-17,0.0,0.0,0.0,0.502106401498383,0.0,0.49789359850161696,0.0,0.0
2023-04-18,0.0,0.0,0.0,0.5025025850236916,0.0,0.49749741497630845,0.0,0.0
2023-04-19,0.0,0.0,0.0,0.5029164317032399,0.0,0.4970835682967601,0.0,0.0
2023-04-20,0.0,0.0,0.0,0.5019338239960295,0.0,0.49806617600397063,0.0,0.0
2023-04-21,0.0,0.0,0.0,0.5056772474210061,0.0,0.4943227525789939,0.0,0.0
2023-04-24,0.0,0.0,0.0,0.5055628548216413,0.0,0.4944371451783587,0.0,0.0
2023-04-25,0.0,0.0,0.0,0.5007819793681182,0.0,0.4992180206318817,0.0,0.0
2023-04-26,0.0,0.0,0.0,0.501973194923217,0.0,0.498026805076783,0.0,0.0
2023-04-27,0.0,0.0,0.0,0.5050676508741428,0.0,0.4949323491258572,0.0,0.0
2023-04-28,0.0,0.0,0.0,0.5048982030785856,0.0,0.49510179692141437,0.0,0.0
2023-05-01,0.0,0.0,0.0,0.5,0.0,0.5,0.0,0.0
2023-05-02,0.0,0.0,0.0,0.492692858974303,0.0,0.507307141025697,0.0,0.0
2023-05-03,0.0,0.0,0.0,0.49123431226187486,0.0,0.5087656877381251,0.0,0.0
2023-05-04,0.0,0.0,0.0,0.4889686527603669,0.0,0.5110313472396331,0.0,0.0
2023-05-05,0.0,0.0,0.0,0.4965570161281106,0.0,0.5034429838718895,0.0,0.0
2023-05-08,0.0,0.0,0.0,0.4963181582795116,0.0,0.5036818417204884,0.0,0.0
2023-05-09,0.0,0.0,0.0,0.4935362041528507,0.0,0.5064637958471493,0.0,0.0
2023-05-10,0.0,0.0,0.0,0.4933835200366627,0.0,0.5066164799633374,0.0,0.0
2023-05-11,0.0,0.0,0.0,0.49492490022436675,0.0,0.5050750997756333,0.0,0.0
2023-05-12,0.0,0.0,0.0,0.4949088420040715,0.0,0.5050911579959285,0.0,0.0
2023-05-15,0.0,0.0,0.0,0.4962808159750793,0.0,0.5037191840249208,0.0,0.0
2023-05-16,0.0,0.0,0.0,0.49703947566424606,0.0,0.502960524335754,0.0,0.0
2023-05-17,0.0,0.0,0.0,0.49906807154057425,0.0,0.5009319284594258,0.0,0.0
2023-05-18,0.0,0.0,0.0,0.501957274803093,0.0,0.49804272519690695,0.0,0.0
2023-05-19,0.0,0.0,0.0,0.5009584779353474,0.0,0.49904152206465263,0.0,0.0
2023-05-22,0.0,0.0,0.0,0.501612375910296,0.0,0.4983876240897041,0.0,0.0
2023-05-23,0.0,0.0,0.0,0.49762082421611364,0.0,0.5023791757838862,0.0,0.0
2023-05-24,0.0,0.0,0.0,0.49596909772203474,0.0,0.5040309022779652,0.0,0.0
2023-05-25,0.0,0.0,0.0,0.4980354795885028,0.0,0.5019645204114971,0.0,0.0
2023-05-26,0.0,0.0,0.0,0.49947627646648385,0.0,0.5005237235335163,0.0,0.0
2023-05-30,0.0,0.0,0.0,0.49539082490365327,0.0,0.5046091750963467,0.0,0.0
2023-05-31,0.0,0.0,0.0,0.49240283969335186,0.0,0.5075971603066481,0.0,0.0
2023-06-01,0.0,0.5,0.0,0.0,0.0,0.5,0.0,0.0
2023-06-02,0.0,0.5055820135192731,0.0,0.0,0.0,0.49441798648072693,0.0,0.0
2023-06-05,0.0,0.5042577406516208,0.0,0.0,0.0,0.4957422593483791,0.0,0.0
2023-06-06,0.0,0.5039410828449219,0.0,0.0,0.0,0.49605891715507816,0.0,0.0
2023-06-07,0.0,0.5026842790301066,0.0,0.0,0.0,0.49731572096989335,0.0,0.0
2023-06-08,0.0,0.5024873053987394,0.0,0.0,0.0,0.49751269460126046,0.0,0.0
2023-06-09,0.0,0.5041131085522472,0.0,0.0,0.0,0.4958868914477528,0.0,0.0
2023-06-12,0.0,0.5085211754935395,0.0,0.0,0.0,0.4914788245064606,0.0,0.0
2023-06-13,0.0,0.512281896596975,0.0,0.0,0.0,0.487718103403025,0.0,0.0
2023-06-14,0.0,0.5139526086945937,0.0,0.0,0.0,0.4860473913054063,0.0,0.0
2023-06-15,0.0,0.5151614262533933,0.0,0.0,0.0,0.48483857374660677,0.0,0.0
2023-06-16,0.0,0.5139693373586702,0.0,0.0,0.0,0.4860306626413298,0.0,0.0
2023-06-20,0.0,0.5162103207898058,0.0,0.0,0.0,0.4837896792101942,0.0,0.0
2023-06-21,0.0,0.5131444424479338,0.0,0.0,0.0,0.48685555755206616,0.0,0.0
2023-06-22,0.0,0.5185630847276003,0.0,0.0,0.0,0.4814369152723997,0.0,0.0
2023-06-23,0.0,0.5153876495964018,0.0,0.0,0.0,0.4846123504035981,0.0,0.0
2023-06-26,0.0,0.5115819077262491,0.0,0.0,0.0,0.488418092273751,0.0,0.0
2023-06-27,0.0,0.5169904279540102,0.0,0.0,0.0,0.48300957204598977,0.0,0.0
2023-06-28,0.0,0.5180540238906068,0.0,0.0,0.0,0.4819459761093931,0.0,0.0
2023-06-29,0.0,0.5178213112475342,0.0,0.0,0.0,0.48217868875246583,0.0,0.0
2023-06-30,0.0,0.5199835064098233,0.0,0.0,0.0,0.48001649359017673,0.0,0.0
2023-07-03,0.5,0.5,0.0,0.0,0.0,0.0,0.0,0.0
2023-07-05,0.4996346988176809,0.500365301182319,0.0,0.0,0.0,0.0,0.0,0.0
2023-07-06,0.4995805871625482,0.5004194128374518,0.0,0.0,0.0,0.0,0.0,0.0
2023-07-07,0.49977995424299504,0.500220045757005,0.0,0.0,0.0,0.0,0.0,0.0
2023-07-10,0.5003300190764246,0.49966998092357534,0.0,0.0,0.0,0.0,0.0,0.0
2023-07-11,0.5006850587229,0.4993149412770999,0.0,0.0,0.0,0.0,0.0,0.0
2023-07-12,0.49955072706501114,0.5004492729349889,0.0,0.0,0.0,0.0,0.0,0.0
2023-07-13,0.4973180993623539,0.5026819006376462,0.0,0.0,0.0,0.0,0.0,0.0
2023-07-14,0.4972150968620894,0.5027849031379105,0.0,0.0,0.0,0.0,0.0,0.0
2023-07-17,0.4957579357627352,0.5042420642372648,0.0,0.0,0.0,0.0,0.0,0.0
2023-07-18,0.4955718577848694,0.5044281422151307,0.0,0.0,0.0,0.0,0.0,0.0
2023-07-19,0.4961854765596885,0.5038145234403115,0.0,0.0,0.0,0.0,0.0,0.0
2023-07-20,0.5003517213185839,0.49964827868141615,0.0,0.0,0.0,0.0,0.0,0.0
2023-07-21,0.5011026497992561,0.4988973502007439,0.0,0.0,0.0,0.0,0.0,0.0
2023-07-24,0.5018179688772834,0.49818203112271664,0.0,0.0,0.0,0.0,0.0,0.0
2023-07-25,0.5008108529745564,0.49918914702544354,0.0,0.0,0.0,0.0,0.0,0.0
2023-07-26,0.5016823035387885,0.49831769646121143,0.0,0.0,0.0,0.0,0.0,0.0
2023-07-27,0.5006159867726354,0.4993840132273646,0.0,0.0,0.0,0.0,0.0,0.0
2023-07-28,0.4985389889988627,0.5014610110011374,0.0,0.0,0.0,0.0,0.0,0.0
2023-07-31,0.49888417000231067,0.5011158299976893,0.0,0.0,0.0,0.0,0.0,0.0
2023-08-01,0.0,0.5,0.0,0.5,0.0,0.0,0.0,0.0
2023-08-02,0.0,0.4991548503203714,0.0,0.5008451496796286,0.0,0.0,0.0,0.0
2023-08-03,0.0,0.49944768764950265,0.0,0.5005523123504974,0.0,0.0,0.0,0.0
2023-08-04,0.0,0.49758067300173603,0.0,0.5024193269982641,0.0,0.0,0.0,0.0
2023-08-07,0.0,0.49758397281460226,0.0,0.5024160271853977,0.0,0.0,0.0,0.0
2023-08-08,0.0,0.496965467831708,0.0,0.503034532168292,0.0,0.0,0.0,0.0
2023-08-09,0.0,0.49427104344693584,0.0,0.5057289565530642,0.0,0.0,0.0,0.0
2023-08-10,0.0,0.49366324247668125,0.0,0.5063367575233189,0.0,0.0,0.0,0.0
2023-08-11,0.0,0.49375681748675215,0.0,0.5062431825132478,0.0,0.0,0.0,0.0
2023-08-14,0.0,0.49765797379096344,0.0,0.5023420262090367,0.0,0.0,0.0,0.0
2023-08-15,0.0,0.4981087438010223,0.0,0.5018912561989776,0.0,0.0,0.0,0.0
2023-08-16,0.0,0.4975003669733732,0.0,0.5024996330266268,0.0,0.0,0.0,0.0
2023-08-17,0.0,0.496538051907113,0.0,0.503461948092887,0.0,0.0,0.0,0.0
2023-08-18,0.0,0.49622414386266533,0.0,0.5037758561373346,0.0,0.0,0.0,0.0
2023-08-21,0.0,0.4992908157633165,0.0,0.5007091842366835,0.0,0.0,0.0,0.0
2023-08-22,0.0,0.4993974104411817,0.0,0.5006025895588183,0.0,0.0,0.0,0.0
2023-08-23,0.0,0.5006079672320454,0.0,0.4993920327679547,0.0,0.0,0.0,0.0
2023-08-24,0.0,0.4986583597442121,0.0,0.5013416402557879,0.0,0.0,0.0,0.0
2023-08-25,0.0,0.4989100453886657,0.0,0.5010899546113344,0.0,0.0,0.0,0.0
2023-08-28,0.0,0.498164380067045,0.0,0.501835619932955,0.0,0.0,0.0,0.0
2023-08-29,0.0,0.5004847219752425,0.0,0.49951527802475754,0.0,0.0,0.0,0.0
2023-08-30,0.0,0.5020142900370316,0.0,0.49798570996296854,0.0,0.0,0.0,0.0
2023-08-31,0.0,0.503739371583997,0.0,0.4962606284160031,0.0,0.0,0.0,0.0
2023-09-01,0.0,0.5,0.0,0.5,0.0,0.0,0.0,0.0
2023-09-05,0.0,0.5024951567984818,0.0,0.4975048432015182,0.0,0.0,0.0,0.0
2023-09-06,0.0,0.5008131743708072,0.0,0.49918682562919275,0.0,0.0,0.0,0.0
2023-09-07,0.0,0.4998332958998393,0.0,0.5001667041001607,0.0,0.0,0.0,0.0
2023-09-08,0.0,0.5005373173090019,0.0,0.4994626826909982,0.0,0.0,0.0,0.0
2023-09-11,0.0,0.5008864286890928,0.0,0.4991135713109072,0.0,0.0,0.0,0.0
2023-09-12,0.0,0.49912031764817755,0.0,0.5008796823518223,0.0,0.0,0.0,0.0
2023-09-13,0.0,0.5008485411143874,0.0,0.4991514588856127,0.0,0.0,0.0,0.0
2023-09-14,0.0,0.49961326970866066,0.0,0.5003867302913394,0.0,0.0,0.0,0.0
2023-09-15,0.0,0.4958552224543415,0.0,0.5041447775456585,0.0,0.0,0.0,0.0
2023-09-18,0.0,0.4969928541445485,0.0,0.5030071458554516,0.0,0.0,0.0,0.0
2023-09-19,0.0,0.4962486334718836,0.0,0.5037513665281165,0.0,0.0,0.0,0.0
2023-09-20,0.0,0.4932179198050891,0.0,0.5067820801949109,0.0,0.0,0.0,0.0
2023-09-21,0.0,0.4927830142851685,0.0,0.5072169857148314,0.0,0.0,0.0,0.0
2023-09-22,0.0,0.4926032916872375,0.0,0.5073967083127625,0.0,0.0,0.0,0.0
2023-09-25,0.0,0.4948988049920154,0.0,0.5051011950079846,0.0,0.0,0.0,0.0
2023-09-26,0.0,0.49437058823666874,0.0,0.5056294117633312,0.0,0.0,0.0,0.0
2023-09-27,0.0,0.4954292661461776,0.0,0.5045707338538223,0.0,0.0,0.0,0.0
2023-09-28,0.0,0.4954781226172886,0.0,0.5045218773827114,0.0,0.0,0.0,0.0
2023-09-29,0.0,0.4963839247192062,0.0,0.5036160752807939,0.0,0.0,0.0,0.0
2023-10-02,0.0,0.5,0.0,0.5,0.0,0.0,0.0,0.0
2023-10-03,0.0,0.49872248695519805,0.0,0.5012775130448021,0.0,0.0,0.0,0.0
2023-10-04,0.0,0.5016547686747571,0.0,0.49834523132524294,0.0,0.0,0.0,0.0
2023-10-05,0.0,0.4987310994823065,0.0,0.5012689005176935,0.0,0.0,0.0,0.0
2023-10-06,0.0,0.5001336401667295,0.0,0.49986635983327055,0.0,0.0,0.0,0.0
2023-10-09,0.0,0.5017705075526349,0.0,0.49822949244736503,0.0,0.0,0.0,0.0
2023-10-10,0.0,0.49973988301763894,0.0,0.5002601169823611,0.0,0.0,0.0,0.0
2023-10-11,0.0,0.5004743236514689,0.0,0.499525676348531,0.0,0.0,0.0,0.0
2023-10-12,0.0,0.5016946263754256,0.0,0.4983053736245744,0.0,0.0,0.0,0.0
2023-10-13,0.0,0.5008594512829795,0.0,0.4991405487170204,0.0,0.0,0.0,0.0
2023-10-16,0.0,0.5018502339422319,0.0,0.49814976605776806,0.0,0.0,0.0,0.0
2023-10-17,0.0,0.5008850013740621,0.0,0.49911499862593794,0.0,0.0,0.0,0.0
2023-10-18,0.0,0.5019718045767904,0.0,0.4980281954232097,0.0,0.0,0.0,0.0
2023-10-19,0.0,0.5018447966493157,0.0,0.49815520335068425,0.0,0.0,0.0,0.0
2023-10-20,0.0,0.5003304008872305,0.0,0.49966959911276954,0.0,0.0,0.0,0.0
2023-10-23,0.0,0.5008959405141811,0.0,0.4991040594858188,0.0,0.0,0.0,0.0
2023-10-24,0.0,0.5018942417230112,0.0,0.4981057582769887,0.0,0.0,0.0,0.0
2023-10-25,0.0,0.4974967364674127,0.0,0.5025032635325872,0.0,0.0,0.0,0.0
2023-10-26,0.0,0.49449458457685813,0.0,0.5055054154231418,0.0,0.0,0.0,0.0
2023-10-27,0.0,0.49645006776637496,0.0,0.503549932233625,0.0,0.0,0.0,0.0
2023-10-30,0.0,0.4960813431092999,0.0,0.5039186568907,0.0,0.0,0.0,0.0
2023-10-31,0.0,0.49637590948934723,0.0,0.5036240905106528,0.0,0.0,0.0,0.0
2023-11-01,0.0,0.5,0.0,0.0,0.0,0.5,0.0,0.0
2023-11-02,0.0,0.5036679332721985,0.0,0.0,0.0,0.49633206672780145,0.0,0.0
2023-11-03,0.0,0.5056797896591942,0.0,0.0,0.0,0.49432021034080587,0.0,0.0
2023-11-06,0.0,0.5086526898264078,0.0,0.0,0.0,0.4913473101735922,0.0,0.0
2023-11-07,0.0,0.5120417094932447,0.0,0.0,0.0,0.48795829050675543,0.0,0.0
2023-11-08,0.0,0.5147051767147003,0.0,0.0,0.0,0.4852948232852997,0.0,0.0
2023-11-09,0.0,0.5117821030180294,0.0,0.0,0.0,0.48821789698197066,0.0,0.0
2023-11-10,0.0,0.5200742277497333,0.0,0.0,0.0,0.47992577225026656,0.0,0.0
2023-11-13,0.0,0.517907669356068,0.0,0.0,0.0,0.482092330643932,0.0,0.0
2023-11-14,0.0,0.5210075826899367,0.0,0.0,0.0,0.47899241731006337,0.0,0.0
2023-11-15,0.0,0.521853826015684,0.0,0.0,0.0,0.478146173984316,0.0,0.0
2023-11-16,0.0,0.5192663845818851,0.0,0.0,0.0,0.4807336154181149,0.0,0.0
2023-11-17,0.0,0.5193517813679686,0.0,0.0,0.0,0.4806482186320315,0.0,0.0
2023-11-20,0.0,0.5227796990079672,0.0,0.0,0.0,0.4772203009920328,0.0,0.0
2023-11-21,0.0,0.5186452268095866,0.0,0.0,0.0,0.4813547731904134,0.0,0.0
2023-11-22,0.0,0.5207309868746943,0.0,0.0,0.0,0.4792690131253057,0.0,0.0
2023-11-24,0.0,0.519083782207848,0.0,0.0,0.0,0.4809162177921519,0.0,0.0
2023-11-27,0.0,0.5171892043492111,0.0,0.0,0.0,0.48281079565078894,0.0,0.0
2023-11-28,0.0,0.5145353245277714,0.0,0.0,0.0,0.48546467547222866,0.0,0.0
2023-11-29,0.0,0.5139226271096767,0.0,0.0,0.0,0.4860773728903234,0.0,0.0
2023-11-30,0.0,0.5143371649155541,0.0,0.0,0.0,0.48566283508444585,0.0,0.0
2023-12-01,0.5,0.5,0.0,0.0,0.0,0.0,0.0,0.0
2023-12-04,0.5010158641293297,0.4989841358706702,0.0,0.0,0.0,0.0,0.0,0.0
2023-12-05,0.5003397246570569,0.49966027534294316,0.0,0.0,0.0,0.0,0.0,0.0
2023-12-06,0.5007803058101431,0.4992196941898569,0.0,0.0,0.0,0.0,0.0,0.0
2023-12-07,0.4992118164341618,0.5007881835658381,0.0,0.0,0.0,0.0,0.0,0.0
2023-12-08,0.49917259366316274,0.5008274063368372,0.0,0.0,0.0,0.0,0.0,0.0
2023-12-11,0.4980166546486279,0.5019833453513721,0.0,0.0,0.0,0.0,0.0,0.0
2023-12-12,0.4971726871207246,0.5028273128792754,0.0,0.0,0.0,0.0,0.0,0.0
2023-12-13,0.49743742534893554,0.5025625746510646,0.0,0.0,0.0,0.0,0.0,0.0
2023-12-14,0.4984552413553754,0.5015447586446247,0.0,0.0,0.0,0.0,0.0,0.0
2023-12-15,0.49683775641230093,0.503162243587699,0.0,0.0,0.0,0.0,0.0,0.0
2023-12-18,0.49667037905441347,0.5033296209455865,0.0,0.0,0.0,0.0,0.0,0.0
2023-12-19,0.49691182420853774,0.5030881757914624,0.0,0.0,0.0,0.0,0.0,0.0
2023-12-20,0.49716612806955235,0.5028338719304477,0.0,0.0,0.0,0.0,0.0,0.0
2023-12-21,0.49663336568995087,0.5033666343100492,0.0,0.0,0.0,0.0,0.0,0.0
2023-12-22,0.4967615547797786,0.5032384452202213,0.0,0.0,0.0,0.0,0.0,0.0
2023-12-26,0.4962891990981139,0.5037108009018861,0.0,0.0,0.0,0.0,0.0,0.0
2023-12-27,0.49623241667420603,0.503767583325794,0.0,0.0,0.0,0.0,0.0,0.0
2023-12-28,0.4964483401324065,0.5035516598675934,0.0,0.0,0.0,0.0,0.0,0.0
2023-12-29,0.49680784920122245,0.5031921507987775,0.0,0.0,0.0,0.0,0.0,0.0
2024-01-02,0.5,0.5,0.0,0.0,0.0,0.0,0.0,0.0
2024-01-03,0.5006094632451505,0.4993905367548494,0.0,0.0,0.0,0.0,0.0,0.0
2024-01-04,0.5010928189857724,0.49890718101422754,0.0,0.0,0.0,0.0,0.0,0.0
2024-01-05,0.5011386383994033,0.49886136160059674,0.0,0.0,0.0,0.0,0.0,0.0
2024-01-08,0.4995680890796891,0.5004319109203109,0.0,0.0,0.0,0.0,0.0,0.0
2024-01-09,0.49869512367293306,0.501304876327067,0.0,0.0,0.0,0.0,0.0,0.0
2024-01-10,0.49841631843281753,0.5015836815671824,0.0,0.0,0.0,0.0,0.0,0.0
2024-01-11,0.4977865257807366,0.5022134742192633,0.0,0.0,0.0,0.0,0.0,0.0
2024-01-12,0.4978314083797234,0.5021685916202766,0.0,0.0,0.0,0.0,0.0,0.0
2024-01-16,0.4969363889493337,0.5030636110506663,0.0,0.0,0.0,0.0,0.0,0.0
2024-01-17,0.496957034548229,0.503042965451771,0.0,0.0,0.0,0.0,0.0,0.0
2024-01-18,0.4956468423893034,0.5043531576106967,0.0,0.0,0.0,0.0,0.0,0.0
2024-01-19,0.4938351068060886,0.5061648931939113,0.0,0.0,0.0,0.0,0.0,0.0
2024-01-22,0.4940368226090463,0.5059631773909538,0.0,0.0,0.0,0.0,0.0,0.0
2024-01-23,0.49372969919465365,0.5062703008053464,0.0,0.0,0.0,0.0,0.0,0.0
2024-01-24,0.4926195429450019,0.5073804570549982,0.0,0.0,0.0,0.0,0.0,0.0
2024-01-25,0.4936703041910459,0.506329695808954,0.0,0.0,0.0,0.0,0.0,0.0
2024-01-26,0.4948462064160326,0.5051537935839673,0.0,0.0,0.0,0.0,0.0,0.0
2024-01-29,0.49427121689173037,0.5057287831082697,0.0,0.0,0.0,0.0,0.0,0.0
2024-01-30,0.4957473213867642,0.5042526786132359,0.0,0.0,0.0,0.0,0.0,0.0
2024-01-31,0.4965794126011446,0.5034205873988555,0.0,0.0,0.0,0.0,0.0,0.0
2024-02-01,0.5,0.5,0.0,0.0,0.0,0.0,0.0,0.0
2024-02-02,0.49842829835002056,0.5015717016499794,0.0,0.0,0.0,0.0,0.0,0.0
2024-02-05,0.49784287640110514,0.5021571235988948,0.0,0.0,0.0,0.0,0.0,0.0
2024-02-06,0.49906998108734263,0.5009300189126573,0.0,0.0,0.0,0.0,0.0,0.0
2024-02-07,0.4985870162932837,0.5014129837067163,0.0,0.0,0.0,0.0,0.0,0.0
2024-02-08,0.4982348419306794,0.5017651580693206,0.0,0.0,0.0,0.0,0.0,0.0
2024-02-09,0.4972267943039138,0.5027732056960863,0.0,0.0,0.0,0.0,0.0,0.0
2024-02-12,0.4980971043971269,0.5019028956028732,0.0,0.0,0.0,0.0,0.0,0.0
2024-02-13,0.4985599014357239,0.5014400985642762,0.0,0.0,0.0,0.0,0.0,0.0
2024-02-14,0.49811199598314077,0.5018880040168592,0.0,0.0,0.0,0.0,0.0,0.0
2024-02-15,0.4990876772528689,0.5009123227471312,0.0,0.0,0.0,0.0,0.0,0.0
2024-02-16,0.5001168494201235,0.49988315057987653,0.0,0.0,0.0,0.0,0.0,0.0
2024-02-20,0.5006308452437123,0.4993691547562878,0.0,0.0,0.0,0.0,0.0,0.0
2024-02-21,0.5018596280511097,0.4981403719488904,0.0,0.0,0.0,0.0,0.0,0.0
2024-02-22,0.49976689768732435,0.5002331023126757,0.0,0.0,0.0,0.0,0.0,0.0
2024-02-23,0.5006764769041306,0.4993235230958694,0.0,0.0,0.0,0.0,0.0,0.0
2024-02-26,0.4998908936401279,0.5001091063598722,0.0,0.0,0.0,0.0,0.0,0.0
2024-02-27,0.4997542648607831,0.5002457351392169,0.0,0.0,0.0,0.0,0.0,0.0
2024-02-28,0.5007583353194663,0.4992416646805336,0.0,0.0,0.0,0.0,0.0,0.0
2024-02-29,0.4995222389382484,0.5004777610617517,0.0,0.0,0.0,0.0,0.0,0.0
2024-03-01,0.5,0.5,0.0,0.0,0.0,0.0,0.0,0.0
2024-03-04,0.5006253806563417,0.4993746193436584,0.0,0.0,0.0,0.0,0.0,0.0
2024-03-05,0.5026424459656144,0.49735755403438564,0.0,0.0,0.0,0.0,0.0,0.0
2024-03-06,0.5023399923756845,0.4976600076243155,0.0,0.0,0.0,0.0,0.0,0.0
2024-03-07,0.5010434318923501,0.4989565681076499,0.0,0.0,0.0,0.0,0.0,0.0
2024-03-08,0.5031732837056908,0.49682671629430925,0.0,0.0,0.0,0.0,0.0,0.0
2024-03-11,0.503888087068161,0.4961119129318389,0.0,0.0,0.0,0.0,0.0,0.0
2024-03-12,0.5030048010272334,0.4969951989727666,0.0,0.0,0.0,0.0,0.0,0.0
2024-03-13,0.5045415115494533,0.49545848845054674,0.0,0.0,0.0,0.0,0.0,0.0
2024-03-14,0.5046779361338356,0.4953220638661644,0.0,0.0,0.0,0.0,0.0,0.0
2024-03-15,0.505944715083903,0.494055284916097,0.0,0.0,0.0,0.0,0.0,0.0
2024-03-18,0.5050531323508008,0.4949468676491991,0.0,0.0,0.0,0.0,0.0,0.0
2024-03-19,0.5058163872741104,0.49418361272588973,0.0,0.0,0.0,0.0,0.0,0.0
2024-03-20,0.5051714692215209,0.49482853077847905,0.0,0.0,0.0,0.0,0.0,0.0
2024-03-21,0.50481603586966,0.49518396413034,0.0,0.0,0.0,0.0,0.0,0.0
2024-03-22,0.5040558889369936,0.4959441110630065,0.0,0.0,0.0,0.0,0.0,0.0
2024-03-25,0.5042731394821011,0.495726860517899,0.0,0.0,0.0,0.0,0.0,0.0
2024-03-26,0.504621704957603,0.495378295042397,0.0,0.0,0.0,0.0,0.0,0.0
2024-03-27,0.5058636438434473,0.49413635615655277,0.0,0.0,0.0,0.0,0.0,0.0
2024-03-28,0.5062770968929533,0.4937229031070468,0.0,0.0,0.0,0.0,0.0,0.0
2024-04-01,0.5,0.5,0.0,0.0,0.0,0.0,0.0,0.0
2024-04-02,0.5005723517892126,0.4994276482107874,0.0,0.0,0.0,0.0,0.0,0.0
2024-04-03,0.500286350752412,0.4997136492475879,0.0,0.0,0.0,0.0,0.0,0.0
2024-04-04,0.5010682924824954,0.4989317075175046,0.0,0.0,0.0,0.0,0.0,0.0
2024-04-05,0.5007376589401589,0.4992623410598412,0.0,0.0,0.0,0.0,0.0,0.0
2024-04-08,0.5008037107469785,0.49919628925302156,0.0,0.0,0.0,0.0,0.0,0.0
2024-04-09,0.5001695668091793,0.4998304331908207,0.0,0.0,0.0,0.0,0.0,0.0
2024-04-10,0.499845321642651,0.500154678357349,0.0,0.0,0.0,0.0,0.0,0.0
2024-04-11,0.49776454278850873,0.5022354572114912,0.0,0.0,0.0,0.0,0.0,0.0
2024-04-12,0.4983072583657142,0.5016927416342858,0.0,0.0,0.0,0.0,0.0,0.0
2024-04-15,0.49930240388843694,0.500697596111563,0.0,0.0,0.0,0.0,0.0,0.0
2024-04-16,0.49882284648934044,0.5011771535106595,0.0,0.0,0.0,0.0,0.0,0.0
2024-04-17,0.500407963145255,0.4995920368547449,0.0,0.0,0.0,0.0,0.0,0.0
2024-04-18,0.5013236929521754,0.4986763070478245,0.0,0.0,0.0,0.0,0.0,0.0
2024-04-19,0.5043584343979173,0.4956415656020828,0.0,0.0,0.0,0.0,0.0,0.0
2024-04-22,0.5041486506485559,0.4958513493514441,0.0,0.0,0.0,0.0,0.0,0.0
2024-04-23,0.5033946940848624,0.4966053059151377,0.0,0.0,0.0,0.0,0.0,0.0
2024-04-24,0.5024305042140287,0.49756949578597137,0.0,0.0,0.0,0.0,0.0,0.0
2024-04-25,0.5026894213101154,0.49731057868988465,0.0,0.0,0.0,0.0,0.0,0.0
2024-04-26,0.5012182798646092,0.49878172013539074,0.0,0.0,0.0,0.0,0.0,0.0
2024-04-29,0.5010891018218812,0.4989108981781189,0.0,0.0,0.0,0.0,0.0,0.0
2024-04-30,0.5018560702309818,0.4981439297690181,0.0,0.0,0.0,0.0,0.0,0.0
2024-05-01,0.5,0.5,0.0,0.0,0.0,0.0,0.0,0.0
2024-05-02,0.49915683622630874,0.5008431637736912,0.0,0.0,0.0,0.0,0.0,0.0
2024-05-03,0.49726185655433514,0.5027381434456648,0.0,0.0,0.0,0.0,0.0,0.0
2024-05-06,0.4971068559403972,0.5028931440596027,0.0,0.0,0.0,0.0,0.0,0.0
2024-05-07,0.4973428317630324,0.5026571682369675,0.0,0.0,0.0,0.0,0.0,0.0
2024-05-08,0.49751465977654435,0.5024853402234556,0.0,0.0,0.0,0.0,0.0,0.0
2024-05-09,0.49840616689239126,0.5015938331076087,0.0,0.0,0.0,0.0,0.0,0.0
2024-05-10,0.4981391792485184,0.5018608207514816,0.0,0.0,0.0,0.0,0.0,0.0
2024-05-13,0.4975965822786654,0.5024034177213346,0.0,0.0,0.0,0.0,0.0,0.0
2024-05-14,0.4971381155907867,0.5028618844092133,0.0,0.0,0.0,0.0,0.0,0.0
2024-05-15,0.49633752065221437,0.5036624793477857,0.0,0.0,0.0,0.0,0.0,0.0
2024-05-16,0.49633095769406144,0.5036690423059386,0.0,0.0,0.0,0.0,0.0,0.0
2024-05-17,0.49681171398539586,0.5031882860146041,0.0,0.0,0.0,0.0,0.0,0.0
2024-05-20,0.49536262222303673,0.5046373777769633,0.0,0.0,0.0,0.0,0.0,0.0
2024-05-21,0.49548634723390045,0.5045136527660995,0.0,0.0,0.0,0.0,0.0,0.0
2024-05-22,0.4948149440611045,0.5051850559388955,0.0,0.0,0.0,0.0,0.0,0.0
2024-05-23,0.4941093398316899,0.5058906601683101,0.0,0.0,0.0,0.0,0.0,0.0
2024-05-24,0.4934052001515585,0.5065947998484415,0.0,0.0,0.0,0.0,0.0,0.0
2024-05-28,0.49263736455963,0.5073626354403701,0.0,0.0,0.0,0.0,0.0,0.0
2024-05-29,0.49264886888430015,0.5073511311156997,0.0,0.0,0.0,0.0,0.0,0.0
2024-05-30,0.4936775599855635,0.5063224400144365,0.0,0.0,0.0,0.0,0.0,0.0
2024-05-31,0.49640944336143433,0.5035905566385657,0.0,0.0,0.0,0.0,0.0,0.0
2024-06-03,0.5,0.5,0.0,0.0,0.0,0.0,0.0,0.0
2024-06-04,0.4995961301485607,0.5004038698514393,0.0,0.0,0.0,0.0,0.0,0.0
2024-06-05,0.49756009246187827,0.5024399075381217,0.0,0.0,0.0,0.0,0.0,0.0
2024-06-06,0.4976416886730836,0.5023583113269164,0.0,0.0,0.0,0.0,0.0,0.0
2024-06-07,0.4975588906457331,0.502441109354267,0.0,0.0,0.0,0.0,0.0,0.0
2024-06-10,0.49732240690937335,0.5026775930906267,0.0,0.0,0.0,0.0,0.0,0.0
2024-06-11,0.4962139744059602,0.5037860255940398,0.0,0.0,0.0,0.0,0.0,0.0
2024-06-12,0.4950057983275274,0.5049942016724726,0.0,0.0,0.0,0.0,0.0,0.0
2024-06-13,0.49415735614486644,0.5058426438551336,0.0,0.0,0.0,0.0,0.0,0.0
2024-06-14,0.49301762022044954,0.5069823797795505,0.0,0.0,0.0,0.0,0.0,0.0
2024-06-17,0.49195591802567173,0.5080440819743283,0.0,0.0,0.0,0.0,0.0,0.0
2024-06-18,0.4925128358898998,0.5074871641101002,0.0,0.0,0.0,0.0,0.0,0.0
2024-06-20,0.49376696141397236,0.5062330385860275,0.0,0.0,0.0,0.0,0.0,0.0
2024-06-21,0.4941022525295038,0.5058977474704962,0.0,0.0,0.0,0.0,0.0,0.0
2024-06-24,0.4961505690009813,0.5038494309990188,0.0,0.0,0.0,0.0,0.0,0.0
2024-06-25,0.49426891361533193,0.5057310863846681,0.0,0.0,0.0,0.0,0.0,0.0
2024-06-26,0.49406501275595716,0.505934987244043,0.0,0.0,0.0,0.0,0.0,0.0
2024-06-27,0.4938143652225068,0.5061856347774931,0.0,0.0,0.0,0.0,0.0,0.0
2024-06-28,0.4941297128611452,0.5058702871388548,0.0,0.0,0.0,0.0,0.0,0.0
2024-07-01,0.5,0.5,0.0,0.0,0.0,0.0,0.0,0.0
2024-07-02,0.4990654973245683,0.5009345026754318,0.0,0.0,0.0,0.0,0.0,0.0
2024-07-03,0.49810317334354826,0.5018968266564517,0.0,0.0,0.0,0.0,0.0,0.0
2024-07-05,0.4969474134193725,0.5030525865806276,0.0,0.0,0.0,0.0,0.0,0.0
2024-07-08,0.4966418639094147,0.5033581360905854,0.0,0.0,0.0,0.0,0.0,0.0
2024-07-09,0.4966688627656327,0.5033311372343674,0.0,0.0,0.0,0.0,0.0,0.0
2024-07-10,0.49653734285513296,0.503462657144867,0.0,0.0,0.0,0.0,0.0,0.0
2024-07-11,0.49991590257807944,0.5000840974219205,0.0,0.0,0.0,0.0,0.0,0.0
2024-07-12,0.5000233838134596,0.4999766161865404,0.0,0.0,0.0,0.0,0.0,0.0
2024-07-15,0.5000389261325394,0.4999610738674606,0.0,0.0,0.0,0.0,0.0,0.0
2024-07-16,0.5014213002169937,0.49857869978300645,0.0,0.0,0.0,0.0,0.0,0.0
2024-07-17,0.5053396586272065,0.4946603413727934,0.0,0.0,0.0,0.0,0.0,0.0
2024-07-18,0.5045970389329085,0.4954029610670915,0.0,0.0,0.0,0.0,0.0,0.0
2024-07-19,0.5051570338650239,0.49484296613497614,0.0,0.0,0.0,0.0,0.0,0.0
2024-07-22,0.5040244801951892,0.4959755198048107,0.0,0.0,0.0,0.0,0.0,0.0
2024-07-23,0.50451468455333,0.49548531544667007,0.0,0.0,0.0,0.0,0.0,0.0
2024-07-24,0.5079156717104809,0.4920843282895191,0.0,0.0,0.0,0.0,0.0,0.0
2024-07-25,0.5093815453177141,0.4906184546822859,0.0,0.0,0.0,0.0,0.0,0.0
2024-07-26,0.5096148203723976,0.4903851796276024,0.0,0.0,0.0,0.0,0.0,0.0
2024-07-29,0.5092602521889485,0.49073974781105145,0.0,0.0,0.0,0.0,0.0,0.0
2024-07-30,0.511446094731748,0.488553905268252,0.0,0.0,0.0,0.0,0.0,0.0
2024-07-31,0.5081871992751805,0.4918128007248194,0.0,0.0,0.0,0.0,0.0,0.0
2024-08-01,0.0,0.5,0.0,0.0,0.0,0.5,0.0,0.0
2024-08-02,0.0,0.49447155540654913,0.0,0.0,0.0,0.5055284445934509,0.0,0.0
2024-08-05,0.0,0.4900984729941853,0.0,0.0,0.0,0.5099015270058147,0.0,0.0
2024-08-06,0.0,0.4944830626401921,0.0,0.0,0.0,0.505516937359808,0.0,0.0
2024-08-07,0.0,0.49193130311393196,0.0,0.0,0.0,0.5080686968860679,0.0,0.0
2024-08-08,0.0,0.4955722680309694,0.0,0.0,0.0,0.5044277319690307,0.0,0.0
2024-08-09,0.0,0.4962613209402407,0.0,0.0,0.0,0.5037386790597592,0.0,0.0
2024-08-12,0.0,0.49254976067476475,0.0,0.0,0.0,0.5074502393252353,0.0,0.0
2024-08-13,0.0,0.4990601239774309,0.0,0.0,0.0,0.5009398760225692,0.0,0.0
2024-08-14,0.0,0.5011884869856298,0.0,0.0,0.0,0.4988115130143703,0.0,0.0
2024-08-15,0.0,0.50664193833094,0.0,0.0,0.0,0.49335806166906004,0.0,0.0
2024-08-16,0.0,0.5014283374813624,0.0,0.0,0.0,0.4985716625186376,0.0,0.0
2024-08-19,0.0,0.5051006174509257,0.0,0.0,0.0,0.4948993825490743,0.0,0.0
2024-08-20,0.0,0.5036597081746064,0.0,0.0,0.0,0.4963402918253937,0.0,0.0
2024-08-21,0.0,0.5051565431516232,0.0,0.0,0.0,0.4948434568483768,0.0,0.0
2024-08-22,0.0,0.5041729678498162,0.0,0.0,0.0,0.49582703215018364,0.0,0.0
2024-08-23,0.0,0.5039979828567155,0.0,0.0,0.0,0.49600201714328446,0.0,0.0
2024-08-26,0.0,0.5007630407573684,0.0,0.0,0.0,0.4992369592426315,0.0,0.0
2024-08-27,0.0,0.5008329958163857,0.0,0.0,0.0,0.4991670041836143,0.0,0.0
2024-08-28,0.0,0.4997428282296778,0.0,0.0,0.0,0.5002571717703223,0.0,0.0
2024-08-29,0.0,0.4980854600732626,0.0,0.0,0.0,0.5019145399267374,0.0,0.0
2024-08-30,0.0,0.5028355189164616,0.0,0.0,0.0,0.4971644810835383,0.0,0.0
2024-09-03,0.0,0.5,0.0,0.0,0.0,0.5,0.0,0.0
2024-09-04,0.0,0.4991975851582206,0.0,0.0,0.0,0.5008024148417793,0.0,0.0
2024-09-05,0.0,0.4973564487089438,0.0,0.0,0.0,0.5026435512910562,0.0,0.0
2024-09-06,0.0,0.49242639813841443,0.0,0.0,0.0,0.5075736018615856,0.0,0.0
2024-09-09,0.0,0.4945711814158742,0.0,0.0,0.0,0.5054288185841258,0.0,0.0
2024-09-10,0.0,0.4957722772290953,0.0,0.0,0.0,0.5042277227709048,0.0,0.0
2024-09-11,0.0,0.5015409152844602,0.0,0.0,0.0,0.4984590847155398,0.0,0.0
2024-09-12,0.0,0.4996292745002219,0.0,0.0,0.0,0.5003707254997782,0.0,0.0
2024-09-13,0.0,0.4982730973173509,0.0,0.0,0.0,0.5017269026826492,0.0,0.0
2024-09-16,0.0,0.49718713429532463,0.0,0.0,0.0,0.5028128657046753,0.0,0.0
2024-09-17,0.0,0.4987057142955838,0.0,0.0,0.0,0.501294285704416,0.0,0.0
2024-09-18,0.0,0.499556027368803,0.0,0.0,0.0,0.500443972631197,0.0,0.0
2024-09-19,0.0,0.5019432037108209,0.0,0.0,0.0,0.498056796289179,0.0,0.0
2024-09-20,0.0,0.49830930134441304,0.0,0.0,0.0,0.501690698655587,0.0,0.0
2024-09-23,0.0,0.4984864537403949,0.0,0.0,0.0,0.5015135462596052,0.0,0.0
2024-09-24,0.0,0.49622141757563387,0.0,0.0,0.0,0.5037785824243662,0.0,0.0
2024-09-25,0.0,0.49679874701952126,0.0,0.0,0.0,0.5032012529804789,0.0,0.0
2024-09-26,0.0,0.49740149450331966,0.0,0.0,0.0,0.5025985054966803,0.0,0.0
2024-09-27,0.0,0.4980002204762411,0.0,0.0,0.0,0.5019997795237588,0.0,0.0
2024-09-30,0.0,0.5006851370131318,0.0,0.0,0.0,0.4993148629868682,0.0,0.0
2024-10-01,0.0,0.5,0.0,0.0,0.0,0.5,0.0,0.0
2024-10-02,0.0,0.5003021233640214,0.0,0.0,0.0,0.4996978766359787,0.0,0.0
2024-10-03,0.0,0.5002883621664577,0.0,0.0,0.0,0.4997116378335424,0.0,0.0
2024-10-04,0.0,0.5037447578164304,0.0,0.0,0.0,0.49625524218356964,0.0,0.0
2024-10-07,0.0,0.5019008419369598,0.0,0.0,0.0,0.49809915806304006,0.0,0.0
2024-10-08,0.0,0.5074561544119074,0.0,0.0,0.0,0.4925438455880926,0.0,0.0
2024-10-09,0.0,0.5107797050026124,0.0,0.0,0.0,0.4892202949973876,0.0,0.0
2024-10-10,0.0,0.5086674439788025,0.0,0.0,0.0,0.4913325560211975,0.0,0.0
2024-10-11,0.0,0.5063448933550336,0.0,0.0,0.0,0.4936551066449663,0.0,0.0
2024-10-14,0.0,0.5088411067111477,0.0,0.0,0.0,0.49115889328885226,0.0,0.0
2024-10-15,0.0,0.5046120780015414,0.0,0.0,0.0,0.49538792199845866,0.0,0.0
2024-10-16,0.0,0.503395438025363,0.0,0.0,0.0,0.496604561974637,0.0,0.0
2024-10-17,0.0,0.5020759297350879,0.0,0.0,0.0,0.49792407026491214,0.0,0.0
2024-10-18,0.0,0.5010687212868965,0.0,0.0,0.0,0.4989312787131034,0.0,0.0
2024-10-21,0.0,0.5015983444549809,0.0,0.0,0.0,0.4984016555450191,0.0,0.0
2024-10-22,0.0,0.49918831826608867,0.0,0.0,0.0,0.5008116817339114,0.0,0.0
2024-10-23,0.0,0.498358645420272,0.0,0.0,0.0,0.501641354579728,0.0,0.0
2024-10-24,0.0,0.4984617059706262,0.0,0.0,0.0,0.5015382940293738,0.0,0.0
2024-10-25,0.0,0.4994667762300569,0.0,0.0,0.0,0.500533223769943,0.0,0.0
2024-10-28,0.0,0.49949726927383037,0.0,0.0,0.0,0.5005027307261696,0.0,0.0
2024-10-29,0.0,0.4991789197996227,0.0,0.0,0.0,0.5008210802003774,0.0,0.0
2024-10-30,0.0,0.4959097418484027,0.0,0.0,0.0,0.5040902581515974,0.0,0.0
2024-10-31,0.0,0.49342246236126075,0.0,0.0,0.0,0.5065775376387393,0.0,0.0
2024-11-01,0.5,0.5,0.0,0.0,0.0,0.0,0.0,0.0
2024-11-04,0.50019026083365,0.4998097391663499,0.0,0.0,0.0,0.0,0.0,0.0
2024-11-05,0.5000260481130971,0.4999739518869029,0.0,0.0,0.0,0.0,0.0,0.0
2024-11-06,0.49946622544405106,0.5005337745559489,0.0,0.0,0.0,0.0,0.0,0.0
2024-11-07,0.4974864386184238,0.5025135613815763,0.0,0.0,0.0,0.0,0.0,0.0
2024-11-08,0.4982750205325751,0.5017249794674249,0.0,0.0,0.0,0.0,0.0,0.0
2024-11-11,0.49865899383458817,0.501341006165412,0.0,0.0,0.0,0.0,0.0,0.0
2024-11-12,0.4983342040411977,0.5016657959588023,0.0,0.0,0.0,0.0,0.0,0.0
2024-11-13,0.4987774687931462,0.5012225312068539,0.0,0.0,0.0,0.0,0.0,0.0
2024-11-14,0.4989082689336276,0.5010917310663724,0.0,0.0,0.0,0.0,0.0,0.0
2024-11-15,0.501713993659556,0.49828600634044384,0.0,0.0,0.0,0.0,0.0,0.0
2024-11-18,0.5010053751162644,0.4989946248837357,0.0,0.0,0.0,0.0,0.0,0.0
2024-11-19,0.5002035313768173,0.4997964686231828,0.0,0.0,0.0,0.0,0.0,0.0
2024-11-20,0.5004322598533851,0.49956774014661504,0.0,0.0,0.0,0.0,0.0,0.0
2024-11-21,0.5008730039035715,0.49912699609642847,0.0,0.0,0.0,0.0,0.0,0.0
2024-11-22,0.5012460050355343,0.49875399496446576,0.0,0.0,0.0,0.0,0.0,0.0
2024-11-25,0.501697495151167,0.49830250484883304,0.0,0.0,0.0,0.0,0.0,0.0
2024-11-26,0.5016607322494492,0.49833926775055076,0.0,0.0,0.0,0.0,0.0,0.0
2024-11-27,0.5028781617212026,0.4971218382787975,0.0,0.0,0.0,0.0,0.0,0.0
2024-11-29,0.5022393463891878,0.4977606536108121,0.0,0.0,0.0,0.0,0.0,0.0
2024-12-02,0.5,0.0,0.5,0.0,0.0,0.0,0.0,0.0
2024-12-03,0.501900974109968,0.0,0.498099025890032,0.0,0.0,0.0,0.0,0.0
2024-12-04,0.5025544432786717,0.0,0.4974455567213283,0.0,0.0,0.0,0.0,0.0
2024-12-05,0.5050758977630119,0.0,0.494924102236988,0.0,0.0,0.0,0.0,0.0
2024-12-06,0.504658521404579,0.0,0.495341478595421,0.0,0.0,0.0,0.0,0.0
2024-12-09,0.5046265136341791,0.0,0.49537348636582085,0.0,0.0,0.0,0.0,0.0
2024-12-10,0.5049335069903063,0.0,0.49506649300969374,0.0,0.0,0.0,0.0,0.0
2024-12-11,0.5057310353928596,0.0,0.4942689646071405,0.0,0.0,0.0,0.0,0.0
2024-12-12,0.5077094053647747,0.0,0.49229059463522523,0.0,0.0,0.0,0.0,0.0
2024-12-13,0.5093802945608237,0.0,0.49061970543917627,0.0,0.0,0.0,0.0,0.0
2024-12-16,0.5089804229696527,0.0,0.4910195770303473,0.0,0.0,0.0,0.0,0.0
2024-12-17,0.5108261585909167,0.0,0.4891738414090834,0.0,0.0,0.0,0.0,0.0
2024-12-18,0.5145801628124179,0.0,0.4854198371875822,0.0,0.0,0.0,0.0,0.0
2024-12-19,0.515614264430799,0.0,0.48438573556920106,0.0,0.0,0.0,0.0,0.0
2024-12-20,0.5162669816764652,0.0,0.48373301832353494,0.0,0.0,0.0,0.0,0.0
2024-12-23,0.5183323167440582,0.0,0.4816676832559417,0.0,0.0,0.0,0.0,0.0
2024-12-24,0.5188692698279406,0.0,0.4811307301720594,0.0,0.0,0.0,0.0,0.0
2024-12-26,0.5163393247859207,0.0,0.48366067521407935,0.0,0.0,0.0,0.0,0.0
2024-12-27,0.5173639341890597,0.0,0.48263606581094026,0.0,0.0,0.0,0.0,0.0
2024-12-30,0.5164254532645793,0.0,0.4835745467354207,0.0,0.0,0.0,0.0,0.0
2024-12-31,0.515198483639115,0.0,0.484801516360885,0.0,0.0,0.0,0.0,0.0
2025-01-02,0.0,0.5,0.0,0.0,0.0,0.5,0.0,0.0
2025-01-03,0.0,0.5060316619793993,0.0,0.0,0.0,0.49396833802060075,0.0,0.0
2025-01-06,0.0,0.5091960018540034,0.0,0.0,0.0,0.49080399814599673,0.0,0.0
2025-01-07,0.0,0.5032912078129784,0.0,0.0,0.0,0.4967087921870216,0.0,0.0
2025-01-08,0.0,0.5020095396849396,0.0,0.0,0.0,0.4979904603150604,0.0,0.0
2025-01-10,0.0,0.4956800961182241,0.0,0.0,0.0,0.5043199038817759,0.0,0.0
2025-01-13,0.0,0.49737553158984854,0.0,0.0,0.0,0.5026244684101514,0.0,0.0
2025-01-14,0.0,0.49582919482811894,0.0,0.0,0.0,0.5041708051718812,0.0,0.0
2025-01-15,0.0,0.4996502271190965,0.0,0.0,0.0,0.5003497728809035,0.0,0.0
2025-01-16,0.0,0.4961708841799047,0.0,0.0,0.0,0.5038291158200954,0.0,0.0
2025-01-17,0.0,0.5016855437583428,0.0,0.0,0.0,0.4983144562416571,0.0,0.0
2025-01-21,0.0,0.4993058563743736,0.0,0.0,0.0,0.5006941436256265,0.0,0.0
2025-01-22,0.0,0.5012014302356099,0.0,0.0,0.0,0.49879856976439,0.0,0.0
2025-01-23,0.0,0.5020863005597997,0.0,0.0,0.0,0.49791369944020014,0.0,0.0
2025-01-24,0.0,0.49911968316598027,0.0,0.0,0.0,0.5008803168340197,0.0,0.0
2025-01-27,0.0,0.4943480474382395,0.0,0.0,0.0,0.5056519525617603,0.0,0.0
2025-01-28,0.0,0.4958609970087252,0.0,0.0,0.0,0.5041390029912749,0.0,0.0
2025-01-29,0.0,0.49635301816827887,0.0,0.0,0.0,0.5036469818317211,0.0,0.0
2025-01-30,0.0,0.49365858089677966,0.0,0.0,0.0,0.5063414191032205,0.0,0.0
2025-01-31,0.0,0.49280160661765093,0.0,0.0,0.0,0.5071983933823491,0.0,0.0
2025-02-03,0.5,0.0,0.0,0.0,0.0,0.5,0.0,0.0
2025-02-04,0.49922140746415966,0.0,0.0,0.0,0.0,0.5007785925358402,0.0,0.0
2025-02-05,0.49868541549432194,0.0,0.0,0.0,0.0,0.5013145845056781,0.0,0.0
2025-02-06,0.5002162258109859,0.0,0.0,0.0,0.0,0.49978377418901404,0.0,0.0
2025-02-07,0.4974716772031006,0.0,0.0,0.0,0.0,0.5025283227968994,0.0,0.0
2025-02-10,0.4949648424009687,0.0,0.0,0.0,0.0,0.5050351575990313,0.0,0.0
2025-02-11,0.49606937096606124,0.0,0.0,0.0,0.0,0.5039306290339386,0.0,0.0
2025-02-12,0.4950010870158393,0.0,0.0,0.0,0.0,0.5049989129841607,0.0,0.0
2025-02-13,0.495173063672166,0.0,0.0,0.0,0.0,0.5048269363278339,0.0,0.0
2025-02-14,0.49890645711446446,0.0,0.0,0.0,0.0,0.5010935428855356,0.0,0.0
2025-02-18,0.4955331412180704,0.0,0.0,0.0,0.0,0.5044668587819297,0.0,0.0
2025-02-19,0.4959826722437736,0.0,0.0,0.0,0.0,0.5040173277562264,0.0,0.0
2025-02-20,0.4948113477568228,0.0,0.0,0.0,0.0,0.5051886522431771,0.0,0.0
2025-02-21,0.4907299081250039,0.0,0.0,0.0,0.0,0.5092700918749962,0.0,0.0
2025-02-24,0.4882370742627437,0.0,0.0,0.0,0.0,0.5117629257372563,0.0,0.0
2025-02-25,0.49030877681697443,0.0,0.0,0.0,0.0,0.5096912231830256,0.0,0.0
2025-02-26,0.49005377567013114,0.0,0.0,0.0,0.0,0.5099462243298688,0.0,0.0
2025-02-27,0.4898704576632629,0.0,0.0,0.0,0.0,0.5101295423367371,0.0,0.0
2025-02-28,0.49531184404064504,0.0,0.0,0.0,0.0,0.504688155959355,0.0,0.0
2025-03-03,0.5,0.0,0.0,0.0,0.0,0.5,0.0,0.0
2025-03-04,0.4948582572460173,0.0,0.0,0.0,0.0,0.5051417427539826,0.0,0.0
2025-03-05,0.4970110117463263,0.0,0.0,0.0,0.0,0.5029889882536738,0.0,0.0
2025-03-06,0.49380715730027613,0.0,0.0,0.0,0.0,0.506192842699724,0.0,0.0
2025-03-07,0.49507385655535086,0.0,0.0,0.0,0.0,0.5049261434446491,0.0,0.0
2025-03-10,0.4905242873138142,0.0,0.0,0.0,0.0,0.5094757126861857,0.0,0.0
2025-03-11,0.4855254643890083,0.0,0.0,0.0,0.0,0.5144745356109917,0.0,0.0
2025-03-12,0.4857640306695139,0.0,0.0,0.0,0.0,0.5142359693304861,0.0,0.0
2025-03-13,0.4780192716439709,0.0,0.0,0.0,0.0,0.521980728356029,0.0,0.0
2025-03-14,0.4830230555238957,0.0,0.0,0.0,0.0,0.5169769444761044,0.0,0.0
2025-03-17,0.4835930751504253,0.0,0.0,0.0,0.0,0.5164069248495745,0.0,0.0
2025-03-18,0.4779835173894254,0.0,0.0,0.0,0.0,0.5220164826105748,0.0,0.0
2025-03-19,0.479663686929004,0.0,0.0,0.0,0.0,0.5203363130709959,0.0,0.0
2025-03-20,0.4792607354836006,0.0,0.0,0.0,0.0,0.5207392645163995,0.0,0.0
2025-03-21,0.48136056189100246,0.0,0.0,0.0,0.0,0.5186394381089975,0.0,0.0
2025-03-24,0.48690804677017846,0.0,0.0,0.0,0.0,0.5130919532298216,0.0,0.0
2025-03-25,0.48641093642561006,0.0,0.0,0.0,0.0,0.5135890635743899,0.0,0.0
2025-03-26,0.4836175219956716,0.0,0.0,0.0,0.0,0.5163824780043285,0.0,0.0
2025-03-27,0.47962894166907255,0.0,0.0,0.0,0.0,0.5203710583309273,0.0,0.0
2025-03-28,0.47271266211710045,0.0,0.0,0.0,0.0,0.5272873378828995,0.0,0.0
2025-03-31,0.47082603596050954,0.0,0.0,0.0,0.0,0.5291739640394906,0.0,0.0
2025-04-01,0.0,0.0,0.0,0.0,0.5,0.5,0.0,0.0
2025-04-02,0.0,0.0,0.0,0.0,0.5010009995657588,0.49899900043424117,0.0,0.0
2025-04-03,0.0,0.0,0.0,0.0,0.4938347112444245,0.5061652887555755,0.0,0.0
2025-04-04,0.0,0.0,0.0,0.0,0.48866158479648236,0.5113384152035175,0.0,0.0
2025-04-07,0.0,0.0,0.0,0.0,0.48744290368960275,0.5125570963103973,0.0,0.0
2025-04-08,0.0,0.0,0.0,0.0,0.4792950396941784,0.5207049603058215,0.0,0.0
2025-04-09,0.0,0.0,0.0,0.0,0.4846933764486684,0.5153066235513315,0.0,0.0
2025-04-10,0.0,0.0,0.0,0.0,0.4729097801526279,0.5270902198473721,0.0,0.0
2025-04-11,0.0,0.0,0.0,0.0,0.4712259409333342,0.5287740590666657,0.0,0.0
2025-04-14,0.0,0.0,0.0,0.0,0.4777582405587232,0.5222417594412768,0.0,0.0
2025-04-15,0.0,0.0,0.0,0.0,0.4772149696746547,0.5227850303253452,0.0,0.0
2025-04-16,0.0,0.0,0.0,0.0,0.4690578709408043,0.5309421290591957,0.0,0.0
2025-04-17,0.0,0.0,0.0,0.0,0.47385460019737746,0.5261453998026226,0.0,0.0
2025-04-21,0.0,0.0,0.0,0.0,0.46102746538065537,0.5389725346193447,0.0,0.0
2025-04-22,0.0,0.0,0.0,0.0,0.46936580329250205,0.5306341967074978,0.0,0.0
2025-04-23,0.0,0.0,0.0,0.0,0.4758748449909069,0.5241251550090931,0.0,0.0
2025-04-24,0.0,0.0,0.0,0.0,0.473188576288465,0.5268114237115351,0.0,0.0
2025-04-25,0.0,0.0,0.0,0.0,0.47547711856067376,0.5245228814393262,0.0,0.0
2025-04-28,0.0,0.0,0.0,0.0,0.4734936457010145,0.5265063542989855,0.0,0.0
2025-04-29,0.0,0.0,0.0,0.0,0.47726961670412565,0.5227303832958743,0.0,0.0
2025-04-30,0.0,0.0,0.0,0.0,0.4800210882077931,0.519978911792207,0.0,0.0
2025-05-01,0.0,0.0,0.0,0.0,0.5,0.5,0.0,0.0
2025-05-02,0.0,0.0,0.0,0.0,0.5026194901894591,0.4973805098105408,0.0,0.0
2025-05-05,0.0,0.0,0.0,0.0,0.494704151818642,0.505295848181358,0.0,0.0
2025-05-06,0.0,0.0,0.0,0.0,0.4858634286324076,0.5141365713675924,0.0,0.0
2025-05-07,0.0,0.0,0.0,0.0,0.4899190003808579,0.5100809996191422,0.0,0.0
2025-05-08,0.0,0.0,0.0,0.0,0.49390463908601523,0.5060953609139848,0.0,0.0
2025-05-09,0.0,0.0,0.0,0.0,0.4937574136981387,0.5062425863018613,0.0,0.0
2025-05-12,0.0,0.0,0.0,0.0,0.502136655529808,0.4978633444701919,0.0,0.0
2025-05-13,0.0,0.0,0.0,0.0,0.4978729731003367,0.5021270268996633,0.0,0.0
2025-05-14,0.0,0.0,0.0,0.0,0.5007176242109687,0.49928237578903134,0.0,0.0
2025-05-15,0.0,0.0,0.0,0.0,0.5012836369162544,0.4987163630837455,0.0,0.0
2025-05-16,0.0,0.0,0.0,0.0,0.5074154449025489,0.49258455509745114,0.0,0.0
2025-05-19,0.0,0.0,0.0,0.0,0.5042716296470869,0.495728370352913,0.0,0.0
2025-05-20,0.0,0.0,0.0,0.0,0.49818767000270026,0.5018123299972996,0.0,0.0
2025-05-21,0.0,0.0,0.0,0.0,0.4896067318966289,0.510393268103371,0.0,0.0
2025-05-22,0.0,0.0,0.0,0.0,0.4906847272987159,0.5093152727012841,0.0,0.0
2025-05-23,0.0,0.0,0.0,0.0,0.4855287200091895,0.5144712799908104,0.0,0.0
2025-05-27,0.0,0.0,0.0,0.0,0.49412423904000063,0.5058757609599993,0.0,0.0
2025-05-28,0.0,0.0,0.0,0.0,0.4944372597251325,0.5055627402748675,0.0,0.0
2025-05-29,0.0,0.0,0.0,0.0,0.4952096331755812,0.5047903668244187,0.0,0.0
2025-05-30,0.0,0.0,0.0,0.0,0.49685919433734993,0.5031408056626501,0.0,0.0
2025-06-02,0.0,0.0,0.0,0.0,0.5,0.5,0.0,0.0
2025-06-03,0.0,0.0,0.0,0.0,0.5017201254607481,0.4982798745392518,0.0,0.0
2025-06-04,0.0,0.0,0.0,0.0,0.5008140318741019,0.49918596812589805,0.0,0.0
2025-06-05,0.0,0.0,0.0,0.0,0.5018840795942029,0.4981159204057971,0.0,0.0
2025-06-06,0.0,0.0,0.0,0.0,0.5064594999908157,0.49354050000918426,0.0,0.0
2025-06-09,0.0,0.0,0.0,0.0,0.5056163575950456,0.4943836424049544,0.0,0.0
2025-06-10,0.0,0.0,0.0,0.0,0.5076726536420365,0.4923273463579635,0.0,0.0
2025-06-11,0.0,0.0,0.0,0.0,0.5049703125822104,0.49502968741778974,0.0,0.0
2025-06-12,0.0,0.0,0.0,0.0,0.5031001281601445,0.4968998718398556,0.0,0.0
2025-06-13,0.0,0.0,0.0,0.0,0.49740914343745807,0.5025908565625421,0.0,0.0
2025-06-16,0.0,0.0,0.0,0.0,0.5011942924110306,0.49880570758896936,0.0,0.0
2025-06-17,0.0,0.0,0.0,0.0,0.5001745763597009,0.49982542364029914,0.0,0.0
2025-06-18,0.0,0.0,0.0,0.0,0.5023882424397185,0.49761175756028153,0.0,0.0
2025-06-20,0.0,0.0,0.0,0.0,0.5023260937462387,0.49767390625376134,0.0,0.0
2025-06-23,0.0,0.0,0.0,0.0,0.5052904127368647,0.49470958726313535,0.0,0.0
2025-06-24,0.0,0.0,0.0,0.0,0.50990754924236,0.4900924507576398,0.0,0.0
2025-06-25,0.0,0.0,0.0,0.0,0.5030609062048126,0.4969390937951874,0.0,0.0
2025-06-26,0.0,0.0,0.0,0.0,0.5031056674261646,0.4968943325738353,0.0,0.0
2025-06-27,0.0,0.0,0.0,0.0,0.50829972906159,0.49170027093841,0.0,0.0
2025-06-30,0.0,0.0,0.0,0.0,0.5069269545573319,0.493073045442668,0.0,0.0
2025-07-01,0.0,0.0,0.0,0.5,0.0,0.5,0.0,0.0
2025-07-02,0.0,0.0,0.0,0.49934920369920965,0.0,0.5006507963007905,0.0,0.0
2025-07-03,0.0,0.0,0.0,0.5011166418160398,0.0,0.4988833581839602,0.0,0.0
2025-07-07,0.0,0.0,0.0,0.4982058442139448,0.0,0.5017941557860551,0.0,0.0
2025-07-08,0.0,0.0,0.0,0.5026588143168151,0.0,0.49734118568318497,0.0,0.0
2025-07-09,0.0,0.0,0.0,0.5034142521987681,0.0,0.4965857478012319,0.0,0.0
2025-07-10,0.0,0.0,0.0,0.5026914652510327,0.0,0.4973085347489673,0.0,0.0
2025-07-11,0.0,0.0,0.0,0.497897081261491,0.0,0.5021029187385089,0.0,0.0
2025-07-14,0.0,0.0,0.0,0.49881257469950707,0.0,0.5011874253004929,0.0,0.0
2025-07-15,0.0,0.0,0.0,0.49722611102697606,0.0,0.502773888973024,0.0,0.0
2025-07-16,0.0,0.0,0.0,0.4970026010273459,0.0,0.5029973989726542,0.0,0.0
2025-07-17,0.0,0.0,0.0,0.49819630789676606,0.0,0.5018036921032338,0.0,0.0
2025-07-18,0.0,0.0,0.0,0.49684062971092524,0.0,0.5031593702890749,0.0,0.0
2025-07-21,0.0,0.0,0.0,0.4943537963661426,0.0,0.5056462036338575,0.0,0.0
2025-07-22,0.0,0.0,0.0,0.4933691371180842,0.0,0.5066308628819158,0.0,0.0
2025-07-23,0.0,0.0,0.0,0.5026260602170947,0.0,0.49737393978290534,0.0,0.0
2025-07-24,0.0,0.0,0.0,0.5022963118198025,0.0,0.49770368818019745,0.0,0.0
2025-07-25,0.0,0.0,0.0,0.5043166056890549,0.0,0.495683394310945,0.0,0.0
2025-07-28,0.0,0.0,0.0,0.5018856303685075,0.0,0.4981143696314924,0.0,0.0
2025-07-29,0.0,0.0,0.0,0.5006945023791043,0.0,0.4993054976208957,0.0,0.0
2025-07-30,0.0,0.0,0.0,0.5032485632604665,0.0,0.49675143673953354,0.0,0.0
2025-07-31,0.0,0.0,0.0,0.4988936907071486,0.0,0.5011063092928513,0.0,0.0
2025-08-01,0.0,0.5,0.0,0.0,0.0,0.5,0.0,0.0
2025-08-04,0.0,0.5031191790656466,0.0,0.0,0.0,0.49688082093435343,0.0,0.0
2025-08-05,0.0,0.5012151727587486,0.0,0.0,0.0,0.49878482724125134,0.0,0.0
2025-08-06,0.0,0.5048720131710237,0.0,0.0,0.0,0.4951279868289764,0.0,0.0
2025-08-07,0.0,0.5036161148241506,0.0,0.0,0.0,0.4963838851758496,0.0,0.0
2025-08-08,0.0,0.5059930412051702,0.0,0.0,0.0,0.49400695879482986,0.0,0.0
2025-08-11,0.0,0.5088713309374702,0.0,0.0,0.0,0.4911286690625298,0.0,0.0
2025-08-12,0.0,0.5122193946183877,0.0,0.0,0.0,0.48778060538161216,0.0,0.0
2025-08-13,0.0,0.5115835876301211,0.0,0.0,0.0,0.4884164123698789,0.0,0.0
2025-08-14,0.0,0.5129785333253425,0.0,0.0,0.0,0.48702146667465745,0.0,0.0
2025-08-15,0.0,0.5117311049309397,0.0,0.0,0.0,0.4882688950690604,0.0,0.0
2025-08-18,0.0,0.5120219043552545,0.0,0.0,0.0,0.4879780956447454,0.0,0.0
2025-08-19,0.0,0.5099798776486191,0.0,0.0,0.0,0.490020122351381,0.0,0.0
2025-08-20,0.0,0.5059743447049694,0.0,0.0,0.0,0.4940256552950305,0.0,0.0
2025-08-21,0.0,0.5056832540187991,0.0,0.0,0.0,0.49431674598120096,0.0,0.0
2025-08-22,0.0,0.5068481151391543,0.0,0.0,0.0,0.49315188486084577,0.0,0.0
2025-08-25,0.0,0.5067303428364361,0.0,0.0,0.0,0.4932696571635639,0.0,0.0
2025-08-26,0.0,0.505923342455469,0.0,0.0,0.0,0.494076657544531,0.0,0.0
2025-08-27,0.0,0.5058030727175687,0.0,0.0,0.0,0.49419692728243114,0.0,0.0
2025-08-28,0.0,0.5055153057603093,0.0,0.0,0.0,0.4944846942396908,0.0,0.0
2025-08-29,0.0,0.5002038650981918,0.0,0.0,0.0,0.4997961349018083,0.0,0.0
2025-09-02,0.0,0.5,0.0,0.0,0.0,0.5,0.0,0.0
2025-09-03,0.0,0.5000088332173276,0.0,0.0,0.0,0.49999116678267236,0.0,0.0
2025-09-04,0.0,0.5033686337388806,0.0,0.0,0.0,0.4966313662611192,0.0,0.0
2025-09-05,0.0,0.5004147474833286,0.0,0.0,0.0,0.4995852525166714,0.0,0.0
2025-09-08,0.0,0.49880030387806745,0.0,0.0,0.0,0.5011996961219326,0.0,0.0
2025-09-09,0.0,0.5000757474278702,0.0,0.0,0.0,0.49992425257212986,0.0,0.0
2025-09-10,0.0,0.4992610689499377,0.0,0.0,0.0,0.5007389310500623,0.0,0.0
2025-09-11,0.0,0.5010851613899294,0.0,0.0,0.0,0.49891483861007047,0.0,0.0
2025-09-12,0.0,0.5016945568519743,0.0,0.0,0.0,0.4983054431480258,0.0,0.0
2025-09-15,0.0,0.5012369650150043,0.0,0.0,0.0,0.49876303498499575,0.0,0.0
2025-09-16,0.0,0.5005244695664831,0.0,0.0,0.0,0.49947553043351706,0.0,0.0
2025-09-17,0.0,0.5019612679487891,0.0,0.0,0.0,0.49803873205121074,0.0,0.0
2025-09-18,0.0,0.5052088185231814,0.0,0.0,0.0,0.49479118147681866,0.0,0.0
2025-09-19,0.0,0.50425768530061,0.0,0.0,0.0,0.49574231469939006,0.0,0.0
2025-09-22,0.0,0.5014438241672536,0.0,0.0,0.0,0.49855617583274636,0.0,0.0
2025-09-23,0.0,0.49875823988960916,0.0,0.0,0.0,0.5012417601103909,0.0,0.0
2025-09-24,0.0,0.5001551397057786,0.0,0.0,0.0,0.4998448602942214,0.0,0.0
2025-09-25,0.0,0.49803587066957367,0.0,0.0,0.0,0.5019641293304263,0.0,0.0
2025-09-26,0.0,0.49762257627991974,0.0,0.0,0.0,0.5023774237200803,0.0,0.0
2025-09-29,0.0,0.4946873713934219,0.0,0.0,0.0,0.5053126286065781,0.0,0.0
2025-09-30,0.0,0.4932454903031512,0.0,0.0,0.0,0.5067545096968489,0.0,0.0
2025-10-01,0.0,0.5,0.0,0.0,0.0,0.5,0.0,0.0
2025-10-02,0.0,0.5018978941505473,0.0,0.0,0.0,0.4981021058494528,0.0,0.0
2025-10-03,0.0,0.4988430186548445,0.0,0.0,0.0,0.5011569813451555,0.0,0.0
2025-10-06,0.0,0.49604603250336793,0.0,0.0,0.0,0.503953967496632,0.0,0.0
2025-10-07,0.0,0.49343992243982243,0.0,0.0,0.0,0.5065600775601775,0.0,0.0
2025-10-08,0.0,0.49220068994963395,0.0,0.0,0.0,0.507799310050366,0.0,0.0
2025-10-09,0.0,0.4965536821936777,0.0,0.0,0.0,0.5034463178063222,0.0,0.0
2025-10-10,0.0,0.48521338166017225,0.0,0.0,0.0,0.5147866183398278,0.0,0.0
2025-10-13,0.0,0.48446128233294006,0.0,0.0,0.0,0.5155387176670599,0.0,0.0
2025-10-14,0.0,0.4810156697573687,0.0,0.0,0.0,0.5189843302426314,0.0,0.0
2025-10-15,0.0,0.47848184998969523,0.0,0.0,0.0,0.5215181500103048,0.0,0.0
2025-10-16,0.0,0.47179159121395814,0.0,0.0,0.0,0.5282084087860419,0.0,0.0
2025-10-17,0.0,0.4781609226668943,0.0,0.0,0.0,0.5218390773331056,0.0,0.0
2025-10-20,0.0,0.4723668984118251,0.0,0.0,0.0,0.5276331015881749,0.0,0.0
2025-10-21,0.0,0.48888196396673156,0.0,0.0,0.0,0.5111180360332686,0.0,0.0
2025-10-22,0.0,0.48643677086611165,0.0,0.0,0.0,0.5135632291338884,0.0,0.0
2025-10-23,0.0,0.48753029180646285,0.0,0.0,0.0,0.5124697081935372,0.0,0.0
2025-10-24,0.0,0.49102369865110845,0.0,0.0,0.0,0.5089763013488916,0.0,0.0
2025-10-27,0.0,0.5024944300908779,0.0,0.0,0.0,0.49750556990912204,0.0,0.0
2025-10-28,0.0,0.5062071902094492,0.0,0.0,0.0,0.4937928097905509,0.0,0.0
2025-10-29,0.0,0.5082785981964703,0.0,0.0,0.0,0.4917214018035298,0.0,0.0
2025-10-30,0.0,0.4995648242123362,0.0,0.0,0.0,0.5004351757876638,0.0,0.0
2025-10-31,0.0,0.5021292406014175,0.0,0.0,0.0,0.49787075939858244,0.0,0.0
2025-11-03,0.0,0.5,0.0,0.0,0.0,0.5,0.0,0.0
2025-11-04,0.0,0.4992914014298156,0.0,0.0,0.0,0.5007085985701845,0.0,0.0
2025-11-05,0.0,0.498038610983783,0.0,0.0,0.0,0.501961389016217,0.0,0.0
2025-11-06,0.0,0.49363851286281246,0.0,0.0,0.0,0.5063614871371874,0.0,0.0
2025-11-07,0.0,0.4913238562818877,0.0,0.0,0.0,0.5086761437181122,0.0,0.0
2025-11-10,0.0,0.49005152748875824,0.0,0.0,0.0,0.5099484725112419,0.0,0.0
2025-11-11,0.0,0.4884030307882117,0.0,0.0,0.0,0.5115969692117883,0.0,0.0
2025-11-12,0.0,0.4842134403263517,0.0,0.0,0.0,0.5157865596736483,0.0,0.0
2025-11-13,0.0,0.4810894071110126,0.0,0.0,0.0,0.5189105928889873,0.0,0.0
2025-11-14,0.0,0.48582628503648523,0.0,0.0,0.0,0.5141737149635147,0.0,0.0
2025-11-17,0.0,0.486563947868173,0.0,0.0,0.0,0.5134360521318271,0.0,0.0
2025-11-18,0.0,0.48169664397207823,0.0,0.0,0.0,0.5183033560279218,0.0,0.0
2025-11-19,0.0,0.4827763153805461,0.0,0.0,0.0,0.5172236846194538,0.0,0.0
2025-11-20,0.0,0.476870210027897,0.0,0.0,0.0,0.5231297899721029,0.0,0.0
2025-11-21,0.0,0.47912417594964934,0.0,0.0,0.0,0.5208758240503507,0.0,0.0
2025-11-24,0.0,0.48150338868326975,0.0,0.0,0.0,0.5184966113167303,0.0,0.0
2025-11-25,0.0,0.4831164728310699,0.0,0.0,0.0,0.51688352716893,0.0,0.0
2025-11-26,0.0,0.48332385195050975,0.0,0.0,0.0,0.5166761480494904,0.0,0.0
2025-11-28,0.0,0.4822568028562711,0.0,0.0,0.0,0.517743197143729,0.0,0.0
2025-12-01,0.0,0.0,0.0,0.5,0.0,0.5,0.0,0.0
2025-12-02,0.0,0.0,0.0,0.5024583751939234,0.0,0.49754162480607655,0.0,0.0
2025-12-03,0.0,0.0,0.0,0.5040287911039458,0.0,0.49597120889605406,0.0,0.0
2025-12-04,0.0,0.0,0.0,0.5045465683221985,0.0,0.4954534316778016,0.0,0.0
2025-12-05,0.0,0.0,0.0,0.5049925136061071,0.0,0.4950074863938929,0.0,0.0
2025-12-08,0.0,0.0,0.0,0.5048692558397128,0.0,0.49513074416028713,0.0,0.0
2025-12-09,0.0,0.0,0.0,0.5032478280820246,0.0,0.4967521719179753,0.0,0.0
2025-12-10,0.0,0.0,0.0,0.5049482478892426,0.0,0.49505175211075736,0.0,0.0
2025-12-11,0.0,0.0,0.0,0.5037435261662688,0.0,0.4962564738337312,0.0,0.0
2025-12-12,0.0,0.0,0.0,0.5010310871693004,0.0,0.49896891283069955,0.0,0.0
2025-12-15,0.0,0.0,0.0,0.5023273955398644,0.0,0.4976726044601357,0.0,0.0
2025-12-16,0.0,0.0,0.0,0.5011091440255209,0.0,0.4988908559744791,0.0,0.0
2025-12-17,0.0,0.0,0.0,0.49693500488946885,0.0,0.5030649951105312,0.0,0.0
2025-12-18,0.0,0.0,0.0,0.4991589464436689,0.0,0.5008410535563311,0.0,0.0
2025-12-19,0.0,0.0,0.0,0.5005585893962692,0.0,0.49944141060373093,0.0,0.0
2025-12-22,0.0,0.0,0.0,0.49548164088598184,0.0,0.5045183591140182,0.0,0.0
2025-12-23,0.0,0.0,0.0,0.4937270900879771,0.0,0.506272909912023,0.0,0.0
2025-12-24,0.0,0.0,0.0,0.49507395569571,0.0,0.5049260443042899,0.0,0.0
2025-12-26,0.0,0.0,0.0,0.4925866017144944,0.0,0.5074133982855057,0.0,0.0
2025-12-29,0.0,0.0,0.0,0.502960158380178,0.0,0.497039841619822,0.0,0.0
2025-12-30,0.0,0.0,0.0,0.5031934373171125,0.0,0.4968065626828876,0.0,0.0
2025-12-31,0.0,0.0,0.0,0.5037505447740299,0.0,0.49624945522597014,0.0,0.0
