Date,nav,return,turnover,fee
2012-01-03,0.999000999000999,-0.0009990009990009652,0.999000999000999,0.0009990009990009994
2012-01-04,0.9934574632647855,-0.005549079271949808,0.0,0.0
2012-01-05,0.9904262302597102,-0.003051195564139908,0.0,0.0
2012-01-06,0.9962490024322765,0.005879056909710023,0.0,0.0
2012-01-09,0.9946233463583427,-0.0016317768649855013,0.0,0.0
2012-01-10,0.9951932717354457,0.0005730062331532615,0.0,0.0
2012-01-11,1.0015464397530192,0.006383853466467526,0.0,0.0
2012-01-12,1.001977702673171,0.0004305970277906912,0.0,0.0
2012-01-13,1.008756755583402,0.006765672421796598,0.0,0.0
2012-01-17,1.0126367189652032,0.003846282426686054,0.0,0.0
2012-01-18,1.0054783124316247,-0.007069076599250379,0.0,0.0
2012-01-19,0.9984451202141411,-0.006994872122576767,0.0,0.0
2012-01-20,0.9915665657562294,-0.0068892664390372005,0.0,0.0
2012-01-23,0.9877246802527708,-0.003874561361927764,0.0,0.0
2012-01-24,0.9904044662027672,0.002713089997215201,0.0,0.0
2012-01-25,0.9909475305001696,0.0005483257759171245,0.0,0.0
2012-01-26,1.0013429135806633,0.010490346623344138,0.0,0.0
2012-01-27,1.0036375636992967,0.0022915727344872128,0.0,0.0
2012-01-30,1.0087920373171233,0.005135791847833859,0.0,0.0
2012-01-31,1.0160570642324527,0.007201709219127661,0.0,0.0
2012-02-01,1.0112759166385568,-0.004705589638813956,1.011830764586015,0.0010242764783920935
2012-02-02,1.015506872170595,0.0041837795822350365,0.0,0.0
2012-02-03,0.9944768845869468,-0.02070885797030375,0.0,0.0
2012-02-06,0.9980266710756143,0.0035695012560716943,0.0,0.0
2012-02-07,0.99934745810519,0.001323398530173714,0.0,0.0
2012-02-08,0.9961510811254541,-0.003198464111567656,0.0,0.0
2012-02-09,0.9910281861416095,-0.0051426887757395345,0.0,0.0
2012-02-10,0.9947679744572202,0.00377364475391051,0.0,0.0
2012-02-13,0.9965076256722505,0.0017488009864605747,0.0,0.0
2012-02-14,0.9979750351006675,0.0014725521316780732,0.0,0.0
2012-02-15,1.0000365233226618,0.0020656711335331757,0.0,0.0
2012-02-16,0.9957200371561117,-0.004316328519890833,0.0,0.0
2012-02-17,0.9936549735968013,-0.0020739399452163187,0.0,0.0
2012-02-21,0.9991259750103081,0.005505936727416616,0.0,0.0
2012-02-22,1.0110032580087553,0.011887673121824927,0.0,0.0
2012-02-23,1.0112418282085138,0.00023597372003369976,0.0,0.0
2012-02-24,1.0121101172627838,0.000858636411241287,0.0,0.0
2012-02-27,1.0149420620630223,0.002798059965942734,0.0,0.0
2012-02-28,1.0186256226260453,0.003629330875829062,0.0,0.0
2012-02-29,0.9881359139648628,-0.02993220274842412,0.0,0.0
2012-03-01,0.9903608606111731,0.0022516605406870394,0.0033498859750166867,3.3176070707721237e-06
2012-03-02,0.9942086666567455,0.00388525657526273,0.0,0.0
2012-03-05,0.988190061558543,-0.006053663883700988,0.0,0.0
2012-03-06,0.9854382262418426,-0.002784722720607369,0.0,0.0
2012-03-07,0.9851302580232955,-0.00031251905025209137,0.0,0.0
2012-03-08,0.9850422780784513,-8.930793073058663e-05,0.0,0.0
2012-03-09,0.9892933850790269,0.0043156594343018995,0.0,0.0
2012-03-12,0.9853141261321702,-0.004022324425568491,0.0,0.0
2012-03-13,0.9683777477633193,-0.017188811080314337,0.0,0.0
2012-03-14,0.9480189499343652,-0.021023611783704488,0.0,0.0
2012-03-15,0.9532321855429411,0.005499083756645096,0.0,0.0
2012-03-16,0.9548246300674107,0.0016705736006621397,0.0,0.0
2012-03-19,0.9500122204430757,-0.005040097912006436,0.0,0.0
2012-03-20,0.9475498568548298,-0.002591928330245463,0.0,0.0
2012-03-21,0.9531207847563982,0.0058792979190136485,0.0,0.0
2012-03-22,0.9527546661812932,-0.0003841261054846612,0.0,0.0
2012-03-23,0.9631023234750249,0.010860778394511383,0.0,0.0
2012-03-26,0.9691577634666722,0.006287431609341754,0.0,0.0
2012-03-27,0.9691664580554525,8.971283219416648e-06,0.0,0.0
2012-03-28,0.9633420781645254,-0.00600967959891352,0.0,0.0
2012-03-29,0.966284584591375,0.0030544772138012544,0.0,0.0
2012-03-30,0.9605469992048208,-0.005937780109552815,0.0,0.0
2012-04-02,0.9646684897278685,0.004290774450869783,1.0020111741319155,0.0009675781301385273
2012-04-03,0.9561689561695297,-0.008810833616775926,0.0,0.0
2012-04-04,0.9561119511457772,-5.9618149475193505e-05,0.0,0.0
2012-04-05,0.962551689159023,0.006735338895752285,0.0,0.0
2012-04-09,0.9702629745760152,0.008011294877815267,0.0,0.0
2012-04-10,0.9682458229110673,-0.0020789741727795796,0.0,0.0
2012-04-11,0.9645064430028014,-0.0038620150170369794,0.0,0.0
2012-04-12,0.9678200006935103,0.0034354956514264234,0.0,0.0
2012-04-13,0.9685841697105871,0.0007895776244852826,0.0,0.0
2012-04-16,0.9626253841333692,-0.006152057573890035,0.0,0.0
2012-04-17,0.9717251326200755,0.009453052700141074,0.0,0.0
2012-04-18,0.9719803345500491,0.00026262769316809376,0.0,0.0
2012-04-19,0.9671522593147024,-0.004967256089169481,0.0,0.0
2012-04-20,0.9659659390118531,-0.0012266117267718535,0.0,0.0
2012-04-23,0.9653686459176032,-0.0006183376350318293,0.0,0.0
2012-04-24,0.9593376104240272,-0.0062473911070970445,0.0,0.0
2012-04-25,0.9689215157739621,0.009990127819234473,0.0,0.0
2012-04-26,0.9746780939786452,0.005941222391046663,0.0,0.0
2012-04-27,0.9779333934585601,0.003339871389359761,0.0,0.0
2012-04-30,0.9746698483215055,-0.00333718549635853,0.0,0.0
2012-05-01,0.9728114970382686,-0.001906646939409451,0.028448684586404926,2.7675994786916336e-05
2012-05-02,0.9776193034330662,0.004942176782896768,0.0,0.0
2012-05-03,0.9723293586199906,-0.0054110478327291656,0.0,0.0
2012-05-04,0.9641707659023635,-0.008390770725267838,0.0,0.0
2012-05-07,0.964690845895892,0.0005394065158590422,0.0,0.0
2012-05-08,0.9655774482538845,0.0009190533545169188,0.0,0.0
2012-05-09,0.9644561305234378,-0.001161292377400036,0.0,0.0
2012-05-10,0.9620485121427611,-0.002496348257302272,0.0,0.0
2012-05-11,0.9660700193569389,0.004180150131120497,0.0,0.0
2012-05-14,0.9686821999843386,0.0027039247415403533,0.0,0.0
2012-05-15,0.9692019835123324,0.000536588292839868,0.0,0.0
2012-05-16,0.9675364594595612,-0.0017184488693836597,0.0,0.0
2012-05-17,0.966885499731277,-0.0006728012385681659,0.0,0.0
2012-05-18,0.9611919865452839,-0.005888508192102848,0.0,0.0
2012-05-21,0.97247158701398,0.011735013011539008,0.0,0.0
2012-05-22,0.9661970315535268,-0.0064521735588384255,0.0,0.0
2012-05-23,0.9706208647638495,0.004578603603459408,0.0,0.0
2012-05-24,0.9656753285232649,-0.005095229682485547,0.0,0.0
2012-05-25,0.9670151371181258,0.001387431733302913,0.0,0.0
2012-05-29,0.971173899304747,0.004300617463977918,0.0,0.0
2012-05-30,0.9803531764213677,0.009451733745307722,0.0,0.0
2012-05-31,0.9844881279084254,0.004217818217463032,0.0,0.0
2012-06-01,0.9850352002361222,0.0005556921533012016,0.10791225083456997,0.0001063088376347137
2012-06-04,0.9848941658776647,-0.00014317697319221612,0.0,0.0
2012-06-05,0.9803959885781515,-0.004567168184517301,0.0,0.0
2012-06-06,0.9821760061568376,0.0018156108342177735,0.0,0.0
2012-06-07,0.9808557451916273,-0.0013442203402792563,0.0,0.0
2012-06-08,0.9856342561804595,0.0048717775394164775,0.0,0.0
2012-06-11,0.9791458357378207,-0.006582989990407628,0.0,0.0
2012-06-12,0.980915399028083,0.001807252020766592,0.0,0.0
2012-06-13,0.9820566609519283,0.0011634662122503858,0.0,0.0
2012-06-14,0.983327472272111,0.0012940305490631854,0.0,0.0
2012-06-15,0.9922890107809765,0.009113483312083837,0.0,0.0
2012-06-18,0.9996793526566924,0.007447771561935657,0.0,0.0
2012-06-19,0.9988009584919553,-0.0008786759098332597,0.0,0.0
2012-06-20,1.0015520596655703,0.0027544038181228636,0.0,0.0
2012-06-21,0.9910086342071631,-0.01052708679160197,0.0,0.0
2012-06-22,0.9900167902946543,-0.0010008428567348515,0.0,0.0
2012-06-25,0.9869236703581448,-0.003124310584256773,0.0,0.0
2012-06-26,0.9882213925153727,0.0013149164380230616,0.0,0.0
2012-06-27,0.9920822033428498,0.0039068278188656436,0.0,0.0
2012-06-28,0.9875333255701311,-0.004585182313916247,0.0,0.0
2012-06-29,0.9973159029093267,0.00990607312775782,0.0,0.0
2012-07-02,1.0037011430435816,0.00640242486420628,0.04776347318215189,4.7942542531001904e-05
2012-07-03,1.0040557449379308,0.0003532943016024692,0.0,0.0
2012-07-05,1.0069121788027868,0.0028448956935480663,0.0,0.0
2012-07-06,1.005247028773834,-0.001653719225973349,0.0,0.0
2012-07-09,1.0087643037773826,0.003498916090146409,0.0,0.0
2012-07-10,1.0048852080110722,-0.0038453935689287677,0.0,0.0
2012-07-11,1.0027915362269502,-0.0020834934850577636,0.0,0.0
2012-07-12,1.0018085421126492,-0.0009802576894490933,0.0,0.0
2012-07-13,1.0078653820245465,0.006045905636943738,0.0,0.0
2012-07-16,1.0088474422308316,0.0009743962078669899,0.0,0.0
2012-07-17,1.0073653152336688,-0.0014691289635283544,0.0,0.0
2012-07-18,1.014350408460882,0.006934021969570159,0.0,0.0
2012-07-19,1.0185758312617685,0.004165644106456146,0.0,0.0
2012-07-20,1.0181111479512923,-0.00045620885182462434,0.0,0.0
2012-07-23,1.014930348242173,-0.003124216560755566,0.0,0.0
2012-07-24,1.0151265971317893,0.00019336192868424362,0.0,0.0
2012-07-25,1.013202827901765,-0.0018951027738409731,0.0,0.0
2012-07-26,1.0148649358994026,0.0016404494261821334,0.0,0.0
2012-07-27,1.016742096445131,0.0018496653882960068,0.0,0.0
2012-07-30,1.0201691286504144,0.003370601273681384,0.0,0.0
2012-07-31,1.0210469282760215,0.0008604451957572312,0.0,0.0
2012-08-01,1.0159705274551276,-0.0049717605335389825,1.0,0.0010169875149700983
2012-08-02,1.020303143720442,0.004264509794557725,0.0,0.0
2012-08-03,1.0160358978542263,-0.00418233139089963,0.0,0.0
2012-08-06,1.0156976500491262,-0.00033290930548268705,0.0,0.0
2012-08-07,1.00318690366345,-0.012317392272268246,0.0,0.0
2012-08-08,0.9971022761194186,-0.006065298023540278,0.0,0.0
2012-08-09,0.9951409310489951,-0.001967045023762992,0.0,0.0
2012-08-10,0.9983144203124756,0.003188984760314595,0.0,0.0
2012-08-13,0.9971038456682912,-0.0012126186094812974,0.0,0.0
2012-08-14,0.98932710331278,-0.007799330420091843,0.0,0.0
2012-08-15,0.9847581297348533,-0.004618263830665659,0.0,0.0
2012-08-16,0.9844795162954305,-0.0002829257571073107,0.0,0.0
2012-08-17,0.9869599179618518,0.0025195056122193638,0.0,0.0
2012-08-20,0.9864929734647403,-0.00047311394172500076,0.0,0.0
2012-08-21,0.9896938653133767,0.0032447183454276107,0.0,0.0
2012-08-22,0.9973556068276854,0.007741526731483539,0.0,0.0
2012-08-23,0.9978775858621415,0.0005233630120318189,0.0,0.0
2012-08-24,0.9990865079729083,0.0012114934014901824,0.0,0.0
2012-08-27,1.0034957315386188,0.00441325503900214,0.0,0.0
2012-08-28,1.0064385273444343,0.0029325444178056603,0.0,0.0
2012-08-29,1.0041157115181614,-0.002307955988531063,0.0,0.0
2012-08-30,1.0055323823754247,0.001410864147441293,0.0,0.0
2012-08-31,1.0141602143350732,0.008580362115505835,0.0,0.0
2012-09-04,1.0162312943991287,0.002042162603877573,1.0,0.0010172485429420712
2012-09-05,1.0148018103807854,-0.001406652231850991,0.0,0.0
2012-09-06,1.030606836570418,0.015574495461041726,0.0,0.0
2012-09-07,1.0303143892746371,-0.00028376223153536717,0.0,0.0
2012-09-10,1.0196653340822894,-0.010335733736422825,0.0,0.0
2012-09-11,1.0203565952194593,0.0006779294284746662,0.0,0.0
2012-09-12,1.0229075807735708,0.0025000921894005046,0.0,0.0
2012-09-13,1.0361233797274576,0.012919836749955893,0.0,0.0
2012-09-14,1.0436236392097031,0.0072387706222962755,0.0,0.0
2012-09-17,1.0423351219300323,-0.001234657046142229,0.0,0.0
2012-09-18,1.0378681749902505,-0.004285518971586244,0.0,0.0
2012-09-19,1.0359646960004638,-0.001834027707617647,0.0,0.0
2012-09-20,1.0278814039421065,-0.007802671355080393,0.0,0.0
2012-09-21,1.0281067166169775,0.00021920104207251434,0.0,0.0
2012-09-24,1.0231708209548538,-0.004800956537241108,0.0,0.0
2012-09-25,1.0084442167842376,-0.014393104131793844,0.0,0.0
2012-09-26,1.0041768998136649,-0.004231584553264112,0.0,0.0
2012-09-27,1.0133458574169236,0.009130819086716757,0.0,0.0
2012-09-28,1.008318144807284,-0.0049614971757575566,0.0,0.0
2012-10-01,1.003890405179413,-0.004391212883228635,0.02082472923514488,2.0906181235184798e-05
2012-10-02,1.009170339627946,0.005259472967658496,0.0,0.0
2012-10-03,1.0134079150233262,0.004199068511013371,0.0,0.0
2012-10-04,1.015011561395052,0.0015824292942185902,0.0,0.0
2012-10-05,1.0129219019273565,-0.002058754350367731,0.0,0.0
2012-10-08,1.0072137460917734,-0.005635336569109417,0.0,0.0
2012-10-09,0.9973548375286667,-0.009788298264754136,0.0,0.0
2012-10-10,0.9968863293020029,-0.00046975079383448914,0.0,0.0
2012-10-11,0.9949573444341644,-0.0019350098513128966,0.0,0.0
2012-10-12,0.9929472396514962,-0.0020202924214920426,0.0,0.0
2012-10-15,0.9998864319876016,0.006988480413663289,0.0,0.0
2012-10-16,1.0099640197829274,0.0100787324169338,0.0,0.0
2012-10-17,1.008269868611446,-0.001677437154489425,0.0,0.0
2012-10-18,1.0076931823053532,-0.000571956302618637,0.0,0.0
2012-10-19,0.991609956739745,-0.015960438998717685,0.0,0.0
2012-10-22,0.991533772998191,-7.68283346048726e-05,0.0,0.0
2012-10-23,0.981778310250804,-0.00983875992230554,0.0,0.0
2012-10-24,0.9797033477376045,-0.0021134735729386733,0.0,0.0
2012-10-25,0.978302261017229,-0.0014301132313276899,0.0,0.0
2012-10-26,0.9753365198905313,-0.0030315182177069744,0.0,0.0
2012-10-31,0.9772294412878093,0.0019407879830957153,0.0,0.0
2012-11-01,0.9854005749505926,0.008361530381253424,1.0,0.000986386961912505
2012-11-02,0.9883132300046411,0.002955808153648043,0.0,0.0
2012-11-05,0.9878169680572921,-0.0005021302278293005,0.0,0.0
2012-11-06,0.985278246567842,-0.0025700322747471693,0.0,0.0
2012-11-07,0.9919688688148481,0.006790591663129231,0.0,0.0
2012-11-08,0.9935138823862515,0.0015575222368109376,0.0,0.0
2012-11-09,0.9927829866112517,-0.0007356674002825248,0.0,0.0
2012-11-12,0.9924862256295686,-0.0002989182789041589,0.0,0.0
2012-11-13,0.9937969185255164,0.0013206157043805788,0.0,0.0
2012-11-14,0.9852167364899429,-0.008633737814667253,0.0,0.0
2012-11-15,0.982000924760807,-0.0032640652660783642,0.0,0.0
2012-11-16,0.984452277086953,0.0024962831137282926,0.0,0.0
2012-11-19,0.9874580520351999,0.003053245970582763,0.0,0.0
2012-11-20,0.9859634952752252,-0.0015135394935453794,0.0,0.0
2012-11-21,0.9848436588237448,-0.0011357788162003057,0.0,0.0
2012-11-23,0.987940081199211,0.00314407504960168,0.0,0.0
2012-11-26,0.9913062282550881,0.0034072380703404903,0.0,0.0
2012-11-27,0.9905376776587573,-0.0007752907975606682,0.0,0.0
2012-11-28,0.9892034192424473,-0.0013470042042860175,0.0,0.0
2012-11-29,0.9919496605926471,0.0027762149794254842,0.0,0.0
2012-11-30,0.9915709595779391,-0.0003817744284340119,0.0,0.0
2012-12-03,0.9930101767037228,0.0014514514688857005,1.0110267052549975,0.001004975864674771
2012-12-04,0.9934775864706238,0.00047069987585879325,0.0,0.0
2012-12-05,0.9864184010977035,-0.007105530581719921,0.0,0.0
2012-12-06,0.9942145055881206,0.00790344592288772,0.0,0.0
2012-12-07,0.9931142150320367,-0.0011066933241263843,0.0,0.0
2012-12-10,0.994319357248489,0.0012134981034517267,0.0,0.0
2012-12-11,1.001978229846578,0.007702628478724272,0.0,0.0
2012-12-12,0.999533349651845,-0.002440053208648374,0.0,0.0
2012-12-13,0.9917513009752394,-0.007785681867759853,0.0,0.0
2012-12-14,0.9869869478340404,-0.004803979724063878,0.0,0.0
2012-12-17,0.9961073836013921,0.00924068528704125,0.0,0.0
2012-12-18,1.0088282419307801,0.012770569256696174,0.0,0.0
2012-12-19,1.005942205179395,-0.002860781083865893,0.0,0.0
2012-12-20,1.0125654210242763,0.00658409182036479,0.0,0.0
2012-12-21,1.0064494474214807,-0.006040077486162754,0.0,0.0
2012-12-24,1.0061392390041721,-0.000308220564980477,0.0,0.0
2012-12-26,0.9993891122334397,-0.006708938990803492,0.0,0.0
2012-12-27,1.0004999677067037,0.0011115344960896945,0.0,0.0
2012-12-28,0.9924344521540571,-0.008061485070443242,0.0,0.0
2012-12-31,1.008076648613872,0.01576144039121541,0.0,0.0
2013-01-02,1.0291684858614165,0.020922850734164333,1.0071477059719178,0.001037569665502315
2013-01-03,1.0214978125040068,-0.007453272678660916,0.0,0.0
2013-01-04,1.0223977070657246,0.000880955936177541,0.0,0.0
2013-01-07,1.0203228556931427,-0.0020293975213782067,0.0,0.0
2013-01-08,1.0164752764808611,-0.003770942884218531,0.0,0.0
2013-01-09,1.0209741781112274,0.004425982347491919,0.0,0.0
2013-01-10,1.0305428819124385,0.009372131055177979,0.0,0.0
2013-01-11,1.032301551889335,0.0017065471100365937,0.0,0.0
2013-01-14,1.0306283350907877,-0.0016208604893453993,0.0,0.0
2013-01-15,1.0272993069551388,-0.0032300956827037153,0.0,0.0
2013-01-16,1.0268713722865128,-0.00041656279307189514,0.0,0.0
2013-01-17,1.0335105234673807,0.006465416565352822,0.0,0.0
2013-01-18,1.0318271084759414,-0.001628831979176737,0.0,0.0
2013-01-22,1.0329367070039708,0.001075372529869112,0.0,0.0
2013-01-23,1.03554157232072,0.0025218053527253925,0.0,0.0
2013-01-24,1.030915616593846,-0.004467184949906833,0.0,0.0
2013-01-25,1.0391337881362004,0.007971720876154054,0.0,0.0
2013-01-28,1.0376977518238675,-0.0013819551714400191,0.0,0.0
2013-01-29,1.0413390616607678,0.0035090273930924454,0.0,0.0
2013-01-30,1.0408021323320855,-0.0005156143166530347,0.0,0.0
2013-01-31,1.0376928211444376,-0.0029874181566874602,0.0,0.0
2013-02-01,1.0468829322539608,0.00885629246175923,1.0,0.0010479308631170781
2013-02-04,1.0315780256775975,-0.014619501478939534,0.0,0.0
2013-02-05,1.0391816633387547,0.007370879828661359,0.0,0.0
2013-02-06,1.0394742060821252,0.0002815126110198296,0.0,0.0
2013-02-07,1.0345557058250094,-0.004731719390762001,0.0,0.0
2013-02-08,1.0407206100694673,0.005958987234565116,0.0,0.0
2013-02-11,1.0400885418642825,-0.0006073370692087909,0.0,0.0
2013-02-12,1.0435069777954644,0.00328667781019365,0.0,0.0
2013-02-13,1.0451898722715292,0.001612729489955056,0.0,0.0
2013-02-14,1.0428566935458425,-0.0022323013144165404,0.0,0.0
2013-02-15,1.0409132723170096,-0.0018635554058967774,0.0,0.0
2013-02-19,1.0509341696668109,0.009627024283680674,0.0,0.0
2013-02-20,1.0392165625378922,-0.011149706106362123,0.0,0.0
2013-02-21,1.0282845700521759,-0.010519455597415628,0.0,0.0
2013-02-22,1.040679860919909,0.012054339069878406,0.0,0.0
2013-02-25,1.018350953784048,-0.02145607691122542,0.0,0.0
2013-02-26,1.0259314752585784,0.007443918470702249,0.0,0.0
2013-02-27,1.0389000363314191,0.01264076732763475,0.0,0.0
2013-02-28,1.037333439880042,-0.0015079376230547892,0.0,0.0
2013-03-01,1.0369696828962345,-0.00035066543680462026,1.0,0.0010380076905868217
2013-03-04,1.0436198301804342,0.00641305854345342,0.0,0.0
2013-03-05,1.052403621301261,0.008416657931181959,0.0,0.0
2013-03-06,1.0515486767002296,-0.0008123732983496001,0.0,0.0
2013-03-07,1.0500346740563822,-0.0014397836994083368,0.0,0.0
2013-03-08,1.053182181208272,0.0029975268718800407,0.0,0.0
2013-03-11,1.0556418738341011,0.002335486366667583,0.0,0.0
2013-03-12,1.0525041252617158,-0.0029723608452447703,0.0,0.0
2013-03-13,1.0537775870822372,0.001209935229664616,0.0,0.0
2013-03-14,1.0598979975799625,0.005808066685752733,0.0,0.0
2013-03-15,1.0603893487065714,0.00046358340871566206,0.0,0.0
2013-03-18,1.0545278922010493,-0.005527645588548902,0.0,0.0
2013-03-19,1.0507523861531185,-0.003580280878157094,0.0,0.0
2013-03-20,1.0560953808907465,0.0050849227734701685,0.0,0.0
2013-03-21,1.0499708925037752,-0.005799181113552154,0.0,0.0
2013-03-22,1.056960207377363,0.0066566748883114535,0.0,0.0
2013-03-25,1.0548100131790195,-0.0020343189680516183,0.0,0.0
2013-03-26,1.0635777640854214,0.008312161239328208,0.0,0.0
2013-03-27,1.0645575940843557,0.0009212584467455098,0.0,0.0
2013-03-28,1.068010219501029,0.003243249060322473,0.0,0.0
2013-04-01,1.0664026224785363,-0.0015052262545237616,1.000021708177432,0.001067493288597811
2013-04-02,1.0647411168724736,-0.0015580471869067747,0.0,0.0
2013-04-03,1.054557776009986,-0.009564147285304192,0.0,0.0
2013-04-04,1.0676899462690201,0.012452774573168401,0.0,0.0
2013-04-05,1.0695997744317203,0.0017887479126068584,0.0,0.0
2013-04-08,1.0783214430167845,0.00815414213199328,0.0,0.0
2013-04-09,1.0768512444994993,-0.0013634139678907475,0.0,0.0
2013-04-10,1.0898013988580149,0.01202594548194491,0.0,0.0
2013-04-11,1.0937863528649754,0.0036565873480582933,0.0,0.0
2013-04-12,1.0929681547838908,-0.0007480419543921535,0.0,0.0
2013-04-15,1.0612321183752176,-0.029036560918783816,0.0,0.0
2013-04-16,1.0792057276034068,0.01693654848640236,0.0,0.0
2013-04-17,1.0642261311574255,-0.01388020473097984,0.0,0.0
2013-04-18,1.060535292996825,-0.003468095785795433,0.0,0.0
2013-04-19,1.0748721617608024,0.013518521126689498,0.0,0.0
2013-04-22,1.0756068877613283,0.0006835473339661391,0.0,0.0
2013-04-23,1.0869387856199224,0.010535352634436279,0.0,0.0
2013-04-24,1.090892229469734,0.003637227691306366,0.0,0.0
2013-04-25,1.0924990161783728,0.001472910582028586,0.0,0.0
2013-04-26,1.0878285236423533,-0.004275054226004826,0.0,0.0
2013-04-29,1.0964118535627394,0.007890333571734853,0.0,0.0
2013-04-30,1.1060031640801755,0.0087479084490647,0.0,0.0
2013-05-01,1.0873423711251977,-0.016872278091986548,1.0,0.001088430801927125
2013-05-02,1.0925871148734732,0.004823452012495455,0.0,0.0
2013-05-03,1.1017470658544708,0.008383725980567247,0.0,0.0
2013-05-06,1.1038799976705898,0.0019359541606445152,0.0,0.0
2013-05-07,1.1078204097633881,0.0035696018599062906,0.0,0.0
2013-05-08,1.1139396126313628,0.005523641570461368,0.0,0.0
2013-05-09,1.1049133048369402,-0.008103049475994939,0.0,0.0
2013-05-10,1.10756977516782,0.002404234177695752,0.0,0.0
2013-05-13,1.1099257285404291,0.002127137653473943,0.0,0.0
2013-05-14,1.1130233169158728,0.00279080689436495,0.0,0.0
2013-05-15,1.1209405950197557,0.007113308394851359,0.0,0.0
2013-05-16,1.1142317624358713,-0.005985002785777627,0.0,0.0
2013-05-17,1.1211592173911753,0.006217247783494972,0.0,0.0
2013-05-20,1.1255597391970853,0.003924974916720281,0.0,0.0
2013-05-21,1.1299112259030935,0.0038660646383037456,0.0,0.0
2013-05-22,1.1104278679027604,-0.01724326438544832,0.0,0.0
2013-05-23,1.092070313270662,-0.016531964986406522,0.0,0.0
2013-05-24,1.0859186788402728,-0.005633002157128031,0.0,0.0
2013-05-28,1.082672223060149,-0.0029895938281407908,0.0,0.0
2013-05-29,1.0660329662486965,-0.015368692811220441,0.0,0.0
2013-05-30,1.0632017768998665,-0.0026558178203369698,0.0,0.0
2013-05-31,1.0457050334280646,-0.016456653715176905,0.0,0.0
2013-06-03,1.0495974516298743,0.003722290777399717,1.0,0.0010506480997296043
2013-06-04,1.0459305712322666,-0.0034936064220749685,0.0,0.0
2013-06-05,1.0275373293072751,-0.017585528553125118,0.0,0.0
2013-06-06,1.0358309864149449,0.00807139251404232,0.0,0.0
2013-06-07,1.0467801671245467,0.010570431714441497,0.0,0.0
2013-06-10,1.0504915274388598,0.003545501176725585,0.0,0.0
2013-06-11,1.038363936598466,-0.011544682202208056,0.0,0.0
2013-06-12,1.0325985902303079,-0.005552336868559382,0.0,0.0
2013-06-13,1.0496076985188894,0.01647213975450801,0.0,0.0
2013-06-14,1.039824026367084,-0.00932126561725033,0.0,0.0
2013-06-17,1.050710591318051,0.010469622431213077,0.0,0.0
2013-06-18,1.0606188441291653,0.009430049428439613,0.0,0.0
2013-06-19,1.044212435216532,-0.015468713386950883,0.0,0.0
2013-06-20,1.01124540956513,-0.031571186608753576,0.0,0.0
2013-06-21,1.0143871081576685,0.0031067617838578254,0.0,0.0
2013-06-24,0.9997698439366633,-0.014409946758445202,0.0,0.0
2013-06-25,1.0109602312214436,0.011192963413176438,0.0,0.0
2013-06-26,1.0153539353204446,0.004346070165087035,0.0,0.0
2013-06-27,1.0283530285889995,0.012802524140956173,0.0,0.0
2013-06-28,1.024399674602562,-0.003844354882546308,0.0,0.0
2013-07-01,1.0365555399913242,0.011866330779027434,1.0,0.0010375931331244488
2013-07-02,1.0357039058069413,-0.000821600147340007,0.0,0.0
2013-07-03,1.0369850433626833,0.0012369727955634513,0.0,0.0
2013-07-05,1.0499137634583842,0.012467605177579388,0.0,0.0
2013-07-08,1.0550129171672762,0.004856735749511065,0.0,0.0
2013-07-09,1.0637139038614423,0.008247279775046135,0.0,0.0
2013-07-10,1.0653852458655284,0.0015712326387939957,0.0,0.0
2013-07-11,1.0788954970412874,0.012681094682124305,0.0,0.0
2013-07-12,1.0802294473109084,0.0012364035935632511,0.0,0.0
2013-07-15,1.0870375301057544,0.00630244140427183,0.0,0.0
2013-07-16,1.08226821175319,-0.0043874458981193465,0.0,0.0
2013-07-17,1.0857615387180473,0.003227783027275777,0.0,0.0
2013-07-18,1.0923599609413421,0.006077229656785921,0.0,0.0
2013-07-19,1.094168615921769,0.001655731668220639,0.0,0.0
2013-07-22,1.0963899167564874,0.0020301266207012336,0.0,0.0
2013-07-23,1.0948642501562118,-0.0013915365117449507,0.0,0.0
2013-07-24,1.0882782635742054,-0.0060153453554325775,0.0,0.0
2013-07-25,1.0946122958525732,0.005820232279164728,0.0,0.0
2013-07-26,1.0929722665359356,-0.0014982741586693216,0.0,0.0
2013-07-29,1.0874474435902048,-0.005054861056302151,0.0,0.0
2013-07-30,1.0879227840548915,0.00043711580498762004,0.0,0.0
2013-07-31,1.0892587205747262,0.001227969980420296,0.0,0.0
2013-08-01,1.1029607830437405,0.012579254322411693,0.006046943801806654,6.669582201250459e-06
2013-08-02,1.1043701114780071,0.0012777683993236977,0.0,0.0
2013-08-05,1.1054521497418142,0.000979778656232222,0.0,0.0
2013-08-06,1.0967538111336648,-0.007868579938246079,0.0,0.0
2013-08-07,1.0910922794636395,-0.005162080689898096,0.0,0.0
2013-08-08,1.0953529890984273,0.003904994760738578,0.0,0.0
2013-08-09,1.0931918353329202,-0.0019730203751814335,0.0,0.0
2013-08-12,1.0954324650356866,0.0020496216952481383,0.0,0.0
2013-08-13,1.0963134851643983,0.0008042669510284206,0.0,0.0
2013-08-14,1.0913501600052076,-0.004527286425238586,0.0,0.0
2013-08-15,1.0735937114765108,-0.016270166239414907,0.0,0.0
2013-08-16,1.0695596024824359,-0.003757575096566934,0.0,0.0
2013-08-19,1.0607281998834373,-0.00825704577706654,0.0,0.0
2013-08-20,1.0709565203039255,0.009642734511642326,0.0,0.0
2013-08-21,1.064406080236886,-0.006116438849618877,0.0,0.0
2013-08-22,1.0767588484689519,0.011605315359826562,0.0,0.0
2013-08-23,1.0799330850385658,0.002947954942861486,0.0,0.0
2013-08-26,1.0779821605338769,-0.0018065235075368502,0.0,0.0
2013-08-27,1.056652254482598,-0.019786882225133584,0.0,0.0
2013-08-28,1.0595762929970813,0.002767266621614306,0.0,0.0
2013-08-29,1.0657174646104024,0.005795874873672613,0.0,0.0
2013-08-30,1.055691472730246,-0.00940773911762971,0.0,0.0
2013-09-03,1.061651463012397,0.005645579637711062,0.0007403607826505705,7.860056899858627e-07
2013-09-04,1.0707178067727456,0.008539849542168243,0.0,0.0
2013-09-05,1.072236077725293,0.001417993558100683,0.0,0.0
2013-09-06,1.0739654926764004,0.0016129050188053995,0.0,0.0
2013-09-09,1.0872411430584403,0.012361337931776628,0.0,0.0
2013-09-10,1.0966026907542896,0.008610369241100368,0.0,0.0
2013-09-11,1.09857667498192,0.0018000906292436891,0.0,0.0
2013-09-12,1.0930794041837186,-0.005003993734248646,0.0,0.0
2013-09-13,1.0973001274413186,0.003861314412699768,0.0,0.0
2013-09-16,1.1016727329144715,0.003984876483473121,0.0,0.0
2013-09-17,1.1095895463505245,0.007186175349106705,0.0,0.0
2013-09-18,1.1212881121263591,0.010543147071195413,0.0,0.0
2013-09-19,1.1197740526726223,-0.0013502858340892487,0.0,0.0
2013-09-20,1.1138253796160897,-0.005312386943003844,0.0,0.0
2013-09-23,1.111314024780146,-0.002254711449302116,0.0,0.0
2013-09-24,1.1118754425663258,0.0005051837497422884,0.0,0.0
2013-09-25,1.1092321940500112,-0.0023772883320578586,0.0,0.0
2013-09-26,1.1144483231045368,0.004702468141932092,0.0,0.0
2013-09-27,1.1093899088925165,-0.0045389401259350315,0.0,0.0
2013-09-30,1.106627419731928,-0.0024900976099073713,0.0,0.0
2013-10-01,1.1163561947437255,0.00879137353577808,1.0,0.001117473668412138
2013-10-02,1.1139051600884353,-0.0021955668511812743,0.0,0.0
2013-10-03,1.1045571381751174,-0.008392116535824057,0.0,0.0
2013-10-04,1.109536726593311,0.004508221662865353,0.0,0.0
2013-10-07,1.097323877937111,-0.011007160343126099,0.0,0.0
2013-10-08,1.0842095788498503,-0.011951165331346547,0.0,0.0
2013-10-09,1.0843852277402637,0.00016200639972185904,0.0,0.0
2013-10-10,1.1071579213153275,0.021000556806292536,0.0,0.0
2013-10-11,1.1180871884971089,0.009871461849631391,0.0,0.0
2013-10-14,1.1227966063841288,0.004212030989595883,0.0,0.0
2013-10-15,1.1146126543939472,-0.007288899827135542,0.0,0.0
2013-10-16,1.1256731319280815,0.00992315805004762,0.0,0.0
2013-10-17,1.138074091350264,0.011016483444836078,0.0,0.0
2013-10-18,1.1479374690926498,0.008666727252074846,0.0,0.0
2013-10-21,1.147669207007063,-0.00023369050389021595,0.0,0.0
2013-10-22,1.154913677125872,0.0063123329218715,0.0,0.0
2013-10-23,1.1473422314478485,-0.006555854197575872,0.0,0.0
2013-10-24,1.1543989156245211,0.006150461460629364,0.0,0.0
2013-10-25,1.1532628553492805,-0.000984114121959312,0.0,0.0
2013-10-28,1.1520467671756065,-0.0010544761482894627,0.0,0.0
2013-10-29,1.154921516321636,0.002495340664925738,0.0,0.0
2013-10-30,1.1449661684077297,-0.008619934578423583,0.0,0.0
2013-10-31,1.1384337499317891,-0.005705337551610845,0.0,0.0
2013-11-01,1.1320764886512729,-0.005584217158791316,1.0059254347671103,0.0011399312198440816
2013-11-04,1.13940489697834,0.00647342154044539,0.0,0.0
2013-11-05,1.13804135594974,-0.0011967133301041821,0.0,0.0
2013-11-06,1.1354578581355477,-0.0022701264771141094,0.0,0.0
2013-11-07,1.1152147187065398,-0.01782817326417352,0.0,0.0
2013-11-08,1.1328863705331729,0.015845963589082857,0.0,0.0
2013-11-11,1.1327784892628263,-9.522691167673791e-05,0.0,0.0
2013-11-12,1.1341357248508102,0.001198147387903692,0.0,0.0
2013-11-13,1.1464376808470904,0.010846987469598002,0.0,0.0
2013-11-14,1.147642254142697,0.0010507097906242713,0.0,0.0
2013-11-15,1.1509227743024493,0.0028584867347907217,0.0,0.0
2013-11-18,1.1412562340905792,-0.00839894772064853,0.0,0.0
2013-11-19,1.1360757381894397,-0.00453929253255525,0.0,0.0
2013-11-20,1.1345004150300204,-0.0013866356849852046,0.0,0.0
2013-11-21,1.150498645998766,0.014101564668288269,0.0,0.0
2013-11-22,1.1564381076642372,0.0051625107827180106,0.0,0.0
2013-11-25,1.1585342033920978,0.0018125446696790615,0.0,0.0
2013-11-26,1.1658629373408642,0.006325867572410493,0.0,0.0
2013-11-27,1.1731759001398725,0.006272575072750808,0.0,0.0
2013-11-29,1.176974459919247,0.003237843343800062,0.0,0.0
2013-12-02,1.1693295660095318,-0.006495377911802658,0.0006435032716419776,7.524678855699702e-07
2013-12-03,1.1660412126242994,-0.00281216987992039,0.0,0.0
2013-12-04,1.1650272257326946,-0.0008695978157776674,0.0,0.0
2013-12-05,1.1646912277968524,-0.00028840350544667714,0.0,0.0
2013-12-06,1.1734584487246642,0.007527506620270463,0.0,0.0
2013-12-09,1.1756961779935446,0.0019069522839196829,0.0,0.0
2013-12-10,1.169979242181391,-0.004862596238009553,0.0,0.0
2013-12-11,1.152865173318145,-0.014627668804907512,0.0,0.0
2013-12-12,1.15260893203992,-0.00022226474019293452,0.0,0.0
2013-12-13,1.1537297948947303,0.0009724572000553433,0.0,0.0
2013-12-16,1.1637604222354967,0.008694087112209647,0.0,0.0
2013-12-17,1.161765130421243,-0.0017145211128771765,0.0,0.0
2013-12-18,1.1764970210743375,0.012680610105549217,0.0,0.0
2013-12-19,1.1704850942721263,-0.005110022970327033,0.0,0.0
2013-12-20,1.1863021104325746,0.01351321451067622,0.0,0.0
2013-12-23,1.199268405346873,0.010930010829678372,0.0,0.0
2013-12-24,1.2018407091458863,0.002144894160093669,0.0,0.0
2013-12-26,1.2038829508914561,0.0016992615826945112,0.0,0.0
2013-12-27,1.2020077492180699,-0.0015576279006175309,0.0,0.0
2013-12-30,1.2007502575944582,-0.0010461593316929418,0.0,0.0
2013-12-31,1.2060714026039006,0.004431516858553586,0.0,0.0
2014-01-02,1.1948053819296165,-0.009341089300319072,0.0023433696779491713,2.799877264212113e-06
2014-01-03,1.1935291910923462,-0.0010681160769541176,0.0,0.0
2014-01-06,1.1864697287936763,-0.005914779756839406,0.0,0.0
2014-01-07,1.1969198873824465,0.008807775146016716,0.0,0.0
2014-01-08,1.1990058526934724,0.0017427777188894211,0.0,0.0
2014-01-09,1.1971776132564442,-0.0015247960907956992,0.0,0.0
2014-01-10,1.2023927057966461,0.004356156081148477,0.0,0.0
2014-01-13,1.1852903202512077,-0.014223627158572283,0.0,0.0
2014-01-14,1.2038460180658106,0.015654981313498073,0.0,0.0
2014-01-15,1.2132771097229358,0.007834134528498904,0.0,0.0
2014-01-16,1.2140785374785976,0.0006605479896055755,0.0,0.0
2014-01-17,1.208509388317824,-0.004587140772902343,0.0,0.0
2014-01-21,1.2167083586059948,0.006784366234492634,0.0,0.0
2014-01-22,1.2213713780466129,0.0038324873891395494,0.0,0.0
2014-01-23,1.21518192426872,-0.005067626349482546,0.0,0.0
2014-01-24,1.1877220783353142,-0.022597312702730354,0.0,0.0
2014-01-27,1.1732808493984879,-0.01215876104371727,0.0,0.0
2014-01-28,1.1791165416328266,0.004973823818338552,0.0,0.0
2014-01-29,1.1642852386351197,-0.012578318150951229,0.0,0.0
2014-01-30,1.183723147665028,0.016695143410643265,0.0,0.0
2014-01-31,1.1777511704436958,-0.005045079360923466,0.0,0.0
2014-02-03,1.1458129383069093,-0.02711797953446682,0.0071436246097690715,8.18531597710574e-06
2014-02-04,1.1543507823038324,0.0074513419350445975,0.0,0.0
2014-02-05,1.1485315528894322,-0.005041127448959903,0.0,0.0
2014-02-06,1.1604070758511782,0.010339744634677128,0.0,0.0
2014-02-07,1.1773446269628034,0.014596214952585784,0.0,0.0
2014-02-10,1.1822723593344828,0.00418546299768785,0.0,0.0
2014-02-11,1.1942892074157136,0.010164196080838073,0.0,0.0
2014-02-12,1.1977645693796095,0.0029099835637098614,0.0,0.0
2014-02-13,1.209790896183617,0.010040643304582542,0.0,0.0
2014-02-14,1.211858451921682,0.001709019091305164,0.0,0.0
2014-02-18,1.2211234238311839,0.007645259142938787,0.0,0.0
2014-02-19,1.210687255194959,-0.00854636675749132,0.0,0.0
2014-02-20,1.2200276403932266,0.007714944679717117,0.0,0.0
2014-02-21,1.2211109161468634,0.0008879108290429372,0.0,0.0
2014-02-24,1.2288552437808287,0.0063420345617759555,0.0,0.0
2014-02-25,1.2288081527601027,-3.8321047954426035e-05,0.0,0.0
2014-02-26,1.232061138395776,0.0026472689234413593,0.0,0.0
2014-02-27,1.2394143593345122,0.005968227314036234,0.0,0.0
2014-02-28,1.2362537192811667,-0.0025501076613656526,0.0,0.0
2014-03-03,1.2283546907101668,-0.006389488215730377,0.003543251751003429,4.3523853303087824e-06
2014-03-04,1.2516104889620139,0.018932478076346015,0.0,0.0
2014-03-05,1.2529550473790825,0.0010742626631259355,0.0,0.0
2014-03-06,1.2523021466009585,-0.0005210887489457416,0.0,0.0
2014-03-07,1.249009717641226,-0.002629101106844667,0.0,0.0
2014-03-10,1.2474560568659312,-0.0012439140811721927,0.0,0.0
2014-03-11,1.238269290260745,-0.0073644009779925135,0.0,0.0
2014-03-12,1.2424897581771197,0.003408360321595305,0.0,0.0
2014-03-13,1.226524095500934,-0.01284973382767296,0.0,0.0
2014-03-14,1.224920549939704,-0.0013073901826405887,0.0,0.0
2014-03-17,1.232995272294271,0.006592037626411251,0.0,0.0
2014-03-18,1.2494301539316195,0.013329233296059284,0.0,0.0
2014-03-19,1.2419757400502898,-0.005966250980795285,0.0,0.0
2014-03-20,1.244528748784608,0.002055602740046014,0.0,0.0
2014-03-21,1.2341971474913027,-0.008301617221293522,0.0,0.0
2014-03-24,1.2217489945158522,-0.010086032852006932,0.0,0.0
2014-03-25,1.223592234140049,0.0015086892909024208,0.0,0.0
2014-03-26,1.2039660506600414,-0.01603980716157538,0.0,0.0
2014-03-27,1.1990746549175717,-0.004062735606031542,0.0,0.0
2014-03-28,1.1996623249852183,0.0004901029850281624,0.0,0.0
2014-03-31,1.214717647699506,0.012549633676687488,0.0,0.0
2014-04-01,1.2333408928830487,0.015331336643385596,0.006893301160539199,8.501848814054955e-06
2014-04-02,1.2377040635727756,0.0035376842808865216,0.0,0.0
2014-04-03,1.2265176612969018,-0.009038026621309592,0.0,0.0
2014-04-04,1.196025992139492,-0.02486035881877824,0.0,0.0
2014-04-07,1.1816205472101848,-0.01204442463958344,0.0,0.0
2014-04-08,1.1912146538250181,0.008119448022027909,0.0,0.0
2014-04-09,1.2100251593985716,0.015791029360789466,0.0,0.0
2014-04-10,1.174010318430831,-0.029763712504656703,0.0,0.0
2014-04-11,1.1590577634810026,-0.012736306244577,0.0,0.0
2014-04-14,1.1652421755271045,0.005335723758519428,0.0,0.0
2014-04-15,1.1694271963312086,0.003591545939547691,0.0,0.0
2014-04-16,1.1835689673480116,0.012092904168099938,0.0,0.0
2014-04-17,1.1866369089174862,0.002592110518366164,0.0,0.0
2014-04-21,1.1938339919468997,0.006065109702325877,0.0,0.0
2014-04-22,1.2047246910503029,0.009122456871614837,0.0,0.0
2014-04-23,1.1956351700150334,-0.007544894782014477,0.0,0.0
2014-04-24,1.1998554639770809,0.0035297506027649472,0.0,0.0
2014-04-25,1.1797140507549095,-0.01678653290072951,0.0,0.0
2014-04-28,1.1782489006239358,-0.0012419536158242428,0.0,0.0
2014-04-29,1.184483660372035,0.00529154726543557,0.0,0.0
2014-04-30,1.189944898914213,0.004610649116478793,0.0,0.0
2014-05-01,1.1915128713112304,0.001317684876373848,0.01698733915381109,2.0240977091437612e-05
2014-05-02,1.1909042579354105,-0.0005107904333002677,0.0,0.0
2014-05-05,1.1932858326949964,0.0019998037152999526,0.0,0.0
2014-05-06,1.1758509979685317,-0.014610778280245595,0.0,0.0
2014-05-07,1.1745243151373994,-0.0011282746142362576,0.0,0.0
2014-05-08,1.1680730390871061,-0.005492671345453282,0.0,0.0
2014-05-09,1.1755701274202806,0.006418338650324262,0.0,0.0
2014-05-12,1.1985950957700287,0.01958621422294482,0.0,0.0
2014-05-13,1.1931486428653293,-0.00454403069386855,0.0,0.0
2014-05-14,1.1803890020143086,-0.010694091576367692,0.0,0.0
2014-05-15,1.1717610022327767,-0.007309454566933771,0.0,0.0
2014-05-16,1.179306963004791,0.006439846314765241,0.0,0.0
2014-05-19,1.1897334483337725,0.008841197123449218,0.0,0.0
2014-05-20,1.1785640837746851,-0.00938812351180851,0.0,0.0
2014-05-21,1.1872539663266035,0.0073732796303163095,0.0,0.0
2014-05-22,1.1959718005180546,0.007342855394641745,0.0,0.0
2014-05-23,1.2068298296493998,0.009078833737251824,0.0,0.0
2014-05-27,1.2230109464904309,0.013407952342155749,0.0,0.0
2014-05-28,1.217967819213501,-0.004123534046364563,0.0,0.0
2014-05-29,1.2239325586387417,0.004897288196901828,0.0,0.0
2014-05-30,1.221286233317028,-0.002162149624205578,0.0,0.0
2014-06-02,1.2162104346501155,-0.004156108968105365,1.0,0.0012174278625126283
2014-06-03,1.2156290011192765,-0.00047806984241682837,0.0,0.0
2014-06-04,1.219124471993374,0.002875442154538277,0.0,0.0
2014-06-05,1.2282296638935897,0.007468631882458832,0.0,0.0
2014-06-06,1.2346949810513765,0.0052639317774587635,0.0,0.0
2014-06-09,1.2348584773983855,0.00013241841063438287,0.0,0.0
2014-06-10,1.235988304487967,0.0009149445950775714,0.0,0.0
2014-06-11,1.23371093935747,-0.0018425458576167841,0.0,0.0
2014-06-12,1.2237608957543626,-0.008065133643290312,0.0,0.0
2014-06-13,1.2274211991561714,0.002991028242941507,0.0,0.0
2014-06-16,1.228458567328203,0.0008451607099051461,0.0,0.0
2014-06-17,1.2304942927526203,0.001657138041574413,0.0,0.0
2014-06-18,1.2384689271745462,0.006480838203716033,0.0,0.0
2014-06-19,1.2387623006927466,0.00023688403621857645,0.0,0.0
2014-06-20,1.240748494930134,0.0016033699413331437,0.0,0.0
2014-06-23,1.2406919613440786,-4.556409803146977e-05,0.0,0.0
2014-06-24,1.2363528485744362,-0.003497332863301339,0.0,0.0
2014-06-25,1.2430837488575093,0.005444158025626811,0.0,0.0
2014-06-26,1.242974509913954,-8.787738047066895e-05,0.0,0.0
2014-06-27,1.2469186903238896,0.0031731788371176517,0.0,0.0
2014-06-30,1.2476718726066136,0.0006040348008002905,0.0,0.0
2014-07-01,1.2586952962942621,0.008835194516823242,0.008344593359289804,1.0503388057328419e-05
2014-07-02,1.2603949124007765,0.0013502998791830034,0.0,0.0
2014-07-03,1.2674705465616216,0.0056138231686191364,0.0,0.0
2014-07-07,1.2633441435005355,-0.003255620473611942,0.0,0.0
2014-07-08,1.2516642915723928,-0.009245186268707073,0.0,0.0
2014-07-09,1.2591154806525573,0.005953025208383922,0.0,0.0
2014-07-10,1.2546353951438005,-0.0035581212189012,0.0,0.0
2014-07-11,1.2595413194664173,0.003910239055589848,0.0,0.0
2014-07-14,1.2664820617624715,0.005510531642578087,0.0,0.0
2014-07-15,1.2631127997369194,-0.0026603314229838304,0.0,0.0
2014-07-16,1.267963771512843,0.003840489762223731,0.0,0.0
2014-07-17,1.252357701987651,-0.012307977464191877,0.0,0.0
2014-07-18,1.2686897370284334,0.013041030541722343,0.0,0.0
2014-07-21,1.2667121490466,-0.00155876407297606,0.0,0.0
2014-07-22,1.2735027981108655,0.005360846242278949,0.0,0.0
2014-07-23,1.2790181067266198,0.0043308178230434535,0.0,0.0
2014-07-24,1.2783210355141215,-0.0005450049603146212,0.0,0.0
2014-07-25,1.2728315410130784,-0.004294300374111604,0.0,0.0
2014-07-28,1.273285617528458,0.0003567451785631004,0.0,0.0
2014-07-29,1.269443917209189,-0.0030171551978463995,0.0,0.0
2014-07-30,1.2720586174783293,0.0020597209799457783,0.0,0.0
2014-07-31,1.2466406762637168,-0.01998173737071951,0.0,0.0
2014-08-01,1.2424232005312872,-0.0033830724544218205,0.01020575806300366,1.2680000005497143e-05
2014-08-04,1.2511745269982169,0.007043756477814744,0.0,0.0
2014-08-05,1.240317202706703,-0.008677705673534097,0.0,0.0
2014-08-06,1.240051687846944,-0.00021407012591578845,0.0,0.0
2014-08-07,1.2347264138050105,-0.004294396833715575,0.0,0.0
2014-08-08,1.246320619364671,0.009390100859615558,0.0,0.0
2014-08-11,1.2518022395589519,0.004398242401762786,0.0,0.0
2014-08-12,1.2506687621550472,-0.0009054764147922167,0.0,0.0
2014-08-13,1.261523767153962,0.008679360456889107,0.0,0.0
2014-08-14,1.267773501409585,0.004954115347127086,0.0,0.0
2014-08-15,1.270728505736698,0.0023308614068895395,0.0,0.0
2014-08-18,1.2809422574200768,0.008037713514152722,0.0,0.0
2014-08-19,1.287875134502781,0.005412325998728207,0.0,0.0
2014-08-20,1.289585591401273,0.0013281232416622046,0.0,0.0
2014-08-21,1.2927693550161738,0.0024688269131800666,0.0,0.0
2014-08-22,1.2927532685109326,-1.2443445676413312e-05,0.0,0.0
2014-08-25,1.2983094229727334,0.004297923352536426,0.0,0.0
2014-08-26,1.299385155146707,0.0008285637883691521,0.0,0.0
2014-08-27,1.2992581136202783,-9.777049239445557e-05,0.0,0.0
2014-08-28,1.2981817378672824,-0.000828454132179024,0.0,0.0
2014-08-29,1.302448554314132,0.0032867635727640288,0.0,0.0
2014-09-02,1.3040195082919266,0.001206154341061083,0.007103004489329016,9.262522213307147e-06
2014-09-03,1.2998177451493154,-0.003222162794262906,0.0,0.0
2014-09-04,1.298289131948551,-0.0011760211817917199,0.0,0.0
2014-09-05,1.304471950784605,0.00476228190154715,0.0,0.0
2014-09-08,1.3040199243094888,-0.0003465206552308864,0.0,0.0
2014-09-09,1.2944843360629912,-0.007312455943912721,0.0,0.0
2014-09-10,1.3022645407449054,0.0060102733305964495,0.0,0.0
2014-09-11,1.302490801688078,0.00017374422484328633,0.0,0.0
2014-09-12,1.295365236269371,-0.005470722257287397,0.0,0.0
2014-09-15,1.28862298688639,-0.005204902211517259,0.0,0.0
2014-09-16,1.2991014745213318,0.008131538659154502,0.0,0.0
2014-09-17,1.3009562612607328,0.0014277458503266782,0.0,0.0
2014-09-18,1.3093207085966014,0.006429460839646239,0.0,0.0
2014-09-19,1.3083246966779334,-0.0007607089020501556,0.0,0.0
2014-09-22,1.2971895755188618,-0.0085109768143532,0.0,0.0
2014-09-23,1.2917039016096388,-0.004228891453301187,0.0,0.0
2014-09-24,1.3036877966740452,0.009277586797928672,0.0,0.0
2014-09-25,1.27945816803869,-0.018585453278898156,0.0,0.0
2014-09-26,1.291344553714641,0.009290171396671765,0.0,0.0
2014-09-29,1.2893198972166295,-0.00156786698963296,0.0,0.0
2014-09-30,1.2885365104642048,-0.0006075968843076707,0.0,0.0
2014-10-01,1.2694988479139062,-0.014774639597476491,0.00020900541501838016,2.6533218902894905e-07
2014-10-02,1.2695965185118756,7.693634234473556e-05,0.0,0.0
2014-10-03,1.2828544169381129,0.010442607736335985,0.0,0.0
2014-10-06,1.2807318179672613,-0.0016545906868510318,0.0,0.0
2014-10-07,1.2617594638087954,-0.014813682218482116,0.0,0.0
2014-10-08,1.2850746208580657,0.018478289815152316,0.0,0.0
2014-10-09,1.2619550577296699,-0.017990833180534294,0.0,0.0
2014-10-10,1.2389679686653983,-0.01821545777202771,0.0,0.0
2014-10-13,1.2190813464791859,-0.016050957481680506,0.0,0.0
2014-10-14,1.220093720922271,0.0008304404345198524,0.0,0.0
2014-10-15,1.212028189807381,-0.006610583249943569,0.0,0.0
2014-10-16,1.2077184025539536,-0.0035558473719264905,0.0,0.0
2014-10-17,1.222804345664497,0.012491275349155284,0.0,0.0
2014-10-20,1.2378575555097293,0.012310399368962166,0.0,0.0
2014-10-21,1.2663642462879623,0.023029055848428737,0.0,0.0
2014-10-22,1.258592081420114,-0.006137384951154901,0.0,0.0
2014-10-23,1.2753759976953694,0.013335469468644279,0.0,0.0
2014-10-24,1.2854987076241795,0.007937039702097248,0.0,0.0
2014-10-27,1.2850738670718524,-0.0003304869540571298,0.0,0.0
2014-10-28,1.3021516687574644,0.013289354116682084,0.0,0.0
2014-10-29,1.298755694064528,-0.0026079716936329156,0.0,0.0
2014-10-30,1.3042747840947673,0.004249521334506845,0.0,0.0
2014-10-31,1.3207326323318613,0.0126183902639172,0.0,0.0
2014-11-03,1.3217275459256292,0.0007533043171739084,1.0,0.0013230505965221512
2014-11-04,1.3205963526119553,-0.0008558445476610776,0.0,0.0
2014-11-05,1.3192511249121803,-0.0010186516849862715,0.0,0.0
2014-11-06,1.316271390054272,-0.0022586562949542532,0.0,0.0
2014-11-07,1.3148571938781444,-0.001074395589551802,0.0,0.0
2014-11-10,1.3225875506920206,0.005879236809798183,0.0,0.0
2014-11-11,1.3220959617222943,-0.0003716872803385396,0.0,0.0
2014-11-12,1.3182889974212553,-0.0028794916641903257,0.0,0.0
2014-11-13,1.3247146429535208,0.004874231329272227,0.0,0.0
2014-11-14,1.3214029757479873,-0.002499909865984473,0.0,0.0
2014-11-17,1.3222916338476067,0.0006725110476737406,0.0,0.0
2014-11-18,1.3301149682439468,0.005916496933112914,0.0,0.0
2014-11-19,1.3211720705103298,-0.006723402072095763,0.0,0.0
2014-11-20,1.3263177719640384,0.003894800358382522,0.0,0.0
2014-11-21,1.331681454290231,0.0040440401535524195,0.0,0.0
2014-11-24,1.3392671793708495,0.00569635107268307,0.0,0.0
2014-11-25,1.341468229071872,0.001643473188118083,0.0,0.0
2014-11-26,1.3522735432503334,0.008054841661018886,0.0,0.0
2014-11-28,1.357116051753401,0.003581012530518235,0.0,0.0
2014-12-01,1.347645269338156,-0.0069786090902166364,0.010749217491339242,1.4486287817549177e-05
2014-12-02,1.354537328485275,0.005114149326924888,0.0,0.0
2014-12-03,1.3550880225745678,0.0004065551223373376,0.0,0.0
2014-12-04,1.356527380309699,0.0010621876299936606,0.0,0.0
2014-12-05,1.3531542315214602,-0.002486605753190818,0.0,0.0
2014-12-08,1.3526085025549213,-0.0004033013782362982,0.0,0.0
2014-12-09,1.3578320277342517,0.0038618160165810878,0.0,0.0
2014-12-10,1.3465532232905044,-0.008306479898377184,0.0,0.0
2014-12-11,1.350961110994037,0.003273459694939529,0.0,0.0
2014-12-12,1.3377437133613208,-0.009783699564076098,0.0,0.0
2014-12-15,1.322125905923333,-0.011674738054829104,0.0,0.0
2014-12-16,1.3107239809191382,-0.008623932829023628,0.0,0.0
2014-12-17,1.3377677006134716,0.02063265804854586,0.0,0.0
2014-12-18,1.3582975525315617,0.015346350422928756,0.0,0.0
2014-12-19,1.3609111656646233,0.001924183054140327,0.0,0.0
2014-12-22,1.374087133223686,0.009681724929215152,0.0,0.0
2014-12-23,1.3697449568837186,-0.0031600443923671673,0.0,0.0
2014-12-24,1.3674368037917009,-0.0016850969813161365,0.0,0.0
2014-12-26,1.374676358340639,0.005294251645753478,0.0,0.0
2014-12-29,1.3783711112437298,0.002687725645875494,0.0,0.0
2014-12-30,1.3733443542342894,-0.0036468821556371323,0.0,0.0
2014-12-31,1.354627398045038,-0.013628742224441548,0.0,0.0
2015-01-02,1.3616315325765922,0.005170524781694441,1.0,0.0013629945271036962
2015-01-05,1.3760523691575925,0.010590850928453577,0.0,0.0
2015-01-06,1.3953015980509877,0.013988732787240776,0.0,0.0
2015-01-07,1.404510501022099,0.006599937235057141,0.0,0.0
2015-01-08,1.3978559727843582,-0.0047379697288828515,0.0,0.0
2015-01-09,1.4057799547019232,0.005668668354853024,0.0,0.0
2015-01-12,1.4151728518030886,0.0066816268575669024,0.0,0.0
2015-01-13,1.4140965501434115,-0.0007605443096974085,0.0,0.0
2015-01-14,1.4255716395003728,0.008114784917477857,0.0,0.0
2015-01-15,1.4384029964720253,0.009000850336886357,0.0,0.0
2015-01-16,1.4354161706748567,-0.0020764874687374535,0.0,0.0
2015-01-20,1.4391675747475499,0.002613460924666411,0.0,0.0
2015-01-21,1.4303282528846277,-0.006141968467065162,0.0,0.0
2015-01-22,1.4405143530853866,0.007121512268401187,0.0,0.0
2015-01-23,1.4483366078681699,0.00543018177224619,0.0,0.0
2015-01-26,1.4522715282040526,0.002716854848870076,0.0,0.0
2015-01-27,1.4536426595072003,0.0009441287503881846,0.0,0.0
2015-01-28,1.460520975901603,0.004731779402191272,0.0,0.0
2015-01-29,1.4582752489489956,-0.0015376204721886388,0.0,0.0
2015-01-30,1.4560922990762148,-0.0014969395348060077,0.0,0.0
2015-02-02,1.4513740750744288,-0.0032403330508508077,0.015064717384037316,2.186486964759705e-05
2015-02-03,1.4423193642907675,-0.006238716082342166,0.0,0.0
2015-02-04,1.4405061756467439,-0.0012571339530722536,0.0,0.0
2015-02-05,1.4414376515008092,0.000646630934190151,0.0,0.0
2015-02-06,1.4075427436637769,-0.023514654138346747,0.0,0.0
2015-02-09,1.401390043022979,-0.004371235380591365,0.0,0.0
2015-02-10,1.3981703478216092,-0.002297501125685608,0.0,0.0
2015-02-11,1.397335228268874,-0.0005972945671722796,0.0,0.0
2015-02-12,1.4035563554311654,0.004452136492685943,0.0,0.0
2015-02-13,1.3917446090610348,-0.00841558397311526,0.0,0.0
2015-02-17,1.3797914738615944,-0.008588598167809547,0.0,0.0
2015-02-18,1.390391892186797,0.0076826234442044505,0.0,0.0
2015-02-19,1.3704892694275053,-0.014314397883886554,0.0,0.0
2015-02-20,1.3792521847083252,0.006394005028934391,0.0,0.0
2015-02-23,1.3926224981297621,0.009693885983776296,0.0,0.0
2015-02-24,1.3873666322388576,-0.003774077970134071,0.0,0.0
2015-02-25,1.39049061009528,0.002251732010724039,0.0,0.0
2015-02-26,1.3734448504174925,-0.01225880962735848,0.0,0.0
2015-02-27,1.3846098850453747,0.008129219476477934,0.0,0.0
2015-03-02,1.3758757769531902,-0.006307992010253782,0.024662688793796354,3.393363300055008e-05
2015-03-03,1.3720687765021204,-0.002766965241222663,0.0,0.0
2015-03-04,1.3657222471340127,-0.0046255183973265,0.0,0.0
2015-03-05,1.3668238111672424,0.0008065798412095759,0.0,0.0
2015-03-06,1.3290513827959471,-0.02763518462488468,0.0,0.0
2015-03-09,1.340483418493759,0.008601650655343462,0.0,0.0
2015-03-10,1.3488839706216278,0.006266807938070551,0.0,0.0
2015-03-11,1.3544465762222302,0.004123857738511649,0.0,0.0
2015-03-12,1.3655265835936703,0.008180468366898674,0.0,0.0
2015-03-13,1.3630020149052267,-0.0018487876536241732,0.0,0.0
2015-03-16,1.3765907634356314,0.009969720060428289,0.0,0.0
2015-03-17,1.3820923100834155,0.0039965012071223605,0.0,0.0
2015-03-18,1.4098700243279751,0.020098306055174486,0.0,0.0
2015-03-19,1.40590888778266,-0.0028095756892223545,0.0,0.0
2015-03-20,1.4271257142050864,0.015091181659637076,0.0,0.0
2015-03-23,1.4253558155446084,-0.0012401841287428272,0.0,0.0
2015-03-24,1.4261710557231608,0.0005719555564032142,0.0,0.0
2015-03-25,1.407898984906013,-0.012811977037272437,0.0,0.0
2015-03-26,1.3931515489352566,-0.010474782728635113,0.0,0.0
2015-03-27,1.4027892019624155,0.006917878413532641,0.0,0.0
2015-03-30,1.409169669138966,0.00454841480646162,0.0,0.0
2015-03-31,1.4044975812831817,-0.0033154899357428214,0.0,0.0
2015-04-01,1.4127919749049276,0.005905594806484338,0.01635270694092316,2.3103350936434994e-05
2015-04-02,1.4106771011784769,-0.0014969463049172571,0.0,0.0
2015-04-06,1.4141578880774341,0.002467458283720303,0.0,0.0
2015-04-07,1.407315400293613,-0.00483855999496885,0.0,0.0
2015-04-08,1.4086203866876505,0.0009272877947368308,0.0,0.0
2015-04-09,1.3848485383787712,-0.016875979173337496,0.0,0.0
2015-04-10,1.3853610770717613,0.00037010451236074715,0.0,0.0
2015-04-13,1.384477069122006,-0.0006381065300490318,0.0,0.0
2015-04-14,1.3918288818378202,0.005310172974173133,0.0,0.0
2015-04-15,1.386038832259601,-0.00416002976642782,0.0,0.0
2015-04-16,1.3843262071716795,-0.0012356256174506086,0.0,0.0
2015-04-17,1.3891031498348532,0.00345073483289271,0.0,0.0
2015-04-20,1.383908120242317,-0.003739844368759737,0.0,0.0
2015-04-21,1.381928852507102,-0.00143020169205188,0.0,0.0
2015-04-22,1.3727699287714388,-0.006627637681235976,0.0,0.0
2015-04-23,1.3775559911919038,0.0034864272010592945,0.0,0.0
2015-04-24,1.3832595348002568,0.0041403352348807765,0.0,0.0
2015-04-27,1.3823364382005368,-0.0006673343479632887,0.0,0.0
2015-04-28,1.371477945484721,-0.007855173614572997,0.0,0.0
2015-04-29,1.3492095235302257,-0.016236806452345043,0.0,0.0
2015-04-30,1.339394074208238,-0.007274962969654575,0.0,0.0
2015-05-01,1.334023014406049,-0.00401006686950145,1.0040730721412523,0.0013408028504189712
2015-05-04,1.3288303716254521,-0.0038924686639748574,0.0,0.0
2015-05-05,1.3170280883312406,-0.00888170796380483,0.0,0.0
2015-05-06,1.3012059889305987,-0.012013486683256414,0.0,0.0
2015-05-07,1.3138344588032496,0.009705204233673825,0.0,0.0
2015-05-08,1.323805923892683,0.007589590166874105,0.0,0.0
2015-05-11,1.3052072355102877,-0.014049407127372016,0.0,0.0
2015-05-12,1.303877741812105,-0.0010186073613535074,0.0,0.0
2015-05-13,1.3000593242340868,-0.002928508905069238,0.0,0.0
2015-05-14,1.3114446762776244,0.008757563467532758,0.0,0.0
2015-05-15,1.3243007742338464,0.009803004418541317,0.0,0.0
2015-05-18,1.3162637460609456,-0.006068884296734245,0.0,0.0
2015-05-19,1.3098274801766854,-0.0048897995584255005,0.0,0.0
2015-05-20,1.311331877077426,0.0011485458379127955,0.0,0.0
2015-05-21,1.3237478128462505,0.009468187257443805,0.0,0.0
2015-05-22,1.3233437816927325,-0.00030521761743218523,0.0,0.0
2015-05-26,1.326656294221797,0.002503138318923792,0.0,0.0
2015-05-27,1.3389281263064345,0.009250197008891403,0.0,0.0
2015-05-28,1.335784794698411,-0.0023476477536511497,0.0,0.0
2015-05-29,1.3332005030690528,-0.0019346616607817113,0.0,0.0
2015-06-01,1.3270407359853698,-0.004620285598080032,1.0,0.0013283691050904609
2015-06-02,1.324278731086935,-0.002081326385496185,0.0,0.0
2015-06-03,1.3280180518350506,0.002823665940059561,0.0,0.0
2015-06-04,1.3173568172637493,-0.008027928955159691,0.0,0.0
2015-06-05,1.3146653680046207,-0.0020430677731785307,0.0,0.0
2015-06-08,1.3039498538425967,-0.008150754117976056,0.0,0.0
2015-06-09,1.302774008477431,-0.0009017565834302799,0.0,0.0
2015-06-10,1.3195077810061235,0.012844723965785398,0.0,0.0
2015-06-11,1.3226017511280648,0.0023447911156553314,0.0,0.0
2015-06-12,1.3121128694921382,-0.00793049126615808,0.0,0.0
2015-06-15,1.3060457967236445,-0.004623895481523643,0.0,0.0
2015-06-16,1.313166414046652,0.005452042601316265,0.0,0.0
2015-06-17,1.3160352088988185,0.0021846392212592214,0.0,0.0
2015-06-18,1.3324578044089899,0.01247884205462313,0.0,0.0
2015-06-19,1.3262071435516127,-0.00469107602259089,0.0,0.0
2015-06-22,1.3344891279772573,0.006244864888500956,0.0,0.0
2015-06-23,1.335503762344061,0.000760316697627772,0.0,0.0
2015-06-24,1.3272176298252423,-0.006204499569716693,0.0,0.0
2015-06-25,1.3238755893304952,-0.002518080245202281,0.0,0.0
2015-06-26,1.319353059319352,-0.003416129164697579,0.0,0.0
2015-06-29,1.2899476971983668,-0.022287712840227458,0.0,0.0
2015-06-30,1.2935915228317223,0.002824785563995791,0.0,0.0
2015-07-01,1.3039067623007572,0.007974108740643526,0.003015750158438538,3.932268883738328e-06
2015-07-02,1.3034911177783113,-0.00031876859179136297,0.0,0.0
2015-07-06,1.3001269523766283,-0.0025808886273170906,0.0,0.0
2015-07-07,1.3058426315817826,0.00439624699319241,0.0,0.0
2015-07-08,1.2835198951444382,-0.017094507329956432,0.0,0.0
2015-07-09,1.2843199866478792,0.0006233573055374197,0.0,0.0
2015-07-10,1.3022127597210158,0.013931709588852037,0.0,0.0
2015-07-13,1.3208255109382607,0.014293172201163662,0.0,0.0
2015-07-14,1.3280343376619357,0.005457819116890139,0.0,0.0
2015-07-15,1.328539365151129,0.000380281951205097,0.0,0.0
2015-07-16,1.3432731252180576,0.01109019458016025,0.0,0.0
2015-07-17,1.3538066885328353,0.007841713734180189,0.0,0.0
2015-07-20,1.3565082163402522,0.00199550484592792,0.0,0.0
2015-07-21,1.3534461583489796,-0.0022573088422079834,0.0,0.0
2015-07-22,1.3444593291120017,-0.006639960652694565,0.0,0.0
2015-07-23,1.3381826402566346,-0.004668559858566179,0.0,0.0
2015-07-24,1.324688587515534,-0.010083864739504178,0.0,0.0
2015-07-27,1.3153287679265446,-0.007065675417755268,0.0,0.0
2015-07-28,1.3290484833044287,0.010430635832219703,0.0,0.0
2015-07-29,1.3361100915873103,0.005313281171898554,0.0,0.0
2015-07-30,1.3394691188060688,0.0025140347639824867,0.0,0.0
2015-07-31,1.337678113749865,-0.001337100670002922,0.0,0.0
2015-08-03,1.3319996291085423,-0.004245030686346851,1.0,0.0013333329620706135
2015-08-04,1.3291674644249483,-0.0021262503545060873,0.0,0.0
2015-08-05,1.3358242127853215,0.005008208926670754,0.0,0.0
2015-08-06,1.316100421227223,-0.014765259806881703,0.0,0.0
2015-08-07,1.3108558823045555,-0.003984907867271237,0.0,0.0
2015-08-10,1.3258872982281358,0.011466871474196116,0.0,0.0
2015-08-11,1.3116920902460751,-0.01070619501448622,0.0,0.0
2015-08-12,1.3127079640169668,0.0007744757923340284,0.0,0.0
2015-08-13,1.309456332213802,-0.0024770412706376366,0.0,0.0
2015-08-14,1.3146623986508532,0.0039757465056124985,0.0,0.0
2015-08-17,1.3270656854953575,0.009434579445820379,0.0,0.0
2015-08-18,1.3183842390649563,-0.006541836267253576,0.0,0.0
2015-08-19,1.307223258754675,-0.008465650589237206,0.0,0.0
2015-08-20,1.2725826587294486,-0.026499375522301194,0.0,0.0
2015-08-21,1.2372506437738668,-0.027764023588736753,0.0,0.0
2015-08-24,1.1892971241060644,-0.03875812868565942,0.0,0.0
2015-08-25,1.1824619830434013,-0.005747210620559273,0.0,0.0
2015-08-26,1.2271294400045352,0.037774962410351165,0.0,0.0
2015-08-27,1.2536466911031208,0.021609171970063512,0.0,0.0
2015-08-28,1.259678365839058,0.004811303518561294,0.0,0.0
2015-08-31,1.2495746521558182,-0.008020867832011946,0.0,0.0
2015-09-01,1.2109394313113622,-0.030918697636672543,1.0040086150057999,0.0012170155153488375
2015-09-02,1.222806291744017,0.009799714276216065,0.0,0.0
2015-09-03,1.2226779192570103,-0.00010498186660756748,0.0,0.0
2015-09-04,1.2208154718278825,-0.0015232526896858944,0.0,0.0
2015-09-08,1.2290914791471703,0.006779081286458766,0.0,0.0
2015-09-09,1.2248985311132228,-0.0034114206347414244,0.0,0.0
2015-09-10,1.2276009289282095,0.002206221777840467,0.0,0.0
2015-09-11,1.2348467383415995,0.005902414410614787,0.0,0.0
2015-09-14,1.2338719962869362,-0.0007893627803337022,0.0,0.0
2015-09-15,1.2297414799789044,-0.0033476051976718546,0.0,0.0
2015-09-16,1.2311038137433385,0.0011078212670012633,0.0,0.0
2015-09-17,1.2385379012391913,0.006038554517387329,0.0,0.0
2015-09-18,1.2385871286787962,3.9746413537766756e-05,0.0,0.0
2015-09-21,1.2306958838274646,-0.006371166524029026,0.0,0.0
2015-09-22,1.2294915199831848,-0.0009786039427824855,0.0,0.0
2015-09-23,1.229922331443239,0.0003503980735548584,0.0,0.0
2015-09-24,1.2317579644219825,0.0014924787783872073,0.0,0.0
2015-09-25,1.22121309756301,-0.008560827015980155,0.0,0.0
2015-09-28,1.21393473090638,-0.00595994808044098,0.0,0.0
2015-09-29,1.2125479176508902,-0.0011424117130698352,0.0,0.0
2015-09-30,1.2241691233163836,0.009584120756239933,0.0,0.0
2015-10-01,1.228317620053157,0.0033888264764714293,1.0,0.0012295471672203778
2015-10-02,1.2364877100528813,0.006651447366985419,0.0,0.0
2015-10-05,1.2385414850988146,0.0016609748962612692,0.0,0.0
2015-10-06,1.2397140793871992,0.0009467541479171171,0.0,0.0
2015-10-07,1.2448813698489802,0.004168130819595994,0.0,0.0
2015-10-08,1.2451114493054765,0.00018482038696121528,0.0,0.0
2015-10-09,1.2456468354484296,0.00042999053880010685,0.0,0.0
2015-10-12,1.2547913203483392,0.0073411537200409605,0.0,0.0
2015-10-13,1.2508163865414432,-0.003167804671929453,0.0,0.0
2015-10-14,1.251400379317123,0.000466889290837047,0.0,0.0
2015-10-15,1.257031710271041,0.004500023371409867,0.0,0.0
2015-10-16,1.262084300143989,0.0040194609504786705,0.0,0.0
2015-10-19,1.2694591381527056,0.005843379881894872,0.0,0.0
2015-10-20,1.2654462255801677,-0.0031611199225974884,0.0,0.0
2015-10-21,1.2690712425718456,0.0028646155944049845,0.0,0.0
2015-10-22,1.2758571476856344,0.0053471427656313075,0.0,0.0
2015-10-23,1.264207707676974,-0.009130677387975683,0.0,0.0
2015-10-26,1.2681131385832958,0.003089232000885511,0.0,0.0
2015-10-27,1.2694080900392266,0.0010211639770387748,0.0,0.0
2015-10-28,1.2674946871528476,-0.0015073189633759698,0.0,0.0
2015-10-29,1.2568322824762803,-0.008412188851472102,0.0,0.0
2015-10-30,1.255408578350228,-0.0011327717674846083,0.0,0.0
2015-11-02,1.2650975451275868,0.0077177796491492145,1.0,0.0012663639090366241
2015-11-03,1.2609480093978698,-0.003280012474689009,0.0,0.0
2015-11-04,1.2582121357094331,-0.002169695870127941,0.0,0.0
2015-11-05,1.2589822104124624,0.000612038845575924,0.0,0.0
2015-11-06,1.2399643993715905,-0.01510570275225842,0.0,0.0
2015-11-09,1.22284220131624,-0.013808620686229345,0.0,0.0
2015-11-10,1.228064010286428,0.004270223062769141,0.0,0.0
2015-11-11,1.2279890312079096,-6.105469901429572e-05,0.0,0.0
2015-11-12,1.2178090868950404,-0.00828993097996622,0.0,0.0
2015-11-13,1.198844591036861,-0.015572634546956565,0.0,0.0
2015-11-16,1.214387175592075,0.012964636677195607,0.0,0.0
2015-11-17,1.2147736152217203,0.0003182178117591139,0.0,0.0
2015-11-18,1.2318561660949157,0.014062332815878209,0.0,0.0
2015-11-19,1.2341586100030066,0.0018690850210134613,0.0,0.0
2015-11-20,1.246005986930443,0.009599557813243731,0.0,0.0
2015-11-23,1.2455028250443145,-0.0004038197981439673,0.0,0.0
2015-11-24,1.2416947236819555,-0.003057481111874205,0.0,0.0
2015-11-25,1.2447275271857263,0.0024424711210639938,0.0,0.0
2015-11-27,1.2509598587979418,0.0050069846420979225,0.0,0.0
2015-11-30,1.2447853532372646,-0.004935814300716546,0.0,0.0
2015-12-01,1.2583456846678436,0.010893710626746378,1.0,0.0012596052899578017
2015-12-02,1.2476967727214188,-0.00846262841457257,0.0,0.0
2015-12-03,1.226601936965754,-0.016907021174426662,0.0,0.0
2015-12-04,1.2471632838223983,0.016762852101397163,0.0,0.0
2015-12-07,1.2350334920803305,-0.009725905099524312,0.0,0.0
2015-12-08,1.2317293127069902,-0.0026753763315152668,0.0,0.0
2015-12-09,1.2154532862923362,-0.01321396369051564,0.0,0.0
2015-12-10,1.2202338281971674,0.003933135035912416,0.0,0.0
2015-12-11,1.1925918105147892,-0.02265304980375593,0.0,0.0
2015-12-14,1.1929828374267526,0.00032787992380600706,0.0,0.0
2015-12-15,1.2050946073786657,0.010152509803106557,0.0,0.0
2015-12-16,1.2232452928366015,0.01506162698496949,0.0,0.0
2015-12-17,1.2077732512953232,-0.012648355674764189,0.0,0.0
2015-12-18,1.1869231862572356,-0.01726322802374214,0.0,0.0
2015-12-21,1.1980172953666588,0.009346947837801212,0.0,0.0
2015-12-22,1.2074229702164412,0.0078510342765159,0.0,0.0
2015-12-23,1.219475759469308,0.009982242801547914,0.0,0.0
2015-12-24,1.2205049378085384,0.0008439514531048964,0.0,0.0
2015-12-28,1.2173826307069175,-0.0025582093155862573,0.0,0.0
2015-12-29,1.2335655361439115,0.013293195605720731,0.0,0.0
2015-12-30,1.2218069279009298,-0.009532212029641163,0.0,0.0
2015-12-31,1.2065955888559594,-0.012449871332047113,0.0,0.0
2016-01-04,1.1787258507509726,-0.023097828603377946,1.0,0.0011799057565074805
2016-01-05,1.1890760757923324,0.008780858615059284,0.0,0.0
2016-01-06,1.181778625531357,-0.006137076011821119,0.0,0.0
2016-01-07,1.1518606149149677,-0.0253160870995931,0.0,0.0
2016-01-08,1.13937575891064,-0.010838860051873067,0.0,0.0
2016-01-11,1.1443899985085548,0.004400865613209959,0.0,0.0
2016-01-12,1.1470120419995133,0.0022912149655063274,0.0,0.0
2016-01-13,1.119115402019248,-0.024321139585975815,0.0,0.0
2016-01-14,1.1294479036464853,0.009232740080776347,0.0,0.0
2016-01-15,1.1081724206727537,-0.018837064467553177,0.0,0.0
2016-01-19,1.1123496058273536,0.003769436124447134,0.0,0.0
2016-01-20,1.0954175303937106,-0.015221900870858951,0.0,0.0
2016-01-21,1.09902330931914,0.0032916936468356806,0.0,0.0
2016-01-22,1.1302276100434931,0.02839275605872693,0.0,0.0
2016-01-25,1.1183476569426314,-0.010511115633075496,0.0,0.0
2016-01-26,1.1351958378469558,0.015065244514737453,0.0,0.0
2016-01-27,1.110140098621954,-0.022071732814421763,0.0,0.0
2016-01-28,1.113443573621265,0.002975728021545665,0.0,0.0
2016-01-29,1.136504975713912,0.020711783370974457,0.0,0.0
2016-02-01,1.1378316857376423,0.0011673596262935515,1.0122020545501318,0.0011528825200913728
2016-02-02,1.11526437903201,-0.019833607192088487,0.0,0.0
2016-02-03,1.1159434973041047,0.0006089302992748902,0.0,0.0
2016-02-04,1.1167700449017488,0.0007406715480138271,0.0,0.0
2016-02-05,1.0868124603769438,-0.026825204223167254,0.0,0.0
2016-02-08,1.0712066726230804,-0.01435922785468502,0.0,0.0
2016-02-09,1.0696013730467968,-0.0014985899708341854,0.0,0.0
2016-02-10,1.0711473782178969,0.0014454031287340907,0.0,0.0
2016-02-11,1.0633040941451075,-0.007322320188878684,0.0,0.0
2016-02-12,1.0823896578293417,0.01794929953653468,0.0,0.0
2016-02-16,1.1036858823666127,0.019675192185390156,0.0,0.0
2016-02-17,1.1251622024423171,0.019458725003941524,0.0,0.0
2016-02-18,1.1164659918492255,-0.007728850626349981,0.0,0.0
2016-02-19,1.1178364901256377,0.0012275324877044635,0.0,0.0
2016-02-22,1.1349943787580619,0.015349193539473616,0.0,0.0
2016-02-23,1.1185041378906804,-0.014528918535636759,0.0,0.0
2016-02-24,1.126374926350496,0.007036888101870309,0.0,0.0
2016-02-25,1.1387529902787383,0.010989292853266663,0.0,0.0
2016-02-26,1.1367225638907303,-0.0017830261745446219,0.0,0.0
2016-02-29,1.1271599777130854,-0.008412418721516768,0.0,0.0
2016-03-01,1.1561396285180312,0.025710326287261553,1.998001998001998,0.00231459385088695
2016-03-02,1.162991915362341,0.005926867893191412,0.0,0.0
2016-03-03,1.175169956692026,0.010471303513654107,0.0,0.0
2016-03-04,1.1705014302015233,-0.003972639416041646,0.0,0.0
2016-03-07,1.1732664961216699,0.002362291791194515,0.0,0.0
2016-03-08,1.1769093181337444,0.003104854714692795,0.0,0.0
2016-03-09,1.168445045491858,-0.007191949720738444,0.0,0.0
2016-03-10,1.1754834894609112,0.006023769792348643,0.0,0.0
2016-03-11,1.1593738391644979,-0.013704701461865199,0.0,0.0
2016-03-14,1.1536150828826948,-0.004967126294615376,0.0,0.0
2016-03-15,1.154596934803656,0.0008511087758211744,0.0,0.0
2016-03-16,1.1692166714716965,0.012662199445840905,0.0,0.0
2016-03-17,1.1693437459019602,0.00010868338894254315,0.0,0.0
2016-03-18,1.168939769425612,-0.0003454728156403464,0.0,0.0
2016-03-21,1.1603605740771812,-0.00733929632032837,0.0,0.0
2016-03-22,1.1619434672511095,0.0013641390523693175,0.0,0.0
2016-03-23,1.1552169623647908,-0.0057890121816616125,0.0,0.0
2016-03-24,1.1540677323254667,-0.000994817490362676,0.0,0.0
2016-03-28,1.156158289635835,0.0018114684708805395,0.0,0.0
2016-03-29,1.172882109439971,0.014464991475694688,0.0,0.0
2016-03-30,1.158522542375177,-0.012242975614702223,0.0,0.0
2016-03-31,1.1653138846362139,0.005862071744511255,0.0,0.0
2016-04-01,1.1610381169536648,-0.0036691982640230103,1.998001998001998,0.0023244006345418716
2016-04-04,1.1579965735581594,-0.002619675746293071,0.0,0.0
2016-04-05,1.1486055389013474,-0.008109725772293408,0.0,0.0
2016-04-06,1.159408804917254,0.009405549294355664,0.0,0.0
2016-04-07,1.1474379750971018,-0.010324942996276953,0.0,0.0
2016-04-08,1.1502078499221309,0.0024139647502905426,0.0,0.0
2016-04-11,1.1469245599569835,-0.002854518829244368,0.0,0.0
2016-04-12,1.155873595005386,0.0078026361635661345,0.0,0.0
2016-04-13,1.1606711529950955,0.004150590523427589,0.0,0.0
2016-04-14,1.1575332349434237,-0.0027035375554690377,0.0,0.0
2016-04-15,1.1603606563321562,0.0024426265297434746,0.0,0.0
2016-04-18,1.1662389449398671,0.005065915132189902,0.0,0.0
2016-04-19,1.1629393596954043,-0.002829253180730462,0.0,0.0
2016-04-20,1.1535629467411006,-0.008062684331846426,0.0,0.0
2016-04-21,1.1434188834696308,-0.008793679876878402,0.0,0.0
2016-04-22,1.1407382448024639,-0.002344406503968832,0.0,0.0
2016-04-25,1.1454551977317355,0.0041350002516031825,0.0,0.0
2016-04-26,1.1448868224889286,-0.0004962003262393155,0.0,0.0
2016-04-27,1.1399640070746448,-0.0042998271249046205,0.0,0.0
2016-04-28,1.131946238191889,-0.007033352661134362,0.0,0.0
2016-04-29,1.1237291499771138,-0.007259256612664466,0.0,0.0
2016-05-02,1.1366607772535513,0.011507779500692816,1.0,0.0011377985758293805
2016-05-03,1.1362585758701331,-0.0003538446926883987,0.0,0.0
2016-05-04,1.1409383256717203,0.004118560599644772,0.0,0.0
2016-05-05,1.1419341226440056,0.0008727877308347676,0.0,0.0
2016-05-06,1.1534133356751672,0.010052430173977944,0.0,0.0
2016-05-09,1.1481750638740273,-0.0045415391335610344,0.0,0.0
2016-05-10,1.1496282889973763,0.0012656825331545107,0.0,0.0
2016-05-11,1.1422331603285598,-0.006432625866632069,0.0,0.0
2016-05-12,1.1411572878632137,-0.0009419026716372958,0.0,0.0
2016-05-13,1.1384960040425556,-0.0023320920340800244,0.0,0.0
2016-05-16,1.1443822747535788,0.005170216399638106,0.0,0.0
2016-05-17,1.1355133984176702,-0.007749924593876023,0.0,0.0
2016-05-18,1.116777434557721,-0.016499993646977296,0.0,0.0
2016-05-19,1.1094247952563823,-0.006583800024801412,0.0,0.0
2016-05-20,1.1131322926273046,0.003341819460656259,0.0,0.0
2016-05-23,1.1116329770984252,-0.0013469338180285284,0.0,0.0
2016-05-24,1.1090626370654042,-0.0023122200276300964,0.0,0.0
2016-05-25,1.1075869347433343,-0.0013305851921715517,0.0,0.0
2016-05-26,1.1068367454491632,-0.000677318656115089,0.0,0.0
2016-05-27,1.1054873302144934,-0.0012191637476963724,0.0,0.0
2016-05-31,1.1074477171802948,0.0017733237751544895,0.0,0.0
2016-06-01,1.1062656973174707,-0.0010673369446583258,1.0,0.0011073730703878583
2016-06-02,1.113092590551993,0.0061711153577992395,0.0,0.0
2016-06-03,1.123269673099687,0.00914306916969676,0.0,0.0
2016-06-06,1.114777754047462,-0.007560000288079904,0.0,0.0
2016-06-07,1.119503215317465,0.004238926775176788,0.0,0.0
2016-06-08,1.1260814970884478,0.005876072244345609,0.0,0.0
2016-06-09,1.1309836841483893,0.004353314633635641,0.0,0.0
2016-06-10,1.1310983841346611,0.00010141612817182732,0.0,0.0
2016-06-13,1.1337757036125398,0.0023670084896521004,0.0,0.0
2016-06-14,1.1318981239403711,-0.001656041548770304,0.0,0.0
2016-06-15,1.1393879343298003,0.006617035783534675,0.0,0.0
2016-06-16,1.1453574801551516,0.005239256661834446,0.0,0.0
2016-06-17,1.1408280608404582,-0.003954590067443253,0.0,0.0
2016-06-20,1.1354707970079034,-0.004695943250736634,0.0,0.0
2016-06-21,1.1350005289985545,-0.000414161254158274,0.0,0.0
2016-06-22,1.1350674272386074,5.89411531921602e-05,0.0,0.0
2016-06-23,1.1314440497324028,-0.003192213448516945,0.0,0.0
2016-06-24,1.1414345919793594,0.008829903917316528,0.0,0.0
2016-06-27,1.1562125133898595,0.01294679652635522,0.0,0.0
2016-06-28,1.169372164933954,0.011381689258415095,0.0,0.0
2016-06-29,1.171832394980921,0.0021038896946090624,0.0,0.0
2016-06-30,1.1800602311151047,0.007021342104403638,0.0,0.0
2016-07-01,1.1884332604169365,0.00709542536987251,0.00514592257438527,6.11561701342134e-06
2016-07-05,1.2024384160897057,0.011784553781216012,0.0,0.0
2016-07-06,1.2007981329475057,-0.001364130686654308,0.0,0.0
2016-07-07,1.1945921927435441,-0.005168179424736685,0.0,0.0
2016-07-08,1.2086110447332241,0.01173526168581751,0.0,0.0
2016-07-11,1.2073041227809438,-0.0010813420562185705,0.0,0.0
2016-07-12,1.1973449360838921,-0.008249111809633614,0.0,0.0
2016-07-13,1.2076698466332108,0.008623171350344405,0.0,0.0
2016-07-14,1.1935358321935776,-0.011703541724616628,0.0,0.0
2016-07-15,1.1886637136259386,-0.004082088225775937,0.0,0.0
2016-07-18,1.1897220507287418,0.0008903587201924967,0.0,0.0
2016-07-19,1.1959666843572803,0.005248817255016247,0.0,0.0
2016-07-20,1.1928213470800915,-0.0026299539262493177,0.0,0.0
2016-07-21,1.1952106873746762,0.0020030998778095555,0.0,0.0
2016-07-22,1.2015847099671024,0.00533296987699039,0.0,0.0
2016-07-25,1.2000231807361983,-0.0012995581734281947,0.0,0.0
2016-07-26,1.1979381478379914,-0.0017374938515168914,0.0,0.0
2016-07-27,1.200494639786025,0.002134076748993685,0.0,0.0
2016-07-28,1.205023242333613,0.0037722805229642997,0.0,0.0
2016-07-29,1.2177399110704599,0.010553048514002183,0.0,0.0
2016-08-01,1.2113791437611245,-0.005223420248864019,1.0,0.001212591735496621
2016-08-02,1.206625614259671,-0.003924064175890196,0.0,0.0
2016-08-03,1.200254570083237,-0.0052800504987977614,0.0,0.0
2016-08-04,1.198866896565291,-0.001156149330762135,0.0,0.0
2016-08-05,1.1883847286736784,-0.008743395886268712,0.0,0.0
2016-08-08,1.1889152812448662,0.00044644849297248435,0.0,0.0
2016-08-09,1.1945559573427942,0.004744388592618387,0.0,0.0
2016-08-10,1.1967142804685706,0.0018067995161796802,0.0,0.0
2016-08-11,1.1858093102274858,-0.009112425930786983,0.0,0.0
2016-08-12,1.1870281197063057,0.0010278292372203346,0.0,0.0
2016-08-15,1.1885020147997283,0.0012416682207891938,0.0,0.0
2016-08-16,1.1843944798223132,-0.003456060592465393,0.0,0.0
2016-08-17,1.1868887180352052,0.0021059184717462376,0.0,0.0
2016-08-18,1.187590542682757,0.0005913146168528005,0.0,0.0
2016-08-19,1.1785206659421856,-0.007637208629232339,0.0,0.0
2016-08-22,1.1807680904424438,0.0019069877730666374,0.0,0.0
2016-08-23,1.1810012656194224,0.000197477539294999,0.0,0.0
2016-08-24,1.171795809719827,-0.007794619842991568,0.0,0.0
2016-08-25,1.1738949957297602,0.0017914264520497714,0.0,0.0
2016-08-26,1.167298663228884,-0.00561918444568843,0.0,0.0
2016-08-29,1.1741578496483793,0.005876119484727216,0.0,0.0
2016-08-30,1.1670938063793899,-0.006016263717101511,0.0,0.0
2016-08-31,1.166510057716026,-0.0005001728739996159,0.0,0.0
2016-09-01,1.1662890863633883,-0.0001894294448435696,1.005054853870536,0.001173363802250564
2016-09-02,1.1665920586235972,0.0002597745822636721,0.0,0.0
2016-09-06,1.1753399000379692,0.007498629319226735,0.0,0.0
2016-09-07,1.1784713197703005,0.0026642673597911948,0.0,0.0
2016-09-08,1.1638758883983944,-0.012385054372601068,0.0,0.0
2016-09-09,1.1310795079211524,-0.028178589146969024,0.0,0.0
2016-09-12,1.1380738437554863,0.006183770270216327,0.0,0.0
2016-09-13,1.1172780474579316,-0.018272800496786257,0.0,0.0
2016-09-14,1.1198989259297498,0.0023457710260945674,0.0,0.0
2016-09-15,1.119596708730214,-0.0002698611388387562,0.0,0.0
2016-09-16,1.1243670785375266,0.004260792989220885,0.0,0.0
2016-09-19,1.1276256775280362,0.0028981629333617587,0.0,0.0
2016-09-20,1.128726489571846,0.0009762211572044155,0.0,0.0
2016-09-21,1.1405517354806585,0.010476626550421475,0.0,0.0
2016-09-22,1.1553124002270567,0.012941688033272447,0.0,0.0
2016-09-23,1.1565564383175024,0.0010767980073624894,0.0,0.0
2016-09-26,1.1615753493594208,0.0043395297243078446,0.0,0.0
2016-09-27,1.159570603202262,-0.001725885590000198,0.0,0.0
2016-09-28,1.1630821915591598,0.0030283523462912854,0.0,0.0
2016-09-29,1.156735624953031,-0.005456679375015594,0.0,0.0
2016-09-30,1.1475926090690343,-0.007904153452841012,0.0,0.0
2016-10-03,1.1338387214510282,-0.01198499145891474,1.0066259960083812,0.0011425016041086882
2016-10-04,1.106434451044262,-0.02416946068987269,0.0,0.0
2016-10-05,1.094252534997774,-0.011010065743154107,0.0,0.0
2016-10-06,1.0893858549731013,-0.004447492575087142,0.0,0.0
2016-10-07,1.0888151518274323,-0.0005238760381032215,0.0,0.0
2016-10-10,1.0941118795308227,0.004864671192810421,0.0,0.0
2016-10-11,1.086024325590894,-0.007391889340783719,0.0,0.0
2016-10-12,1.0931441443595227,0.006555855703098468,0.0,0.0
2016-10-13,1.0987851490088358,0.005160348411890503,0.0,0.0
2016-10-14,1.0932901289840515,-0.005000995899645311,0.0,0.0
2016-10-17,1.0959365652430526,0.0024206166221041325,0.0,0.0
2016-10-18,1.1028140848897947,0.006275472381211067,0.0,0.0
2016-10-19,1.1071342542913327,0.003917404992129558,0.0,0.0
2016-10-20,1.1041950243756409,-0.0026548089396558616,0.0,0.0
2016-10-21,1.1025376292027782,-0.0015009985883606136,0.0,0.0
2016-10-24,1.1025815363162046,3.982368697763583e-05,0.0,0.0
2016-10-25,1.1056991307695863,0.0028275409579210375,0.0,0.0
2016-10-26,1.0953635057169397,-0.009347592636210877,0.0,0.0
2016-10-27,1.0819724416360534,-0.01222522387407965,0.0,0.0
2016-10-28,1.0858163368849536,0.003552673895360847,0.0,0.0
2016-10-31,1.0961698528753216,0.0095352368892061,0.0,0.0
2016-11-01,1.0868006328218685,-0.008547233833221313,1.0,0.0010878885213432116
2016-11-02,1.093194374262247,0.005883085864403004,0.0,0.0
2016-11-03,1.091927116007874,-0.0011592250053684694,0.0,0.0
2016-11-04,1.0971783937418442,0.004809183375873216,0.0,0.0
2016-11-07,1.0826150512170662,-0.01327344997663582,0.0,0.0
2016-11-08,1.0781585857097231,-0.004116389756759098,0.0,0.0
2016-11-09,1.0549087885971975,-0.021564357433763726,0.0,0.0
2016-11-10,1.0392631235485652,-0.014831296523216686,0.0,0.0
2016-11-11,1.0246678455515912,-0.01404387172628474,0.0,0.0
2016-11-14,1.0172564053662416,-0.007233017233364891,0.0,0.0
2016-11-15,1.0242171033557546,0.00684261898258276,0.0,0.0
2016-11-16,1.027230046812165,0.002941703908808657,0.0,0.0
2016-11-17,1.0170659097682724,-0.009894703796326065,0.0,0.0
2016-11-18,1.0110980847426436,-0.005867687598523963,0.0,0.0
2016-11-21,1.014246170364123,0.0031135313863053238,0.0,0.0
2016-11-22,1.0139033493392935,-0.0003380057375089729,0.0,0.0
2016-11-23,1.001814716263619,-0.011922865314087372,0.0,0.0
2016-11-25,0.9997274514768265,-0.0020834838547563184,0.0,0.0
2016-11-28,1.0086879575943564,0.008962948956031003,0.0,0.0
2016-11-29,1.0084566695374626,-0.00022929594346043913,0.0,0.0
2016-11-30,0.9935143680662051,-0.014816999007117415,0.0,0.0
2016-12-01,0.9863310281061632,-0.00723023258739941,1.0,0.0009873183464526158
2016-12-02,0.988720413369534,0.0024224983248863907,0.0,0.0
2016-12-05,0.9945397883272471,0.0058857639419831465,0.0,0.0
2016-12-06,0.9994758178530675,0.004963129262151034,0.0,0.0
2016-12-07,1.0061770080633607,0.006704704696795849,0.0,0.0
2016-12-08,1.0130856718912882,0.0068662509405028604,0.0,0.0
2016-12-09,1.0089292479687986,-0.004102736854159739,0.0,0.0
2016-12-12,1.0052888669924636,-0.003608162796017611,0.0,0.0
2016-12-13,1.0036904355288274,-0.0015900220485065564,0.0,0.0
2016-12-14,0.990088763062889,-0.013551660934949528,0.0,0.0
2016-12-15,0.987303953144935,-0.0028126871264946285,0.0,0.0
2016-12-16,0.9895017374154422,0.0022260462581016327,0.0,0.0
2016-12-19,0.9952407619074104,0.005799913506931764,0.0,0.0
2016-12-20,0.9960715345020197,0.0008347453464596644,0.0,0.0
2016-12-21,0.9929476858812343,-0.003136168952310392,0.0,0.0
2016-12-22,0.9873480061129611,-0.005639450947814484,0.0,0.0
2016-12-23,0.9915736041895429,0.004279745389082601,0.0,0.0
2016-12-27,0.9966653878850817,0.005135053690442426,0.0,0.0
2016-12-28,0.9926986959337656,-0.003979963586107305,0.0,0.0
2016-12-29,0.9994749341989404,0.006826077532821717,0.0,0.0
2016-12-30,0.9945023326082705,-0.004975213905344611,0.0,0.0
2017-01-03,0.9998370541661,0.005364212212392028,1.0,0.0010008378920581583
2017-01-04,1.011148067436751,0.011312856653512116,0.0,0.0
2017-01-05,1.0048832733462536,-0.006195723744375603,0.0,0.0
2017-01-06,1.004836673262398,-4.6373628750484563e-05,0.0,0.0
2017-01-09,0.9998887597894578,-0.0049240972235574665,0.0,0.0
2017-01-10,1.0046473486276337,0.0047591182434914,0.0,0.0
2017-01-11,1.0069535546570787,0.002295537864699826,0.0,0.0
2017-01-12,1.0018148950320265,-0.005103174422778856,0.0,0.0
2017-01-13,1.0065840163640092,0.004760481557653629,0.0,0.0
2017-01-17,0.9979841569759518,-0.00854360813230659,0.0,0.0
2017-01-18,1.000716997966788,0.0027383610969509142,0.0,0.0
2017-01-19,0.994794737464149,-0.005918017296270173,0.0,0.0
2017-01-20,0.9991823023266475,0.004410522791548743,0.0,0.0
2017-01-23,0.9958071156365551,-0.0033779488309921835,0.0,0.0
2017-01-24,1.0065874967308601,0.010825772305727899,0.0,0.0
2017-01-25,1.015681903624055,0.009034889587572925,0.0,0.0
2017-01-26,1.0131199407050624,-0.0025224067789838545,0.0,0.0
2017-01-27,1.010587404188915,-0.0024997400745907505,0.0,0.0
2017-01-30,1.0004268074519775,-0.01005414939353233,0.0,0.0
2017-01-31,1.0038499232239582,0.0034216553839645503,0.0,0.0
2017-02-01,1.002745221761102,-0.0011004647580271643,1.005616773006919,0.0010093924760599792
2017-02-02,1.0010443347088467,-0.0016962305233108044,0.0,0.0
2017-02-03,1.0101255548376353,0.009071746189373231,0.0,0.0
2017-02-06,1.0069038790257865,-0.0031893815540253723,0.0,0.0
2017-02-07,1.0065167817031837,-0.0003844431734411069,0.0,0.0
2017-02-08,1.0064659261335427,-5.052630076862741e-05,0.0,0.0
2017-02-09,1.0153529242439914,0.008829904599541916,0.0,0.0
2017-02-10,1.0208900445281395,0.005453394728016203,0.0,0.0
2017-02-13,1.0251035174273317,0.004127254371590672,0.0,0.0
2017-02-14,1.0285288988602894,0.0033414980777299874,0.0,0.0
2017-02-15,1.0346457648980256,0.005947198998991876,0.0,0.0
2017-02-16,1.0330391679850193,-0.001552799003787242,0.0,0.0
2017-02-17,1.0349440057267087,0.0018439162819015031,0.0,0.0
2017-02-21,1.0415454801241428,0.006378581218796198,0.0,0.0
2017-02-22,1.039445347137395,-0.0020163622490085853,0.0,0.0
2017-02-23,1.0344076912649334,-0.004846484604828172,0.0,0.0
2017-02-24,1.0350357592216926,0.0006071764180244354,0.0,0.0
2017-02-27,1.0406835673100976,0.005456630882639146,0.0,0.0
2017-02-28,1.031071837152318,-0.009235977639796444,0.0,0.0
2017-03-01,1.0460917455685137,0.014567276376861171,0.004488703059072693,4.69561629563136e-06
2017-03-02,1.0374657668381149,-0.008245910329510275,0.0,0.0
2017-03-03,1.0380480781654695,0.0005612824499543478,0.0,0.0
2017-03-06,1.0333538773324014,-0.0045221420200152185,0.0,0.0
2017-03-07,1.029124682290232,-0.0040926880277325495,0.0,0.0
2017-03-08,1.026686195229507,-0.00236947680168198,0.0,0.0
2017-03-09,1.02507179661967,-0.001572436268587385,0.0,0.0
2017-03-10,1.0294962710495867,0.004316258085050206,0.0,0.0
2017-03-13,1.0315644008104898,0.0020088754268090536,0.0,0.0
2017-03-14,1.027868765674619,-0.0035825539665454986,0.0,0.0
2017-03-15,1.038917374330118,0.010749046010992913,0.0,0.0
2017-03-16,1.0392302509479565,0.00030115640143191236,0.0,0.0
2017-03-17,1.0410963393507016,0.0017956448063773944,0.0,0.0
2017-03-20,1.0393389085971383,-0.0016880577590536738,0.0,0.0
2017-03-21,1.0168677427973936,-0.02162063366806455,0.0,0.0
2017-03-22,1.0204885198401334,0.0035607158043771125,0.0,0.0
2017-03-23,1.022079261248519,0.0015588038252842829,0.0,0.0
2017-03-24,1.0235182872205133,0.0014079397034594265,0.0,0.0
2017-03-27,1.0252903013060766,0.0017312969467067063,0.0,0.0
2017-03-28,1.0324042271532967,0.006938450347338643,0.0,0.0
2017-03-29,1.0364809317025736,0.003948748408864722,0.0,0.0
2017-03-30,1.0412075794906346,0.004560284365576095,0.0,0.0
2017-03-31,1.0416711040555244,0.0004451797835707261,0.0,0.0
2017-04-03,1.0359139009804172,-0.005526891408135226,0.018527408055064865,1.919315515279572e-05
2017-04-04,1.0361269405555733,0.00020565374685532767,0.0,0.0
2017-04-05,1.0281490130383686,-0.007699758789137312,0.0,0.0
2017-04-06,1.0331825924984166,0.00489576841120809,0.0,0.0
2017-04-07,1.0326799920339038,-0.0004864585100078367,0.0,0.0
2017-04-10,1.0340180823299443,0.0012957453483775083,0.0,0.0
2017-04-11,1.0358986872453628,0.0018187350371872135,0.0,0.0
2017-04-12,1.0267416108259295,-0.008839741310787463,0.0,0.0
2017-04-13,1.0196795617933638,-0.006878117101813852,0.0,0.0
2017-04-17,1.0298860103335583,0.010009466623263297,0.0,0.0
2017-04-18,1.029217201352989,-0.0006494009762815223,0.0,0.0
2017-04-19,1.03182884169003,0.002537501640672124,0.0,0.0
2017-04-20,1.042722639272784,0.010557756424903753,0.0,0.0
2017-04-21,1.0414248237027612,-0.001244641212478026,0.0,0.0
2017-04-24,1.0541997791609967,0.012266805214815601,0.0,0.0
2017-04-25,1.06313794628019,0.008478627387217719,0.0,0.0
2017-04-26,1.0651356159529315,0.0018790314838550426,0.0,0.0
2017-04-27,1.0681545338297198,0.0028343037558531403,0.0,0.0
2017-04-28,1.0618978358262232,-0.00585748391767249,0.0,0.0
2017-05-01,1.069676164937199,0.007324931691685688,0.004300486602181208,4.600147798859121e-06
2017-05-02,1.0678578128701228,-0.001699908931955152,0.0,0.0
2017-05-03,1.0628539006164641,-0.004685934956274229,0.0,0.0
2017-05-04,1.0623219843000888,-0.0005004604264675638,0.0,0.0
2017-05-05,1.0676744736370938,0.005038481191304234,0.0,0.0
2017-05-08,1.0666259798724185,-0.000982035058966546,0.0,0.0
2017-05-09,1.0682679054147364,0.0015393639132195158,0.0,0.0
2017-05-10,1.071868765289353,0.003370746098768862,0.0,0.0
2017-05-11,1.0677300581063025,-0.0038612070032036927,0.0,0.0
2017-05-12,1.0661471797822615,-0.0014824705102415292,0.0,0.0
2017-05-15,1.0719541374402592,0.005446675438548487,0.0,0.0
2017-05-16,1.0744065784791115,0.002287822727853328,0.0,0.0
2017-05-17,1.046265640141032,-0.02619207560876513,0.0,0.0
2017-05-18,1.052778050271838,0.006224432764444288,0.0,0.0
2017-05-19,1.0575247248589292,0.004508713480363191,0.0,0.0
2017-05-22,1.0655650328116835,0.0076029503270731436,0.0,0.0
2017-05-23,1.0678313087799645,0.002126830271730107,0.0,0.0
2017-05-24,1.0706704198281103,0.0026587636312982443,0.0,0.0
2017-05-25,1.0756538338641808,0.004654479981683446,0.0,0.0
2017-05-26,1.0764750900234028,0.0007634948469172897,0.0,0.0
2017-05-30,1.072813040670181,-0.0034018895440879326,0.0,0.0
2017-05-31,1.072082894087924,-0.0006805907036709913,0.0,0.0
2017-06-01,1.084262294738474,0.011360502735109579,0.019890983849228622,2.156747279122383e-05
2017-06-02,1.093966028954005,0.008949618798532066,0.0,0.0
2017-06-05,1.0904567083069345,-0.00320788813746431,0.0,0.0
2017-06-06,1.087770855967074,-0.0024630527002127423,0.0,0.0
2017-06-07,1.090418643646974,0.0024341410374946193,0.0,0.0
2017-06-08,1.0984049632332256,0.0073240856920244735,0.0,0.0
2017-06-09,1.0875315948197999,-0.009899234596882356,0.0,0.0
2017-06-12,1.083768054369294,-0.0034606263104746127,0.0,0.0
2017-06-13,1.0908960440974582,0.006577043583658959,0.0,0.0
2017-06-14,1.0852868332748664,-0.00514183808158597,0.0,0.0
2017-06-15,1.0801080225990927,-0.0047718359027231205,0.0,0.0
2017-06-16,1.0764356049877069,-0.0034000466014026953,0.0,0.0
2017-06-19,1.0893464783950173,0.011994097322206132,0.0,0.0
2017-06-20,1.0795510551458687,-0.008992018098392895,0.0,0.0
2017-06-21,1.0834745746552863,0.00363439921689257,0.0,0.0
2017-06-22,1.085389173594396,0.0017670917102219352,0.0,0.0
2017-06-23,1.0910871568466463,0.005249714471889266,0.0,0.0
2017-06-26,1.0892207483030667,-0.001710595282757854,0.0,0.0
2017-06-27,1.0746098553991628,-0.013414078759210857,0.0,0.0
2017-06-28,1.0905860712015216,0.014866991701304011,0.0,0.0
2017-06-29,1.0779958095727187,-0.01154449149981529,0.0,0.0
2017-06-30,1.0773288884277976,-0.0006186676599284624,0.0,0.0
2017-07-03,1.0763436160734177,-0.000914551131936836,0.030163064844526525,3.2466801584856235e-05
2017-07-05,1.0797070767162298,0.003124894868687278,0.0,0.0
2017-07-06,1.0678043118501712,-0.01102406858558258,0.0,0.0
2017-07-07,1.0787482745518822,0.010249034003944502,0.0,0.0
2017-07-10,1.079984568841284,0.001146045206807278,0.0,0.0
2017-07-11,1.0830850460063224,0.0028708532089165573,0.0,0.0
2017-07-12,1.0937131279826424,0.00981278618471304,0.0,0.0
2017-07-13,1.095394585387673,0.0015373843122208353,0.0,0.0
2017-07-14,1.1006938921310234,0.004837806224389007,0.0,0.0
2017-07-17,1.102225825884481,0.0013917890926893328,0.0,0.0
2017-07-18,1.1045723382204278,0.002128885279986781,0.0,0.0
2017-07-19,1.113254740710959,0.007860419992518963,0.0,0.0
2017-07-20,1.1143859619177459,0.0010161386836444741,0.0,0.0
2017-07-21,1.1116768179316443,-0.0024310643517434505,0.0,0.0
2017-07-24,1.1150452904604822,0.003030082551424673,0.0,0.0
2017-07-25,1.1185277586716058,0.0031231630149171075,0.0,0.0
2017-07-26,1.117342201053607,-0.0010599268626170222,0.0,0.0
2017-07-27,1.110285027782677,-0.0063160357357623376,0.0,0.0
2017-07-28,1.1083654439898125,-0.0017289108155390531,0.0,0.0
2017-07-31,1.1042434168964395,-0.0037190144421453963,0.0,0.0
2017-08-01,1.1065462048990258,0.002085398896068069,0.02531768458478579,2.8015897091770913e-05
2017-08-02,1.1020006307183219,-0.004107893697144482,0.0,0.0
2017-08-03,1.0971108692575164,-0.004437167570056744,0.0,0.0
2017-08-04,1.1007665400538484,0.0033320887603693894,0.0,0.0
2017-08-07,1.1051708747634288,0.004001152423623644,0.0,0.0
2017-08-08,1.1024907089803464,-0.002425114382114124,0.0,0.0
2017-08-09,1.0970361900243542,-0.00494745117719575,0.0,0.0
2017-08-10,1.0752938054578944,-0.019819204474901597,0.0,0.0
2017-08-11,1.0801983327935127,0.0045611044262734435,0.0,0.0
2017-08-14,1.0953287027688754,0.014007029557464579,0.0,0.0
2017-08-15,1.0912654836133238,-0.003709588861572133,0.0,0.0
2017-08-16,1.0923848446097701,0.0010257458091134097,0.0,0.0
2017-08-17,1.0712207097623934,-0.019374247960147417,0.0,0.0
2017-08-18,1.070796592920197,-0.00039591919604542447,0.0,0.0
2017-08-21,1.0697517802513459,-0.0009757340243321533,0.0,0.0
2017-08-22,1.0837350260488976,0.013071486353840145,0.0,0.0
2017-08-23,1.080911484403996,-0.0026053800763418122,0.0,0.0
2017-08-24,1.0809313515176493,1.8379963521608644e-05,0.0,0.0
2017-08-25,1.0812970286067392,0.00033829816165154014,0.0,0.0
2017-08-28,1.0852562206341352,0.0036615212311250644,0.0,0.0
2017-08-29,1.0875315225276798,0.0020965573385196556,0.0,0.0
2017-08-30,1.0974400781988434,0.009111051464635977,0.0,0.0
2017-08-31,1.1087208463815168,0.010279165493197517,0.0,0.0
2017-09-01,1.1099220777334708,0.0010834389520810728,0.9999999999999998,0.0011110331108443155
2017-09-05,1.101214902802976,-0.007844852449710116,0.0,0.0
2017-09-06,1.106283785799591,0.004602991644694354,0.0,0.0
2017-09-07,1.1121324507473438,0.005286767304037987,0.0,0.0
2017-09-08,1.1074261999714352,-0.004231735862707753,0.0,0.0
2017-09-11,1.1181263097789418,0.009662142549799357,0.0,0.0
2017-09-12,1.1211965445539342,0.0027458747264426098,0.0,0.0
2017-09-13,1.1188915924183047,-0.0020557966815234474,0.0,0.0
2017-09-14,1.116616767686216,-0.002033105572964433,0.0,0.0
2017-09-15,1.1190142716267946,0.0021471143994609143,0.0,0.0
2017-09-18,1.1190322443804521,1.6061237209541446e-05,0.0,0.0
2017-09-19,1.1226358169412582,0.0032202580210736187,0.0,0.0
2017-09-20,1.1196788317873705,-0.002633966518139741,0.0,0.0
2017-09-21,1.1151284518596274,-0.00406400460431966,0.0,0.0
2017-09-22,1.1163349643081848,0.0010819493005898018,0.0,0.0
2017-09-25,1.1073138565014862,-0.008081004443222128,0.0,0.0
2017-09-26,1.1074803817741896,0.00015038669635147883,0.0,0.0
2017-09-27,1.1128089970706974,0.004811476017273719,0.0,0.0
2017-09-28,1.1141097807457672,0.0011689190853900744,0.0,0.0
2017-09-29,1.1213850054107537,0.006530078804367623,0.0,0.0
2017-10-02,1.120250866807872,-0.001011373076516553,1.0098976945877194,0.001132482459173845
2017-10-03,1.122675657918768,0.0021645072391736075,0.0,0.0
2017-10-04,1.121422013685005,-0.0011166575358790842,0.0,0.0
2017-10-05,1.1284548021032652,0.006271312969102771,0.0,0.0
2017-10-06,1.128440726457792,-1.2473379923494399e-05,0.0,0.0
2017-10-09,1.1254712206704593,-0.002631512420376736,0.0,0.0
2017-10-10,1.1275000760348446,0.0018026719183246165,0.0,0.0
2017-10-11,1.1287818342736324,0.0011368143258096985,0.0,0.0
2017-10-12,1.1273326583710834,-0.0012838405602810798,0.0,0.0
2017-10-13,1.128517378858378,0.0010509058515224545,0.0,0.0
2017-10-16,1.1299947017051073,0.0013090829387347735,0.0,0.0
2017-10-17,1.1291196411632856,-0.0007743934909617556,0.0,0.0
2017-10-18,1.1310782582033494,0.0017346408375695788,0.0,0.0
2017-10-19,1.128103326787473,-0.002630172929503516,0.0,0.0
2017-10-20,1.1322188106031505,0.0036481443835445493,0.0,0.0
2017-10-23,1.1243045634634414,-0.00699003325646308,0.0,0.0
2017-10-24,1.126424055410426,0.0018851581820991115,0.0,0.0
2017-10-25,1.1215807253026269,-0.004299739591440366,0.0,0.0
2017-10-26,1.1209301592115226,-0.0005800439294538773,0.0,0.0
2017-10-27,1.1412436343388057,0.01812198107112395,0.0,0.0
2017-10-30,1.136651862235361,-0.004023481021302788,0.0,0.0
2017-10-31,1.142765819888809,0.005378918432794588,0.0,0.0
2017-11-01,1.1388449566258818,-0.0034310295203865415,0.027699170143571025,3.154593401692128e-05
2017-11-02,1.1394492378002967,0.0005306088163268274,0.0,0.0
2017-11-03,1.1445308512132202,0.004459710221697444,0.0,0.0
2017-11-06,1.1471304123393744,0.002271289693413392,0.0,0.0
2017-11-07,1.1406316617923977,-0.005665223829018351,0.0,0.0
2017-11-08,1.1437207287699516,0.0027082072863904294,0.0,0.0
2017-11-09,1.1386914523327905,-0.004397294121415429,0.0,0.0
2017-11-10,1.138231598077593,-0.00040384447802377377,0.0,0.0
2017-11-13,1.1390964910510422,0.0007598567593010142,0.0,0.0
2017-11-14,1.1354635920859086,-0.0031892811484138806,0.0,0.0
2017-11-15,1.1305408684862162,-0.00433543059769026,0.0,0.0
2017-11-16,1.1460595321373606,0.013726760423905526,0.0,0.0
2017-11-17,1.1464621721859927,0.0003513255963947248,0.0,0.0
2017-11-20,1.1501605856553658,0.0032259358913877545,0.0,0.0
2017-11-21,1.1624035389220402,0.010644559915690577,0.0,0.0
2017-11-22,1.1623470538929832,-4.859330444684229e-05,0.0,0.0
2017-11-24,1.164711407170211,0.0020341199036113533,0.0,0.0
2017-11-27,1.162682851862473,-0.0017416806388687034,0.0,0.0
2017-11-28,1.173282142965249,0.009116235855544996,0.0,0.0
2017-11-29,1.1650205770809006,-0.007041414491717024,0.0,0.0
2017-11-30,1.17092505007036,0.005068127641362219,0.0,0.0
2017-12-01,1.1648603957808121,-0.0051793701818776405,1.0069640552728045,0.0011741548797213337
2017-12-04,1.1560647143268183,-0.007550845994809485,0.0,0.0
2017-12-05,1.1551906294422307,-0.0007560864662291555,0.0,0.0
2017-12-06,1.1566242498185586,0.0012410249354430913,0.0,0.0
2017-12-07,1.1600858025296306,0.0029928066194486735,0.0,0.0
2017-12-08,1.1657355283097743,0.004870093029174516,0.0,0.0
2017-12-11,1.1717608742069408,0.005168707439072939,0.0,0.0
2017-12-12,1.1717199607589266,-3.491620936890705e-05,0.0,0.0
2017-12-13,1.175103055303797,0.0028872893337750227,0.0,0.0
2017-12-14,1.1714353479777113,-0.0031211792953236284,0.0,0.0
2017-12-15,1.1779413445568765,0.005553867390459599,0.0,0.0
2017-12-18,1.189847202061991,0.010107343256207102,0.0,0.0
2017-12-19,1.1841301363600243,-0.004804873846036006,0.0,0.0
2017-12-20,1.1824760922422295,-0.0013968431906304923,0.0,0.0
2017-12-21,1.1846589162152978,0.0018459772568673039,0.0,0.0
2017-12-22,1.1854961901415186,0.0007067637062114773,0.0,0.0
2017-12-26,1.182116525692924,-0.0028508437873521197,0.0,0.0
2017-12-27,1.1832875497444424,0.0009906164291477726,0.0,0.0
2017-12-28,1.1843425801909975,0.0008916095219484443,0.0,0.0
2017-12-29,1.1810995186737778,-0.0027382799296945537,0.0,0.0
2018-01-02,1.1957944909809417,0.012441773173918813,0.0014412616216051223,1.7234551911279211e-06
2018-01-03,1.2044742021871784,0.007258530852668921,0.0,0.0
2018-01-04,1.2121144873678016,0.00634325348500564,0.0,0.0
2018-01-05,1.2215648523246285,0.007796594344276153,0.0,0.0
2018-01-08,1.223772510166838,0.00180723752652856,0.0,0.0
2018-01-09,1.2244855830395955,0.000582684172780068,0.0,0.0
2018-01-10,1.2218702793183522,-0.0021358387207395246,0.0,0.0
2018-01-11,1.2302786664576066,0.006881571048561019,0.0,0.0
2018-01-12,1.2409677218136943,0.008688320498042135,0.0,0.0
2018-01-16,1.2386038713626288,-0.0019048444286775545,0.0,0.0
2018-01-17,1.2484888826974698,0.007980768963660845,0.0,0.0
2018-01-18,1.247842348859248,-0.0005178531000010755,0.0,0.0
2018-01-19,1.253264746947209,0.004345419189305311,0.0,0.0
2018-01-22,1.2631875724187278,0.007917581257822492,0.0,0.0
2018-01-23,1.2704567257197141,0.00575461115966136,0.0,0.0
2018-01-24,1.2674047729045697,-0.0024022485405125193,0.0,0.0
2018-01-25,1.2647303432059784,-0.0021101622431657363,0.0,0.0
2018-01-26,1.28003442402927,0.012100667075399807,0.0,0.0
2018-01-29,1.2710789491713914,-0.006996276576444527,0.0,0.0
2018-01-30,1.2605638070342216,-0.008272611346466396,0.0,0.0
2018-01-31,1.2623602838128556,0.0014251375206946193,0.0,0.0
2018-02-01,1.2586923043456366,-0.002905651828763345,0.006788313876705195,8.544456438543745e-06
2018-02-02,1.2333913769754263,-0.020100962946113854,0.0,0.0
2018-02-05,1.1832365346329852,-0.04066417463160232,0.0,0.0
2018-02-06,1.2105801869092012,0.02310920215516954,0.0,0.0
2018-02-07,1.1963372392093143,-0.011765389731225762,0.0,0.0
2018-02-08,1.155454293302637,-0.03417342916926813,0.0,0.0
2018-02-09,1.167848618283143,0.01072679815406552,0.0,0.0
2018-02-12,1.1871515093884084,0.016528590095557627,0.0,0.0
2018-02-13,1.1884394826424738,0.0010849274451321111,0.0,0.0
2018-02-14,1.2100967723939198,0.01822330044378151,0.0,0.0
2018-02-15,1.225152102620815,0.012441426644838938,0.0,0.0
2018-02-16,1.225099080180292,-4.327825125516327e-05,0.0,0.0
2018-02-20,1.220641317106762,-0.0036386959599005175,0.0,0.0
2018-02-21,1.215990428045513,-0.003810201240994293,0.0,0.0
2018-02-22,1.219060238170806,0.002524534777981202,0.0,0.0
2018-02-23,1.2364471852982701,0.014262582424600323,0.0,0.0
2018-02-26,1.250497256537078,0.011363260320268687,0.0,0.0
2018-02-27,1.2334970178472835,-0.013594782876111378,0.0,0.0
2018-02-28,1.2237557660968166,-0.007897264127535109,0.0,0.0
2018-03-01,1.2034687277128742,-0.01657768563464923,0.024191854761513226,2.911484501295528e-05
2018-03-02,1.2118672676750462,0.0069786108843334915,0.0,0.0
2018-03-05,1.2218213280951618,0.008213820676262973,0.0,0.0
2018-03-06,1.2279893423778387,0.005048212975863775,0.0,0.0
2018-03-07,1.2292418198926978,0.001019941681605907,0.0,0.0
2018-03-08,1.2339508010351725,0.0038308012843932815,0.0,0.0
2018-03-09,1.2499428291778112,0.012960020877025968,0.0,0.0
2018-03-12,1.2540054493804247,0.0032502448174256404,0.0,0.0
2018-03-13,1.241241488196572,-0.010178553203384344,0.0,0.0
2018-03-14,1.2426120696185836,0.0011042020711078404,0.0,0.0
2018-03-15,1.2417152332161279,-0.000721734823267095,0.0,0.0
2018-03-16,1.2394138422206176,-0.0018533967643689087,0.0,0.0
2018-03-19,1.2211001605793759,-0.014776082868680596,0.0,0.0
2018-03-20,1.2230283271559048,0.0015790404741360398,0.0,0.0
2018-03-21,1.2213116954311067,-0.0014035911406811152,0.0,0.0
2018-03-22,1.1948922970251572,-0.02163198674407507,0.0,0.0
2018-03-23,1.1725532073122955,-0.01869548390970288,0.0,0.0
2018-03-26,1.204761533422464,0.027468541222104292,0.0,0.0
2018-03-27,1.1808255858968209,-0.01986778865494343,0.0,0.0
2018-03-28,1.1776035012587704,-0.0027286710895608746,0.0,0.0
2018-03-29,1.1936437502745387,0.013621094874991746,0.0,0.0
2018-04-02,1.168324854232963,-0.021211434346095626,0.024539000177784074,2.867022734444612e-05
2018-04-03,1.1786387395684201,0.008827925981450102,0.0,0.0
2018-04-04,1.1899948164589649,0.00963490890745966,0.0,0.0
2018-04-05,1.1973235884292734,0.006158658734427558,0.0,0.0
2018-04-06,1.1783126449004395,-0.015877866027657284,0.0,0.0
2018-04-09,1.187289885596118,0.007618725585718522,0.0,0.0
2018-04-10,1.206737764449159,0.01638005940164855,0.0,0.0
2018-04-11,1.2009488589469912,-0.004797152846882424,0.0,0.0
2018-04-12,1.2104940727824571,0.0079480602061901,0.0,0.0
2018-04-13,1.2079337637099683,-0.0021150942660989047,0.0,0.0
2018-04-16,1.213489397329558,0.004599286638471423,0.0,0.0
2018-04-17,1.2293567910337884,0.013075840414550566,0.0,0.0
2018-04-18,1.2337794951656225,0.0035975757112098883,0.0,0.0
2018-04-19,1.225736736931767,-0.006518797131391585,0.0,0.0
2018-04-20,1.2136372834646716,-0.00987116817383038,0.0,0.0
2018-04-23,1.2113319796687794,-0.001899499815390504,0.0,0.0
2018-04-24,1.195982685288727,-0.012671418436628223,0.0,0.0
2018-04-25,1.1956758557032816,-0.0002565501902490608,0.0,0.0
2018-04-26,1.211197784839145,0.012981719971867811,0.0,0.0
2018-04-27,1.2121684648933906,0.0008014215897649279,0.0,0.0
2018-04-30,1.2058934489745234,-0.0051766863275222175,0.0,0.0
2018-05-01,1.2106678486792528,0.003959221860595941,0.010129308151321827,1.2263351927440804e-05
2018-05-02,1.2068400845466685,-0.0031616963618552596,0.0,0.0
2018-05-03,1.2086550719893023,0.0015039171020869713,0.0,0.0
2018-05-04,1.222218641087478,0.011222034650342216,0.0,0.0
2018-05-07,1.2273991469516328,0.004238608126239551,0.0,0.0
2018-05-08,1.2268525412530593,-0.0004453365475534099,0.0,0.0
2018-05-09,1.2350435010877487,0.006676401245681474,0.0,0.0
2018-05-10,1.2454642176244568,0.00843752995544711,0.0,0.0
2018-05-11,1.2465010865363682,0.0008325160187170333,0.0,0.0
2018-05-14,1.2486956019016344,0.001760540274669209,0.0,0.0
2018-05-15,1.2372389834273774,-0.009174868924668123,0.0,0.0
2018-05-16,1.2422254807828024,0.0040303429023966775,0.0,0.0
2018-05-17,1.2407530455615345,-0.0011853204140845897,0.0,0.0
2018-05-18,1.235284972540504,-0.004407059922674539,0.0,0.0
2018-05-21,1.2426449657827945,0.005958133876714955,0.0,0.0
2018-05-22,1.2410538129956583,-0.001280456470633018,0.0,0.0
2018-05-23,1.2395503730354607,-0.0012114220547525534,0.0,0.0
2018-05-24,1.23747525166538,-0.001674092005635175,0.0,0.0
2018-05-25,1.234157018382874,-0.0026814542578045275,0.0,0.0
2018-05-29,1.2190880271353097,-0.012209946565234775,0.0,0.0
2018-05-30,1.2326042174187122,0.011087132333801764,0.0,0.0
2018-05-31,1.2284170503139142,-0.0033970085820139717,0.0,0.0
2018-06-01,1.2422550862248953,0.01126493311652177,1.0000000000000002,0.0012434985848097054
2018-06-04,1.2511627638049019,0.007170570423725264,0.0,0.0
2018-06-05,1.2569713391276576,0.004642541714629633,0.0,0.0
2018-06-06,1.265188060692155,0.006536920380539435,0.0,0.0
2018-06-07,1.2565964176505422,-0.006790803129230083,0.0,0.0
2018-06-08,1.2585280854845737,0.0015372221398204378,0.0,0.0
2018-06-11,1.261165674528271,0.0020957728906636497,0.0,0.0
2018-06-12,1.2673551395987261,0.004907733532131031,0.0,0.0
2018-06-13,1.2648169079366722,-0.002002778528879867,0.0,0.0
2018-06-14,1.2745912046944827,0.007727835306815756,0.0,0.0
2018-06-15,1.2725516102975354,-0.0016001949404916838,0.0,0.0
2018-06-18,1.2751789465399754,0.0020646205789844885,0.0,0.0
2018-06-19,1.2734148911519105,-0.0013833786958696859,0.0,0.0
2018-06-20,1.2830749066108202,0.007585913692411239,0.0,0.0
2018-06-21,1.2714981776447862,-0.009022644668979951,0.0,0.0
2018-06-22,1.267969950443403,-0.002774858244719347,0.0,0.0
2018-06-25,1.2433487620882346,-0.019417801144702596,0.0,0.0
2018-06-26,1.2495104094087641,0.004955687019127852,0.0,0.0
2018-06-27,1.230994056817012,-0.01481888622321581,0.0,0.0
2018-06-28,1.2381510391766328,0.0058139861195811715,0.0,0.0
2018-06-29,1.2393914790728882,0.0010018486089389267,0.0,0.0
2018-07-02,1.2478167124771307,0.00679787907735574,0.0019818483471213426,2.472988390220892e-06
2018-07-03,1.243082662784512,-0.0037938662347459795,0.0,0.0
2018-07-05,1.2578760061266734,0.011900530660627462,0.0,0.0
2018-07-06,1.2729427048460615,0.011977888636084622,0.0,0.0
2018-07-09,1.2826724977573025,0.007643543479372461,0.0,0.0
2018-07-10,1.2802178905307202,-0.00191366637304069,0.0,0.0
2018-07-11,1.2715384321255472,-0.0067796727958354674,0.0,0.0
2018-07-12,1.2855905405917452,0.011051265232076446,0.0,0.0
2018-07-13,1.2842330121412475,-0.0010559570933625917,0.0,0.0
2018-07-16,1.280212557276792,-0.0031306272510096544,0.0,0.0
2018-07-17,1.286958019857059,0.005269017665797238,0.0,0.0
2018-07-18,1.2875149692451777,0.0004327642234831508,0.0,0.0
2018-07-19,1.288784343278351,0.0009859101163829376,0.0,0.0
2018-07-20,1.286019920501376,-0.0021449847613317363,0.0,0.0
2018-07-23,1.2888753242983186,0.002220341809191728,0.0,0.0
2018-07-24,1.2847122135281213,-0.0032300337291846226,0.0,0.0
2018-07-25,1.2961270550240995,0.008885135033184222,0.0,0.0
2018-07-26,1.2895432675180016,-0.005079584968601281,0.0,0.0
2018-07-27,1.268845866914839,-0.016050179256876795,0.0,0.0
2018-07-30,1.25575858538953,-0.010314319387846882,0.0,0.0
2018-07-31,1.2669380261414238,0.00890253977314126,0.0,0.0
2018-08-01,1.2689294666841673,0.0015718531622328502,0.007937777031150926,1.0072559128525005e-05
2018-08-02,1.282193416936289,0.01045286645189325,0.0,0.0
2018-08-03,1.2819437779339686,-0.00019469683670414462,0.0,0.0
2018-08-06,1.2893005067796963,0.0057387297105837565,0.0,0.0
2018-08-07,1.2931957297747023,0.0030211909283548444,0.0,0.0
2018-08-08,1.2934095812371538,0.00016536666300992486,0.0,0.0
2018-08-09,1.29466155149805,0.0009679611772310803,0.0,0.0
2018-08-10,1.287883585106441,-0.005235319133225391,0.0,0.0
2018-08-13,1.283415864501197,-0.0034690407245734356,0.0,0.0
2018-08-14,1.2937792392683727,0.008074837668617496,0.0,0.0
2018-08-15,1.2777508620241909,-0.012388803868305875,0.0,0.0
2018-08-16,1.285758788752811,0.0062672051075232105,0.0,0.0
2018-08-17,1.288657986964278,0.0022548538939246576,0.0,0.0
2018-08-20,1.2898838131538004,0.0009512424568214328,0.0,0.0
2018-08-21,1.2996734866337958,0.007589577743486231,0.0,0.0
2018-08-22,1.3037884149587995,0.003166124697720374,0.0,0.0
2018-08-23,1.300867084908198,-0.0022406473451398456,0.0,0.0
2018-08-24,1.3104444489381442,0.007362292536306381,0.0,0.0
2018-08-27,1.3180640828190981,0.005814541690132735,0.0,0.0
2018-08-28,1.3196435595259834,0.0011983307393574893,0.0,0.0
2018-08-29,1.329187523284311,0.007232228497940474,0.0,0.0
2018-08-30,1.3274696005883837,-0.0012924607445022884,0.0,0.0
2018-08-31,1.3308554644876525,0.0025506150180523157,0.0,0.0
2018-09-04,1.3250359556677265,-0.004372757955475204,0.004853224292494701,6.430727898240405e-06
2018-09-05,1.3147110073386177,-0.007792202381335156,0.0,0.0
2018-09-06,1.3044033384606135,-0.007840254489745346,0.0,0.0
2018-09-07,1.3015618789664967,-0.002178359568958288,0.0,0.0
2018-09-10,1.3045439989033842,0.002291185678590546,0.0,0.0
2018-09-11,1.3106117520803906,0.004651244559100265,0.0,0.0
2018-09-12,1.3071099702564717,-0.0026718681702345703,0.0,0.0
2018-09-13,1.314214777792318,0.005435508639301645,0.0,0.0
2018-09-14,1.3150589962122914,0.000642374773316412,0.0,0.0
2018-09-17,1.2986124087114224,-0.012506349561684615,0.0,0.0
2018-09-18,1.3066900972615394,0.006220245930140367,0.0,0.0
2018-09-19,1.303806524984671,-0.0022067759470371096,0.0,0.0
2018-09-20,1.3170463410899673,0.01015473987250659,0.0,0.0
2018-09-21,1.310292088714906,-0.005128333122638273,0.0,0.0
2018-09-24,1.3096901916647394,-0.0004593609740535243,0.0,0.0
2018-09-25,1.3115825679924251,0.0014449037945991616,0.0,0.0
2018-09-26,1.3060693390713205,-0.004203493592891738,0.0,0.0
2018-09-27,1.3116792175461236,0.004295237861407841,0.0,0.0
2018-09-28,1.3135033089101733,0.0013906535528269703,0.0,0.0
2018-10-01,1.3049925107982936,-0.0064794645389520955,1.0,0.0013062988096079016
2018-10-02,1.3031403011478355,-0.0014193258851156187,0.0,0.0
2018-10-03,1.3041992577411674,0.0008126190191486415,0.0,0.0
2018-10-04,1.286587239611084,-0.01350408538077752,0.0,0.0
2018-10-05,1.275148334897359,-0.008890889293432513,0.0,0.0
2018-10-08,1.2712931691154306,-0.0030233077018750887,0.0,0.0
2018-10-09,1.2723865054175993,0.0008600190174306022,0.0,0.0
2018-10-10,1.2243446691393975,-0.03775726642309396,0.0,0.0
2018-10-11,1.2031686698447075,-0.017295782656998715,0.0,0.0
2018-10-12,1.228165912794406,0.020776175091830495,0.0,0.0
2018-10-15,1.217303962812898,-0.008844041239342015,0.0,0.0
2018-10-16,1.248283165210577,0.02544902780575309,0.0,0.0
2018-10-17,1.2486402733335709,0.0002860794192747207,0.0,0.0
2018-10-18,1.2251769206003758,-0.0187911228191876,0.0,0.0
2018-10-19,1.2242808786043997,-0.0007313572276050895,0.0,0.0
2018-10-22,1.224626514484851,0.0002823174701913622,0.0,0.0
2018-10-23,1.2192522650651578,-0.004388480370240755,0.0,0.0
2018-10-24,1.1729169309481824,-0.038003074051701,0.0,0.0
2018-10-25,1.2036108566869277,0.02616888283293206,0.0,0.0
2018-10-26,1.1775660630245737,-0.021638882299587436,0.0,0.0
2018-10-29,1.162256362902785,-0.01300113904647171,0.0,0.0
2018-10-30,1.1804295973190593,0.015636166852970312,0.0,0.0
2018-10-31,1.2004952447711,0.016998597373035107,0.0,0.0
2018-11-01,1.2147789240088454,0.011898155615325923,0.007163153115696904,8.701709766076318e-06
2018-11-02,1.2017208979823213,-0.010749302419103324,0.0,0.0
2018-11-05,1.2035691912334636,0.001538038702868283,0.0,0.0
2018-11-06,1.2119296579649235,0.006946394766794928,0.0,0.0
2018-11-07,1.2438604923287278,0.026347102040082726,0.0,0.0
2018-11-08,1.2387743518697918,-0.004088995904527715,0.0,0.0
2018-11-09,1.2223108050139144,-0.013290190284475534,0.0,0.0
2018-11-12,1.192464050453811,-0.024418302151688498,0.0,0.0
2018-11-13,1.1918255584322202,-0.0005354392204510727,0.0,0.0
2018-11-14,1.1832121390178894,-0.007227080635576644,0.0,0.0
2018-11-15,1.199676323115543,0.01391482013641232,0.0,0.0
2018-11-16,1.1991703230126314,-0.00042178051959673724,0.0,0.0
2018-11-19,1.1696846043908984,-0.02458843256532328,0.0,0.0
2018-11-20,1.1483878930749967,-0.01820722546569875,0.0,0.0
2018-11-21,1.1546582187014303,0.005460111225697339,0.0,0.0
2018-11-23,1.1466325106596713,-0.006950721790890624,0.0,0.0
2018-11-26,1.1690613516283317,0.019560618384836026,0.0,0.0
2018-11-27,1.173001393501293,0.0033702609939789685,0.0,0.0
2018-11-28,1.2052939893445196,0.027529887024972943,0.0,0.0
2018-11-29,1.202019794910714,-0.002716511044401848,0.0,0.0
2018-11-30,1.210035542583784,0.006668565448762376,0.0,0.0
2018-12-03,1.2285782832831933,0.015324128958902339,0.00968961185950805,1.1904562054620673e-05
2018-12-04,1.1851116586357522,-0.03537961336194462,0.0,0.0
2018-12-06,1.1883800450102098,0.0027578720963896686,0.0,0.0
2018-12-07,1.1549494105121414,-0.02813126544697342,0.0,0.0
2018-12-10,1.1620732016777828,0.006168054722399008,0.0,0.0
2018-12-11,1.1641300074583785,0.0017699451098485142,0.0,0.0
2018-12-12,1.172188271778516,0.006922134356566412,0.0,0.0
2018-12-13,1.1721686356669845,-1.675167036230274e-05,0.0,0.0
2018-12-14,1.1470618459065416,-0.021419093632510267,0.0,0.0
2018-12-17,1.1228121214226947,-0.021140729743897912,0.0,0.0
2018-12-18,1.125725275763136,0.002594516290713056,0.0,0.0
2018-12-19,1.1034573148002258,-0.01978099047995041,0.0,0.0
2018-12-20,1.086476992261563,-0.015388291246895225,0.0,0.0
2018-12-21,1.0585135852833858,-0.025737689042056644,0.0,0.0
2018-12-24,1.0313991585922944,-0.025615567970091124,0.0,0.0
2018-12-26,1.0896223007031693,0.05645063952770801,0.0,0.0
2018-12-27,1.0959126069602716,0.005772923565388499,0.0,0.0
2018-12-28,1.0949188297812968,-0.0009068033095551709,0.0,0.0
2018-12-31,1.1043304867432968,0.008595757700029516,0.0,0.0
2019-01-02,1.106015195103607,0.0015255472709789775,1.0,0.0011071223174210286
2019-01-03,1.092961813866018,-0.011802171701959518,0.0,0.0
2019-01-04,1.111336639922473,0.016811956120826865,0.0,0.0
2019-01-07,1.1198923323312595,0.007698560545419841,0.0,0.0
2019-01-08,1.1234940771658728,0.0032161527770402376,0.0,0.0
2019-01-09,1.1316908460339261,0.007295782892536851,0.0,0.0
2019-01-10,1.130051578477393,-0.0014485118106928319,0.0,0.0
2019-01-11,1.128902126605098,-0.0010171676179981937,0.0,0.0
2019-01-14,1.1251540141031033,-0.0033201394644071236,0.0,0.0
2019-01-15,1.1353010354440385,0.009018339901692096,0.0,0.0
2019-01-16,1.1369715603843047,0.001471437872522463,0.0,0.0
2019-01-17,1.14081265811945,0.003378358675785176,0.0,0.0
2019-01-18,1.1416287781291752,0.0007153847776115718,0.0,0.0
2019-01-22,1.1317701928347568,-0.00863554378032938,0.0,0.0
2019-01-23,1.1317450228439507,-2.2239489045894345e-05,0.0,0.0
2019-01-24,1.1346283490616287,0.002547681818323877,0.0,0.0
2019-01-25,1.1496581725417707,0.013246472726132774,0.0,0.0
2019-01-28,1.1443341697199734,-0.004630944178848018,0.0,0.0
2019-01-29,1.1419806119771678,-0.0020567049425619377,0.0,0.0
2019-01-30,1.1598915905753016,0.015684135448782666,0.0,0.0
2019-01-31,1.1690200119338905,0.007870064265282917,0.0,0.0
2019-02-01,1.1630171884931095,-0.005134919316608255,1.9980019980019978,0.0023283627397259446
2019-02-04,1.164771076516398,0.0015080499588842056,0.0,0.0
2019-02-05,1.1707833164094117,0.005161735223538466,0.0,0.0
2019-02-06,1.167212776187133,-0.0030497020005623154,0.0,0.0
2019-02-07,1.175899607985846,0.00744237209867582,0.0,0.0
2019-02-08,1.178399429750969,0.0021258802606498595,0.0,0.0
2019-02-11,1.1777056310738174,-0.0005887635886739906,0.0,0.0
2019-02-12,1.1724965537611358,-0.004423072434435071,0.0,0.0
2019-02-13,1.1733025750434698,0.0006874402144283476,0.0,0.0
2019-02-14,1.178514046551321,0.004441711472130905,0.0,0.0
2019-02-15,1.1834269642338024,0.004168739182072612,0.0,0.0
2019-02-19,1.1847769018773024,0.0011407021170706244,0.0,0.0
2019-02-20,1.1793753823517776,-0.004559102660565029,0.0,0.0
2019-02-21,1.1746965552956166,-0.0039672076644766685,0.0,0.0
2019-02-22,1.1816659866184132,0.005932963105559352,0.0,0.0
2019-02-25,1.175234274379526,-0.0054429189904100506,0.0,0.0
2019-02-26,1.1762946228413633,0.0009022443311543782,0.0,0.0
2019-02-27,1.1667134225419928,-0.008145238542557443,0.0,0.0
2019-02-28,1.1662862388968853,-0.0003661427363857994,0.0,0.0
2019-03-01,1.1591131428929418,-0.006150373522993968,0.013644582701007737,1.581583093844107e-05
2019-03-04,1.1662855732092696,0.006187860400259648,0.0,0.0
2019-03-05,1.1690987449022536,0.002412077931516432,0.0,0.0
2019-03-06,1.1685482925183728,-0.00047083480867726735,0.0,0.0
2019-03-07,1.1711116791807457,0.0021936505994530897,0.0,0.0
2019-03-08,1.174225556672254,0.002658907384210041,0.0,0.0
2019-03-11,1.1809812257365344,0.005753297589115691,0.0,0.0
2019-03-12,1.1878323604872567,0.005801222408467588,0.0,0.0
2019-03-13,1.1896160797034183,0.0015016590518126538,0.0,0.0
2019-03-14,1.1862175452939585,-0.0028568329458921182,0.0,0.0
2019-03-15,1.1882564465882721,0.0017188257772804416,0.0,0.0
2019-03-18,1.1849379158081925,-0.002792773217942801,0.0,0.0
2019-03-19,1.1818195850851354,-0.0026316405960646883,0.0,0.0
2019-03-20,1.1898223342334284,0.006771548931232552,0.0,0.0
2019-03-21,1.2016614588530734,0.009950329792113521,0.0,0.0
2019-03-22,1.206630065736101,0.004134780928873205,0.0,0.0
2019-03-25,1.2083685940413988,0.0014408130169019095,0.0,0.0
2019-03-26,1.2127049330577473,0.0035885896387339855,0.0,0.0
2019-03-27,1.2165911428259406,0.003204579829979348,0.0,0.0
2019-03-28,1.2245678922161454,0.006556639374898143,0.0,0.0
2019-03-29,1.2234242607303178,-0.0009339061501586476,0.0,0.0
2019-04-01,1.2130874928030315,-0.008449046057919296,1.0016857588436805,0.0012163508671135265
2019-04-02,1.2196462128080028,0.005406633935213012,0.0,0.0
2019-04-03,1.2224464339877015,0.0022959290573711932,0.0,0.0
2019-04-04,1.2212358119479827,-0.0009903272700216847,0.0,0.0
2019-04-05,1.228660600565021,0.0060797337781923755,0.0,0.0
2019-04-08,1.2268048103873084,-0.0015104172599488264,0.0,0.0
2019-04-09,1.2214269805207165,-0.004383606765361536,0.0,0.0
2019-04-10,1.2303120958273581,0.007274372883800062,0.0,0.0
2019-04-11,1.2284269377791972,-0.001532260029430299,0.0,0.0
2019-04-12,1.2340254230777932,0.0045574426336800755,0.0,0.0
2019-04-15,1.2309830386414875,-0.0024654147146480065,0.0,0.0
2019-04-16,1.2192888727471252,-0.009499859484065731,0.0,0.0
2019-04-17,1.216008145386619,-0.002690689166312654,0.0,0.0
2019-04-18,1.2213467510466582,0.004390271298998494,0.0,0.0
2019-04-22,1.216548604941286,-0.003928569917806324,0.0,0.0
2019-04-23,1.232332770413152,0.01297454570064449,0.0,0.0
2019-04-24,1.234732960195006,0.001947679912017053,0.0,0.0
2019-04-25,1.2360417854267585,0.00106000671719797,0.0,0.0
2019-04-26,1.2413562523549815,0.004299585168464404,0.0,0.0
2019-04-29,1.2366534695810953,-0.0037884231581098993,0.0,0.0
2019-04-30,1.2374486233578637,0.0006429883522969249,0.0,0.0
2019-05-01,1.2358815947454629,-0.001266338321302296,0.018688196160310564,2.309682931159788e-05
2019-05-02,1.2338403103964648,-0.0016516827806780654,0.0,0.0
2019-05-03,1.2489183178731809,0.012220388124514425,0.0,0.0
2019-05-06,1.2430988150338909,-0.0046596344660876365,0.0,0.0
2019-05-07,1.2197540696263496,-0.018779476840628195,0.0,0.0
2019-05-08,1.217576632913472,-0.0017851440442780975,0.0,0.0
2019-05-09,1.2158712967234448,-0.0014005986513938584,0.0,0.0
2019-05-10,1.2231702323785443,0.006003049561881024,0.0,0.0
2019-05-13,1.2015316307701858,-0.01769058879587071,0.0,0.0
2019-05-14,1.2102192177043536,0.007230427157876029,0.0,0.0
2019-05-15,1.2227579581911887,0.010360718375154843,0.0,0.0
2019-05-16,1.2312667464712184,0.00695868566876201,0.0,0.0
2019-05-17,1.2238753866193737,-0.006003053256354196,0.0,0.0
2019-05-20,1.2047317371499906,-0.015641828962883464,0.0,0.0
2019-05-21,1.2161463374423018,0.009474806664689028,0.0,0.0
2019-05-22,1.2153472194971577,-0.0006570902863751726,0.0,0.0
2019-05-23,1.2077103221202314,-0.006283716500446679,0.0,0.0
2019-05-24,1.2093371920993123,0.001347069698158121,0.0,0.0
2019-05-28,1.2009552505573549,-0.0069310210557628205,0.0,0.0
2019-05-29,1.1879253311016407,-0.01084962945094503,0.0,0.0
2019-05-30,1.1929075866517955,0.004194081412115747,0.0,0.0
2019-05-31,1.18724213686984,-0.004749278020652947,0.0,0.0
2019-06-03,1.1750330650275405,-0.010283556709407837,1.0,0.0011762092743018418
2019-06-04,1.1657038165593465,-0.007939562507524256,0.0,0.0
2019-06-05,1.1746302819224188,0.007657575823522,0.0,0.0
2019-06-06,1.177639847566543,0.0025621386494469878,0.0,0.0
2019-06-07,1.1848789144305105,0.006147097416010716,0.0,0.0
2019-06-10,1.1774219893006523,-0.006293406895034659,0.0,0.0
2019-06-11,1.1793957983040075,0.0016763819779921363,0.0,0.0
2019-06-12,1.181862727821592,0.002091689254050344,0.0,0.0
2019-06-13,1.1864224043705547,0.0038580424288081616,0.0,0.0
2019-06-14,1.18822370730269,0.0015182644271547474,0.0,0.0
2019-06-17,1.1957190713195465,0.006308041129621245,0.0,0.0
2019-06-18,1.1980400763536823,0.0019410956049854544,0.0,0.0
2019-06-19,1.2021880260215014,0.0034622795594982936,0.0,0.0
2019-06-20,1.2068434489010433,0.0038724582001938845,0.0,0.0
2019-06-21,1.1916653334707696,-0.012576706153639816,0.0,0.0
2019-06-24,1.193921965675412,0.001893679493109035,0.0,0.0
2019-06-25,1.1867692195611,-0.005990966176977697,0.0,0.0
2019-06-26,1.171059534079737,-0.013237355015975893,0.0,0.0
2019-06-27,1.1827237539912296,0.009960398743227739,0.0,0.0
2019-06-28,1.184367791510999,0.0013900435450131532,0.0,0.0
2019-07-01,1.181534479677084,-0.00239225674171728,0.9999999999999998,0.0011827171968739575
2019-07-02,1.1934294610898646,0.010067401008925003,0.0,0.0
2019-07-03,1.2022146200573511,0.007361272076745751,0.0,0.0
2019-07-05,1.1948205589496257,-0.006150366984700839,0.0,0.0
2019-07-08,1.1961761594274574,0.001134564071297417,0.0,0.0
2019-07-09,1.1969686213210518,0.0006624959771590611,0.0,0.0
2019-07-10,1.2018163488958153,0.004050003891842513,0.0,0.0
2019-07-11,1.1903659755839275,-0.009527556620783195,0.0,0.0
2019-07-12,1.190125115356974,-0.00020234132350371858,0.0,0.0
2019-07-15,1.1906500575890497,0.00044108155126054704,0.0,0.0
2019-07-16,1.1879935138035778,-0.00223117092090952,0.0,0.0
2019-07-17,1.1890552981528835,0.0008937627495171352,0.0,0.0
2019-07-18,1.1904341878623292,0.0011596514574114813,0.0,0.0
2019-07-19,1.1797255319632012,-0.008995588339375304,0.0,0.0
2019-07-22,1.180991064186446,0.0010727344530205851,0.0,0.0
2019-07-23,1.1880189872617302,0.005950868967942169,0.0,0.0
2019-07-24,1.1901563059120819,0.0017990610194522638,0.0,0.0
2019-07-25,1.184738024979226,-0.004552579275462043,0.0,0.0
2019-07-26,1.1882513368166872,0.0029654757114110364,0.0,0.0
2019-07-29,1.189493992765542,0.0010457854414738232,0.0,0.0
2019-07-30,1.194105059819533,0.0038764946120244392,0.0,0.0
2019-07-31,1.1922609745253299,-0.001544324160624444,0.0,0.0
2019-08-01,1.1958700060568213,0.0030270482793652853,1.0,0.0011970670731299518
2019-08-02,1.1964832029832815,0.0005127621926752646,0.0,0.0
2019-08-05,1.192972617809527,-0.002934086466906738,0.0,0.0
2019-08-06,1.2044069737677243,0.009584759773608509,0.0,0.0
2019-08-07,1.2194408089305337,0.012482354793894368,0.0,0.0
2019-08-08,1.2331137831816128,0.011212495228095865,0.0,0.0
2019-08-09,1.2303136526282366,-0.002270780354227786,0.0,0.0
2019-08-12,1.2347045437933226,0.0035689201332571585,0.0,0.0
2019-08-13,1.2318532136685105,-0.0023093218042691266,0.0,0.0
2019-08-14,1.2268221252417026,-0.00408416227760211,0.0,0.0
2019-08-15,1.236973060589624,0.00827417042704659,0.0,0.0
2019-08-16,1.239196352195977,0.0017973646130120535,0.0,0.0
2019-08-19,1.2363155271691217,-0.0023247526687357745,0.0,0.0
2019-08-20,1.2367650744386838,0.0003636185582749363,0.0,0.0
2019-08-21,1.2373485013585102,0.0004717362511963419,0.0,0.0
2019-08-22,1.2385957792418067,0.001008024725392298,0.0,0.0
2019-08-23,1.2420602940551055,0.002797131131368369,0.0,0.0
2019-08-26,1.246856733300796,0.0038616798787045603,0.0,0.0
2019-08-27,1.251156886678226,0.003448795088146328,0.0,0.0
2019-08-28,1.2513775636863569,0.0001763783666783869,0.0,0.0
2019-08-29,1.251594649809525,0.0001734777172515134,0.0,0.0
2019-08-30,1.250444078895434,-0.0009192839824506693,0.0,0.0
2019-09-03,1.2641337816091085,0.010947872795532776,1.0,0.001265399180789899
2019-09-04,1.2690245632468902,0.0038688797886219373,0.0,0.0
2019-09-05,1.2422954881671742,-0.021062693232137053,0.0,0.0
2019-09-06,1.2414271943081088,-0.0006989430995570922,0.0,0.0
2019-09-09,1.2280082005852635,-0.010809327993112072,0.0,0.0
2019-09-10,1.2119836801201889,-0.013049196623798887,0.0,0.0
2019-09-11,1.2145966299091482,0.0021559281959144805,0.0,0.0
2019-09-12,1.2119041577141907,-0.002216762444959941,0.0,0.0
2019-09-13,1.1940356333456812,-0.014744172841367198,0.0,0.0
2019-09-16,1.2065799740642373,0.01050583447280129,0.0,0.0
2019-09-17,1.2110145694267522,0.0036753430836229395,0.0,0.0
2019-09-18,1.209688308707034,-0.0010951649577147782,0.0,0.0
2019-09-19,1.213963438213457,0.0035340752453765223,0.0,0.0
2019-09-20,1.229148731032009,0.012508855160333177,0.0,0.0
2019-09-23,1.2324892483370524,0.002717748650514107,0.0,0.0
2019-09-24,1.2431273114264505,0.008631363806014258,0.0,0.0
2019-09-25,1.222488430211619,-0.016602387402420593,0.0,0.0
2019-09-26,1.226222288276184,0.0030543095315171964,0.0,0.0
2019-09-27,1.224559170866069,-0.0013562935741878723,0.0,0.0
2019-09-30,1.2165647568482365,-0.006528401573423714,0.0,0.0
2019-10-01,1.2216993685891664,0.0042205823504473106,0.008722863929662157,1.0656810313063343e-05
2019-10-02,1.2303229091376493,0.007058643697623879,0.0,0.0
2019-10-03,1.2387083870189262,0.006815672388929439,0.0,0.0
2019-10-04,1.2432707922275683,0.0036831955417868656,0.0,0.0
2019-10-07,1.2328179626344904,-0.008407524457603954,0.0,0.0
2019-10-08,1.2398617688720364,0.005713581770412812,0.0,0.0
2019-10-09,1.2369341339237372,-0.0023612591514637904,0.0,0.0
2019-10-10,1.222341892269562,-0.011797104836848926,0.0,0.0
2019-10-11,1.2114250094104484,-0.008931120603944742,0.0,0.0
2019-10-14,1.2182242402623826,0.005612589140159052,0.0,0.0
2019-10-15,1.2066454128381454,-0.009504676595290307,0.0,0.0
2019-10-16,1.2108702938580231,0.003501344284681185,0.0,0.0
2019-10-17,1.2102954994020882,-0.00047469531530375253,0.0,0.0
2019-10-18,1.209639310038674,-0.0005421728526119329,0.0,0.0
2019-10-21,1.2022308821351348,-0.006124493344468296,0.0,0.0
2019-10-22,1.207478646161196,0.004365021814063841,0.0,0.0
2019-10-23,1.2095191543836281,0.001689891766549545,0.0,0.0
2019-10-24,1.212700037494898,0.002629874111328867,0.0,0.0
2019-10-25,1.211244329443641,-0.0012003859208779,0.0,0.0
2019-10-28,1.2005343109706756,-0.008842161909550339,0.0,0.0
2019-10-29,1.1992122208353586,-0.0011012514371605553,0.0,0.0
2019-10-30,1.2111508862446791,0.009955423403710917,0.0,0.0
2019-10-31,1.2253357223536083,0.011711865358833284,0.0,0.0
2019-11-01,1.2228045715225404,-0.002065679458202796,1.0180047519779016,0.0012460893894701182
2019-11-04,1.2104774957526743,-0.010080986002953374,0.0,0.0
2019-11-05,1.1933806503280517,-0.014124050620199058,0.0,0.0
2019-11-06,1.198287774116445,0.004111951863007279,0.0,0.0
2019-11-07,1.1814476677544175,-0.014053474236975005,0.0,0.0
2019-11-08,1.1775414729627656,-0.003306278304375909,0.0,0.0
2019-11-11,1.1792299284791472,0.0014338819949444304,0.0,0.0
2019-11-12,1.1774518481561453,-0.0015078317468545377,0.0,0.0
2019-11-13,1.186662151275129,0.00782223335366683,0.0,0.0
2019-11-14,1.1974000556696842,0.009048830269859698,0.0,0.0
2019-11-15,1.1999896716960645,0.0021626991030427867,0.0,0.0
2019-11-18,1.2039952413713602,0.003338003459341543,0.0,0.0
2019-11-19,1.210035371659574,0.005016739336389797,0.0,0.0
2019-11-20,1.2159750120535944,0.004908650220591504,0.0,0.0
2019-11-21,1.2036517337074284,-0.010134483212244527,0.0,0.0
2019-11-22,1.2022297692416442,-0.0011813753313879571,0.0,0.0
2019-11-25,1.2058936574409838,0.0030475773376088533,0.0,0.0
2019-11-26,1.2173724840707378,0.009518937726327614,0.0,0.0
2019-11-27,1.2184424508287153,0.0008789148530774504,0.0,0.0
2019-11-29,1.2143490627252937,-0.003359525187781709,0.0,0.0
2019-12-02,1.1958641371002219,-0.015222085800920548,1.0,0.0011970611982985205
2019-12-03,1.203717686717436,0.00656725908367628,0.0,0.0
2019-12-04,1.2006265317156424,-0.0025680066313749084,0.0,0.0
2019-12-05,1.198865136252353,-0.0014670635845206448,0.0,0.0
2019-12-06,1.2019280671005925,0.0025548585538270885,0.0,0.0
2019-12-09,1.2004852780846171,-0.0012003954774563175,0.0,0.0
2019-12-10,1.2000283418065514,-0.00038062630705038014,0.0,0.0
2019-12-11,1.2079213963767659,0.006577390129246519,0.0,0.0
2019-12-12,1.202484832001426,-0.004500760059095832,0.0,0.0
2019-12-13,1.2113614055759183,0.007381859079018893,0.0,0.0
2019-12-16,1.2120842322931609,0.0005967060812035463,0.0,0.0
2019-12-17,1.2116164029364027,-0.00038597099466686213,0.0,0.0
2019-12-18,1.207202516998183,-0.003642973079204359,0.0,0.0
2019-12-19,1.2120050053825526,0.003978196132585543,0.0,0.0
2019-12-20,1.2152879184785887,0.0027086629852655086,0.0,0.0
2019-12-23,1.2160691319441619,0.0006428217163148009,0.0,0.0
2019-12-24,1.2180827389930462,0.0016558327121296568,0.0,0.0
2019-12-26,1.2250315424241363,0.005704705607136651,0.0,0.0
2019-12-27,1.2251497358799646,9.648196943112808e-05,0.0,0.0
2019-12-30,1.2188522793954033,-0.005140152505553219,0.0,0.0
2019-12-31,1.2142305305718673,-0.003791885941936024,0.0,0.0
2020-01-02,1.2301031741395632,0.013072182891184836,1.0,0.0012313345086482114
2020-01-03,1.2198120721965924,-0.008366047791210085,0.0,0.0
2020-01-06,1.2260673070201464,0.005128031576445924,0.0,0.0
2020-01-07,1.2242590192836644,-0.0014748682442865535,0.0,0.0
2020-01-08,1.232124856970859,0.006424978344694576,0.0,0.0
2020-01-09,1.2415253671895776,0.007629511056070681,0.0,0.0
2020-01-10,1.2381522327298704,-0.0027169275383739366,0.0,0.0
2020-01-13,1.2495635417064666,0.009216402212057995,0.0,0.0
2020-01-14,1.246141379373754,-0.0027386861239878657,0.0,0.0
2020-01-15,1.2477984381333447,0.0013297518138941644,0.0,0.0
2020-01-16,1.2589704872729632,0.008953408497875293,0.0,0.0
2020-01-17,1.2640505519130074,0.004035094302367703,0.0,0.0
2020-01-21,1.2625353168416305,-0.0011987139826676874,0.0,0.0
2020-01-22,1.2642899378489174,0.0013897599408754235,0.0,0.0
2020-01-23,1.2670579834664537,0.0021894072986501367,0.0,0.0
2020-01-24,1.2560950235108093,-0.008652295395078613,0.0,0.0
2020-01-27,1.2330293975321442,-0.018362962631757074,0.0,0.0
2020-01-28,1.2489793315227447,0.012935566680343236,0.0,0.0
2020-01-29,1.2494925702083384,0.0004109264842420135,0.0,0.0
2020-01-30,1.2537469023019774,0.0034048478519002057,0.0,0.0
2020-01-31,1.2324385401301636,-0.016995744621733366,0.0,0.0
2020-02-03,1.2451348496307602,0.010301779023605961,1.0,0.0012463812308616215
2020-02-04,1.251000615371254,0.004710948169375673,0.0,0.0
2020-02-05,1.2463841275455434,-0.0036902362548724144,0.0,0.0
2020-02-06,1.2546367989032816,0.006621290479677411,0.0,0.0
2020-02-07,1.25947981055001,0.0038600905464927227,0.0,0.0
2020-02-10,1.2689455598643717,0.0075156022629914165,0.0,0.0
2020-02-11,1.265934777942731,-0.0023726643733735786,0.0,0.0
2020-02-12,1.2691393551736012,0.00253139204855235,0.0,0.0
2020-02-13,1.2706519985851115,0.0011918654995166644,0.0,0.0
2020-02-14,1.275222584871339,0.0035970401741129976,0.0,0.0
2020-02-18,1.2797094513893317,0.0035184967481149965,0.0,0.0
2020-02-19,1.2859658725070522,0.0048889387438126874,0.0,0.0
2020-02-20,1.2846832509536963,-0.0009973993717697915,0.0,0.0
2020-02-21,1.2779175704519559,-0.005266419171198744,0.0,0.0
2020-02-24,1.2625111892571457,-0.012055848946001646,0.0,0.0
2020-02-25,1.2490799205711607,-0.010638534375198572,0.0,0.0
2020-02-26,1.2487651179023525,-0.0002520276434067048,0.0,0.0
2020-02-27,1.2253904403804152,-0.018718233867071388,0.0,0.0
2020-02-28,1.2405108263639009,0.012339239384625555,0.0,0.0
2020-03-02,1.265300480326292,0.01998342411492926,0.04235175504334963,5.358996562810906e-05
2020-03-03,1.2548351837167293,-0.008270997104864675,0.0,0.0
2020-03-04,1.2735620811306334,0.01492379051600734,0.0,0.0
2020-03-05,1.2700040854328476,-0.002793735578737633,0.0,0.0
2020-03-06,1.2934727965477073,0.018479240645010275,0.0,0.0
2020-03-09,1.269807888308822,-0.018295636600976217,0.0,0.0
2020-03-10,1.2645355860841878,-0.004152047150735583,0.0,0.0
2020-03-11,1.2139718738041672,-0.0399859939383741,0.0,0.0
2020-03-12,1.1656315415291392,-0.03981997714950858,0.0,0.0
2020-03-13,1.1949085777233242,0.025116887413477063,0.0,0.0
2020-03-16,1.1685303888590926,-0.022075487075747913,0.0,0.0
2020-03-17,1.161145743565731,-0.006319600554480664,0.0,0.0
2020-03-18,1.1094845324144718,-0.04449158207531667,0.0,0.0
2020-03-19,1.1287342288261475,0.017350125981282716,0.0,0.0
2020-03-20,1.1542117077005196,0.02257172523320028,0.0,0.0
2020-03-23,1.1815728254494142,0.02370545851021122,0.0,0.0
2020-03-24,1.2075429553622465,0.021979288414114118,0.0,0.0
2020-03-25,1.2020380962787254,-0.004558727338912605,0.0,0.0
2020-03-26,1.2334492160487716,0.026131550961062677,0.0,0.0
2020-03-27,1.2320330232201213,-0.0011481565760663726,0.0,0.0
2020-03-30,1.2461064722115314,0.011422947864357491,0.0,0.0
2020-03-31,1.2357535455775766,-0.008308219935316496,0.0,0.0
2020-04-01,1.2203318182707072,-0.01247961404768727,1.0,0.0012215533716423504
2020-04-02,1.2342064328589522,0.011369542595313309,0.0,0.0
2020-04-03,1.2387294417126329,0.003664710159712481,0.0,0.0
2020-04-06,1.254392367071012,0.012644347369934028,0.0,0.0
2020-04-07,1.2445339195229252,-0.007859141849775542,0.0,0.0
2020-04-08,1.2344385748027729,-0.008111747347169351,0.0,0.0
2020-04-09,1.2520290646285104,0.01424978948713429,0.0,0.0
2020-04-13,1.25761871215195,0.004464471058503783,0.0,0.0
2020-04-14,1.2626573761777111,0.004006511653392497,0.0,0.0
2020-04-15,1.2751217737752452,0.009871559642938177,0.0,0.0
2020-04-16,1.281527311616472,0.005023471462072271,0.0,0.0
2020-04-17,1.2603790069362182,-0.016502422140015183,0.0,0.0
2020-04-20,1.2699238148610932,0.007572966442908946,0.0,0.0
2020-04-21,1.2732542522143957,0.002622548939021918,0.0,0.0
2020-04-22,1.2795994060341436,0.004983414591950286,0.0,0.0
2020-04-23,1.2894606687857098,0.0077065233893232055,0.0,0.0
2020-04-24,1.2880638492281637,-0.001083258754112637,0.0,0.0
2020-04-27,1.2720383495099603,-0.012441541409462187,0.0,0.0
2020-04-28,1.2761487355731047,0.003231338162664521,0.0,0.0
2020-04-29,1.2765679261392187,0.00032848096340876154,0.0,0.0
2020-04-30,1.2574095196853037,-0.015007745425546282,0.0,0.0
2020-05-01,1.266588117025015,0.007299608596894158,0.030044483174115563,3.805512871716732e-05
2020-05-04,1.2658288098565977,-0.0005994902038090055,0.0,0.0
2020-05-05,1.2644893321283996,-0.0010581823685541503,0.0,0.0
2020-05-06,1.2461794810786766,-0.01448003599912051,0.0,0.0
2020-05-07,1.266144662506788,0.016021112312674113,0.0,0.0
2020-05-08,1.2541550038351565,-0.0094694224338423,0.0,0.0
2020-05-11,1.2453649267562543,-0.007008764508392162,0.0,0.0
2020-05-12,1.2541193110724778,0.007029573523501753,0.0,0.0
2020-05-13,1.2645597159357265,0.00832488964253364,0.0,0.0
2020-05-14,1.2763359964181236,0.009312553874676555,0.0,0.0
2020-05-15,1.2783613499788793,0.0015868498314233204,0.0,0.0
2020-05-18,1.2596454898649516,-0.01464050842450526,0.0,0.0
2020-05-19,1.2681683043637562,0.006766042166132191,0.0,0.0
2020-05-20,1.2715616720982574,0.002675802354328516,0.0,0.0
2020-05-21,1.2635951988580698,-0.006265109601048091,0.0,0.0
2020-05-22,1.2711334095869946,0.005965684845698371,0.0,0.0
2020-05-26,1.2535668055078029,-0.013819638400425105,0.0,0.0
2020-05-27,1.2535849868917959,1.4503721631031752e-05,0.0,0.0
2020-05-28,1.253463105993661,-9.722587571592278e-05,0.0,0.0
2020-05-29,1.2625538339442044,0.0072524894486918345,0.0,0.0
2020-06-01,1.2601119520960582,-0.001934081369439733,1.0,0.0012613733254214798
2020-06-02,1.2602572991617729,0.00011534456559436634,0.0,0.0
2020-06-03,1.2515613493411515,-0.006900138429196345,0.0,0.0
2020-06-04,1.253560506272884,0.001597330352830939,0.0,0.0
2020-06-05,1.2535157651333755,-3.569124847557781e-05,0.0,0.0
2020-06-08,1.2651057718016525,0.009245999923298776,0.0,0.0
2020-06-09,1.2757452159165423,0.008409924570763838,0.0,0.0
2020-06-10,1.2924984402899788,0.013132108327288838,0.0,0.0
2020-06-11,1.255114918384657,-0.028923456106403234,0.0,0.0
2020-06-12,1.261007199609264,0.004694614921947116,0.0,0.0
2020-06-15,1.267616487055732,0.005241276535547179,0.0,0.0
2020-06-16,1.2783451437516753,0.008463645594309455,0.0,0.0
2020-06-17,1.2816112823291057,0.0025549739781893788,0.0,0.0
2020-06-18,1.2821559632359165,0.0004249969661791475,0.0,0.0
2020-06-19,1.2889393928719715,0.005290643128106565,0.0,0.0
2020-06-22,1.3009048759610793,0.009283200711591943,0.0,0.0
2020-06-23,1.3119187362218725,0.008466307156129727,0.0,0.0
2020-06-24,1.2958526555738084,-0.012246246817338768,0.0,0.0
2020-06-25,1.3017235750797882,0.004530545568377287,0.0,0.0
2020-06-26,1.288905614816646,-0.009846914128720852,0.0,0.0
2020-06-29,1.2963170823635224,0.005750201924545673,0.0,0.0
2020-06-30,1.3120014057235407,0.012099141154124027,0.0,0.0
2020-07-01,1.3168730603259555,0.0037131473953933014,0.025821446929685472,3.4004445884333573e-05
2020-07-02,1.3227642254936223,0.004473601401040472,0.0,0.0
2020-07-06,1.3430132292750314,0.015308097536318455,0.0,0.0
2020-07-07,1.3425231532774984,-0.00036490779602937895,0.0,0.0
2020-07-08,1.355557210699233,0.009708627661217273,0.0,0.0
2020-07-09,1.3594960012875728,0.002905661640284496,0.0,0.0
2020-07-10,1.362462468983735,0.0021820348815684287,0.0,0.0
2020-07-13,1.3490189984834795,-0.009867039134137112,0.0,0.0
2020-07-14,1.3569510393515078,0.005879858531974147,0.0,0.0
2020-07-15,1.3589371473694771,0.0014636548853808051,0.0,0.0
2020-07-16,1.3478960123268935,-0.008124831280060474,0.0,0.0
2020-07-17,1.354177477334333,0.00466020000800782,0.0,0.0
2020-07-20,1.3767642758858696,0.016679348851672104,0.0,0.0
2020-07-21,1.3775975160598999,0.0006052162949203854,0.0,0.0
2020-07-22,1.3904350952270796,0.009318817011152003,0.0,0.0
2020-07-23,1.37837029624428,-0.008676995441365243,0.0,0.0
2020-07-24,1.377936848730121,-0.00031446376589816527,0.0,0.0
2020-07-27,1.4038728861605767,0.018822370164756075,0.0,0.0
2020-07-28,1.4011787645744418,-0.0019190637647422681,0.0,0.0
2020-07-29,1.4144128196226275,0.00944494405908669,0.0,0.0
2020-07-30,1.4125738555023521,-0.0013001608121496755,0.0,0.0
2020-07-31,1.4314223844220197,0.013343393583455931,0.0,0.0
2020-08-03,1.441663496930693,0.007154500740051306,0.017692954594379123,2.550773809882094e-05
2020-08-04,1.4596770726990926,0.01249499332316506,0.0,0.0
2020-08-05,1.4683039934030582,0.005910157023987228,0.0,0.0
2020-08-06,1.4877732896905014,0.013259717589080289,0.0,0.0
2020-08-07,1.4673309408846489,-0.01374023108729494,0.0,0.0
2020-08-10,1.461664151427557,-0.003861970942748205,0.0,0.0
2020-08-11,1.40831853329862,-0.03649649481848227,0.0,0.0
2020-08-12,1.4229052417024635,0.010357534931872303,0.0,0.0
2020-08-13,1.4409892699644868,0.01270922878911196,0.0,0.0
2020-08-14,1.437065145456795,-0.0027232156335129654,0.0,0.0
2020-08-17,1.4608975293826678,0.016584066492195904,0.0,0.0
2020-08-18,1.4745120333457624,0.009319273726780652,0.0,0.0
2020-08-19,1.4464435022017315,-0.019035810159067745,0.0,0.0
2020-08-20,1.461584488810248,0.010467734540249518,0.0,0.0
2020-08-21,1.461067989357704,-0.00035338323340061706,0.0,0.0
2020-08-24,1.461778175693697,0.00048607343475159936,0.0,0.0
2020-08-25,1.4685996531586847,0.0046665613007599305,0.0,0.0
2020-08-26,1.4932319724559469,0.016772657711230377,0.0,0.0
2020-08-27,1.4825652078126317,-0.007143407615208819,0.0,0.0
2020-08-28,1.4987568202683619,0.010921349273816494,0.0,0.0
2020-08-31,1.5067537402555276,0.005335702149287913,0.0,0.0
2020-09-01,1.5210102287806175,0.009461724331059074,0.05523168816936477,8.401260281630663e-05
2020-09-02,1.518224946598568,-0.0018312054247541232,0.0,0.0
2020-09-03,1.4732196388653074,-0.029643372567477955,0.0,0.0
2020-09-04,1.4655629684251048,-0.005197236201724742,0.0,0.0
2020-09-08,1.429562843063552,-0.024564024976858168,0.0,0.0
2020-09-09,1.4569041822447244,0.019125664404217257,0.0,0.0
2020-09-10,1.4404317002158797,-0.011306496494137841,0.0,0.0
2020-09-11,1.435598240675248,-0.003355563155064689,0.0,0.0
2020-09-14,1.4534592293098196,0.012441495209809084,0.0,0.0
2020-09-15,1.4615401033530446,0.005559752816088448,0.0,0.0
2020-09-16,1.4523930265541805,-0.006258519200314172,0.0,0.0
2020-09-17,1.4373645523376215,-0.010347388029130267,0.0,0.0
2020-09-18,1.4296025704394841,-0.005400148407384786,0.0,0.0
2020-09-21,1.4161015199621283,-0.009443918720155486,0.0,0.0
2020-09-22,1.425128684825574,0.006374659398492133,0.0,0.0
2020-09-23,1.3881682071132055,-0.025934835293061398,0.0,0.0
2020-09-24,1.3939583525326866,0.004171069031700503,0.0,0.0
2020-09-25,1.4075484734280312,0.009749301957732603,0.0,0.0
2020-09-28,1.4290831092960574,0.015299392009981316,0.0,0.0
2020-09-29,1.432037021119148,0.0020669979260656834,0.0,0.0
2020-09-30,1.4324318244048664,0.0002756934910872477,0.0,0.0
2020-10-01,1.4500890854150241,0.012326772352669435,0.012901691346799467,1.8708843181107954e-05
2020-10-02,1.4290435826995918,-0.014513248135654355,0.0,0.0
2020-10-05,1.4476010564749269,0.012985939687212511,0.0,0.0
2020-10-06,1.4261960451137727,-0.014786540300873896,0.0,0.0
2020-10-07,1.4380989926119878,0.008345940615243741,0.0,0.0
2020-10-08,1.4444827068207404,0.004438994979864441,0.0,0.0
2020-10-09,1.4686333058732077,0.01671920261726223,0.0,0.0
2020-10-12,1.4891807721606145,0.013990875874348996,0.0,0.0
2020-10-13,1.4776320705810766,-0.007755070301359135,0.0,0.0
2020-10-14,1.4735445983337851,-0.002766231410830211,0.0,0.0
2020-10-15,1.4711467472914697,-0.0016272673694619488,0.0,0.0
2020-10-16,1.4645467959193086,-0.004486263103468224,0.0,0.0
2020-10-19,1.452812783848462,-0.008012043113638567,0.0,0.0
2020-10-20,1.457869174479152,0.0034804144669597914,0.0,0.0
2020-10-21,1.462781408520628,0.0033694614904187237,0.0,0.0
2020-10-22,1.4555742595663919,-0.004927017059592753,0.0,0.0
2020-10-23,1.4562419775367381,0.0004587316421391652,0.0,0.0
2020-10-26,1.4449079625700691,-0.007783057446153707,0.0,0.0
2020-10-27,1.452440927107741,0.005213456311966569,0.0,0.0
2020-10-28,1.412406767956,-0.027563364818878666,0.0,0.0
2020-10-29,1.421646835516444,0.0065420725601705865,0.0,0.0
2020-10-30,1.4068852713112563,-0.010383425641590671,0.0,0.0
2020-11-02,1.415336359965782,0.006006949412903584,0.020004658841515224,2.8313887436766232e-05
2020-11-03,1.4315946127634427,0.011487200680729837,0.0,0.0
2020-11-04,1.4633326875465182,0.02216973611112638,0.0,0.0
2020-11-05,1.499287336261687,0.024570385819407736,0.0,0.0
2020-11-06,1.500898114295827,0.0010743624622058245,0.0,0.0
2020-11-09,1.4528596191061343,-0.03200649979644421,0.0,0.0
2020-11-10,1.4416154983612692,-0.00773930295604397,0.0,0.0
2020-11-11,1.4552104405969732,0.009430352442213463,0.0,0.0
2020-11-12,1.4558621663953732,0.0004478567361931862,0.0,0.0
2020-11-13,1.4672669424401894,0.007833692164041617,0.0,0.0
2020-11-16,1.4731774255719694,0.004028226194444429,0.0,0.0
2020-11-17,1.4681537894872925,-0.003410068602379246,0.0,0.0
2020-11-18,1.458474746970864,-0.006592662557380002,0.0,0.0
2020-11-19,1.4631124056516887,0.0031798004665193336,0.0,0.0
2020-11-20,1.4599782303485673,-0.0021421288555921736,0.0,0.0
2020-11-23,1.4462413833777863,-0.009408939589120702,0.0,0.0
2020-11-24,1.4464348859089013,0.00013379684286385363,0.0,0.0
2020-11-25,1.4508610938118134,0.0030600809936429663,0.0,0.0
2020-11-27,1.4511750761364333,0.0002164110168498823,0.0,0.0
2020-11-30,1.4483191423539816,-0.0019680146313256763,0.0,0.0
2020-12-01,1.4722276571943298,0.016507766928695933,0.08048701349632086,0.00011850474540729942
2020-12-02,1.4787103087866704,0.0044032942600025216,0.0,0.0
2020-12-03,1.4855929545928577,0.004654492340582017,0.0,0.0
2020-12-04,1.486481274822573,0.0005979566791625146,0.0,0.0
2020-12-07,1.5017942773210469,0.01030151052545314,0.0,0.0
2020-12-08,1.5069555962081749,0.003436768247868871,0.0,0.0
2020-12-09,1.4770475581102187,-0.01984666182149708,0.0,0.0
2020-12-10,1.4785552906043788,0.0010207745078223418,0.0,0.0
2020-12-11,1.4783143617074794,-0.00016294885854484242,0.0,0.0
2020-12-14,1.4795170728157845,0.0008135692512083459,0.0,0.0
2020-12-15,1.4977821433893312,0.012345292196449753,0.0,0.0
2020-12-16,1.5060343130376188,0.0055095927566699565,0.0,0.0
2020-12-17,1.5188931876123482,0.008538234795456567,0.0,0.0
2020-12-18,1.5153152320579761,-0.0023556334201462192,0.0,0.0
2020-12-21,1.511486000861908,-0.0025270195369629933,0.0,0.0
2020-12-22,1.5075146770913372,-0.0026274300710070753,0.0,0.0
2020-12-23,1.5087413586798224,0.0008137112076758157,0.0,0.0
2020-12-24,1.5150740256512105,0.004197317807294265,0.0,0.0
2020-12-28,1.5198878675484435,0.0031772981489559537,0.0,0.0
2020-12-29,1.523336431723263,0.002268959604488474,0.0,0.0
2020-12-30,1.5292004341753813,0.0038494467341563254,0.0,0.0
2020-12-31,1.5339262445602466,0.0030903799654056208,0.0,0.0
2021-01-04,1.540296027670525,0.0041526006435235185,0.024023631353352552,3.7004392923684136e-05
2021-01-05,1.5489262025039015,0.0056029326040840655,0.0,0.0
2021-01-06,1.5256249236868622,-0.015043504835396182,0.0,0.0
2021-01-07,1.542375554952477,0.010979521247683088,0.0,0.0
2021-01-08,1.5265247404720674,-0.010276883881823351,0.0,0.0
2021-01-11,1.5136104437957543,-0.008459932770116474,0.0,0.0
2021-01-12,1.5170961567581638,0.002302912864203144,0.0,0.0
2021-01-13,1.5192067004143244,0.0013911732929774434,0.0,0.0
2021-01-14,1.5146187957404518,-0.003019934464889684,0.0,0.0
2021-01-15,1.4993373796532277,-0.010089281956753626,0.0,0.0
2021-01-19,1.5167910343078987,0.011640912106591905,0.0,0.0
2021-01-20,1.5469855164404658,0.019906817385919373,0.0,0.0
2021-01-21,1.5529701046560722,0.0038685483167137935,0.0,0.0
2021-01-22,1.5448004616215179,-0.005260656988863022,0.0,0.0
2021-01-25,1.5521319777426732,0.0047459308197381755,0.0,0.0
2021-01-26,1.5515110632508093,-0.0004000397522683219,0.0,0.0
2021-01-27,1.5240571581735125,-0.01769494638328517,0.0,0.0
2021-01-28,1.5294387440839607,0.0035310919158031417,0.0,0.0
2021-01-29,1.5123114849229387,-0.011198394984612614,0.0,0.0
2021-02-01,1.5371862163958956,0.016448153519262876,1.0,0.0015387249413372323
2021-02-02,1.5606728685329774,0.015278989550237432,0.0,0.0
2021-02-03,1.5599095842585873,-0.000489073841020593,0.0,0.0
2021-02-04,1.5850587851774274,0.016122217064775235,0.0,0.0
2021-02-05,1.598786093698978,0.008660441271907793,0.0,0.0
2021-02-08,1.6247337744951271,0.016229613766602258,0.0,0.0
2021-02-09,1.628471614140911,0.0023005859202658296,0.0,0.0
2021-02-10,1.621186089243957,-0.0044738421190089195,0.0,0.0
2021-02-11,1.6245994173374543,0.0021054511361426886,0.0,0.0
2021-02-12,1.6313927660580358,0.004181553094309898,0.0,0.0
2021-02-16,1.624005008134906,-0.004528497414501231,0.0,0.0
2021-02-17,1.6137078272726306,-0.006340609056434632,0.0,0.0
2021-02-18,1.5975640751155273,-0.010004135745185216,0.0,0.0
2021-02-19,1.6108946360547214,0.008344304398701485,0.0,0.0
2021-02-22,1.5851135884109824,-0.016004179954860365,0.0,0.0
2021-02-23,1.575635363284209,-0.005979524241082834,0.0,0.0
2021-02-24,1.6010750924518031,0.016145695736714316,0.0,0.0
2021-02-25,1.543519790620223,-0.035947909066178174,0.0,0.0
2021-02-26,1.5455477960385458,0.0013138836512798235,0.0,0.0
2021-03-01,1.596340548216158,0.03286391550478163,0.03359467475720501,5.3630343212997586e-05
2021-03-02,1.5681806991771892,-0.017640251680906105,0.0,0.0
2021-03-03,1.5369155751390533,-0.01993719477260525,0.0,0.0
2021-03-04,1.5027918355593795,-0.022202741732633258,0.0,0.0
2021-03-05,1.530047437246539,0.018136644771572286,0.0,0.0
2021-03-08,1.5121257489794506,-0.01171315857980193,0.0,0.0
2021-03-09,1.5575463565505308,0.030037586227028346,0.0,0.0
2021-03-10,1.5690501516398392,0.0073858444346950325,0.0,0.0
2021-03-11,1.6043643360189002,0.022506727616165456,0.0,0.0
2021-03-12,1.6028370927264077,-0.0009519304675409401,0.0,0.0
2021-03-15,1.6140800896108018,0.007014435175860534,0.0,0.0
2021-03-16,1.6045564598800341,-0.005900345213392777,0.0,0.0
2021-03-17,1.6142031561750838,0.006012064103852577,0.0,0.0
2021-03-18,1.5649206888976157,-0.030530523428193956,0.0,0.0
2021-03-19,1.5736360830060434,0.005569224159575281,0.0,0.0
2021-03-22,1.582083488828475,0.005368080913787265,0.0,0.0
2021-03-23,1.5498055169666927,-0.020402192482069315,0.0,0.0
2021-03-24,1.5188686758775867,-0.019961756975582445,0.0,0.0
2021-03-25,1.5352850832692346,0.010808312563403533,0.0,0.0
2021-03-26,1.5607909594749416,0.01661312057523201,0.0,0.0
2021-03-29,1.5386022344337384,-0.01421633365218078,0.0,0.0
2021-03-30,1.5474449535893948,0.005747241852219753,0.0,0.0
2021-03-31,1.569688522286329,0.0143743844621671,0.0,0.0
2021-04-01,1.5930179820992232,0.014862477161337484,0.006383744122958191,1.016948410037758e-05
2021-04-05,1.6132988837827327,0.012731119115670042,0.0,0.0
2021-04-06,1.6103848896100676,-0.0018062333036719114,0.0,0.0
2021-04-07,1.5994611580818165,-0.00678330478553868,0.0,0.0
2021-04-08,1.6146090349036748,0.009470612490536823,0.0,0.0
2021-04-09,1.6196974847401133,0.003151505860824022,0.0,0.0
2021-04-12,1.615520901926356,-0.0025786190650457508,0.0,0.0
2021-04-13,1.6231001760001351,0.004691535754654419,0.0,0.0
2021-04-14,1.620824113164172,-0.001402293505735397,0.0,0.0
2021-04-15,1.6367928446694968,0.00985222972414368,0.0,0.0
2021-04-16,1.6390561683966833,0.001382779582985938,0.0,0.0
2021-04-19,1.620979693807359,-0.01102858763345893,0.0,0.0
2021-04-20,1.5987560930477116,-0.013709980972956282,0.0,0.0
2021-04-21,1.6247272268704296,0.016244587861560023,0.0,0.0
2021-04-22,1.6114146541085148,-0.008193727871205536,0.0,0.0
2021-04-23,1.6366515252101126,0.015661314136155458,0.0,0.0
2021-04-26,1.6504409383123757,0.008425381267703091,0.0,0.0
2021-04-27,1.6480195276084184,-0.0014671295698913678,0.0,0.0
2021-04-28,1.6465857109816566,-0.0008700240517431901,0.0,0.0
2021-04-29,1.6465535541446095,-1.9529403682216895e-05,0.0,0.0
2021-04-30,1.6300453634720649,-0.010025905705278282,0.0,0.0
2021-05-03,1.6295233796763962,-0.00032022654544827667,0.012583915909120842,2.0506043228117578e-05
2021-05-04,1.6051268241409034,-0.014971589754261605,0.0,0.0
2021-05-05,1.5992279386833559,-0.003675027648176399,0.0,0.0
2021-05-06,1.605923339015849,0.004186645424669955,0.0,0.0
2021-05-07,1.622537510616603,0.01034555709921725,0.0,0.0
2021-05-10,1.581424387116885,-0.02533878152628599,0.0,0.0
2021-05-11,1.5778104177364192,-0.0022852622040655524,0.0,0.0
2021-05-12,1.5317705517929774,-0.029179593077786947,0.0,0.0
2021-05-13,1.5517688560632217,0.013055678767838863,0.0,0.0
2021-05-14,1.5878544327079651,0.023254479237514225,0.0,0.0
2021-05-17,1.5841375974406624,-0.0023407909382247016,0.0,0.0
2021-05-18,1.572773260892323,-0.00717383172187791,0.0,0.0
2021-05-19,1.5675770443430954,-0.003303856111007031,0.0,0.0
2021-05-20,1.5879270835665107,0.012981843091446343,0.0,0.0
2021-05-21,1.5855717415684767,-0.0014832809531428737,0.0,0.0
2021-05-24,1.6040565718533375,0.011658148162110527,0.0,0.0
2021-05-25,1.5974560114032745,-0.00411491749473436,0.0,0.0
2021-05-26,1.6150129238108377,0.010990545143174435,0.0,0.0
2021-05-27,1.6202759009161916,0.0032587832752044577,0.0,0.0
2021-05-28,1.622279534038619,0.0012365999650394421,0.0,0.0
2021-06-01,1.628803586309399,0.004021533979744252,0.009596041475927596,1.563021675857339e-05
2021-06-02,1.6313580118556616,0.0015682833508798844,0.0,0.0
2021-06-03,1.6160467290555074,-0.009385605543897557,0.0,0.0
2021-06-04,1.6332493097289225,0.01064485349595623,0.0,0.0
2021-06-07,1.6465877155064943,0.008166791008646257,0.0,0.0
2021-06-08,1.6556926351270365,0.005529568534246909,0.0,0.0
2021-06-09,1.6503533066353997,-0.0032248307314763913,0.0,0.0
2021-06-10,1.652816026381503,0.001492237896092874,0.0,0.0
2021-06-11,1.6636482986807914,0.006553828209787671,0.0,0.0
2021-06-14,1.669218043973526,0.0033479103108218222,0.0,0.0
2021-06-15,1.6613520049978394,-0.004712409504609605,0.0,0.0
2021-06-16,1.656540707027851,-0.0028960135814171117,0.0,0.0
2021-06-17,1.6579091882293582,0.0008261078014570877,0.0,0.0
2021-06-18,1.6328237287398424,-0.015130780182421755,0.0,0.0
2021-06-21,1.655022191956305,0.013595137567969262,0.0,0.0
2021-06-22,1.6665697980097123,0.006977311911302797,0.0,0.0
2021-06-23,1.66966865876357,0.0018594245242884444,0.0,0.0
2021-06-24,1.686487295299311,0.01007303841242102,0.0,0.0
2021-06-25,1.6868285810213368,0.00020236483427837904,0.0,0.0
2021-06-28,1.690659998456288,0.0022713733203592046,0.0,0.0
2021-06-29,1.6898616840478002,-0.0004721909841225447,0.0,0.0
2021-06-30,1.6885970069660579,-0.0007483908852901067,0.0,0.0
2021-07-01,1.6961232490953149,0.004457097873683757,0.02422864854466337,4.10957697857253e-05
2021-07-02,1.6977946189007334,0.0009854058697149615,0.0,0.0
2021-07-06,1.6892973238434763,-0.005004901631010417,0.0,0.0
2021-07-07,1.6834185769564773,-0.0034799953827095997,0.0,0.0
2021-07-08,1.6706540795367624,-0.007582485778903858,0.0,0.0
2021-07-09,1.6931644351722328,0.013473977594279818,0.0,0.0
2021-07-12,1.6972333956135583,0.002403169093798896,0.0,0.0
2021-07-13,1.6815834195262975,-0.009220874470009632,0.0,0.0
2021-07-14,1.670566902620958,-0.006551275885226637,0.0,0.0
2021-07-15,1.6599227892895498,-0.00637155765190156,0.0,0.0
2021-07-16,1.6431163651520726,-0.010124822820626767,0.0,0.0
2021-07-19,1.624306929664625,-0.011447415342191292,0.0,0.0
2021-07-20,1.658240715184259,0.020891239765036484,0.0,0.0
2021-07-21,1.6786468222454727,0.012305877472647886,0.0,0.0
2021-07-22,1.6714254429934114,-0.004301905056122157,0.0,0.0
2021-07-23,1.685329116900518,0.008318452950079491,0.0,0.0
2021-07-26,1.6883682292742996,0.0018032753029098014,0.0,0.0
2021-07-27,1.6692381243670935,-0.011330528835779341,0.0,0.0
2021-07-28,1.6843151017697122,0.009032250811031206,0.0,0.0
2021-07-29,1.6921003517928777,0.004622205200787821,0.0,0.0
2021-07-30,1.682144431481347,-0.005883764695741478,0.0,0.0
2021-08-02,1.6781184582860638,-0.0023933576213416297,0.03927925766514296,6.591783651933592e-05
2021-08-03,1.6866760689225493,0.0050995271485339,0.0,0.0
2021-08-04,1.6774050045007654,-0.005496647870095406,0.0,0.0
2021-08-05,1.697721252086704,0.01211171275358458,0.0,0.0
2021-08-06,1.699180834789805,0.0008597304777253623,0.0,0.0
2021-08-09,1.6960538668376723,-0.001840279673657852,0.0,0.0
2021-08-10,1.6933825448549258,-0.0015750218993499931,0.0,0.0
2021-08-11,1.6960909449727688,0.0015994024067815804,0.0,0.0
2021-08-12,1.6971066219170297,0.0005988340113902701,0.0,0.0
2021-08-13,1.6923315398877086,-0.00281366059601329,0.0,0.0
2021-08-16,1.6848416411455105,-0.004425786889662886,0.0,0.0
2021-08-17,1.6671764607079886,-0.010484771984571428,0.0,0.0
2021-08-18,1.6518659076468185,-0.009183522813576817,0.0,0.0
2021-08-19,1.646089255049385,-0.0034970469277755267,0.0,0.0
2021-08-20,1.6684223395332174,0.01356735937333009,0.0,0.0
2021-08-23,1.6967200064922658,0.016960733675482675,0.0,0.0
2021-08-24,1.7075833348403093,0.006402546269553389,0.0,0.0
2021-08-25,1.711548451184711,0.0023220631541081005,0.0,0.0
2021-08-26,1.697068410444476,-0.008460199143186409,0.0,0.0
2021-08-27,1.7290889718541327,0.018868161832833907,0.0,0.0
2021-08-30,1.7352528680958337,0.0035648230611819987,0.0,0.0
2021-08-31,1.7362179453361792,0.000556159426726488,0.0,0.0
2021-09-01,1.7417163182143203,0.003166867899799586,1.0037009475694874,0.0017499187140604241
2021-09-02,1.752344618808317,0.006102199584886003,0.0,0.0
2021-09-03,1.7484437137149986,-0.0022261061274414518,0.0,0.0
2021-09-07,1.732564991078307,-0.009081632146426655,0.0,0.0
2021-09-08,1.7274488727991846,-0.0029529156513420363,0.0,0.0
2021-09-09,1.7093453638323841,-0.010479910144874705,0.0,0.0
2021-09-10,1.688487620238194,-0.012202182212859958,0.0,0.0
2021-09-13,1.6989956572417197,0.006223342639635865,0.0,0.0
2021-09-14,1.6866219177924497,-0.00728297297084235,0.0,0.0
2021-09-15,1.6969252385500504,0.006108850269825883,0.0,0.0
2021-09-16,1.6982481556857756,0.0007795965936929772,0.0,0.0
2021-09-17,1.691780388264068,-0.0038084937116247275,0.0,0.0
2021-09-20,1.6663942957972628,-0.015005548381403,0.0,0.0
2021-09-21,1.668052659602457,0.0009951809180916982,0.0,0.0
2021-09-22,1.6891252718047234,0.012633061720778382,0.0,0.0
2021-09-23,1.7024387606464357,0.007881883637610665,0.0,0.0
2021-09-24,1.6892878599859418,-0.0077247422723742964,0.0,0.0
2021-09-27,1.6911077735717166,0.0010773259128198376,0.0,0.0
2021-09-28,1.6657689040905324,-0.014983592339397167,0.0,0.0
2021-09-29,1.6700798300381767,0.002587949587159688,0.0,0.0
2021-09-30,1.6485475771598568,-0.012892948283692363,0.0,0.0
2021-10-01,1.6735087546503886,0.015141314594957267,0.020206015663829627,3.381562738911779e-05
2021-10-04,1.6660667357535317,-0.00444695546179652,0.0,0.0
2021-10-05,1.6631721688083523,-0.0017373655466870197,0.0,0.0
2021-10-06,1.6667873732181553,0.002173680198360506,0.0,0.0
2021-10-07,1.681818498191137,0.009018021863196779,0.0,0.0
2021-10-08,1.667550095988908,-0.008483913227007145,0.0,0.0
2021-10-11,1.6648768468941766,-0.0016030997216585074,0.0,0.0
2021-10-12,1.6803754801911737,0.009309177027664095,0.0,0.0
2021-10-13,1.6904891012741543,0.006018667376549658,0.0,0.0
2021-10-14,1.7132880311709284,0.013486587922743931,0.0,0.0
2021-10-15,1.7099666725575506,-0.0019385874137624048,0.0,0.0
2021-10-18,1.7116661269806945,0.0009938523659072107,0.0,0.0
2021-10-19,1.715233513781196,0.0020841604237353817,0.0,0.0
2021-10-20,1.7344991566946586,0.011232081672070349,0.0,0.0
2021-10-21,1.7378986074881702,0.00195990339942842,0.0,0.0
2021-10-22,1.7399999479184038,0.0012091271730005904,0.0,0.0
2021-10-25,1.7509685285257044,0.006303782146903192,0.0,0.0
2021-10-26,1.7468881774306553,-0.0023303394827345336,0.0,0.0
2021-10-27,1.7235758604945413,-0.013345053929211481,0.0,0.0
2021-10-28,1.7526874573417164,0.01689023240254839,0.0,0.0
2021-10-29,1.7424092589007438,-0.0058642505815391655,0.0,0.0
2021-11-01,1.7690269356707558,0.01527636325050552,0.004289792317077982,7.588790711680596e-06
2021-11-02,1.7750769316451585,0.0034199569562285426,0.0,0.0
2021-11-03,1.7939042780125103,0.010606495995586274,0.0,0.0
2021-11-04,1.7850885852731504,-0.004914249242510826,0.0,0.0
2021-11-05,1.8019333845309558,0.009436394023676797,0.0,0.0
2021-11-08,1.8040425132965856,0.0011704809865538124,0.0,0.0
2021-11-09,1.8002455432718065,-0.0021047009684049822,0.0,0.0
2021-11-10,1.7817624926413171,-0.010266960915174872,0.0,0.0
2021-11-11,1.79043642694467,0.004868176504543298,0.0,0.0
2021-11-12,1.790697899757274,0.00014603859074191483,0.0,0.0
2021-11-15,1.7933219634414805,0.0014653860288562637,0.0,0.0
2021-11-16,1.7890929965794755,-0.002358174911263222,0.0,0.0
2021-11-17,1.7800037861514961,-0.005080345429419708,0.0,0.0
2021-11-18,1.7763847393384542,-0.0020331680422245313,0.0,0.0
2021-11-19,1.763047461454423,-0.007508102039312847,0.0,0.0
2021-11-22,1.7549457848707108,-0.004595268568112543,0.0,0.0
2021-11-23,1.7605369494109597,0.003185947160561975,0.0,0.0
2021-11-24,1.772217593957977,0.006634705707781574,0.0,0.0
2021-11-26,1.7142708474963997,-0.03269730909970381,0.0,0.0
2021-11-29,1.7201991631717828,0.0034582141346224393,0.0,0.0
2021-11-30,1.6864067993219916,-0.019644448487861843,0.0,0.0
2021-12-01,1.6519837462294853,-0.02041206967758069,0.9999999999999999,0.0016536373836130982
2021-12-02,1.682721261719832,0.01860642730928941,0.0,0.0
2021-12-03,1.6654224390849954,-0.010280266273664518,0.0,0.0
2021-12-06,1.6868436549356365,0.012862331711112285,0.0,0.0
2021-12-07,1.7240898833622795,0.022080427144307135,0.0,0.0
2021-12-08,1.7341822466274626,0.005853733823610874,0.0,0.0
2021-12-09,1.7088900309463315,-0.014584520012425384,0.0,0.0
2021-12-10,1.72069715794873,0.0069092374515522526,0.0,0.0
2021-12-13,1.7166115167700977,-0.0023744103718418286,0.0,0.0
2021-12-14,1.6966972691897433,-0.011600905263541628,0.0,0.0
2021-12-15,1.7277760395900055,0.01831721601998204,0.0,0.0
2021-12-16,1.7056760850478412,-0.012790983342614526,0.0,0.0
2021-12-17,1.7004569529690268,-0.0030598612037572304,0.0,0.0
2021-12-20,1.685644996113493,-0.008710574430991547,0.0,0.0
2021-12-21,1.7136820007369258,0.016632805061609357,0.0,0.0
2021-12-22,1.7328570900241782,0.01118940928305645,0.0,0.0
2021-12-23,1.7382579263989595,0.003116723477009753,0.0,0.0
2021-12-27,1.7673868070478145,0.016757513488921294,0.0,0.0
2021-12-28,1.7667268546112167,-0.0003734057728427276,0.0,0.0
2021-12-29,1.7727141702099452,0.00338893110901739,0.0,0.0
2021-12-30,1.7741215968689785,0.0007939388552791193,0.0,0.0
2021-12-31,1.7713221199936928,-0.0015779509590697627,0.0,0.0
2022-01-03,1.7705047576499953,-0.0004614419559669791,1.0,0.0017722770346846805
2022-01-04,1.769131223072502,-0.0007757870017340851,0.0,0.0
2022-01-05,1.7268345275570063,-0.02390817309867943,0.0,0.0
2022-01-06,1.7267881635434006,-2.6849135146278513e-05,0.0,0.0
2022-01-07,1.7176683505259769,-0.00528137336702017,0.0,0.0
2022-01-10,1.711671192996366,-0.0034914525424972753,0.0,0.0
2022-01-11,1.7208360285632058,0.005354320154676628,0.0,0.0
2022-01-12,1.724189457140197,0.0019487205761208326,0.0,0.0
2022-01-13,1.7104705647827088,-0.00795671977964818,0.0,0.0
2022-01-14,1.7031317677240596,-0.004290513505318061,0.0,0.0
2022-01-18,1.679035339152097,-0.014148305509070203,0.0,0.0
2022-01-19,1.6590228562050342,-0.011919036175360609,0.0,0.0
2022-01-20,1.6392203185539755,-0.011936265722315875,0.0,0.0
2022-01-21,1.620968805003497,-0.011134265079497663,0.0,0.0
2022-01-24,1.6259537344827504,0.0030752778609102194,0.0,0.0
2022-01-25,1.6127722278007102,-0.008106938347931192,0.0,0.0
2022-01-26,1.5981391186995777,-0.00907326456203128,0.0,0.0
2022-01-27,1.5810213470834746,-0.010711064772653822,0.0,0.0
2022-01-28,1.6261721910667344,0.028558022993522503,0.0,0.0
2022-01-31,1.6508443338640455,0.015171912871740023,0.0,0.0
2022-02-01,1.6535301783843113,0.0016269520179283958,0.015229448341899326,2.5182735952651282e-05
2022-02-02,1.6721049825543775,0.011233423140916576,0.0,0.0
2022-02-03,1.6435795565908533,-0.01705959031349069,0.0,0.0
2022-02-04,1.6392120983201797,-0.002657284372490465,0.0,0.0
2022-02-07,1.6354123227429525,-0.002318049983355497,0.0,0.0
2022-02-08,1.6383025560095563,0.0017672810864945987,0.0,0.0
2022-02-09,1.6687811116337459,0.018603740507142197,0.0,0.0
2022-02-10,1.6340959900236662,-0.02078470409826405,0.0,0.0
2022-02-11,1.610504269127711,-0.014437169566528074,0.0,0.0
2022-02-14,1.600534544829018,-0.006190436430257185,0.0,0.0
2022-02-15,1.6206428823726577,0.012563513614001875,0.0,0.0
2022-02-16,1.6253043221406855,0.0028762905256483062,0.0,0.0
2022-02-17,1.5993000503119537,-0.0159996324838918,0.0,0.0
2022-02-18,1.5892924325536288,-0.006257498557805219,0.0,0.0
2022-02-22,1.5778967681593241,-0.007170275375938506,0.0,0.0
2022-02-23,1.5508671041159228,-0.017130185313030677,0.0,0.0
2022-02-24,1.5755785128371924,0.015933930544846042,0.0,0.0
2022-02-25,1.6119622448912407,0.023092300229793805,0.0,0.0
2022-02-28,1.5978122960863121,-0.008778089468145844,0.0,0.0
2022-03-01,1.5814450480378404,-0.01024353617040108,0.007449009409241545,1.1780286794499743e-05
2022-03-02,1.6107981569627496,0.01856094143854614,0.0,0.0
2022-03-03,1.613378305513613,0.0016017826564493909,0.0,0.0
2022-03-04,1.6105893502274058,-0.0017286431066267927,0.0,0.0
2022-03-07,1.571036321236276,-0.024558109108038795,0.0,0.0
2022-03-08,1.5613121299764672,-0.006189666736766797,0.0,0.0
2022-03-09,1.5940836685705881,0.020989741874749335,0.0,0.0
2022-03-10,1.5925500321122779,-0.00096208027755873,0.0,0.0
2022-03-11,1.576166689606441,-0.010287489984918574,0.0,0.0
2022-03-14,1.564241757266511,-0.007565781220073564,0.0,0.0
2022-03-15,1.5864542721281598,0.014200180220520942,0.0,0.0
2022-03-16,1.6133677857569384,0.01696456941849034,0.0,0.0
2022-03-17,1.6359486482423415,0.013996103482882605,0.0,0.0
2022-03-18,1.644832640236336,0.005430483410062692,0.0,0.0
2022-03-21,1.6395539099535288,-0.00320928108652363,0.0,0.0
2022-03-22,1.6512391939685622,0.007127111797967434,0.0,0.0
2022-03-23,1.6313376819494487,-0.012052470709154162,0.0,0.0
2022-03-24,1.648823050734486,0.01071842389133204,0.0,0.0
2022-03-25,1.663092464853753,0.008654302905888311,0.0,0.0
2022-03-28,1.6778403427263675,0.008867743787120963,0.0,0.0
2022-03-29,1.7127971155036186,0.020834385660586152,0.0,0.0
2022-03-30,1.7013043306061553,-0.006709951104795109,0.0,0.0
2022-03-31,1.6778358307229593,-0.013794416120033293,0.0,0.0
2022-04-01,1.6966180051481834,0.011194286163939582,0.015118800513612718,2.5651216983271962e-05
2022-04-04,1.699738905252052,0.001839483074209225,0.0,0.0
2022-04-05,1.6847853840773646,-0.008797540097765788,0.0,0.0
2022-04-06,1.6863201881624006,0.000910978988505784,0.0,0.0
2022-04-07,1.6820881685511635,-0.002509618067164765,0.0,0.0
2022-04-08,1.6812227677843938,-0.0005144800272360861,0.0,0.0
2022-04-11,1.6578338864371296,-0.013911827626559736,0.0,0.0
2022-04-12,1.653552514279824,-0.0025825097389623464,0.0,0.0
2022-04-13,1.668867073611068,0.009261610501625883,0.0,0.0
2022-04-14,1.654919420301125,-0.008357557968810103,0.0,0.0
2022-04-18,1.651878223619231,-0.0018376705503525548,0.0,0.0
2022-04-19,1.6832410183829767,0.018986142147349394,0.0,0.0
2022-04-20,1.6967512653320287,0.008026329445102842,0.0,0.0
2022-04-21,1.6783069379905182,-0.010870377832251754,0.0,0.0
2022-04-22,1.6407439919685352,-0.02238145190948093,0.0,0.0
2022-04-25,1.6432203446929599,0.0015092864801251604,0.0,0.0
2022-04-26,1.6061554537516234,-0.02255625124228977,0.0,0.0
2022-04-27,1.602895121382542,-0.0020298983896396283,0.0,0.0
2022-04-28,1.6377628500691053,0.021752969499644337,0.0,0.0
2022-04-29,1.5697590670480197,-0.04152236266576459,0.0,0.0
2022-05-02,1.5535761256253862,-0.010309188054614005,1.0,0.0015551312568822682
2022-05-03,1.5652836669451746,0.007535865881741488,0.0,0.0
2022-05-04,1.5819708107134223,0.010660779333891979,0.0,0.0
2022-05-05,1.5577596860996694,-0.01530440666148214,0.0,0.0
2022-05-06,1.549867141605068,-0.005066599530742066,0.0,0.0
2022-05-09,1.504806475480068,-0.02907388957116308,0.0,0.0
2022-05-10,1.484949365264812,-0.01319578998284221,0.0,0.0
2022-05-11,1.4896810202550148,0.0031864083051471592,0.0,0.0
2022-05-12,1.4834159811615495,-0.0042056245654474855,0.0,0.0
2022-05-13,1.4963113921575066,0.008693051146624331,0.0,0.0
2022-05-16,1.4988426901058949,0.0016916919577403267,0.0,0.0
2022-05-17,1.5040881456937811,0.0034996705274759066,0.0,0.0
2022-05-18,1.4828175979004763,-0.014141822641314361,0.0,0.0
2022-05-19,1.4907410131877403,0.005343486143193132,0.0,0.0
2022-05-20,1.4958727389090423,0.0034423992336056752,0.0,0.0
2022-05-23,1.5078760357055878,0.00802427672109296,0.0,0.0
2022-05-24,1.519895271401797,0.007970970697591229,0.0,0.0
2022-05-25,1.521477673338067,0.00104112563940717,0.0,0.0
2022-05-26,1.5209650825575312,-0.00033690325498580975,0.0,0.0
2022-05-27,1.5414326461305419,0.013456958221943038,0.0,0.0
2022-05-31,1.5243625890267738,-0.011074150496694801,0.0,0.0
2022-06-01,1.5214195297510644,-0.0019306819105212591,1.0108675408775794,0.0015395098592281369
2022-06-02,1.5463587284927334,0.01639205903039076,0.0,0.0
2022-06-03,1.5233387853106977,-0.014886547835167407,0.0,0.0
2022-06-06,1.5232603010819719,-5.152119113793763e-05,0.0,0.0
2022-06-07,1.5410489280746993,0.011677995533719399,0.0,0.0
2022-06-08,1.5149234653383443,-0.01695303910239543,0.0,0.0
2022-06-09,1.4789516928714925,-0.023744943747912584,0.0,0.0
2022-06-10,1.4410738450441642,-0.025611281294648403,0.0,0.0
2022-06-13,1.377738414769232,-0.04395016292380993,0.0,0.0
2022-06-14,1.3704523673607127,-0.005288411305378049,0.0,0.0
2022-06-15,1.3963784690568914,0.018917915218103154,0.0,0.0
2022-06-16,1.354874939279651,-0.029722264197665327,0.0,0.0
2022-06-17,1.3614530857639109,0.004855168763957751,0.0,0.0
2022-06-21,1.388077988620367,0.019556239678664156,0.0,0.0
2022-06-22,1.395559013967806,0.005389484891172858,0.0,0.0
2022-06-23,1.4156506006011362,0.014396801878127974,0.0,0.0
2022-06-24,1.4531878162504186,0.02651587590422566,0.0,0.0
2022-06-27,1.4493174164376645,-0.0026633858125377774,0.0,0.0
2022-06-28,1.425702495559642,-0.016293822602412744,0.0,0.0
2022-06-29,1.420682818480889,-0.0035208447024444034,0.0,0.0
2022-06-30,1.4135943788375789,-0.004989459681711161,0.0,0.0
2022-07-01,1.4323819570829113,0.013290643006646397,1.0,0.0014338157728557672
2022-07-05,1.415184061669386,-0.01200650100937406,0.0,0.0
2022-07-06,1.4027661070122095,-0.008774798270783202,0.0,0.0
2022-07-07,1.405079487770354,0.0016491564392526747,0.0,0.0
2022-07-08,1.4015936785128504,-0.002480862675630635,0.0,0.0
2022-07-11,1.3963474777959717,-0.0037430253841078676,0.0,0.0
2022-07-12,1.3910145636485503,-0.003819188441432253,0.0,0.0
2022-07-13,1.3908934276569982,-8.708463212225848e-05,0.0,0.0
2022-07-14,1.3749028905323584,-0.011496594064418275,0.0,0.0
2022-07-15,1.3853555760102068,0.007602490001167306,0.0,0.0
2022-07-18,1.3809747502481164,-0.0031622392387570253,0.0,0.0
2022-07-19,1.4008148390569146,0.014366728142736429,0.0,0.0
2022-07-20,1.39273363619728,-0.005768930078635659,0.0,0.0
2022-07-21,1.4079361896942983,0.010915621696713895,0.0,0.0
2022-07-22,1.4134218244017598,0.0038962239536242116,0.0,0.0
2022-07-25,1.4127852012362934,-0.0004504127178989181,0.0,0.0
2022-07-26,1.4127488636136074,-2.5720557275232814e-05,0.0,0.0
2022-07-27,1.4240858618732932,0.0080247795993178,0.0,0.0
2022-07-28,1.4563283394141726,0.02264082412732238,0.0,0.0
2022-07-29,1.4623779869729814,0.004154040950162585,0.0,0.0
2022-08-01,1.4601018972336937,-0.0015564305258718436,0.03819674465953415,5.577326970287822e-05
2022-08-02,1.4463955527821217,-0.009387251997644785,0.0,0.0
2022-08-03,1.4504705596339043,0.002817353001358658,0.0,0.0
2022-08-04,1.461387677484685,0.007526604230792655,0.0,0.0
2022-08-05,1.4550791171472142,-0.004316828747542911,0.0,0.0
2022-08-08,1.4677428979159344,0.00870315615108841,0.0,0.0
2022-08-09,1.4740149930162105,0.004273292760729408,0.0,0.0
2022-08-10,1.4833131689154566,0.0063080605986372,0.0,0.0
2022-08-11,1.479581726831596,-0.002515613130158356,0.0,0.0
2022-08-12,1.49914236231922,0.013220381904493594,0.0,0.0
2022-08-15,1.49263646562141,-0.004339745751527624,0.0,0.0
2022-08-16,1.489345435742897,-0.0022048435465114036,0.0,0.0
2022-08-17,1.4800753657437407,-0.006224257836149549,0.0,0.0
2022-08-18,1.473190110417611,-0.004651962653719144,0.0,0.0
2022-08-19,1.4599978193049918,-0.008954914249919566,0.0,0.0
2022-08-22,1.4390810814691934,-0.014326554162769511,0.0,0.0
2022-08-23,1.4347832874768334,-0.002986484950502133,0.0,0.0
2022-08-24,1.44099738729858,0.004331037220732137,0.0,0.0
2022-08-25,1.4539188191518444,0.00896700574696263,0.0,0.0
2022-08-26,1.4267454295900248,-0.01868975709226417,0.0,0.0
2022-08-29,1.4207915759925318,-0.004173031484112633,0.0,0.0
2022-08-30,1.4050765953866997,-0.011060721974547216,0.0,0.0
2022-08-31,1.3963187917208817,-0.006232972419135452,0.0,0.0
2022-09-01,1.3899984783703658,-0.004526411438412592,1.0,0.0013913898682386047
2022-09-02,1.3887893081681852,-0.0008699075725595584,0.0,0.0
2022-09-06,1.38210054839282,-0.004816252354497008,0.0,0.0
2022-09-07,1.4014957218161324,0.0140331131811402,0.0,0.0
2022-09-08,1.4018276895818398,0.00023686677065071216,0.0,0.0
2022-09-09,1.4164305257692837,0.010416997963422991,0.0,0.0
2022-09-12,1.427657846110968,0.0079264885480963,0.0,0.0
2022-09-13,1.3871273718311878,-0.028389487292202142,0.0,0.0
2022-09-14,1.387071790660369,-4.006926252597687e-05,0.0,0.0
2022-09-15,1.3662305495860183,-0.015025351401911413,0.0,0.0
2022-09-16,1.3647987339181653,-0.0010480044296233837,0.0,0.0
2022-09-19,1.370590621516342,0.00424376683113481,0.0,0.0
2022-09-20,1.3588213262199418,-0.008587024536458099,0.0,0.0
2022-09-21,1.3501961568266383,-0.006347537551016802,0.0,0.0
2022-09-22,1.3442195378182182,-0.0044264820175957675,0.0,0.0
2022-09-23,1.3213397046149535,-0.017020905112271056,0.0,0.0
2022-09-26,1.3070956334354342,-0.010780022071364415,0.0,0.0
2022-09-27,1.3068231845574712,-0.00020843836594186538,0.0,0.0
2022-09-28,1.3332774231310391,0.020243165935662555,0.0,0.0
2022-09-29,1.3195199333575707,-0.010318550014265404,0.0,0.0
2022-09-30,1.3096880814486216,-0.0074510825190275964,0.0,0.0
2022-10-03,1.3427891910218588,0.02527404046971604,0.03878925436216986,5.208781193270532e-05
2022-10-04,1.3732134029503862,0.022657474555164203,0.0,0.0
2022-10-05,1.3678301287956254,-0.003920202164641506,0.0,0.0
2022-10-06,1.359943410438854,-0.005765860972601677,0.0,0.0
2022-10-07,1.333462830738038,-0.019471824707963825,0.0,0.0
2022-10-10,1.3182192397552113,-0.011431582966875742,0.0,0.0
2022-10-11,1.3126876662232214,-0.004196247001384212,0.0,0.0
2022-10-12,1.314043918372567,0.0010331872419031551,0.0,0.0
2022-10-13,1.3267002606726441,0.009631597637735023,0.0,0.0
2022-10-14,1.3032477966887894,-0.01767728904490018,0.0,0.0
2022-10-17,1.3219426305248716,0.014344803715441445,0.0,0.0
2022-10-18,1.3312341734560382,0.007028703603784603,0.0,0.0
2022-10-19,1.3176880124596415,-0.010175640970235378,0.0,0.0
2022-10-20,1.3110119178399438,-0.005066521480480035,0.0,0.0
2022-10-21,1.3387163547628886,0.021132101505676237,0.0,0.0
2022-10-24,1.34498509062046,0.004682646802116386,0.0,0.0
2022-10-25,1.3575481229649538,0.009340648035509602,0.0,0.0
2022-10-26,1.3563900938592284,-0.0008530298750634158,0.0,0.0
2022-10-27,1.3516371477260165,-0.0035041144540423064,0.0,0.0
2022-10-28,1.3614969488193869,0.0072947100558447,0.0,0.0
2022-10-31,1.351053639734976,-0.007670460880185415,0.0,0.0
2022-11-01,1.3544732577913163,0.0025310749742040173,0.039764090978762365,5.386153960627597e-05
2022-11-02,1.3327551918037133,-0.016034326157917556,0.0,0.0
2022-11-03,1.3233973353146489,-0.007021436905002565,0.0,0.0
2022-11-04,1.3533672822200145,0.022646219775136478,0.0,0.0
2022-11-07,1.3569717751127643,0.002663351582459672,0.0,0.0
2022-11-08,1.3764695657741142,0.014368604431532539,0.0,0.0
2022-11-09,1.3590779793404977,-0.012634922606396759,0.0,0.0
2022-11-10,1.4166047482873192,0.042327791209402665,0.0,0.0
2022-11-11,1.4280989085524718,0.00811387952712228,0.0,0.0
2022-11-14,1.423716809839934,-0.0030684840428731874,0.0,0.0
2022-11-15,1.4322119222965461,0.005966855485514122,0.0,0.0
2022-11-16,1.4251807525647915,-0.004909308198244977,0.0,0.0
2022-11-17,1.417753812736229,-0.005211226586660511,0.0,0.0
2022-11-18,1.4159195536249194,-0.0012937782955205757,0.0,0.0
2022-11-21,1.4093676331097593,-0.004627325400222371,0.0,0.0
2022-11-22,1.4195582470349826,0.00723062860663104,0.0,0.0
2022-11-23,1.4284539584571923,0.0062665349877613075,0.0,0.0
2022-11-25,1.428913169215734,0.0003214739654875398,0.0,0.0
2022-11-28,1.411913115024407,-0.011897191906109605,0.0,0.0
2022-11-29,1.414245855368582,0.00165218406101042,0.0,0.0
2022-11-30,1.4453526536298162,0.02199532573714147,0.0,0.0
2022-12-01,1.4567378442832024,0.007877102259295388,1.0,0.0014581960403235263
2022-12-02,1.453683595215126,-0.002096636042004718,0.0,0.0
2022-12-05,1.431663296802392,-0.015147930736244763,0.0,0.0
2022-12-06,1.4303918350288558,-0.0008881011173338393,0.0,0.0
2022-12-07,1.4368579558498782,0.004520524140779969,0.0,0.0
2022-12-08,1.441119776312343,0.002966069433038676,0.0,0.0
2022-12-09,1.4441101810579708,0.002075056351859894,0.0,0.0
2022-12-12,1.4402708800635773,-0.0026585928447515617,0.0,0.0
2022-12-13,1.4627816947764616,0.015629570120789138,0.0,0.0
2022-12-14,1.4603551279903173,-0.0016588714466481136,0.0,0.0
2022-12-15,1.429752890676431,-0.020955339374197246,0.0,0.0
2022-12-16,1.4297433805152344,-6.6516117984694034e-06,0.0,0.0
2022-12-19,1.4259773651789087,-0.0026340498495390774,0.0,0.0
2022-12-20,1.440760277847109,0.010366863478471489,0.0,0.0
2022-12-21,1.446882917580879,0.0042495894895986375,0.0,0.0
2022-12-22,1.432203032553713,-0.010145869336622093,0.0,0.0
2022-12-23,1.4368547003159535,0.003247910845396218,0.0,0.0
2022-12-27,1.4440527195964625,0.005009566575469471,0.0,0.0
2022-12-28,1.4332010902750185,-0.007514704396994976,0.0,0.0
2022-12-29,1.4483948552788628,0.010601279267048902,0.0,0.0
2022-12-30,1.4444854195350183,-0.0026991505317738307,0.0,0.0
2023-01-03,1.456878659926906,0.00857969227261357,0.019067004757416774,2.7778841999117392e-05
2023-01-04,1.473414860311923,0.011350430780451504,0.0,0.0
2023-01-05,1.456889136343857,-0.011215934095145208,0.0,0.0
2023-01-06,1.48917377087144,0.0221599802772936,0.0,0.0
2023-01-09,1.4940247284951145,0.0032574825843432187,0.0,0.0
2023-01-10,1.4989501116740953,0.0032967213226398062,0.0,0.0
2023-01-11,1.5041592806745712,0.0034752117231293678,0.0,0.0
2023-01-12,1.5239815278884496,0.013178290004625559,0.0,0.0
2023-01-13,1.5370794999170285,0.008594574008207845,0.0,0.0
2023-01-17,1.5345172232534359,-0.0016669773188250359,0.0,0.0
2023-01-18,1.5295953873849406,-0.0032074165046255265,0.0,0.0
2023-01-19,1.5403513554508497,0.007031904093472763,0.0,0.0
2023-01-20,1.5446165509973,0.0027689757478752686,0.0,0.0
2023-01-23,1.5492544535531971,0.0030026238893416934,0.0,0.0
2023-01-24,1.5510323479742778,0.001147580642419932,0.0,0.0
2023-01-25,1.559736971188734,0.005612148080486268,0.0,0.0
2023-01-26,1.5534132422647593,-0.004054355984878022,0.0,0.0
2023-01-27,1.5508086465360864,-0.0016766921111575073,0.0,0.0
2023-01-30,1.5437896082989926,-0.004526050491639788,0.0,0.0
2023-01-31,1.551067686553877,0.004714423659648581,0.0,0.0
2023-02-01,1.5661451432447433,0.009720695506438615,1.0120578968933744,0.001586635326713938
2023-02-02,1.5653155441832394,-0.0005297076487975616,0.0,0.0
2023-02-03,1.5408224114204188,-0.01564740914625029,0.0,0.0
2023-02-06,1.5308992341598033,-0.006440182325403554,0.0,0.0
2023-02-07,1.5373866558840708,0.004237654301151972,0.0,0.0
2023-02-08,1.5277250327037837,-0.00628444584406207,0.0,0.0
2023-02-09,1.5105433379891569,-0.011246588454611128,0.0,0.0
2023-02-10,1.5134958065940123,0.0019545739143014274,0.0,0.0
2023-02-13,1.5189227846412168,0.003585723874199198,0.0,0.0
2023-02-14,1.5191209168346458,0.00013044257116456848,0.0,0.0
2023-02-15,1.519558029343243,0.000287740431820227,0.0,0.0
2023-02-16,1.511465789995571,-0.005325390140690667,0.0,0.0
2023-02-17,1.5157979028351594,0.0028661666497931115,0.0,0.0
2023-02-21,1.4900894493530152,-0.01696034374639177,0.0,0.0
2023-02-22,1.4880048398967025,-0.0013989827638990482,0.0,0.0
2023-02-23,1.4930122755763506,0.0033652012045846114,0.0,0.0
2023-02-24,1.480626961397768,-0.008295520660606348,0.0,0.0
2023-02-27,1.486129127143827,0.00371610533207134,0.0,0.0
2023-02-28,1.489488433496631,0.002260440423006882,0.0,0.0
2023-03-01,1.4931632339033758,0.0024671560544569093,1.0140975527662788,0.0015157503000518835
2023-03-02,1.4942252739328676,0.0007112685374093264,0.0,0.0
2023-03-03,1.5131485525205826,0.012664274201378056,0.0,0.0
2023-03-06,1.5074172267064418,-0.0037876821840087116,0.0,0.0
2023-03-07,1.4816651632130933,-0.017083567201639505,0.0,0.0
2023-03-08,1.4853845038143705,0.0025102436728765554,0.0,0.0
2023-03-09,1.487181069854707,0.0012094956125656697,0.0,0.0
2023-03-10,1.4953026857474625,0.00546108073682583,0.0,0.0
2023-03-13,1.5077145195264712,0.008300549378605693,0.0,0.0
2023-03-14,1.512955688594718,0.0034762343934267026,0.0,0.0
2023-03-15,1.4960734548938779,-0.011158445569890318,0.0,0.0
2023-03-16,1.5087840288542216,0.008495955809365796,0.0,0.0
2023-03-17,1.522845340545453,0.009319631850762455,0.0,0.0
2023-03-20,1.5343950482598867,0.007584294614118026,0.0,0.0
2023-03-21,1.5302533922958672,-0.0026992109813678278,0.0,0.0
2023-03-22,1.5411057609886365,0.007091876905750416,0.0,0.0
2023-03-23,1.551268803831063,0.006594643339667083,0.0,0.0
2023-03-24,1.5398823391808705,-0.007340097745840102,0.0,0.0
2023-03-27,1.5394101748482796,-0.0003066236429739577,0.0,0.0
2023-03-28,1.546245893687403,0.004440479185345847,0.0,0.0
2023-03-29,1.5512620663103807,0.0032440976195677873,0.0,0.0
2023-03-30,1.5672568025467561,0.010310789249438956,0.0,0.0
2023-03-31,1.5669145645221465,-0.0002183675477136493,0.0,0.0
2023-04-03,1.5787546374649006,0.007556297714524707,0.022085965416649703,3.4869090441950656e-05
2023-04-04,1.5935789336785522,0.009389867090085602,0.0,0.0
2023-04-05,1.5874624117470484,-0.0038382296616991107,0.0,0.0
2023-04-06,1.5854532645977577,-0.0012656344707271394,0.0,0.0
2023-04-10,1.5790029749494214,-0.004068419922786393,0.0,0.0
2023-04-11,1.5866355787483029,0.004833812171332941,0.0,0.0
2023-04-12,1.5955650294979091,0.005627915363306535,0.0,0.0
2023-04-13,1.6165706812425666,0.013165023898316086,0.0,0.0
2023-04-14,1.598913070443805,-0.01092288200178737,0.0,0.0
2023-04-17,1.5939391665986908,-0.0031108031681382764,0.0,0.0
2023-04-18,1.6013991589550551,0.004680224008977163,0.0,0.0
2023-04-19,1.5950737138480289,-0.0039499490627644684,0.0,0.0
2023-04-20,1.5981963002326598,0.0019576439367794407,0.0,0.0
2023-04-21,1.5943770675290811,-0.0023897143942972487,0.0,0.0
2023-04-24,1.5988529193022394,0.002807273049965975,0.0,0.0
2023-04-25,1.591595532961291,-0.004539120674161623,0.0,0.0
2023-04-26,1.5867276038527935,-0.0030585214696099428,0.0,0.0
2023-04-27,1.5967346494515207,0.006306719297268559,0.0,0.0
2023-04-28,1.596620181921109,-7.16885115826793e-05,0.0,0.0
2023-05-01,1.5918473830327777,-0.0029893138909145023,0.011299360736131305,1.7987061060046094e-05
2023-05-02,1.5991936236886117,0.0046149151822820755,0.0,0.0
2023-05-03,1.6081298118804825,0.005587933855851102,0.0,0.0
2023-05-04,1.6122599216027014,0.0025682688621941896,0.0,0.0
2023-05-05,1.6109525786849805,-0.0008108760257596881,0.0,0.0
2023-05-08,1.6121641762504528,0.0007521000813452972,0.0,0.0
2023-05-09,1.614670028299444,0.0015543404858548993,0.0,0.0
2023-05-10,1.6118776301931614,-0.0017293924190959764,0.0,0.0
2023-05-11,1.6029201616172117,-0.005557164147055205,0.0,0.0
2023-05-12,1.6001281654801227,-0.001741818590810018,0.0,0.0
2023-05-15,1.607922041441149,0.004870782309295718,0.0,0.0
2023-05-16,1.5902190455212692,-0.011009859597429839,0.0,0.0
2023-05-17,1.5911314105644419,0.000573735452195745,0.0,0.0
2023-05-18,1.579600396334183,-0.007247053356936983,0.0,0.0
2023-05-19,1.5920438357539415,0.007877586919221136,0.0,0.0
2023-05-22,1.5903999818542403,-0.0010325431139418528,0.0,0.0
2023-05-23,1.5796582519720883,-0.0067541058882736316,0.0,0.0
2023-05-24,1.5617780313256664,-0.011319043612186275,0.0,0.0
2023-05-25,1.553124170719967,-0.0055410310761982995,0.0,0.0
2023-05-26,1.5638184362579288,0.006885647483680923,0.0,0.0
2023-05-30,1.5607598658446924,-0.001955834732678574,0.0,0.0
2023-05-31,1.5539590379332884,-0.004357382618704997,0.0,0.0
2023-06-01,1.5699862416809804,0.010313787787487483,1.0000000000000002,0.0015715577994804613
2023-06-02,1.5642967987795058,-0.0036238807388420113,0.0,0.0
2023-06-05,1.569510663580295,0.003333040638360263,0.0,0.0
2023-06-06,1.5702310557679737,0.0004589915853361326,0.0,0.0
2023-06-07,1.5474511397903319,-0.014507365584169096,0.0,0.0
2023-06-08,1.5672741329344841,0.012810093084320684,0.0,0.0
2023-06-09,1.5681913877250317,0.0005852548518938683,0.0,0.0
2023-06-12,1.5808658867987342,0.008082239943996372,0.0,0.0
2023-06-13,1.58131877511607,0.0002864811753595653,0.0,0.0
2023-06-14,1.5876332589364661,0.003993175771869639,0.0,0.0
2023-06-15,1.6027814200031076,0.00954134777750193,0.0,0.0
2023-06-16,1.5963892972646307,-0.003988143772258423,0.0,0.0
2023-06-20,1.5871836517024192,-0.005766541768969069,0.0,0.0
2023-06-21,1.5749073891065004,-0.00773462011327497,0.0,0.0
2023-06-22,1.5768390886458545,0.0012265480197219958,0.0,0.0
2023-06-23,1.57082605406489,-0.0038133469827466016,0.0,0.0
2023-06-26,1.5612975397048472,-0.006065925845439968,0.0,0.0
2023-06-27,1.571528051646371,0.006552570334196428,0.0,0.0
2023-06-28,1.5713620604170067,-0.0001056240957266752,0.0,0.0
2023-06-29,1.56892036049679,-0.0015538748081830311,0.0,0.0
2023-06-30,1.5864887484603951,0.011197756371803314,0.0,0.0
2023-07-03,1.5876966218617428,0.0007613501214678298,1.0,0.0015892859077695127
2023-07-05,1.5864944777273586,-0.0007571623683210182,0.0,0.0
2023-07-06,1.5742417722591266,-0.007723131495411151,0.0,0.0
2023-07-07,1.5696406281899267,-0.0029227683766751555,0.0,0.0
2023-07-10,1.5718837545921753,0.0014290700444186122,0.0,0.0
2023-07-11,1.5807725096631668,0.005654842506657154,0.0,0.0
2023-07-12,1.5971095198089746,0.010334826830515231,0.0,0.0
2023-07-13,1.617012521270632,0.012461888940489274,0.0,0.0
2023-07-14,1.6163399738983837,-0.0004159197058782871,0.0,0.0
2023-07-17,1.6267198220978865,0.006421822368513297,0.0,0.0
2023-07-18,1.6394226252552493,0.007808845127970976,0.0,0.0
2023-07-19,1.6410361814576677,0.0009842222362688169,0.0,0.0
2023-07-20,1.6165751819135927,-0.014905825855921817,0.0,0.0
2023-07-21,1.6141526596105613,-0.0014985522047690214,0.0,0.0
2023-07-24,1.6190523317773546,0.0030354453388414804,0.0,0.0
2023-07-25,1.6267373171799822,0.004746594814629024,0.0,0.0
2023-07-26,1.6241613624782856,-0.0015835099339591707,0.0,0.0
2023-07-27,1.6168295056149533,-0.004514241646621064,0.0,0.0
2023-07-28,1.6394607887937749,0.013997321981215283,0.0,0.0
2023-07-31,1.6414459318155004,0.0012108511745414496,0.0,0.0
2023-08-01,1.6355572486769159,-0.0035874974767347023,1.0,0.0016371944431200353
2023-08-02,1.6023750947709612,-0.020287980706757525,0.0,0.0
2023-08-03,1.5988690198695232,-0.002188048798860698,0.0,0.0
2023-08-04,1.5973545424263587,-0.0009472179549067095,0.0,0.0
2023-08-07,1.610868225748197,0.00846003999920475,0.0,0.0
2023-08-08,1.599159843361484,-0.007268367579399526,0.0,0.0
2023-08-09,1.590199626171062,-0.005603077908451826,0.0,0.0
2023-08-10,1.5951000965820872,0.0030816699553783966,0.0,0.0
2023-08-11,1.584630001063452,-0.006563911281223134,0.0,0.0
2023-08-14,1.589851257155087,0.0032949370440613635,0.0,0.0
2023-08-15,1.571557393461969,-0.011506651084990938,0.0,0.0
2023-08-16,1.5568175755247893,-0.009379115263941862,0.0,0.0
2023-08-17,1.542796751165891,-0.009006080467823474,0.0,0.0
2023-08-18,1.541835418253171,-0.0006231105374013834,0.0,0.0
2023-08-21,1.5570538681403825,0.009870346540912456,0.0,0.0
2023-08-22,1.554497089324978,-0.0016420618886217042,0.0,0.0
2023-08-23,1.5751909926240368,0.013312281792720926,0.0,0.0
2023-08-24,1.547546896800747,-0.017549678707366567,0.0,0.0
2023-08-25,1.5587561117102657,0.0072432150086640945,0.0,0.0
2023-08-28,1.5728397545759054,0.009035180526212772,0.0,0.0
2023-08-29,1.599739192409655,0.0171024656233989,0.0,0.0
2023-08-30,1.6037590756362468,0.002512836620909953,0.0,0.0
2023-08-31,1.6030593244412854,-0.00043631939833843614,0.0,0.0
2023-09-01,1.601748377430569,-0.0008177782261260536,0.007229085362914795,1.157925945781152e-05
2023-09-05,1.5958208230111883,-0.003700677648813544,0.0,0.0
2023-09-06,1.5870772647065405,-0.005479035101289997,0.0,0.0
2023-09-07,1.5788165942780172,-0.005204957951464806,0.0,0.0
2023-09-08,1.5787992279570935,-1.0999580943527043e-05,0.0,0.0
2023-09-11,1.5962884226506948,0.011077529291822374,0.0,0.0
2023-09-12,1.5841738064454347,-0.007589240160711941,0.0,0.0
2023-09-13,1.5847208907352122,0.00034534360279891985,0.0,0.0
2023-09-14,1.6016298682786108,0.01067000355851544,0.0,0.0
2023-09-15,1.586135386243752,-0.009674196480558783,0.0,0.0
2023-09-18,1.584154732142475,-0.001248729533717463,0.0,0.0
2023-09-19,1.5831488912092702,-0.0006349385655304296,0.0,0.0
2023-09-20,1.5699229792068958,-0.008354180756979801,0.0,0.0
2023-09-21,1.5425149935099012,-0.017458172190613297,0.0,0.0
2023-09-22,1.54329337508651,0.000504618483375463,0.0,0.0
2023-09-25,1.5434316647660218,8.960686395997897e-05,0.0,0.0
2023-09-26,1.521879159581931,-0.01396401646804235,0.0,0.0
2023-09-27,1.5221857786288409,0.00020147397707592773,0.0,0.0
2023-09-28,1.534767956041053,0.008265861886809889,0.0,0.0
2023-09-29,1.5330794995247632,-0.0011001379782812348,0.0,0.0
2023-10-02,1.5281094599137204,-0.003241866852034425,0.004304930663870552,6.578433591433347e-06
2023-10-03,1.5051371046602187,-0.015033186990936365,0.0,0.0
2023-10-04,1.5167025639606382,0.007683990557810549,0.0,0.0
2023-10-05,1.5210987634543172,0.0028985244688972678,0.0,0.0
2023-10-06,1.5422479412507706,0.01390388205196147,0.0,0.0
2023-10-09,1.545056542881642,0.0018211090160986654,0.0,0.0
2023-10-10,1.559926056055541,0.009623928161338613,0.0,0.0
2023-10-11,1.5687513233673256,0.005657490800621945,0.0,0.0
2023-10-12,1.5594973756379797,-0.005898925847267034,0.0,0.0
2023-10-13,1.542461935853738,-0.010923673261888478,0.0,0.0
2023-10-16,1.5568224602518574,0.00931013211043763,0.0,0.0
2023-10-17,1.5547134375451712,-0.0013546969937374698,0.0,0.0
2023-10-18,1.5309966619211912,-0.015254756954714344,0.0,0.0
2023-10-19,1.5170552717025436,-0.00910608792650991,0.0,0.0
2023-10-20,1.4989472183682633,-0.011936317464529944,0.0,0.0
2023-10-23,1.5017730257904933,0.001885194747087926,0.0,0.0
2023-10-24,1.5133661678978663,0.007719636661652318,0.0,0.0
2023-10-25,1.489374988007909,-0.015852858613379817,0.0,0.0
2023-10-26,1.4698466024105787,-0.013111799079861153,0.0,0.0
2023-10-27,1.471085909690597,0.0008431541617919258,0.0,0.0
2023-10-30,1.4887640799635624,0.012017088979312973,0.0,0.0
2023-10-31,1.4949964085017913,0.00418624322154626,0.0,0.0
2023-11-01,1.5134460613794014,0.01234093458197627,1.0023272431665395,0.001518490242522236
2023-11-02,1.529698530778201,0.0107387172979172,0.0,0.0
2023-11-03,1.5415134283514105,0.007723677139964913,0.0,0.0
2023-11-06,1.5387553483963663,-0.001789202678561086,0.0,0.0
2023-11-07,1.543019833427023,0.002771386000445908,0.0,0.0
2023-11-08,1.5360237798009602,-0.0045340011025812865,0.0,0.0
2023-11-09,1.5329085541886893,-0.002028110276179773,0.0,0.0
2023-11-10,1.5423814409556313,0.00617968158704385,0.0,0.0
2023-11-13,1.5440034272989256,0.001051611683222431,0.0,0.0
2023-11-14,1.5678561765168735,0.01544863748112002,0.0,0.0
2023-11-15,1.5664914772379204,-0.000870423766792805,0.0,0.0
2023-11-16,1.575644573849182,0.00584305548051911,0.0,0.0
2023-11-17,1.575752896801141,6.874834195280677e-05,0.0,0.0
2023-11-20,1.5844793834305342,0.005537979112783864,0.0,0.0
2023-11-21,1.5878320051782964,0.0021159137713129272,0.0,0.0
2023-11-22,1.5879449941431942,7.115926907208525e-05,0.0,0.0
2023-11-24,1.5907376212065754,0.0017586421908071248,0.0,0.0
2023-11-27,1.5951715154676491,0.0027873196697960623,0.0,0.0
2023-11-28,1.6076015583914909,0.007792292429568359,0.0,0.0
2023-11-29,1.6079505388374176,0.00021708143047316497,0.0,0.0
2023-11-30,1.6026154275643738,-0.0033179573277801744,0.0,0.0
2023-12-01,1.6167930007023446,0.00884652231229155,1.0,0.0016184114121144595
2023-12-04,1.6050446448076483,-0.007266456429235291,0.0,0.0
2023-12-05,1.6068970318770988,0.001154103143138796,0.0,0.0
2023-12-06,1.5990134158522529,-0.004906111510851852,0.0,0.0
2023-12-07,1.6162769297934068,0.010796353407674708,0.0,0.0
2023-12-08,1.623352981703719,0.004377994748224534,0.0,0.0
2023-12-11,1.6334498232335009,0.006219744962174145,0.0,0.0
2023-12-12,1.6436955887173261,0.0062724702884005,0.0,0.0
2023-12-13,1.665475436561684,0.013250536166099947,0.0,0.0
2023-12-14,1.6674088948803831,0.0011609047340204182,0.0,0.0
2023-12-15,1.6700829827807884,0.0016037385362497325,0.0,0.0
2023-12-18,1.6800433292184505,0.0059639829519593235,0.0,0.0
2023-12-19,1.68943831447439,0.005592108901328219,0.0,0.0
2023-12-20,1.6651750917738166,-0.014361709742638396,0.0,0.0
2023-12-21,1.682767086642377,0.010564651702674954,0.0,0.0
2023-12-22,1.6857138677444294,0.0017511520907698142,0.0,0.0
2023-12-26,1.6944432267020675,0.0051784345639382945,0.0,0.0
2023-12-27,1.6977011652054632,0.0019227191870787586,0.0,0.0
2023-12-28,1.6976035326019956,-5.750870970022692e-05,0.0,0.0
2023-12-29,1.6914642412317114,-0.0036164459206056154,0.0,0.0
2024-01-02,1.6723574275537259,-0.01129601986978579,0.0006569795984189047,1.0987054329947167e-06
2024-01-03,1.6566805431542266,-0.009374123103833676,0.0,0.0
2024-01-04,1.6497512500688165,-0.004182636848150012,0.0,0.0
2024-01-05,1.6518598659258452,0.0012781416937497347,0.0,0.0
2024-01-08,1.6807088831862098,0.017464566974145335,0.0,0.0
2024-01-09,1.6810967903199026,0.0002307997164610054,0.0,0.0
2024-01-10,1.6915498865124485,0.006218021622988568,0.0,0.0
2024-01-11,1.6929436993987679,0.0008239856816714131,0.0,0.0
2024-01-12,1.6939635813864673,0.0006024311310892649,0.0,0.0
2024-01-16,1.6907845113957127,-0.0018767050399941532,0.0,0.0
2024-01-17,1.6813161036229944,-0.005600008581165827,0.0,0.0
2024-01-18,1.7007515199734575,0.011559644440794159,0.0,0.0
2024-01-19,1.7282710246304092,0.016180790864370964,0.0,0.0
2024-01-22,1.7312178140326364,0.0017050505159383889,0.0,0.0
2024-01-23,1.7373470379785108,0.0035404117819219927,0.0,0.0
2024-01-24,1.7431655750807868,0.003349093171993056,0.0,0.0
2024-01-25,1.7489161529243817,0.003298928068453,0.0,0.0
2024-01-26,1.742543682359297,-0.003643668425401203,0.0,0.0
2024-01-29,1.7583867178269097,0.009091901470247299,0.0,0.0
2024-01-30,1.7517949074370054,-0.0037487830879721074,0.0,0.0
2024-01-31,1.7203229079951199,-0.01796557308636726,0.0,0.0
2024-02-01,1.7416910962227328,0.012421033358507971,0.00619287846084057,1.0786148072539417e-05
2024-02-02,1.7655763995158353,0.013713857379706207,0.0,0.0
2024-02-05,1.7612162209935773,-0.00246954961759438,0.0,0.0
2024-02-06,1.7619867588580935,0.0004375032749139862,0.0,0.0
2024-02-07,1.7784032345895415,0.00931702559563341,0.0,0.0
2024-02-08,1.7804463796035477,0.001148864877361655,0.0,0.0
2024-02-09,1.7943665982418877,0.007818386893201357,0.0,0.0
2024-02-12,1.7904452721689803,-0.002185353916390076,0.0,0.0
2024-02-13,1.7641462938505872,-0.014688512811415921,0.0,0.0
2024-02-14,1.781778989729281,0.009995030423586515,0.0,0.0
2024-02-15,1.7905656152342844,0.004931377884491939,0.0,0.0
2024-02-16,1.7779822592512713,-0.007027587191417495,0.0,0.0
2024-02-20,1.7663782038147575,-0.006526530496091865,0.0,0.0
2024-02-21,1.7636492282161966,-0.0015449554306474766,0.0,0.0
2024-02-22,1.8076869796815649,0.024969676940753915,0.0,0.0
2024-02-23,1.8056474393400257,-0.0011282596845934023,0.0,0.0
2024-02-26,1.8018612499253053,-0.0020968597369729336,0.0,0.0
2024-02-27,1.8057021913288598,0.00213165214786315,0.0,0.0
2024-02-28,1.799699897175073,-0.0033240775708255343,0.0,0.0
2024-02-29,1.8106391638703279,0.006078383797446296,0.0,0.0
2024-03-01,1.832767881619292,0.01222149514410309,0.003755555732662882,6.883087774275392e-06
2024-03-04,1.828515349458237,-0.0023202786363202277,0.0,0.0
2024-03-05,1.8029767496355957,-0.013966850117067886,0.0,0.0
2024-03-06,1.8132035496142653,0.005672175185141182,0.0,0.0
2024-03-07,1.8359411709845743,0.012540026945759175,0.0,0.0
2024-03-08,1.8171965933039353,-0.010209792109289961,0.0,0.0
2024-03-11,1.8130585880636527,-0.0022771368026610617,0.0,0.0
2024-03-12,1.8357803475514594,0.012532280885679148,0.0,0.0
2024-03-13,1.8273202635409085,-0.004608440231880007,0.0,0.0
2024-03-14,1.823214951154732,-0.002246629924751886,0.0,0.0
2024-03-15,1.8061620230175168,-0.00935321867913308,0.0,0.0
2024-03-18,1.8201036787469937,0.0077189396919026265,0.0,0.0
2024-03-19,1.8274565773411071,0.004039824038581941,0.0,0.0
2024-03-20,1.8467139169539561,0.010537782320862554,0.0,0.0
2024-03-21,1.8541211222864078,0.0040110193920395165,0.0,0.0
2024-03-22,1.8533969652534745,-0.00039056619561095296,0.0,0.0
2024-03-25,1.8474800856292872,-0.0031924513394129272,0.0,0.0
2024-03-26,1.8427941846717388,-0.002536374272176456,0.0,0.0
2024-03-27,1.8537183817246898,0.005928061388416506,0.0,0.0
2024-03-28,1.8518505924806168,-0.0010075906148889757,0.0,0.0
2024-04-01,1.852135213193422,0.00015369528943676158,0.01062629272666577,1.968154008656541e-05
2024-04-02,1.8382552276346198,-0.007494045499448432,0.0,0.0
2024-04-03,1.8413266596775242,0.0016708409130197222,0.0,0.0
2024-04-04,1.8160128436234781,-0.013747596560883646,0.0,0.0
2024-04-05,1.8361959454281749,0.01111396424070743,0.0,0.0
2024-04-08,1.8369809662779097,0.00042752564163395235,0.0,0.0
2024-04-09,1.8414372984833651,0.0024259000432023115,0.0,0.0
2024-04-10,1.824181355614721,-0.009370909822917328,0.0,0.0
2024-04-11,1.8456315795515081,0.01175882204407186,0.0,0.0
2024-04-12,1.8181736742401293,-0.01487724073189689,0.0,0.0
2024-04-15,1.7918171796554923,-0.014496136952182104,0.0,0.0
2024-04-16,1.7902686782946962,-0.0008642072296091152,0.0,0.0
2024-04-17,1.7740360034370015,-0.009067172461039164,0.0,0.0
2024-04-18,1.767151796716591,-0.0038805338262994926,0.0,0.0
2024-04-19,1.7411871256637173,-0.014692948902927716,0.0,0.0
2024-04-22,1.7579533135487968,0.009629170603181691,0.0,0.0
2024-04-23,1.7814784812927995,0.013382134532635703,0.0,0.0
2024-04-24,1.784050027427809,0.0014434898664301699,0.0,0.0
2024-04-25,1.77635722205301,-0.004311989718074449,0.0,0.0
2024-04-26,1.7984495861877319,0.01243689268152326,0.0,0.0
2024-04-29,1.805283965567453,0.003800150658772816,0.0,0.0
2024-04-30,1.7739708527391285,-0.01734525616222482,0.0,0.0
2024-05-01,1.764680135846637,-0.0052372432603082775,0.005714338165122709,1.0084036673097827e-05
2024-05-02,1.78419459634279,0.011058355619099514,0.0,0.0
2024-05-03,1.8131936836366487,0.01625332088400011,0.0,0.0
2024-05-06,1.8324894024936418,0.010641840985400108,0.0,0.0
2024-05-07,1.8336414391642082,0.0006286730329783108,0.0,0.0
2024-05-08,1.8331849948913743,-0.00024892776912910364,0.0,0.0
2024-05-09,1.8404495660760216,0.003962814012165694,0.0,0.0
2024-05-10,1.84380817882202,0.0018248871405692757,0.0,0.0
2024-05-13,1.8460668101383315,0.0012249817211216207,0.0,0.0
2024-05-14,1.8562470158852065,0.005514538093078114,0.0,0.0
2024-05-15,1.8822640519139542,0.014015934197389557,0.0,0.0
2024-05-16,1.878416074667376,-0.0020443344506662076,0.0,0.0
2024-05-17,1.8792956164191392,0.00046823585233579657,0.0,0.0
2024-05-20,1.8869652266377919,0.004081108981282222,0.0,0.0
2024-05-21,1.8911204662911576,0.0022020753719820263,0.0,0.0
2024-05-22,1.8882339307098934,-0.0015263626155583854,0.0,0.0
2024-05-23,1.8771184065750508,-0.0058867304278679145,0.0,0.0
2024-05-24,1.8922354073506238,0.008053301657808154,0.0,0.0
2024-05-28,1.8965090900506723,0.0022585364820078,0.0,0.0
2024-05-29,1.8831845378170864,-0.007025830935105004,0.0,0.0
2024-05-30,1.8667943984998492,-0.00870341646721251,0.0,0.0
2024-05-31,1.8734298333189694,0.003554454001175822,0.0,0.0
2024-06-03,1.8792360076057255,0.0030992216433693986,0.00945093185260076,1.7760699297994368e-05
2024-06-04,1.8828577162387097,0.0019272239454364293,0.0,0.0
2024-06-05,1.9130321665004195,0.016025879173699797,0.0,0.0
2024-06-06,1.9126823030149418,-0.00018288426697898874,0.0,0.0
2024-06-07,1.9106749446390827,-0.0010494991105919338,0.0,0.0
2024-06-10,1.917490349207192,0.003567014152371595,0.0,0.0
2024-06-11,1.9264014256812332,0.0046472601427827165,0.0,0.0
2024-06-12,1.9469634537112528,0.01067380233211157,0.0,0.0
2024-06-13,1.9542332658951995,0.003733923289668928,0.0,0.0
2024-06-14,1.959942886768688,0.002921668038883274,0.0,0.0
2024-06-17,1.9798055893036377,0.010134327213838779,0.0,0.0
2024-06-18,1.9825910885693068,0.0014069559560385692,0.0,0.0
2024-06-20,1.9721831334037185,-0.00524967313007485,0.0,0.0
2024-06-21,1.9682029376214047,-0.0020181674383578097,0.0,0.0
2024-06-24,1.9537056348649688,-0.0073657560810045375,0.0,0.0
2024-06-25,1.9686953626462327,0.007672459716429936,0.0,0.0
2024-06-26,1.9719660889482116,0.001661367403020808,0.0,0.0
2024-06-27,1.9760773366242832,0.0020848470463630253,0.0,0.0
2024-06-28,1.9670449170962052,-0.004570883619113841,0.0,0.0
2024-07-01,1.9748547715178109,0.003970348797695422,0.013636264982873096,2.6930010191862787e-05
2024-07-02,1.9918673466513837,0.008614595553523952,0.0,0.0
2024-07-03,2.0046224527858376,0.006403592164858418,0.0,0.0
2024-07-05,2.0208707067908804,0.008105393602901412,0.0,0.0
2024-07-08,2.0244473542138754,0.0017698546527376013,0.0,0.0
2024-07-09,2.026306315086888,0.0009182559720031236,0.0,0.0
2024-07-10,2.0468985361478222,0.010162442325533094,0.0,0.0
2024-07-11,2.0155353120817643,-0.015322314961972783,0.0,0.0
2024-07-12,2.0278121597154053,0.006091110168127356,0.0,0.0
2024-07-15,2.0333260381589096,0.0027191268269532998,0.0,0.0
2024-07-16,2.0397442767804757,0.003156522122432337,0.0,0.0
2024-07-17,1.9955509728522018,-0.021666100222145657,0.0,0.0
2024-07-18,1.9831298013851124,-0.00622443206716794,0.0,0.0
2024-07-19,1.9677764004327694,-0.0077420050576717525,0.0,0.0
2024-07-22,1.9925316512935738,0.012580316978778816,0.0,0.0
2024-07-23,1.9874728140997044,-0.002538899289547092,0.0,0.0
2024-07-24,1.9294252767244484,-0.02920670761554578,0.0,0.0
2024-07-25,1.9138491641671194,-0.008072928630733167,0.0,0.0
2024-07-26,1.934397337714316,0.010736568968923388,0.0,0.0
2024-07-29,1.93688257855898,0.0012847623371941008,0.0,0.0
2024-07-30,1.9188333844911076,-0.009318682643787768,0.0,0.0
2024-07-31,1.9625279760851875,0.022771435991910227,0.0,0.0
2024-08-01,1.9230619682796979,-0.02010978100002203,1.0204809256146383,0.0019644527439588557
2024-08-02,1.898408754844727,-0.012819770679061704,0.0,0.0
2024-08-05,1.8582395413526613,-0.021159412265432387,0.0,0.0
2024-08-06,1.85936074620344,0.0006033693858233935,0.0,0.0
2024-08-07,1.8487648367443068,-0.005698684066966941,0.0,0.0
2024-08-08,1.8913220368410903,0.023019260887570336,0.0,0.0
2024-08-09,1.8985591757398756,0.0038264974223389814,0.0,0.0
2024-08-12,1.9169849411497601,0.009705130946315643,0.0,0.0
2024-08-13,1.9389229607041125,0.01144402289419899,0.0,0.0
2024-08-14,1.9313152425783389,-0.003923682518572558,0.0,0.0
2024-08-15,1.9587926055033957,0.014227280103880968,0.0,0.0
2024-08-16,1.9817037292297806,0.011696554123195035,0.0,0.0
2024-08-19,1.9931383153433229,0.005770078516220245,0.0,0.0
2024-08-20,1.9946456605687526,0.0007562672463954367,0.0,0.0
2024-08-21,1.9980110542016525,0.0016872137740697735,0.0,0.0
2024-08-22,1.9701688445040388,-0.01393496279165407,0.0,0.0
2024-08-23,1.992227955593248,0.011196558686198399,0.0,0.0
2024-08-26,1.985631487684235,-0.003311100966379543,0.0,0.0
2024-08-27,1.9912849669109554,0.002847194588616153,0.0,0.0
2024-08-28,1.9729835375623037,-0.009190763578676653,0.0,0.0
2024-08-29,1.9766508993386942,0.0018587898512938406,0.0,0.0
2024-08-30,1.9813162064928918,0.0023602079435263157,0.0,0.0
2024-09-03,1.9467948509190425,-0.017423445818855576,0.007577881035177981,1.4752691574303955e-05
2024-09-04,1.944857194546242,-0.000995305885407305,0.0,0.0
2024-09-05,1.9538791531939776,0.004638879745533453,0.0,0.0
2024-09-06,1.9205778122507726,-0.017043705537657106,0.0,0.0
2024-09-09,1.9368397593144278,0.00846721593883104,0.0,0.0
2024-09-10,1.9500037592497779,0.006796638633652208,0.0,0.0
2024-09-11,1.9694335549705015,0.009963978596738032,0.0,0.0
2024-09-12,1.9963748559786123,0.013679720719754984,0.0,0.0
2024-09-13,2.0107762795938937,0.007213787316621811,0.0,0.0
2024-09-16,2.0062654186532507,-0.0022433430244930275,0.0,0.0
2024-09-17,2.0012129444457205,-0.0025183478519615887,0.0,0.0
2024-09-18,1.9891567391878195,-0.006024448967993368,0.0,0.0
2024-09-19,2.029751895453437,0.02040822398047548,0.0,0.0
2024-09-20,2.0406623813820284,0.00537528057149772,0.0,0.0
2024-09-23,2.0453443298346263,0.002294327810084429,0.0,0.0
2024-09-24,2.0645913729950713,0.009410172595242683,0.0,0.0
2024-09-25,2.0641040471683922,-0.00023603984452003068,0.0,0.0
2024-09-26,2.0770918995911263,0.006292246963301773,0.0,0.0
2024-09-27,2.063066099810152,-0.00675261397135829,0.0,0.0
2024-09-30,2.05756764248321,-0.002665187183022555,0.0,0.0
2024-10-01,2.053970531773572,-0.0017482344858887888,0.010862863007547364,2.2312242883033234e-05
2024-10-02,2.0556308020665868,0.0008083223528922989,0.0,0.0
2024-10-03,2.0541517240905858,-0.0007195251085525545,0.0,0.0
2024-10-04,2.0643300928524195,0.004955022865382519,0.0,0.0
2024-10-07,2.04972056737532,-0.007077126631871544,0.0,0.0
2024-10-08,2.057558178186492,0.003823745995391148,0.0,0.0
2024-10-09,2.060254364313096,0.0013103814780006662,0.0,0.0
2024-10-10,2.0664604265103614,0.0030122796023464016,0.0,0.0
2024-10-11,2.079184157943975,0.006157258697230494,0.0,0.0
2024-10-14,2.086345926766325,0.003444509133540219,0.0,0.0
2024-10-15,2.0757096276014595,-0.005098051587902774,0.0,0.0
2024-10-16,2.080980764843536,0.0025394386440107386,0.0,0.0
2024-10-17,2.0878946623925074,0.003322422612345166,0.0,0.0
2024-10-18,2.1058046602106586,0.008578017914767866,0.0,0.0
2024-10-21,2.107622876254297,0.0008634305346519877,0.0,0.0
2024-10-22,2.1201066892116778,0.005923172071261362,0.0,0.0
2024-10-23,2.0910940010166423,-0.013684541604754408,0.0,0.0
2024-10-24,2.1076143318520755,0.007900329123129435,0.0,0.0
2024-10-25,2.1161904430425214,0.004069108404149757,0.0,0.0
2024-10-28,2.116402869012287,0.00010038131041745224,0.0,0.0
2024-10-29,2.1381008195023306,0.010252277960750344,0.0,0.0
2024-10-30,2.1359303928853843,-0.0010151189303839736,0.0,0.0
2024-10-31,2.092508948234709,-0.02032905416548625,0.0,0.0
2024-11-01,2.0936904426315626,0.0005646305110666994,1.006408042918436,0.002109229646526491
2024-11-04,2.088385744819969,-0.002533659085211304,0.0,0.0
2024-11-05,2.114332484083497,0.012424303952412119,0.0,0.0
2024-11-06,2.1693354364197392,0.026014334429565578,0.0,0.0
2024-11-07,2.1948086035908165,0.011742382825367992,0.0,0.0
2024-11-08,2.20082718707931,0.0027421905849316364,0.0,0.0
2024-11-11,2.201227740478709,0.00018200129558110234,0.0,0.0
2024-11-12,2.1958206492267647,-0.002456397923991438,0.0,0.0
2024-11-13,2.194934823237496,-0.000403414545527947,0.0,0.0
2024-11-14,2.18024948315462,-0.00669055861130996,0.0,0.0
2024-11-15,2.1402870068052398,-0.01832931352955003,0.0,0.0
2024-11-18,2.1520963520912106,0.005517645646785585,0.0,0.0
2024-11-19,2.163425666502589,0.005264315605743919,0.0,0.0
2024-11-20,2.1631695302228016,-0.00011839384350165183,0.0,0.0
2024-11-21,2.1728680405410024,0.004483472137850386,0.0,0.0
2024-11-22,2.1779807087654874,0.0023529584535708636,0.0,0.0
2024-11-25,2.183402513122401,0.0024893720752865445,0.0,0.0
2024-11-26,2.194963515942568,0.005294948022952495,0.0,0.0
2024-11-27,2.1830147597377225,-0.005443715177067321,0.0,0.0
2024-11-29,2.1993703256259316,0.007492192077608317,0.0,0.0
2024-12-02,2.211056383991618,0.005313365479895138,1.0,0.002213269653645264
2024-12-03,2.203703629006936,-0.003325448884034521,0.0,0.0
2024-12-04,2.2145045467232007,0.004901256944942256,0.0,0.0
2024-12-05,2.1998227559500094,-0.00662983094566949,0.0,0.0
2024-12-06,2.205816146872772,0.002724488100940059,0.0,0.0
2024-12-09,2.1945960014603125,-0.005086618587123226,0.0,0.0
2024-12-10,2.18644248543749,-0.0037152696976558985,0.0,0.0
2024-12-11,2.1998705149242013,0.0061414967812538634,0.0,0.0
2024-12-12,2.180007294390715,-0.009029268040428473,0.0,0.0
2024-12-13,2.1724248311986685,-0.0034781824866167987,0.0,0.0
2024-12-16,2.1834151336470917,0.005059002406246238,0.0,0.0
2024-12-17,2.1665626974878034,-0.007718383874686596,0.0,0.0
2024-12-18,2.0866569755751687,-0.03688133373905489,0.0,0.0
2024-12-19,2.0818323616389627,-0.0023121260430819524,0.0,0.0
2024-12-20,2.1041738116712203,0.010731627792868403,0.0,0.0
2024-12-23,2.1083398689855093,0.0019799017035480038,0.0,0.0
2024-12-24,2.129568143423013,0.010068715556623253,0.0,0.0
2024-12-26,2.1401449595794553,0.00496664837380667,0.0,0.0
2024-12-27,2.113422601401124,-0.01248623746663513,0.0,0.0
2024-12-30,2.093102152547492,-0.009614948207783969,0.0,0.0
2024-12-31,2.090453985882767,-0.0012651874928807372,0.0,0.0
2025-01-02,2.0844600593614557,-0.002867284600277964,1.998001998001998,0.0041730932119348465
2025-01-03,2.093320181631108,0.0042505598655444565,0.0,0.0
2025-01-06,2.1042205564484755,0.005207218137492031,0.0,0.0
2025-01-07,2.0909189935305608,-0.006321372955487736,0.0,0.0
2025-01-08,2.0966236907699036,0.0027283205408692446,0.0,0.0
2025-01-10,2.0900987782294953,-0.0031121047468524177,0.0,0.0
2025-01-13,2.076279761119286,-0.0066116574269832196,0.0,0.0
2025-01-14,2.080777468287466,0.0021662336898933265,0.0,0.0
2025-01-15,2.112369719926009,0.015182907408423763,0.0,0.0
2025-01-16,2.112279818453867,-4.255953458065509e-05,0.0,0.0
2025-01-17,2.1243211281057026,0.0057006224017468465,0.0,0.0
2025-01-21,2.146963937069693,0.010658844684269253,0.0,0.0
2025-01-22,2.1661909628502594,0.008955448877640881,0.0,0.0
2025-01-23,2.166970296867098,0.00035977161303146765,0.0,0.0
2025-01-24,2.16753168626083,0.00025906649230189593,0.0,0.0
2025-01-27,2.1247376307063677,-0.01974322028402975,0.0,0.0
2025-01-28,2.149561902019756,0.011683452561215946,0.0,0.0
2025-01-29,2.1433985818956467,-0.0028672447712801974,0.0,0.0
2025-01-30,2.164282870503647,0.009743539435175919,0.0,0.0
2025-01-31,2.1648963068946836,0.00028343632867811053,0.0,0.0
2025-02-03,2.1600565191805305,-0.0022355748396537534,1.0000000000000002,0.00216221873791845
2025-02-04,2.1779382038329684,0.008278341096010555,0.0,0.0
2025-02-05,2.1891191514723323,0.005133730433529493,0.0,0.0
2025-02-06,2.1900048063155957,0.0004045713284577257,0.0,0.0
2025-02-07,2.1819301168256295,-0.0036870647345979,0.0,0.0
2025-02-10,2.2078743119127093,0.011890479391166053,0.0,0.0
2025-02-11,2.204633639745139,-0.0014677792798644118,0.0,0.0
2025-02-12,2.202273626773013,-0.0010704785273977224,0.0,0.0
2025-02-13,2.2247519156511792,0.010206855590012998,0.0,0.0
2025-02-14,2.2079948988017124,-0.0075320833444757485,0.0,0.0
2025-02-18,2.2295521524664466,0.009763271498694825,0.0,0.0
2025-02-19,2.2327771696707646,0.0014464865514585146,0.0,0.0
2025-02-20,2.228751575283919,-0.0018029539362582891,0.0,0.0
2025-02-21,2.2088500660877366,-0.008929442570846935,0.0,0.0
2025-02-24,2.2100252818766073,0.0005320486921740475,0.0,0.0
2025-02-25,2.1897431792402218,-0.009177317021081044,0.0,0.0
2025-02-26,2.191988794028007,0.0010255151421749709,0.0,0.0
2025-02-27,2.157807275771463,-0.015593838047744835,0.0,0.0
2025-02-28,2.167405859003759,0.0044483042299798825,0.0,0.0
2025-03-03,2.162961507538962,-0.002050539563845044,0.02475627123662951,5.354818740847608e-05
2025-03-04,2.1595662906250057,-0.0015697075061772425,0.0,0.0
2025-03-05,2.173323035989468,0.006370142664377854,0.0,0.0
2025-03-06,2.1485941779649824,-0.011378362818128984,0.0,0.0
2025-03-07,2.155108602693137,0.0030319474915103672,0.0,0.0
2025-03-10,2.117162201353891,-0.01760765155492683,0.0,0.0
2025-03-11,2.121178936266978,0.0018972258764673455,0.0,0.0
2025-03-12,2.131387605549803,0.0048127336681886845,0.0,0.0
2025-03-13,2.137047380150127,0.002655441265392966,0.0,0.0
2025-03-14,2.1585942830391325,0.010082557405672432,0.0,0.0
2025-03-17,2.172675499850504,0.006523327205122609,0.0,0.0
2025-03-18,2.1744149216614526,0.0008005897848382126,0.0,0.0
2025-03-19,2.190396825038201,0.007349978708082405,0.0,0.0
2025-03-20,2.1858990619184864,-0.0020534010405335312,0.0,0.0
2025-03-21,2.1770816435425657,-0.004033771974897071,0.0,0.0
2025-03-24,2.1908216055976313,0.006311183641559692,0.0,0.0
2025-03-25,2.198332161227597,0.0034281913282103726,0.0,0.0
2025-03-26,2.1846341401493214,-0.006231097065252489,0.0,0.0
2025-03-27,2.196951330832186,0.005638102260007161,0.0,0.0
2025-03-28,2.1842050187157334,-0.0058018181548084025,0.0,0.0
2025-03-31,2.20767820309323,0.010746786211167203,0.0,0.0
2025-04-01,2.2060945694146303,-0.0007173299425525803,1.0,0.0022083028722869177
2025-04-02,2.215055267625105,0.004061792424815414,0.0,0.0
2025-04-03,2.1705087597095725,-0.020110788460503626,0.0,0.0
2025-04-04,2.098290632432353,-0.03327244221160508,0.0,0.0
2025-04-07,2.048325359406542,-0.023812370056616516,0.0,0.0
2025-04-08,2.027249842704744,-0.010289145034997782,0.0,0.0
2025-04-09,2.1242633570460194,0.047854740100431004,0.0,0.0
2025-04-10,2.12749569857239,0.00152162937596656,0.0,0.0
2025-04-11,2.161198344719888,0.015841463825338575,0.0,0.0
2025-04-14,2.1757450302612367,0.006730842440671125,0.0,0.0
2025-04-15,2.184856519430756,0.004187755937755888,0.0,0.0
2025-04-16,2.2212943092735373,0.0166774291669618,0.0,0.0
2025-04-17,2.2317033303083917,0.004686016162468221,0.0,0.0
2025-04-21,2.245986467050285,0.006400105492480268,0.0,0.0
2025-04-22,2.2488954054052748,0.0012951718087643727,0.0,0.0
2025-04-23,2.222229017721342,-0.011857549097143094,0.0,0.0
2025-04-24,2.2430800688217936,0.009382944302397833,0.0,0.0
2025-04-25,2.22844197585272,-0.006525889633874016,0.0,0.0
2025-04-28,2.2516650503128646,0.010421215679738749,0.0,0.0
2025-04-29,2.2458428718062695,-0.0025857214001638873,0.0,0.0
2025-04-30,2.240833952090952,-0.002230307283825561,0.0,0.0
2025-05-01,2.2201000597518967,-0.009252757135221223,0.02783750295390206,6.180376243372121e-05
2025-05-02,2.23569399545731,0.0070239787783059615,0.0,0.0
2025-05-05,2.2664015279248444,0.013735123201086052,0.0,0.0
2025-05-06,2.289851622854977,0.010346840416933567,0.0,0.0
2025-05-07,2.273453011857998,-0.007161429515041284,0.0,0.0
2025-05-08,2.246230462933253,-0.01197409789547288,0.0,0.0
2025-05-09,2.261868145765149,0.006961744616122756,0.0,0.0
2025-05-12,2.2350997915985884,-0.011834621844194815,0.0,0.0
2025-05-13,2.2255594599213344,-0.004268414194800063,0.0,0.0
2025-05-14,2.1911518409131214,-0.015460211074041164,0.0,0.0
2025-05-15,2.228657810545572,0.017117010757602635,0.0,0.0
2025-05-16,2.2291274438691495,0.00021072473367378386,0.0,0.0
2025-05-19,2.2435213078860072,0.006457174109289143,0.0,0.0
2025-05-20,2.257593785954861,0.006272495839192205,0.0,0.0
2025-05-21,2.236016214542496,-0.009557774098513883,0.0,0.0
2025-05-22,2.220892491616383,-0.006763691080481582,0.0,0.0
2025-05-23,2.2467987375989935,0.011664790655290025,0.0,0.0
2025-05-27,2.2462465237227818,-0.000245778078370229,0.0,0.0
2025-05-28,2.242544107716531,-0.0016482678847354881,0.0,0.0
2025-05-29,2.259282161693836,0.007463868344756319,0.0,0.0
2025-05-30,2.2517813965879845,-0.003319977129473739,0.0,0.0
2025-06-02,2.28335700756617,0.014022502817560678,0.01872521353767865,4.275714818616058e-05
2025-06-03,2.270949257921444,-0.005433994598133984,0.0,0.0
2025-06-04,2.2814300035702932,0.004615138630812865,0.0,0.0
2025-06-05,2.2747852546073712,-0.002912536852992864,0.0,0.0
2025-06-06,2.2650722830848564,-0.004269841077456427,0.0,0.0
2025-06-09,2.271878929867131,0.0030050461670054762,0.0,0.0
2025-06-10,2.2820374581468608,0.004471421494420813,0.0,0.0
2025-06-11,2.2818635621203303,-7.620209121006472e-05,0.0,0.0
2025-06-12,2.3015098357903483,0.008609749503060815,0.0,0.0
2025-06-13,2.3052588281661466,0.0016289273751945998,0.0,0.0
2025-06-16,2.289631761974192,-0.006778877061881072,0.0,0.0
2025-06-17,2.286133210835124,-0.0015279972950984488,0.0,0.0
2025-06-18,2.2839362248792763,-0.0009610052228956611,0.0,0.0
2025-06-20,2.2826941172182487,-0.0005438451597278293,0.0,0.0
2025-06-23,2.30340629249594,0.009073565801681616,0.0,0.0
2025-06-24,2.288557337372513,-0.006446520169629766,0.0,0.0
2025-06-25,2.2638817203601542,-0.010782171199909207,0.0,0.0
2025-06-26,2.261579205550519,-0.0010170649769056794,0.0,0.0
2025-06-27,2.2440481054852732,-0.0077517073124035996,0.0,0.0
2025-06-30,2.2646194311868513,0.009167060924983872,0.0,0.0
2025-07-01,2.280651015471373,0.007079151606554701,1.0120361829599984,0.002310439596832029
2025-07-02,2.2902765268435106,0.00422051041866589,0.0,0.0
2025-07-03,2.2827087769927124,-0.003304295250856959,0.0,0.0
2025-07-07,2.271166618083777,-0.005056343159174803,0.0,0.0
2025-07-08,2.2675705309235603,-0.0015833656287405073,0.0,0.0
2025-07-09,2.2811744765279363,0.005999348385796521,0.0,0.0
2025-07-10,2.2829290581668222,0.0007691571411743148,0.0,0.0
2025-07-11,2.282840675545784,-3.8714571844455925e-05,0.0,0.0
2025-07-14,2.2786508740762494,-0.0018353455475086378,0.0,0.0
2025-07-15,2.262021248321984,-0.007298013900881917,0.0,0.0
2025-07-16,2.272294270893796,0.004541523462448627,0.0,0.0
2025-07-17,2.27274902174229,0.00020012850198103393,0.0,0.0
2025-07-18,2.27252080365799,-0.00010041499616397775,0.0,0.0
2025-07-21,2.2961013758163378,0.010376394407651146,0.0,0.0
2025-07-22,2.3133747265022206,0.00752290420092705,0.0,0.0
2025-07-23,2.3272078043269766,0.005979609643990136,0.0,0.0
2025-07-24,2.311436868663809,-0.006776762966265726,0.0,0.0
2025-07-25,2.2993898474545444,-0.0052119187733769,0.0,0.0
2025-07-28,2.2733552806813684,-0.011322380501069262,0.0,0.0
2025-07-29,2.274169729047839,0.00035825828606372845,0.0,0.0
2025-07-30,2.2463775953587257,-0.012220782527410323,0.0,0.0
2025-07-31,2.241653762698639,-0.002102866708538653,0.0,0.0
2025-08-01,2.259256118074334,0.007852397042130477,1.0000000000000002,0.002261517635710044
2025-08-04,2.286677396930515,0.012137304237800794,0.0,0.0
2025-08-05,2.2797801646374727,-0.0030162681899514876,0.0,0.0
2025-08-06,2.2917464435006663,0.005248874013734861,0.0,0.0
2025-08-07,2.305236909006714,0.005886543663810029,0.0,0.0
2025-08-08,2.3158107274971282,0.004586868468529737,0.0,0.0
2025-08-11,2.2958984987905477,-0.008598383481926875,0.0,0.0
2025-08-12,2.3095595008792538,0.005950176846190036,0.0,0.0
2025-08-13,2.313586312967094,0.0017435411758419672,0.0,0.0
2025-08-14,2.3055058266266055,-0.0034926236791769094,0.0,0.0
2025-08-15,2.3009628819615897,-0.0019704763321561902,0.0,0.0
2025-08-18,2.298739528865588,-0.000966270735365482,0.0,0.0
2025-08-19,2.2766309386155106,-0.009617701341303353,0.0,0.0
2025-08-20,2.281029753931681,0.0019321600359367697,0.0,0.0
2025-08-21,2.2717762398434487,-0.004056726604412919,0.0,0.0
2025-08-22,2.3015224009920083,0.013093790060331623,0.0,0.0
2025-08-25,2.295416418893195,-0.002653018756706982,0.0,0.0
2025-08-26,2.308309394687583,0.005616835223564598,0.0,0.0
2025-08-27,2.3124063521028546,0.0017748736043359248,0.0,0.0
2025-08-28,2.3282064866068337,0.006832767298710518,0.0,0.0
2025-08-29,2.3256923398689295,-0.0010798641582552282,0.0,0.0
2025-09-02,2.343388662877799,0.007609055895100303,0.015482484280460597,3.6282039872127114e-05
2025-09-03,2.361783788893643,0.007849797307312167,0.0,0.0
2025-09-04,2.3672546312760945,0.0023164027156838962,0.0,0.0
2025-09-05,2.3846642581149307,0.0073543532701640935,0.0,0.0
2025-09-08,2.4040521177402487,0.008130226114364758,0.0,0.0
2025-09-09,2.4047146191813367,0.0002755769877862413,0.0,0.0
2025-09-10,2.409426438039111,0.001959408746547542,0.0,0.0
2025-09-11,2.4146290821778305,0.0021592873957809733,0.0,0.0
2025-09-12,2.422348456482564,0.0031969192956837755,0.0,0.0
2025-09-15,2.445307079505938,0.009477836667938222,0.0,0.0
2025-09-16,2.4467181719292785,0.0005770614395086415,0.0,0.0
2025-09-17,2.4348454320621746,-0.004852516323014866,0.0,0.0
2025-09-18,2.441007714894856,0.0025308722892780633,0.0,0.0
2025-09-19,2.462167034000461,0.00866827211421417,0.0,0.0
2025-09-22,2.49064133804091,0.011564732874432382,0.0,0.0
2025-09-23,2.4874199889148905,-0.0012933813780483527,0.0,0.0
2025-09-24,2.471764885943694,-0.006293711170997751,0.0,0.0
2025-09-25,2.4715811114529442,-7.434950297846576e-05,0.0,0.0
2025-09-26,2.4838026960878743,0.004944844649563462,0.0,0.0
2025-09-29,2.510111134862108,0.010592000248518474,0.0,0.0
2025-09-30,2.524344419752171,0.005670380363794081,0.0,0.0
2025-10-01,2.5323023961824136,0.003152492333444723,0.011903571692601546,3.0143801939211196e-05
2025-10-02,2.533097933209289,0.0003141556190424666,0.0,0.0
2025-10-03,2.537881248028641,0.0018883260519231282,0.0,0.0
2025-10-06,2.571358593367644,0.013191060600257654,0.0,0.0
2025-10-07,2.571328245350305,-1.1802327927856737e-05,0.0,0.0
2025-10-08,2.6073533620821205,0.014010314240105126,0.0,0.0
2025-10-09,2.5813684511355666,-0.009966010485745413,0.0,0.0
2025-10-10,2.5499948295053025,-0.012153871957512496,0.0,0.0
2025-10-13,2.6081518758883915,0.022806731100067035,0.0,0.0
2025-10-14,2.6093376255679823,0.0004546321441449841,0.0,0.0
2025-10-15,2.641666399189421,0.012389647588974428,0.0,0.0
2025-10-16,2.669206061318219,0.010425109747865369,0.0,0.0
2025-10-17,2.6509455393720067,-0.006841181057858803,0.0,0.0
2025-10-20,2.717275051888205,0.025021077019904192,0.0,0.0
2025-10-21,2.6247956405332413,-0.03403387937879199,0.0,0.0
2025-10-22,2.6125754322830828,-0.004655679879015606,0.0,0.0
2025-10-23,2.628628987858811,0.006144724235464194,0.0,0.0
2025-10-24,2.637796986281624,0.0034877491137617067,0.0,0.0
2025-10-27,2.6234871385363587,-0.0054249238359459495,0.0,0.0
2025-10-28,2.6242714338708866,0.0002989514692133266,0.0,0.0
2025-10-29,2.625345657607043,0.0004093417023451895,0.0,0.0
2025-10-30,2.630300948739057,0.0018874814132212592,0.0,0.0
2025-10-31,2.629491460462335,-0.00030775500313373616,0.0,0.0
2025-11-03,2.6381409490937586,0.003289414992016182,0.005749450549932667,1.5167948137935828e-05
2025-11-04,2.5882600427431033,-0.018907597172846402,0.0,0.0
2025-11-05,2.6116571805265507,0.009039716797022646,0.0,0.0
2025-11-06,2.585854723973031,-0.009879725695206787,0.0,0.0
2025-11-07,2.589839070081764,0.0015408236479004245,0.0,0.0
2025-11-10,2.654009811698198,0.024777887691071143,0.0,0.0
2025-11-11,2.655875233389727,0.0007028691767856365,0.0,0.0
2025-11-12,2.676742916744608,0.007857177585954389,0.0,0.0
2025-11-13,2.63912181910592,-0.014054804218719075,0.0,0.0
2025-11-14,2.6153655604581276,-0.009001577144263972,0.0,0.0
2025-11-17,2.5890975302696226,-0.01004373177717599,0.0,0.0
2025-11-18,2.5834167108623802,-0.0021941310981247186,0.0,0.0
2025-11-19,2.593027768848721,0.0037202894701151568,0.0,0.0
2025-11-20,2.5630006197353694,-0.011579956633739896,0.0,0.0
2025-11-21,2.57010842196069,0.0027732346885089854,0.0,0.0
2025-11-24,2.6228100853838576,0.02050561874076995,0.0,0.0
2025-11-25,2.630164739894993,0.002804112486878285,0.0,0.0
2025-11-26,2.652265805868451,0.008402920789798207,0.0,0.0
2025-11-28,2.6796843017083303,0.010337763198248417,0.0,0.0
2025-12-01,2.679350181598942,-0.00012468637039642072,1.0,0.002682032213812756
2025-12-02,2.6752485599420597,-0.001530827021063219,0.0,0.0
2025-12-03,2.681224485207088,0.002233783191031069,0.0,0.0
2025-12-04,2.6857609234266806,0.0016919277906870533,0.0,0.0
2025-12-05,2.6833892003115087,-0.0008830730592900293,0.0,0.0
2025-12-08,2.675640289734753,-0.0028877326389538105,0.0,0.0
2025-12-09,2.680607284621553,0.0018563761750247654,0.0,0.0
2025-12-10,2.701271040331705,0.007708609846991843,0.0,0.0
2025-12-11,2.7237349894991834,0.008316066337689776,0.0,0.0
2025-12-12,2.7240838407361925,0.00012807825957894536,0.0,0.0
2025-12-15,2.7336656796186105,0.0035174537358690916,0.0,0.0
2025-12-16,2.72761055570561,-0.00221501991196138,0.0,0.0
2025-12-17,2.728209411276993,0.00021955318002797597,0.0,0.0
2025-12-18,2.735382428151623,0.0026292031854229236,0.0,0.0
2025-12-19,2.746144984395836,0.00393457095192562,0.0,0.0
2025-12-22,2.7812582248650957,0.012786375325694932,0.0,0.0
2025-12-23,2.8083498819603605,0.00974079172263087,0.0,0.0
2025-12-24,2.8042000991069767,-0.0014776587775050531,0.0,0.0
2025-12-26,2.8230372268871164,0.006717469194205794,0.0,0.0
2025-12-29,2.7565092700974967,-0.023566092631012947,0.0,0.0
2025-12-30,2.7598100971796775,0.00119746634556539,0.0,0.0
2025-12-31,2.7450378922437766,-0.005352616453935366,0.0,0.0
