Date,SPY,QQQ,IWM,EFA,VNQ,GLD,TLT,LQD
2012-01-03,0.0,0.0,0.0,0.0,0.0,0.0,0.5,0.5
2012-01-04,0.0,0.0,0.0,0.0,0.0,0.0,0.49681193712037647,0.5031880628796235
2012-01-05,0.0,0.0,0.0,0.0,0.0,0.0,0.4974457665751656,0.5025542334248343
2012-01-06,0.0,0.0,0.0,0.0,0.0,0.0,0.49844264283812484,0.5015573571618751
2012-01-09,0.0,0.0,0.0,0.0,0.0,0.0,0.49837423518769675,0.5016257648123033
2012-01-10,0.0,0.0,0.0,0.0,0.0,0.0,0.49724808465896514,0.5027519153410348
2012-01-11,0.0,0.0,0.0,0.0,0.0,0.0,0.5005248715938813,0.4994751284061187
2012-01-12,0.0,0.0,0.0,0.0,0.0,0.0,0.4995999147127169,0.5004000852872831
2012-01-13,0.0,0.0,0.0,0.0,0.0,0.0,0.501176229722791,0.49882377027720914
2012-01-17,0.0,0.0,0.0,0.0,0.0,0.0,0.5015688878178557,0.49843111218214436
2012-01-18,0.0,0.0,0.0,0.0,0.0,0.0,0.4990255292170929,0.5009744707829069
2012-01-19,0.0,0.0,0.0,0.0,0.0,0.0,0.49562859111355556,0.5043714088864445
2012-01-20,0.0,0.0,0.0,0.0,0.0,0.0,0.4934150711593579,0.5065849288406421
2012-01-23,0.0,0.0,0.0,0.0,0.0,0.0,0.49220079160370417,0.5077992083962959
2012-01-24,0.0,0.0,0.0,0.0,0.0,0.0,0.49175581698105364,0.5082441830189464
2012-01-25,0.0,0.0,0.0,0.0,0.0,0.0,0.49030463898556104,0.5096953610144389
2012-01-26,0.0,0.0,0.0,0.0,0.0,0.0,0.49164654957345233,0.5083534504265478
2012-01-27,0.0,0.0,0.0,0.0,0.0,0.0,0.49206459822860776,0.5079354017713922
2012-01-30,0.0,0.0,0.0,0.0,0.0,0.0,0.49531314390289594,0.5046868560971042
2012-01-31,0.0,0.0,0.0,0.0,0.0,0.0,0.4974515234545766,0.5025484765454235
2012-02-01,0.0,0.0,0.0,0.0,0.0,0.0,0.5,0.5
2012-02-02,0.0,0.0,0.0,0.0,0.0,0.0,0.4993792957891986,0.5006207042108014
2012-02-03,0.0,0.0,0.0,0.0,0.0,0.0,0.49431380699788774,0.5056861930021121
2012-02-06,0.0,0.0,0.0,0.0,0.0,0.0,0.49614538545143494,0.5038546145485651
2012-02-07,0.0,0.0,0.0,0.0,0.0,0.0,0.4934978325949241,0.5065021674050759
2012-02-08,0.0,0.0,0.0,0.0,0.0,0.0,0.49343407413228396,0.506565925867716
2012-02-09,0.0,0.0,0.0,0.0,0.0,0.0,0.4923529914893051,0.507647008510695
2012-02-10,0.0,0.0,0.0,0.0,0.0,0.0,0.4958153036676513,0.5041846963323487
2012-02-13,0.0,0.0,0.0,0.0,0.0,0.0,0.4952753824013693,0.5047246175986306
2012-02-14,0.0,0.0,0.0,0.0,0.0,0.0,0.4964020033008971,0.503597996699103
2012-02-15,0.0,0.0,0.0,0.0,0.0,0.0,0.49629942942120336,0.5037005705787966
2012-02-16,0.0,0.0,0.0,0.0,0.0,0.0,0.4947221158435094,0.5052778841564906
2012-02-17,0.0,0.0,0.0,0.0,0.0,0.0,0.49504554205738577,0.5049544579426142
2012-02-21,0.0,0.0,0.0,0.0,0.0,0.0,0.49267395271914355,0.5073260472808564
2012-02-22,0.0,0.0,0.0,0.0,0.0,0.0,0.4942488609071543,0.5057511390928455
2012-02-23,0.0,0.0,0.0,0.0,0.0,0.0,0.49390583195267757,0.5060941680473223
2012-02-24,0.0,0.0,0.0,0.0,0.0,0.0,0.4953350915040402,0.5046649084959597
2012-02-27,0.0,0.0,0.0,0.0,0.0,0.0,0.4966193302101418,0.5033806697898581
2012-02-28,0.0,0.0,0.0,0.0,0.0,0.0,0.4950078072558103,0.5049921927441897
2012-02-29,0.0,0.0,0.0,0.0,0.0,0.0,0.4932461782348414,0.5067538217651585
2012-03-01,0.0,0.0,0.0,0.0,0.0,0.5,0.5,0.0
2012-03-02,0.0,0.0,0.0,0.0,0.0,0.4972577377935771,0.5027422622064228,0.0
2012-03-05,0.0,0.0,0.0,0.0,0.0,0.49821104273723493,0.5017889572627651,0.0
2012-03-06,0.0,0.0,0.0,0.0,0.0,0.4907050717049489,0.509294928295051,0.0
2012-03-07,0.0,0.0,0.0,0.0,0.0,0.49366426587587464,0.5063357341241252,0.0
2012-03-08,0.0,0.0,0.0,0.0,0.0,0.49868675892985226,0.5013132410701477,0.0
2012-03-09,0.0,0.0,0.0,0.0,0.0,0.4998485475133749,0.5001514524866252,0.0
2012-03-12,0.0,0.0,0.0,0.0,0.0,0.4979157548860718,0.5020842451139281,0.0
2012-03-13,0.0,0.0,0.0,0.0,0.0,0.49812247079360983,0.5018775292063902,0.0
2012-03-14,0.0,0.0,0.0,0.0,0.0,0.5002610074318911,0.4997389925681089,0.0
2012-03-15,0.0,0.0,0.0,0.0,0.0,0.5022331038004455,0.49776689619955455,0.0
2012-03-16,0.0,0.0,0.0,0.0,0.0,0.5020802859483906,0.4979197140516093,0.0
2012-03-19,0.0,0.0,0.0,0.0,0.0,0.5055308763398281,0.49446912366017187,0.0
2012-03-20,0.0,0.0,0.0,0.0,0.0,0.5022651593339661,0.49773484066603385,0.0
2012-03-21,0.0,0.0,0.0,0.0,0.0,0.4995789204620871,0.5004210795379129,0.0
2012-03-22,0.0,0.0,0.0,0.0,0.0,0.49777443427230184,0.5022255657276982,0.0
2012-03-23,0.0,0.0,0.0,0.0,0.0,0.4984747521653201,0.5015252478346799,0.0
2012-03-26,0.0,0.0,0.0,0.0,0.0,0.5041615545549946,0.4958384454450054,0.0
2012-03-27,0.0,0.0,0.0,0.0,0.0,0.500599754662767,0.49940024533723304,0.0
2012-03-28,0.0,0.0,0.0,0.0,0.0,0.4982889757709119,0.501711024229088,0.0
2012-03-29,0.0,0.0,0.0,0.0,0.0,0.4960641785836937,0.5039358214163063,0.0
2012-03-30,0.0,0.0,0.0,0.0,0.0,0.5016263820904872,0.49837361790951284,0.0
2012-04-02,0.0,0.0,0.0,0.0,0.0,0.5,0.5,0.0
2012-04-03,0.0,0.0,0.0,0.0,0.0,0.4996462154996016,0.5003537845003985,0.0
2012-04-04,0.0,0.0,0.0,0.0,0.0,0.4920076544914088,0.5079923455085912,0.0
2012-04-05,0.0,0.0,0.0,0.0,0.0,0.49195110855463847,0.5080488914453616,0.0
2012-04-09,0.0,0.0,0.0,0.0,0.0,0.4878432258751561,0.512156774124844,0.0
2012-04-10,0.0,0.0,0.0,0.0,0.0,0.4877239818634246,0.5122760181365754,0.0
2012-04-11,0.0,0.0,0.0,0.0,0.0,0.4906892237028105,0.5093107762971895,0.0
2012-04-12,0.0,0.0,0.0,0.0,0.0,0.49424713659095415,0.5057528634090459,0.0
2012-04-13,0.0,0.0,0.0,0.0,0.0,0.48737878900163123,0.5126212109983689,0.0
2012-04-16,0.0,0.0,0.0,0.0,0.0,0.48713621637728394,0.5128637836227161,0.0
2012-04-17,0.0,0.0,0.0,0.0,0.0,0.4869587313232459,0.5130412686767541,0.0
2012-04-18,0.0,0.0,0.0,0.0,0.0,0.48476207505918023,0.5152379249408198,0.0
2012-04-19,0.0,0.0,0.0,0.0,0.0,0.484715018976097,0.515284981023903,0.0
2012-04-20,0.0,0.0,0.0,0.0,0.0,0.48484460344021896,0.515155396559781,0.0
2012-04-23,0.0,0.0,0.0,0.0,0.0,0.4823013397677307,0.5176986602322693,0.0
2012-04-24,0.0,0.0,0.0,0.0,0.0,0.4844260287905188,0.5155739712094811,0.0
2012-04-25,0.0,0.0,0.0,0.0,0.0,0.4862104338134502,0.5137895661865498,0.0
2012-04-26,0.0,0.0,0.0,0.0,0.0,0.4869107569008553,0.5130892430991448,0.0
2012-04-27,0.0,0.0,0.0,0.0,0.0,0.48724022511888,0.51275977488112,0.0
2012-04-30,0.0,0.0,0.0,0.0,0.0,0.48794926550759393,0.5120507344924061,0.0
2012-05-01,0.0,0.0,0.0,0.0,0.0,0.0,0.5,0.5
2012-05-02,0.0,0.0,0.0,0.0,0.0,0.0,0.5009360226515256,0.49906397734847446
2012-05-03,0.0,0.0,0.0,0.0,0.0,0.0,0.5007215891115421,0.4992784108884579
2012-05-04,0.0,0.0,0.0,0.0,0.0,0.0,0.5023965413315883,0.4976034586684117
2012-05-07,0.0,0.0,0.0,0.0,0.0,0.0,0.5020098492856896,0.49799015071431035
2012-05-08,0.0,0.0,0.0,0.0,0.0,0.0,0.5027186773549245,0.49728132264507546
2012-05-09,0.0,0.0,0.0,0.0,0.0,0.0,0.5033145914799785,0.4966854085200216
2012-05-10,0.0,0.0,0.0,0.0,0.0,0.0,0.5030922225219366,0.4969077774780634
2012-05-11,0.0,0.0,0.0,0.0,0.0,0.0,0.5044008343526412,0.4955991656473589
2012-05-14,0.0,0.0,0.0,0.0,0.0,0.0,0.5078056669307387,0.49219433306926136
2012-05-15,0.0,0.0,0.0,0.0,0.0,0.0,0.5091352471853118,0.49086475281468817
2012-05-16,0.0,0.0,0.0,0.0,0.0,0.0,0.5097248055469805,0.49027519445301937
2012-05-17,0.0,0.0,0.0,0.0,0.0,0.0,0.5159767486969129,0.48402325130308704
2012-05-18,0.0,0.0,0.0,0.0,0.0,0.0,0.5170084693536923,0.48299153064630773
2012-05-21,0.0,0.0,0.0,0.0,0.0,0.0,0.5162043460037824,0.4837956539962177
2012-05-22,0.0,0.0,0.0,0.0,0.0,0.0,0.5140782744854717,0.4859217255145283
2012-05-23,0.0,0.0,0.0,0.0,0.0,0.0,0.5151988049212443,0.48480119507875585
2012-05-24,0.0,0.0,0.0,0.0,0.0,0.0,0.5142025683771541,0.48579743162284605
2012-05-25,0.0,0.0,0.0,0.0,0.0,0.0,0.514509493576846,0.485490506423154
2012-05-29,0.0,0.0,0.0,0.0,0.0,0.0,0.5133727558330782,0.4866272441669219
2012-05-30,0.0,0.0,0.0,0.0,0.0,0.0,0.5194123671666809,0.48058763283331896
2012-05-31,0.0,0.0,0.0,0.0,0.0,0.0,0.5205285057945219,0.47947149420547813
2012-06-01,0.0,0.0,0.0,0.0,0.0,0.0,0.5,0.5
2012-06-04,0.0,0.0,0.0,0.0,0.0,0.0,0.4999212796635878,0.5000787203364122
2012-06-05,0.0,0.0,0.0,0.0,0.0,0.0,0.4970918740056616,0.5029081259943383
2012-06-06,0.0,0.0,0.0,0.0,0.0,0.0,0.4927788268803862,0.5072211731196138
2012-06-07,0.0,0.0,0.0,0.0,0.0,0.0,0.4926405684085302,0.5073594315914699
2012-06-08,0.0,0.0,0.0,0.0,0.0,0.0,0.4916565834536044,0.5083434165463956
2012-06-11,0.0,0.0,0.0,0.0,0.0,0.0,0.49283483526938754,0.5071651647306124
2012-06-12,0.0,0.0,0.0,0.0,0.0,0.0,0.4912697400279697,0.5087302599720303
2012-06-13,0.0,0.0,0.0,0.0,0.0,0.0,0.49282197433390235,0.5071780256660977
2012-06-14,0.0,0.0,0.0,0.0,0.0,0.0,0.49280446911099035,0.5071955308890096
2012-06-15,0.0,0.0,0.0,0.0,0.0,0.0,0.4931640031663101,0.50683599683369
2012-06-18,0.0,0.0,0.0,0.0,0.0,0.0,0.4946122037930175,0.5053877962069825
2012-06-19,0.0,0.0,0.0,0.0,0.0,0.0,0.49156091567416754,0.5084390843258325
2012-06-20,0.0,0.0,0.0,0.0,0.0,0.0,0.4926865347937014,0.5073134652062986
2012-06-21,0.0,0.0,0.0,0.0,0.0,0.0,0.49362663341277596,0.5063733665872241
2012-06-22,0.0,0.0,0.0,0.0,0.0,0.0,0.49046295131784096,0.509537048682159
2012-06-25,0.0,0.0,0.0,0.0,0.0,0.0,0.49343442638992707,0.5065655736100729
2012-06-26,0.0,0.0,0.0,0.0,0.0,0.0,0.49219127410205127,0.5078087258979488
2012-06-27,0.0,0.0,0.0,0.0,0.0,0.0,0.4922456450402656,0.5077543549597345
2012-06-28,0.0,0.0,0.0,0.0,0.0,0.0,0.4924747082924141,0.5075252917075858
2012-06-29,0.0,0.0,0.0,0.0,0.0,0.0,0.48926636813677615,0.5107336318632238
2012-07-02,0.0,0.0,0.0,0.0,0.0,0.0,0.5,0.5
2012-07-03,0.0,0.0,0.0,0.0,0.0,0.0,0.4978591463375824,0.5021408536624177
2012-07-05,0.0,0.0,0.0,0.0,0.0,0.0,0.4984981054643307,0.5015018945356694
2012-07-06,0.0,0.0,0.0,0.0,0.0,0.0,0.5001770982164597,0.4998229017835402
2012-07-09,0.0,0.0,0.0,0.0,0.0,0.0,0.5022026341881348,0.497797365811865
2012-07-10,0.0,0.0,0.0,0.0,0.0,0.0,0.5027724483938805,0.4972275516061195
2012-07-11,0.0,0.0,0.0,0.0,0.0,0.0,0.5026623966776048,0.49733760332239507
2012-07-12,0.0,0.0,0.0,0.0,0.0,0.0,0.503165355607844,0.4968346443921559
2012-07-13,0.0,0.0,0.0,0.0,0.0,0.0,0.5024243891638772,0.4975756108361226
2012-07-16,0.0,0.0,0.0,0.0,0.0,0.0,0.5028930255221026,0.49710697447789737
2012-07-17,0.0,0.0,0.0,0.0,0.0,0.0,0.5009201661271876,0.49907983387281224
2012-07-18,0.0,0.0,0.0,0.0,0.0,0.0,0.4996817223946446,0.5003182776053554
2012-07-19,0.0,0.0,0.0,0.0,0.0,0.0,0.4986050281574757,0.5013949718425242
2012-07-20,0.0,0.0,0.0,0.0,0.0,0.0,0.5014547609492839,0.4985452390507161
2012-07-23,0.0,0.0,0.0,0.0,0.0,0.0,0.5036630053917168,0.4963369946082831
2012-07-24,0.0,0.0,0.0,0.0,0.0,0.0,0.505229761114821,0.494770238885179
2012-07-25,0.0,0.0,0.0,0.0,0.0,0.0,0.5053968370427836,0.4946031629572164
2012-07-26,0.0,0.0,0.0,0.0,0.0,0.0,0.5027043364936612,0.4972956635063388
2012-07-27,0.0,0.0,0.0,0.0,0.0,0.0,0.49912501850470237,0.5008749814952976
2012-07-30,0.0,0.0,0.0,0.0,0.0,0.0,0.5003430044184494,0.49965699558155063
2012-07-31,0.0,0.0,0.0,0.0,0.0,0.0,0.4995633089220154,0.5004366910779845
2012-08-01,0.0,0.0,0.0,0.0,0.0,0.0,0.5,0.5
2012-08-02,0.0,0.0,0.0,0.0,0.0,0.0,0.5012477252019095,0.49875227479809037
2012-08-03,0.0,0.0,0.0,0.0,0.0,0.0,0.49778084699888353,0.5022191530011166
2012-08-06,0.0,0.0,0.0,0.0,0.0,0.0,0.49754748240176755,0.5024525175982325
2012-08-07,0.0,0.0,0.0,0.0,0.0,0.0,0.49561857027738354,0.5043814297226165
2012-08-08,0.0,0.0,0.0,0.0,0.0,0.0,0.49499289162584076,0.5050071083741593
2012-08-09,0.0,0.0,0.0,0.0,0.0,0.0,0.49497992774698013,0.5050200722530199
2012-08-10,0.0,0.0,0.0,0.0,0.0,0.0,0.4955265832092338,0.5044734167907661
2012-08-13,0.0,0.0,0.0,0.0,0.0,0.0,0.4956300915666993,0.5043699084333007
2012-08-14,0.0,0.0,0.0,0.0,0.0,0.0,0.49335025590837955,0.5066497440916204
2012-08-15,0.0,0.0,0.0,0.0,0.0,0.0,0.4909891645926385,0.5090108354073615
2012-08-16,0.0,0.0,0.0,0.0,0.0,0.0,0.4895886474968498,0.5104113525031502
2012-08-17,0.0,0.0,0.0,0.0,0.0,0.0,0.4904664444876004,0.5095335555123998
2012-08-20,0.0,0.0,0.0,0.0,0.0,0.0,0.49028454518761344,0.5097154548123867
2012-08-21,0.0,0.0,0.0,0.0,0.0,0.0,0.4909694140471254,0.5090305859528745
2012-08-22,0.0,0.0,0.0,0.0,0.0,0.0,0.4936364437323471,0.5063635562676531
2012-08-23,0.0,0.0,0.0,0.0,0.0,0.0,0.49449098320990686,0.5055090167900931
2012-08-24,0.0,0.0,0.0,0.0,0.0,0.0,0.49397969752696325,0.5060203024730369
2012-08-27,0.0,0.0,0.0,0.0,0.0,0.0,0.4951247968577175,0.5048752031422825
2012-08-28,0.0,0.0,0.0,0.0,0.0,0.0,0.49536789900049444,0.5046321009995055
2012-08-29,0.0,0.0,0.0,0.0,0.0,0.0,0.4947931193055269,0.5052068806944733
2012-08-30,0.0,0.0,0.0,0.0,0.0,0.0,0.496003388990922,0.503996611009078
2012-08-31,0.0,0.0,0.0,0.0,0.0,0.0,0.49778888411385147,0.5022111158861485
2012-09-04,0.0,0.5,0.0,0.0,0.0,0.0,0.5,0.0
2012-09-05,0.0,0.5009238268237175,0.0,0.0,0.0,0.0,0.4990761731762825,0.0
2012-09-06,0.0,0.5106093056963992,0.0,0.0,0.0,0.0,0.4893906943036007,0.0
2012-09-07,0.0,0.5114152673885286,0.0,0.0,0.0,0.0,0.4885847326114714,0.0
2012-09-10,0.0,0.5075874266136777,0.0,0.0,0.0,0.0,0.4924125733863222,0.0
2012-09-11,0.0,0.5087587036151167,0.0,0.0,0.0,0.0,0.49124129638488334,0.0
2012-09-12,0.0,0.5126221709577342,0.0,0.0,0.0,0.0,0.48737782904226573,0.0
2012-09-13,0.0,0.5169688435379564,0.0,0.0,0.0,0.0,0.4830311564620436,0.0
2012-09-14,0.0,0.5259051919207098,0.0,0.0,0.0,0.0,0.47409480807929016,0.0
2012-09-17,0.0,0.5230357009383136,0.0,0.0,0.0,0.0,0.47696429906168636,0.0
2012-09-18,0.0,0.5220017879646636,0.0,0.0,0.0,0.0,0.4779982120353365,0.0
2012-09-19,0.0,0.5208297843838829,0.0,0.0,0.0,0.0,0.47917021561611706,0.0
2012-09-20,0.0,0.5199639630454134,0.0,0.0,0.0,0.0,0.48003603695458663,0.0
2012-09-21,0.0,0.5197475624980857,0.0,0.0,0.0,0.0,0.48025243750191426,0.0
2012-09-24,0.0,0.5163401726693336,0.0,0.0,0.0,0.0,0.4836598273306662,0.0
2012-09-25,0.0,0.5103492236554614,0.0,0.0,0.0,0.0,0.4896507763445385,0.0
2012-09-26,0.0,0.505632843570453,0.0,0.0,0.0,0.0,0.49436715642954693,0.0
2012-09-27,0.0,0.5108393014820652,0.0,0.0,0.0,0.0,0.4891606985179348,0.0
2012-09-28,0.0,0.5086298236306064,0.0,0.0,0.0,0.0,0.49137017636939373,0.0
2012-10-01,0.5,0.0,0.0,0.0,0.0,0.0,0.0,0.5
2012-10-02,0.5001775307097842,0.0,0.0,0.0,0.0,0.0,0.0,0.49982246929021584
2012-10-03,0.5010319248739025,0.0,0.0,0.0,0.0,0.0,0.0,0.49896807512609753
2012-10-04,0.5030225078498105,0.0,0.0,0.0,0.0,0.0,0.0,0.49697749215018944
2012-10-05,0.5034301301785467,0.0,0.0,0.0,0.0,0.0,0.0,0.49656986982145324
2012-10-08,0.5019160931163327,0.0,0.0,0.0,0.0,0.0,0.0,0.49808390688366727
2012-10-09,0.499165483769738,0.0,0.0,0.0,0.0,0.0,0.0,0.500834516230262
2012-10-10,0.49711489134862474,0.0,0.0,0.0,0.0,0.0,0.0,0.5028851086513753
2012-10-11,0.4964375420258824,0.0,0.0,0.0,0.0,0.0,0.0,0.5035624579741177
2012-10-12,0.4953313812965159,0.0,0.0,0.0,0.0,0.0,0.0,0.5046686187034841
2012-10-15,0.4966320290543555,0.0,0.0,0.0,0.0,0.0,0.0,0.5033679709456444
2012-10-16,0.49931505062830805,0.0,0.0,0.0,0.0,0.0,0.0,0.5006849493716921
2012-10-17,0.5009341247346902,0.0,0.0,0.0,0.0,0.0,0.0,0.4990658752653098
2012-10-18,0.5007523509515285,0.0,0.0,0.0,0.0,0.0,0.0,0.4992476490484715
2012-10-19,0.4961027842540341,0.0,0.0,0.0,0.0,0.0,0.0,0.5038972157459659
2012-10-22,0.49672875214942647,0.0,0.0,0.0,0.0,0.0,0.0,0.5032712478505735
2012-10-23,0.49280768522953167,0.0,0.0,0.0,0.0,0.0,0.0,0.5071923147704684
2012-10-24,0.4927727621706409,0.0,0.0,0.0,0.0,0.0,0.0,0.5072272378293591
2012-10-25,0.49421418424450775,0.0,0.0,0.0,0.0,0.0,0.0,0.5057858157554923
2012-10-26,0.49284687042999026,0.0,0.0,0.0,0.0,0.0,0.0,0.5071531295700099
2012-10-31,0.49207366096735017,0.0,0.0,0.0,0.0,0.0,0.0,0.5079263390326498
2012-11-01,0.5,0.0,0.0,0.0,0.0,0.0,0.5,0.0
2012-11-02,0.4979510729701096,0.0,0.0,0.0,0.0,0.0,0.5020489270298903,0.0
2012-11-05,0.49705578383933974,0.0,0.0,0.0,0.0,0.0,0.5029442161606602,0.0
2012-11-06,0.5013742107272245,0.0,0.0,0.0,0.0,0.0,0.49862578927277545,0.0
2012-11-07,0.4911482869688961,0.0,0.0,0.0,0.0,0.0,0.5088517130311039,0.0
2012-11-08,0.4844457899464528,0.0,0.0,0.0,0.0,0.0,0.5155542100535473,0.0
2012-11-09,0.4843850658598271,0.0,0.0,0.0,0.0,0.0,0.515614934140173,0.0
2012-11-12,0.4841677582421487,0.0,0.0,0.0,0.0,0.0,0.5158322417578513,0.0
2012-11-13,0.48246966753174114,0.0,0.0,0.0,0.0,0.0,0.5175303324682589,0.0
2012-11-14,0.4788405239676912,0.0,0.0,0.0,0.0,0.0,0.5211594760323086,0.0
2012-11-15,0.4789107838313505,0.0,0.0,0.0,0.0,0.0,0.5210892161686496,0.0
2012-11-16,0.48035721417705385,0.0,0.0,0.0,0.0,0.0,0.519642785822946,0.0
2012-11-19,0.4867678482763329,0.0,0.0,0.0,0.0,0.0,0.5132321517236671,0.0
2012-11-20,0.4893936353718304,0.0,0.0,0.0,0.0,0.0,0.5106063646281696,0.0
2012-11-21,0.4900007335913305,0.0,0.0,0.0,0.0,0.0,0.5099992664086697,0.0
2012-11-23,0.493624406107067,0.0,0.0,0.0,0.0,0.0,0.506375593892933,0.0
2012-11-26,0.4919087537810175,0.0,0.0,0.0,0.0,0.0,0.5080912462189826,0.0
2012-11-27,0.4896505727067898,0.0,0.0,0.0,0.0,0.0,0.5103494272932102,0.0
2012-11-28,0.4920142666536051,0.0,0.0,0.0,0.0,0.0,0.5079857333463949,0.0
2012-11-29,0.4931378287954871,0.0,0.0,0.0,0.0,0.0,0.5068621712045129,0.0
2012-11-30,0.4938704237001283,0.0,0.0,0.0,0.0,0.0,0.5061295762998718,0.0
2012-12-03,0.5,0.0,0.0,0.0,0.5,0.0,0.0,0.0
2012-12-04,0.4992588194265816,0.0,0.0,0.0,0.5007411805734184,0.0,0.0,0.0
2012-12-05,0.5004764687305513,0.0,0.0,0.0,0.4995235312694487,0.0,0.0,0.0
2012-12-06,0.49900363420878047,0.0,0.0,0.0,0.5009963657912194,0.0,0.0,0.0
2012-12-07,0.49883784573288475,0.0,0.0,0.0,0.5011621542671153,0.0,0.0,0.0
2012-12-10,0.4990582662266042,0.0,0.0,0.0,0.5009417337733959,0.0,0.0,0.0
2012-12-11,0.5001415375693743,0.0,0.0,0.0,0.49985846243062565,0.0,0.0,0.0
2012-12-12,0.5009532256519186,0.0,0.0,0.0,0.4990467743480813,0.0,0.0,0.0
2012-12-13,0.5013412498653194,0.0,0.0,0.0,0.49865875013468064,0.0,0.0,0.0
2012-12-14,0.5004491851977353,0.0,0.0,0.0,0.4995508148022648,0.0,0.0,0.0
2012-12-17,0.5020589133298743,0.0,0.0,0.0,0.4979410866701257,0.0,0.0,0.0
2012-12-18,0.5022614614513204,0.0,0.0,0.0,0.49773853854867955,0.0,0.0,0.0
2012-12-19,0.5007401838997396,0.0,0.0,0.0,0.4992598161002604,0.0,0.0,0.0
2012-12-20,0.4989165032432067,0.0,0.0,0.0,0.5010834967567934,0.0,0.0,0.0
2012-12-21,0.4970512265070199,0.0,0.0,0.0,0.5029487734929802,0.0,0.0,0.0
2012-12-24,0.4959480674620624,0.0,0.0,0.0,0.5040519325379375,0.0,0.0,0.0
2012-12-26,0.4960761155612567,0.0,0.0,0.0,0.5039238844387434,0.0,0.0,0.0
2012-12-27,0.49482366210964296,0.0,0.0,0.0,0.5051763378903572,0.0,0.0,0.0
2012-12-28,0.4937526464938173,0.0,0.0,0.0,0.5062473535061828,0.0,0.0,0.0
2012-12-31,0.4953303953490356,0.0,0.0,0.0,0.5046696046509642,0.0,0.0,0.0
2013-01-02,0.5,0.0,0.0,0.0,0.5,0.0,0.0,0.0
2013-01-03,0.4994721710410901,0.0,0.0,0.0,0.5005278289589098,0.0,0.0,0.0
2013-01-04,0.49940687486521923,0.0,0.0,0.0,0.5005931251347807,0.0,0.0,0.0
2013-01-07,0.4981630217590151,0.0,0.0,0.0,0.5018369782409849,0.0,0.0,0.0
2013-01-08,0.4979276210931258,0.0,0.0,0.0,0.5020723789068741,0.0,0.0,0.0
2013-01-09,0.4978538650594589,0.0,0.0,0.0,0.5021461349405412,0.0,0.0,0.0
2013-01-10,0.49957278970170826,0.0,0.0,0.0,0.5004272102982917,0.0,0.0,0.0
2013-01-11,0.49970458849786575,0.0,0.0,0.0,0.5002954115021343,0.0,0.0,0.0
2013-01-14,0.49882835422679184,0.0,0.0,0.0,0.5011716457732083,0.0,0.0,0.0
2013-01-15,0.4978134087577133,0.0,0.0,0.0,0.5021865912422867,0.0,0.0,0.0
2013-01-16,0.4980751082213193,0.0,0.0,0.0,0.5019248917786807,0.0,0.0,0.0
2013-01-17,0.4989093477072888,0.0,0.0,0.0,0.5010906522927112,0.0,0.0,0.0
2013-01-18,0.49839927579328025,0.0,0.0,0.0,0.5016007242067196,0.0,0.0,0.0
2013-01-22,0.49846221959815107,0.0,0.0,0.0,0.5015377804018489,0.0,0.0,0.0
2013-01-23,0.4989372459106056,0.0,0.0,0.0,0.5010627540893943,0.0,0.0,0.0
2013-01-24,0.4984931287220598,0.0,0.0,0.0,0.5015068712779402,0.0,0.0,0.0
2013-01-25,0.4984767612533675,0.0,0.0,0.0,0.5015232387466325,0.0,0.0,0.0
2013-01-28,0.49752525482454724,0.0,0.0,0.0,0.5024747451754527,0.0,0.0,0.0
2013-01-29,0.49778386778815403,0.0,0.0,0.0,0.5022161322118459,0.0,0.0,0.0
2013-01-30,0.49919436036679554,0.0,0.0,0.0,0.5008056396332043,0.0,0.0,0.0
2013-01-31,0.5000742984996036,0.0,0.0,0.0,0.49992570150039645,0.0,0.0,0.0
2013-02-01,0.5,0.0,0.0,0.0,0.5,0.0,0.0,0.0
2013-02-04,0.4977573541025759,0.0,0.0,0.0,0.502242645897424,0.0,0.0,0.0
2013-02-05,0.5008537969525086,0.0,0.0,0.0,0.49914620304749135,0.0,0.0,0.0
2013-02-06,0.500159320779731,0.0,0.0,0.0,0.4998406792202689,0.0,0.0,0.0
2013-02-07,0.5008876280060589,0.0,0.0,0.0,0.4991123719939412,0.0,0.0,0.0
2013-02-08,0.4999791897767826,0.0,0.0,0.0,0.5000208102232175,0.0,0.0,0.0
2013-02-11,0.4995672252480304,0.0,0.0,0.0,0.5004327747519697,0.0,0.0,0.0
2013-02-12,0.4981021835419421,0.0,0.0,0.0,0.5018978164580581,0.0,0.0,0.0
2013-02-13,0.49845982967955565,0.0,0.0,0.0,0.5015401703204444,0.0,0.0,0.0
2013-02-14,0.4997349814988324,0.0,0.0,0.0,0.5002650185011677,0.0,0.0,0.0
2013-02-15,0.4993312062785454,0.0,0.0,0.0,0.5006687937214546,0.0,0.0,0.0
2013-02-19,0.49921979417052803,0.0,0.0,0.0,0.500780205829472,0.0,0.0,0.0
2013-02-20,0.49770150272840363,0.0,0.0,0.0,0.5022984972715964,0.0,0.0,0.0
2013-02-21,0.4980590416274765,0.0,0.0,0.0,0.5019409583725235,0.0,0.0,0.0
2013-02-22,0.4979962045758036,0.0,0.0,0.0,0.5020037954241965,0.0,0.0,0.0
2013-02-25,0.49798688130347035,0.0,0.0,0.0,0.5020131186965298,0.0,0.0,0.0
2013-02-26,0.49797516361098465,0.0,0.0,0.0,0.5020248363890153,0.0,0.0,0.0
2013-02-27,0.49929105059270945,0.0,0.0,0.0,0.5007089494072905,0.0,0.0,0.0
2013-02-28,0.499050064971371,0.0,0.0,0.0,0.5009499350286291,0.0,0.0,0.0
2013-03-01,0.5,0.0,0.0,0.0,0.5,0.0,0.0,0.0
2013-03-04,0.4994592234981569,0.0,0.0,0.0,0.5005407765018431,0.0,0.0,0.0
2013-03-05,0.49972792021177864,0.0,0.0,0.0,0.5002720797882214,0.0,0.0,0.0
2013-03-06,0.500814847602958,0.0,0.0,0.0,0.499185152397042,0.0,0.0,0.0
2013-03-07,0.5024458531454329,0.0,0.0,0.0,0.49755414685456717,0.0,0.0,0.0
2013-03-08,0.5030806752568308,0.0,0.0,0.0,0.4969193247431693,0.0,0.0,0.0
2013-03-11,0.5038133659785878,0.0,0.0,0.0,0.4961866340214121,0.0,0.0,0.0
2013-03-12,0.5041816668269772,0.0,0.0,0.0,0.4958183331730228,0.0,0.0,0.0
2013-03-13,0.5042841235429789,0.0,0.0,0.0,0.495715876457021,0.0,0.0,0.0
2013-03-14,0.504041515791885,0.0,0.0,0.0,0.49595848420811495,0.0,0.0,0.0
2013-03-15,0.5031427535606398,0.0,0.0,0.0,0.49685724643936025,0.0,0.0,0.0
2013-03-18,0.5031472437054835,0.0,0.0,0.0,0.4968527562945166,0.0,0.0,0.0
2013-03-19,0.5037821590018292,0.0,0.0,0.0,0.4962178409981708,0.0,0.0,0.0
2013-03-20,0.5047345827497907,0.0,0.0,0.0,0.49526541725020934,0.0,0.0,0.0
2013-03-21,0.5033417463865668,0.0,0.0,0.0,0.4966582536134332,0.0,0.0,0.0
2013-03-22,0.5040301725733694,0.0,0.0,0.0,0.49596982742663076,0.0,0.0,0.0
2013-03-25,0.5029476568497098,0.0,0.0,0.0,0.49705234315029023,0.0,0.0,0.0
2013-03-26,0.5027932432464007,0.0,0.0,0.0,0.49720675675359927,0.0,0.0,0.0
2013-03-27,0.5023304670605636,0.0,0.0,0.0,0.49766953293943633,0.0,0.0,0.0
2013-03-28,0.5022453977186668,0.0,0.0,0.0,0.4977546022813332,0.0,0.0,0.0
2013-04-01,0.5,0.0,0.0,0.0,0.5,0.0,0.0,0.0
2013-04-02,0.50045423501706,0.0,0.0,0.0,0.49954576498294007,0.0,0.0,0.0
2013-04-03,0.498788921382543,0.0,0.0,0.0,0.5012110786174571,0.0,0.0,0.0
2013-04-04,0.495768357722792,0.0,0.0,0.0,0.5042316422772082,0.0,0.0,0.0
2013-04-05,0.49329013825158224,0.0,0.0,0.0,0.5067098617484178,0.0,0.0,0.0
2013-04-08,0.4929774038788574,0.0,0.0,0.0,0.5070225961211425,0.0,0.0,0.0
2013-04-09,0.49380577594975666,0.0,0.0,0.0,0.5061942240502434,0.0,0.0,0.0
2013-04-10,0.4953093662112285,0.0,0.0,0.0,0.5046906337887713,0.0,0.0,0.0
2013-04-11,0.4946649064475559,0.0,0.0,0.0,0.5053350935524441,0.0,0.0,0.0
2013-04-12,0.49344220384581666,0.0,0.0,0.0,0.5065577961541834,0.0,0.0,0.0
2013-04-15,0.49281081060330484,0.0,0.0,0.0,0.5071891893966952,0.0,0.0,0.0
2013-04-16,0.492363239333469,0.0,0.0,0.0,0.5076367606665312,0.0,0.0,0.0
2013-04-17,0.4913484149892771,0.0,0.0,0.0,0.5086515850107229,0.0,0.0,0.0
2013-04-18,0.4901587845175987,0.0,0.0,0.0,0.5098412154824012,0.0,0.0,0.0
2013-04-19,0.4885003692748948,0.0,0.0,0.0,0.5114996307251052,0.0,0.0,0.0
2013-04-22,0.4899454941681629,0.0,0.0,0.0,0.5100545058318371,0.0,0.0,0.0
2013-04-23,0.4911224599855128,0.0,0.0,0.0,0.5088775400144872,0.0,0.0,0.0
2013-04-24,0.4907417189998044,0.0,0.0,0.0,0.5092582810001955,0.0,0.0,0.0
2013-04-25,0.49259570617767845,0.0,0.0,0.0,0.5074042938223217,0.0,0.0,0.0
2013-04-26,0.4929654566975676,0.0,0.0,0.0,0.5070345433024325,0.0,0.0,0.0
2013-04-29,0.4925088947272833,0.0,0.0,0.0,0.5074911052727167,0.0,0.0,0.0
2013-04-30,0.4901990986717727,0.0,0.0,0.0,0.5098009013282274,0.0,0.0,0.0
2013-05-01,0.0,0.0,0.0,0.0,0.5,0.0,0.0,0.5
2013-05-02,0.0,0.0,0.0,0.0,0.5016349164559434,0.0,0.0,0.49836508354405656
2013-05-03,0.0,0.0,0.0,0.0,0.5049921113698038,0.0,0.0,0.4950078886301961
2013-05-06,0.0,0.0,0.0,0.0,0.5063219336496506,0.0,0.0,0.49367806635034955
2013-05-07,0.0,0.0,0.0,0.0,0.5078876968572315,0.0,0.0,0.49211230314276855
2013-05-08,0.0,0.0,0.0,0.0,0.5077916536469523,0.0,0.0,0.49220834635304767
2013-05-09,0.0,0.0,0.0,0.0,0.506685839444203,0.0,0.0,0.49331416055579697
2013-05-10,0.0,0.0,0.0,0.0,0.5089129037857624,0.0,0.0,0.4910870962142375
2013-05-13,0.0,0.0,0.0,0.0,0.5107373880443377,0.0,0.0,0.48926261195566245
2013-05-14,0.0,0.0,0.0,0.0,0.51231798633036,0.0,0.0,0.48768201366964
2013-05-15,0.0,0.0,0.0,0.0,0.5139045616044694,0.0,0.0,0.4860954383955307
2013-05-16,0.0,0.0,0.0,0.0,0.5114695856064447,0.0,0.0,0.48853041439355527
2013-05-17,0.0,0.0,0.0,0.0,0.5139389447991228,0.0,0.0,0.4860610552008772
2013-05-20,0.0,0.0,0.0,0.0,0.5148094452358848,0.0,0.0,0.48519055476411527
2013-05-21,0.0,0.0,0.0,0.0,0.5152844788847599,0.0,0.0,0.48471552111524024
2013-05-22,0.0,0.0,0.0,0.0,0.5111147482927957,0.0,0.0,0.4888852517072042
2013-05-23,0.0,0.0,0.0,0.0,0.5061321535293668,0.0,0.0,0.49386784647063303
2013-05-24,0.0,0.0,0.0,0.0,0.5056638556068613,0.0,0.0,0.49433614439313867
2013-05-28,0.0,0.0,0.0,0.0,0.5059282643083408,0.0,0.0,0.494071735691659
2013-05-29,0.0,0.0,0.0,0.0,0.5006723224505374,0.0,0.0,0.49932767754946267
2013-05-30,0.0,0.0,0.0,0.0,0.4979970285234558,0.0,0.0,0.5020029714765443
2013-05-31,0.0,0.0,0.0,0.0,0.4958775124921794,0.0,0.0,0.5041224875078206
2013-06-03,0.5,0.0,0.5,0.0,0.0,0.0,0.0,0.0
2013-06-04,0.5014683469573112,0.0,0.4985316530426886,0.0,0.0,0.0,0.0,0.0
2013-06-05,0.5011632170336597,0.0,0.4988367829663402,0.0,0.0,0.0,0.0,0.0
2013-06-06,0.5007858520585508,0.0,0.4992141479414493,0.0,0.0,0.0,0.0,0.0
2013-06-07,0.5020292270577041,0.0,0.4979707729422958,0.0,0.0,0.0,0.0,0.0
2013-06-10,0.5005064037868854,0.0,0.49949359621311473,0.0,0.0,0.0,0.0,0.0
2013-06-11,0.5006362948903472,0.0,0.4993637051096528,0.0,0.0,0.0,0.0,0.0
2013-06-12,0.5010520692841345,0.0,0.4989479307158655,0.0,0.0,0.0,0.0,0.0
2013-06-13,0.5004462155909853,0.0,0.49955378440901455,0.0,0.0,0.0,0.0,0.0
2013-06-14,0.5008100979835141,0.0,0.49918990201648605,0.0,0.0,0.0,0.0,0.0
2013-06-17,0.5011009778235742,0.0,0.49889902217642573,0.0,0.0,0.0,0.0,0.0
2013-06-18,0.5001381936273985,0.0,0.49986180637260136,0.0,0.0,0.0,0.0,0.0
2013-06-19,0.49974379606632074,0.0,0.5002562039336792,0.0,0.0,0.0,0.0,0.0
2013-06-20,0.500173262378905,0.0,0.499826737621095,0.0,0.0,0.0,0.0,0.0
2013-06-21,0.5002441672598011,0.0,0.499755832740199,0.0,0.0,0.0,0.0,0.0
2013-06-24,0.5003690412796167,0.0,0.4996309587203832,0.0,0.0,0.0,0.0,0.0
2013-06-25,0.5003704975834451,0.0,0.4996295024165548,0.0,0.0,0.0,0.0,0.0
2013-06-26,0.5016598701054483,0.0,0.4983401298945516,0.0,0.0,0.0,0.0,0.0
2013-06-27,0.499275328502216,0.0,0.5007246714977839,0.0,0.0,0.0,0.0,0.0
2013-06-28,0.4996880207528085,0.0,0.5003119792471914,0.0,0.0,0.0,0.0,0.0
2013-07-01,0.5,0.0,0.5,0.0,0.0,0.0,0.0,0.0
2013-07-02,0.49994580587207543,0.0,0.5000541941279245,0.0,0.0,0.0,0.0,0.0
2013-07-03,0.4995451671649269,0.0,0.500454832835073,0.0,0.0,0.0,0.0,0.0
2013-07-05,0.49871691322675304,0.0,0.5012830867732468,0.0,0.0,0.0,0.0,0.0
2013-07-08,0.49913774045742226,0.0,0.5008622595425777,0.0,0.0,0.0,0.0,0.0
2013-07-09,0.49861788267595464,0.0,0.5013821173240455,0.0,0.0,0.0,0.0,0.0
2013-07-10,0.4980167062302288,0.0,0.5019832937697711,0.0,0.0,0.0,0.0,0.0
2013-07-11,0.4984784998334696,0.0,0.5015215001665304,0.0,0.0,0.0,0.0,0.0
2013-07-12,0.498071212474199,0.0,0.501928787525801,0.0,0.0,0.0,0.0,0.0
2013-07-15,0.496842981332453,0.0,0.503157018667547,0.0,0.0,0.0,0.0,0.0
2013-07-16,0.4971627296305836,0.0,0.5028372703694163,0.0,0.0,0.0,0.0,0.0
2013-07-17,0.4968352045691226,0.0,0.5031647954308773,0.0,0.0,0.0,0.0,0.0
2013-07-18,0.4965390726991732,0.0,0.5034609273008268,0.0,0.0,0.0,0.0,0.0
2013-07-19,0.49659912004084955,0.0,0.5034008799591504,0.0,0.0,0.0,0.0,0.0
2013-07-22,0.49655966726771905,0.0,0.5034403327322808,0.0,0.0,0.0,0.0,0.0
2013-07-23,0.49619557382387974,0.0,0.5038044261761202,0.0,0.0,0.0,0.0,0.0
2013-07-24,0.4973681276249998,0.0,0.5026318723750002,0.0,0.0,0.0,0.0,0.0
2013-07-25,0.49569357169770395,0.0,0.5043064283022961,0.0,0.0,0.0,0.0,0.0
2013-07-26,0.4969661634712421,0.0,0.503033836528758,0.0,0.0,0.0,0.0,0.0
2013-07-29,0.49795523663092256,0.0,0.5020447633690773,0.0,0.0,0.0,0.0,0.0
2013-07-30,0.49773766762966404,0.0,0.5022623323703359,0.0,0.0,0.0,0.0,0.0
2013-07-31,0.4974810717646369,0.0,0.5025189282353631,0.0,0.0,0.0,0.0,0.0
2013-08-01,0.5,0.0,0.5,0.0,0.0,0.0,0.0,0.0
2013-08-02,0.5002102838202125,0.0,0.49978971617978757,0.0,0.0,0.0,0.0,0.0
2013-08-05,0.4989900224026721,0.0,0.5010099775973279,0.0,0.0,0.0,0.0,0.0
2013-08-06,0.5000895335823121,0.0,0.4999104664176879,0.0,0.0,0.0,0.0,0.0
2013-08-07,0.5010554371378406,0.0,0.4989445628621594,0.0,0.0,0.0,0.0,0.0
2013-08-08,0.5009356190506502,0.0,0.4990643809493499,0.0,0.0,0.0,0.0,0.0
2013-08-09,0.5004772319444711,0.0,0.4995227680555288,0.0,0.0,0.0,0.0,0.0
2013-08-12,0.49886364430445196,0.0,0.501136355695548,0.0,0.0,0.0,0.0,0.0
2013-08-13,0.49993655714989294,0.0,0.5000634428501071,0.0,0.0,0.0,0.0,0.0
2013-08-14,0.49963427723454185,0.0,0.5003657227654582,0.0,0.0,0.0,0.0,0.0
2013-08-15,0.5007941852893768,0.0,0.4992058147106233,0.0,0.0,0.0,0.0,0.0
2013-08-16,0.5010214381088514,0.0,0.4989785618911486,0.0,0.0,0.0,0.0,0.0
2013-08-19,0.5019636251842052,0.0,0.4980363748157948,0.0,0.0,0.0,0.0,0.0
2013-08-20,0.49961362838641565,0.0,0.5003863716135842,0.0,0.0,0.0,0.0,0.0
2013-08-21,0.49959185052231153,0.0,0.5004081494776884,0.0,0.0,0.0,0.0,0.0
2013-08-22,0.4983618839863045,0.0,0.5016381160136955,0.0,0.0,0.0,0.0,0.0
2013-08-23,0.4985727902627445,0.0,0.5014272097372556,0.0,0.0,0.0,0.0,0.0
2013-08-26,0.49761638074574427,0.0,0.5023836192542557,0.0,0.0,0.0,0.0,0.0
2013-08-27,0.49949604759794536,0.0,0.5005039524020547,0.0,0.0,0.0,0.0,0.0
2013-08-28,0.4998865809316079,0.0,0.5001134190683921,0.0,0.0,0.0,0.0,0.0
2013-08-29,0.4977942502594939,0.0,0.5022057497405061,0.0,0.0,0.0,0.0,0.0
2013-08-30,0.5009300143162287,0.0,0.49906998568377126,0.0,0.0,0.0,0.0,0.0
2013-09-03,0.5,0.5,0.0,0.0,0.0,0.0,0.0,0.0
2013-09-04,0.49940596335713466,0.5005940366428654,0.0,0.0,0.0,0.0,0.0,0.0
2013-09-05,0.4992991500826901,0.5007008499173098,0.0,0.0,0.0,0.0,0.0,0.0
2013-09-06,0.49912699786163567,0.5008730021383644,0.0,0.0,0.0,0.0,0.0,0.0
2013-09-09,0.49860191490158434,0.5013980850984155,0.0,0.0,0.0,0.0,0.0,0.0
2013-09-10,0.499226759100827,0.500773240899173,0.0,0.0,0.0,0.0,0.0,0.0
2013-09-11,0.5004901130626026,0.4995098869373974,0.0,0.0,0.0,0.0,0.0,0.0
2013-09-12,0.49998541020908654,0.5000145897909135,0.0,0.0,0.0,0.0,0.0,0.0
2013-09-13,0.5003868314047115,0.4996131685952884,0.0,0.0,0.0,0.0,0.0,0.0
2013-09-16,0.5025028537966549,0.49749714620334495,0.0,0.0,0.0,0.0,0.0,0.0
2013-09-17,0.5019518160689209,0.49804818393107897,0.0,0.0,0.0,0.0,0.0,0.0
2013-09-18,0.5018478504207741,0.49815214957922593,0.0,0.0,0.0,0.0,0.0,0.0
2013-09-19,0.5008304668408068,0.49916953315919316,0.0,0.0,0.0,0.0,0.0,0.0
2013-09-20,0.4999358554669023,0.5000641445330978,0.0,0.0,0.0,0.0,0.0,0.0
2013-09-23,0.4992829653225591,0.500717034677441,0.0,0.0,0.0,0.0,0.0,0.0
2013-09-24,0.4986938361791939,0.5013061638208061,0.0,0.0,0.0,0.0,0.0,0.0
2013-09-25,0.498828159048225,0.5011718409517749,0.0,0.0,0.0,0.0,0.0,0.0
2013-09-26,0.4978537368507843,0.5021462631492157,0.0,0.0,0.0,0.0,0.0,0.0
2013-09-27,0.4970180300055067,0.5029819699944934,0.0,0.0,0.0,0.0,0.0,0.0
2013-09-30,0.4962838313094235,0.5037161686905766,0.0,0.0,0.0,0.0,0.0,0.0
2013-10-01,0.5,0.5,0.0,0.0,0.0,0.0,0.0,0.0
2013-10-02,0.499857764441658,0.5001422355583419,0.0,0.0,0.0,0.0,0.0,0.0
2013-10-03,0.5004779974363641,0.4995220025636359,0.0,0.0,0.0,0.0,0.0,0.0
2013-10-04,0.5002147427876869,0.49978525721231315,0.0,0.0,0.0,0.0,0.0,0.0
2013-10-07,0.5001311306729863,0.49986886932701374,0.0,0.0,0.0,0.0,0.0,0.0
2013-10-08,0.5020754442448832,0.49792455575511685,0.0,0.0,0.0,0.0,0.0,0.0
2013-10-09,0.5030348999788689,0.49696510002113126,0.0,0.0,0.0,0.0,0.0,0.0
2013-10-10,0.5031289268983276,0.4968710731016724,0.0,0.0,0.0,0.0,0.0,0.0
2013-10-11,0.5027704669747052,0.49722953302529466,0.0,0.0,0.0,0.0,0.0,0.0
2013-10-14,0.5020061167321572,0.4979938832678428,0.0,0.0,0.0,0.0,0.0,0.0
2013-10-15,0.5011592950703689,0.49884070492963095,0.0,0.0,0.0,0.0,0.0,0.0
2013-10-16,0.5018115042351872,0.49818849576481283,0.0,0.0,0.0,0.0,0.0,0.0
2013-10-17,0.5020500691873607,0.49794993081263916,0.0,0.0,0.0,0.0,0.0,0.0
2013-10-18,0.49971448749464825,0.5002855125053518,0.0,0.0,0.0,0.0,0.0,0.0
2013-10-21,0.4991815407083693,0.5008184592916308,0.0,0.0,0.0,0.0,0.0,0.0
2013-10-22,0.5002611170564248,0.49973888294357527,0.0,0.0,0.0,0.0,0.0,0.0
2013-10-23,0.5005817370386688,0.4994182629613312,0.0,0.0,0.0,0.0,0.0,0.0
2013-10-24,0.5003152004901642,0.4996847995098358,0.0,0.0,0.0,0.0,0.0,0.0
2013-10-25,0.49966881292649873,0.5003311870735013,0.0,0.0,0.0,0.0,0.0,0.0
2013-10-28,0.5000059676717439,0.4999940323282562,0.0,0.0,0.0,0.0,0.0,0.0
2013-10-29,0.5009141318726593,0.4990858681273406,0.0,0.0,0.0,0.0,0.0,0.0
2013-10-30,0.49991012439320615,0.5000898756067939,0.0,0.0,0.0,0.0,0.0,0.0
2013-10-31,0.4997732065436053,0.5002267934563948,0.0,0.0,0.0,0.0,0.0,0.0
2013-11-01,0.5,0.5,0.0,0.0,0.0,0.0,0.0,0.0
2013-11-04,0.5005160487180127,0.4994839512819873,0.0,0.0,0.0,0.0,0.0,0.0
2013-11-05,0.4994520578550926,0.5005479421449074,0.0,0.0,0.0,0.0,0.0,0.0
2013-11-06,0.5007854046633513,0.4992145953366487,0.0,0.0,0.0,0.0,0.0,0.0
2013-11-07,0.5023480763067352,0.49765192369326483,0.0,0.0,0.0,0.0,0.0,0.0
2013-11-08,0.5023440593196599,0.4976559406803401,0.0,0.0,0.0,0.0,0.0,0.0
2013-11-11,0.502780438859281,0.49721956114071897,0.0,0.0,0.0,0.0,0.0,0.0
2013-11-12,0.5018783463880142,0.49812165361198585,0.0,0.0,0.0,0.0,0.0,0.0
2013-11-13,0.5008658223734267,0.49913417762657325,0.0,0.0,0.0,0.0,0.0,0.0
2013-11-14,0.5013333239403047,0.4986666760596954,0.0,0.0,0.0,0.0,0.0,0.0
2013-11-15,0.5019416418051812,0.49805835819481886,0.0,0.0,0.0,0.0,0.0,0.0
2013-11-18,0.5035191362908922,0.49648086370910793,0.0,0.0,0.0,0.0,0.0,0.0
2013-11-19,0.5036977214889343,0.49630227851106573,0.0,0.0,0.0,0.0,0.0,0.0
2013-11-20,0.5035183619981672,0.4964816380018328,0.0,0.0,0.0,0.0,0.0,0.0
2013-11-21,0.5030009895660967,0.49699901043390327,0.0,0.0,0.0,0.0,0.0,0.0
2013-11-22,0.5029054232452002,0.4970945767547999,0.0,0.0,0.0,0.0,0.0,0.0
2013-11-25,0.5020618580022668,0.4979381419977333,0.0,0.0,0.0,0.0,0.0,0.0
2013-11-26,0.5008277858904863,0.4991722141095137,0.0,0.0,0.0,0.0,0.0,0.0
2013-11-27,0.49969910447994326,0.5003008955200567,0.0,0.0,0.0,0.0,0.0,0.0
2013-11-29,0.49804168507882657,0.5019583149211734,0.0,0.0,0.0,0.0,0.0,0.0
2013-12-02,0.5,0.5,0.0,0.0,0.0,0.0,0.0,0.0
2013-12-03,0.49912229367026717,0.5008777063297328,0.0,0.0,0.0,0.0,0.0,0.0
2013-12-04,0.4988605151286994,0.5011394848713007,0.0,0.0,0.0,0.0,0.0,0.0
2013-12-05,0.49808107106443694,0.501918928935563,0.0,0.0,0.0,0.0,0.0,0.0
2013-12-06,0.4990510251159369,0.5009489748840632,0.0,0.0,0.0,0.0,0.0,0.0
2013-12-09,0.4986704293026742,0.5013295706973258,0.0,0.0,0.0,0.0,0.0,0.0
2013-12-10,0.4979465844964711,0.502053415503529,0.0,0.0,0.0,0.0,0.0,0.0
2013-12-11,0.498359913230421,0.501640086769579,0.0,0.0,0.0,0.0,0.0,0.0
2013-12-12,0.4981797633729082,0.5018202366270919,0.0,0.0,0.0,0.0,0.0,0.0
2013-12-13,0.498475525986062,0.501524474013938,0.0,0.0,0.0,0.0,0.0,0.0
2013-12-16,0.4986477664387386,0.5013522335612614,0.0,0.0,0.0,0.0,0.0,0.0
2013-12-17,0.4983501086640313,0.5016498913359687,0.0,0.0,0.0,0.0,0.0,0.0
2013-12-18,0.4996922886042572,0.5003077113957429,0.0,0.0,0.0,0.0,0.0,0.0
2013-12-19,0.5001006829631093,0.4998993170368906,0.0,0.0,0.0,0.0,0.0,0.0
2013-12-20,0.4990176121848316,0.5009823878151684,0.0,0.0,0.0,0.0,0.0,0.0
2013-12-23,0.49773334037299566,0.5022666596270043,0.0,0.0,0.0,0.0,0.0,0.0
2013-12-24,0.4981662510522698,0.5018337489477301,0.0,0.0,0.0,0.0,0.0,0.0
2013-12-26,0.4986063600467571,0.5013936399532428,0.0,0.0,0.0,0.0,0.0,0.0
2013-12-27,0.49922037234908134,0.5007796276509187,0.0,0.0,0.0,0.0,0.0,0.0
2013-12-30,0.49955113671734314,0.5004488632826569,0.0,0.0,0.0,0.0,0.0,0.0
2013-12-31,0.4991063842345466,0.5008936157654534,0.0,0.0,0.0,0.0,0.0,0.0
2014-01-02,0.5,0.5,0.0,0.0,0.0,0.0,0.0,0.0
2014-01-03,0.501770332496674,0.49822966750332587,0.0,0.0,0.0,0.0,0.0,0.0
2014-01-06,0.5019698440793661,0.4980301559206339,0.0,0.0,0.0,0.0,0.0,0.0
2014-01-07,0.5011942190931385,0.49880578090686145,0.0,0.0,0.0,0.0,0.0,0.0
2014-01-08,0.5007041982278226,0.4992958017721773,0.0,0.0,0.0,0.0,0.0,0.0
2014-01-09,0.5016993426675049,0.498300657332495,0.0,0.0,0.0,0.0,0.0,0.0
2014-01-10,0.5015758825932132,0.4984241174067869,0.0,0.0,0.0,0.0,0.0,0.0
2014-01-13,0.5019490000797733,0.49805099992022683,0.0,0.0,0.0,0.0,0.0,0.0
2014-01-14,0.4999367141695494,0.5000632858304507,0.0,0.0,0.0,0.0,0.0,0.0
2014-01-15,0.49923550368366665,0.5007644963163334,0.0,0.0,0.0,0.0,0.0,0.0
2014-01-16,0.4988819322720637,0.5011180677279363,0.0,0.0,0.0,0.0,0.0,0.0
2014-01-17,0.4992408823179963,0.5007591176820038,0.0,0.0,0.0,0.0,0.0,0.0
2014-01-21,0.49807607738058673,0.5019239226194132,0.0,0.0,0.0,0.0,0.0,0.0
2014-01-22,0.497590371841155,0.5024096281588449,0.0,0.0,0.0,0.0,0.0,0.0
2014-01-23,0.4963798675252,0.5036201324748,0.0,0.0,0.0,0.0,0.0,0.0
2014-01-24,0.4959534550458899,0.5040465449541102,0.0,0.0,0.0,0.0,0.0,0.0
2014-01-27,0.4971535082695355,0.5028464917304645,0.0,0.0,0.0,0.0,0.0,0.0
2014-01-28,0.4987833211923921,0.5012166788076079,0.0,0.0,0.0,0.0,0.0,0.0
2014-01-29,0.4990639195846095,0.5009360804153904,0.0,0.0,0.0,0.0,0.0,0.0
2014-01-30,0.49712091156885707,0.5028790884311429,0.0,0.0,0.0,0.0,0.0,0.0
2014-01-31,0.49631764685319313,0.503682353146807,0.0,0.0,0.0,0.0,0.0,0.0
2014-02-03,0.5,0.5,0.0,0.0,0.0,0.0,0.0,0.0
2014-02-04,0.49991293032726425,0.5000870696727356,0.0,0.0,0.0,0.0,0.0,0.0
2014-02-05,0.5002476852604179,0.49975231473958215,0.0,0.0,0.0,0.0,0.0,0.0
2014-02-06,0.5003549113507788,0.4996450886492212,0.0,0.0,0.0,0.0,0.0,0.0
2014-02-07,0.4990144732490167,0.5009855267509832,0.0,0.0,0.0,0.0,0.0,0.0
2014-02-10,0.4980454788620411,0.5019545211379588,0.0,0.0,0.0,0.0,0.0,0.0
2014-02-11,0.4979353561257343,0.5020646438742657,0.0,0.0,0.0,0.0,0.0,0.0
2014-02-12,0.4975809258726476,0.5024190741273524,0.0,0.0,0.0,0.0,0.0,0.0
2014-02-13,0.4970206676114647,0.5029793323885353,0.0,0.0,0.0,0.0,0.0,0.0
2014-02-14,0.49789493290582915,0.5021050670941709,0.0,0.0,0.0,0.0,0.0,0.0
2014-02-18,0.4969717207537644,0.5030282792462356,0.0,0.0,0.0,0.0,0.0,0.0
2014-02-19,0.4970342589804552,0.5029657410195448,0.0,0.0,0.0,0.0,0.0,0.0
2014-02-20,0.4973364116475156,0.5026635883524845,0.0,0.0,0.0,0.0,0.0,0.0
2014-02-21,0.49738435657669966,0.5026156434233003,0.0,0.0,0.0,0.0,0.0,0.0
2014-02-24,0.4974363339812643,0.5025636660187357,0.0,0.0,0.0,0.0,0.0,0.0
2014-02-25,0.4976184184434042,0.5023815815565957,0.0,0.0,0.0,0.0,0.0,0.0
2014-02-26,0.49785365740062804,0.5021463425993719,0.0,0.0,0.0,0.0,0.0,0.0
2014-02-27,0.49754528910931134,0.5024547108906887,0.0,0.0,0.0,0.0,0.0,0.0
2014-02-28,0.49845331732011106,0.5015466826798889,0.0,0.0,0.0,0.0,0.0,0.0
2014-03-03,0.5,0.5,0.0,0.0,0.0,0.0,0.0,0.0
2014-03-04,0.5003310796887251,0.4996689203112748,0.0,0.0,0.0,0.0,0.0,0.0
2014-03-05,0.4998701350796584,0.5001298649203416,0.0,0.0,0.0,0.0,0.0,0.0
2014-03-06,0.5006618776504803,0.4993381223495198,0.0,0.0,0.0,0.0,0.0,0.0
2014-03-07,0.5020076090478974,0.4979923909521027,0.0,0.0,0.0,0.0,0.0,0.0
2014-03-10,0.501653960440051,0.498346039559949,0.0,0.0,0.0,0.0,0.0,0.0
2014-03-11,0.5014936750255002,0.4985063249744998,0.0,0.0,0.0,0.0,0.0,0.0
2014-03-12,0.5006200977568575,0.4993799022431426,0.0,0.0,0.0,0.0,0.0,0.0
2014-03-13,0.5013598068445003,0.49864019315549957,0.0,0.0,0.0,0.0,0.0,0.0
2014-03-14,0.5023708652850908,0.49762913471490927,0.0,0.0,0.0,0.0,0.0,0.0
2014-03-17,0.5024318859762236,0.4975681140237764,0.0,0.0,0.0,0.0,0.0,0.0
2014-03-18,0.5012096431546214,0.49879035684537865,0.0,0.0,0.0,0.0,0.0,0.0
2014-03-19,0.501230699520545,0.49876930047945506,0.0,0.0,0.0,0.0,0.0,0.0
2014-03-20,0.5019931244195677,0.4980068755804324,0.0,0.0,0.0,0.0,0.0,0.0
2014-03-21,0.5040480741271232,0.4959519258728768,0.0,0.0,0.0,0.0,0.0,0.0
2014-03-24,0.5052126826578975,0.49478731734210246,0.0,0.0,0.0,0.0,0.0,0.0
2014-03-25,0.5055758088824743,0.49442419111752567,0.0,0.0,0.0,0.0,0.0,0.0
2014-03-26,0.5070120283171179,0.49298797168288205,0.0,0.0,0.0,0.0,0.0,0.0
2014-03-27,0.507890074741615,0.49210992525838504,0.0,0.0,0.0,0.0,0.0,0.0
2014-03-28,0.5086306491727299,0.4913693508272702,0.0,0.0,0.0,0.0,0.0,0.0
2014-03-31,0.508896623823848,0.4911033761761519,0.0,0.0,0.0,0.0,0.0,0.0
2014-04-01,0.5,0.5,0.0,0.0,0.0,0.0,0.0,0.0
2014-04-02,0.5001914500970215,0.49980854990297846,0.0,0.0,0.0,0.0,0.0,0.0
2014-04-03,0.5018528294904679,0.498147170509532,0.0,0.0,0.0,0.0,0.0,0.0
2014-04-04,0.505618716775047,0.4943812832249529,0.0,0.0,0.0,0.0,0.0,0.0
2014-04-07,0.5052255712085943,0.49477442879140554,0.0,0.0,0.0,0.0,0.0,0.0
2014-04-08,0.5039561001760176,0.49604389982398256,0.0,0.0,0.0,0.0,0.0,0.0
2014-04-09,0.5023805571712432,0.4976194428287568,0.0,0.0,0.0,0.0,0.0,0.0
2014-04-10,0.5049387198368004,0.49506128016319967,0.0,0.0,0.0,0.0,0.0,0.0
2014-04-11,0.5056016475468953,0.4943983524531048,0.0,0.0,0.0,0.0,0.0,0.0
2014-04-14,0.5056093828770858,0.4943906171229142,0.0,0.0,0.0,0.0,0.0,0.0
2014-04-15,0.5065007865999838,0.4934992134000163,0.0,0.0,0.0,0.0,0.0,0.0
2014-04-16,0.5058069813993146,0.4941930186006855,0.0,0.0,0.0,0.0,0.0,0.0
2014-04-17,0.5060980021468803,0.4939019978531198,0.0,0.0,0.0,0.0,0.0,0.0
2014-04-21,0.5051190516494714,0.4948809483505286,0.0,0.0,0.0,0.0,0.0,0.0
2014-04-22,0.5042741035099969,0.4957258964900031,0.0,0.0,0.0,0.0,0.0,0.0
2014-04-23,0.5058967209882325,0.4941032790117675,0.0,0.0,0.0,0.0,0.0,0.0
2014-04-24,0.5040229062580953,0.49597709374190474,0.0,0.0,0.0,0.0,0.0,0.0
2014-04-25,0.5059928465639317,0.4940071534360682,0.0,0.0,0.0,0.0,0.0,0.0
2014-04-28,0.5059723929101418,0.4940276070898582,0.0,0.0,0.0,0.0,0.0,0.0
2014-04-29,0.5051466255385383,0.49485337446146177,0.0,0.0,0.0,0.0,0.0,0.0
2014-04-30,0.5052325154781451,0.4947674845218549,0.0,0.0,0.0,0.0,0.0,0.0
2014-05-01,0.5,0.5,0.0,0.0,0.0,0.0,0.0,0.0
2014-05-02,0.5000981370328841,0.499901862967116,0.0,0.0,0.0,0.0,0.0,0.0
2014-05-05,0.4992653081666275,0.5007346918333725,0.0,0.0,0.0,0.0,0.0,0.0
2014-05-06,0.5003413733346375,0.49965862666536265,0.0,0.0,0.0,0.0,0.0,0.0
2014-05-07,0.5025303353486839,0.49746966465131615,0.0,0.0,0.0,0.0,0.0,0.0
2014-05-08,0.5024952409133926,0.49750475908660735,0.0,0.0,0.0,0.0,0.0,0.0
2014-05-09,0.5019446112059865,0.4980553887940134,0.0,0.0,0.0,0.0,0.0,0.0
2014-05-12,0.5002817066505831,0.4997182933494168,0.0,0.0,0.0,0.0,0.0,0.0
2014-05-13,0.5003355823559317,0.4996644176440684,0.0,0.0,0.0,0.0,0.0,0.0
2014-05-14,0.5004543170333969,0.499545682966603,0.0,0.0,0.0,0.0,0.0,0.0
2014-05-15,0.5002211278800704,0.4997788721199295,0.0,0.0,0.0,0.0,0.0,0.0
2014-05-16,0.4994570094683526,0.5005429905316473,0.0,0.0,0.0,0.0,0.0,0.0
2014-05-19,0.49863986865799725,0.5013601313420027,0.0,0.0,0.0,0.0,0.0,0.0
2014-05-20,0.4979662170368004,0.5020337829631996,0.0,0.0,0.0,0.0,0.0,0.0
2014-05-21,0.4976883894660982,0.5023116105339018,0.0,0.0,0.0,0.0,0.0,0.0
2014-05-22,0.4972005618471607,0.5027994381528392,0.0,0.0,0.0,0.0,0.0,0.0
2014-05-23,0.4963863155932203,0.5036136844067797,0.0,0.0,0.0,0.0,0.0,0.0
2014-05-27,0.49482235699974025,0.5051776430002598,0.0,0.0,0.0,0.0,0.0,0.0
2014-05-28,0.4954098824180805,0.5045901175819195,0.0,0.0,0.0,0.0,0.0,0.0
2014-05-29,0.49510658383205836,0.5048934161679417,0.0,0.0,0.0,0.0,0.0,0.0
2014-05-30,0.4954816161626995,0.5045183838373005,0.0,0.0,0.0,0.0,0.0,0.0
2014-06-02,0.5,0.5,0.0,0.0,0.0,0.0,0.0,0.0
2014-06-03,0.49998015660808837,0.5000198433919116,0.0,0.0,0.0,0.0,0.0,0.0
2014-06-04,0.49955487383303576,0.5004451261669643,0.0,0.0,0.0,0.0,0.0,0.0
2014-06-05,0.4990854319607747,0.5009145680392254,0.0,0.0,0.0,0.0,0.0,0.0
2014-06-06,0.4988468392738048,0.5011531607261952,0.0,0.0,0.0,0.0,0.0,0.0
2014-06-09,0.4992910465410901,0.5007089534589099,0.0,0.0,0.0,0.0,0.0,0.0
2014-06-10,0.49888574879120773,0.5011142512087924,0.0,0.0,0.0,0.0,0.0,0.0
2014-06-11,0.4980689454739682,0.5019310545260318,0.0,0.0,0.0,0.0,0.0,0.0
2014-06-12,0.4985636696672426,0.5014363303327575,0.0,0.0,0.0,0.0,0.0,0.0
2014-06-13,0.498592413475908,0.5014075865240921,0.0,0.0,0.0,0.0,0.0,0.0
2014-06-16,0.4985819311405045,0.5014180688594956,0.0,0.0,0.0,0.0,0.0,0.0
2014-06-17,0.4991405639475256,0.5008594360524744,0.0,0.0,0.0,0.0,0.0,0.0
2014-06-18,0.499566531008528,0.5004334689914721,0.0,0.0,0.0,0.0,0.0,0.0
2014-06-19,0.5000079084099148,0.49999209159008523,0.0,0.0,0.0,0.0,0.0,0.0
2014-06-20,0.5002212014987816,0.49977879850121837,0.0,0.0,0.0,0.0,0.0,0.0
2014-06-23,0.5000906301076593,0.4999093698923408,0.0,0.0,0.0,0.0,0.0,0.0
2014-06-24,0.4988226232597542,0.5011773767402458,0.0,0.0,0.0,0.0,0.0,0.0
2014-06-25,0.4983640238175361,0.5016359761824639,0.0,0.0,0.0,0.0,0.0,0.0
2014-06-26,0.49805102638776105,0.5019489736122389,0.0,0.0,0.0,0.0,0.0,0.0
2014-06-27,0.4974408274378815,0.5025591725621185,0.0,0.0,0.0,0.0,0.0,0.0
2014-06-30,0.49688691372691024,0.5031130862730898,0.0,0.0,0.0,0.0,0.0,0.0
2014-07-01,0.5,0.5,0.0,0.0,0.0,0.0,0.0,0.0
2014-07-02,0.49983262973760045,0.5001673702623995,0.0,0.0,0.0,0.0,0.0,0.0
2014-07-03,0.4994868035998888,0.5005131964001113,0.0,0.0,0.0,0.0,0.0,0.0
2014-07-07,0.49937358814280164,0.5006264118571984,0.0,0.0,0.0,0.0,0.0,0.0
2014-07-08,0.5007924417599307,0.4992075582400693,0.0,0.0,0.0,0.0,0.0,0.0
2014-07-09,0.5000615158083951,0.49993848419160486,0.0,0.0,0.0,0.0,0.0,0.0
2014-07-10,0.4998613745789746,0.5001386254210253,0.0,0.0,0.0,0.0,0.0,0.0
2014-07-11,0.498598964771527,0.5014010352284729,0.0,0.0,0.0,0.0,0.0,0.0
2014-07-14,0.4983634936559632,0.5016365063440368,0.0,0.0,0.0,0.0,0.0,0.0
2014-07-15,0.4987571210618609,0.5012428789381391,0.0,0.0,0.0,0.0,0.0,0.0
2014-07-16,0.49868804683309786,0.5013119531669021,0.0,0.0,0.0,0.0,0.0,0.0
2014-07-17,0.4991635352731368,0.5008364647268632,0.0,0.0,0.0,0.0,0.0,0.0
2014-07-18,0.49777328039434426,0.5022267196056558,0.0,0.0,0.0,0.0,0.0,0.0
2014-07-21,0.4976171990066068,0.5023828009933932,0.0,0.0,0.0,0.0,0.0,0.0
2014-07-22,0.4971208645149399,0.50287913548506,0.0,0.0,0.0,0.0,0.0,0.0
2014-07-23,0.4960759346097701,0.5039240653902298,0.0,0.0,0.0,0.0,0.0,0.0
2014-07-24,0.49637164197019684,0.5036283580298032,0.0,0.0,0.0,0.0,0.0,0.0
2014-07-25,0.49617845134225863,0.5038215486577414,0.0,0.0,0.0,0.0,0.0,0.0
2014-07-28,0.49620208765326335,0.5037979123467367,0.0,0.0,0.0,0.0,0.0,0.0
2014-07-29,0.495565216285435,0.504434783714565,0.0,0.0,0.0,0.0,0.0,0.0
2014-07-30,0.4946216561402485,0.5053783438597514,0.0,0.0,0.0,0.0,0.0,0.0
2014-07-31,0.49473962194505755,0.5052603780549424,0.0,0.0,0.0,0.0,0.0,0.0
2014-08-01,0.5,0.5,0.0,0.0,0.0,0.0,0.0,0.0
2014-08-04,0.5000880860538527,0.4999119139461473,0.0,0.0,0.0,0.0,0.0,0.0
2014-08-05,0.49957413979649934,0.5004258602035007,0.0,0.0,0.0,0.0,0.0,0.0
2014-08-06,0.4998374341084721,0.5001625658915279,0.0,0.0,0.0,0.0,0.0,0.0
2014-08-07,0.4992747296691645,0.5007252703308356,0.0,0.0,0.0,0.0,0.0,0.0
2014-08-08,0.5003525270898421,0.4996474729101579,0.0,0.0,0.0,0.0,0.0,0.0
2014-08-11,0.4996050523420774,0.5003949476579227,0.0,0.0,0.0,0.0,0.0,0.0
2014-08-12,0.49936133055697285,0.5006386694430273,0.0,0.0,0.0,0.0,0.0,0.0
2014-08-13,0.49841572321916144,0.5015842767808385,0.0,0.0,0.0,0.0,0.0,0.0
2014-08-14,0.49830032565148613,0.5016996743485138,0.0,0.0,0.0,0.0,0.0,0.0
2014-08-15,0.49704007690022123,0.5029599230997788,0.0,0.0,0.0,0.0,0.0,0.0
2014-08-18,0.49720840448545484,0.5027915955145452,0.0,0.0,0.0,0.0,0.0,0.0
2014-08-19,0.4971127987608886,0.5028872012391113,0.0,0.0,0.0,0.0,0.0,0.0
2014-08-20,0.4977798090688963,0.5022201909311037,0.0,0.0,0.0,0.0,0.0,0.0
2014-08-21,0.49800154664199725,0.5019984533580027,0.0,0.0,0.0,0.0,0.0,0.0
2014-08-22,0.4972339203373975,0.5027660796626024,0.0,0.0,0.0,0.0,0.0,0.0
2014-08-25,0.4976165028526136,0.5023834971473865,0.0,0.0,0.0,0.0,0.0,0.0
2014-08-26,0.4975274474064254,0.5024725525935745,0.0,0.0,0.0,0.0,0.0,0.0
2014-08-27,0.49737721927417106,0.5026227807258289,0.0,0.0,0.0,0.0,0.0,0.0
2014-08-28,0.49751635191141275,0.5024836480885871,0.0,0.0,0.0,0.0,0.0,0.0
2014-08-29,0.49729857659699533,0.5027014234030046,0.0,0.0,0.0,0.0,0.0,0.0
2014-09-02,0.5,0.5,0.0,0.0,0.0,0.0,0.0,0.0
2014-09-03,0.5013411857045931,0.4986588142954069,0.0,0.0,0.0,0.0,0.0,0.0
2014-09-04,0.5012055960193599,0.4987944039806402,0.0,0.0,0.0,0.0,0.0,0.0
2014-09-05,0.5010724584154095,0.49892754158459046,0.0,0.0,0.0,0.0,0.0,0.0
2014-09-08,0.4999500887990599,0.5000499112009401,0.0,0.0,0.0,0.0,0.0,0.0
2014-09-09,0.500444201301421,0.499555798698579,0.0,0.0,0.0,0.0,0.0,0.0
2014-09-10,0.4993261862347809,0.500673813765219,0.0,0.0,0.0,0.0,0.0,0.0
2014-09-11,0.4998133593977141,0.5001866406022858,0.0,0.0,0.0,0.0,0.0,0.0
2014-09-12,0.4996271650279944,0.5003728349720056,0.0,0.0,0.0,0.0,0.0,0.0
2014-09-15,0.5018630487534342,0.4981369512465658,0.0,0.0,0.0,0.0,0.0,0.0
2014-09-16,0.5015677579812229,0.49843224201877706,0.0,0.0,0.0,0.0,0.0,0.0
2014-09-17,0.501527182405871,0.49847281759412887,0.0,0.0,0.0,0.0,0.0,0.0
2014-09-18,0.5009793035055068,0.4990206964944931,0.0,0.0,0.0,0.0,0.0,0.0
2014-09-19,0.5009089636573867,0.49909103634261326,0.0,0.0,0.0,0.0,0.0,0.0
2014-09-22,0.5013070626174886,0.4986929373825113,0.0,0.0,0.0,0.0,0.0,0.0
2014-09-23,0.5005543249512154,0.4994456750487846,0.0,0.0,0.0,0.0,0.0,0.0
2014-09-24,0.49983507057990395,0.5001649294200962,0.0,0.0,0.0,0.0,0.0,0.0
2014-09-25,0.5010829257568671,0.4989170742431329,0.0,0.0,0.0,0.0,0.0,0.0
2014-09-26,0.5004153420968888,0.4995846579031113,0.0,0.0,0.0,0.0,0.0,0.0
2014-09-29,0.5002893818138162,0.4997106181861839,0.0,0.0,0.0,0.0,0.0,0.0
2014-09-30,0.4992758652347729,0.5007241347652271,0.0,0.0,0.0,0.0,0.0,0.0
2014-10-01,0.5,0.0,0.0,0.0,0.0,0.0,0.0,0.5
2014-10-02,0.5000594941103635,0.0,0.0,0.0,0.0,0.0,0.0,0.49994050588963646
2014-10-03,0.502081178778732,0.0,0.0,0.0,0.0,0.0,0.0,0.497918821221268
2014-10-06,0.5016620951276839,0.0,0.0,0.0,0.0,0.0,0.0,0.49833790487231605
2014-10-07,0.4968712265453634,0.0,0.0,0.0,0.0,0.0,0.0,0.5031287734546367
2014-10-08,0.49993202637467177,0.0,0.0,0.0,0.0,0.0,0.0,0.5000679736253283
2014-10-09,0.4959676099143977,0.0,0.0,0.0,0.0,0.0,0.0,0.5040323900856023
2014-10-10,0.4928889085563311,0.0,0.0,0.0,0.0,0.0,0.0,0.507111091443669
2014-10-13,0.4881027878624119,0.0,0.0,0.0,0.0,0.0,0.0,0.5118972121375881
2014-10-14,0.4879272553406329,0.0,0.0,0.0,0.0,0.0,0.0,0.5120727446593671
2014-10-15,0.48604409937154497,0.0,0.0,0.0,0.0,0.0,0.0,0.513955900628455
2014-10-16,0.4863909897763353,0.0,0.0,0.0,0.0,0.0,0.0,0.5136090102236647
2014-10-17,0.48942866341494384,0.0,0.0,0.0,0.0,0.0,0.0,0.510571336585056
2014-10-20,0.4913859574352686,0.0,0.0,0.0,0.0,0.0,0.0,0.5086140425647313
2014-10-21,0.4964350047441087,0.0,0.0,0.0,0.0,0.0,0.0,0.5035649952558914
2014-10-22,0.4950674512278793,0.0,0.0,0.0,0.0,0.0,0.0,0.5049325487721206
2014-10-23,0.49843678605437414,0.0,0.0,0.0,0.0,0.0,0.0,0.5015632139456259
2014-10-24,0.5002486513733145,0.0,0.0,0.0,0.0,0.0,0.0,0.49975134862668535
2014-10-27,0.4995918785597608,0.0,0.0,0.0,0.0,0.0,0.0,0.5004081214402393
2014-10-28,0.5032785771403442,0.0,0.0,0.0,0.0,0.0,0.0,0.4967214228596558
2014-10-29,0.5033610081692925,0.0,0.0,0.0,0.0,0.0,0.0,0.4966389918307074
2014-10-30,0.5047906490241454,0.0,0.0,0.0,0.0,0.0,0.0,0.4952093509758547
2014-10-31,0.5076749316306179,0.0,0.0,0.0,0.0,0.0,0.0,0.49232506836938217
2014-11-03,0.5,0.0,0.0,0.0,0.5,0.0,0.0,0.0
2014-11-04,0.49872368321437416,0.0,0.0,0.0,0.5012763167856259,0.0,0.0,0.0
2014-11-05,0.5008308653325388,0.0,0.0,0.0,0.4991691346674612,0.0,0.0,0.0
2014-11-06,0.5037518132815888,0.0,0.0,0.0,0.49624818671841125,0.0,0.0,0.0
2014-11-07,0.5043019951249818,0.0,0.0,0.0,0.49569800487501836,0.0,0.0,0.0
2014-11-10,0.503037301047804,0.0,0.0,0.0,0.4969626989521961,0.0,0.0,0.0
2014-11-11,0.5042580673557443,0.0,0.0,0.0,0.49574193264425565,0.0,0.0,0.0
2014-11-12,0.5058879303272371,0.0,0.0,0.0,0.4941120696727629,0.0,0.0,0.0
2014-11-13,0.5048069479813325,0.0,0.0,0.0,0.4951930520186676,0.0,0.0,0.0
2014-11-14,0.5069307028902185,0.0,0.0,0.0,0.4930692971097814,0.0,0.0,0.0
2014-11-17,0.5059770305753288,0.0,0.0,0.0,0.49402296942467117,0.0,0.0,0.0
2014-11-18,0.5063400100301377,0.0,0.0,0.0,0.49365998996986227,0.0,0.0,0.0
2014-11-19,0.5081909028125926,0.0,0.0,0.0,0.49180909718740745,0.0,0.0,0.0
2014-11-20,0.5078017189028585,0.0,0.0,0.0,0.4921982810971414,0.0,0.0,0.0
2014-11-21,0.5075839750755051,0.0,0.0,0.0,0.49241602492449493,0.0,0.0,0.0
2014-11-24,0.5074020273415428,0.0,0.0,0.0,0.4925979726584572,0.0,0.0,0.0
2014-11-25,0.5067811332486519,0.0,0.0,0.0,0.49321886675134813,0.0,0.0,0.0
2014-11-26,0.5050136065409404,0.0,0.0,0.0,0.49498639345905954,0.0,0.0,0.0
2014-11-28,0.5038621717584544,0.0,0.0,0.0,0.4961378282415457,0.0,0.0,0.0
2014-12-01,0.0,0.0,0.0,0.0,0.5,0.0,0.5,0.0
2014-12-02,0.0,0.0,0.0,0.0,0.5039902684940839,0.0,0.4960097315059162,0.0
2014-12-03,0.0,0.0,0.0,0.0,0.5027680814668909,0.0,0.497231918533109,0.0
2014-12-04,0.0,0.0,0.0,0.0,0.5013354638209858,0.0,0.49866453617901413,0.0
2014-12-05,0.0,0.0,0.0,0.0,0.5015284456257996,0.0,0.49847155437420054,0.0
2014-12-08,0.0,0.0,0.0,0.0,0.5000683994924734,0.0,0.4999316005075266,0.0
2014-12-09,0.0,0.0,0.0,0.0,0.49992477592954715,0.0,0.5000752240704529,0.0
2014-12-10,0.0,0.0,0.0,0.0,0.4978593449031789,0.0,0.502140655096821,0.0
2014-12-11,0.0,0.0,0.0,0.0,0.4972944588622604,0.0,0.5027055411377397,0.0
2014-12-12,0.0,0.0,0.0,0.0,0.49174087857788634,0.0,0.5082591214221137,0.0
2014-12-15,0.0,0.0,0.0,0.0,0.4889884168615482,0.0,0.5110115831384519,0.0
2014-12-16,0.0,0.0,0.0,0.0,0.48557030595409284,0.0,0.5144296940459071,0.0
2014-12-17,0.0,0.0,0.0,0.0,0.4935074904088351,0.0,0.5064925095911648,0.0
2014-12-18,0.0,0.0,0.0,0.0,0.4997380227813465,0.0,0.5002619772186536,0.0
2014-12-19,0.0,0.0,0.0,0.0,0.49627710714270856,0.0,0.5037228928572914,0.0
2014-12-22,0.0,0.0,0.0,0.0,0.5000848346622419,0.0,0.49991516533775815,0.0
2014-12-23,0.0,0.0,0.0,0.0,0.5043934128745964,0.0,0.4956065871254037,0.0
2014-12-24,0.0,0.0,0.0,0.0,0.5019984855926052,0.0,0.49800151440739476,0.0
2014-12-26,0.0,0.0,0.0,0.0,0.5019581308593885,0.0,0.4980418691406115,0.0
2014-12-29,0.0,0.0,0.0,0.0,0.5014643867475921,0.0,0.49853561325240797,0.0
2014-12-30,0.0,0.0,0.0,0.0,0.5006051165024011,0.0,0.49939488349759875,0.0
2014-12-31,0.0,0.0,0.0,0.0,0.49587471616347495,0.0,0.5041252838365251,0.0
2015-01-02,0.0,0.0,0.0,0.0,0.5,0.0,0.5,0.0
2015-01-05,0.0,0.0,0.0,0.0,0.49746812207534197,0.0,0.502531877924658,0.0
2015-01-06,0.0,0.0,0.0,0.0,0.4954713098346977,0.0,0.5045286901653022,0.0
2015-01-07,0.0,0.0,0.0,0.0,0.49976901629713927,0.0,0.5002309837028607,0.0
2015-01-08,0.0,0.0,0.0,0.0,0.504043845545722,0.0,0.495956154454278,0.0
2015-01-09,0.0,0.0,0.0,0.0,0.5014381195722951,0.0,0.49856188042770483,0.0
2015-01-12,0.0,0.0,0.0,0.0,0.5019132960510255,0.0,0.4980867039489744,0.0
2015-01-13,0.0,0.0,0.0,0.0,0.501534190716196,0.0,0.4984658092838039,0.0
2015-01-14,0.0,0.0,0.0,0.0,0.5017953538827372,0.0,0.4982046461172627,0.0
2015-01-15,0.0,0.0,0.0,0.0,0.4984701907365681,0.0,0.5015298092634319,0.0
2015-01-16,0.0,0.0,0.0,0.0,0.5038340909279325,0.0,0.4961659090720674,0.0
2015-01-20,0.0,0.0,0.0,0.0,0.4985507893415508,0.0,0.5014492106584492,0.0
2015-01-21,0.0,0.0,0.0,0.0,0.5012842433626288,0.0,0.4987157566373711,0.0
2015-01-22,0.0,0.0,0.0,0.0,0.5065921718759148,0.0,0.4934078281240852,0.0
2015-01-23,0.0,0.0,0.0,0.0,0.5024267230619868,0.0,0.49757327693801323,0.0
2015-01-26,0.0,0.0,0.0,0.0,0.5052846926817729,0.0,0.494715307318227,0.0
2015-01-27,0.0,0.0,0.0,0.0,0.5049788185792706,0.0,0.49502118142072943,0.0
2015-01-28,0.0,0.0,0.0,0.0,0.49925558384338675,0.0,0.5007444161566132,0.0
2015-01-29,0.0,0.0,0.0,0.0,0.5017847931453419,0.0,0.4982152068546582,0.0
2015-01-30,0.0,0.0,0.0,0.0,0.4921872462928771,0.0,0.507812753707123,0.0
2015-02-02,0.0,0.0,0.0,0.0,0.5,0.0,0.5,0.0
2015-02-03,0.0,0.0,0.0,0.0,0.507510388010393,0.0,0.49248961198960695,0.0
2015-02-04,0.0,0.0,0.0,0.0,0.5060482199499144,0.0,0.4939517800500856,0.0
2015-02-05,0.0,0.0,0.0,0.0,0.5117868543983656,0.0,0.4882131456016345,0.0
2015-02-06,0.0,0.0,0.0,0.0,0.5088805976007169,0.0,0.49111940239928314,0.0
2015-02-09,0.0,0.0,0.0,0.0,0.5075154168611347,0.0,0.49248458313886534,0.0
2015-02-10,0.0,0.0,0.0,0.0,0.5103075206846543,0.0,0.48969247931534565,0.0
2015-02-11,0.0,0.0,0.0,0.0,0.5091084967693063,0.0,0.49089150323069386,0.0
2015-02-12,0.0,0.0,0.0,0.0,0.5129013569100268,0.0,0.48709864308997314,0.0
2015-02-13,0.0,0.0,0.0,0.0,0.513811513070526,0.0,0.4861884869294739,0.0
2015-02-17,0.0,0.0,0.0,0.0,0.5169829808243289,0.0,0.48301701917567097,0.0
2015-02-18,0.0,0.0,0.0,0.0,0.517818404729854,0.0,0.4821815952701459,0.0
2015-02-19,0.0,0.0,0.0,0.0,0.5140510981488687,0.0,0.48594890185113127,0.0
2015-02-20,0.0,0.0,0.0,0.0,0.5157223999432576,0.0,0.48427760005674236,0.0
2015-02-23,0.0,0.0,0.0,0.0,0.5148759810203681,0.0,0.4851240189796319,0.0
2015-02-24,0.0,0.0,0.0,0.0,0.5066464014101109,0.0,0.4933535985898891,0.0
2015-02-25,0.0,0.0,0.0,0.0,0.5056290500449986,0.0,0.4943709499550014,0.0
2015-02-26,0.0,0.0,0.0,0.0,0.5063341940217465,0.0,0.49366580597825344,0.0
2015-02-27,0.0,0.0,0.0,0.0,0.5061976628518884,0.0,0.49380233714811167,0.0
2015-03-02,0.0,0.0,0.0,0.0,0.5,0.0,0.5,0.0
2015-03-03,0.0,0.0,0.0,0.0,0.5004308307242499,0.0,0.4995691692757501,0.0
2015-03-04,0.0,0.0,0.0,0.0,0.49795049495825033,0.0,0.5020495050417496,0.0
2015-03-05,0.0,0.0,0.0,0.0,0.49898971487624316,0.0,0.5010102851237568,0.0
2015-03-06,0.0,0.0,0.0,0.0,0.4961335429714028,0.0,0.5038664570285972,0.0
2015-03-09,0.0,0.0,0.0,0.0,0.4958193005207397,0.0,0.5041806994792603,0.0
2015-03-10,0.0,0.0,0.0,0.0,0.4923666627493331,0.0,0.507633337250667,0.0
2015-03-11,0.0,0.0,0.0,0.0,0.4907682813419337,0.0,0.5092317186580664,0.0
2015-03-12,0.0,0.0,0.0,0.0,0.4952578023073566,0.0,0.5047421976926434,0.0
2015-03-13,0.0,0.0,0.0,0.0,0.4958742925356039,0.0,0.5041257074643962,0.0
2015-03-16,0.0,0.0,0.0,0.0,0.4960452742620634,0.0,0.5039547257379366,0.0
2015-03-17,0.0,0.0,0.0,0.0,0.4938925119743699,0.0,0.5061074880256301,0.0
2015-03-18,0.0,0.0,0.0,0.0,0.4942873194421762,0.0,0.5057126805578238,0.0
2015-03-19,0.0,0.0,0.0,0.0,0.4954465496929936,0.0,0.5045534503070065,0.0
2015-03-20,0.0,0.0,0.0,0.0,0.5003259635051494,0.0,0.4996740364948506,0.0
2015-03-23,0.0,0.0,0.0,0.0,0.5003141701894748,0.0,0.49968582981052534,0.0
2015-03-24,0.0,0.0,0.0,0.0,0.4957710803594965,0.0,0.5042289196405035,0.0
2015-03-25,0.0,0.0,0.0,0.0,0.4935409934300797,0.0,0.5064590065699204,0.0
2015-03-26,0.0,0.0,0.0,0.0,0.49615865376139306,0.0,0.503841346238607,0.0
2015-03-27,0.0,0.0,0.0,0.0,0.4933969859596682,0.0,0.5066030140403319,0.0
2015-03-30,0.0,0.0,0.0,0.0,0.498191593107957,0.0,0.501808406892043,0.0
2015-03-31,0.0,0.0,0.0,0.0,0.49544139840354656,0.0,0.5045586015964534,0.0
2015-04-01,0.5,0.0,0.0,0.0,0.0,0.0,0.5,0.0
2015-04-02,0.5035606080781759,0.0,0.0,0.0,0.0,0.0,0.496439391921824,0.0
2015-04-06,0.5066378790690051,0.0,0.0,0.0,0.0,0.0,0.49336212093099485,0.0
2015-04-07,0.5038883315921745,0.0,0.0,0.0,0.0,0.0,0.49611166840782556,0.0
2015-04-08,0.504654827405977,0.0,0.0,0.0,0.0,0.0,0.495345172594023,0.0
2015-04-09,0.5090196228039527,0.0,0.0,0.0,0.0,0.0,0.4909803771960473,0.0
2015-04-10,0.5100131026350547,0.0,0.0,0.0,0.0,0.0,0.48998689736494533,0.0
2015-04-13,0.5085335084875697,0.0,0.0,0.0,0.0,0.0,0.4914664915124302,0.0
2015-04-14,0.5072457936821285,0.0,0.0,0.0,0.0,0.0,0.4927542063178715,0.0
2015-04-15,0.5085752014736074,0.0,0.0,0.0,0.0,0.0,0.49142479852639265,0.0
2015-04-16,0.5097508201689745,0.0,0.0,0.0,0.0,0.0,0.49024917983102534,0.0
2015-04-17,0.5040094371627521,0.0,0.0,0.0,0.0,0.0,0.4959905628372478,0.0
2015-04-20,0.508498599173877,0.0,0.0,0.0,0.0,0.0,0.49150140082612304,0.0
2015-04-21,0.5093349497439286,0.0,0.0,0.0,0.0,0.0,0.4906650502560714,0.0
2015-04-22,0.5144034511458988,0.0,0.0,0.0,0.0,0.0,0.48559654885410125,0.0
2015-04-23,0.5139578034200267,0.0,0.0,0.0,0.0,0.0,0.48604219657997333,0.0
2015-04-24,0.5129834984145527,0.0,0.0,0.0,0.0,0.0,0.48701650158544735,0.0
2015-04-27,0.5119426507457958,0.0,0.0,0.0,0.0,0.0,0.4880573492542043,0.0
2015-04-28,0.5162043789770105,0.0,0.0,0.0,0.0,0.0,0.48379562102298945,0.0
2015-04-29,0.5182539464935944,0.0,0.0,0.0,0.0,0.0,0.48174605350640565,0.0
2015-04-30,0.5153025625333396,0.0,0.0,0.0,0.0,0.0,0.4846974374666604,0.0
2015-05-01,0.5,0.5,0.0,0.0,0.0,0.0,0.0,0.0
2015-05-04,0.500298590373531,0.4997014096264691,0.0,0.0,0.0,0.0,0.0,0.0
2015-05-05,0.5015265906949304,0.49847340930506956,0.0,0.0,0.0,0.0,0.0,0.0
2015-05-06,0.5022229234357113,0.49777707656428866,0.0,0.0,0.0,0.0,0.0,0.0
2015-05-07,0.5017235149709967,0.49827648502900335,0.0,0.0,0.0,0.0,0.0,0.0
2015-05-08,0.5018921091973364,0.49810789080266354,0.0,0.0,0.0,0.0,0.0,0.0
2015-05-11,0.5016640906058649,0.4983359093941351,0.0,0.0,0.0,0.0,0.0,0.0
2015-05-12,0.5020491107585539,0.49795088924144604,0.0,0.0,0.0,0.0,0.0,0.0
2015-05-13,0.501586960465016,0.49841303953498384,0.0,0.0,0.0,0.0,0.0,0.0
2015-05-14,0.500549479186402,0.499450520813598,0.0,0.0,0.0,0.0,0.0,0.0
2015-05-15,0.5008202612483981,0.49917973875160193,0.0,0.0,0.0,0.0,0.0,0.0
2015-05-18,0.5005031446750865,0.49949685532491345,0.0,0.0,0.0,0.0,0.0,0.0
2015-05-19,0.5006936988278867,0.49930630117211333,0.0,0.0,0.0,0.0,0.0,0.0
2015-05-20,0.5003584015673795,0.49964159843262046,0.0,0.0,0.0,0.0,0.0,0.0
2015-05-21,0.4997934734063293,0.5002065265936707,0.0,0.0,0.0,0.0,0.0,0.0
2015-05-22,0.4994443184480269,0.500555681551973,0.0,0.0,0.0,0.0,0.0,0.0
2015-05-26,0.4996327312544055,0.5003672687455945,0.0,0.0,0.0,0.0,0.0,0.0
2015-05-27,0.4979972367381783,0.5020027632618217,0.0,0.0,0.0,0.0,0.0,0.0
2015-05-28,0.4982791088912886,0.5017208911087113,0.0,0.0,0.0,0.0,0.0,0.0
2015-05-29,0.49821569794095916,0.5017843020590409,0.0,0.0,0.0,0.0,0.0,0.0
2015-06-01,0.5,0.5,0.0,0.0,0.0,0.0,0.0,0.0
2015-06-02,0.5005454004061073,0.4994545995938928,0.0,0.0,0.0,0.0,0.0,0.0
2015-06-03,0.5004585285523948,0.4995414714476053,0.0,0.0,0.0,0.0,0.0,0.0
2015-06-04,0.5002473384192183,0.4997526615807816,0.0,0.0,0.0,0.0,0.0,0.0
2015-06-05,0.5004126173228568,0.4995873826771432,0.0,0.0,0.0,0.0,0.0,0.0
2015-06-08,0.5014223103843393,0.4985776896156606,0.0,0.0,0.0,0.0,0.0,0.0
2015-06-09,0.5018027585820057,0.49819724141799426,0.0,0.0,0.0,0.0,0.0,0.0
2015-06-10,0.5013808614778329,0.498619138522167,0.0,0.0,0.0,0.0,0.0,0.0
2015-06-11,0.501820336348825,0.498179663651175,0.0,0.0,0.0,0.0,0.0,0.0
2015-06-12,0.5019596520655903,0.4980403479344096,0.0,0.0,0.0,0.0,0.0,0.0
2015-06-15,0.502130450654999,0.49786954934500105,0.0,0.0,0.0,0.0,0.0,0.0
2015-06-16,0.502130302022357,0.497869697977643,0.0,0.0,0.0,0.0,0.0,0.0
2015-06-17,0.5018458773929637,0.49815412260703623,0.0,0.0,0.0,0.0,0.0,0.0
2015-06-18,0.5008151667577431,0.4991848332422568,0.0,0.0,0.0,0.0,0.0,0.0
2015-06-19,0.5009419546703469,0.49905804532965325,0.0,0.0,0.0,0.0,0.0,0.0
2015-06-22,0.5003834262305142,0.4996165737694858,0.0,0.0,0.0,0.0,0.0,0.0
2015-06-23,0.5003571532474698,0.49964284675253035,0.0,0.0,0.0,0.0,0.0,0.0
2015-06-24,0.49982440401482275,0.5001755959851772,0.0,0.0,0.0,0.0,0.0,0.0
2015-06-25,0.4995625033775141,0.5004374966224858,0.0,0.0,0.0,0.0,0.0,0.0
2015-06-26,0.5011796930320362,0.49882030696796364,0.0,0.0,0.0,0.0,0.0,0.0
2015-06-29,0.5018548558695854,0.4981451441304145,0.0,0.0,0.0,0.0,0.0,0.0
2015-06-30,0.5014888711672363,0.4985111288327636,0.0,0.0,0.0,0.0,0.0,0.0
2015-07-01,0.5,0.5,0.0,0.0,0.0,0.0,0.0,0.0
2015-07-02,0.49970145034813673,0.5002985496518633,0.0,0.0,0.0,0.0,0.0,0.0
2015-07-06,0.49956848973382995,0.50043151026617,0.0,0.0,0.0,0.0,0.0,0.0
2015-07-07,0.5005099085816948,0.4994900914183052,0.0,0.0,0.0,0.0,0.0,0.0
2015-07-08,0.5006715711785046,0.49932842882149536,0.0,0.0,0.0,0.0,0.0,0.0
2015-07-09,0.5012646691569169,0.49873533084308314,0.0,0.0,0.0,0.0,0.0,0.0
2015-07-10,0.500602136480945,0.49939786351905496,0.0,0.0,0.0,0.0,0.0,0.0
2015-07-13,0.49899529326159664,0.5010047067384035,0.0,0.0,0.0,0.0,0.0,0.0
2015-07-14,0.4984394541237832,0.5015605458762169,0.0,0.0,0.0,0.0,0.0,0.0
2015-07-15,0.4980844880479793,0.5019155119520208,0.0,0.0,0.0,0.0,0.0,0.0
2015-07-16,0.4965741513048359,0.503425848695164,0.0,0.0,0.0,0.0,0.0,0.0
2015-07-17,0.49312821390512385,0.5068717860948762,0.0,0.0,0.0,0.0,0.0,0.0
2015-07-20,0.4924008529309223,0.5075991470690777,0.0,0.0,0.0,0.0,0.0,0.0
2015-07-21,0.49156488761823863,0.5084351123817613,0.0,0.0,0.0,0.0,0.0,0.0
2015-07-22,0.4939627041723458,0.5060372958276542,0.0,0.0,0.0,0.0,0.0,0.0
2015-07-23,0.49348529943302527,0.5065147005669747,0.0,0.0,0.0,0.0,0.0,0.0
2015-07-24,0.49334186802801366,0.5066581319719863,0.0,0.0,0.0,0.0,0.0,0.0
2015-07-27,0.49396209165751476,0.5060379083424852,0.0,0.0,0.0,0.0,0.0,0.0
2015-07-28,0.49486776575746344,0.5051322342425365,0.0,0.0,0.0,0.0,0.0,0.0
2015-07-29,0.4956384822186605,0.5043615177813395,0.0,0.0,0.0,0.0,0.0,0.0
2015-07-30,0.4945129144432791,0.505487085556721,0.0,0.0,0.0,0.0,0.0,0.0
2015-07-31,0.4944232839028038,0.5055767160971962,0.0,0.0,0.0,0.0,0.0,0.0
2015-08-03,0.5,0.5,0.0,0.0,0.0,0.0,0.0,0.0
2015-08-04,0.49998191197459124,0.5000180880254087,0.0,0.0,0.0,0.0,0.0,0.0
2015-08-05,0.49888161452199414,0.5011183854780058,0.0,0.0,0.0,0.0,0.0,0.0
2015-08-06,0.5008676641536083,0.4991323358463916,0.0,0.0,0.0,0.0,0.0,0.0
2015-08-07,0.5007042664946726,0.49929573350532735,0.0,0.0,0.0,0.0,0.0,0.0
2015-08-10,0.5009950432689385,0.49900495673106154,0.0,0.0,0.0,0.0,0.0,0.0
2015-08-11,0.5019539846557111,0.498046015344289,0.0,0.0,0.0,0.0,0.0,0.0
2015-08-12,0.5013922925032364,0.49860770749676375,0.0,0.0,0.0,0.0,0.0,0.0
2015-08-13,0.5014885272603443,0.4985114727396557,0.0,0.0,0.0,0.0,0.0,0.0
2015-08-14,0.5020124032390444,0.4979875967609556,0.0,0.0,0.0,0.0,0.0,0.0
2015-08-17,0.501332694790588,0.498667305209412,0.0,0.0,0.0,0.0,0.0,0.0
2015-08-18,0.5018895024740874,0.49811049752591274,0.0,0.0,0.0,0.0,0.0,0.0
2015-08-19,0.5015569386535835,0.4984430613464166,0.0,0.0,0.0,0.0,0.0,0.0
2015-08-20,0.5033026620144,0.49669733798559995,0.0,0.0,0.0,0.0,0.0,0.0
2015-08-21,0.5068334372541253,0.4931665627458746,0.0,0.0,0.0,0.0,0.0,0.0
2015-08-24,0.505887914912038,0.494112085087962,0.0,0.0,0.0,0.0,0.0,0.0
2015-08-25,0.5038699495393215,0.4961300504606786,0.0,0.0,0.0,0.0,0.0,0.0
2015-08-26,0.5010052403766714,0.4989947596233287,0.0,0.0,0.0,0.0,0.0,0.0
2015-08-27,0.5008594051103434,0.4991405948896565,0.0,0.0,0.0,0.0,0.0,0.0
2015-08-28,0.500919314532456,0.49908068546754397,0.0,0.0,0.0,0.0,0.0,0.0
2015-08-31,0.5020113578520164,0.4979886421479835,0.0,0.0,0.0,0.0,0.0,0.0
2015-09-01,0.5,0.0,0.0,0.0,0.0,0.0,0.5,0.0
2015-09-02,0.5068607354150482,0.0,0.0,0.0,0.0,0.0,0.49313926458495183,0.0
2015-09-03,0.5058236284843072,0.0,0.0,0.0,0.0,0.0,0.49417637151569277,0.0
2015-09-04,0.4997385954462516,0.0,0.0,0.0,0.0,0.0,0.5002614045537485,0.0
2015-09-08,0.5096583199736874,0.0,0.0,0.0,0.0,0.0,0.4903416800263126,0.0
2015-09-09,0.505097178655235,0.0,0.0,0.0,0.0,0.0,0.49490282134476504,0.0
2015-09-10,0.5081469777373504,0.0,0.0,0.0,0.0,0.0,0.4918530222626495,0.0
2015-09-11,0.5077106619910913,0.0,0.0,0.0,0.0,0.0,0.49228933800890873,0.0
2015-09-14,0.5063904971268923,0.0,0.0,0.0,0.0,0.0,0.4936095028731076,0.0
2015-09-15,0.5143299792553176,0.0,0.0,0.0,0.0,0.0,0.4856700207446824,0.0
2015-09-16,0.5174292782842981,0.0,0.0,0.0,0.0,0.0,0.4825707217157018,0.0
2015-09-17,0.5138373135859903,0.0,0.0,0.0,0.0,0.0,0.48616268641400967,0.0
2015-09-18,0.505904480606423,0.0,0.0,0.0,0.0,0.0,0.4940955193935771,0.0
2015-09-21,0.5112995906951378,0.0,0.0,0.0,0.0,0.0,0.48870040930486225,0.0
2015-09-22,0.504583185336135,0.0,0.0,0.0,0.0,0.0,0.495416814663865,0.0
2015-09-23,0.5042038528278977,0.0,0.0,0.0,0.0,0.0,0.4957961471721023,0.0
2015-09-24,0.5016001009741349,0.0,0.0,0.0,0.0,0.0,0.49839989902586507,0.0
2015-09-25,0.5037061967324062,0.0,0.0,0.0,0.0,0.0,0.4962938032675938,0.0
2015-09-28,0.4931099792501275,0.0,0.0,0.0,0.0,0.0,0.5068900207498725,0.0
2015-09-29,0.4925496059222396,0.0,0.0,0.0,0.0,0.0,0.5074503940777604,0.0
2015-09-30,0.49803913022909085,0.0,0.0,0.0,0.0,0.0,0.501960869770909,0.0
2015-10-01,0.0,0.0,0.0,0.0,0.0,0.0,0.5,0.5
2015-10-02,0.0,0.0,0.0,0.0,0.0,0.0,0.5004105341299353,0.49958946587006464
2015-10-05,0.0,0.0,0.0,0.0,0.0,0.0,0.49766310292062915,0.5023368970793708
2015-10-06,0.0,0.0,0.0,0.0,0.0,0.0,0.4982436099685708,0.5017563900314292
2015-10-07,0.0,0.0,0.0,0.0,0.0,0.0,0.4965309334290026,0.5034690665709974
2015-10-08,0.0,0.0,0.0,0.0,0.0,0.0,0.495416866538598,0.5045831334614019
2015-10-09,0.0,0.0,0.0,0.0,0.0,0.0,0.49596418976925005,0.50403581023075
2015-10-12,0.0,0.0,0.0,0.0,0.0,0.0,0.49684918018364105,0.5031508198163589
2015-10-13,0.0,0.0,0.0,0.0,0.0,0.0,0.49746763446633363,0.5025323655336664
2015-10-14,0.0,0.0,0.0,0.0,0.0,0.0,0.49866078495527183,0.5013392150447282
2015-10-15,0.0,0.0,0.0,0.0,0.0,0.0,0.4975399364813377,0.5024600635186623
2015-10-16,0.0,0.0,0.0,0.0,0.0,0.0,0.4975350810757803,0.5024649189242196
2015-10-19,0.0,0.0,0.0,0.0,0.0,0.0,0.49686965347324136,0.5031303465267587
2015-10-20,0.0,0.0,0.0,0.0,0.0,0.0,0.4957981197985633,0.5042018802014366
2015-10-21,0.0,0.0,0.0,0.0,0.0,0.0,0.49703031819696564,0.5029696818030345
2015-10-22,0.0,0.0,0.0,0.0,0.0,0.0,0.4969210369773411,0.5030789630226589
2015-10-23,0.0,0.0,0.0,0.0,0.0,0.0,0.49569522767318785,0.5043047723268121
2015-10-26,0.0,0.0,0.0,0.0,0.0,0.0,0.496905826415184,0.503094173584816
2015-10-27,0.0,0.0,0.0,0.0,0.0,0.0,0.49746600654007295,0.502533993459927
2015-10-28,0.0,0.0,0.0,0.0,0.0,0.0,0.4974402507776399,0.5025597492223601
2015-10-29,0.0,0.0,0.0,0.0,0.0,0.0,0.49519024641907083,0.5048097535809292
2015-10-30,0.0,0.0,0.0,0.0,0.0,0.0,0.49642536620729494,0.5035746337927051
2015-11-02,0.5,0.0,0.0,0.0,0.5,0.0,0.0,0.0
2015-11-03,0.503248952069292,0.0,0.0,0.0,0.4967510479307081,0.0,0.0,0.0
2015-11-04,0.5036063082367064,0.0,0.0,0.0,0.4963936917632936,0.0,0.0,0.0
2015-11-05,0.5023637274841589,0.0,0.0,0.0,0.497636272515841,0.0,0.0,0.0
2015-11-06,0.5101277086727902,0.0,0.0,0.0,0.48987229132720966,0.0,0.0,0.0
2015-11-09,0.5121026823349721,0.0,0.0,0.0,0.48789731766502786,0.0,0.0,0.0
2015-11-10,0.5098345326536061,0.0,0.0,0.0,0.49016546734639393,0.0,0.0,0.0
2015-11-11,0.5085609487528764,0.0,0.0,0.0,0.49143905124712356,0.0,0.0,0.0
2015-11-12,0.5067546544817418,0.0,0.0,0.0,0.4932453455182582,0.0,0.0,0.0
2015-11-13,0.5067932494743427,0.0,0.0,0.0,0.4932067505256574,0.0,0.0,0.0
2015-11-16,0.5077046450739293,0.0,0.0,0.0,0.4922953549260706,0.0,0.0,0.0
2015-11-17,0.5075222713282604,0.0,0.0,0.0,0.4924777286717396,0.0,0.0,0.0
2015-11-18,0.509268049083243,0.0,0.0,0.0,0.4907319509167571,0.0,0.0,0.0
2015-11-19,0.5082845907269181,0.0,0.0,0.0,0.491715409273082,0.0,0.0,0.0
2015-11-20,0.5060825235717076,0.0,0.0,0.0,0.4939174764282923,0.0,0.0,0.0
2015-11-23,0.5052599052903756,0.0,0.0,0.0,0.4947400947096244,0.0,0.0,0.0
2015-11-24,0.5069203119481892,0.0,0.0,0.0,0.4930796880518109,0.0,0.0,0.0
2015-11-25,0.505873702742437,0.0,0.0,0.0,0.494126297257563,0.0,0.0,0.0
2015-11-27,0.5039942094504388,0.0,0.0,0.0,0.49600579054956123,0.0,0.0,0.0
2015-11-30,0.5048050646971641,0.0,0.0,0.0,0.4951949353028359,0.0,0.0,0.0
2015-12-01,0.5,0.0,0.5,0.0,0.0,0.0,0.0,0.0
2015-12-02,0.5001401315403058,0.0,0.4998598684596941,0.0,0.0,0.0,0.0,0.0
2015-12-03,0.5008665163717482,0.0,0.4991334836282519,0.0,0.0,0.0,0.0,0.0
2015-12-04,0.5031779745935949,0.0,0.4968220254064051,0.0,0.0,0.0,0.0,0.0
2015-12-07,0.5054440845507621,0.0,0.4945559154492378,0.0,0.0,0.0,0.0,0.0
2015-12-08,0.5051416927558793,0.0,0.49485830724412067,0.0,0.0,0.0,0.0,0.0
2015-12-09,0.5060000305006738,0.0,0.4939999694993263,0.0,0.0,0.0,0.0,0.0
2015-12-10,0.5058131756369543,0.0,0.4941868243630458,0.0,0.0,0.0,0.0,0.0
2015-12-11,0.506552884557819,0.0,0.493447115442181,0.0,0.0,0.0,0.0,0.0
2015-12-14,0.509605610717863,0.0,0.4903943892821369,0.0,0.0,0.0,0.0,0.0
2015-12-15,0.5086421943787063,0.0,0.4913578056212938,0.0,0.0,0.0,0.0,0.0
2015-12-16,0.5084874526683101,0.0,0.49151254733168986,0.0,0.0,0.0,0.0,0.0
2015-12-17,0.5073286493096093,0.0,0.49267135069039064,0.0,0.0,0.0,0.0,0.0
2015-12-18,0.5066846639261975,0.0,0.4933153360738025,0.0,0.0,0.0,0.0,0.0
2015-12-21,0.5068617061738182,0.0,0.49313829382618174,0.0,0.0,0.0,0.0,0.0
2015-12-22,0.5068379703298674,0.0,0.4931620296701325,0.0,0.0,0.0,0.0,0.0
2015-12-23,0.5067806649560643,0.0,0.49321933504393556,0.0,0.0,0.0,0.0,0.0
2015-12-24,0.5058957395081206,0.0,0.49410426049187933,0.0,0.0,0.0,0.0,0.0
2015-12-28,0.5064835891461885,0.0,0.4935164108538115,0.0,0.0,0.0,0.0,0.0
2015-12-29,0.5064538625002847,0.0,0.4935461374997154,0.0,0.0,0.0,0.0,0.0
2015-12-30,0.5072055739209024,0.0,0.49279442607909757,0.0,0.0,0.0,0.0,0.0
2015-12-31,0.5078244147152632,0.0,0.4921755852847369,0.0,0.0,0.0,0.0,0.0
2016-01-04,0.5,0.0,0.0,0.0,0.0,0.0,0.0,0.5
2016-01-05,0.5002905349055223,0.0,0.0,0.0,0.0,0.0,0.0,0.49970946509447756
2016-01-06,0.49613246552588597,0.0,0.0,0.0,0.0,0.0,0.0,0.503867534474114
2016-01-07,0.48986630599759157,0.0,0.0,0.0,0.0,0.0,0.0,0.5101336940024084
2016-01-08,0.48691213928239674,0.0,0.0,0.0,0.0,0.0,0.0,0.5130878607176034
2016-01-11,0.48796704191954476,0.0,0.0,0.0,0.0,0.0,0.0,0.5120329580804553
2016-01-12,0.4894070042640617,0.0,0.0,0.0,0.0,0.0,0.0,0.5105929957359383
2016-01-13,0.48233583229829197,0.0,0.0,0.0,0.0,0.0,0.0,0.517664167701708
2016-01-14,0.48764526548078374,0.0,0.0,0.0,0.0,0.0,0.0,0.5123547345192162
2016-01-15,0.4825968348509788,0.0,0.0,0.0,0.0,0.0,0.0,0.5174031651490212
2016-01-19,0.4840474736942498,0.0,0.0,0.0,0.0,0.0,0.0,0.5159525263057502
2016-01-20,0.48045363691767173,0.0,0.0,0.0,0.0,0.0,0.0,0.5195463630823283
2016-01-21,0.48257344878303676,0.0,0.0,0.0,0.0,0.0,0.0,0.5174265512169633
2016-01-22,0.487491696497046,0.0,0.0,0.0,0.0,0.0,0.0,0.5125083035029541
2016-01-25,0.4839509910265464,0.0,0.0,0.0,0.0,0.0,0.0,0.5160490089734535
2016-01-26,0.48663218978270506,0.0,0.0,0.0,0.0,0.0,0.0,0.5133678102172949
2016-01-27,0.4845803469477897,0.0,0.0,0.0,0.0,0.0,0.0,0.5154196530522104
2016-01-28,0.4855920423030091,0.0,0.0,0.0,0.0,0.0,0.0,0.5144079576969909
2016-01-29,0.4903150377003175,0.0,0.0,0.0,0.0,0.0,0.0,0.5096849622996825
2016-02-01,0.5,0.0,0.0,0.0,0.0,0.0,0.0,0.5
2016-02-02,0.49499132998905837,0.0,0.0,0.0,0.0,0.0,0.0,0.5050086700109416
2016-02-03,0.49710204343633985,0.0,0.0,0.0,0.0,0.0,0.0,0.5028979565636601
2016-02-04,0.49738349829779177,0.0,0.0,0.0,0.0,0.0,0.0,0.5026165017022083
2016-02-05,0.4926196022672615,0.0,0.0,0.0,0.0,0.0,0.0,0.5073803977327385
2016-02-08,0.4879362431271052,0.0,0.0,0.0,0.0,0.0,0.0,0.5120637568728948
2016-02-09,0.4888059372570401,0.0,0.0,0.0,0.0,0.0,0.0,0.51119406274296
2016-02-10,0.48828255453235436,0.0,0.0,0.0,0.0,0.0,0.0,0.5117174454676455
2016-02-11,0.48417838975200334,0.0,0.0,0.0,0.0,0.0,0.0,0.5158216102479967
2016-02-12,0.490681905627538,0.0,0.0,0.0,0.0,0.0,0.0,0.5093180943724619
2016-02-16,0.4960576480037351,0.0,0.0,0.0,0.0,0.0,0.0,0.5039423519962649
2016-02-17,0.5001747481960037,0.0,0.0,0.0,0.0,0.0,0.0,0.4998252518039963
2016-02-18,0.4971199594186046,0.0,0.0,0.0,0.0,0.0,0.0,0.5028800405813953
2016-02-19,0.4971786912290686,0.0,0.0,0.0,0.0,0.0,0.0,0.5028213087709313
2016-02-22,0.5002676141675093,0.0,0.0,0.0,0.0,0.0,0.0,0.49973238583249074
2016-02-23,0.4965861699258005,0.0,0.0,0.0,0.0,0.0,0.0,0.5034138300741995
2016-02-24,0.49748662471629185,0.0,0.0,0.0,0.0,0.0,0.0,0.5025133752837082
2016-02-25,0.4991011488732963,0.0,0.0,0.0,0.0,0.0,0.0,0.5008988511267037
2016-02-26,0.4986120149101699,0.0,0.0,0.0,0.0,0.0,0.0,0.5013879850898302
2016-02-29,0.49646977884310467,0.0,0.0,0.0,0.0,0.0,0.0,0.5035302211568953
2016-03-01,0.0,0.0,0.0,0.0,0.0,0.5,0.5,0.0
2016-03-02,0.0,0.0,0.0,0.0,0.0,0.5008947413783346,0.4991052586216655,0.0
2016-03-03,0.0,0.0,0.0,0.0,0.0,0.5042665513355767,0.4957334486644233,0.0
2016-03-04,0.0,0.0,0.0,0.0,0.0,0.5054810407277929,0.49451895927220707,0.0
2016-03-07,0.0,0.0,0.0,0.0,0.0,0.5067999078781767,0.4932000921218233,0.0
2016-03-08,0.0,0.0,0.0,0.0,0.0,0.5028956904768662,0.4971043095231338,0.0
2016-03-09,0.0,0.0,0.0,0.0,0.0,0.5023378396955691,0.497662160304431,0.0
2016-03-10,0.0,0.0,0.0,0.0,0.0,0.5073473235566228,0.4926526764433773,0.0
2016-03-11,0.0,0.0,0.0,0.0,0.0,0.5055485213021618,0.49445147869783823,0.0
2016-03-14,0.0,0.0,0.0,0.0,0.0,0.5015197003112759,0.49848029968872415,0.0
2016-03-15,0.0,0.0,0.0,0.0,0.0,0.5014758111583834,0.49852418884161676,0.0
2016-03-16,0.0,0.0,0.0,0.0,0.0,0.5062463581762426,0.4937536418237573,0.0
2016-03-17,0.0,0.0,0.0,0.0,0.0,0.5042604408411017,0.4957395591588984,0.0
2016-03-18,0.0,0.0,0.0,0.0,0.0,0.5030490393573531,0.49695096064264693,0.0
2016-03-21,0.0,0.0,0.0,0.0,0.0,0.5032150451355856,0.4967849548644144,0.0
2016-03-22,0.0,0.0,0.0,0.0,0.0,0.5040080435526803,0.49599195644731975,0.0
2016-03-23,0.0,0.0,0.0,0.0,0.0,0.49547057729179084,0.5045294227082091,0.0
2016-03-24,0.0,0.0,0.0,0.0,0.0,0.49477308416056703,0.5052269158394329,0.0
2016-03-28,0.0,0.0,0.0,0.0,0.0,0.49502470833278506,0.5049752916672149,0.0
2016-03-29,0.0,0.0,0.0,0.0,0.0,0.49700580825940116,0.5029941917405988,0.0
2016-03-30,0.0,0.0,0.0,0.0,0.0,0.4961329030708244,0.5038670969291756,0.0
2016-03-31,0.0,0.0,0.0,0.0,0.0,0.49551604508233266,0.5044839549176673,0.0
2016-04-01,0.0,0.0,0.0,0.0,0.0,0.5,0.5,0.0
2016-04-04,0.0,0.0,0.0,0.0,0.0,0.4981737540860026,0.5018262459139974,0.0
2016-04-05,0.0,0.0,0.0,0.0,0.0,0.4986836571482395,0.5013163428517604,0.0
2016-04-06,0.0,0.0,0.0,0.0,0.0,0.49897148834419147,0.5010285116558084,0.0
2016-04-07,0.0,0.0,0.0,0.0,0.0,0.4994490954476193,0.5005509045523807,0.0
2016-04-08,0.0,0.0,0.0,0.0,0.0,0.5006550321671206,0.4993449678328794,0.0
2016-04-11,0.0,0.0,0.0,0.0,0.0,0.5043320855524668,0.49566791444753316,0.0
2016-04-12,0.0,0.0,0.0,0.0,0.0,0.5061052529180682,0.49389474708193176,0.0
2016-04-13,0.0,0.0,0.0,0.0,0.0,0.5025487054958032,0.49745129450419673,0.0
2016-04-14,0.0,0.0,0.0,0.0,0.0,0.5002315451753107,0.49976845482468946,0.0
2016-04-15,0.0,0.0,0.0,0.0,0.0,0.49982253066562576,0.5001774693343742,0.0
2016-04-18,0.0,0.0,0.0,0.0,0.0,0.5005235484154197,0.49947645158458026,0.0
2016-04-19,0.0,0.0,0.0,0.0,0.0,0.5051818523613433,0.4948181476386566,0.0
2016-04-20,0.0,0.0,0.0,0.0,0.0,0.5066684880612733,0.4933315119387267,0.0
2016-04-21,0.0,0.0,0.0,0.0,0.0,0.5091030019859458,0.4908969980140541,0.0
2016-04-22,0.0,0.0,0.0,0.0,0.0,0.5065218598210646,0.49347814017893554,0.0
2016-04-25,0.0,0.0,0.0,0.0,0.0,0.5082759188228709,0.49172408117712907,0.0
2016-04-26,0.0,0.0,0.0,0.0,0.0,0.5104039625058292,0.48959603749417085,0.0
2016-04-27,0.0,0.0,0.0,0.0,0.0,0.508636887548775,0.49136311245122494,0.0
2016-04-28,0.0,0.0,0.0,0.0,0.0,0.5122876712751859,0.487712328724814,0.0
2016-04-29,0.0,0.0,0.0,0.0,0.0,0.516463281648133,0.48353671835186707,0.0
2016-05-02,0.0,0.0,0.0,0.0,0.0,0.5,0.5,0.0
2016-05-03,0.0,0.0,0.0,0.0,0.0,0.4963021374014382,0.5036978625985619,0.0
2016-05-04,0.0,0.0,0.0,0.0,0.0,0.4934051212188293,0.5065948787811708,0.0
2016-05-05,0.0,0.0,0.0,0.0,0.0,0.4914533269446665,0.5085466730553335,0.0
2016-05-06,0.0,0.0,0.0,0.0,0.0,0.49478671845199895,0.505213281548001,0.0
2016-05-09,0.0,0.0,0.0,0.0,0.0,0.48881552643070386,0.5111844735692962,0.0
2016-05-10,0.0,0.0,0.0,0.0,0.0,0.4894790629557511,0.510520937044249,0.0
2016-05-11,0.0,0.0,0.0,0.0,0.0,0.4904138165021673,0.5095861834978327,0.0
2016-05-12,0.0,0.0,0.0,0.0,0.0,0.48958334388165525,0.5104166561183447,0.0
2016-05-13,0.0,0.0,0.0,0.0,0.0,0.48830440981482404,0.5116955901851761,0.0
2016-05-16,0.0,0.0,0.0,0.0,0.0,0.4906521537808038,0.5093478462191963,0.0
2016-05-17,0.0,0.0,0.0,0.0,0.0,0.49109362283190816,0.5089063771680918,0.0
2016-05-18,0.0,0.0,0.0,0.0,0.0,0.49030381612564444,0.5096961838743556,0.0
2016-05-19,0.0,0.0,0.0,0.0,0.0,0.4887463980884634,0.5112536019115367,0.0
2016-05-20,0.0,0.0,0.0,0.0,0.0,0.4882205954222025,0.5117794045777975,0.0
2016-05-23,0.0,0.0,0.0,0.0,0.0,0.48695397626125225,0.5130460237387476,0.0
2016-05-24,0.0,0.0,0.0,0.0,0.0,0.4836975048224143,0.5163024951775856,0.0
2016-05-25,0.0,0.0,0.0,0.0,0.0,0.483959465199697,0.516040534800303,0.0
2016-05-26,0.0,0.0,0.0,0.0,0.0,0.4818142145660085,0.5181857854339915,0.0
2016-05-27,0.0,0.0,0.0,0.0,0.0,0.4801150299726062,0.5198849700273938,0.0
2016-05-31,0.0,0.0,0.0,0.0,0.0,0.48046798313675937,0.5195320168632407,0.0
2016-06-01,0.0,0.0,0.0,0.0,0.0,0.0,0.5,0.5
2016-06-02,0.0,0.0,0.0,0.0,0.0,0.0,0.5012921816192204,0.49870781838077965
2016-06-03,0.0,0.0,0.0,0.0,0.0,0.0,0.502823812959095,0.497176187040905
2016-06-06,0.0,0.0,0.0,0.0,0.0,0.0,0.5015625061725631,0.4984374938274368
2016-06-07,0.0,0.0,0.0,0.0,0.0,0.0,0.5017918478172481,0.49820815218275205
2016-06-08,0.0,0.0,0.0,0.0,0.0,0.0,0.502296994414238,0.4977030055857619
2016-06-09,0.0,0.0,0.0,0.0,0.0,0.0,0.5035530910452153,0.4964469089547847
2016-06-10,0.0,0.0,0.0,0.0,0.0,0.0,0.504472014311146,0.49552798568885403
2016-06-13,0.0,0.0,0.0,0.0,0.0,0.0,0.5059548105969819,0.49404518940301817
2016-06-14,0.0,0.0,0.0,0.0,0.0,0.0,0.5063294435160375,0.4936705564839625
2016-06-15,0.0,0.0,0.0,0.0,0.0,0.0,0.5063566612261446,0.4936433387738553
2016-06-16,0.0,0.0,0.0,0.0,0.0,0.0,0.5071967876337905,0.49280321236620955
2016-06-17,0.0,0.0,0.0,0.0,0.0,0.0,0.5063791409608496,0.4936208590391505
2016-06-20,0.0,0.0,0.0,0.0,0.0,0.0,0.5040025282191936,0.4959974717808065
2016-06-21,0.0,0.0,0.0,0.0,0.0,0.0,0.5030725629225946,0.4969274370774053
2016-06-22,0.0,0.0,0.0,0.0,0.0,0.0,0.5030280592944143,0.4969719407055858
2016-06-23,0.0,0.0,0.0,0.0,0.0,0.0,0.5004007394888356,0.4995992605111645
2016-06-24,0.0,0.0,0.0,0.0,0.0,0.0,0.505844992942572,0.49415500705742793
2016-06-27,0.0,0.0,0.0,0.0,0.0,0.0,0.5109585472093252,0.48904145279067485
2016-06-28,0.0,0.0,0.0,0.0,0.0,0.0,0.5101064439194279,0.4898935560805721
2016-06-29,0.0,0.0,0.0,0.0,0.0,0.0,0.5082633297699668,0.4917366702300332
2016-06-30,0.0,0.0,0.0,0.0,0.0,0.0,0.5083055600228197,0.4916944399771802
2016-07-01,0.0,0.0,0.0,0.0,0.0,0.0,0.5,0.5
2016-07-05,0.0,0.0,0.0,0.0,0.0,0.0,0.5022586768918538,0.4977413231081462
2016-07-06,0.0,0.0,0.0,0.0,0.0,0.0,0.5022172953248346,0.49778270467516544
2016-07-07,0.0,0.0,0.0,0.0,0.0,0.0,0.5021592879418607,0.4978407120581394
2016-07-08,0.0,0.0,0.0,0.0,0.0,0.0,0.5026034195381517,0.4973965804618482
2016-07-11,0.0,0.0,0.0,0.0,0.0,0.0,0.5010443084180601,0.49895569158193986
2016-07-12,0.0,0.0,0.0,0.0,0.0,0.0,0.4983142029623823,0.5016857970376177
2016-07-13,0.0,0.0,0.0,0.0,0.0,0.0,0.5002729225091268,0.4997270774908731
2016-07-14,0.0,0.0,0.0,0.0,0.0,0.0,0.4972168692646715,0.5027831307353285
2016-07-15,0.0,0.0,0.0,0.0,0.0,0.0,0.4960111109780019,0.5039888890219981
2016-07-18,0.0,0.0,0.0,0.0,0.0,0.0,0.495776187864422,0.504223812135578
2016-07-19,0.0,0.0,0.0,0.0,0.0,0.0,0.4967361635407485,0.5032638364592514
2016-07-20,0.0,0.0,0.0,0.0,0.0,0.0,0.49544705322043947,0.5045529467795605
2016-07-21,0.0,0.0,0.0,0.0,0.0,0.0,0.4956689684343604,0.5043310315656395
2016-07-22,0.0,0.0,0.0,0.0,0.0,0.0,0.49624351187648486,0.5037564881235153
2016-07-25,0.0,0.0,0.0,0.0,0.0,0.0,0.49620523202493577,0.5037947679750642
2016-07-26,0.0,0.0,0.0,0.0,0.0,0.0,0.496844786866392,0.503155213133608
2016-07-27,0.0,0.0,0.0,0.0,0.0,0.0,0.4989056039807219,0.501094396019278
2016-07-28,0.0,0.0,0.0,0.0,0.0,0.0,0.49868594547736284,0.5013140545226371
2016-07-29,0.0,0.0,0.0,0.0,0.0,0.0,0.4998518033126299,0.5001481966873701
2016-08-01,0.0,0.0,0.0,0.0,0.0,0.5,0.5,0.0
2016-08-02,0.0,0.0,0.0,0.0,0.0,0.5046120258598012,0.49538797414019875,0.0
2016-08-03,0.0,0.0,0.0,0.0,0.0,0.5032749470137298,0.49672505298627023,0.0
2016-08-04,0.0,0.0,0.0,0.0,0.0,0.501827378655349,0.498172621344651,0.0
2016-08-05,0.0,0.0,0.0,0.0,0.0,0.4999341825173744,0.5000658174826257,0.0
2016-08-08,0.0,0.0,0.0,0.0,0.0,0.4992478245250954,0.5007521754749046,0.0
2016-08-09,0.0,0.0,0.0,0.0,0.0,0.4978186756980089,0.502181324301991,0.0
2016-08-10,0.0,0.0,0.0,0.0,0.0,0.49802310996204774,0.5019768900379523,0.0
2016-08-11,0.0,0.0,0.0,0.0,0.0,0.4985260593996621,0.501473940600338,0.0
2016-08-12,0.0,0.0,0.0,0.0,0.0,0.49589995736083853,0.5041000426391615,0.0
2016-08-15,0.0,0.0,0.0,0.0,0.0,0.499128861443977,0.5008711385560229,0.0
2016-08-16,0.0,0.0,0.0,0.0,0.0,0.5010253407260434,0.4989746592739567,0.0
2016-08-17,0.0,0.0,0.0,0.0,0.0,0.499588826807135,0.5004111731928651,0.0
2016-08-18,0.0,0.0,0.0,0.0,0.0,0.500377880135174,0.4996221198648261,0.0
2016-08-19,0.0,0.0,0.0,0.0,0.0,0.49947306479439496,0.5005269352056051,0.0
2016-08-22,0.0,0.0,0.0,0.0,0.0,0.497001771453069,0.502998228546931,0.0
2016-08-23,0.0,0.0,0.0,0.0,0.0,0.49669476936007856,0.5033052306399215,0.0
2016-08-24,0.0,0.0,0.0,0.0,0.0,0.4944904357174131,0.5055095642825869,0.0
2016-08-25,0.0,0.0,0.0,0.0,0.0,0.4952228544869813,0.5047771455130187,0.0
2016-08-26,0.0,0.0,0.0,0.0,0.0,0.49632533013080204,0.503674669869198,0.0
2016-08-29,0.0,0.0,0.0,0.0,0.0,0.4935004041161377,0.5064995958838622,0.0
2016-08-30,0.0,0.0,0.0,0.0,0.0,0.49193886391811104,0.5080611360818891,0.0
2016-08-31,0.0,0.0,0.0,0.0,0.0,0.4910811472386859,0.5089188527613142,0.0
2016-09-01,0.0,0.0,0.0,0.0,0.5,0.0,0.5,0.0
2016-09-02,0.0,0.0,0.0,0.0,0.5042069407629086,0.0,0.4957930592370914,0.0
2016-09-06,0.0,0.0,0.0,0.0,0.5043116850480611,0.0,0.4956883149519388,0.0
2016-09-07,0.0,0.0,0.0,0.0,0.5059826796767729,0.0,0.49401732032322704,0.0
2016-09-08,0.0,0.0,0.0,0.0,0.5060610633185629,0.0,0.4939389366814371,0.0
2016-09-09,0.0,0.0,0.0,0.0,0.5001120562160521,0.0,0.4998879437839479,0.0
2016-09-12,0.0,0.0,0.0,0.0,0.5029275749033072,0.0,0.4970724250966928,0.0
2016-09-13,0.0,0.0,0.0,0.0,0.4994267071779748,0.0,0.5005732928220251,0.0
2016-09-14,0.0,0.0,0.0,0.0,0.4998529283812847,0.0,0.5001470716187152,0.0
2016-09-15,0.0,0.0,0.0,0.0,0.5018791929090366,0.0,0.4981208070909634,0.0
2016-09-16,0.0,0.0,0.0,0.0,0.4999849921689662,0.0,0.5000150078310339,0.0
2016-09-19,0.0,0.0,0.0,0.0,0.5030579299509708,0.0,0.4969420700490292,0.0
2016-09-20,0.0,0.0,0.0,0.0,0.5018054428025204,0.0,0.49819455719747957,0.0
2016-09-21,0.0,0.0,0.0,0.0,0.5029835326032539,0.0,0.49701646739674615,0.0
2016-09-22,0.0,0.0,0.0,0.0,0.5054333795285445,0.0,0.49456662047145544,0.0
2016-09-23,0.0,0.0,0.0,0.0,0.506434310653937,0.0,0.49356568934606293,0.0
2016-09-26,0.0,0.0,0.0,0.0,0.5054420614945129,0.0,0.49455793850548724,0.0
2016-09-27,0.0,0.0,0.0,0.0,0.5009528505538595,0.0,0.4990471494461405,0.0
2016-09-28,0.0,0.0,0.0,0.0,0.503535964479041,0.0,0.49646403552095897,0.0
2016-09-29,0.0,0.0,0.0,0.0,0.4995494187248752,0.0,0.5004505812751248,0.0
2016-09-30,0.0,0.0,0.0,0.0,0.5000704167606528,0.0,0.4999295832393473,0.0
2016-10-03,0.0,0.0,0.0,0.0,0.5,0.5,0.0,0.0
2016-10-04,0.0,0.0,0.0,0.0,0.5054013818363151,0.49459861816368483,0.0,0.0
2016-10-05,0.0,0.0,0.0,0.0,0.5006806884276185,0.4993193115723815,0.0,0.0
2016-10-06,0.0,0.0,0.0,0.0,0.50310093052858,0.4968990694714201,0.0,0.0
2016-10-07,0.0,0.0,0.0,0.0,0.5025081232417534,0.49749187675824663,0.0,0.0
2016-10-10,0.0,0.0,0.0,0.0,0.5031799628368774,0.4968200371631226,0.0,0.0
2016-10-11,0.0,0.0,0.0,0.0,0.5020210993581361,0.49797890064186384,0.0,0.0
2016-10-12,0.0,0.0,0.0,0.0,0.5044782555709383,0.49552174442906166,0.0,0.0
2016-10-13,0.0,0.0,0.0,0.0,0.5058282391013899,0.49417176089861015,0.0,0.0
2016-10-14,0.0,0.0,0.0,0.0,0.5061167595868907,0.4938832404131093,0.0,0.0
2016-10-17,0.0,0.0,0.0,0.0,0.505988489574862,0.494011510425138,0.0,0.0
2016-10-18,0.0,0.0,0.0,0.0,0.5060338197406634,0.4939661802593366,0.0,0.0
2016-10-19,0.0,0.0,0.0,0.0,0.5051419698627293,0.4948580301372707,0.0,0.0
2016-10-20,0.0,0.0,0.0,0.0,0.5053405826841129,0.4946594173158871,0.0,0.0
2016-10-21,0.0,0.0,0.0,0.0,0.504227692106086,0.495772307893914,0.0,0.0
2016-10-24,0.0,0.0,0.0,0.0,0.5053552334307909,0.494644766569209,0.0,0.0
2016-10-25,0.0,0.0,0.0,0.0,0.5030267978863477,0.49697320211365237,0.0,0.0
2016-10-26,0.0,0.0,0.0,0.0,0.5011458141364388,0.4988541858635611,0.0,0.0
2016-10-27,0.0,0.0,0.0,0.0,0.4940518957690874,0.5059481042309125,0.0,0.0
2016-10-28,0.0,0.0,0.0,0.0,0.4934682442943348,0.5065317557056653,0.0,0.0
2016-10-31,0.0,0.0,0.0,0.0,0.4967668418708225,0.5032331581291775,0.0,0.0
2016-11-01,0.0,0.0,0.0,0.0,0.0,0.0,0.5,0.5
2016-11-02,0.0,0.0,0.0,0.0,0.0,0.0,0.5007124069548713,0.4992875930451286
2016-11-03,0.0,0.0,0.0,0.0,0.0,0.0,0.4992836270715184,0.5007163729284816
2016-11-04,0.0,0.0,0.0,0.0,0.0,0.0,0.5007676148950752,0.49923238510492485
2016-11-07,0.0,0.0,0.0,0.0,0.0,0.0,0.49879868900413205,0.5012013109958681
2016-11-08,0.0,0.0,0.0,0.0,0.0,0.0,0.4983419498811395,0.5016580501188606
2016-11-09,0.0,0.0,0.0,0.0,0.0,0.0,0.49120394239660614,0.5087960576033937
2016-11-10,0.0,0.0,0.0,0.0,0.0,0.0,0.48769620030433025,0.5123037996956699
2016-11-11,0.0,0.0,0.0,0.0,0.0,0.0,0.4873641634308781,0.5126358365691219
2016-11-14,0.0,0.0,0.0,0.0,0.0,0.0,0.4871591368082489,0.5128408631917512
2016-11-15,0.0,0.0,0.0,0.0,0.0,0.0,0.4876273609793818,0.5123726390206182
2016-11-16,0.0,0.0,0.0,0.0,0.0,0.0,0.489511673307287,0.510488326692713
2016-11-17,0.0,0.0,0.0,0.0,0.0,0.0,0.48740090500710603,0.5125990949928939
2016-11-18,0.0,0.0,0.0,0.0,0.0,0.0,0.4880887339044543,0.5119112660955456
2016-11-21,0.0,0.0,0.0,0.0,0.0,0.0,0.48845121658230095,0.511548783417699
2016-11-22,0.0,0.0,0.0,0.0,0.0,0.0,0.48772731433392563,0.5122726856660743
2016-11-23,0.0,0.0,0.0,0.0,0.0,0.0,0.4876757609657004,0.5123242390342995
2016-11-25,0.0,0.0,0.0,0.0,0.0,0.0,0.48802666524633204,0.511973334753668
2016-11-28,0.0,0.0,0.0,0.0,0.0,0.0,0.48872720319438673,0.5112727968056132
2016-11-29,0.0,0.0,0.0,0.0,0.0,0.0,0.4894310560925744,0.5105689439074256
2016-11-30,0.0,0.0,0.0,0.0,0.0,0.0,0.4862894883308123,0.5137105116691876
2016-12-01,0.5,0.0,0.0,0.0,0.0,0.5,0.0,0.0
2016-12-02,0.4987840261362798,0.0,0.0,0.0,0.0,0.5012159738637202,0.0,0.0
2016-12-05,0.5016229089187718,0.0,0.0,0.0,0.0,0.4983770910812283,0.0,0.0
2016-12-06,0.5026602208434643,0.0,0.0,0.0,0.0,0.4973397791565356,0.0,0.0
2016-12-07,0.505013146533134,0.0,0.0,0.0,0.0,0.49498685346686605,0.0,0.0
2016-12-08,0.5062064453148477,0.0,0.0,0.0,0.0,0.49379355468515235,0.0,0.0
2016-12-09,0.5103463261591972,0.0,0.0,0.0,0.0,0.48965367384080294,0.0,0.0
2016-12-12,0.5091103992963307,0.0,0.0,0.0,0.0,0.49088960070366927,0.0,0.0
2016-12-13,0.511608261450856,0.0,0.0,0.0,0.0,0.48839173854914386,0.0,0.0
2016-12-14,0.5132291575853626,0.0,0.0,0.0,0.0,0.48677084241463753,0.0,0.0
2016-12-15,0.5176985168942889,0.0,0.0,0.0,0.0,0.482301483105711,0.0,0.0
2016-12-16,0.5155632790509878,0.0,0.0,0.0,0.0,0.48443672094901225,0.0,0.0
2016-12-19,0.5148613774520061,0.0,0.0,0.0,0.0,0.48513862254799384,0.0,0.0
2016-12-20,0.5176695191049926,0.0,0.0,0.0,0.0,0.4823304808950073,0.0,0.0
2016-12-21,0.5168347839219594,0.0,0.0,0.0,0.0,0.48316521607804075,0.0,0.0
2016-12-22,0.5170057403660363,0.0,0.0,0.0,0.0,0.4829942596339638,0.0,0.0
2016-12-23,0.5165831963322506,0.0,0.0,0.0,0.0,0.4834168036677495,0.0,0.0
2016-12-27,0.5157484873591948,0.0,0.0,0.0,0.0,0.4842515126408051,0.0,0.0
2016-12-28,0.5129861989064666,0.0,0.0,0.0,0.0,0.48701380109353354,0.0,0.0
2016-12-29,0.5096695488931433,0.0,0.0,0.0,0.0,0.49033045110685675,0.0,0.0
2016-12-30,0.5103001108953225,0.0,0.0,0.0,0.0,0.48969988910467754,0.0,0.0
2017-01-03,0.5,0.0,0.0,0.0,0.0,0.0,0.0,0.5
2017-01-04,0.500631562435155,0.0,0.0,0.0,0.0,0.0,0.0,0.4993684375648449
2017-01-05,0.49909815587931,0.0,0.0,0.0,0.0,0.0,0.0,0.50090184412069
2017-01-06,0.5013045158214144,0.0,0.0,0.0,0.0,0.0,0.0,0.4986954841785856
2017-01-09,0.4999898314167101,0.0,0.0,0.0,0.0,0.0,0.0,0.50001016858329
2017-01-10,0.5001383110902932,0.0,0.0,0.0,0.0,0.0,0.0,0.4998616889097068
2017-01-11,0.5004623621045123,0.0,0.0,0.0,0.0,0.0,0.0,0.49953763789548766
2017-01-12,0.49985514171745377,0.0,0.0,0.0,0.0,0.0,0.0,0.5001448582825462
2017-01-13,0.5009372304200018,0.0,0.0,0.0,0.0,0.0,0.0,0.4990627695799981
2017-01-17,0.49897471513270863,0.0,0.0,0.0,0.0,0.0,0.0,0.5010252848672913
2017-01-18,0.501180543912761,0.0,0.0,0.0,0.0,0.0,0.0,0.49881945608723893
2017-01-19,0.501105063720875,0.0,0.0,0.0,0.0,0.0,0.0,0.498894936279125
2017-01-20,0.5015741044032909,0.0,0.0,0.0,0.0,0.0,0.0,0.49842589559670913
2017-01-23,0.4997746195577556,0.0,0.0,0.0,0.0,0.0,0.0,0.5002253804422443
2017-01-24,0.5021159813309961,0.0,0.0,0.0,0.0,0.0,0.0,0.49788401866900384
2017-01-25,0.5052295801966272,0.0,0.0,0.0,0.0,0.0,0.0,0.49477041980337283
2017-01-26,0.5046691694904826,0.0,0.0,0.0,0.0,0.0,0.0,0.4953308305095174
2017-01-27,0.5039780537147153,0.0,0.0,0.0,0.0,0.0,0.0,0.4960219462852848
2017-01-30,0.5028493312099394,0.0,0.0,0.0,0.0,0.0,0.0,0.49715066879006053
2017-01-31,0.5023795641328639,0.0,0.0,0.0,0.0,0.0,0.0,0.497620435867136
2017-02-01,0.5,0.5,0.0,0.0,0.0,0.0,0.0,0.0
2017-02-02,0.5003840210007653,0.4996159789992348,0.0,0.0,0.0,0.0,0.0,0.0
2017-02-03,0.5013841082346414,0.49861589176535864,0.0,0.0,0.0,0.0,0.0,0.0
2017-02-06,0.5006386497097857,0.4993613502902144,0.0,0.0,0.0,0.0,0.0,0.0
2017-02-07,0.499737318371563,0.5002626816284371,0.0,0.0,0.0,0.0,0.0,0.0
2017-02-08,0.4996493599255196,0.5003506400744803,0.0,0.0,0.0,0.0,0.0,0.0
2017-02-09,0.5002206580263227,0.49977934197367735,0.0,0.0,0.0,0.0,0.0,0.0
2017-02-10,0.500379535028583,0.49962046497141704,0.0,0.0,0.0,0.0,0.0,0.0
2017-02-13,0.500327461278974,0.4996725387210259,0.0,0.0,0.0,0.0,0.0,0.0
2017-02-14,0.5004864760689723,0.49951352393102766,0.0,0.0,0.0,0.0,0.0,0.0
2017-02-15,0.5003143175681755,0.4996856824318245,0.0,0.0,0.0,0.0,0.0,0.0
2017-02-16,0.5001787049430981,0.49982129505690176,0.0,0.0,0.0,0.0,0.0,0.0
2017-02-17,0.4994916318080636,0.5005083681919364,0.0,0.0,0.0,0.0,0.0,0.0
2017-02-21,0.4997464613522213,0.5002535386477788,0.0,0.0,0.0,0.0,0.0,0.0
2017-02-22,0.4994285809624908,0.5005714190375092,0.0,0.0,0.0,0.0,0.0,0.0
2017-02-23,0.5005382786574077,0.4994617213425923,0.0,0.0,0.0,0.0,0.0,0.0
2017-02-24,0.500375037944411,0.4996249620555891,0.0,0.0,0.0,0.0,0.0,0.0
2017-02-27,0.5004586116215523,0.49954138837844775,0.0,0.0,0.0,0.0,0.0,0.0
2017-02-28,0.5005507997067832,0.4994492002932169,0.0,0.0,0.0,0.0,0.0,0.0
2017-03-01,0.5,0.5,0.0,0.0,0.0,0.0,0.0,0.0
2017-03-02,0.4996792328741924,0.5003207671258075,0.0,0.0,0.0,0.0,0.0,0.0
2017-03-03,0.4993780982580379,0.5006219017419622,0.0,0.0,0.0,0.0,0.0,0.0
2017-03-06,0.4991865183009087,0.5008134816990913,0.0,0.0,0.0,0.0,0.0,0.0
2017-03-07,0.4988597740150326,0.5011402259849673,0.0,0.0,0.0,0.0,0.0,0.0
2017-03-08,0.4979549364426248,0.5020450635573751,0.0,0.0,0.0,0.0,0.0,0.0
2017-03-09,0.49808075437245514,0.501919245627545,0.0,0.0,0.0,0.0,0.0,0.0
2017-03-10,0.4979064917000085,0.5020935082999916,0.0,0.0,0.0,0.0,0.0,0.0
2017-03-13,0.49761443885606893,0.5023855611439312,0.0,0.0,0.0,0.0,0.0,0.0
2017-03-14,0.49726457219644865,0.5027354278035514,0.0,0.0,0.0,0.0,0.0,0.0
2017-03-15,0.49788099885999887,0.5021190011400012,0.0,0.0,0.0,0.0,0.0,0.0
2017-03-16,0.4975591223223924,0.5024408776776076,0.0,0.0,0.0,0.0,0.0,0.0
2017-03-17,0.4972069640747947,0.5027930359252052,0.0,0.0,0.0,0.0,0.0,0.0
2017-03-20,0.49670491849026405,0.5032950815097359,0.0,0.0,0.0,0.0,0.0,0.0
2017-03-21,0.4972966621024008,0.5027033378975991,0.0,0.0,0.0,0.0,0.0,0.0
2017-03-22,0.4961952435078294,0.5038047564921707,0.0,0.0,0.0,0.0,0.0,0.0
2017-03-23,0.4965604137654004,0.5034395862345995,0.0,0.0,0.0,0.0,0.0,0.0
2017-03-24,0.49586154208395045,0.5041384579160495,0.0,0.0,0.0,0.0,0.0,0.0
2017-03-27,0.4952033046465341,0.5047966953534658,0.0,0.0,0.0,0.0,0.0,0.0
2017-03-28,0.49549192915278667,0.5045080708472133,0.0,0.0,0.0,0.0,0.0,0.0
2017-03-29,0.4945699771441331,0.5054300228558669,0.0,0.0,0.0,0.0,0.0,0.0
2017-03-30,0.49494904685927377,0.5050509531407263,0.0,0.0,0.0,0.0,0.0,0.0
2017-03-31,0.49453634620245646,0.5054636537975434,0.0,0.0,0.0,0.0,0.0,0.0
2017-04-03,0.5,0.5,0.0,0.0,0.0,0.0,0.0,0.0
2017-04-04,0.4997628387630811,0.5002371612369189,0.0,0.0,0.0,0.0,0.0,0.0
2017-04-05,0.5000394259041752,0.4999605740958249,0.0,0.0,0.0,0.0,0.0,0.0
2017-04-06,0.5006086497225078,0.49939135027749215,0.0,0.0,0.0,0.0,0.0,0.0
2017-04-07,0.5004862018416871,0.49951379815831287,0.0,0.0,0.0,0.0,0.0,0.0
2017-04-10,0.5005402972817286,0.49945970271827145,0.0,0.0,0.0,0.0,0.0,0.0
2017-04-11,0.5013244204943329,0.4986755795056671,0.0,0.0,0.0,0.0,0.0,0.0
2017-04-12,0.5012365648452548,0.49876343515474525,0.0,0.0,0.0,0.0,0.0,0.0
2017-04-13,0.5006025230888845,0.49939747691111547,0.0,0.0,0.0,0.0,0.0,0.0
2017-04-17,0.5007457202571123,0.4992542797428877,0.0,0.0,0.0,0.0,0.0,0.0
2017-04-18,0.5003790403251099,0.49962095967489006,0.0,0.0,0.0,0.0,0.0,0.0
2017-04-19,0.4995194152328799,0.5004805847671201,0.0,0.0,0.0,0.0,0.0,0.0
2017-04-20,0.4994632950842404,0.5005367049157596,0.0,0.0,0.0,0.0,0.0,0.0
2017-04-21,0.49872190010776496,0.501278099892235,0.0,0.0,0.0,0.0,0.0,0.0
2017-04-24,0.4984568471036929,0.5015431528963071,0.0,0.0,0.0,0.0,0.0,0.0
2017-04-25,0.49810633484969197,0.5018936651503081,0.0,0.0,0.0,0.0,0.0,0.0
2017-04-26,0.49830080787539816,0.5016991921246019,0.0,0.0,0.0,0.0,0.0,0.0
2017-04-27,0.49701430927932655,0.5029856907206736,0.0,0.0,0.0,0.0,0.0,0.0
2017-04-28,0.4960272604168782,0.5039727395831218,0.0,0.0,0.0,0.0,0.0,0.0
2017-05-01,0.5,0.5,0.0,0.0,0.0,0.0,0.0,0.0
2017-05-02,0.49967543984251583,0.5003245601574842,0.0,0.0,0.0,0.0,0.0,0.0
2017-05-03,0.5001733594538316,0.4998266405461684,0.0,0.0,0.0,0.0,0.0,0.0
2017-05-04,0.5003755182216156,0.4996244817783844,0.0,0.0,0.0,0.0,0.0,0.0
2017-05-05,0.5004473355281398,0.4995526644718602,0.0,0.0,0.0,0.0,0.0,0.0
2017-05-08,0.4998608779402038,0.5001391220597963,0.0,0.0,0.0,0.0,0.0,0.0
2017-05-09,0.49876227391709815,0.501237726082902,0.0,0.0,0.0,0.0,0.0,0.0
2017-05-10,0.49906614261577087,0.5009338573842291,0.0,0.0,0.0,0.0,0.0,0.0
2017-05-11,0.4987538813501651,0.5012461186498349,0.0,0.0,0.0,0.0,0.0,0.0
2017-05-12,0.49777588827934083,0.5022241117206591,0.0,0.0,0.0,0.0,0.0,0.0
2017-05-15,0.4983606183799735,0.5016393816200265,0.0,0.0,0.0,0.0,0.0,0.0
2017-05-16,0.49709089153149577,0.5029091084685041,0.0,0.0,0.0,0.0,0.0,0.0
2017-05-17,0.49905373764452565,0.5009462623554743,0.0,0.0,0.0,0.0,0.0,0.0
2017-05-18,0.4978820523376727,0.5021179476623273,0.0,0.0,0.0,0.0,0.0,0.0
2017-05-19,0.49844869395302205,0.501551306046978,0.0,0.0,0.0,0.0,0.0,0.0
2017-05-22,0.49761967648556976,0.5023803235144302,0.0,0.0,0.0,0.0,0.0,0.0
2017-05-23,0.49792067483384805,0.502079325166152,0.0,0.0,0.0,0.0,0.0,0.0
2017-05-24,0.4973558899630356,0.5026441100369643,0.0,0.0,0.0,0.0,0.0,0.0
2017-05-25,0.49642855178569634,0.5035714482143036,0.0,0.0,0.0,0.0,0.0,0.0
2017-05-26,0.4959339977324033,0.5040660022675968,0.0,0.0,0.0,0.0,0.0,0.0
2017-05-30,0.4955043649347729,0.5044956350652271,0.0,0.0,0.0,0.0,0.0,0.0
2017-05-31,0.4955306248981735,0.5044693751018265,0.0,0.0,0.0,0.0,0.0,0.0
2017-06-01,0.5,0.5,0.0,0.0,0.0,0.0,0.0,0.0
2017-06-02,0.49799147459195037,0.5020085254080496,0.0,0.0,0.0,0.0,0.0,0.0
2017-06-05,0.49785938282905934,0.5021406171709406,0.0,0.0,0.0,0.0,0.0,0.0
2017-06-06,0.4980543780778136,0.5019456219221864,0.0,0.0,0.0,0.0,0.0,0.0
2017-06-07,0.4975383358749582,0.5024616641250418,0.0,0.0,0.0,0.0,0.0,0.0
2017-06-08,0.4974002785140872,0.5025997214859128,0.0,0.0,0.0,0.0,0.0,0.0
2017-06-09,0.503351214001497,0.49664878599850304,0.0,0.0,0.0,0.0,0.0,0.0
2017-06-12,0.5046428127166652,0.49535718728333483,0.0,0.0,0.0,0.0,0.0,0.0
2017-06-13,0.5038415713389853,0.49615842866101467,0.0,0.0,0.0,0.0,0.0,0.0
2017-06-14,0.5046133648593698,0.49538663514063025,0.0,0.0,0.0,0.0,0.0,0.0
2017-06-15,0.5052432848157808,0.49475671518421904,0.0,0.0,0.0,0.0,0.0,0.0
2017-06-16,0.5063846948496448,0.4936153051503552,0.0,0.0,0.0,0.0,0.0,0.0
2017-06-19,0.504311899514598,0.495688100485402,0.0,0.0,0.0,0.0,0.0,0.0
2017-06-20,0.5045857176310587,0.49541428236894136,0.0,0.0,0.0,0.0,0.0,0.0
2017-06-21,0.5020606796476196,0.4979393203523804,0.0,0.0,0.0,0.0,0.0,0.0
2017-06-22,0.5020185311489803,0.4979814688510196,0.0,0.0,0.0,0.0,0.0,0.0
2017-06-23,0.5013592137051519,0.49864078629484804,0.0,0.0,0.0,0.0,0.0,0.0
2017-06-26,0.5026947498873746,0.4973052501126253,0.0,0.0,0.0,0.0,0.0,0.0
2017-06-27,0.5052487079446598,0.4947512920553402,0.0,0.0,0.0,0.0,0.0,0.0
2017-06-28,0.5038979537308472,0.49610204626915283,0.0,0.0,0.0,0.0,0.0,0.0
2017-06-29,0.5060675351825508,0.49393246481744923,0.0,0.0,0.0,0.0,0.0,0.0
2017-06-30,0.5064422811770359,0.49355771882296406,0.0,0.0,0.0,0.0,0.0,0.0
2017-07-03,0.5,0.5,0.0,0.0,0.0,0.0,0.0,0.0
2017-07-05,0.4981296941752427,0.5018703058247572,0.0,0.0,0.0,0.0,0.0,0.0
2017-07-06,0.498097351499871,0.501902648500129,0.0,0.0,0.0,0.0,0.0,0.0
2017-07-07,0.49703137660820984,0.5029686233917902,0.0,0.0,0.0,0.0,0.0,0.0
2017-07-10,0.4956717084208373,0.5043282915791626,0.0,0.0,0.0,0.0,0.0,0.0
2017-07-11,0.4947839571152873,0.5052160428847128,0.0,0.0,0.0,0.0,0.0,0.0
2017-07-12,0.493706618449124,0.5062933815508759,0.0,0.0,0.0,0.0,0.0,0.0
2017-07-13,0.49357632645416455,0.5064236735458355,0.0,0.0,0.0,0.0,0.0,0.0
2017-07-14,0.49277933878985714,0.5072206612101428,0.0,0.0,0.0,0.0,0.0,0.0
2017-07-17,0.4926257253285111,0.5073742746714888,0.0,0.0,0.0,0.0,0.0,0.0
2017-07-18,0.49109377014436745,0.5089062298556325,0.0,0.0,0.0,0.0,0.0,0.0
2017-07-19,0.49098096144920556,0.5090190385507944,0.0,0.0,0.0,0.0,0.0,0.0
2017-07-20,0.4907626346622418,0.5092373653377582,0.0,0.0,0.0,0.0,0.0,0.0
2017-07-21,0.49064398241476037,0.5093560175852396,0.0,0.0,0.0,0.0,0.0,0.0
2017-07-24,0.4894413388078127,0.5105586611921873,0.0,0.0,0.0,0.0,0.0,0.0
2017-07-25,0.4906876855297042,0.5093123144702958,0.0,0.0,0.0,0.0,0.0,0.0
2017-07-26,0.4898856615372435,0.5101143384627564,0.0,0.0,0.0,0.0,0.0,0.0
2017-07-27,0.4912279543500523,0.5087720456499477,0.0,0.0,0.0,0.0,0.0,0.0
2017-07-28,0.4911430685249773,0.5088569314750226,0.0,0.0,0.0,0.0,0.0,0.0
2017-07-31,0.4920634341391071,0.507936565860893,0.0,0.0,0.0,0.0,0.0,0.0
2017-08-01,0.5,0.5,0.0,0.0,0.0,0.0,0.0,0.0
2017-08-02,0.49944308866336756,0.5005569113366325,0.0,0.0,0.0,0.0,0.0,0.0
2017-08-03,0.4999319829278059,0.5000680170721941,0.0,0.0,0.0,0.0,0.0,0.0
2017-08-04,0.4999342622828112,0.5000657377171888,0.0,0.0,0.0,0.0,0.0,0.0
2017-08-07,0.4988199974304861,0.5011800025695139,0.0,0.0,0.0,0.0,0.0,0.0
2017-08-08,0.49863660636340656,0.5013633936365933,0.0,0.0,0.0,0.0,0.0,0.0
2017-08-09,0.4989559765639694,0.5010440234360305,0.0,0.0,0.0,0.0,0.0,0.0
2017-08-10,0.500820456250886,0.499179543749114,0.0,0.0,0.0,0.0,0.0,0.0
2017-08-11,0.4992996781828891,0.5007003218171109,0.0,0.0,0.0,0.0,0.0,0.0
2017-08-14,0.4985668340784321,0.501433165921568,0.0,0.0,0.0,0.0,0.0,0.0
2017-08-15,0.49836274909015676,0.5016372509098432,0.0,0.0,0.0,0.0,0.0,0.0
2017-08-16,0.4983649286299792,0.5016350713700207,0.0,0.0,0.0,0.0,0.0,0.0
2017-08-17,0.4996011520729665,0.5003988479270335,0.0,0.0,0.0,0.0,0.0,0.0
2017-08-18,0.4993868882067824,0.5006131117932177,0.0,0.0,0.0,0.0,0.0,0.0
2017-08-21,0.4999012894923668,0.5000987105076332,0.0,0.0,0.0,0.0,0.0,0.0
2017-08-22,0.4987201853197616,0.5012798146802383,0.0,0.0,0.0,0.0,0.0,0.0
2017-08-23,0.49871401674219457,0.5012859832578054,0.0,0.0,0.0,0.0,0.0,0.0
2017-08-24,0.49886763454018546,0.5011323654598145,0.0,0.0,0.0,0.0,0.0,0.0
2017-08-25,0.49997875708781275,0.5000212429121873,0.0,0.0,0.0,0.0,0.0,0.0
2017-08-28,0.4992153680669585,0.5007846319330416,0.0,0.0,0.0,0.0,0.0,0.0
2017-08-29,0.4985203163342548,0.5014796836657452,0.0,0.0,0.0,0.0,0.0,0.0
2017-08-30,0.49678138804985944,0.5032186119501406,0.0,0.0,0.0,0.0,0.0,0.0
2017-08-31,0.4956162403573899,0.5043837596426102,0.0,0.0,0.0,0.0,0.0,0.0
2017-09-01,0.5,0.0,0.0,0.5,0.0,0.0,0.0,0.0
2017-09-05,0.49988302773200194,0.0,0.0,0.5001169722679981,0.0,0.0,0.0,0.0
2017-09-06,0.4991993006622614,0.0,0.0,0.5008006993377385,0.0,0.0,0.0,0.0
2017-09-07,0.4971235775291242,0.0,0.0,0.5028764224708758,0.0,0.0,0.0,0.0
2017-09-08,0.4967927185879108,0.0,0.0,0.5032072814120891,0.0,0.0,0.0,0.0
2017-09-11,0.4974900709596377,0.0,0.0,0.5025099290403623,0.0,0.0,0.0,0.0
2017-09-12,0.49756089851934465,0.0,0.0,0.5024391014806554,0.0,0.0,0.0,0.0
2017-09-13,0.4990398175915058,0.0,0.0,0.5009601824084942,0.0,0.0,0.0,0.0
2017-09-14,0.4985182300223184,0.0,0.0,0.5014817699776816,0.0,0.0,0.0,0.0
2017-09-15,0.49863412511476823,0.0,0.0,0.5013658748852318,0.0,0.0,0.0,0.0
2017-09-18,0.4988348780347523,0.0,0.0,0.5011651219652477,0.0,0.0,0.0,0.0
2017-09-19,0.4979139523903365,0.0,0.0,0.5020860476096635,0.0,0.0,0.0,0.0
2017-09-20,0.4985521798016444,0.0,0.0,0.5014478201983555,0.0,0.0,0.0,0.0
2017-09-21,0.4983943330566752,0.0,0.0,0.5016056669433249,0.0,0.0,0.0,0.0
2017-09-22,0.4976755364229489,0.0,0.0,0.5023244635770511,0.0,0.0,0.0,0.0
2017-09-25,0.4985936247587142,0.0,0.0,0.5014063752412857,0.0,0.0,0.0,0.0
2017-09-26,0.49929634507350895,0.0,0.0,0.500703654926491,0.0,0.0,0.0,0.0
2017-09-27,0.5000838182430352,0.0,0.0,0.49991618175696473,0.0,0.0,0.0,0.0
2017-09-28,0.49972166885875924,0.0,0.0,0.5002783311412408,0.0,0.0,0.0,0.0
2017-09-29,0.49913437727748733,0.0,0.0,0.5008656227225127,0.0,0.0,0.0,0.0
2017-10-02,0.5,0.5,0.0,0.0,0.0,0.0,0.0,0.0
2017-10-03,0.5000027165733915,0.4999972834266085,0.0,0.0,0.0,0.0,0.0,0.0
2017-10-04,0.5000593377373942,0.4999406622626057,0.0,0.0,0.0,0.0,0.0,0.0
2017-10-05,0.49910000740193344,0.5008999925980666,0.0,0.0,0.0,0.0,0.0,0.0
2017-10-06,0.4984762181856817,0.5015237818143183,0.0,0.0,0.0,0.0,0.0,0.0
2017-10-09,0.498351096756627,0.501648903243373,0.0,0.0,0.0,0.0,0.0,0.0
2017-10-10,0.49882345905528813,0.5011765409447118,0.0,0.0,0.0,0.0,0.0,0.0
2017-10-11,0.4984718629965869,0.5015281370034131,0.0,0.0,0.0,0.0,0.0,0.0
2017-10-12,0.4985553224573153,0.5014446775426846,0.0,0.0,0.0,0.0,0.0,0.0
2017-10-13,0.49789708154513007,0.5021029184548699,0.0,0.0,0.0,0.0,0.0,0.0
2017-10-16,0.4973720821074271,0.502627917892573,0.0,0.0,0.0,0.0,0.0,0.0
2017-10-17,0.4972294817368979,0.502770518263102,0.0,0.0,0.0,0.0,0.0,0.0
2017-10-18,0.4977761029169461,0.5022238970830539,0.0,0.0,0.0,0.0,0.0,0.0
2017-10-19,0.4987699047645544,0.5012300952354456,0.0,0.0,0.0,0.0,0.0,0.0
2017-10-20,0.49938343085098347,0.5006165691490166,0.0,0.0,0.0,0.0,0.0,0.0
2017-10-23,0.5000451735150135,0.49995482648498657,0.0,0.0,0.0,0.0,0.0,0.0
2017-10-24,0.5000613432030118,0.49993865679698823,0.0,0.0,0.0,0.0,0.0,0.0
2017-10-25,0.4997685602196867,0.5002314397803134,0.0,0.0,0.0,0.0,0.0,0.0
2017-10-26,0.5008897428575994,0.49911025714240076,0.0,0.0,0.0,0.0,0.0,0.0
2017-10-27,0.49574875827446513,0.5042512417255349,0.0,0.0,0.0,0.0,0.0,0.0
2017-10-30,0.4942544393438528,0.5057455606561471,0.0,0.0,0.0,0.0,0.0,0.0
2017-10-31,0.49370542974087783,0.5062945702591223,0.0,0.0,0.0,0.0,0.0,0.0
2017-11-01,0.5,0.0,0.0,0.5,0.0,0.0,0.0,0.0
2017-11-02,0.4993449617186274,0.0,0.0,0.5006550382813726,0.0,0.0,0.0,0.0
2017-11-03,0.5005718449803477,0.0,0.0,0.49942815501965226,0.0,0.0,0.0,0.0
2017-11-06,0.5006006080831804,0.0,0.0,0.49939939191681954,0.0,0.0,0.0,0.0
2017-11-07,0.5013583146297335,0.0,0.0,0.49864168537026654,0.0,0.0,0.0,0.0
2017-11-08,0.5009589329117846,0.0,0.0,0.4990410670882154,0.0,0.0,0.0,0.0
2017-11-09,0.50148568773371,0.0,0.0,0.49851431226629006,0.0,0.0,0.0,0.0
2017-11-10,0.5020929168202722,0.0,0.0,0.4979070831797277,0.0,0.0,0.0,0.0
2017-11-13,0.5033738387100724,0.0,0.0,0.4966261612899277,0.0,0.0,0.0,0.0
2017-11-14,0.502973796598383,0.0,0.0,0.4970262034016169,0.0,0.0,0.0,0.0
2017-11-15,0.5029189274701187,0.0,0.0,0.49708107252988126,0.0,0.0,0.0,0.0
2017-11-16,0.503039086668537,0.0,0.0,0.4969609133314629,0.0,0.0,0.0,0.0
2017-11-17,0.503208677856264,0.0,0.0,0.4967913221437361,0.0,0.0,0.0,0.0
2017-11-20,0.5030913229303478,0.0,0.0,0.49690867706965236,0.0,0.0,0.0,0.0
2017-11-21,0.5028462612483444,0.0,0.0,0.4971537387516556,0.0,0.0,0.0,0.0
2017-11-22,0.5019433370708629,0.0,0.0,0.49805666292913703,0.0,0.0,0.0,0.0
2017-11-24,0.5004860261409504,0.0,0.0,0.49951397385904966,0.0,0.0,0.0,0.0
2017-11-27,0.5018584317570203,0.0,0.0,0.4981415682429798,0.0,0.0,0.0,0.0
2017-11-28,0.5029556659353462,0.0,0.0,0.49704433406465376,0.0,0.0,0.0,0.0
2017-11-29,0.5038008629117225,0.0,0.0,0.49619913708827756,0.0,0.0,0.0,0.0
2017-11-30,0.5057301220692672,0.0,0.0,0.49426987793073296,0.0,0.0,0.0,0.0
2017-12-01,0.5,0.0,0.0,0.5,0.0,0.0,0.0,0.0
2017-12-04,0.500593990064502,0.0,0.0,0.49940600993549805,0.0,0.0,0.0,0.0
2017-12-05,0.500232693444142,0.0,0.0,0.49976730655585805,0.0,0.0,0.0,0.0
2017-12-06,0.500784877778642,0.0,0.0,0.49921512222135794,0.0,0.0,0.0,0.0
2017-12-07,0.5009233177085368,0.0,0.0,0.4990766822914631,0.0,0.0,0.0,0.0
2017-12-08,0.5009548528058612,0.0,0.0,0.4990451471941388,0.0,0.0,0.0,0.0
2017-12-11,0.501063474883558,0.0,0.0,0.49893652511644204,0.0,0.0,0.0,0.0
2017-12-12,0.5011832055899463,0.0,0.0,0.4988167944100538,0.0,0.0,0.0,0.0
2017-12-13,0.5001940844495681,0.0,0.0,0.49980591555043175,0.0,0.0,0.0,0.0
2017-12-14,0.5005596647749031,0.0,0.0,0.49944033522509684,0.0,0.0,0.0,0.0
2017-12-15,0.5027043813131277,0.0,0.0,0.4972956186868723,0.0,0.0,0.0,0.0
2017-12-18,0.5013365157670241,0.0,0.0,0.49866348423297585,0.0,0.0,0.0,0.0
2017-12-19,0.5012933153709821,0.0,0.0,0.49870668462901796,0.0,0.0,0.0,0.0
2017-12-20,0.5015924933581671,0.0,0.0,0.4984075066418329,0.0,0.0,0.0,0.0
2017-12-21,0.5012115141573917,0.0,0.0,0.49878848584260826,0.0,0.0,0.0,0.0
2017-12-22,0.5005035214300785,0.0,0.0,0.4994964785699216,0.0,0.0,0.0,0.0
2017-12-26,0.5002755604217328,0.0,0.0,0.49972443957826723,0.0,0.0,0.0,0.0
2017-12-27,0.49993387502610986,0.0,0.0,0.5000661249738901,0.0,0.0,0.0,0.0
2017-12-28,0.5003053743962074,0.0,0.0,0.4996946256037927,0.0,0.0,0.0,0.0
2017-12-29,0.4991831236024278,0.0,0.0,0.5008168763975722,0.0,0.0,0.0,0.0
2018-01-02,0.5,0.0,0.0,0.5,0.0,0.0,0.0,0.0
2018-01-03,0.5003791506229901,0.0,0.0,0.49962084937700996,0.0,0.0,0.0,0.0
2018-01-04,0.49870559589514574,0.0,0.0,0.5012944041048543,0.0,0.0,0.0,0.0
2018-01-05,0.4989801416236047,0.0,0.0,0.5010198583763952,0.0,0.0,0.0,0.0
2018-01-08,0.4995059711838299,0.0,0.0,0.5004940288161701,0.0,0.0,0.0,0.0
2018-01-09,0.49979481056717484,0.0,0.0,0.5002051894328252,0.0,0.0,0.0,0.0
2018-01-10,0.49989586919844725,0.0,0.0,0.5001041308015528,0.0,0.0,0.0,0.0
2018-01-11,0.49998963146095204,0.0,0.0,0.500010368539048,0.0,0.0,0.0,0.0
2018-01-12,0.4991186141467051,0.0,0.0,0.5008813858532949,0.0,0.0,0.0,0.0
2018-01-16,0.4985008686175774,0.0,0.0,0.5014991313824226,0.0,0.0,0.0,0.0
2018-01-17,0.49958199093852346,0.0,0.0,0.5004180090614765,0.0,0.0,0.0,0.0
2018-01-18,0.4994664887864031,0.0,0.0,0.5005335112135969,0.0,0.0,0.0,0.0
2018-01-19,0.4992148953907157,0.0,0.0,0.5007851046092843,0.0,0.0,0.0,0.0
2018-01-22,0.4999610365614347,0.0,0.0,0.5000389634385654,0.0,0.0,0.0,0.0
2018-01-23,0.49968714555463634,0.0,0.0,0.5003128544453638,0.0,0.0,0.0,0.0
2018-01-24,0.4991557077921589,0.0,0.0,0.5008442922078411,0.0,0.0,0.0,0.0
2018-01-25,0.500231699242319,0.0,0.0,0.4997683007576809,0.0,0.0,0.0,0.0
2018-01-26,0.500907107178669,0.0,0.0,0.49909289282133096,0.0,0.0,0.0,0.0
2018-01-29,0.5015470291997811,0.0,0.0,0.4984529708002189,0.0,0.0,0.0,0.0
2018-01-30,0.501057050003247,0.0,0.0,0.49894294999675315,0.0,0.0,0.0,0.0
2018-01-31,0.5015195448535251,0.0,0.0,0.49848045514647477,0.0,0.0,0.0,0.0
2018-02-01,0.5,0.0,0.0,0.5,0.0,0.0,0.0,0.0
2018-02-02,0.4996135672042446,0.0,0.0,0.5003864327957553,0.0,0.0,0.0,0.0
2018-02-05,0.4996343550221654,0.0,0.0,0.5003656449778345,0.0,0.0,0.0,0.0
2018-02-06,0.49963257759494095,0.0,0.0,0.5003674224050592,0.0,0.0,0.0,0.0
2018-02-07,0.5009320768307268,0.0,0.0,0.4990679231692732,0.0,0.0,0.0,0.0
2018-02-08,0.4979846624192185,0.0,0.0,0.5020153375807815,0.0,0.0,0.0,0.0
2018-02-09,0.5006527949305541,0.0,0.0,0.4993472050694458,0.0,0.0,0.0,0.0
2018-02-12,0.5004992498235571,0.0,0.0,0.4995007501764429,0.0,0.0,0.0,0.0
2018-02-13,0.5018752933637965,0.0,0.0,0.49812470663620345,0.0,0.0,0.0,0.0
2018-02-14,0.5008365898578724,0.0,0.0,0.4991634101421277,0.0,0.0,0.0,0.0
2018-02-15,0.5024545951996408,0.0,0.0,0.4975454048003592,0.0,0.0,0.0,0.0
2018-02-16,0.5014051286005028,0.0,0.0,0.4985948713994973,0.0,0.0,0.0,0.0
2018-02-20,0.5021913228859948,0.0,0.0,0.49780867711400517,0.0,0.0,0.0,0.0
2018-02-21,0.5021489056454693,0.0,0.0,0.49785109435453057,0.0,0.0,0.0,0.0
2018-02-22,0.5011623752133992,0.0,0.0,0.4988376247866008,0.0,0.0,0.0,0.0
2018-02-23,0.5031456046612448,0.0,0.0,0.4968543953387551,0.0,0.0,0.0,0.0
2018-02-26,0.5036949331452639,0.0,0.0,0.49630506685473613,0.0,0.0,0.0,0.0
2018-02-27,0.5042962854290574,0.0,0.0,0.4957037145709427,0.0,0.0,0.0,0.0
2018-02-28,0.504123250435446,0.0,0.0,0.49587674956455396,0.0,0.0,0.0,0.0
2018-03-01,0.5,0.0,0.0,0.5,0.0,0.0,0.0,0.0
2018-03-02,0.5000942264475808,0.0,0.0,0.4999057735524192,0.0,0.0,0.0,0.0
2018-03-05,0.5016381330240464,0.0,0.0,0.49836186697595364,0.0,0.0,0.0,0.0
2018-03-06,0.5008066960798774,0.0,0.0,0.49919330392012257,0.0,0.0,0.0,0.0
2018-03-07,0.500786389231288,0.0,0.0,0.49921361076871185,0.0,0.0,0.0,0.0
2018-03-08,0.501459450125265,0.0,0.0,0.498540549874735,0.0,0.0,0.0,0.0
2018-03-09,0.504177981092899,0.0,0.0,0.495822018907101,0.0,0.0,0.0,0.0
2018-03-12,0.5035816427374675,0.0,0.0,0.4964183572625324,0.0,0.0,0.0,0.0
2018-03-13,0.503624401030028,0.0,0.0,0.4963755989699721,0.0,0.0,0.0,0.0
2018-03-14,0.5017352669234773,0.0,0.0,0.49826473307652275,0.0,0.0,0.0,0.0
2018-03-15,0.5016043873886612,0.0,0.0,0.49839561261133875,0.0,0.0,0.0,0.0
2018-03-16,0.5020527025554036,0.0,0.0,0.4979472974445964,0.0,0.0,0.0,0.0
2018-03-19,0.5006774913964751,0.0,0.0,0.49932250860352495,0.0,0.0,0.0,0.0
2018-03-20,0.5011380046833495,0.0,0.0,0.4988619953166506,0.0,0.0,0.0,0.0
2018-03-21,0.5002645413668221,0.0,0.0,0.4997354586331779,0.0,0.0,0.0,0.0
2018-03-22,0.4986224102072658,0.0,0.0,0.5013775897927343,0.0,0.0,0.0,0.0
2018-03-23,0.4960172092778651,0.0,0.0,0.503982790722135,0.0,0.0,0.0,0.0
2018-03-26,0.4983154945037312,0.0,0.0,0.5016845054962689,0.0,0.0,0.0,0.0
2018-03-27,0.4958765560428474,0.0,0.0,0.5041234439571526,0.0,0.0,0.0,0.0
2018-03-28,0.4936844706977775,0.0,0.0,0.5063155293022225,0.0,0.0,0.0,0.0
2018-03-29,0.49458799395704306,0.0,0.0,0.505412006042957,0.0,0.0,0.0,0.0
2018-04-02,0.5,0.0,0.0,0.5,0.0,0.0,0.0,0.0
2018-04-03,0.5015881816080768,0.0,0.0,0.4984118183919231,0.0,0.0,0.0,0.0
2018-04-04,0.5033827928624132,0.0,0.0,0.49661720713758684,0.0,0.0,0.0,0.0
2018-04-05,0.5036964001999152,0.0,0.0,0.4963035998000848,0.0,0.0,0.0,0.0
2018-04-06,0.4997135859417979,0.0,0.0,0.5002864140582022,0.0,0.0,0.0,0.0
2018-04-09,0.4988976810727865,0.0,0.0,0.5011023189272136,0.0,0.0,0.0,0.0
2018-04-10,0.5001759911044121,0.0,0.0,0.49982400889558787,0.0,0.0,0.0,0.0
2018-04-11,0.4998183535533978,0.0,0.0,0.5001816464466021,0.0,0.0,0.0,0.0
2018-04-12,0.5009104265714901,0.0,0.0,0.49908957342850996,0.0,0.0,0.0,0.0
2018-04-13,0.4999286738734933,0.0,0.0,0.5000713261265067,0.0,0.0,0.0,0.0
2018-04-16,0.5015875352386082,0.0,0.0,0.4984124647613918,0.0,0.0,0.0,0.0
2018-04-17,0.5031220792754681,0.0,0.0,0.4968779207245318,0.0,0.0,0.0,0.0
2018-04-18,0.5020117227965577,0.0,0.0,0.49798827720344235,0.0,0.0,0.0,0.0
2018-04-19,0.5015656479415562,0.0,0.0,0.49843435205844383,0.0,0.0,0.0,0.0
2018-04-20,0.5003850374772837,0.0,0.0,0.49961496252271637,0.0,0.0,0.0,0.0
2018-04-23,0.500664462410997,0.0,0.0,0.499335537589003,0.0,0.0,0.0,0.0
2018-04-24,0.49829839774718077,0.0,0.0,0.5017016022528193,0.0,0.0,0.0,0.0
2018-04-25,0.49934048365369865,0.0,0.0,0.5006595163463013,0.0,0.0,0.0,0.0
2018-04-26,0.5006319052012267,0.0,0.0,0.49936809479877337,0.0,0.0,0.0,0.0
2018-04-27,0.5006198851907521,0.0,0.0,0.4993801148092479,0.0,0.0,0.0,0.0
2018-04-30,0.49950114799946127,0.0,0.0,0.5004988520005388,0.0,0.0,0.0,0.0
2018-05-01,0.0,0.0,0.0,0.5,0.0,0.0,0.0,0.5
2018-05-02,0.0,0.0,0.0,0.5000900134536509,0.0,0.0,0.0,0.49990998654634905
2018-05-03,0.0,0.0,0.0,0.5008256963150829,0.0,0.0,0.0,0.49917430368491716
2018-05-04,0.0,0.0,0.0,0.501359485567003,0.0,0.0,0.0,0.4986405144329969
2018-05-07,0.0,0.0,0.0,0.5016782158562871,0.0,0.0,0.0,0.49832178414371275
2018-05-08,0.0,0.0,0.0,0.5018006202074756,0.0,0.0,0.0,0.4981993797925244
2018-05-09,0.0,0.0,0.0,0.5024426991956277,0.0,0.0,0.0,0.49755730080437244
2018-05-10,0.0,0.0,0.0,0.5027911346073475,0.0,0.0,0.0,0.4972088653926524
2018-05-11,0.0,0.0,0.0,0.5030196547951167,0.0,0.0,0.0,0.4969803452048833
2018-05-14,0.0,0.0,0.0,0.5039279091159172,0.0,0.0,0.0,0.4960720908840828
2018-05-15,0.0,0.0,0.0,0.5040109800385384,0.0,0.0,0.0,0.4959890199614616
2018-05-16,0.0,0.0,0.0,0.5046895761813599,0.0,0.0,0.0,0.49531042381864016
2018-05-17,0.0,0.0,0.0,0.5055566660106517,0.0,0.0,0.0,0.4944433339893482
2018-05-18,0.0,0.0,0.0,0.5036167866131837,0.0,0.0,0.0,0.49638321338681635
2018-05-21,0.0,0.0,0.0,0.5050359083322801,0.0,0.0,0.0,0.49496409166772004
2018-05-22,0.0,0.0,0.0,0.5049847588173413,0.0,0.0,0.0,0.4950152411826586
2018-05-23,0.0,0.0,0.0,0.501144645088553,0.0,0.0,0.0,0.49885535491144684
2018-05-24,0.0,0.0,0.0,0.49967135254758643,0.0,0.0,0.0,0.5003286474524137
2018-05-25,0.0,0.0,0.0,0.4973012395976159,0.0,0.0,0.0,0.5026987604023841
2018-05-29,0.0,0.0,0.0,0.49084032225824825,0.0,0.0,0.0,0.5091596777417516
2018-05-30,0.0,0.0,0.0,0.4955982008844807,0.0,0.0,0.0,0.5044017991155193
2018-05-31,0.0,0.0,0.0,0.49412654351545465,0.0,0.0,0.0,0.5058734564845454
2018-06-01,0.5,0.0,0.0,0.5,0.0,0.0,0.0,0.0
2018-06-04,0.5004362672276382,0.0,0.0,0.4995637327723619,0.0,0.0,0.0,0.0
2018-06-05,0.501010060691423,0.0,0.0,0.49898993930857705,0.0,0.0,0.0,0.0
2018-06-06,0.5008547131211639,0.0,0.0,0.499145286878836,0.0,0.0,0.0,0.0
2018-06-07,0.5022454916481456,0.0,0.0,0.4977545083518544,0.0,0.0,0.0,0.0
2018-06-08,0.502699390170011,0.0,0.0,0.4973006098299889,0.0,0.0,0.0,0.0
2018-06-11,0.5014388328031,0.0,0.0,0.4985611671969,0.0,0.0,0.0,0.0
2018-06-12,0.5033544425396859,0.0,0.0,0.49664555746031425,0.0,0.0,0.0,0.0
2018-06-13,0.5022006676238961,0.0,0.0,0.4977993323761039,0.0,0.0,0.0,0.0
2018-06-14,0.5033616269876863,0.0,0.0,0.4966383730123137,0.0,0.0,0.0,0.0
2018-06-15,0.5043248244554828,0.0,0.0,0.49567517554451723,0.0,0.0,0.0,0.0
2018-06-18,0.5056021729535386,0.0,0.0,0.49439782704646146,0.0,0.0,0.0,0.0
2018-06-19,0.5069490064222405,0.0,0.0,0.49305099357775944,0.0,0.0,0.0,0.0
2018-06-20,0.5071901019483457,0.0,0.0,0.4928098980516542,0.0,0.0,0.0,0.0
2018-06-21,0.5074001483277013,0.0,0.0,0.49259985167229875,0.0,0.0,0.0,0.0
2018-06-22,0.5052240130629054,0.0,0.0,0.4947759869370945,0.0,0.0,0.0,0.0
2018-06-25,0.5052877797767491,0.0,0.0,0.4947122202232509,0.0,0.0,0.0,0.0
2018-06-26,0.5053924261120383,0.0,0.0,0.49460757388796167,0.0,0.0,0.0,0.0
2018-06-27,0.5056752846024649,0.0,0.0,0.49432471539753503,0.0,0.0,0.0,0.0
2018-06-28,0.5061603201299528,0.0,0.0,0.49383967987004723,0.0,0.0,0.0,0.0
2018-06-29,0.505135051653415,0.0,0.0,0.49486494834658507,0.0,0.0,0.0,0.0
2018-07-02,0.5,0.0,0.0,0.5,0.0,0.0,0.0,0.0
2018-07-03,0.49836315475106385,0.0,0.0,0.5016368452489361,0.0,0.0,0.0,0.0
2018-07-05,0.49792766133304256,0.0,0.0,0.5020723386669574,0.0,0.0,0.0,0.0
2018-07-06,0.4986981048178514,0.0,0.0,0.5013018951821486,0.0,0.0,0.0,0.0
2018-07-09,0.4985460455323755,0.0,0.0,0.5014539544676244,0.0,0.0,0.0,0.0
2018-07-10,0.49955393538565296,0.0,0.0,0.500446064614347,0.0,0.0,0.0,0.0
2018-07-11,0.5019327130307594,0.0,0.0,0.4980672869692407,0.0,0.0,0.0,0.0
2018-07-12,0.5022580111803401,0.0,0.0,0.49774198881966,0.0,0.0,0.0,0.0
2018-07-13,0.5016791903643492,0.0,0.0,0.4983208096356509,0.0,0.0,0.0,0.0
2018-07-16,0.5015661166817573,0.0,0.0,0.4984338833182427,0.0,0.0,0.0,0.0
2018-07-17,0.5021331167360418,0.0,0.0,0.49786688326395817,0.0,0.0,0.0,0.0
2018-07-18,0.5026215754384457,0.0,0.0,0.49737842456155434,0.0,0.0,0.0,0.0
2018-07-19,0.5021929946802514,0.0,0.0,0.4978070053197486,0.0,0.0,0.0,0.0
2018-07-20,0.5007290304237105,0.0,0.0,0.4992709695762895,0.0,0.0,0.0,0.0
2018-07-23,0.5011935249329442,0.0,0.0,0.4988064750670558,0.0,0.0,0.0,0.0
2018-07-24,0.5009836928700133,0.0,0.0,0.4990163071299867,0.0,0.0,0.0,0.0
2018-07-25,0.5012498788607008,0.0,0.0,0.4987501211392992,0.0,0.0,0.0,0.0
2018-07-26,0.5017854795717442,0.0,0.0,0.4982145204282557,0.0,0.0,0.0,0.0
2018-07-27,0.4996128627855533,0.0,0.0,0.5003871372144467,0.0,0.0,0.0,0.0
2018-07-30,0.4983398794646638,0.0,0.0,0.5016601205353362,0.0,0.0,0.0,0.0
2018-07-31,0.49924229413448795,0.0,0.0,0.5007577058655119,0.0,0.0,0.0,0.0
2018-08-01,0.5,0.0,0.0,0.5,0.0,0.0,0.0,0.0
2018-08-02,0.5030052138088038,0.0,0.0,0.4969947861911961,0.0,0.0,0.0,0.0
2018-08-03,0.5039272023651621,0.0,0.0,0.496072797634838,0.0,0.0,0.0,0.0
2018-08-06,0.5059087490332657,0.0,0.0,0.49409125096673423,0.0,0.0,0.0,0.0
2018-08-07,0.5047872874589624,0.0,0.0,0.49521271254103766,0.0,0.0,0.0,0.0
2018-08-08,0.5049017436327754,0.0,0.0,0.4950982563672247,0.0,0.0,0.0,0.0
2018-08-09,0.5052929418137467,0.0,0.0,0.4947070581862533,0.0,0.0,0.0,0.0
2018-08-10,0.5086548776231941,0.0,0.0,0.49134512237680594,0.0,0.0,0.0,0.0
2018-08-13,0.5086178246766676,0.0,0.0,0.49138217532333245,0.0,0.0,0.0,0.0
2018-08-14,0.5102450217811726,0.0,0.0,0.48975497821882735,0.0,0.0,0.0,0.0
2018-08-15,0.5120060969266432,0.0,0.0,0.48799390307335677,0.0,0.0,0.0,0.0
2018-08-16,0.5122719529543108,0.0,0.0,0.4877280470456891,0.0,0.0,0.0,0.0
2018-08-17,0.5116776324400034,0.0,0.0,0.48832236755999664,0.0,0.0,0.0,0.0
2018-08-20,0.510860333479423,0.0,0.0,0.48913966652057705,0.0,0.0,0.0,0.0
2018-08-21,0.5099151532345726,0.0,0.0,0.4900848467654275,0.0,0.0,0.0,0.0
2018-08-22,0.5088011679066705,0.0,0.0,0.4911988320933295,0.0,0.0,0.0,0.0
2018-08-23,0.5102547830858007,0.0,0.0,0.4897452169141993,0.0,0.0,0.0,0.0
2018-08-24,0.5103024373849883,0.0,0.0,0.4896975626150117,0.0,0.0,0.0,0.0
2018-08-27,0.5089488885949528,0.0,0.0,0.4910511114050472,0.0,0.0,0.0,0.0
2018-08-28,0.5092895173774079,0.0,0.0,0.4907104826225921,0.0,0.0,0.0,0.0
2018-08-29,0.5092777027172843,0.0,0.0,0.49072229728271555,0.0,0.0,0.0,0.0
2018-08-30,0.5106456038322301,0.0,0.0,0.4893543961677698,0.0,0.0,0.0,0.0
2018-08-31,0.5126498662428127,0.0,0.0,0.48735013375718733,0.0,0.0,0.0,0.0
2018-09-04,0.5,0.0,0.0,0.0,0.0,0.0,0.0,0.5
2018-09-05,0.4994787522538646,0.0,0.0,0.0,0.0,0.0,0.0,0.5005212477461355
2018-09-06,0.49802910508490206,0.0,0.0,0.0,0.0,0.0,0.0,0.5019708949150979
2018-09-07,0.4985872817061901,0.0,0.0,0.0,0.0,0.0,0.0,0.5014127182938098
2018-09-10,0.49819432169783706,0.0,0.0,0.0,0.0,0.0,0.0,0.5018056783021629
2018-09-11,0.4995830572482798,0.0,0.0,0.0,0.0,0.0,0.0,0.5004169427517203
2018-09-12,0.4991430530446607,0.0,0.0,0.0,0.0,0.0,0.0,0.5008569469553393
2018-09-13,0.5000960843123659,0.0,0.0,0.0,0.0,0.0,0.0,0.49990391568763415
2018-09-14,0.5004430940629889,0.0,0.0,0.0,0.0,0.0,0.0,0.499556905937011
2018-09-17,0.499267965041283,0.0,0.0,0.0,0.0,0.0,0.0,0.500732034958717
2018-09-18,0.5016443717628335,0.0,0.0,0.0,0.0,0.0,0.0,0.4983556282371666
2018-09-19,0.5022819396623296,0.0,0.0,0.0,0.0,0.0,0.0,0.49771806033767035
2018-09-20,0.5036449727251711,0.0,0.0,0.0,0.0,0.0,0.0,0.4963550272748289
2018-09-21,0.5033727749037683,0.0,0.0,0.0,0.0,0.0,0.0,0.49662722509623164
2018-09-24,0.503108134291918,0.0,0.0,0.0,0.0,0.0,0.0,0.496891865708082
2018-09-25,0.5028760397152569,0.0,0.0,0.0,0.0,0.0,0.0,0.4971239602847431
2018-09-26,0.5012329173620155,0.0,0.0,0.0,0.0,0.0,0.0,0.4987670826379846
2018-09-27,0.5016044670977062,0.0,0.0,0.0,0.0,0.0,0.0,0.4983955329022938
2018-09-28,0.5018041015785285,0.0,0.0,0.0,0.0,0.0,0.0,0.49819589842147155
2018-10-01,0.5,0.0,0.0,0.0,0.0,0.0,0.0,0.5
2018-10-02,0.4996358173410648,0.0,0.0,0.0,0.0,0.0,0.0,0.5003641826589351
2018-10-03,0.5012399297651781,0.0,0.0,0.0,0.0,0.0,0.0,0.498760070234822
2018-10-04,0.500312599824378,0.0,0.0,0.0,0.0,0.0,0.0,0.4996874001756221
2018-10-05,0.4998815446776942,0.0,0.0,0.0,0.0,0.0,0.0,0.5001184553223058
2018-10-08,0.5001473274394722,0.0,0.0,0.0,0.0,0.0,0.0,0.4998526725605277
2018-10-09,0.49907420372211775,0.0,0.0,0.0,0.0,0.0,0.0,0.5009257962778823
2018-10-10,0.4917169941542671,0.0,0.0,0.0,0.0,0.0,0.0,0.5082830058457329
2018-10-11,0.4851131259572542,0.0,0.0,0.0,0.0,0.0,0.0,0.5148868740427458
2018-10-12,0.48851478331697806,0.0,0.0,0.0,0.0,0.0,0.0,0.511485216683022
2018-10-15,0.4875708830208231,0.0,0.0,0.0,0.0,0.0,0.0,0.5124291169791769
2018-10-16,0.49233642220993373,0.0,0.0,0.0,0.0,0.0,0.0,0.5076635777900662
2018-10-17,0.4936183960498917,0.0,0.0,0.0,0.0,0.0,0.0,0.5063816039501083
2018-10-18,0.4899827653530814,0.0,0.0,0.0,0.0,0.0,0.0,0.5100172346469186
2018-10-19,0.4901572932323669,0.0,0.0,0.0,0.0,0.0,0.0,0.5098427067676331
2018-10-22,0.4893436320677709,0.0,0.0,0.0,0.0,0.0,0.0,0.5106563679322291
2018-10-23,0.48771358528304287,0.0,0.0,0.0,0.0,0.0,0.0,0.5122864147169571
2018-10-24,0.47967593177858464,0.0,0.0,0.0,0.0,0.0,0.0,0.5203240682214153
2018-10-25,0.4844253082992393,0.0,0.0,0.0,0.0,0.0,0.0,0.5155746917007606
2018-10-26,0.47957469798074875,0.0,0.0,0.0,0.0,0.0,0.0,0.5204253020192512
2018-10-29,0.4784757479600058,0.0,0.0,0.0,0.0,0.0,0.0,0.5215242520399942
2018-10-30,0.48270150705372256,0.0,0.0,0.0,0.0,0.0,0.0,0.5172984929462775
2018-10-31,0.4860658941977286,0.0,0.0,0.0,0.0,0.0,0.0,0.5139341058022713
2018-11-01,0.5,0.0,0.0,0.0,0.0,0.0,0.0,0.5
2018-11-02,0.4995194973769404,0.0,0.0,0.0,0.0,0.0,0.0,0.5004805026230597
2018-11-05,0.5004478939796755,0.0,0.0,0.0,0.0,0.0,0.0,0.4995521060203245
2018-11-06,0.501601026010578,0.0,0.0,0.0,0.0,0.0,0.0,0.498398973989422
2018-11-07,0.5062506690195862,0.0,0.0,0.0,0.0,0.0,0.0,0.49374933098041396
2018-11-08,0.506531440852838,0.0,0.0,0.0,0.0,0.0,0.0,0.4934685591471621
2018-11-09,0.503899348157267,0.0,0.0,0.0,0.0,0.0,0.0,0.4961006518427331
2018-11-12,0.49920611881896537,0.0,0.0,0.0,0.0,0.0,0.0,0.5007938811810347
2018-11-13,0.49907248173891927,0.0,0.0,0.0,0.0,0.0,0.0,0.5009275182610807
2018-11-14,0.49802781549397496,0.0,0.0,0.0,0.0,0.0,0.0,0.501972184506025
2018-11-15,0.501093932449502,0.0,0.0,0.0,0.0,0.0,0.0,0.49890606755049804
2018-11-16,0.501250378216989,0.0,0.0,0.0,0.0,0.0,0.0,0.498749621783011
2018-11-19,0.49723186827672317,0.0,0.0,0.0,0.0,0.0,0.0,0.5027681317232767
2018-11-20,0.493167897135944,0.0,0.0,0.0,0.0,0.0,0.0,0.5068321028640561
2018-11-21,0.49347997315981146,0.0,0.0,0.0,0.0,0.0,0.0,0.5065200268401885
2018-11-23,0.49169316789647216,0.0,0.0,0.0,0.0,0.0,0.0,0.5083068321035279
2018-11-26,0.4955843613310391,0.0,0.0,0.0,0.0,0.0,0.0,0.5044156386689608
2018-11-27,0.49673752666581356,0.0,0.0,0.0,0.0,0.0,0.0,0.5032624733341864
2018-11-28,0.5017571156780697,0.0,0.0,0.0,0.0,0.0,0.0,0.4982428843219304
2018-11-29,0.5019264834160394,0.0,0.0,0.0,0.0,0.0,0.0,0.49807351658396054
2018-11-30,0.503602705227215,0.0,0.0,0.0,0.0,0.0,0.0,0.49639729477278505
2018-12-03,0.5,0.0,0.0,0.0,0.0,0.0,0.0,0.5
2018-12-04,0.4917212467668588,0.0,0.0,0.0,0.0,0.0,0.0,0.5082787532331413
2018-12-06,0.49058108073300954,0.0,0.0,0.0,0.0,0.0,0.0,0.5094189192669906
2018-12-07,0.4846848175309095,0.0,0.0,0.0,0.0,0.0,0.0,0.5153151824690905
2018-12-10,0.484400432142453,0.0,0.0,0.0,0.0,0.0,0.0,0.5155995678575469
2018-12-11,0.4840125197512909,0.0,0.0,0.0,0.0,0.0,0.0,0.5159874802487091
2018-12-12,0.4850004882763092,0.0,0.0,0.0,0.0,0.0,0.0,0.5149995117236909
2018-12-13,0.4842508997328774,0.0,0.0,0.0,0.0,0.0,0.0,0.5157491002671226
2018-12-14,0.4798633158538082,0.0,0.0,0.0,0.0,0.0,0.0,0.5201366841461919
2018-12-17,0.4746547508743037,0.0,0.0,0.0,0.0,0.0,0.0,0.5253452491256962
2018-12-18,0.4734919838446912,0.0,0.0,0.0,0.0,0.0,0.0,0.5265080161553087
2018-12-19,0.4699306174577671,0.0,0.0,0.0,0.0,0.0,0.0,0.5300693825422328
2018-12-20,0.466662109970696,0.0,0.0,0.0,0.0,0.0,0.0,0.533337890029304
2018-12-21,0.4617565029574034,0.0,0.0,0.0,0.0,0.0,0.0,0.5382434970425966
2018-12-24,0.45568298602809704,0.0,0.0,0.0,0.0,0.0,0.0,0.5443170139719029
2018-12-26,0.46813303391838124,0.0,0.0,0.0,0.0,0.0,0.0,0.5318669660816188
2018-12-27,0.4700377386565475,0.0,0.0,0.0,0.0,0.0,0.0,0.5299622613434524
2018-12-28,0.46854022416923286,0.0,0.0,0.0,0.0,0.0,0.0,0.5314597758307672
2018-12-31,0.4700267836449936,0.0,0.0,0.0,0.0,0.0,0.0,0.5299732163550065
2019-01-02,0.0,0.0,0.0,0.0,0.0,0.5,0.5,0.0
2019-01-03,0.0,0.0,0.0,0.0,0.0,0.4994276564209533,0.5005723435790467,0.0
2019-01-04,0.0,0.0,0.0,0.0,0.0,0.500308557576275,0.49969144242372504,0.0
2019-01-07,0.0,0.0,0.0,0.0,0.0,0.5019097095151952,0.4980902904848048,0.0
2019-01-08,0.0,0.0,0.0,0.0,0.0,0.5018897251769295,0.4981102748230705,0.0
2019-01-09,0.0,0.0,0.0,0.0,0.0,0.5038804948907589,0.496119505109241,0.0
2019-01-10,0.0,0.0,0.0,0.0,0.0,0.5040181828332554,0.49598181716674467,0.0
2019-01-11,0.0,0.0,0.0,0.0,0.0,0.5034760688901246,0.4965239311098754,0.0
2019-01-14,0.0,0.0,0.0,0.0,0.0,0.5050023827712649,0.4949976172287352,0.0
2019-01-15,0.0,0.0,0.0,0.0,0.0,0.5054867509254585,0.4945132490745414,0.0
2019-01-16,0.0,0.0,0.0,0.0,0.0,0.5060355544526989,0.4939644455473011,0.0
2019-01-17,0.0,0.0,0.0,0.0,0.0,0.5056457677951544,0.49435423220484576,0.0
2019-01-18,0.0,0.0,0.0,0.0,0.0,0.5047181993848806,0.4952818006151194,0.0
2019-01-22,0.0,0.0,0.0,0.0,0.0,0.5039169664486122,0.4960830335513878,0.0
2019-01-23,0.0,0.0,0.0,0.0,0.0,0.5036705829144391,0.496329417085561,0.0
2019-01-24,0.0,0.0,0.0,0.0,0.0,0.5016427334260743,0.4983572665739256,0.0
2019-01-25,0.0,0.0,0.0,0.0,0.0,0.5064703474121646,0.49352965258783543,0.0
2019-01-28,0.0,0.0,0.0,0.0,0.0,0.5075925231674752,0.49240747683252484,0.0
2019-01-29,0.0,0.0,0.0,0.0,0.0,0.507724577518991,0.4922754224810091,0.0
2019-01-30,0.0,0.0,0.0,0.0,0.0,0.5093376131881611,0.49066238681183894,0.0
2019-01-31,0.0,0.0,0.0,0.0,0.0,0.5073176313371279,0.49268236866287207,0.0
2019-02-01,0.0,0.0,0.0,0.0,0.0,0.0,0.5,0.5
2019-02-04,0.0,0.0,0.0,0.0,0.0,0.0,0.49922659790763496,0.500773402092365
2019-02-05,0.0,0.0,0.0,0.0,0.0,0.0,0.49935358738547225,0.5006464126145278
2019-02-06,0.0,0.0,0.0,0.0,0.0,0.0,0.4999507704444068,0.5000492295555933
2019-02-07,0.0,0.0,0.0,0.0,0.0,0.0,0.5016409276820005,0.4983590723179994
2019-02-08,0.0,0.0,0.0,0.0,0.0,0.0,0.5020816966127374,0.4979183033872625
2019-02-11,0.0,0.0,0.0,0.0,0.0,0.0,0.5016584625150068,0.4983415374849932
2019-02-12,0.0,0.0,0.0,0.0,0.0,0.0,0.5006773330821903,0.49932266691780974
2019-02-13,0.0,0.0,0.0,0.0,0.0,0.0,0.5003755146031202,0.4996244853968798
2019-02-14,0.0,0.0,0.0,0.0,0.0,0.0,0.5015157048213803,0.4984842951786197
2019-02-15,0.0,0.0,0.0,0.0,0.0,0.0,0.5016041298136813,0.4983958701863186
2019-02-19,0.0,0.0,0.0,0.0,0.0,0.0,0.5020881360155457,0.49791186398445436
2019-02-20,0.0,0.0,0.0,0.0,0.0,0.0,0.5015867413590226,0.4984132586409775
2019-02-21,0.0,0.0,0.0,0.0,0.0,0.0,0.5000529949984642,0.4999470050015357
2019-02-22,0.0,0.0,0.0,0.0,0.0,0.0,0.5004183099851712,0.4995816900148287
2019-02-25,0.0,0.0,0.0,0.0,0.0,0.0,0.4997629645739927,0.5002370354260074
2019-02-26,0.0,0.0,0.0,0.0,0.0,0.0,0.5006109317512306,0.4993890682487694
2019-02-27,0.0,0.0,0.0,0.0,0.0,0.0,0.4984716415388415,0.5015283584611585
2019-02-28,0.0,0.0,0.0,0.0,0.0,0.0,0.49796360345974167,0.5020363965402582
2019-03-01,0.0,0.0,0.0,0.0,0.5,0.0,0.5,0.0
2019-03-04,0.0,0.0,0.0,0.0,0.49918025315793135,0.0,0.5008197468420686,0.0
2019-03-05,0.0,0.0,0.0,0.0,0.4993409985581983,0.0,0.5006590014418016,0.0
2019-03-06,0.0,0.0,0.0,0.0,0.4972659754051008,0.0,0.5027340245948992,0.0
2019-03-07,0.0,0.0,0.0,0.0,0.4951135484134397,0.0,0.5048864515865602,0.0
2019-03-08,0.0,0.0,0.0,0.0,0.4943311610614476,0.0,0.5056688389385524,0.0
2019-03-11,0.0,0.0,0.0,0.0,0.498712584071098,0.0,0.5012874159289021,0.0
2019-03-12,0.0,0.0,0.0,0.0,0.49810868512153733,0.0,0.5018913148784627,0.0
2019-03-13,0.0,0.0,0.0,0.0,0.4998055985821534,0.0,0.5001944014178467,0.0
2019-03-14,0.0,0.0,0.0,0.0,0.5019961105746097,0.0,0.49800388942539037,0.0
2019-03-15,0.0,0.0,0.0,0.0,0.49956194314163915,0.0,0.5004380568583607,0.0
2019-03-18,0.0,0.0,0.0,0.0,0.49844916353796165,0.0,0.5015508364620384,0.0
2019-03-19,0.0,0.0,0.0,0.0,0.4982416576474461,0.0,0.5017583423525538,0.0
2019-03-20,0.0,0.0,0.0,0.0,0.4964029468815926,0.0,0.5035970531184073,0.0
2019-03-21,0.0,0.0,0.0,0.0,0.5002673918062696,0.0,0.4997326081937305,0.0
2019-03-22,0.0,0.0,0.0,0.0,0.49459380911596323,0.0,0.5054061908840367,0.0
2019-03-25,0.0,0.0,0.0,0.0,0.49451247134202414,0.0,0.5054875286579759,0.0
2019-03-26,0.0,0.0,0.0,0.0,0.49668221502206666,0.0,0.5033177849779333,0.0
2019-03-27,0.0,0.0,0.0,0.0,0.49367350186244,0.0,0.5063264981375599,0.0
2019-03-28,0.0,0.0,0.0,0.0,0.49521670502123616,0.0,0.5047832949787637,0.0
2019-03-29,0.0,0.0,0.0,0.0,0.49522384406347203,0.0,0.504776155936528,0.0
2019-04-01,0.0,0.0,0.0,0.0,0.5,0.0,0.5,0.0
2019-04-02,0.0,0.0,0.0,0.0,0.5012876652922418,0.0,0.4987123347077582,0.0
2019-04-03,0.0,0.0,0.0,0.0,0.503178004368453,0.0,0.49682199563154716,0.0
2019-04-04,0.0,0.0,0.0,0.0,0.502069901333004,0.0,0.49793009866699606,0.0
2019-04-05,0.0,0.0,0.0,0.0,0.503489172358222,0.0,0.49651082764177795,0.0
2019-04-08,0.0,0.0,0.0,0.0,0.5029791294739094,0.0,0.4970208705260906,0.0
2019-04-09,0.0,0.0,0.0,0.0,0.5008715286575907,0.0,0.4991284713424094,0.0
2019-04-10,0.0,0.0,0.0,0.0,0.5025583912195241,0.0,0.49744160878047594,0.0
2019-04-11,0.0,0.0,0.0,0.0,0.5038601916264414,0.0,0.49613980837355864,0.0
2019-04-12,0.0,0.0,0.0,0.0,0.5068421675488576,0.0,0.49315783245114236,0.0
2019-04-15,0.0,0.0,0.0,0.0,0.5049304828645382,0.0,0.4950695171354617,0.0
2019-04-16,0.0,0.0,0.0,0.0,0.5007852633638841,0.0,0.49921473663611593,0.0
2019-04-17,0.0,0.0,0.0,0.0,0.4983951447124736,0.0,0.5016048552875264,0.0
2019-04-18,0.0,0.0,0.0,0.0,0.4989980004564057,0.0,0.5010019995435943,0.0
2019-04-22,0.0,0.0,0.0,0.0,0.4974370336372789,0.0,0.502562966362721,0.0
2019-04-23,0.0,0.0,0.0,0.0,0.5001958948562703,0.0,0.4998041051437298,0.0
2019-04-24,0.0,0.0,0.0,0.0,0.4999962144787179,0.0,0.5000037855212822,0.0
2019-04-25,0.0,0.0,0.0,0.0,0.4998386980756307,0.0,0.5001613019243693,0.0
2019-04-26,0.0,0.0,0.0,0.0,0.5009553879474652,0.0,0.49904461205253486,0.0
2019-04-29,0.0,0.0,0.0,0.0,0.5000954530561771,0.0,0.49990454694382297,0.0
2019-04-30,0.0,0.0,0.0,0.0,0.5011923335016881,0.0,0.4988076664983118,0.0
2019-05-01,0.0,0.0,0.0,0.0,0.5,0.0,0.0,0.5
2019-05-02,0.0,0.0,0.0,0.0,0.5011653119932792,0.0,0.0,0.4988346880067208
2019-05-03,0.0,0.0,0.0,0.0,0.5021677767787619,0.0,0.0,0.4978322232212381
2019-05-06,0.0,0.0,0.0,0.0,0.5010319292045782,0.0,0.0,0.4989680707954217
2019-05-07,0.0,0.0,0.0,0.0,0.4964916843002238,0.0,0.0,0.5035083156997763
2019-05-08,0.0,0.0,0.0,0.0,0.49707067002466,0.0,0.0,0.5029293299753399
2019-05-09,0.0,0.0,0.0,0.0,0.4974797293969779,0.0,0.0,0.5025202706030222
2019-05-10,0.0,0.0,0.0,0.0,0.49999448016315684,0.0,0.0,0.5000055198368433
2019-05-13,0.0,0.0,0.0,0.0,0.49958814991333966,0.0,0.0,0.5004118500866604
2019-05-14,0.0,0.0,0.0,0.0,0.5001513066245249,0.0,0.0,0.49984869337547505
2019-05-15,0.0,0.0,0.0,0.0,0.5011475140988747,0.0,0.0,0.49885248590112524
2019-05-16,0.0,0.0,0.0,0.0,0.5025414942249335,0.0,0.0,0.4974585057750664
2019-05-17,0.0,0.0,0.0,0.0,0.502037396401124,0.0,0.0,0.49796260359887606
2019-05-20,0.0,0.0,0.0,0.0,0.49898495190168346,0.0,0.0,0.5010150480983165
2019-05-21,0.0,0.0,0.0,0.0,0.5009023372026153,0.0,0.0,0.4990976627973847
2019-05-22,0.0,0.0,0.0,0.0,0.5013307935146187,0.0,0.0,0.49866920648538127
2019-05-23,0.0,0.0,0.0,0.0,0.50135625341615,0.0,0.0,0.4986437465838499
2019-05-24,0.0,0.0,0.0,0.0,0.5016014306014533,0.0,0.0,0.49839856939854665
2019-05-28,0.0,0.0,0.0,0.0,0.4989523063186723,0.0,0.0,0.5010476936813276
2019-05-29,0.0,0.0,0.0,0.0,0.4954997124859496,0.0,0.0,0.5045002875140504
2019-05-30,0.0,0.0,0.0,0.0,0.4951086118215272,0.0,0.0,0.5048913881784729
2019-05-31,0.0,0.0,0.0,0.0,0.4959713488169156,0.0,0.0,0.5040286511830844
2019-06-03,0.0,0.0,0.0,0.0,0.0,0.0,0.5,0.5
2019-06-04,0.0,0.0,0.0,0.0,0.0,0.0,0.4970503888935389,0.5029496111064611
2019-06-05,0.0,0.0,0.0,0.0,0.0,0.0,0.4957990610760567,0.5042009389239432
2019-06-06,0.0,0.0,0.0,0.0,0.0,0.0,0.4961287528154053,0.5038712471845948
2019-06-07,0.0,0.0,0.0,0.0,0.0,0.0,0.49716937889691865,0.5028306211030813
2019-06-10,0.0,0.0,0.0,0.0,0.0,0.0,0.4957116224543411,0.5042883775456589
2019-06-11,0.0,0.0,0.0,0.0,0.0,0.0,0.49563812141916636,0.5043618785808337
2019-06-12,0.0,0.0,0.0,0.0,0.0,0.0,0.4954583507103711,0.504541649289629
2019-06-13,0.0,0.0,0.0,0.0,0.0,0.0,0.4956803086741782,0.5043196913258218
2019-06-14,0.0,0.0,0.0,0.0,0.0,0.0,0.49620593462169593,0.5037940653783041
2019-06-17,0.0,0.0,0.0,0.0,0.0,0.0,0.49651966202518527,0.5034803379748146
2019-06-18,0.0,0.0,0.0,0.0,0.0,0.0,0.49611295789705284,0.5038870421029471
2019-06-19,0.0,0.0,0.0,0.0,0.0,0.0,0.4948866879375478,0.5051133120624522
2019-06-20,0.0,0.0,0.0,0.0,0.0,0.0,0.4941925822730661,0.5058074177269338
2019-06-21,0.0,0.0,0.0,0.0,0.0,0.0,0.49233931915278467,0.5076606808472153
2019-06-24,0.0,0.0,0.0,0.0,0.0,0.0,0.4935703688782776,0.5064296311217223
2019-06-25,0.0,0.0,0.0,0.0,0.0,0.0,0.4950903099013952,0.5049096900986049
2019-06-26,0.0,0.0,0.0,0.0,0.0,0.0,0.49399174589727496,0.5060082541027251
2019-06-27,0.0,0.0,0.0,0.0,0.0,0.0,0.49429193956637113,0.5057080604336288
2019-06-28,0.0,0.0,0.0,0.0,0.0,0.0,0.4934787164439802,0.5065212835560198
2019-07-01,0.0,0.0,0.0,0.0,0.5,0.0,0.0,0.5
2019-07-02,0.0,0.0,0.0,0.0,0.5036292457564412,0.0,0.0,0.4963707542435588
2019-07-03,0.0,0.0,0.0,0.0,0.5059116851618235,0.0,0.0,0.49408831483817656
2019-07-05,0.0,0.0,0.0,0.0,0.5072314472448852,0.0,0.0,0.4927685527551148
2019-07-08,0.0,0.0,0.0,0.0,0.5084655964473611,0.0,0.0,0.4915344035526389
2019-07-09,0.0,0.0,0.0,0.0,0.509823744662329,0.0,0.0,0.490176255337671
2019-07-10,0.0,0.0,0.0,0.0,0.5106932077659272,0.0,0.0,0.48930679223407286
2019-07-11,0.0,0.0,0.0,0.0,0.5089022307366178,0.0,0.0,0.49109776926338217
2019-07-12,0.0,0.0,0.0,0.0,0.5083234127224463,0.0,0.0,0.4916765872775537
2019-07-15,0.0,0.0,0.0,0.0,0.5077016854078608,0.0,0.0,0.4922983145921393
2019-07-16,0.0,0.0,0.0,0.0,0.5076415922520661,0.0,0.0,0.492358407747934
2019-07-17,0.0,0.0,0.0,0.0,0.5054819403991461,0.0,0.0,0.49451805960085393
2019-07-18,0.0,0.0,0.0,0.0,0.5048964365107047,0.0,0.0,0.4951035634892954
2019-07-19,0.0,0.0,0.0,0.0,0.5011679776818803,0.0,0.0,0.4988320223181197
2019-07-22,0.0,0.0,0.0,0.0,0.5001726861124909,0.0,0.0,0.49982731388750906
2019-07-23,0.0,0.0,0.0,0.0,0.5028492852609839,0.0,0.0,0.4971507147390162
2019-07-24,0.0,0.0,0.0,0.0,0.5023439753681124,0.0,0.0,0.4976560246318876
2019-07-25,0.0,0.0,0.0,0.0,0.5016732375073435,0.0,0.0,0.4983267624926566
2019-07-26,0.0,0.0,0.0,0.0,0.5024664322769722,0.0,0.0,0.4975335677230277
2019-07-29,0.0,0.0,0.0,0.0,0.5033059113034613,0.0,0.0,0.49669408869653886
2019-07-30,0.0,0.0,0.0,0.0,0.5053831454914418,0.0,0.0,0.4946168545085582
2019-07-31,0.0,0.0,0.0,0.0,0.5041796144886149,0.0,0.0,0.4958203855113851
2019-08-01,0.0,0.0,0.0,0.0,0.0,0.5,0.5,0.0
2019-08-02,0.0,0.0,0.0,0.0,0.0,0.49674540601929346,0.5032545939807065,0.0
2019-08-05,0.0,0.0,0.0,0.0,0.0,0.49593153597213074,0.5040684640278692,0.0
2019-08-06,0.0,0.0,0.0,0.0,0.0,0.4959652135865084,0.5040347864134916,0.0
2019-08-07,0.0,0.0,0.0,0.0,0.0,0.4996447039671211,0.500355296032879,0.0
2019-08-08,0.0,0.0,0.0,0.0,0.0,0.5003651738908969,0.4996348261091031,0.0
2019-08-09,0.0,0.0,0.0,0.0,0.0,0.500034010335232,0.499965989664768,0.0
2019-08-12,0.0,0.0,0.0,0.0,0.0,0.49728814290706397,0.502711857092936,0.0
2019-08-13,0.0,0.0,0.0,0.0,0.0,0.49665215301323945,0.5033478469867606,0.0
2019-08-14,0.0,0.0,0.0,0.0,0.0,0.49278734085005926,0.5072126591499407,0.0
2019-08-15,0.0,0.0,0.0,0.0,0.0,0.49168130227033224,0.5083186977296678,0.0
2019-08-16,0.0,0.0,0.0,0.0,0.0,0.4920861259303443,0.5079138740696557,0.0
2019-08-19,0.0,0.0,0.0,0.0,0.0,0.4927461621580271,0.507253837841973,0.0
2019-08-20,0.0,0.0,0.0,0.0,0.0,0.4921146440241168,0.5078853559758832,0.0
2019-08-21,0.0,0.0,0.0,0.0,0.0,0.49299414603034714,0.5070058539696529,0.0
2019-08-22,0.0,0.0,0.0,0.0,0.0,0.49402384822266227,0.5059761517773377,0.0
2019-08-23,0.0,0.0,0.0,0.0,0.0,0.4947986831451075,0.5052013168548924,0.0
2019-08-26,0.0,0.0,0.0,0.0,0.0,0.49584581217592394,0.504154187824076,0.0
2019-08-27,0.0,0.0,0.0,0.0,0.0,0.49440455677223766,0.5055954432277624,0.0
2019-08-28,0.0,0.0,0.0,0.0,0.0,0.4933779352893759,0.5066220647106241,0.0
2019-08-29,0.0,0.0,0.0,0.0,0.0,0.4925296888766038,0.5074703111233962,0.0
2019-08-30,0.0,0.0,0.0,0.0,0.0,0.49181917274803916,0.5081808272519609,0.0
2019-09-03,0.0,0.0,0.0,0.0,0.0,0.5,0.5,0.0
2019-09-04,0.0,0.0,0.0,0.0,0.0,0.5011827805091906,0.4988172194908093,0.0
2019-09-05,0.0,0.0,0.0,0.0,0.0,0.49967840568248256,0.5003215943175175,0.0
2019-09-06,0.0,0.0,0.0,0.0,0.0,0.49576609257270593,0.504233907427294,0.0
2019-09-09,0.0,0.0,0.0,0.0,0.0,0.4993118851168741,0.5006881148831259,0.0
2019-09-10,0.0,0.0,0.0,0.0,0.0,0.5015840746501895,0.49841592534981055,0.0
2019-09-11,0.0,0.0,0.0,0.0,0.0,0.5035399222131899,0.49646007778681017,0.0
2019-09-12,0.0,0.0,0.0,0.0,0.0,0.5056963906803447,0.4943036093196552,0.0
2019-09-13,0.0,0.0,0.0,0.0,0.0,0.509014640325578,0.4909853596744221,0.0
2019-09-16,0.0,0.0,0.0,0.0,0.0,0.5079278386680248,0.4920721613319752,0.0
2019-09-17,0.0,0.0,0.0,0.0,0.0,0.507070543091026,0.492929456908974,0.0
2019-09-18,0.0,0.0,0.0,0.0,0.0,0.5044358899953437,0.49556411000465633,0.0
2019-09-19,0.0,0.0,0.0,0.0,0.0,0.504695640759555,0.495304359240445,0.0
2019-09-20,0.0,0.0,0.0,0.0,0.0,0.5043525156662436,0.4956474843337563,0.0
2019-09-23,0.0,0.0,0.0,0.0,0.0,0.5058004275023162,0.4941995724976837,0.0
2019-09-24,0.0,0.0,0.0,0.0,0.0,0.5041232815969195,0.4958767184030805,0.0
2019-09-25,0.0,0.0,0.0,0.0,0.0,0.5031272373803231,0.4968727626196769,0.0
2019-09-26,0.0,0.0,0.0,0.0,0.0,0.5014537163465176,0.49854628365348236,0.0
2019-09-27,0.0,0.0,0.0,0.0,0.0,0.49954955329194206,0.5004504467080579,0.0
2019-09-30,0.0,0.0,0.0,0.0,0.0,0.49502560961266445,0.5049743903873355,0.0
2019-10-01,0.0,0.0,0.0,0.0,0.0,0.5,0.5,0.0
2019-10-02,0.0,0.0,0.0,0.0,0.0,0.5022913217123182,0.4977086782876817,0.0
2019-10-03,0.0,0.0,0.0,0.0,0.0,0.5011513437831964,0.4988486562168037,0.0
2019-10-04,0.0,0.0,0.0,0.0,0.0,0.4993122790231388,0.5006877209768611,0.0
2019-10-07,0.0,0.0,0.0,0.0,0.0,0.4992520813885187,0.5007479186114814,0.0
2019-10-08,0.0,0.0,0.0,0.0,0.0,0.5007557313779403,0.49924426862205973,0.0
2019-10-09,0.0,0.0,0.0,0.0,0.0,0.5024007437333985,0.4975992562666015,0.0
2019-10-10,0.0,0.0,0.0,0.0,0.0,0.5039603806514678,0.4960396193485323,0.0
2019-10-11,0.0,0.0,0.0,0.0,0.0,0.50568509180868,0.49431490819132007,0.0
2019-10-14,0.0,0.0,0.0,0.0,0.0,0.5048737411502218,0.4951262588497782,0.0
2019-10-15,0.0,0.0,0.0,0.0,0.0,0.5061654100097224,0.49383458999027763,0.0
2019-10-16,0.0,0.0,0.0,0.0,0.0,0.5072896788510878,0.4927103211489122,0.0
2019-10-17,0.0,0.0,0.0,0.0,0.0,0.5082535167731222,0.49174648322687764,0.0
2019-10-18,0.0,0.0,0.0,0.0,0.0,0.5079867605515677,0.4920132394484323,0.0
2019-10-21,0.0,0.0,0.0,0.0,0.0,0.5086789954015066,0.49132100459849337,0.0
2019-10-22,0.0,0.0,0.0,0.0,0.0,0.507953720411881,0.4920462795881191,0.0
2019-10-23,0.0,0.0,0.0,0.0,0.0,0.5082903828062657,0.4917096171937343,0.0
2019-10-24,0.0,0.0,0.0,0.0,0.0,0.5105646150159315,0.4894353849840685,0.0
2019-10-25,0.0,0.0,0.0,0.0,0.0,0.5123701271865886,0.4876298728134114,0.0
2019-10-28,0.0,0.0,0.0,0.0,0.0,0.5124952916043771,0.4875047083956229,0.0
2019-10-29,0.0,0.0,0.0,0.0,0.0,0.5116375667426909,0.48836243325730916,0.0
2019-10-30,0.0,0.0,0.0,0.0,0.0,0.5093755238779334,0.49062447612206667,0.0
2019-10-31,0.0,0.0,0.0,0.0,0.0,0.5085128802737461,0.4914871197262538,0.0
2019-11-01,0.0,0.0,0.0,0.0,0.0,0.5,0.5,0.0
2019-11-04,0.0,0.0,0.0,0.0,0.0,0.5025922377598088,0.49740776224019123,0.0
2019-11-05,0.0,0.0,0.0,0.0,0.0,0.50134169738089,0.49865830261911,0.0
2019-11-06,0.0,0.0,0.0,0.0,0.0,0.5009036622706668,0.4990963377293331,0.0
2019-11-07,0.0,0.0,0.0,0.0,0.0,0.5015638580212719,0.4984361419787282,0.0
2019-11-08,0.0,0.0,0.0,0.0,0.0,0.5010217857356338,0.49897821426436617,0.0
2019-11-11,0.0,0.0,0.0,0.0,0.0,0.5002538729651722,0.4997461270348278,0.0
2019-11-12,0.0,0.0,0.0,0.0,0.0,0.499782374443136,0.500217625556864,0.0
2019-11-13,0.0,0.0,0.0,0.0,0.0,0.4991639676775945,0.5008360323224055,0.0
2019-11-14,0.0,0.0,0.0,0.0,0.0,0.4976433715660202,0.5023566284339799,0.0
2019-11-15,0.0,0.0,0.0,0.0,0.0,0.4972833264480819,0.5027166735519181,0.0
2019-11-18,0.0,0.0,0.0,0.0,0.0,0.4975705679020658,0.5024294320979342,0.0
2019-11-19,0.0,0.0,0.0,0.0,0.0,0.4956222539627711,0.5043777460372288,0.0
2019-11-20,0.0,0.0,0.0,0.0,0.0,0.4931749586267363,0.5068250413732637,0.0
2019-11-21,0.0,0.0,0.0,0.0,0.0,0.49337159196614583,0.5066284080338541,0.0
2019-11-22,0.0,0.0,0.0,0.0,0.0,0.49257847850463266,0.5074215214953673,0.0
2019-11-25,0.0,0.0,0.0,0.0,0.0,0.49064662601124853,0.5093533739887516,0.0
2019-11-26,0.0,0.0,0.0,0.0,0.0,0.49039061399145606,0.509609386008544,0.0
2019-11-27,0.0,0.0,0.0,0.0,0.0,0.48978974322260577,0.5102102567773943,0.0
2019-11-29,0.0,0.0,0.0,0.0,0.0,0.4918686777837766,0.5081313222162234,0.0
2019-12-02,0.0,0.0,0.0,0.0,0.0,0.5,0.5,0.0
2019-12-03,0.0,0.0,0.0,0.0,0.0,0.4971960168204715,0.5028039831795286,0.0
2019-12-04,0.0,0.0,0.0,0.0,0.0,0.4993630415811096,0.5006369584188903,0.0
2019-12-05,0.0,0.0,0.0,0.0,0.0,0.5007259056411025,0.4992740943588975,0.0
2019-12-06,0.0,0.0,0.0,0.0,0.0,0.49961906295957037,0.5003809370404297,0.0
2019-12-09,0.0,0.0,0.0,0.0,0.0,0.499005024707824,0.500994975292176,0.0
2019-12-10,0.0,0.0,0.0,0.0,0.0,0.49969450678123756,0.5003054932187624,0.0
2019-12-11,0.0,0.0,0.0,0.0,0.0,0.49945253183397353,0.5005474681660264,0.0
2019-12-12,0.0,0.0,0.0,0.0,0.0,0.5027178753098649,0.49728212469013505,0.0
2019-12-13,0.0,0.0,0.0,0.0,0.0,0.5009597291960214,0.4990402708039787,0.0
2019-12-16,0.0,0.0,0.0,0.0,0.0,0.5031993699023564,0.4968006300976437,0.0
2019-12-17,0.0,0.0,0.0,0.0,0.0,0.5034903430852231,0.49650965691477683,0.0
2019-12-18,0.0,0.0,0.0,0.0,0.0,0.5055696721913477,0.4944303278086523,0.0
2019-12-19,0.0,0.0,0.0,0.0,0.0,0.5058165961558199,0.49418340384418014,0.0
2019-12-20,0.0,0.0,0.0,0.0,0.0,0.5057380526228767,0.49426194737712326,0.0
2019-12-23,0.0,0.0,0.0,0.0,0.0,0.506873363140383,0.49312663685961705,0.0
2019-12-24,0.0,0.0,0.0,0.0,0.0,0.508506325335639,0.4914936746643609,0.0
2019-12-26,0.0,0.0,0.0,0.0,0.0,0.5098603968098528,0.49013960319014716,0.0
2019-12-27,0.0,0.0,0.0,0.0,0.0,0.5094994786823475,0.4905005213176526,0.0
2019-12-30,0.0,0.0,0.0,0.0,0.0,0.5109371143383631,0.4890628856616369,0.0
2019-12-31,0.0,0.0,0.0,0.0,0.0,0.5138686797555454,0.48613132024445455,0.0
2020-01-02,0.5,0.0,0.0,0.5,0.0,0.0,0.0,0.0
2020-01-03,0.5012200908618805,0.0,0.0,0.4987799091381195,0.0,0.0,0.0,0.0
2020-01-06,0.501199448194666,0.0,0.0,0.49880055180533406,0.0,0.0,0.0,0.0
2020-01-07,0.5011795268913275,0.0,0.0,0.4988204731086724,0.0,0.0,0.0,0.0
2020-01-08,0.5017884228334585,0.0,0.0,0.49821157716654146,0.0,0.0,0.0,0.0
2020-01-09,0.5029033404393438,0.0,0.0,0.4970966595606563,0.0,0.0,0.0,0.0
2020-01-10,0.5031170889382349,0.0,0.0,0.4968829110617651,0.0,0.0,0.0,0.0
2020-01-13,0.5035380296583867,0.0,0.0,0.4964619703416133,0.0,0.0,0.0,0.0
2020-01-14,0.5029059242804372,0.0,0.0,0.49709407571956277,0.0,0.0,0.0,0.0
2020-01-15,0.5034702339854034,0.0,0.0,0.4965297660145967,0.0,0.0,0.0,0.0
2020-01-16,0.5045058565923106,0.0,0.0,0.4954941434076894,0.0,0.0,0.0,0.0
2020-01-17,0.5045357528395407,0.0,0.0,0.49546424716045934,0.0,0.0,0.0,0.0
2020-01-21,0.5060426578781948,0.0,0.0,0.49395734212180514,0.0,0.0,0.0,0.0
2020-01-22,0.5055721705757484,0.0,0.0,0.4944278294242517,0.0,0.0,0.0,0.0
2020-01-23,0.5064668114122662,0.0,0.0,0.49353318858773376,0.0,0.0,0.0,0.0
2020-01-24,0.5053106654495131,0.0,0.0,0.49468933455048697,0.0,0.0,0.0,0.0
2020-01-27,0.5065057531296248,0.0,0.0,0.4934942468703753,0.0,0.0,0.0,0.0
2020-01-28,0.5067716721617865,0.0,0.0,0.49322832783821347,0.0,0.0,0.0,0.0
2020-01-29,0.50652879228529,0.0,0.0,0.49347120771471,0.0,0.0,0.0,0.0
2020-01-30,0.5075569077880427,0.0,0.0,0.49244309221195737,0.0,0.0,0.0,0.0
2020-01-31,0.5072369515854727,0.0,0.0,0.4927630484145273,0.0,0.0,0.0,0.0
2020-02-03,0.0,0.0,0.0,0.0,0.0,0.5,0.0,0.5
2020-02-04,0.0,0.0,0.0,0.0,0.0,0.4973394919207344,0.0,0.5026605080792657
2020-02-05,0.0,0.0,0.0,0.0,0.0,0.4978001908458835,0.0,0.5021998091541164
2020-02-06,0.0,0.0,0.0,0.0,0.0,0.4992587792868431,0.0,0.500741220713157
2020-02-07,0.0,0.0,0.0,0.0,0.0,0.4989611315079506,0.0,0.5010388684920494
2020-02-10,0.0,0.0,0.0,0.0,0.0,0.49901082027838667,0.0,0.5009891797216133
2020-02-11,0.0,0.0,0.0,0.0,0.0,0.4985117329474221,0.0,0.5014882670525779
2020-02-12,0.0,0.0,0.0,0.0,0.0,0.49842312702419145,0.0,0.5015768729758086
2020-02-13,0.0,0.0,0.0,0.0,0.0,0.500014559331177,0.0,0.49998544066882294
2020-02-14,0.0,0.0,0.0,0.0,0.0,0.500445455122703,0.0,0.49955454487729695
2020-02-18,0.0,0.0,0.0,0.0,0.0,0.5031529692420524,0.0,0.4968470307579475
2020-02-19,0.0,0.0,0.0,0.0,0.0,0.5049496135285203,0.0,0.4950503864714797
2020-02-20,0.0,0.0,0.0,0.0,0.0,0.5051307530130582,0.0,0.4948692469869418
2020-02-21,0.0,0.0,0.0,0.0,0.0,0.5083646301418424,0.0,0.4916353698581576
2020-02-24,0.0,0.0,0.0,0.0,0.0,0.5105621346323915,0.0,0.4894378653676085
2020-02-25,0.0,0.0,0.0,0.0,0.0,0.5058080315654155,0.0,0.4941919684345845
2020-02-26,0.0,0.0,0.0,0.0,0.0,0.5078283666406577,0.0,0.49217163335934244
2020-02-27,0.0,0.0,0.0,0.0,0.0,0.5092118996864777,0.0,0.49078810031352227
2020-02-28,0.0,0.0,0.0,0.0,0.0,0.4971230971672054,0.0,0.5028769028327946
2020-03-02,0.0,0.0,0.0,0.0,0.0,0.0,0.5,0.5
2020-03-03,0.0,0.0,0.0,0.0,0.0,0.0,0.5010202633464431,0.4989797366535569
2020-03-04,0.0,0.0,0.0,0.0,0.0,0.0,0.49799506638298013,0.5020049336170199
2020-03-05,0.0,0.0,0.0,0.0,0.0,0.0,0.504235716369838,0.49576428363016195
2020-03-06,0.0,0.0,0.0,0.0,0.0,0.0,0.5151769412619805,0.4848230587380195
2020-03-09,0.0,0.0,0.0,0.0,0.0,0.0,0.5279828159714213,0.4720171840285786
2020-03-10,0.0,0.0,0.0,0.0,0.0,0.0,0.5205395065514893,0.47946049344851077
2020-03-11,0.0,0.0,0.0,0.0,0.0,0.0,0.519525263959006,0.48047473604099405
2020-03-12,0.0,0.0,0.0,0.0,0.0,0.0,0.5332540228112427,0.46674597718875727
2020-03-13,0.0,0.0,0.0,0.0,0.0,0.0,0.5169774451812249,0.4830225548187752
2020-03-16,0.0,0.0,0.0,0.0,0.0,0.0,0.5361900677523711,0.46380993224762895
2020-03-17,0.0,0.0,0.0,0.0,0.0,0.0,0.5294258471927583,0.4705741528072417
2020-03-18,0.0,0.0,0.0,0.0,0.0,0.0,0.5277462166334944,0.47225378336650564
2020-03-19,0.0,0.0,0.0,0.0,0.0,0.0,0.5470180593021955,0.45298194069780445
2020-03-20,0.0,0.0,0.0,0.0,0.0,0.0,0.5609879413261579,0.439012058673842
2020-03-23,0.0,0.0,0.0,0.0,0.0,0.0,0.5533566274417309,0.44664337255826914
2020-03-24,0.0,0.0,0.0,0.0,0.0,0.0,0.5436779977415183,0.4563220022584818
2020-03-25,0.0,0.0,0.0,0.0,0.0,0.0,0.5314892769253782,0.46851072307462177
2020-03-26,0.0,0.0,0.0,0.0,0.0,0.0,0.5325087016749523,0.46749129832504777
2020-03-27,0.0,0.0,0.0,0.0,0.0,0.0,0.5395673360974629,0.46043266390253723
2020-03-30,0.0,0.0,0.0,0.0,0.0,0.0,0.5345054383708592,0.46549456162914077
2020-03-31,0.0,0.0,0.0,0.0,0.0,0.0,0.533301910880706,0.466698089119294
2020-04-01,0.0,0.0,0.0,0.0,0.0,0.5,0.5,0.0
2020-04-02,0.0,0.0,0.0,0.0,0.0,0.5024837014213316,0.4975162985786684,0.0
2020-04-03,0.0,0.0,0.0,0.0,0.0,0.5031209018413165,0.49687909815868353,0.0
2020-04-06,0.0,0.0,0.0,0.0,0.0,0.5106063603809945,0.4893936396190054,0.0
2020-04-07,0.0,0.0,0.0,0.0,0.0,0.5118953848421451,0.4881046151578549,0.0
2020-04-08,0.0,0.0,0.0,0.0,0.0,0.5114844695195719,0.488515530480428,0.0
2020-04-09,0.0,0.0,0.0,0.0,0.0,0.5174723925860012,0.4825276074139988,0.0
2020-04-13,0.0,0.0,0.0,0.0,0.0,0.5240026526946341,0.4759973473053659,0.0
2020-04-14,0.0,0.0,0.0,0.0,0.0,0.5260180571278522,0.4739819428721479,0.0
2020-04-15,0.0,0.0,0.0,0.0,0.0,0.5182187079446757,0.4817812920553242,0.0
2020-04-16,0.0,0.0,0.0,0.0,0.0,0.515182447211469,0.484817552788531,0.0
2020-04-17,0.0,0.0,0.0,0.0,0.0,0.5136554662443573,0.4863445337556426,0.0
2020-04-20,0.0,0.0,0.0,0.0,0.0,0.5134276685738348,0.4865723314261652,0.0
2020-04-21,0.0,0.0,0.0,0.0,0.0,0.5085895826614221,0.49141041733857804,0.0
2020-04-22,0.0,0.0,0.0,0.0,0.0,0.5160224234690161,0.483977576530984,0.0
2020-04-23,0.0,0.0,0.0,0.0,0.0,0.5171737465299477,0.48282625347005226,0.0
2020-04-24,0.0,0.0,0.0,0.0,0.0,0.515515824723959,0.48448417527604104,0.0
2020-04-27,0.0,0.0,0.0,0.0,0.0,0.5185440580571585,0.4814559419428416,0.0
2020-04-28,0.0,0.0,0.0,0.0,0.0,0.5145703863542691,0.48542961364573095,0.0
2020-04-29,0.0,0.0,0.0,0.0,0.0,0.5172478275936582,0.4827521724063419,0.0
2020-04-30,0.0,0.0,0.0,0.0,0.0,0.5156152945563885,0.48438470544361145,0.0
2020-05-01,0.0,0.0,0.0,0.0,0.0,0.5,0.5,0.0
2020-05-04,0.0,0.0,0.0,0.0,0.0,0.5020533780198247,0.4979466219801753,0.0
2020-05-05,0.0,0.0,0.0,0.0,0.0,0.5047166875127692,0.4952833124872308,0.0
2020-05-06,0.0,0.0,0.0,0.0,0.0,0.5055486183810689,0.49445138161893104,0.0
2020-05-07,0.0,0.0,0.0,0.0,0.0,0.5052150640211668,0.4947849359788332,0.0
2020-05-08,0.0,0.0,0.0,0.0,0.0,0.5069793752104335,0.49302062478956654,0.0
2020-05-11,0.0,0.0,0.0,0.0,0.0,0.5073751226853738,0.49262487731462623,0.0
2020-05-12,0.0,0.0,0.0,0.0,0.0,0.5057928308400254,0.49420716915997465,0.0
2020-05-13,0.0,0.0,0.0,0.0,0.0,0.5064438084713133,0.4935561915286866,0.0
2020-05-14,0.0,0.0,0.0,0.0,0.0,0.5062117423307488,0.4937882576692513,0.0
2020-05-15,0.0,0.0,0.0,0.0,0.0,0.5082621717555125,0.49173782824448753,0.0
2020-05-18,0.0,0.0,0.0,0.0,0.0,0.5119122587251066,0.4880877412748934,0.0
2020-05-19,0.0,0.0,0.0,0.0,0.0,0.5133787751250949,0.48662122487490517,0.0
2020-05-20,0.0,0.0,0.0,0.0,0.0,0.5132243935716306,0.4867756064283695,0.0
2020-05-21,0.0,0.0,0.0,0.0,0.0,0.5089319761591901,0.49106802384081,0.0
2020-05-22,0.0,0.0,0.0,0.0,0.0,0.5089072630790435,0.4910927369209564,0.0
2020-05-26,0.0,0.0,0.0,0.0,0.0,0.5087033136538099,0.49129668634619006,0.0
2020-05-27,0.0,0.0,0.0,0.0,0.0,0.5096128255105672,0.4903871744894328,0.0
2020-05-28,0.0,0.0,0.0,0.0,0.0,0.5113699225622258,0.4886300774377741,0.0
2020-05-29,0.0,0.0,0.0,0.0,0.0,0.5114236982982836,0.48857630170171645,0.0
2020-06-01,0.0,0.0,0.0,0.0,0.0,0.5,0.0,0.5
2020-06-02,0.0,0.0,0.0,0.0,0.0,0.49757917261418866,0.0,0.5024208273858114
2020-06-03,0.0,0.0,0.0,0.0,0.0,0.4930754136752875,0.0,0.5069245863247125
2020-06-04,0.0,0.0,0.0,0.0,0.0,0.496451760074293,0.0,0.503548239925707
2020-06-05,0.0,0.0,0.0,0.0,0.0,0.4900434940879328,0.0,0.5099565059120672
2020-06-08,0.0,0.0,0.0,0.0,0.0,0.4919035290833733,0.0,0.5080964709166268
2020-06-09,0.0,0.0,0.0,0.0,0.0,0.4948300431688242,0.0,0.5051699568311757
2020-06-10,0.0,0.0,0.0,0.0,0.0,0.4967485549341719,0.0,0.5032514450658281
2020-06-11,0.0,0.0,0.0,0.0,0.0,0.49793854176558094,0.0,0.5020614582344191
2020-06-12,0.0,0.0,0.0,0.0,0.0,0.4970803906578234,0.0,0.5029196093421765
2020-06-15,0.0,0.0,0.0,0.0,0.0,0.4931082051483655,0.0,0.5068917948516346
2020-06-16,0.0,0.0,0.0,0.0,0.0,0.4936748993411172,0.0,0.5063251006588829
2020-06-17,0.0,0.0,0.0,0.0,0.0,0.4946380900374978,0.0,0.5053619099625022
2020-06-18,0.0,0.0,0.0,0.0,0.0,0.49358488255398514,0.0,0.5064151174460148
2020-06-19,0.0,0.0,0.0,0.0,0.0,0.49614108195565354,0.0,0.5038589180443465
2020-06-22,0.0,0.0,0.0,0.0,0.0,0.4979941168959989,0.0,0.5020058831040012
2020-06-23,0.0,0.0,0.0,0.0,0.0,0.5005575040893773,0.0,0.4994424959106228
2020-06-24,0.0,0.0,0.0,0.0,0.0,0.5003782465116207,0.0,0.4996217534883793
2020-06-25,0.0,0.0,0.0,0.0,0.0,0.4999649353536442,0.0,0.5000350646463557
2020-06-26,0.0,0.0,0.0,0.0,0.0,0.5008534078446959,0.0,0.4991465921553041
2020-06-29,0.0,0.0,0.0,0.0,0.0,0.4998302437324519,0.0,0.5001697562675481
2020-06-30,0.0,0.0,0.0,0.0,0.0,0.5002306689205601,0.0,0.49976933107943994
2020-07-01,0.0,0.0,0.0,0.0,0.0,0.5,0.0,0.5
2020-07-02,0.0,0.0,0.0,0.0,0.0,0.49992804491324716,0.0,0.5000719550867528
2020-07-06,0.0,0.0,0.0,0.0,0.0,0.5007735916209314,0.0,0.4992264083790687
2020-07-07,0.0,0.0,0.0,0.0,0.0,0.5020141093490439,0.0,0.497985890650956
2020-07-08,0.0,0.0,0.0,0.0,0.0,0.5039681188077233,0.0,0.49603188119227665
2020-07-09,0.0,0.0,0.0,0.0,0.0,0.50189142132711,0.0,0.49810857867289
2020-07-10,0.0,0.0,0.0,0.0,0.0,0.5017017663949294,0.0,0.4982982336050707
2020-07-13,0.0,0.0,0.0,0.0,0.0,0.5026751513347659,0.0,0.49732484866523397
2020-07-14,0.0,0.0,0.0,0.0,0.0,0.5023850674251039,0.0,0.497614932574896
2020-07-15,0.0,0.0,0.0,0.0,0.0,0.5021105058284936,0.0,0.49788949417150646
2020-07-16,0.0,0.0,0.0,0.0,0.0,0.49904173825563747,0.0,0.5009582617443625
2020-07-17,0.0,0.0,0.0,0.0,0.0,0.5004182041295971,0.0,0.49958179587040297
2020-07-20,0.0,0.0,0.0,0.0,0.0,0.5009296053719883,0.0,0.49907039462801167
2020-07-21,0.0,0.0,0.0,0.0,0.0,0.5035977124891772,0.0,0.4964022875108228
2020-07-22,0.0,0.0,0.0,0.0,0.0,0.5065546672036462,0.0,0.4934453327963539
2020-07-23,0.0,0.0,0.0,0.0,0.0,0.5085703256586772,0.0,0.49142967434132284
2020-07-24,0.0,0.0,0.0,0.0,0.0,0.5112652217675001,0.0,0.48873477823249983
2020-07-27,0.0,0.0,0.0,0.0,0.0,0.5169123946053252,0.0,0.48308760539467466
2020-07-28,0.0,0.0,0.0,0.0,0.0,0.5192403127104263,0.0,0.4807596872895738
2020-07-29,0.0,0.0,0.0,0.0,0.0,0.5197507194730469,0.0,0.4802492805269531
2020-07-30,0.0,0.0,0.0,0.0,0.0,0.5181672221375928,0.0,0.4818327778624072
2020-07-31,0.0,0.0,0.0,0.0,0.0,0.5200825448721874,0.0,0.4799174551278126
2020-08-03,0.0,0.0,0.0,0.0,0.0,0.5,0.5,0.0
2020-08-04,0.0,0.0,0.0,0.0,0.0,0.5028918750535318,0.4971081249464682,0.0
2020-08-05,0.0,0.0,0.0,0.0,0.0,0.5073968377951338,0.49260316220486616,0.0
2020-08-06,0.0,0.0,0.0,0.0,0.0,0.5093003638783853,0.49069963612161477,0.0
2020-08-07,0.0,0.0,0.0,0.0,0.0,0.5069699007503831,0.493030099249617,0.0
2020-08-10,0.0,0.0,0.0,0.0,0.0,0.5072243767696292,0.49277562323037083,0.0
2020-08-11,0.0,0.0,0.0,0.0,0.0,0.4964166489966655,0.5035833510033345,0.0
2020-08-12,0.0,0.0,0.0,0.0,0.0,0.497531148167585,0.5024688518324151,0.0
2020-08-13,0.0,0.0,0.0,0.0,0.0,0.5060533912498361,0.493946608750164,0.0
2020-08-14,0.0,0.0,0.0,0.0,0.0,0.5059522902829389,0.4940477097170612,0.0
2020-08-17,0.0,0.0,0.0,0.0,0.0,0.5106892401087362,0.4893107598912639,0.0
2020-08-18,0.0,0.0,0.0,0.0,0.0,0.5111492482412223,0.4888507517587777,0.0
2020-08-19,0.0,0.0,0.0,0.0,0.0,0.5047000288798709,0.49529997112012925,0.0
2020-08-20,0.0,0.0,0.0,0.0,0.0,0.5041730397126776,0.4958269602873224,0.0
2020-08-21,0.0,0.0,0.0,0.0,0.0,0.5006686825467888,0.4993313174532112,0.0
2020-08-24,0.0,0.0,0.0,0.0,0.0,0.4996565155628533,0.5003434844371468,0.0
2020-08-25,0.0,0.0,0.0,0.0,0.0,0.5018809282784764,0.4981190717215236,0.0
2020-08-26,0.0,0.0,0.0,0.0,0.0,0.5057740016206048,0.49422599837939524,0.0
2020-08-27,0.0,0.0,0.0,0.0,0.0,0.5071552966393388,0.49284470336066116,0.0
2020-08-28,0.0,0.0,0.0,0.0,0.0,0.5116475413677154,0.4883524586322845,0.0
2020-08-31,0.0,0.0,0.0,0.0,0.0,0.5105891783967643,0.4894108216032356,0.0
2020-09-01,0.0,0.0,0.0,0.0,0.0,0.5,0.0,0.5
2020-09-02,0.0,0.0,0.0,0.0,0.0,0.49570581876639297,0.0,0.504294181233607
2020-09-03,0.0,0.0,0.0,0.0,0.0,0.49422095032018937,0.0,0.5057790496798107
2020-09-04,0.0,0.0,0.0,0.0,0.0,0.49758173002751854,0.0,0.5024182699724815
2020-09-08,0.0,0.0,0.0,0.0,0.0,0.496858853525559,0.0,0.503141146474441
2020-09-09,0.0,0.0,0.0,0.0,0.0,0.4991077521900414,0.0,0.5008922478099586
2020-09-10,0.0,0.0,0.0,0.0,0.0,0.4981156620690397,0.0,0.5018843379309603
2020-09-11,0.0,0.0,0.0,0.0,0.0,0.49791721722869614,0.0,0.5020827827713039
2020-09-14,0.0,0.0,0.0,0.0,0.0,0.4992554289762503,0.0,0.5007445710237498
2020-09-15,0.0,0.0,0.0,0.0,0.0,0.49838038918558597,0.0,0.501619610814414
2020-09-16,0.0,0.0,0.0,0.0,0.0,0.49892251129730936,0.0,0.5010774887026906
2020-09-17,0.0,0.0,0.0,0.0,0.0,0.49749104950703904,0.0,0.5025089504929611
2020-09-18,0.0,0.0,0.0,0.0,0.0,0.4982788220940664,0.0,0.5017211779059336
2020-09-21,0.0,0.0,0.0,0.0,0.0,0.4934457585207101,0.0,0.5065542414792898
2020-09-22,0.0,0.0,0.0,0.0,0.0,0.49208410084860454,0.0,0.5079158991513955
2020-09-23,0.0,0.0,0.0,0.0,0.0,0.48843690169625203,0.0,0.511563098303748
2020-09-24,0.0,0.0,0.0,0.0,0.0,0.48999596555821023,0.0,0.5100040344417898
2020-09-25,0.0,0.0,0.0,0.0,0.0,0.48954335990976433,0.0,0.5104566400902357
2020-09-28,0.0,0.0,0.0,0.0,0.0,0.4907820483391595,0.0,0.5092179516608406
2020-09-29,0.0,0.0,0.0,0.0,0.0,0.4931959165830558,0.0,0.5068040834169443
2020-09-30,0.0,0.0,0.0,0.0,0.0,0.4917276202553386,0.0,0.5082723797446614
2020-10-01,0.0,0.0,0.0,0.0,0.0,0.5,0.0,0.5
2020-10-02,0.0,0.0,0.0,0.0,0.0,0.4997389235681524,0.0,0.5002610764318476
2020-10-05,0.0,0.0,0.0,0.0,0.0,0.5017900374919848,0.0,0.4982099625080153
2020-10-06,0.0,0.0,0.0,0.0,0.0,0.4990372461591089,0.0,0.5009627538408911
2020-10-07,0.0,0.0,0.0,0.0,0.0,0.4988499472332943,0.0,0.5011500527667057
2020-10-08,0.0,0.0,0.0,0.0,0.0,0.4991234178914362,0.0,0.5008765821085638
2020-10-09,0.0,0.0,0.0,0.0,0.0,0.5030481032169984,0.0,0.49695189678300156
2020-10-12,0.0,0.0,0.0,0.0,0.0,0.5008880922463962,0.0,0.49911190775360387
2020-10-13,0.0,0.0,0.0,0.0,0.0,0.49716423900744794,0.0,0.502835760992552
2020-10-14,0.0,0.0,0.0,0.0,0.0,0.4976971494478894,0.0,0.5023028505521107
2020-10-15,0.0,0.0,0.0,0.0,0.0,0.49886498848190125,0.0,0.5011350115180988
2020-10-16,0.0,0.0,0.0,0.0,0.0,0.4984218056610742,0.0,0.5015781943389258
2020-10-19,0.0,0.0,0.0,0.0,0.0,0.4990287168848043,0.0,0.5009712831151957
2020-10-20,0.0,0.0,0.0,0.0,0.0,0.5007496303053213,0.0,0.49925036969467873
2020-10-21,0.0,0.0,0.0,0.0,0.0,0.5030338966162754,0.0,0.49696610338372466
2020-10-22,0.0,0.0,0.0,0.0,0.0,0.5011294618497468,0.0,0.4988705381502532
2020-10-23,0.0,0.0,0.0,0.0,0.0,0.5002314348272464,0.0,0.49976856517275353
2020-10-26,0.0,0.0,0.0,0.0,0.0,0.4995861252430469,0.0,0.5004138747569532
2020-10-27,0.0,0.0,0.0,0.0,0.0,0.4992260629024208,0.0,0.5007739370975792
2020-10-28,0.0,0.0,0.0,0.0,0.0,0.4963971436165783,0.0,0.5036028563834217
2020-10-29,0.0,0.0,0.0,0.0,0.0,0.4960089294505565,0.0,0.5039910705494435
2020-10-30,0.0,0.0,0.0,0.0,0.0,0.49845164266837744,0.0,0.5015483573316225
2020-11-02,0.0,0.0,0.0,0.0,0.0,0.5,0.5,0.0
2020-11-03,0.0,0.0,0.0,0.0,0.0,0.5028699541795345,0.4971300458204655,0.0
2020-11-04,0.0,0.0,0.0,0.0,0.0,0.4973651324263753,0.5026348675736247,0.0
2020-11-05,0.0,0.0,0.0,0.0,0.0,0.5026116994689033,0.49738830053109667,0.0
2020-11-06,0.0,0.0,0.0,0.0,0.0,0.5060061533652278,0.4939938466347722,0.0
2020-11-09,0.0,0.0,0.0,0.0,0.0,0.499995972461559,0.500004027538441,0.0
2020-11-10,0.0,0.0,0.0,0.0,0.0,0.5022686969396533,0.4977313030603467,0.0
2020-11-11,0.0,0.0,0.0,0.0,0.0,0.5002841022685368,0.4997158977314632,0.0
2020-11-12,0.0,0.0,0.0,0.0,0.0,0.4975760176866863,0.5024239823133138,0.0
2020-11-13,0.0,0.0,0.0,0.0,0.0,0.4996069386410279,0.5003930613589721,0.0
2020-11-16,0.0,0.0,0.0,0.0,0.0,0.5001941881420238,0.4998058118579763,0.0
2020-11-17,0.0,0.0,0.0,0.0,0.0,0.49764851350861034,0.5023514864913896,0.0
2020-11-18,0.0,0.0,0.0,0.0,0.0,0.4954907859113069,0.5045092140886932,0.0
2020-11-19,0.0,0.0,0.0,0.0,0.0,0.49373669272162757,0.5062633072783723,0.0
2020-11-20,0.0,0.0,0.0,0.0,0.0,0.4922842349363181,0.5077157650636819,0.0
2020-11-23,0.0,0.0,0.0,0.0,0.0,0.4884614043566713,0.5115385956433288,0.0
2020-11-24,0.0,0.0,0.0,0.0,0.0,0.48710098242509514,0.5128990175749049,0.0
2020-11-25,0.0,0.0,0.0,0.0,0.0,0.48775336641855915,0.5122466335814408,0.0
2020-11-27,0.0,0.0,0.0,0.0,0.0,0.48279356282809816,0.5172064371719018,0.0
2020-11-30,0.0,0.0,0.0,0.0,0.0,0.4814332910986473,0.5185667089013527,0.0
2020-12-01,0.0,0.5,0.0,0.0,0.0,0.5,0.0,0.0
2020-12-02,0.0,0.49844771694330064,0.0,0.0,0.0,0.5015522830566994,0.0,0.0
2020-12-03,0.0,0.49684069476462345,0.0,0.0,0.0,0.5031593052353767,0.0,0.0
2020-12-04,0.0,0.49856720163206003,0.0,0.0,0.0,0.5014327983679399,0.0,0.0
2020-12-07,0.0,0.4962778980165135,0.0,0.0,0.0,0.5037221019834864,0.0,0.0
2020-12-08,0.0,0.496252224925273,0.0,0.0,0.0,0.503747775074727,0.0,0.0
2020-12-09,0.0,0.4948375088772554,0.0,0.0,0.0,0.5051624911227446,0.0,0.0
2020-12-10,0.0,0.4963180577351178,0.0,0.0,0.0,0.5036819422648822,0.0,0.0
2020-12-11,0.0,0.4952996385396284,0.0,0.0,0.0,0.5047003614603716,0.0,0.0
2020-12-14,0.0,0.49848735980890085,0.0,0.0,0.0,0.5015126401910991,0.0,0.0
2020-12-15,0.0,0.4976721012945825,0.0,0.0,0.0,0.5023278987054175,0.0,0.0
2020-12-16,0.0,0.4976673540428109,0.0,0.0,0.0,0.5023326459571891,0.0,0.0
2020-12-17,0.0,0.4966800952887558,0.0,0.0,0.0,0.5033199047112442,0.0,0.0
2020-12-18,0.0,0.4963480240733704,0.0,0.0,0.0,0.5036519759266296,0.0,0.0
2020-12-21,0.0,0.49667463673670115,0.0,0.0,0.0,0.5033253632632988,0.0,0.0
2020-12-22,0.0,0.49933701651353013,0.0,0.0,0.0,0.5006629834864699,0.0,0.0
2020-12-23,0.0,0.4964184396545875,0.0,0.0,0.0,0.5035815603454125,0.0,0.0
2020-12-24,0.0,0.496524777955172,0.0,0.0,0.0,0.503475222044828,0.0,0.0
2020-12-28,0.0,0.4999407987069886,0.0,0.0,0.0,0.5000592012930114,0.0,0.0
2020-12-29,0.0,0.49925557113067914,0.0,0.0,0.0,0.5007444288693209,0.0,0.0
2020-12-30,0.0,0.49735717971245597,0.0,0.0,0.0,0.502642820287544,0.0,0.0
2020-12-31,0.0,0.49704461433984076,0.0,0.0,0.0,0.5029553856601593,0.0,0.0
2021-01-04,0.0,0.5,0.0,0.0,0.0,0.5,0.0,0.0
2021-01-05,0.0,0.5013132949659587,0.0,0.0,0.0,0.4986867050340412,0.0,0.0
2021-01-06,0.0,0.501919617359603,0.0,0.0,0.0,0.498080382640397,0.0,0.0
2021-01-07,0.0,0.5084791099609016,0.0,0.0,0.0,0.4915208900390985,0.0,0.0
2021-01-08,0.0,0.5203648540616866,0.0,0.0,0.0,0.4796351459383133,0.0,0.0
2021-01-11,0.0,0.5172213556770803,0.0,0.0,0.0,0.48277864432291984,0.0,0.0
2021-01-12,0.0,0.5152122897958629,0.0,0.0,0.0,0.48478771020413713,0.0,0.0
2021-01-13,0.0,0.5179710377605036,0.0,0.0,0.0,0.4820289622394963,0.0,0.0
2021-01-14,0.0,0.5167619115632018,0.0,0.0,0.0,0.48323808843679816,0.0,0.0
2021-01-15,0.0,0.5178936434012817,0.0,0.0,0.0,0.4821063565987183,0.0,0.0
2021-01-19,0.0,0.5194033051453024,0.0,0.0,0.0,0.4805966948546976,0.0,0.0
2021-01-20,0.0,0.521111241666975,0.0,0.0,0.0,0.47888875833302497,0.0,0.0
2021-01-21,0.0,0.5232558973794443,0.0,0.0,0.0,0.47674410262055567,0.0,0.0
2021-01-22,0.0,0.5245079724701693,0.0,0.0,0.0,0.47549202752983066,0.0,0.0
2021-01-25,0.0,0.52634573515963,0.0,0.0,0.0,0.47365426484037,0.0,0.0
2021-01-26,0.0,0.5273268573325351,0.0,0.0,0.0,0.4726731426674649,0.0,0.0
2021-01-27,0.0,0.521860890285621,0.0,0.0,0.0,0.478139109714379,0.0,0.0
2021-01-28,0.0,0.5231014550966613,0.0,0.0,0.0,0.47689854490333866,0.0,0.0
2021-01-29,0.0,0.517895964094985,0.0,0.0,0.0,0.482104035905015,0.0,0.0
2021-02-01,0.0,0.5,0.0,0.0,0.0,0.5,0.0,0.0
2021-02-02,0.0,0.5071057007151162,0.0,0.0,0.0,0.4928942992848838,0.0,0.0
2021-02-03,0.0,0.5064899727864517,0.0,0.0,0.0,0.4935100272135483,0.0,0.0
2021-02-04,0.0,0.5148666566034388,0.0,0.0,0.0,0.4851333433965612,0.0,0.0
2021-02-05,0.0,0.513258380527287,0.0,0.0,0.0,0.48674161947271305,0.0,0.0
2021-02-08,0.0,0.5124233914038449,0.0,0.0,0.0,0.48757660859615515,0.0,0.0
2021-02-09,0.0,0.5115564870626377,0.0,0.0,0.0,0.4884435129373623,0.0,0.0
2021-02-10,0.0,0.510073302430974,0.0,0.0,0.0,0.48992669756902596,0.0,0.0
2021-02-11,0.0,0.5136230997562201,0.0,0.0,0.0,0.48637690024377994,0.0,0.0
2021-02-12,0.0,0.5157750991599171,0.0,0.0,0.0,0.4842249008400829,0.0,0.0
2021-02-16,0.0,0.51870889818958,0.0,0.0,0.0,0.48129110181041995,0.0,0.0
2021-02-17,0.0,0.5203584135759286,0.0,0.0,0.0,0.4796415864240713,0.0,0.0
2021-02-18,0.0,0.5192796692566038,0.0,0.0,0.0,0.4807203307433961,0.0,0.0
2021-02-19,0.0,0.5171548204613393,0.0,0.0,0.0,0.48284517953866063,0.0,0.0
2021-02-22,0.0,0.5068811893882901,0.0,0.0,0.0,0.4931188106117099,0.0,0.0
2021-02-23,0.0,0.5067115228405148,0.0,0.0,0.0,0.4932884771594853,0.0,0.0
2021-02-24,0.0,0.5089407201253963,0.0,0.0,0.0,0.4910592798746037,0.0,0.0
2021-02-25,0.0,0.5048193083019328,0.0,0.0,0.0,0.4951806916980672,0.0,0.0
2021-02-26,0.0,0.5119819185045915,0.0,0.0,0.0,0.4880180814954085,0.0,0.0
2021-03-01,0.0,0.5,0.0,0.0,0.0,0.5,0.0,0.0
2021-03-02,0.0,0.49459977941862354,0.0,0.0,0.0,0.5054002205813766,0.0,0.0
2021-03-03,0.0,0.4900091374691918,0.0,0.0,0.0,0.5099908625308082,0.0,0.0
2021-03-04,0.0,0.4883557701279713,0.0,0.0,0.0,0.5116442298720287,0.0,0.0
2021-03-05,0.0,0.49193434617575504,0.0,0.0,0.0,0.5080656538242448,0.0,0.0
2021-03-08,0.0,0.4873612687905198,0.0,0.0,0.0,0.5126387312094802,0.0,0.0
2021-03-09,0.0,0.4917680427922199,0.0,0.0,0.0,0.5082319572077801,0.0,0.0
2021-03-10,0.0,0.48978275339150773,0.0,0.0,0.0,0.5102172466084923,0.0,0.0
2021-03-11,0.0,0.49569057876770006,0.0,0.0,0.0,0.5043094212322999,0.0,0.0
2021-03-12,0.0,0.4937008473569188,0.0,0.0,0.0,0.5062991526430812,0.0,0.0
2021-03-15,0.0,0.49526048186276034,0.0,0.0,0.0,0.5047395181372396,0.0,0.0
2021-03-16,0.0,0.49639774312407253,0.0,0.0,0.0,0.5036022568759275,0.0,0.0
2021-03-17,0.0,0.4956452355321634,0.0,0.0,0.0,0.5043547644678367,0.0,0.0
2021-03-18,0.0,0.4893260961345628,0.0,0.0,0.0,0.5106739038654372,0.0,0.0
2021-03-19,0.0,0.4891622915561817,0.0,0.0,0.0,0.5108377084438183,0.0,0.0
2021-03-22,0.0,0.49417362931036485,0.0,0.0,0.0,0.5058263706896352,0.0,0.0
2021-03-23,0.0,0.49491233714880495,0.0,0.0,0.0,0.505087662851195,0.0,0.0
2021-03-24,0.0,0.48979754361972194,0.0,0.0,0.0,0.5102024563802782,0.0,0.0
2021-03-25,0.0,0.49027421929923204,0.0,0.0,0.0,0.509725780700768,0.0,0.0
2021-03-26,0.0,0.49328576617277076,0.0,0.0,0.0,0.5067142338272292,0.0,0.0
2021-03-29,0.0,0.49620607478230366,0.0,0.0,0.0,0.5037939252176964,0.0,0.0
2021-03-30,0.0,0.499254435073288,0.0,0.0,0.0,0.5007455649267121,0.0,0.0
2021-03-31,0.0,0.49928769487723373,0.0,0.0,0.0,0.5007123051227662,0.0,0.0
2021-04-01,0.5,0.0,0.0,0.0,0.0,0.0,0.0,0.5
2021-04-05,0.5047906038440725,0.0,0.0,0.0,0.0,0.0,0.0,0.49520939615592746
2021-04-06,0.5029751768473896,0.0,0.0,0.0,0.0,0.0,0.0,0.49702482315261043
2021-04-07,0.5037615309046407,0.0,0.0,0.0,0.0,0.0,0.0,0.4962384690953593
2021-04-08,0.5040280798578657,0.0,0.0,0.0,0.0,0.0,0.0,0.4959719201421342
2021-04-09,0.5063543947254008,0.0,0.0,0.0,0.0,0.0,0.0,0.49364560527459916
2021-04-12,0.5065029035816693,0.0,0.0,0.0,0.0,0.0,0.0,0.49349709641833084
2021-04-13,0.5061363126270915,0.0,0.0,0.0,0.0,0.0,0.0,0.4938636873729086
2021-04-14,0.5056240400143132,0.0,0.0,0.0,0.0,0.0,0.0,0.49437595998568695
2021-04-15,0.5067558238974681,0.0,0.0,0.0,0.0,0.0,0.0,0.4932441761025319
2021-04-16,0.5093001536911015,0.0,0.0,0.0,0.0,0.0,0.0,0.49069984630889846
2021-04-19,0.508718426071392,0.0,0.0,0.0,0.0,0.0,0.0,0.49128157392860805
2021-04-20,0.5064042174830894,0.0,0.0,0.0,0.0,0.0,0.0,0.49359578251691055
2021-04-21,0.5079008727681625,0.0,0.0,0.0,0.0,0.0,0.0,0.49209912723183746
2021-04-22,0.5053604985621777,0.0,0.0,0.0,0.0,0.0,0.0,0.49463950143782226
2021-04-23,0.5078469421754738,0.0,0.0,0.0,0.0,0.0,0.0,0.49215305782452623
2021-04-26,0.5084822233858562,0.0,0.0,0.0,0.0,0.0,0.0,0.4915177766141438
2021-04-27,0.5095511543857443,0.0,0.0,0.0,0.0,0.0,0.0,0.4904488456142558
2021-04-28,0.5094412719997905,0.0,0.0,0.0,0.0,0.0,0.0,0.49055872800020944
2021-04-29,0.5113340073369459,0.0,0.0,0.0,0.0,0.0,0.0,0.48866599266305405
2021-04-30,0.5091716330651024,0.0,0.0,0.0,0.0,0.0,0.0,0.4908283669348977
2021-05-03,0.5,0.0,0.0,0.5,0.0,0.0,0.0,0.0
2021-05-04,0.5021845033365867,0.0,0.0,0.4978154966634133,0.0,0.0,0.0,0.0
2021-05-05,0.4988794993581472,0.0,0.0,0.5011205006418528,0.0,0.0,0.0,0.0
2021-05-06,0.4988158528417663,0.0,0.0,0.5011841471582337,0.0,0.0,0.0,0.0
2021-05-07,0.4978148519288827,0.0,0.0,0.5021851480711172,0.0,0.0,0.0,0.0
2021-05-10,0.4966674407179869,0.0,0.0,0.5033325592820131,0.0,0.0,0.0,0.0
2021-05-11,0.4977300568307134,0.0,0.0,0.5022699431692865,0.0,0.0,0.0,0.0
2021-05-12,0.4963845642829194,0.0,0.0,0.5036154357170807,0.0,0.0,0.0,0.0
2021-05-13,0.4975098321972527,0.0,0.0,0.5024901678027474,0.0,0.0,0.0,0.0
2021-05-14,0.4971688512666568,0.0,0.0,0.5028311487333431,0.0,0.0,0.0,0.0
2021-05-17,0.497003739750802,0.0,0.0,0.502996260249198,0.0,0.0,0.0,0.0
2021-05-18,0.4943061103627569,0.0,0.0,0.505693889637243,0.0,0.0,0.0,0.0
2021-05-19,0.4958583809233437,0.0,0.0,0.5041416190766562,0.0,0.0,0.0,0.0
2021-05-20,0.49525888229243253,0.0,0.0,0.5047411177075676,0.0,0.0,0.0,0.0
2021-05-21,0.49471030674633154,0.0,0.0,0.5052896932536683,0.0,0.0,0.0,0.0
2021-05-24,0.4957199751657192,0.0,0.0,0.5042800248342808,0.0,0.0,0.0,0.0
2021-05-25,0.49510259648238875,0.0,0.0,0.5048974035176111,0.0,0.0,0.0,0.0
2021-05-26,0.4957534536152586,0.0,0.0,0.5042465463847413,0.0,0.0,0.0,0.0
2021-05-27,0.49541924281881583,0.0,0.0,0.5045807571811842,0.0,0.0,0.0,0.0
2021-05-28,0.49527764730631507,0.0,0.0,0.5047223526936849,0.0,0.0,0.0,0.0
2021-06-01,0.5,0.0,0.0,0.5,0.0,0.0,0.0,0.0
2021-06-02,0.49956209041149274,0.0,0.0,0.5004379095885072,0.0,0.0,0.0,0.0
2021-06-03,0.49986422808140524,0.0,0.0,0.5001357719185948,0.0,0.0,0.0,0.0
2021-06-04,0.5000194289639175,0.0,0.0,0.4999805710360825,0.0,0.0,0.0,0.0
2021-06-07,0.49895173366060314,0.0,0.0,0.5010482663393969,0.0,0.0,0.0,0.0
2021-06-08,0.4991270046920298,0.0,0.0,0.5008729953079701,0.0,0.0,0.0,0.0
2021-06-09,0.4994261442096142,0.0,0.0,0.5005738557903858,0.0,0.0,0.0,0.0
2021-06-10,0.49989783245058916,0.0,0.0,0.5001021675494108,0.0,0.0,0.0,0.0
2021-06-11,0.4997234974563854,0.0,0.0,0.5002765025436146,0.0,0.0,0.0,0.0
2021-06-14,0.4998509158795515,0.0,0.0,0.5001490841204486,0.0,0.0,0.0,0.0
2021-06-15,0.4990839719179345,0.0,0.0,0.5009160280820656,0.0,0.0,0.0,0.0
2021-06-16,0.4992276761087414,0.0,0.0,0.5007723238912587,0.0,0.0,0.0,0.0
2021-06-17,0.5008847206287089,0.0,0.0,0.4991152793712912,0.0,0.0,0.0,0.0
2021-06-18,0.5027193550423427,0.0,0.0,0.49728064495765745,0.0,0.0,0.0,0.0
2021-06-21,0.503014813051035,0.0,0.0,0.49698518694896504,0.0,0.0,0.0,0.0
2021-06-22,0.504316370504965,0.0,0.0,0.4956836294950349,0.0,0.0,0.0,0.0
2021-06-23,0.5056223873304669,0.0,0.0,0.494377612669533,0.0,0.0,0.0,0.0
2021-06-24,0.5047050631731389,0.0,0.0,0.49529493682686104,0.0,0.0,0.0,0.0
2021-06-25,0.5050595068381131,0.0,0.0,0.494940493161887,0.0,0.0,0.0,0.0
2021-06-28,0.5071618977834548,0.0,0.0,0.49283810221654517,0.0,0.0,0.0,0.0
2021-06-29,0.5072334914152071,0.0,0.0,0.4927665085847929,0.0,0.0,0.0,0.0
2021-06-30,0.5093690612956572,0.0,0.0,0.4906309387043427,0.0,0.0,0.0,0.0
2021-07-01,0.5,0.0,0.0,0.0,0.0,0.0,0.0,0.5
2021-07-02,0.5011956388880601,0.0,0.0,0.0,0.0,0.0,0.0,0.49880436111193993
2021-07-06,0.4998298389230989,0.0,0.0,0.0,0.0,0.0,0.0,0.500170161076901
2021-07-07,0.49986047333234723,0.0,0.0,0.0,0.0,0.0,0.0,0.5001395266676527
2021-07-08,0.49768578642812505,0.0,0.0,0.0,0.0,0.0,0.0,0.5023142135718749
2021-07-09,0.5013951107292585,0.0,0.0,0.0,0.0,0.0,0.0,0.4986048892707416
2021-07-12,0.5024188583216469,0.0,0.0,0.0,0.0,0.0,0.0,0.49758114167835316
2021-07-13,0.502494520868313,0.0,0.0,0.0,0.0,0.0,0.0,0.49750547913168686
2021-07-14,0.501715376990707,0.0,0.0,0.0,0.0,0.0,0.0,0.49828462300929305
2021-07-15,0.5003229620684234,0.0,0.0,0.0,0.0,0.0,0.0,0.4996770379315766
2021-07-16,0.49870617274599977,0.0,0.0,0.0,0.0,0.0,0.0,0.5012938272540003
2021-07-19,0.49319679418980406,0.0,0.0,0.0,0.0,0.0,0.0,0.5068032058101959
2021-07-20,0.49710318443291107,0.0,0.0,0.0,0.0,0.0,0.0,0.5028968155670889
2021-07-21,0.5000047469637531,0.0,0.0,0.0,0.0,0.0,0.0,0.49999525303624687
2021-07-22,0.49949480771210675,0.0,0.0,0.0,0.0,0.0,0.0,0.5005051922878933
2021-07-23,0.5021641877605729,0.0,0.0,0.0,0.0,0.0,0.0,0.49783581223942713
2021-07-26,0.5033300542296173,0.0,0.0,0.0,0.0,0.0,0.0,0.4966699457703827
2021-07-27,0.5011200222555472,0.0,0.0,0.0,0.0,0.0,0.0,0.4988799777444528
2021-07-28,0.5005769811647512,0.0,0.0,0.0,0.0,0.0,0.0,0.4994230188352487
2021-07-29,0.502327894243845,0.0,0.0,0.0,0.0,0.0,0.0,0.49767210575615495
2021-07-30,0.5009087482119887,0.0,0.0,0.0,0.0,0.0,0.0,0.49909125178801134
2021-08-02,0.5,0.0,0.0,0.0,0.0,0.0,0.0,0.5
2021-08-03,0.5017687423526942,0.0,0.0,0.0,0.0,0.0,0.0,0.49823125764730575
2021-08-04,0.5004809186490938,0.0,0.0,0.0,0.0,0.0,0.0,0.4995190813509062
2021-08-05,0.5030881818312457,0.0,0.0,0.0,0.0,0.0,0.0,0.4969118181687543
2021-08-06,0.5055530546702467,0.0,0.0,0.0,0.0,0.0,0.0,0.4944469453297533
2021-08-09,0.5064285035235608,0.0,0.0,0.0,0.0,0.0,0.0,0.49357149647643916
2021-08-10,0.5072991126012175,0.0,0.0,0.0,0.0,0.0,0.0,0.4927008873987824
2021-08-11,0.5075274441275174,0.0,0.0,0.0,0.0,0.0,0.0,0.49247255587248256
2021-08-12,0.5079212388112977,0.0,0.0,0.0,0.0,0.0,0.0,0.49207876118870236
2021-08-13,0.5067046680757605,0.0,0.0,0.0,0.0,0.0,0.0,0.4932953319242394
2021-08-16,0.5071445423362158,0.0,0.0,0.0,0.0,0.0,0.0,0.4928554576637842
2021-08-17,0.5059449911564943,0.0,0.0,0.0,0.0,0.0,0.0,0.4940550088435057
2021-08-18,0.5033606247253507,0.0,0.0,0.0,0.0,0.0,0.0,0.49663937527464935
2021-08-19,0.5031733419730533,0.0,0.0,0.0,0.0,0.0,0.0,0.4968266580269467
2021-08-20,0.5049881327192842,0.0,0.0,0.0,0.0,0.0,0.0,0.4950118672807158
2021-08-23,0.5069925618516206,0.0,0.0,0.0,0.0,0.0,0.0,0.4930074381483794
2021-08-24,0.5079622355454244,0.0,0.0,0.0,0.0,0.0,0.0,0.4920377644545756
2021-08-25,0.5091348237866813,0.0,0.0,0.0,0.0,0.0,0.0,0.4908651762133188
2021-08-26,0.5077292874207513,0.0,0.0,0.0,0.0,0.0,0.0,0.49227071257924876
2021-08-27,0.5085654943161161,0.0,0.0,0.0,0.0,0.0,0.0,0.4914345056838839
2021-08-30,0.5092379765561199,0.0,0.0,0.0,0.0,0.0,0.0,0.4907620234438801
2021-08-31,0.5094393400619524,0.0,0.0,0.0,0.0,0.0,0.0,0.49056065993804765
2021-09-01,0.5,0.0,0.0,0.0,0.0,0.0,0.0,0.5
2021-09-02,0.5003247122868086,0.0,0.0,0.0,0.0,0.0,0.0,0.4996752877131914
2021-09-03,0.5011699675492055,0.0,0.0,0.0,0.0,0.0,0.0,0.49883003245079455
2021-09-07,0.501462498821691,0.0,0.0,0.0,0.0,0.0,0.0,0.49853750117830886
2021-09-08,0.5003588517611522,0.0,0.0,0.0,0.0,0.0,0.0,0.49964114823884775
2021-09-09,0.49765950384064106,0.0,0.0,0.0,0.0,0.0,0.0,0.5023404961593589
2021-09-10,0.49640035507276553,0.0,0.0,0.0,0.0,0.0,0.0,0.5035996449272344
2021-09-13,0.4964303215418959,0.0,0.0,0.0,0.0,0.0,0.0,0.5035696784581041
2021-09-14,0.49432282074272765,0.0,0.0,0.0,0.0,0.0,0.0,0.5056771792572724
2021-09-15,0.49669647273105855,0.0,0.0,0.0,0.0,0.0,0.0,0.5033035272689415
2021-09-16,0.49664965469757416,0.0,0.0,0.0,0.0,0.0,0.0,0.5033503453024258
2021-09-17,0.49475618452452563,0.0,0.0,0.0,0.0,0.0,0.0,0.5052438154754743
2021-09-20,0.48977906223122075,0.0,0.0,0.0,0.0,0.0,0.0,0.5102209377687793
2021-09-21,0.4895614636072829,0.0,0.0,0.0,0.0,0.0,0.0,0.5104385363927171
2021-09-22,0.49128878798404496,0.0,0.0,0.0,0.0,0.0,0.0,0.508711212015955
2021-09-23,0.4960394305489602,0.0,0.0,0.0,0.0,0.0,0.0,0.5039605694510398
2021-09-24,0.49698762540678676,0.0,0.0,0.0,0.0,0.0,0.0,0.5030123745932132
2021-09-27,0.49640108363553137,0.0,0.0,0.0,0.0,0.0,0.0,0.5035989163644686
2021-09-28,0.49399585454848355,0.0,0.0,0.0,0.0,0.0,0.0,0.5060041454515165
2021-09-29,0.4944724624823822,0.0,0.0,0.0,0.0,0.0,0.0,0.5055275375176178
2021-09-30,0.4920553932378179,0.0,0.0,0.0,0.0,0.0,0.0,0.5079446067621822
2021-10-01,0.5,0.0,0.0,0.0,0.0,0.0,0.0,0.5
2021-10-04,0.4971667596416532,0.0,0.0,0.0,0.0,0.0,0.0,0.5028332403583468
2021-10-05,0.5007862935559626,0.0,0.0,0.0,0.0,0.0,0.0,0.49921370644403745
2021-10-06,0.5017480136354735,0.0,0.0,0.0,0.0,0.0,0.0,0.4982519863645264
2021-10-07,0.5050113398031785,0.0,0.0,0.0,0.0,0.0,0.0,0.4949886601968216
2021-10-08,0.5057092469745815,0.0,0.0,0.0,0.0,0.0,0.0,0.4942907530254185
2021-10-11,0.504367570421086,0.0,0.0,0.0,0.0,0.0,0.0,0.49563242957891396
2021-10-12,0.5021603628711433,0.0,0.0,0.0,0.0,0.0,0.0,0.4978396371288567
2021-10-13,0.5017961528345636,0.0,0.0,0.0,0.0,0.0,0.0,0.4982038471654365
2021-10-14,0.5047854349865012,0.0,0.0,0.0,0.0,0.0,0.0,0.49521456501349886
2021-10-15,0.507580912718343,0.0,0.0,0.0,0.0,0.0,0.0,0.49241908728165695
2021-10-18,0.508526217933312,0.0,0.0,0.0,0.0,0.0,0.0,0.4914737820666879
2021-10-19,0.5118209084609371,0.0,0.0,0.0,0.0,0.0,0.0,0.4881790915390629
2021-10-20,0.5134048592819996,0.0,0.0,0.0,0.0,0.0,0.0,0.4865951407180003
2021-10-21,0.5145859083821737,0.0,0.0,0.0,0.0,0.0,0.0,0.4854140916178262
2021-10-22,0.5133242356605352,0.0,0.0,0.0,0.0,0.0,0.0,0.48667576433946474
2021-10-25,0.5145470933628964,0.0,0.0,0.0,0.0,0.0,0.0,0.4854529066371036
2021-10-26,0.5136983910119938,0.0,0.0,0.0,0.0,0.0,0.0,0.48630160898800623
2021-10-27,0.5110713816890574,0.0,0.0,0.0,0.0,0.0,0.0,0.48892861831094253
2021-10-28,0.5138444768419478,0.0,0.0,0.0,0.0,0.0,0.0,0.4861555231580522
2021-10-29,0.5144817468633048,0.0,0.0,0.0,0.0,0.0,0.0,0.4855182531366952
2021-11-01,0.5,0.0,0.0,0.0,0.0,0.0,0.0,0.5
2021-11-02,0.5000516945624903,0.0,0.0,0.0,0.0,0.0,0.0,0.4999483054375098
2021-11-03,0.5022109434385349,0.0,0.0,0.0,0.0,0.0,0.0,0.49778905656146516
2021-11-04,0.5020754358206492,0.0,0.0,0.0,0.0,0.0,0.0,0.4979245641793509
2021-11-05,0.501117690149593,0.0,0.0,0.0,0.0,0.0,0.0,0.49888230985040705
2021-11-08,0.5019064528463998,0.0,0.0,0.0,0.0,0.0,0.0,0.4980935471536001
2021-11-09,0.5004106163931225,0.0,0.0,0.0,0.0,0.0,0.0,0.49958938360687755
2021-11-10,0.5009622468175134,0.0,0.0,0.0,0.0,0.0,0.0,0.4990377531824866
2021-11-11,0.5017556410300041,0.0,0.0,0.0,0.0,0.0,0.0,0.49824435896999586
2021-11-12,0.5038983207217035,0.0,0.0,0.0,0.0,0.0,0.0,0.4961016792782965
2021-11-15,0.5058897619450933,0.0,0.0,0.0,0.0,0.0,0.0,0.49411023805490667
2021-11-16,0.5072941358564691,0.0,0.0,0.0,0.0,0.0,0.0,0.4927058641435309
2021-11-17,0.5056827874593792,0.0,0.0,0.0,0.0,0.0,0.0,0.4943172125406208
2021-11-18,0.5059638983548977,0.0,0.0,0.0,0.0,0.0,0.0,0.4940361016451022
2021-11-19,0.5045755806651826,0.0,0.0,0.0,0.0,0.0,0.0,0.4954244193348174
2021-11-22,0.5060594284520072,0.0,0.0,0.0,0.0,0.0,0.0,0.4939405715479927
2021-11-23,0.5081779583097464,0.0,0.0,0.0,0.0,0.0,0.0,0.49182204169025356
2021-11-24,0.5076450761205781,0.0,0.0,0.0,0.0,0.0,0.0,0.49235492387942204
2021-11-26,0.49998252503489615,0.0,0.0,0.0,0.0,0.0,0.0,0.5000174749651038
2021-11-29,0.5028609067837349,0.0,0.0,0.0,0.0,0.0,0.0,0.49713909321626504
2021-11-30,0.49740320782925884,0.0,0.0,0.0,0.0,0.0,0.0,0.502596792170741
2021-12-01,0.5,0.5,0.0,0.0,0.0,0.0,0.0,0.0
2021-12-02,0.5020047127655747,0.49799528723442527,0.0,0.0,0.0,0.0,0.0,0.0
2021-12-03,0.504205171519149,0.49579482848085105,0.0,0.0,0.0,0.0,0.0,0.0
2021-12-06,0.5051532303797464,0.49484676962025365,0.0,0.0,0.0,0.0,0.0,0.0
2021-12-07,0.5028544835793547,0.4971455164206452,0.0,0.0,0.0,0.0,0.0,0.0
2021-12-08,0.5023996035836106,0.4976003964163893,0.0,0.0,0.0,0.0,0.0,0.0
2021-12-09,0.5044117484034554,0.4955882515965447,0.0,0.0,0.0,0.0,0.0,0.0
2021-12-10,0.5040512248746446,0.49594877512535535,0.0,0.0,0.0,0.0,0.0,0.0
2021-12-13,0.5054646758407865,0.4945353241592136,0.0,0.0,0.0,0.0,0.0,0.0
2021-12-14,0.506339659779704,0.49366034022029615,0.0,0.0,0.0,0.0,0.0,0.0
2021-12-15,0.5045805271724582,0.49541947282754195,0.0,0.0,0.0,0.0,0.0,0.0
2021-12-16,0.5088781405942889,0.491121859405711,0.0,0.0,0.0,0.0,0.0,0.0
2021-12-17,0.5074538878407518,0.49254611215924815,0.0,0.0,0.0,0.0,0.0,0.0
2021-12-20,0.507218324670359,0.4927816753296411,0.0,0.0,0.0,0.0,0.0,0.0
2021-12-21,0.5060859104755436,0.4939140895244564,0.0,0.0,0.0,0.0,0.0,0.0
2021-12-22,0.5055470120907103,0.4944529879092897,0.0,0.0,0.0,0.0,0.0,0.0
2021-12-23,0.505220043479866,0.49477995652013385,0.0,0.0,0.0,0.0,0.0,0.0
2021-12-27,0.5046351973426267,0.4953648026573733,0.0,0.0,0.0,0.0,0.0,0.0
2021-12-28,0.5055922210224352,0.4944077789775648,0.0,0.0,0.0,0.0,0.0,0.0
2021-12-29,0.5059490987466394,0.49405090125336054,0.0,0.0,0.0,0.0,0.0,0.0
2021-12-30,0.5060051567955006,0.49399484320449943,0.0,0.0,0.0,0.0,0.0,0.0
2021-12-31,0.506940197266928,0.493059802733072,0.0,0.0,0.0,0.0,0.0,0.0
2022-01-03,0.5,0.0,0.0,0.5,0.0,0.0,0.0,0.0
2022-01-04,0.498499655797053,0.0,0.0,0.5015003442029469,0.0,0.0,0.0,0.0
2022-01-05,0.4958595461896069,0.0,0.0,0.5041404538103931,0.0,0.0,0.0,0.0
2022-01-06,0.4968945151297764,0.0,0.0,0.5031054848702236,0.0,0.0,0.0,0.0
2022-01-07,0.4951732551434219,0.0,0.0,0.5048267448565781,0.0,0.0,0.0,0.0
2022-01-10,0.4971895025329592,0.0,0.0,0.5028104974670409,0.0,0.0,0.0,0.0
2022-01-11,0.49674812839994176,0.0,0.0,0.5032518716000582,0.0,0.0,0.0,0.0
2022-01-12,0.4949949227124161,0.0,0.0,0.5050050772875839,0.0,0.0,0.0,0.0
2022-01-13,0.49335339788984633,0.0,0.0,0.5066466021101537,0.0,0.0,0.0,0.0
2022-01-14,0.4937086568209826,0.0,0.0,0.5062913431790174,0.0,0.0,0.0,0.0
2022-01-18,0.49293978743299766,0.0,0.0,0.5070602125670023,0.0,0.0,0.0,0.0
2022-01-19,0.4905559492537862,0.0,0.0,0.5094440507462139,0.0,0.0,0.0,0.0
2022-01-20,0.48899869009551616,0.0,0.0,0.5110013099044839,0.0,0.0,0.0,0.0
2022-01-21,0.4874582390949277,0.0,0.0,0.5125417609050724,0.0,0.0,0.0,0.0
2022-01-24,0.4910173640389079,0.0,0.0,0.5089826359610921,0.0,0.0,0.0,0.0
2022-01-25,0.4894731105577808,0.0,0.0,0.5105268894422192,0.0,0.0,0.0,0.0
2022-01-26,0.4898120261296576,0.0,0.0,0.5101879738703423,0.0,0.0,0.0,0.0
2022-01-27,0.4897464406061186,0.0,0.0,0.5102535593938814,0.0,0.0,0.0,0.0
2022-01-28,0.4950404592702935,0.0,0.0,0.5049595407297066,0.0,0.0,0.0,0.0
2022-01-31,0.495882950862218,0.0,0.0,0.504117049137782,0.0,0.0,0.0,0.0
2022-02-01,0.5,0.0,0.0,0.5,0.0,0.0,0.0,0.0
2022-02-02,0.5005618770490666,0.0,0.0,0.49943812295093337,0.0,0.0,0.0,0.0
2022-02-03,0.49860256280070236,0.0,0.0,0.5013974371992976,0.0,0.0,0.0,0.0
2022-02-04,0.49918309731855204,0.0,0.0,0.5008169026814481,0.0,0.0,0.0,0.0
2022-02-07,0.497952638316112,0.0,0.0,0.502047361683888,0.0,0.0,0.0,0.0
2022-02-08,0.49872491906645233,0.0,0.0,0.5012750809335477,0.0,0.0,0.0,0.0
2022-02-09,0.49834234515325365,0.0,0.0,0.5016576548467463,0.0,0.0,0.0,0.0
2022-02-10,0.49701045413372336,0.0,0.0,0.5029895458662766,0.0,0.0,0.0,0.0
2022-02-11,0.49583440418396935,0.0,0.0,0.5041655958160306,0.0,0.0,0.0,0.0
2022-02-14,0.49663967559749134,0.0,0.0,0.5033603244025087,0.0,0.0,0.0,0.0
2022-02-15,0.4960925111447178,0.0,0.0,0.5039074888552821,0.0,0.0,0.0,0.0
2022-02-16,0.4954275080794921,0.0,0.0,0.5045724919205079,0.0,0.0,0.0,0.0
2022-02-17,0.49409565479683853,0.0,0.0,0.5059043452031615,0.0,0.0,0.0,0.0
2022-02-18,0.493531864080738,0.0,0.0,0.506468135919262,0.0,0.0,0.0,0.0
2022-02-22,0.4937732614850895,0.0,0.0,0.5062267385149104,0.0,0.0,0.0,0.0
2022-02-23,0.49135692924084584,0.0,0.0,0.5086430707591542,0.0,0.0,0.0,0.0
2022-02-24,0.4984661998205545,0.0,0.0,0.5015338001794455,0.0,0.0,0.0,0.0
2022-02-25,0.4977508241569621,0.0,0.0,0.502249175843038,0.0,0.0,0.0,0.0
2022-02-28,0.5019123689624236,0.0,0.0,0.4980876310375764,0.0,0.0,0.0,0.0
2022-03-01,0.5,0.0,0.0,0.0,0.0,0.5,0.0,0.0
2022-03-02,0.5071719972306594,0.0,0.0,0.0,0.0,0.49282800276934063,0.0,0.0
2022-03-03,0.504440724833517,0.0,0.0,0.0,0.0,0.49555927516648307,0.0,0.0
2022-03-04,0.49845046307988916,0.0,0.0,0.0,0.0,0.501549536920111,0.0,0.0
2022-03-07,0.48728421517077525,0.0,0.0,0.0,0.0,0.5127157848292248,0.0,0.0
2022-03-08,0.47864396523624514,0.0,0.0,0.0,0.0,0.5213560347637548,0.0,0.0
2022-03-09,0.49278629739973023,0.0,0.0,0.0,0.0,0.5072137026002699,0.0,0.0
2022-03-10,0.4908762390111753,0.0,0.0,0.0,0.0,0.5091237609888247,0.0,0.0
2022-03-11,0.48944084760616596,0.0,0.0,0.0,0.0,0.510559152393834,0.0,0.0
2022-03-14,0.49140339739427474,0.0,0.0,0.0,0.0,0.5085966026057254,0.0,0.0
2022-03-15,0.5015612546510042,0.0,0.0,0.0,0.0,0.4984387453489958,0.0,0.0
2022-03-16,0.5054837120120733,0.0,0.0,0.0,0.0,0.4945162879879266,0.0,0.0
2022-03-17,0.5073725296490924,0.0,0.0,0.0,0.0,0.49262747035090765,0.0,0.0
2022-03-18,0.5123010700570909,0.0,0.0,0.0,0.0,0.48769892994290914,0.0,0.0
2022-03-21,0.5103260525310409,0.0,0.0,0.0,0.0,0.48967394746895904,0.0,0.0
2022-03-22,0.5150506220710116,0.0,0.0,0.0,0.0,0.4849493779289884,0.0,0.0
2022-03-23,0.5084220871223376,0.0,0.0,0.0,0.0,0.4915779128776624,0.0,0.0
2022-03-24,0.5103533255194056,0.0,0.0,0.0,0.0,0.48964667448059446,0.0,0.0
2022-03-25,0.5125960324184615,0.0,0.0,0.0,0.0,0.4874039675815384,0.0,0.0
2022-03-28,0.5189544914699611,0.0,0.0,0.0,0.0,0.48104550853003897,0.0,0.0
2022-03-29,0.5219115385637652,0.0,0.0,0.0,0.0,0.47808846143623485,0.0,0.0
2022-03-30,0.5183672969455743,0.0,0.0,0.0,0.0,0.4816327030544257,0.0,0.0
2022-03-31,0.5143969290684497,0.0,0.0,0.0,0.0,0.48560307093155025,0.0,0.0
2022-04-01,0.5,0.0,0.0,0.0,0.0,0.5,0.0,0.0
2022-04-04,0.5009237581284108,0.0,0.0,0.0,0.0,0.4990762418715892,0.0,0.0
2022-04-05,0.4993169193248674,0.0,0.0,0.0,0.0,0.5006830806751326,0.0,0.0
2022-04-06,0.49621943707438965,0.0,0.0,0.0,0.0,0.5037805629256105,0.0,0.0
2022-04-07,0.4965315781491301,0.0,0.0,0.0,0.0,0.5034684218508698,0.0,0.0
2022-04-08,0.4943008195350067,0.0,0.0,0.0,0.0,0.5056991804649933,0.0,0.0
2022-04-11,0.48875563056714644,0.0,0.0,0.0,0.0,0.5112443694328536,0.0,0.0
2022-04-12,0.48591756620409093,0.0,0.0,0.0,0.0,0.5140824337959091,0.0,0.0
2022-04-13,0.487569251076033,0.0,0.0,0.0,0.0,0.512430748923967,0.0,0.0
2022-04-14,0.48526571617595,0.0,0.0,0.0,0.0,0.5147342838240501,0.0,0.0
2022-04-18,0.48459600592514696,0.0,0.0,0.0,0.0,0.515403994074853,0.0,0.0
2022-04-19,0.4924022181331329,0.0,0.0,0.0,0.0,0.5075977818668671,0.0,0.0
2022-04-20,0.490996426097017,0.0,0.0,0.0,0.0,0.509003573902983,0.0,0.0
2022-04-21,0.48812204153739797,0.0,0.0,0.0,0.0,0.5118779584626021,0.0,0.0
2022-04-22,0.4836124040360453,0.0,0.0,0.0,0.0,0.5163875959639548,0.0,0.0
2022-04-25,0.489586884087353,0.0,0.0,0.0,0.0,0.5104131159126469,0.0,0.0
2022-04-26,0.481865248971318,0.0,0.0,0.0,0.0,0.518134751028682,0.0,0.0
2022-04-27,0.4844606792650387,0.0,0.0,0.0,0.0,0.5155393207349613,0.0,0.0
2022-04-28,0.4893477394748758,0.0,0.0,0.0,0.0,0.5106522605251242,0.0,0.0
2022-04-29,0.4799711720486366,0.0,0.0,0.0,0.0,0.5200288279513634,0.0,0.0
2022-05-02,0.0,0.0,0.0,0.0,0.5,0.5,0.0,0.0
2022-05-03,0.0,0.0,0.0,0.0,0.5024250270291543,0.49757497297084563,0.0,0.0
2022-05-04,0.0,0.0,0.0,0.0,0.5028377122211836,0.49716228777881655,0.0,0.0
2022-05-05,0.0,0.0,0.0,0.0,0.49703488390933986,0.5029651160906602,0.0,0.0
2022-05-06,0.0,0.0,0.0,0.0,0.49363649577314733,0.5063635042268527,0.0,0.0
2022-05-09,0.0,0.0,0.0,0.0,0.4860251360281651,0.5139748639718349,0.0,0.0
2022-05-10,0.0,0.0,0.0,0.0,0.48355080288431507,0.5164491971156849,0.0,0.0
2022-05-11,0.0,0.0,0.0,0.0,0.48098668426002167,0.5190133157399783,0.0,0.0
2022-05-12,0.0,0.0,0.0,0.0,0.48678681390781964,0.5132131860921805,0.0,0.0
2022-05-13,0.0,0.0,0.0,0.0,0.49533582178133434,0.5046641782186657,0.0,0.0
2022-05-16,0.0,0.0,0.0,0.0,0.49138251482181283,0.5086174851781873,0.0,0.0
2022-05-17,0.0,0.0,0.0,0.0,0.49633892258429324,0.5036610774157068,0.0,0.0
2022-05-18,0.0,0.0,0.0,0.0,0.4888425361344002,0.5111574638655997,0.0,0.0
2022-05-19,0.0,0.0,0.0,0.0,0.4840867103820719,0.515913289617928,0.0,0.0
2022-05-20,0.0,0.0,0.0,0.0,0.48549771935709796,0.514502280642902,0.0,0.0
2022-05-23,0.0,0.0,0.0,0.0,0.48721978401582683,0.5127802159841731,0.0,0.0
2022-05-24,0.0,0.0,0.0,0.0,0.4874482580126772,0.5125517419873228,0.0,0.0
2022-05-25,0.0,0.0,0.0,0.0,0.49106880375121126,0.5089311962487887,0.0,0.0
2022-05-26,0.0,0.0,0.0,0.0,0.4918385645414906,0.5081614354585094,0.0,0.0
2022-05-27,0.0,0.0,0.0,0.0,0.49832482361679237,0.5016751763832076,0.0,0.0
2022-05-31,0.0,0.0,0.0,0.0,0.4977256389258686,0.5022743610741314,0.0,0.0
2022-06-01,0.5,0.0,0.0,0.0,0.0,0.5,0.0,0.0
2022-06-02,0.5016576085585805,0.0,0.0,0.0,0.0,0.4983423914414194,0.0,0.0
2022-06-03,0.5000716487419457,0.0,0.0,0.0,0.0,0.4999283512580544,0.0,0.0
2022-06-06,0.5019350565572366,0.0,0.0,0.0,0.0,0.4980649434427634,0.0,0.0
2022-06-07,0.5026973364788835,0.0,0.0,0.0,0.0,0.49730266352111646,0.0,0.0
2022-06-08,0.5001958498733698,0.0,0.0,0.0,0.0,0.49980415012663015,0.0,0.0
2022-06-09,0.49497555238858115,0.0,0.0,0.0,0.0,0.505024447611419,0.0,0.0
2022-06-10,0.48429365567347166,0.0,0.0,0.0,0.0,0.5157063443265284,0.0,0.0
2022-06-13,0.4813120927338353,0.0,0.0,0.0,0.0,0.5186879072661648,0.0,0.0
2022-06-14,0.48256487679743154,0.0,0.0,0.0,0.0,0.5174351232025685,0.0,0.0
2022-06-15,0.48286178016884207,0.0,0.0,0.0,0.0,0.5171382198311579,0.0,0.0
2022-06-16,0.4716762639070372,0.0,0.0,0.0,0.0,0.5283237360929628,0.0,0.0
2022-06-17,0.4742712587548495,0.0,0.0,0.0,0.0,0.5257287412451506,0.0,0.0
2022-06-21,0.48140851607563023,0.0,0.0,0.0,0.0,0.5185914839243698,0.0,0.0
2022-06-22,0.4799626886520693,0.0,0.0,0.0,0.0,0.5200373113479306,0.0,0.0
2022-06-23,0.48393319097351717,0.0,0.0,0.0,0.0,0.5160668090264827,0.0,0.0
2022-06-24,0.49200288816059073,0.0,0.0,0.0,0.0,0.5079971118394092,0.0,0.0
2022-06-27,0.49132569533722725,0.0,0.0,0.0,0.0,0.5086743046627726,0.0,0.0
2022-06-28,0.48657926784717354,0.0,0.0,0.0,0.0,0.5134207321528264,0.0,0.0
2022-06-29,0.48656730376092305,0.0,0.0,0.0,0.0,0.513432696239077,0.0,0.0
2022-06-30,0.48605217254251093,0.0,0.0,0.0,0.0,0.513947827457489,0.0,0.0
2022-07-01,0.0,0.0,0.0,0.0,0.0,0.5,0.0,0.5
2022-07-05,0.0,0.0,0.0,0.0,0.0,0.49470827935314826,0.0,0.5052917206468518
2022-07-06,0.0,0.0,0.0,0.0,0.0,0.4919573554296538,0.0,0.5080426445703462
2022-07-07,0.0,0.0,0.0,0.0,0.0,0.4921186728910822,0.0,0.5078813271089178
2022-07-08,0.0,0.0,0.0,0.0,0.0,0.4926338144665623,0.0,0.5073661855334377
2022-07-11,0.0,0.0,0.0,0.0,0.0,0.4905893485451453,0.0,0.5094106514548548
2022-07-12,0.0,0.0,0.0,0.0,0.0,0.48929776215190574,0.0,0.5107022378480943
2022-07-13,0.0,0.0,0.0,0.0,0.0,0.48862666148195777,0.0,0.5113733385180422
2022-07-14,0.0,0.0,0.0,0.0,0.0,0.4866861078720299,0.0,0.51331389212797
2022-07-15,0.0,0.0,0.0,0.0,0.0,0.4841880097747644,0.0,0.5158119902252356
2022-07-18,0.0,0.0,0.0,0.0,0.0,0.4861717509367587,0.0,0.5138282490632413
2022-07-19,0.0,0.0,0.0,0.0,0.0,0.4860711482137722,0.0,0.5139288517862278
2022-07-20,0.0,0.0,0.0,0.0,0.0,0.4839809508431281,0.0,0.5160190491568719
2022-07-21,0.0,0.0,0.0,0.0,0.0,0.48409091112638036,0.0,0.5159090888736196
2022-07-22,0.0,0.0,0.0,0.0,0.0,0.48279393579071467,0.0,0.5172060642092854
2022-07-25,0.0,0.0,0.0,0.0,0.0,0.4842279369199821,0.0,0.5157720630800179
2022-07-26,0.0,0.0,0.0,0.0,0.0,0.48397593597318617,0.0,0.5160240640268139
2022-07-27,0.0,0.0,0.0,0.0,0.0,0.4848495840444479,0.0,0.5151504159555521
2022-07-28,0.0,0.0,0.0,0.0,0.0,0.485812828062919,0.0,0.5141871719370811
2022-07-29,0.0,0.0,0.0,0.0,0.0,0.4859249720845488,0.0,0.5140750279154512
2022-08-01,0.0,0.0,0.0,0.0,0.0,0.5,0.0,0.5
2022-08-02,0.0,0.0,0.0,0.0,0.0,0.5015849498057118,0.0,0.49841505019428817
2022-08-03,0.0,0.0,0.0,0.0,0.0,0.4994910732958135,0.0,0.5005089267041865
2022-08-04,0.0,0.0,0.0,0.0,0.0,0.5031990866569804,0.0,0.4968009133430195
2022-08-05,0.0,0.0,0.0,0.0,0.0,0.5037769005483954,0.0,0.49622309945160453
2022-08-08,0.0,0.0,0.0,0.0,0.0,0.5048920250007247,0.0,0.4951079749992752
2022-08-09,0.0,0.0,0.0,0.0,0.0,0.5067816744270296,0.0,0.49321832557297046
2022-08-10,0.0,0.0,0.0,0.0,0.0,0.5037963062165387,0.0,0.4962036937834613
2022-08-11,0.0,0.0,0.0,0.0,0.0,0.5055590497252523,0.0,0.49444095027474755
2022-08-12,0.0,0.0,0.0,0.0,0.0,0.5049647981235983,0.0,0.49503520187640176
2022-08-15,0.0,0.0,0.0,0.0,0.0,0.5019024156511613,0.0,0.49809758434883855
2022-08-16,0.0,0.0,0.0,0.0,0.0,0.5024299530933469,0.0,0.497570046906653
2022-08-17,0.0,0.0,0.0,0.0,0.0,0.5031709820190977,0.0,0.4968290179809023
2022-08-18,0.0,0.0,0.0,0.0,0.0,0.5018732671901469,0.0,0.49812673280985315
2022-08-19,0.0,0.0,0.0,0.0,0.0,0.5030203109375211,0.0,0.49697968906247886
2022-08-22,0.0,0.0,0.0,0.0,0.0,0.5030412083165452,0.0,0.49695879168345475
2022-08-23,0.0,0.0,0.0,0.0,0.0,0.5045123165208562,0.0,0.4954876834791438
2022-08-24,0.0,0.0,0.0,0.0,0.0,0.5059927869005147,0.0,0.49400721309948536
2022-08-25,0.0,0.0,0.0,0.0,0.0,0.5041949193410383,0.0,0.49580508065896156
2022-08-26,0.0,0.0,0.0,0.0,0.0,0.5026410525123145,0.0,0.4973589474876855
2022-08-29,0.0,0.0,0.0,0.0,0.0,0.5046474063322364,0.0,0.49535259366776363
2022-08-30,0.0,0.0,0.0,0.0,0.0,0.5022364897566984,0.0,0.49776351024330157
2022-08-31,0.0,0.0,0.0,0.0,0.0,0.5029375810611806,0.0,0.49706241893881936
2022-09-01,0.0,0.0,0.0,0.0,0.0,0.5,0.0,0.5
2022-09-02,0.0,0.0,0.0,0.0,0.0,0.5020069078266015,0.0,0.4979930921733985
2022-09-06,0.0,0.0,0.0,0.0,0.0,0.5039563772372947,0.0,0.4960436227627053
2022-09-07,0.0,0.0,0.0,0.0,0.0,0.5030951030172349,0.0,0.496904896982765
2022-09-08,0.0,0.0,0.0,0.0,0.0,0.5021673432476694,0.0,0.49783265675233057
2022-09-09,0.0,0.0,0.0,0.0,0.0,0.5029074766818267,0.0,0.49709252331817333
2022-09-12,0.0,0.0,0.0,0.0,0.0,0.5047254451027945,0.0,0.4952745548972054
2022-09-13,0.0,0.0,0.0,0.0,0.0,0.5032611052477319,0.0,0.49673889475226796
2022-09-14,0.0,0.0,0.0,0.0,0.0,0.5011126291018383,0.0,0.4988873708981616
2022-09-15,0.0,0.0,0.0,0.0,0.0,0.49760670757497333,0.0,0.5023932924250266
2022-09-16,0.0,0.0,0.0,0.0,0.0,0.49957302839221995,0.0,0.5004269716077802
2022-09-19,0.0,0.0,0.0,0.0,0.0,0.4993456229119607,0.0,0.5006543770880392
2022-09-20,0.0,0.0,0.0,0.0,0.0,0.5004209605269463,0.0,0.4995790394730536
2022-09-21,0.0,0.0,0.0,0.0,0.0,0.5006392124442614,0.0,0.49936078755573854
2022-09-22,0.0,0.0,0.0,0.0,0.0,0.504037071189098,0.0,0.4959629288109019
2022-09-23,0.0,0.0,0.0,0.0,0.0,0.500394871375563,0.0,0.4996051286244369
2022-09-26,0.0,0.0,0.0,0.0,0.0,0.501848791188018,0.0,0.4981512088119821
2022-09-27,0.0,0.0,0.0,0.0,0.0,0.5061515136045159,0.0,0.493848486395484
2022-09-28,0.0,0.0,0.0,0.0,0.0,0.5063171542293438,0.0,0.49368284577065624
2022-09-29,0.0,0.0,0.0,0.0,0.0,0.5081355186418297,0.0,0.4918644813581703
2022-09-30,0.0,0.0,0.0,0.0,0.0,0.5087851750125512,0.0,0.4912148249874489
2022-10-03,0.0,0.0,0.0,0.0,0.0,0.5,0.0,0.5
2022-10-04,0.0,0.0,0.0,0.0,0.0,0.5024054013625984,0.0,0.49759459863740163
2022-10-05,0.0,0.0,0.0,0.0,0.0,0.502914428936206,0.0,0.4970855710637941
2022-10-06,0.0,0.0,0.0,0.0,0.0,0.5032120483761771,0.0,0.496787951623823
2022-10-07,0.0,0.0,0.0,0.0,0.0,0.502957881456392,0.0,0.497042118543608
2022-10-10,0.0,0.0,0.0,0.0,0.0,0.5013840776693324,0.0,0.49861592233066765
2022-10-11,0.0,0.0,0.0,0.0,0.0,0.5013867707344586,0.0,0.4986132292655415
2022-10-12,0.0,0.0,0.0,0.0,0.0,0.503016871548436,0.0,0.496983128451564
2022-10-13,0.0,0.0,0.0,0.0,0.0,0.5008356209480698,0.0,0.4991643790519303
2022-10-14,0.0,0.0,0.0,0.0,0.0,0.5001056536760392,0.0,0.4998943463239608
2022-10-17,0.0,0.0,0.0,0.0,0.0,0.4996309982020535,0.0,0.5003690017979465
2022-10-18,0.0,0.0,0.0,0.0,0.0,0.4986853290971304,0.0,0.5013146709028696
2022-10-19,0.0,0.0,0.0,0.0,0.0,0.4987617846175369,0.0,0.501238215382463
2022-10-20,0.0,0.0,0.0,0.0,0.0,0.5005489628554965,0.0,0.49945103714450345
2022-10-21,0.0,0.0,0.0,0.0,0.0,0.504261793399318,0.0,0.495738206600682
2022-10-24,0.0,0.0,0.0,0.0,0.0,0.5035752879665063,0.0,0.49642471203349375
2022-10-25,0.0,0.0,0.0,0.0,0.0,0.5008222956390979,0.0,0.49917770436090225
2022-10-26,0.0,0.0,0.0,0.0,0.0,0.5012694476659127,0.0,0.49873055233408714
2022-10-27,0.0,0.0,0.0,0.0,0.0,0.4997238566163201,0.0,0.50027614338368
2022-10-28,0.0,0.0,0.0,0.0,0.0,0.49664235717077676,0.0,0.5033576428292232
2022-10-31,0.0,0.0,0.0,0.0,0.0,0.49594669491210935,0.0,0.5040533050878906
2022-11-01,0.0,0.0,0.0,0.0,0.0,0.5,0.0,0.5
2022-11-02,0.0,0.0,0.0,0.0,0.0,0.4994573281576769,0.0,0.5005426718423232
2022-11-03,0.0,0.0,0.0,0.0,0.0,0.49939421506407433,0.0,0.5006057849359257
2022-11-04,0.0,0.0,0.0,0.0,0.0,0.5064574762896035,0.0,0.4935425237103966
2022-11-07,0.0,0.0,0.0,0.0,0.0,0.5063813384088082,0.0,0.4936186615911919
2022-11-08,0.0,0.0,0.0,0.0,0.0,0.511049022825529,0.0,0.48895097717447106
2022-11-09,0.0,0.0,0.0,0.0,0.0,0.5104351643485393,0.0,0.48956483565146075
2022-11-10,0.0,0.0,0.0,0.0,0.0,0.5096962895653936,0.0,0.49030371043460635
2022-11-11,0.0,0.0,0.0,0.0,0.0,0.5106718105830121,0.0,0.4893281894169879
2022-11-14,0.0,0.0,0.0,0.0,0.0,0.5124874894192442,0.0,0.4875125105807558
2022-11-15,0.0,0.0,0.0,0.0,0.0,0.5099062722316194,0.0,0.4900937277683806
2022-11-16,0.0,0.0,0.0,0.0,0.0,0.5072084999957089,0.0,0.49279150000429095
2022-11-17,0.0,0.0,0.0,0.0,0.0,0.5067281266669261,0.0,0.493271873333074
2022-11-18,0.0,0.0,0.0,0.0,0.0,0.5050226369904933,0.0,0.4949773630095067
2022-11-21,0.0,0.0,0.0,0.0,0.0,0.5039996089227174,0.0,0.49600039107728244
2022-11-22,0.0,0.0,0.0,0.0,0.0,0.5020784582583345,0.0,0.49792154174166536
2022-11-23,0.0,0.0,0.0,0.0,0.0,0.5011345069799609,0.0,0.49886549302003913
2022-11-25,0.0,0.0,0.0,0.0,0.0,0.5010937240041257,0.0,0.4989062759958744
2022-11-28,0.0,0.0,0.0,0.0,0.0,0.5009259879729189,0.0,0.4990740120270812
2022-11-29,0.0,0.0,0.0,0.0,0.0,0.5033994504611309,0.0,0.49660054953886906
2022-11-30,0.0,0.0,0.0,0.0,0.0,0.5035404188159316,0.0,0.49645958118406847
2022-12-01,0.0,0.0,0.0,0.5,0.0,0.5,0.0,0.0
2022-12-02,0.0,0.0,0.0,0.5006809512124694,0.0,0.4993190487875307,0.0,0.0
2022-12-05,0.0,0.0,0.0,0.5017005034055042,0.0,0.49829949659449585,0.0,0.0
2022-12-06,0.0,0.0,0.0,0.49989232501976705,0.0,0.5001076749802329,0.0,0.0
2022-12-07,0.0,0.0,0.0,0.49764271909461644,0.0,0.5023572809053836,0.0,0.0
2022-12-08,0.0,0.0,0.0,0.49870675726475855,0.0,0.5012932427352415,0.0,0.0
2022-12-09,0.0,0.0,0.0,0.4979718304919097,0.0,0.5020281695080904,0.0,0.0
2022-12-12,0.0,0.0,0.0,0.500791659813674,0.0,0.4992083401863259,0.0,0.0
2022-12-13,0.0,0.0,0.0,0.5000781793904701,0.0,0.4999218206095299,0.0,0.0
2022-12-14,0.0,0.0,0.0,0.5004658368598907,0.0,0.49953416314010934,0.0,0.0
2022-12-15,0.0,0.0,0.0,0.4981208222666154,0.0,0.5018791777333846,0.0,0.0
2022-12-16,0.0,0.0,0.0,0.4937467287933877,0.0,0.5062532712066123,0.0,0.0
2022-12-19,0.0,0.0,0.0,0.49384001416377815,0.0,0.5061599858362219,0.0,0.0
2022-12-20,0.0,0.0,0.0,0.49072018527757433,0.0,0.5092798147224257,0.0,0.0
2022-12-21,0.0,0.0,0.0,0.49371506271458737,0.0,0.5062849372854127,0.0,0.0
2022-12-22,0.0,0.0,0.0,0.49470706153439276,0.0,0.5052929384656073,0.0,0.0
2022-12-23,0.0,0.0,0.0,0.49483276921372416,0.0,0.5051672307862758,0.0,0.0
2022-12-27,0.0,0.0,0.0,0.4931134854355503,0.0,0.5068865145644497,0.0,0.0
2022-12-28,0.0,0.0,0.0,0.49157676809064965,0.0,0.5084232319093505,0.0,0.0
2022-12-29,0.0,0.0,0.0,0.4940937404734258,0.0,0.5059062595265742,0.0,0.0
2022-12-30,0.0,0.0,0.0,0.4903511535948942,0.0,0.5096488464051059,0.0,0.0
2023-01-03,0.0,0.0,0.0,0.0,0.0,0.5,0.0,0.5
2023-01-04,0.0,0.0,0.0,0.0,0.0,0.5005352606007231,0.0,0.49946473939927694
2023-01-05,0.0,0.0,0.0,0.0,0.0,0.49759001698795513,0.0,0.5024099830120449
2023-01-06,0.0,0.0,0.0,0.0,0.0,0.49816228628898956,0.0,0.5018377137110105
2023-01-09,0.0,0.0,0.0,0.0,0.0,0.4977349562227045,0.0,0.5022650437772954
2023-01-10,0.0,0.0,0.0,0.0,0.0,0.4995021231632627,0.0,0.5004978768367373
2023-01-11,0.0,0.0,0.0,0.0,0.0,0.49719981012683984,0.0,0.5028001898731602
2023-01-12,0.0,0.0,0.0,0.0,0.0,0.4972624445795023,0.0,0.5027375554204976
2023-01-13,0.0,0.0,0.0,0.0,0.0,0.5010583123288996,0.0,0.4989416876711005
2023-01-17,0.0,0.0,0.0,0.0,0.0,0.5003235069970879,0.0,0.499676493002912
2023-01-18,0.0,0.0,0.0,0.0,0.0,0.49669166108126717,0.0,0.5033083389187328
2023-01-19,0.0,0.0,0.0,0.0,0.0,0.5011444718770821,0.0,0.4988555281229179
2023-01-20,0.0,0.0,0.0,0.0,0.0,0.5016174123805011,0.0,0.498382587619499
2023-01-23,0.0,0.0,0.0,0.0,0.0,0.502815711042058,0.0,0.4971842889579419
2023-01-24,0.0,0.0,0.0,0.0,0.0,0.5024067820684011,0.0,0.497593217931599
2023-01-25,0.0,0.0,0.0,0.0,0.0,0.5034423531008084,0.0,0.4965576468991916
2023-01-26,0.0,0.0,0.0,0.0,0.0,0.5012584937405835,0.0,0.49874150625941654
2023-01-27,0.0,0.0,0.0,0.0,0.0,0.5016328751749358,0.0,0.49836712482506423
2023-01-30,0.0,0.0,0.0,0.0,0.0,0.5019424697125909,0.0,0.4980575302874091
2023-01-31,0.0,0.0,0.0,0.0,0.0,0.5010621327392194,0.0,0.49893786726078065
2023-02-01,0.0,0.0,0.0,0.5,0.0,0.5,0.0,0.0
2023-02-02,0.0,0.0,0.0,0.5048958648001608,0.0,0.4951041351998392,0.0,0.0
2023-02-03,0.0,0.0,0.0,0.5088793838282976,0.0,0.4911206161717024,0.0,0.0
2023-02-06,0.0,0.0,0.0,0.505793263385143,0.0,0.4942067366148571,0.0,0.0
2023-02-07,0.0,0.0,0.0,0.5076759130666155,0.0,0.4923240869333845,0.0,0.0
2023-02-08,0.0,0.0,0.0,0.505511361181447,0.0,0.49448863881855293,0.0,0.0
2023-02-09,0.0,0.0,0.0,0.507955196952358,0.0,0.492044803047642,0.0,0.0
2023-02-10,0.0,0.0,0.0,0.5063849547115089,0.0,0.49361504528849115,0.0,0.0
2023-02-13,0.0,0.0,0.0,0.5101552845036902,0.0,0.48984471549630976,0.0,0.0
2023-02-14,0.0,0.0,0.0,0.510421749854366,0.0,0.48957825014563416,0.0,0.0
2023-02-15,0.0,0.0,0.0,0.5118034586003936,0.0,0.4881965413996065,0.0,0.0
2023-02-16,0.0,0.0,0.0,0.5107767196826439,0.0,0.4892232803173562,0.0,0.0
2023-02-17,0.0,0.0,0.0,0.5106656320928725,0.0,0.4893343679071274,0.0,0.0
2023-02-21,0.0,0.0,0.0,0.5088413944442979,0.0,0.491158605555702,0.0,0.0
2023-02-22,0.0,0.0,0.0,0.5088600878541611,0.0,0.4911399121458388,0.0,0.0
2023-02-23,0.0,0.0,0.0,0.5102773561710927,0.0,0.48972264382890723,0.0,0.0
2023-02-24,0.0,0.0,0.0,0.5078821605777878,0.0,0.4921178394222123,0.0,0.0
2023-02-27,0.0,0.0,0.0,0.5098551783329996,0.0,0.49014482166700024,0.0,0.0
2023-02-28,0.0,0.0,0.0,0.5068878184944765,0.0,0.49311218150552355,0.0,0.0
2023-03-01,0.0,0.0,0.0,0.5,0.0,0.5,0.0,0.0
2023-03-02,0.0,0.0,0.0,0.5006479552216165,0.0,0.49935204477838335,0.0,0.0
2023-03-03,0.0,0.0,0.0,0.5016051692881387,0.0,0.49839483071186125,0.0,0.0
2023-03-06,0.0,0.0,0.0,0.5022336075129484,0.0,0.49776639248705157,0.0,0.0
2023-03-07,0.0,0.0,0.0,0.5024346115431163,0.0,0.49756538845688375,0.0,0.0
2023-03-08,0.0,0.0,0.0,0.5039159734498267,0.0,0.4960840265501732,0.0,0.0
2023-03-09,0.0,0.0,0.0,0.4996350742642128,0.0,0.5003649257357872,0.0,0.0
2023-03-10,0.0,0.0,0.0,0.49162206992190466,0.0,0.5083779300780953,0.0,0.0
2023-03-13,0.0,0.0,0.0,0.4842368231682905,0.0,0.5157631768317095,0.0,0.0
2023-03-14,0.0,0.0,0.0,0.48899999690398627,0.0,0.5110000030960138,0.0,0.0
2023-03-15,0.0,0.0,0.0,0.47920077502447406,0.0,0.520799224975526,0.0,0.0
2023-03-16,0.0,0.0,0.0,0.48254498759198367,0.0,0.5174550124080163,0.0,0.0
2023-03-17,0.0,0.0,0.0,0.4723936831802986,0.0,0.5276063168197014,0.0,0.0
2023-03-20,0.0,0.0,0.0,0.47616564900235714,0.0,0.5238343509976429,0.0,0.0
2023-03-21,0.0,0.0,0.0,0.48466207726141214,0.0,0.5153379227385879,0.0,0.0
2023-03-22,0.0,0.0,0.0,0.47958145576853695,0.0,0.520418544231463,0.0,0.0
2023-03-23,0.0,0.0,0.0,0.47650859552592467,0.0,0.5234914044740753,0.0,0.0
2023-03-24,0.0,0.0,0.0,0.4785717699854964,0.0,0.5214282300145037,0.0,0.0
2023-03-27,0.0,0.0,0.0,0.48324003535692045,0.0,0.5167599646430795,0.0,0.0
2023-03-28,0.0,0.0,0.0,0.4813114654566269,0.0,0.518688534543373,0.0,0.0
2023-03-29,0.0,0.0,0.0,0.4855534747292435,0.0,0.5144465252707564,0.0,0.0
2023-03-30,0.0,0.0,0.0,0.48620077154328745,0.0,0.5137992284567126,0.0,0.0
2023-03-31,0.0,0.0,0.0,0.48876718292948684,0.0,0.511232817070513,0.0,0.0
2023-04-03,0.0,0.0,0.0,0.0,0.0,0.5,0.0,0.5
2023-04-04,0.0,0.0,0.0,0.0,0.0,0.5042991041061794,0.0,0.49570089589382066
2023-04-05,0.0,0.0,0.0,0.0,0.0,0.5032833447382956,0.0,0.49671665526170444
2023-04-06,0.0,0.0,0.0,0.0,0.0,0.5017199353787587,0.0,0.49828006462124136
2023-04-10,0.0,0.0,0.0,0.0,0.0,0.5010214581989294,0.0,0.4989785418010706
2023-04-11,0.0,0.0,0.0,0.0,0.0,0.5026648859338086,0.0,0.4973351140661913
2023-04-12,0.0,0.0,0.0,0.0,0.0,0.5044073981451787,0.0,0.4955926018548213
2023-04-13,0.0,0.0,0.0,0.0,0.0,0.5073300541683949,0.0,0.4926699458316051
2023-04-14,0.0,0.0,0.0,0.0,0.0,0.5036845610134122,0.0,0.4963154389865878
2023-04-17,0.0,0.0,0.0,0.0,0.0,0.5041505877791906,0.0,0.49584941222080947
2023-04-18,0.0,0.0,0.0,0.0,0.0,0.5042923261427039,0.0,0.495707673857296
2023-04-19,0.0,0.0,0.0,0.0,0.0,0.5043357408193092,0.0,0.49566425918069074
2023-04-20,0.0,0.0,0.0,0.0,0.0,0.5043756546382742,0.0,0.4956243453617257
2023-04-21,0.0,0.0,0.0,0.0,0.0,0.5017308843093005,0.0,0.49826911569069954
2023-04-24,0.0,0.0,0.0,0.0,0.0,0.5013910676225476,0.0,0.49860893237745235
2023-04-25,0.0,0.0,0.0,0.0,0.0,0.5015657471879087,0.0,0.49843425281209125
2023-04-26,0.0,0.0,0.0,0.0,0.0,0.5012963692589368,0.0,0.4987036307410632
2023-04-27,0.0,0.0,0.0,0.0,0.0,0.5022249646175013,0.0,0.4977750353824986
2023-04-28,0.0,0.0,0.0,0.0,0.0,0.500351992430522,0.0,0.499648007569478
2023-05-01,0.0,0.0,0.0,0.5,0.0,0.5,0.0,0.0
2023-05-02,0.0,0.0,0.0,0.492692858974303,0.0,0.5073071410256971,0.0,0.0
2023-05-03,0.0,0.0,0.0,0.49123431226187486,0.0,0.5087656877381251,0.0,0.0
2023-05-04,0.0,0.0,0.0,0.4889686527603669,0.0,0.5110313472396331,0.0,0.0
2023-05-05,0.0,0.0,0.0,0.4965570161281106,0.0,0.5034429838718895,0.0,0.0
2023-05-08,0.0,0.0,0.0,0.49631815827951165,0.0,0.5036818417204884,0.0,0.0
2023-05-09,0.0,0.0,0.0,0.49353620415285077,0.0,0.5064637958471493,0.0,0.0
2023-05-10,0.0,0.0,0.0,0.4933835200366628,0.0,0.5066164799633373,0.0,0.0
2023-05-11,0.0,0.0,0.0,0.49492490022436675,0.0,0.5050750997756331,0.0,0.0
2023-05-12,0.0,0.0,0.0,0.4949088420040716,0.0,0.5050911579959285,0.0,0.0
2023-05-15,0.0,0.0,0.0,0.49628081597507934,0.0,0.5037191840249207,0.0,0.0
2023-05-16,0.0,0.0,0.0,0.4970394756642461,0.0,0.5029605243357539,0.0,0.0
2023-05-17,0.0,0.0,0.0,0.49906807154057425,0.0,0.5009319284594257,0.0,0.0
2023-05-18,0.0,0.0,0.0,0.5019572748030932,0.0,0.4980427251969069,0.0,0.0
2023-05-19,0.0,0.0,0.0,0.5009584779353474,0.0,0.4990415220646526,0.0,0.0
2023-05-22,0.0,0.0,0.0,0.5016123759102961,0.0,0.49838762408970405,0.0,0.0
2023-05-23,0.0,0.0,0.0,0.4976208242161137,0.0,0.5023791757838862,0.0,0.0
2023-05-24,0.0,0.0,0.0,0.4959690977220348,0.0,0.5040309022779652,0.0,0.0
2023-05-25,0.0,0.0,0.0,0.49803547958850286,0.0,0.5019645204114971,0.0,0.0
2023-05-26,0.0,0.0,0.0,0.4994762764664838,0.0,0.5005237235335162,0.0,0.0
2023-05-30,0.0,0.0,0.0,0.49539082490365327,0.0,0.5046091750963467,0.0,0.0
2023-05-31,0.0,0.0,0.0,0.49240283969335186,0.0,0.5075971603066483,0.0,0.0
2023-06-01,0.0,0.0,0.0,0.5,0.0,0.5,0.0,0.0
2023-06-02,0.0,0.0,0.0,0.5069347474525487,0.0,0.4930652525474513,0.0,0.0
2023-06-05,0.0,0.0,0.0,0.5039850904005752,0.0,0.4960149095994248,0.0,0.0
2023-06-06,0.0,0.0,0.0,0.5057786578210915,0.0,0.49422134217890845,0.0,0.0
2023-06-07,0.0,0.0,0.0,0.5065909285879614,0.0,0.4934090714120387,0.0,0.0
2023-06-08,0.0,0.0,0.0,0.5059408743911773,0.0,0.4940591256088227,0.0,0.0
2023-06-09,0.0,0.0,0.0,0.5061937475897017,0.0,0.4938062524102983,0.0,0.0
2023-06-12,0.0,0.0,0.0,0.5074945848786668,0.0,0.4925054151213332,0.0,0.0
2023-06-13,0.0,0.0,0.0,0.51169731654874,0.0,0.48830268345126004,0.0,0.0
2023-06-14,0.0,0.0,0.0,0.5124875818589413,0.0,0.4875124181410586,0.0,0.0
2023-06-15,0.0,0.0,0.0,0.5133665417677868,0.0,0.4866334582322132,0.0,0.0
2023-06-16,0.0,0.0,0.0,0.5132073294855783,0.0,0.48679267051442165,0.0,0.0
2023-06-20,0.0,0.0,0.0,0.5124826859346983,0.0,0.48751731406530163,0.0,0.0
2023-06-21,0.0,0.0,0.0,0.5132234852770128,0.0,0.48677651472298733,0.0,0.0
2023-06-22,0.0,0.0,0.0,0.5141585085807351,0.0,0.48584149141926497,0.0,0.0
2023-06-23,0.0,0.0,0.0,0.5095576885077154,0.0,0.49044231149228457,0.0,0.0
2023-06-26,0.0,0.0,0.0,0.509440094686707,0.0,0.49055990531329297,0.0,0.0
2023-06-27,0.0,0.0,0.0,0.5127615393346064,0.0,0.48723846066539356,0.0,0.0
2023-06-28,0.0,0.0,0.0,0.5135129516075853,0.0,0.48648704839241474,0.0,0.0
2023-06-29,0.0,0.0,0.0,0.5134322653578034,0.0,0.48656773464219655,0.0,0.0
2023-06-30,0.0,0.0,0.0,0.5148238564392976,0.0,0.4851761435607025,0.0,0.0
2023-07-03,0.5,0.0,0.0,0.5,0.0,0.0,0.0,0.0
2023-07-05,0.5024398569988509,0.0,0.0,0.49756014300114915,0.0,0.0,0.0,0.0
2023-07-06,0.5048412851499807,0.0,0.0,0.49515871485001933,0.0,0.0,0.0,0.0
2023-07-07,0.5023335382522437,0.0,0.0,0.49766646174775625,0.0,0.0,0.0,0.0
2023-07-10,0.5022613700385957,0.0,0.0,0.49773862996140433,0.0,0.0,0.0,0.0
2023-07-11,0.5016081375870469,0.0,0.0,0.49839186241295297,0.0,0.0,0.0,0.0
2023-07-12,0.49888241465492533,0.0,0.0,0.5011175853450747,0.0,0.0,0.0,0.0
2023-07-13,0.4968896912387435,0.0,0.0,0.5031103087612566,0.0,0.0,0.0,0.0
2023-07-14,0.4981514626470481,0.0,0.0,0.5018485373529518,0.0,0.0,0.0,0.0
2023-07-17,0.49932286398266673,0.0,0.0,0.5006771360173333,0.0,0.0,0.0,0.0
2023-07-18,0.49955219066787887,0.0,0.0,0.5004478093321211,0.0,0.0,0.0,0.0
2023-07-19,0.5002422042406445,0.0,0.0,0.4997577957593556,0.0,0.0,0.0,0.0
2023-07-20,0.49986151226421016,0.0,0.0,0.5001384877357898,0.0,0.0,0.0,0.0
2023-07-21,0.499354091625526,0.0,0.0,0.500645908374474,0.0,0.0,0.0,0.0
2023-07-24,0.501077476866477,0.0,0.0,0.4989225231335231,0.0,0.0,0.0,0.0
2023-07-25,0.5014881865349116,0.0,0.0,0.49851181346508844,0.0,0.0,0.0,0.0
2023-07-26,0.5008508215952576,0.0,0.0,0.4991491784047424,0.0,0.0,0.0,0.0
2023-07-27,0.4997620921155617,0.0,0.0,0.5002379078844383,0.0,0.0,0.0,0.0
2023-07-28,0.5004115238026791,0.0,0.0,0.4995884761973209,0.0,0.0,0.0,0.0
2023-07-31,0.5008198720782064,0.0,0.0,0.4991801279217935,0.0,0.0,0.0,0.0
2023-08-01,0.0,0.0,0.0,0.5,0.0,0.5,0.0,0.0
2023-08-02,0.0,0.0,0.0,0.49649237203328833,0.0,0.5035076279667118,0.0,0.0
2023-08-03,0.0,0.0,0.0,0.4958821324673434,0.0,0.5041178675326566,0.0,0.0
2023-08-04,0.0,0.0,0.0,0.49567250419344855,0.0,0.5043274958065515,0.0,0.0
2023-08-07,0.0,0.0,0.0,0.49834637103370677,0.0,0.5016536289662933,0.0,0.0
2023-08-08,0.0,0.0,0.0,0.49842053617156507,0.0,0.501579463828435,0.0,0.0
2023-08-09,0.0,0.0,0.0,0.4995437250293905,0.0,0.5004562749706095,0.0,0.0
2023-08-10,0.0,0.0,0.0,0.5008805282473184,0.0,0.49911947175268145,0.0,0.0
2023-08-11,0.0,0.0,0.0,0.4991879365175933,0.0,0.5008120634824067,0.0,0.0
2023-08-14,0.0,0.0,0.0,0.4988376389670671,0.0,0.5011623610329329,0.0,0.0
2023-08-15,0.0,0.0,0.0,0.4963844246833982,0.0,0.5036155753166017,0.0,0.0
2023-08-16,0.0,0.0,0.0,0.4957796702885931,0.0,0.5042203297114068,0.0,0.0
2023-08-17,0.0,0.0,0.0,0.4943811567715479,0.0,0.505618843228452,0.0,0.0
2023-08-18,0.0,0.0,0.0,0.4943383838181076,0.0,0.5056616161818924,0.0,0.0
2023-08-21,0.0,0.0,0.0,0.4945838651608651,0.0,0.505416134839135,0.0,0.0
2023-08-22,0.0,0.0,0.0,0.49370785568567466,0.0,0.5062921443143252,0.0,0.0
2023-08-23,0.0,0.0,0.0,0.4938803281247696,0.0,0.5061196718752304,0.0,0.0
2023-08-24,0.0,0.0,0.0,0.49048509801270096,0.0,0.509514901987299,0.0,0.0
2023-08-25,0.0,0.0,0.0,0.49248678526737766,0.0,0.5075132147326225,0.0,0.0
2023-08-28,0.0,0.0,0.0,0.4943900424501358,0.0,0.5056099575498642,0.0,0.0
2023-08-29,0.0,0.0,0.0,0.4950406549107881,0.0,0.504959345089212,0.0,0.0
2023-08-30,0.0,0.0,0.0,0.49427677521950786,0.0,0.5057232247804921,0.0,0.0
2023-08-31,0.0,0.0,0.0,0.4937164971130487,0.0,0.5062835028869513,0.0,0.0
2023-09-01,0.0,0.0,0.0,0.5,0.0,0.5,0.0,0.0
2023-09-05,0.0,0.0,0.0,0.49987120643512023,0.0,0.5001287935648798,0.0,0.0
2023-09-06,0.0,0.0,0.0,0.500477603814126,0.0,0.49952239618587396,0.0,0.0
2023-09-07,0.0,0.0,0.0,0.4993962529791868,0.0,0.5006037470208131,0.0,0.0
2023-09-08,0.0,0.0,0.0,0.49895712044646373,0.0,0.5010428795535363,0.0,0.0
2023-09-11,0.0,0.0,0.0,0.5010736196455209,0.0,0.49892638035447906,0.0,0.0
2023-09-12,0.0,0.0,0.0,0.501344632370279,0.0,0.49865536762972096,0.0,0.0
2023-09-13,0.0,0.0,0.0,0.5011450394329546,0.0,0.49885496056704526,0.0,0.0
2023-09-14,0.0,0.0,0.0,0.5042892040239432,0.0,0.4957107959760569,0.0,0.0
2023-09-15,0.0,0.0,0.0,0.5020840025216834,0.0,0.4979159974783166,0.0,0.0
2023-09-18,0.0,0.0,0.0,0.49973926452117257,0.0,0.5002607354788274,0.0,0.0
2023-09-19,0.0,0.0,0.0,0.500187115567425,0.0,0.49981288443257504,0.0,0.0
2023-09-20,0.0,0.0,0.0,0.4994080810715184,0.0,0.5005919189284815,0.0,0.0
2023-09-21,0.0,0.0,0.0,0.49703817806212647,0.0,0.5029618219378735,0.0,0.0
2023-09-22,0.0,0.0,0.0,0.496453845175369,0.0,0.503546154824631,0.0,0.0
2023-09-25,0.0,0.0,0.0,0.49663362092148317,0.0,0.5033663790785168,0.0,0.0
2023-09-26,0.0,0.0,0.0,0.49538516913469705,0.0,0.5046148308653029,0.0,0.0
2023-09-27,0.0,0.0,0.0,0.4980223552945121,0.0,0.5019776447054879,0.0,0.0
2023-09-28,0.0,0.0,0.0,0.5013085343607523,0.0,0.4986914656392477,0.0,0.0
2023-09-29,0.0,0.0,0.0,0.5031661902773631,0.0,0.49683380972263697,0.0,0.0
2023-10-02,0.0,0.0,0.0,0.5,0.0,0.5,0.0,0.0
2023-10-03,0.0,0.0,0.0,0.4975742334831502,0.0,0.5024257665168497,0.0,0.0
2023-10-04,0.0,0.0,0.0,0.4980507465836273,0.0,0.5019492534163726,0.0,0.0
2023-10-05,0.0,0.0,0.0,0.5006953393844851,0.0,0.49930466061551493,0.0,0.0
2023-10-06,0.0,0.0,0.0,0.5021619152508209,0.0,0.49783808474917907,0.0,0.0
2023-10-09,0.0,0.0,0.0,0.497242204437574,0.0,0.502757795562426,0.0,0.0
2023-10-10,0.0,0.0,0.0,0.5010733789884172,0.0,0.49892662101158286,0.0,0.0
2023-10-11,0.0,0.0,0.0,0.5002973414108223,0.0,0.4997026585891778,0.0,0.0
2023-10-12,0.0,0.0,0.0,0.4989703442573572,0.0,0.5010296557426428,0.0,0.0
2023-10-13,0.0,0.0,0.0,0.4887343831515052,0.0,0.5112656168484949,0.0,0.0
2023-10-16,0.0,0.0,0.0,0.4917724465438814,0.0,0.5082275534561187,0.0,0.0
2023-10-17,0.0,0.0,0.0,0.4914544331366307,0.0,0.5085455668633694,0.0,0.0
2023-10-18,0.0,0.0,0.0,0.4834798023361097,0.0,0.5165201976638903,0.0,0.0
2023-10-19,0.0,0.0,0.0,0.47821456013674024,0.0,0.5217854398632598,0.0,0.0
2023-10-20,0.0,0.0,0.0,0.4752959136535635,0.0,0.5247040863464365,0.0,0.0
2023-10-23,0.0,0.0,0.0,0.47632692736680005,0.0,0.5236730726332001,0.0,0.0
2023-10-24,0.0,0.0,0.0,0.4777731580003704,0.0,0.5222268419996297,0.0,0.0
2023-10-25,0.0,0.0,0.0,0.47493200097804217,0.0,0.5250679990219578,0.0,0.0
2023-10-26,0.0,0.0,0.0,0.4727332661186727,0.0,0.5272667338813272,0.0,0.0
2023-10-27,0.0,0.0,0.0,0.4690966874451599,0.0,0.53090331255484,0.0,0.0
2023-10-30,0.0,0.0,0.0,0.47366512729544635,0.0,0.5263348727045536,0.0,0.0
2023-10-31,0.0,0.0,0.0,0.47592543678403126,0.0,0.5240745632159688,0.0,0.0
2023-11-01,0.0,0.0,0.0,0.0,0.0,0.5,0.0,0.5
2023-11-02,0.0,0.0,0.0,0.0,0.0,0.49787868546702313,0.0,0.5021213145329768
2023-11-03,0.0,0.0,0.0,0.0,0.0,0.4975571759186983,0.0,0.5024428240813017
2023-11-06,0.0,0.0,0.0,0.0,0.0,0.496929638404099,0.0,0.503070361595901
2023-11-07,0.0,0.0,0.0,0.0,0.0,0.49390178228754505,0.0,0.506098217712455
2023-11-08,0.0,0.0,0.0,0.0,0.0,0.4901292380548601,0.0,0.5098707619451399
2023-11-09,0.0,0.0,0.0,0.0,0.0,0.49366667055699487,0.0,0.5063333294430051
2023-11-10,0.0,0.0,0.0,0.0,0.0,0.4896743126818504,0.0,0.5103256873181496
2023-11-13,0.0,0.0,0.0,0.0,0.0,0.4910381810954619,0.0,0.5089618189045382
2023-11-14,0.0,0.0,0.0,0.0,0.0,0.4893743858219651,0.0,0.510625614178035
2023-11-15,0.0,0.0,0.0,0.0,0.0,0.49001858098435,0.0,0.5099814190156501
2023-11-16,0.0,0.0,0.0,0.0,0.0,0.4907741340117762,0.0,0.5092258659882237
2023-11-17,0.0,0.0,0.0,0.0,0.0,0.49002767346464304,0.0,0.509972326535357
2023-11-20,0.0,0.0,0.0,0.0,0.0,0.48861585156335036,0.0,0.5113841484366496
2023-11-21,0.0,0.0,0.0,0.0,0.0,0.4912282228660483,0.0,0.5087717771339516
2023-11-22,0.0,0.0,0.0,0.0,0.0,0.4891616302098062,0.0,0.5108383697901938
2023-11-24,0.0,0.0,0.0,0.0,0.0,0.49174356524041674,0.0,0.5082564347595833
2023-11-27,0.0,0.0,0.0,0.0,0.0,0.4914014375315197,0.0,0.5085985624684803
2023-11-28,0.0,0.0,0.0,0.0,0.0,0.493719230011505,0.0,0.506280769988495
2023-11-29,0.0,0.0,0.0,0.0,0.0,0.49206883057663553,0.0,0.5079311694233644
2023-11-30,0.0,0.0,0.0,0.0,0.0,0.49233827149636816,0.0,0.5076617285036318
2023-12-01,0.5,0.0,0.0,0.0,0.0,0.5,0.0,0.0
2023-12-04,0.5041466796657477,0.0,0.0,0.0,0.0,0.4958533203342524,0.0,0.0
2023-12-05,0.5050440024376094,0.0,0.0,0.0,0.0,0.49495599756239067,0.0,0.0
2023-12-06,0.5031146020536832,0.0,0.0,0.0,0.0,0.49688539794631675,0.0,0.0
2023-12-07,0.5046026411796792,0.0,0.0,0.0,0.0,0.4953973588203207,0.0,0.0
2023-12-08,0.5090317987186375,0.0,0.0,0.0,0.0,0.4909682012813624,0.0,0.0
2023-12-11,0.5127766010750544,0.0,0.0,0.0,0.0,0.48722339892494565,0.0,0.0
2023-12-12,0.5140510764310817,0.0,0.0,0.0,0.0,0.4859489235689183,0.0,0.0
2023-12-13,0.5118985544538601,0.0,0.0,0.0,0.0,0.4881014455461398,0.0,0.0
2023-12-14,0.5112386141594374,0.0,0.0,0.0,0.0,0.48876138584056256,0.0,0.0
2023-12-15,0.5131277308613581,0.0,0.0,0.0,0.0,0.4868722691386419,0.0,0.0
2023-12-18,0.5133960766976636,0.0,0.0,0.0,0.0,0.48660392330233637,0.0,0.0
2023-12-19,0.513214133108668,0.0,0.0,0.0,0.0,0.4867858668913319,0.0,0.0
2023-12-20,0.5110920574424854,0.0,0.0,0.0,0.0,0.4889079425575145,0.0,0.0
2023-12-21,0.5116895738808585,0.0,0.0,0.0,0.0,0.48831042611914155,0.0,0.0
2023-12-22,0.511085659729793,0.0,0.0,0.0,0.0,0.488914340270207,0.0,0.0
2023-12-26,0.5102415210652994,0.0,0.0,0.0,0.0,0.4897584789347006,0.0,0.0
2023-12-27,0.5095615067839014,0.0,0.0,0.0,0.0,0.49043849321609845,0.0,0.0
2023-12-28,0.5111133253828591,0.0,0.0,0.0,0.0,0.48888667461714086,0.0,0.0
2023-12-29,0.51078072708809,0.0,0.0,0.0,0.0,0.48921927291191,0.0,0.0
2024-01-02,0.5,0.5,0.0,0.0,0.0,0.0,0.0,0.0
2024-01-03,0.5006094632451505,0.4993905367548494,0.0,0.0,0.0,0.0,0.0,0.0
2024-01-04,0.5010928189857724,0.49890718101422754,0.0,0.0,0.0,0.0,0.0,0.0
2024-01-05,0.5011386383994033,0.49886136160059674,0.0,0.0,0.0,0.0,0.0,0.0
2024-01-08,0.4995680890796891,0.5004319109203109,0.0,0.0,0.0,0.0,0.0,0.0
2024-01-09,0.49869512367293306,0.501304876327067,0.0,0.0,0.0,0.0,0.0,0.0
2024-01-10,0.49841631843281753,0.5015836815671824,0.0,0.0,0.0,0.0,0.0,0.0
2024-01-11,0.4977865257807366,0.5022134742192633,0.0,0.0,0.0,0.0,0.0,0.0
2024-01-12,0.4978314083797234,0.5021685916202766,0.0,0.0,0.0,0.0,0.0,0.0
2024-01-16,0.4969363889493337,0.5030636110506663,0.0,0.0,0.0,0.0,0.0,0.0
2024-01-17,0.496957034548229,0.503042965451771,0.0,0.0,0.0,0.0,0.0,0.0
2024-01-18,0.49564684238930334,0.5043531576106967,0.0,0.0,0.0,0.0,0.0,0.0
2024-01-19,0.4938351068060886,0.5061648931939114,0.0,0.0,0.0,0.0,0.0,0.0
2024-01-22,0.49403682260904624,0.5059631773909538,0.0,0.0,0.0,0.0,0.0,0.0
2024-01-23,0.49372969919465354,0.5062703008053464,0.0,0.0,0.0,0.0,0.0,0.0
2024-01-24,0.49261954294500176,0.5073804570549982,0.0,0.0,0.0,0.0,0.0,0.0
2024-01-25,0.4936703041910458,0.5063296958089541,0.0,0.0,0.0,0.0,0.0,0.0
2024-01-26,0.4948462064160326,0.5051537935839674,0.0,0.0,0.0,0.0,0.0,0.0
2024-01-29,0.49427121689173026,0.5057287831082697,0.0,0.0,0.0,0.0,0.0,0.0
2024-01-30,0.49574732138676414,0.5042526786132359,0.0,0.0,0.0,0.0,0.0,0.0
2024-01-31,0.49657941260114447,0.5034205873988555,0.0,0.0,0.0,0.0,0.0,0.0
2024-02-01,0.5,0.5,0.0,0.0,0.0,0.0,0.0,0.0
2024-02-02,0.49842829835002056,0.5015717016499794,0.0,0.0,0.0,0.0,0.0,0.0
2024-02-05,0.4978428764011052,0.5021571235988948,0.0,0.0,0.0,0.0,0.0,0.0
2024-02-06,0.4990699810873427,0.5009300189126573,0.0,0.0,0.0,0.0,0.0,0.0
2024-02-07,0.4985870162932838,0.5014129837067162,0.0,0.0,0.0,0.0,0.0,0.0
2024-02-08,0.49823484193067946,0.5017651580693206,0.0,0.0,0.0,0.0,0.0,0.0
2024-02-09,0.4972267943039138,0.5027732056960862,0.0,0.0,0.0,0.0,0.0,0.0
2024-02-12,0.4980971043971269,0.5019028956028732,0.0,0.0,0.0,0.0,0.0,0.0
2024-02-13,0.49855990143572393,0.5014400985642761,0.0,0.0,0.0,0.0,0.0,0.0
2024-02-14,0.49811199598314077,0.5018880040168592,0.0,0.0,0.0,0.0,0.0,0.0
2024-02-15,0.49908767725286896,0.500912322747131,0.0,0.0,0.0,0.0,0.0,0.0
2024-02-16,0.5001168494201235,0.4998831505798765,0.0,0.0,0.0,0.0,0.0,0.0
2024-02-20,0.5006308452437123,0.49936915475628774,0.0,0.0,0.0,0.0,0.0,0.0
2024-02-21,0.5018596280511097,0.4981403719488903,0.0,0.0,0.0,0.0,0.0,0.0
2024-02-22,0.49976689768732435,0.5002331023126756,0.0,0.0,0.0,0.0,0.0,0.0
2024-02-23,0.5006764769041306,0.4993235230958694,0.0,0.0,0.0,0.0,0.0,0.0
2024-02-26,0.4998908936401279,0.500109106359872,0.0,0.0,0.0,0.0,0.0,0.0
2024-02-27,0.4997542648607831,0.5002457351392169,0.0,0.0,0.0,0.0,0.0,0.0
2024-02-28,0.5007583353194665,0.49924166468053366,0.0,0.0,0.0,0.0,0.0,0.0
2024-02-29,0.4995222389382484,0.5004777610617517,0.0,0.0,0.0,0.0,0.0,0.0
2024-03-01,0.5,0.5,0.0,0.0,0.0,0.0,0.0,0.0
2024-03-04,0.5006253806563417,0.4993746193436584,0.0,0.0,0.0,0.0,0.0,0.0
2024-03-05,0.5026424459656144,0.49735755403438564,0.0,0.0,0.0,0.0,0.0,0.0
2024-03-06,0.5023399923756845,0.4976600076243155,0.0,0.0,0.0,0.0,0.0,0.0
2024-03-07,0.5010434318923501,0.4989565681076499,0.0,0.0,0.0,0.0,0.0,0.0
2024-03-08,0.5031732837056907,0.49682671629430925,0.0,0.0,0.0,0.0,0.0,0.0
2024-03-11,0.503888087068161,0.496111912931839,0.0,0.0,0.0,0.0,0.0,0.0
2024-03-12,0.5030048010272333,0.49699519897276667,0.0,0.0,0.0,0.0,0.0,0.0
2024-03-13,0.5045415115494531,0.49545848845054685,0.0,0.0,0.0,0.0,0.0,0.0
2024-03-14,0.5046779361338355,0.49532206386616445,0.0,0.0,0.0,0.0,0.0,0.0
2024-03-15,0.5059447150839029,0.49405528491609707,0.0,0.0,0.0,0.0,0.0,0.0
2024-03-18,0.5050531323508008,0.4949468676491992,0.0,0.0,0.0,0.0,0.0,0.0
2024-03-19,0.5058163872741103,0.49418361272588984,0.0,0.0,0.0,0.0,0.0,0.0
2024-03-20,0.5051714692215208,0.49482853077847916,0.0,0.0,0.0,0.0,0.0,0.0
2024-03-21,0.50481603586966,0.4951839641303401,0.0,0.0,0.0,0.0,0.0,0.0
2024-03-22,0.5040558889369935,0.4959441110630065,0.0,0.0,0.0,0.0,0.0,0.0
2024-03-25,0.504273139482101,0.4957268605178991,0.0,0.0,0.0,0.0,0.0,0.0
2024-03-26,0.5046217049576028,0.49537829504239705,0.0,0.0,0.0,0.0,0.0,0.0
2024-03-27,0.5058636438434472,0.49413635615655277,0.0,0.0,0.0,0.0,0.0,0.0
2024-03-28,0.5062770968929532,0.4937229031070468,0.0,0.0,0.0,0.0,0.0,0.0
2024-04-01,0.5,0.5,0.0,0.0,0.0,0.0,0.0,0.0
2024-04-02,0.5005723517892126,0.49942764821078744,0.0,0.0,0.0,0.0,0.0,0.0
2024-04-03,0.500286350752412,0.4997136492475879,0.0,0.0,0.0,0.0,0.0,0.0
2024-04-04,0.5010682924824954,0.4989317075175046,0.0,0.0,0.0,0.0,0.0,0.0
2024-04-05,0.5007376589401589,0.4992623410598412,0.0,0.0,0.0,0.0,0.0,0.0
2024-04-08,0.5008037107469784,0.49919628925302156,0.0,0.0,0.0,0.0,0.0,0.0
2024-04-09,0.5001695668091793,0.49983043319082077,0.0,0.0,0.0,0.0,0.0,0.0
2024-04-10,0.49984532164265094,0.5001546783573491,0.0,0.0,0.0,0.0,0.0,0.0
2024-04-11,0.4977645427885087,0.5022354572114913,0.0,0.0,0.0,0.0,0.0,0.0
2024-04-12,0.49830725836571416,0.5016927416342859,0.0,0.0,0.0,0.0,0.0,0.0
2024-04-15,0.4993024038884369,0.5006975961115631,0.0,0.0,0.0,0.0,0.0,0.0
2024-04-16,0.4988228464893404,0.5011771535106596,0.0,0.0,0.0,0.0,0.0,0.0
2024-04-17,0.500407963145255,0.499592036854745,0.0,0.0,0.0,0.0,0.0,0.0
2024-04-18,0.5013236929521754,0.4986763070478246,0.0,0.0,0.0,0.0,0.0,0.0
2024-04-19,0.5043584343979172,0.4956415656020828,0.0,0.0,0.0,0.0,0.0,0.0
2024-04-22,0.5041486506485557,0.4958513493514442,0.0,0.0,0.0,0.0,0.0,0.0
2024-04-23,0.5033946940848623,0.4966053059151378,0.0,0.0,0.0,0.0,0.0,0.0
2024-04-24,0.5024305042140286,0.4975694957859714,0.0,0.0,0.0,0.0,0.0,0.0
2024-04-25,0.5026894213101153,0.4973105786898847,0.0,0.0,0.0,0.0,0.0,0.0
2024-04-26,0.5012182798646092,0.49878172013539085,0.0,0.0,0.0,0.0,0.0,0.0
2024-04-29,0.501089101821881,0.49891089817811896,0.0,0.0,0.0,0.0,0.0,0.0
2024-04-30,0.5018560702309818,0.49814392976901817,0.0,0.0,0.0,0.0,0.0,0.0
2024-05-01,0.5,0.5,0.0,0.0,0.0,0.0,0.0,0.0
2024-05-02,0.4991568362263088,0.5008431637736912,0.0,0.0,0.0,0.0,0.0,0.0
2024-05-03,0.4972618565543352,0.5027381434456648,0.0,0.0,0.0,0.0,0.0,0.0
2024-05-06,0.4971068559403972,0.5028931440596028,0.0,0.0,0.0,0.0,0.0,0.0
2024-05-07,0.49734283176303246,0.5026571682369676,0.0,0.0,0.0,0.0,0.0,0.0
2024-05-08,0.4975146597765443,0.5024853402234556,0.0,0.0,0.0,0.0,0.0,0.0
2024-05-09,0.4984061668923912,0.5015938331076087,0.0,0.0,0.0,0.0,0.0,0.0
2024-05-10,0.49813917924851836,0.5018608207514816,0.0,0.0,0.0,0.0,0.0,0.0
2024-05-13,0.4975965822786653,0.5024034177213346,0.0,0.0,0.0,0.0,0.0,0.0
2024-05-14,0.49713811559078663,0.5028618844092134,0.0,0.0,0.0,0.0,0.0,0.0
2024-05-15,0.4963375206522143,0.5036624793477857,0.0,0.0,0.0,0.0,0.0,0.0
2024-05-16,0.4963309576940614,0.5036690423059387,0.0,0.0,0.0,0.0,0.0,0.0
2024-05-17,0.4968117139853958,0.5031882860146042,0.0,0.0,0.0,0.0,0.0,0.0
2024-05-20,0.4953626222230367,0.5046373777769634,0.0,0.0,0.0,0.0,0.0,0.0
2024-05-21,0.49548634723390045,0.5045136527660997,0.0,0.0,0.0,0.0,0.0,0.0
2024-05-22,0.4948149440611044,0.5051850559388956,0.0,0.0,0.0,0.0,0.0,0.0
2024-05-23,0.4941093398316898,0.5058906601683102,0.0,0.0,0.0,0.0,0.0,0.0
2024-05-24,0.49340520015155853,0.5065947998484416,0.0,0.0,0.0,0.0,0.0,0.0
2024-05-28,0.49263736455962986,0.5073626354403702,0.0,0.0,0.0,0.0,0.0,0.0
2024-05-29,0.49264886888430015,0.5073511311156998,0.0,0.0,0.0,0.0,0.0,0.0
2024-05-30,0.49367755998556345,0.5063224400144366,0.0,0.0,0.0,0.0,0.0,0.0
2024-05-31,0.4964094433614342,0.5035905566385657,0.0,0.0,0.0,0.0,0.0,0.0
2024-06-03,0.5,0.5,0.0,0.0,0.0,0.0,0.0,0.0
2024-06-04,0.49959613014856075,0.5004038698514393,0.0,0.0,0.0,0.0,0.0,0.0
2024-06-05,0.4975600924618783,0.5024399075381217,0.0,0.0,0.0,0.0,0.0,0.0
2024-06-06,0.49764168867308356,0.5023583113269163,0.0,0.0,0.0,0.0,0.0,0.0
2024-06-07,0.49755889064573305,0.5024411093542669,0.0,0.0,0.0,0.0,0.0,0.0
2024-06-10,0.49732240690937335,0.5026775930906267,0.0,0.0,0.0,0.0,0.0,0.0
2024-06-11,0.49621397440596016,0.5037860255940397,0.0,0.0,0.0,0.0,0.0,0.0
2024-06-12,0.4950057983275274,0.5049942016724726,0.0,0.0,0.0,0.0,0.0,0.0
2024-06-13,0.49415735614486644,0.5058426438551336,0.0,0.0,0.0,0.0,0.0,0.0
2024-06-14,0.4930176202204494,0.5069823797795505,0.0,0.0,0.0,0.0,0.0,0.0
2024-06-17,0.49195591802567173,0.5080440819743283,0.0,0.0,0.0,0.0,0.0,0.0
2024-06-18,0.4925128358898998,0.5074871641101002,0.0,0.0,0.0,0.0,0.0,0.0
2024-06-20,0.4937669614139724,0.5062330385860275,0.0,0.0,0.0,0.0,0.0,0.0
2024-06-21,0.49410225252950385,0.5058977474704961,0.0,0.0,0.0,0.0,0.0,0.0
2024-06-24,0.49615056900098126,0.5038494309990187,0.0,0.0,0.0,0.0,0.0,0.0
2024-06-25,0.49426891361533193,0.505731086384668,0.0,0.0,0.0,0.0,0.0,0.0
2024-06-26,0.49406501275595716,0.505934987244043,0.0,0.0,0.0,0.0,0.0,0.0
2024-06-27,0.49381436522250693,0.5061856347774932,0.0,0.0,0.0,0.0,0.0,0.0
2024-06-28,0.4941297128611452,0.5058702871388548,0.0,0.0,0.0,0.0,0.0,0.0
2024-07-01,0.5,0.5,0.0,0.0,0.0,0.0,0.0,0.0
2024-07-02,0.4990654973245683,0.5009345026754317,0.0,0.0,0.0,0.0,0.0,0.0
2024-07-03,0.49810317334354826,0.5018968266564517,0.0,0.0,0.0,0.0,0.0,0.0
2024-07-05,0.49694741341937243,0.5030525865806275,0.0,0.0,0.0,0.0,0.0,0.0
2024-07-08,0.4966418639094147,0.5033581360905853,0.0,0.0,0.0,0.0,0.0,0.0
2024-07-09,0.49666886276563266,0.5033311372343674,0.0,0.0,0.0,0.0,0.0,0.0
2024-07-10,0.496537342855133,0.5034626571448672,0.0,0.0,0.0,0.0,0.0,0.0
2024-07-11,0.49991590257807933,0.5000840974219206,0.0,0.0,0.0,0.0,0.0,0.0
2024-07-12,0.5000233838134595,0.4999766161865405,0.0,0.0,0.0,0.0,0.0,0.0
2024-07-15,0.5000389261325393,0.49996107386746064,0.0,0.0,0.0,0.0,0.0,0.0
2024-07-16,0.5014213002169935,0.4985786997830065,0.0,0.0,0.0,0.0,0.0,0.0
2024-07-17,0.5053396586272064,0.49466034137279363,0.0,0.0,0.0,0.0,0.0,0.0
2024-07-18,0.5045970389329084,0.49540296106709164,0.0,0.0,0.0,0.0,0.0,0.0
2024-07-19,0.5051570338650236,0.4948429661349763,0.0,0.0,0.0,0.0,0.0,0.0
2024-07-22,0.5040244801951891,0.49597551980481086,0.0,0.0,0.0,0.0,0.0,0.0
2024-07-23,0.5045146845533298,0.49548531544667024,0.0,0.0,0.0,0.0,0.0,0.0
2024-07-24,0.5079156717104808,0.49208432828951926,0.0,0.0,0.0,0.0,0.0,0.0
2024-07-25,0.5093815453177138,0.49061845468228604,0.0,0.0,0.0,0.0,0.0,0.0
2024-07-26,0.5096148203723974,0.4903851796276026,0.0,0.0,0.0,0.0,0.0,0.0
2024-07-29,0.5092602521889483,0.4907397478110517,0.0,0.0,0.0,0.0,0.0,0.0
2024-07-30,0.5114460947317478,0.48855390526825226,0.0,0.0,0.0,0.0,0.0,0.0
2024-07-31,0.5081871992751804,0.49181280072481964,0.0,0.0,0.0,0.0,0.0,0.0
2024-08-01,0.5,0.0,0.0,0.0,0.0,0.5,0.0,0.0
2024-08-02,0.49577821921272575,0.0,0.0,0.0,0.0,0.5042217807872743,0.0,0.0
2024-08-05,0.49158314506572476,0.0,0.0,0.0,0.0,0.5084168549342752,0.0,0.0
2024-08-06,0.49588501052760064,0.0,0.0,0.0,0.0,0.5041149894723994,0.0,0.0
2024-08-07,0.49437845745130626,0.0,0.0,0.0,0.0,0.5056215425486937,0.0,0.0
2024-08-08,0.4962003130224749,0.0,0.0,0.0,0.0,0.5037996869775252,0.0,0.0
2024-08-09,0.49668727698694787,0.0,0.0,0.0,0.0,0.5033127230130521,0.0,0.0
2024-08-12,0.4925691686946265,0.0,0.0,0.0,0.0,0.5074308313053735,0.0,0.0
2024-08-13,0.4970300222245946,0.0,0.0,0.0,0.0,0.5029699777754053,0.0,0.0
2024-08-14,0.4998647327790237,0.0,0.0,0.0,0.0,0.5001352672209763,0.0,0.0
2024-08-15,0.5033299475841562,0.0,0.0,0.0,0.0,0.496670052415844,0.0,0.0
2024-08-16,0.49835467538131384,0.0,0.0,0.0,0.0,0.5016453246186862,0.0,0.0
2024-08-19,0.5011435707440648,0.0,0.0,0.0,0.0,0.4988564292559352,0.0,0.0
2024-08-20,0.49982085095054435,0.0,0.0,0.0,0.0,0.5001791490494556,0.0,0.0
2024-08-21,0.5010121219297746,0.0,0.0,0.0,0.0,0.4989878780702254,0.0,0.0
2024-08-22,0.5020540526540902,0.0,0.0,0.0,0.0,0.49794594734590975,0.0,0.0
2024-08-23,0.5018245997876508,0.0,0.0,0.0,0.0,0.4981754002123491,0.0,0.0
2024-08-26,0.5004318750651475,0.0,0.0,0.0,0.0,0.4995681249348525,0.0,0.0
2024-08-27,0.5000991683303777,0.0,0.0,0.0,0.0,0.49990083166962235,0.0,0.0
2024-08-28,0.5004064967852039,0.0,0.0,0.0,0.0,0.49959350321479606,0.0,0.0
2024-08-29,0.4991377793836345,0.0,0.0,0.0,0.0,0.5008622206163654,0.0,0.0
2024-08-30,0.5033007905827098,0.0,0.0,0.0,0.0,0.4966992094172903,0.0,0.0
2024-09-03,0.5,0.0,0.0,0.0,0.0,0.5,0.0,0.0
2024-09-04,0.49933581005983607,0.0,0.0,0.0,0.0,0.5006641899401639,0.0,0.0
2024-09-05,0.4966526524957069,0.0,0.0,0.0,0.0,0.503347347504293,0.0,0.0
2024-09-06,0.4942670716788846,0.0,0.0,0.0,0.0,0.5057329283211155,0.0,0.0
2024-09-09,0.4960010897989748,0.0,0.0,0.0,0.0,0.5039989102010254,0.0,0.0
2024-09-10,0.4959890794828535,0.0,0.0,0.0,0.0,0.5040109205171466,0.0,0.0
2024-09-11,0.4989386024777584,0.0,0.0,0.0,0.0,0.5010613975222417,0.0,0.0
2024-09-12,0.4966819524279058,0.0,0.0,0.0,0.0,0.5033180475720942,0.0,0.0
2024-09-13,0.49551064529293154,0.0,0.0,0.0,0.0,0.5044893547070683,0.0,0.0
2024-09-16,0.4959005668969791,0.0,0.0,0.0,0.0,0.5040994331030209,0.0,0.0
2024-09-17,0.4973891748723286,0.0,0.0,0.0,0.0,0.5026108251276715,0.0,0.0
2024-09-18,0.4985816494650344,0.0,0.0,0.0,0.0,0.5014183505349656,0.0,0.0
2024-09-19,0.49895646543538713,0.0,0.0,0.0,0.0,0.5010435345646128,0.0,0.0
2024-09-20,0.49536642890610244,0.0,0.0,0.0,0.0,0.5046335710938975,0.0,0.0
2024-09-23,0.49550574540308046,0.0,0.0,0.0,0.0,0.5044942545969197,0.0,0.0
2024-09-24,0.4927523488433415,0.0,0.0,0.0,0.0,0.5072476511566586,0.0,0.0
2024-09-25,0.4925460414946457,0.0,0.0,0.0,0.0,0.5074539585053544,0.0,0.0
2024-09-26,0.4922668181968535,0.0,0.0,0.0,0.0,0.5077331818031466,0.0,0.0
2024-09-27,0.49389556798159556,0.0,0.0,0.0,0.0,0.5061044320184045,0.0,0.0
2024-09-30,0.49690296159610453,0.0,0.0,0.0,0.0,0.5030970384038954,0.0,0.0
2024-10-01,0.5,0.0,0.0,0.0,0.0,0.5,0.0,0.0
2024-10-02,0.5000546743837185,0.0,0.0,0.0,0.0,0.4999453256162813,0.0,0.0
2024-10-03,0.4997702082214473,0.0,0.0,0.0,0.0,0.5002297917785526,0.0,0.0
2024-10-04,0.5025313214859497,0.0,0.0,0.0,0.0,0.4974686785140504,0.0,0.0
2024-10-07,0.5011092933245531,0.0,0.0,0.0,0.0,0.49889070667544694,0.0,0.0
2024-10-08,0.5053122230734501,0.0,0.0,0.0,0.0,0.4946877769265498,0.0,0.0
2024-10-09,0.5084025203188378,0.0,0.0,0.0,0.0,0.491597479681162,0.0,0.0
2024-10-10,0.5061361443863008,0.0,0.0,0.0,0.0,0.4938638556136992,0.0,0.0
2024-10-11,0.5049152406056718,0.0,0.0,0.0,0.0,0.4950847593943282,0.0,0.0
2024-10-14,0.5073588871015077,0.0,0.0,0.0,0.0,0.4926411128984922,0.0,0.0
2024-10-15,0.5045436765644473,0.0,0.0,0.0,0.0,0.49545632343555274,0.0,0.0
2024-10-16,0.5043806049379018,0.0,0.0,0.0,0.0,0.4956193950620981,0.0,0.0
2024-10-17,0.50290959790381,0.0,0.0,0.0,0.0,0.49709040209619004,0.0,0.0
2024-10-18,0.5012288707008432,0.0,0.0,0.0,0.0,0.4987711292991568,0.0,0.0
2024-10-21,0.5008677152998802,0.0,0.0,0.0,0.0,0.49913228470011967,0.0,0.0
2024-10-22,0.4980525516668795,0.0,0.0,0.0,0.0,0.5019474483331204,0.0,0.0
2024-10-23,0.4987886147398768,0.0,0.0,0.0,0.0,0.5012113852601231,0.0,0.0
2024-10-24,0.4974127631837097,0.0,0.0,0.0,0.0,0.5025872368162903,0.0,0.0
2024-10-25,0.496812755681153,0.0,0.0,0.0,0.0,0.503187244318847,0.0,0.0
2024-10-28,0.49757451156393206,0.0,0.0,0.0,0.0,0.5024254884360679,0.0,0.0
2024-10-29,0.495269900614884,0.0,0.0,0.0,0.0,0.504730099385116,0.0,0.0
2024-10-30,0.4931400174893864,0.0,0.0,0.0,0.0,0.5068599825106136,0.0,0.0
2024-10-31,0.49209494280537414,0.0,0.0,0.0,0.0,0.5079050571946258,0.0,0.0
2024-11-01,0.5,0.0,0.0,0.0,0.0,0.5,0.0,0.0
2024-11-04,0.49910467003390346,0.0,0.0,0.0,0.0,0.5008953299660964,0.0,0.0
2024-11-05,0.5015465368496058,0.0,0.0,0.0,0.0,0.4984534631503942,0.0,0.0
2024-11-06,0.5153965426811365,0.0,0.0,0.0,0.0,0.4846034573188635,0.0,0.0
2024-11-07,0.5133366598314766,0.0,0.0,0.0,0.0,0.48666334016852336,0.0,0.0
2024-11-08,0.5161129321982639,0.0,0.0,0.0,0.0,0.48388706780173596,0.0,0.0
2024-11-11,0.5222796737551418,0.0,0.0,0.0,0.0,0.4777203262448581,0.0,0.0
2024-11-12,0.5236662053103496,0.0,0.0,0.0,0.0,0.4763337946896504,0.0,0.0
2024-11-13,0.526314064695591,0.0,0.0,0.0,0.0,0.473685935304409,0.0,0.0
2024-11-14,0.5253570564277388,0.0,0.0,0.0,0.0,0.47464294357226117,0.0,0.0
2024-11-15,0.5225840115442312,0.0,0.0,0.0,0.0,0.4774159884557688,0.0,0.0
2024-11-18,0.5189022416543632,0.0,0.0,0.0,0.0,0.48109775834563684,0.0,0.0
2024-11-19,0.5175863286797973,0.0,0.0,0.0,0.0,0.4824136713202028,0.0,0.0
2024-11-20,0.516268471743292,0.0,0.0,0.0,0.0,0.483731528256708,0.0,0.0
2024-11-21,0.5155314358262779,0.0,0.0,0.0,0.0,0.48446856417372214,0.0,0.0
2024-11-22,0.5131046338101075,0.0,0.0,0.0,0.0,0.48689536618989243,0.0,0.0
2024-11-25,0.5214165468068547,0.0,0.0,0.0,0.0,0.4785834531931453,0.0,0.0
2024-11-26,0.5222328050164127,0.0,0.0,0.0,0.0,0.4777671949835873,0.0,0.0
2024-11-27,0.5209215083843983,0.0,0.0,0.0,0.0,0.4790784916156017,0.0,0.0
2024-11-29,0.5203239197294226,0.0,0.0,0.0,0.0,0.47967608027057734,0.0,0.0
2024-12-02,0.5,0.0,0.0,0.0,0.0,0.0,0.0,0.5
2024-12-03,0.5010010834141212,0.0,0.0,0.0,0.0,0.0,0.0,0.4989989165858788
2024-12-04,0.5013464295155554,0.0,0.0,0.0,0.0,0.0,0.0,0.49865357048444475
2024-12-05,0.5010025952693182,0.0,0.0,0.0,0.0,0.0,0.0,0.4989974047306816
2024-12-06,0.5009108793309056,0.0,0.0,0.0,0.0,0.0,0.0,0.49908912066909433
2024-12-09,0.5002532979061615,0.0,0.0,0.0,0.0,0.0,0.0,0.4997467020938385
2024-12-10,0.4998599511988608,0.0,0.0,0.0,0.0,0.0,0.0,0.5001400488011393
2024-12-11,0.5024663719930861,0.0,0.0,0.0,0.0,0.0,0.0,0.497533628006914
2024-12-12,0.502588573270728,0.0,0.0,0.0,0.0,0.0,0.0,0.497411426729272
2024-12-13,0.5039375970496167,0.0,0.0,0.0,0.0,0.0,0.0,0.4960624029503831
2024-12-16,0.5046810541945164,0.0,0.0,0.0,0.0,0.0,0.0,0.4953189458054836
2024-12-17,0.5036260883297841,0.0,0.0,0.0,0.0,0.0,0.0,0.49637391167021594
2024-12-18,0.4991808242934369,0.0,0.0,0.0,0.0,0.0,0.0,0.5008191757065631
2024-12-19,0.5004610461947618,0.0,0.0,0.0,0.0,0.0,0.0,0.49953895380523833
2024-12-20,0.5024624910870252,0.0,0.0,0.0,0.0,0.0,0.0,0.49753750891297466
2024-12-23,0.5046805292905369,0.0,0.0,0.0,0.0,0.0,0.0,0.4953194707094631
2024-12-24,0.506671459218694,0.0,0.0,0.0,0.0,0.0,0.0,0.49332854078130595
2024-12-26,0.5064546363297845,0.0,0.0,0.0,0.0,0.0,0.0,0.4935453636702155
2024-12-27,0.5048618364084497,0.0,0.0,0.0,0.0,0.0,0.0,0.4951381635915502
2024-12-30,0.5009167424082469,0.0,0.0,0.0,0.0,0.0,0.0,0.49908325759175315
2024-12-31,0.5006365851230148,0.0,0.0,0.0,0.0,0.0,0.0,0.4993634148769852
2025-01-02,0.5,0.0,0.0,0.0,0.0,0.5,0.0,0.0
2025-01-03,0.505080094824746,0.0,0.0,0.0,0.0,0.494919905175254,0.0,0.0
2025-01-06,0.5068240829725236,0.0,0.0,0.0,0.0,0.4931759170274764,0.0,0.0
2025-01-07,0.5025779578193272,0.0,0.0,0.0,0.0,0.4974220421806727,0.0,0.0
2025-01-08,0.501617568868023,0.0,0.0,0.0,0.0,0.49838243113197694,0.0,0.0
2025-01-10,0.49539317866914606,0.0,0.0,0.0,0.0,0.5046068213308539,0.0,0.0
2025-01-13,0.4982806470670887,0.0,0.0,0.0,0.0,0.5017193529329114,0.0,0.0
2025-01-14,0.4973154650844074,0.0,0.0,0.0,0.0,0.5026845349155925,0.0,0.0
2025-01-15,0.49995682409256986,0.0,0.0,0.0,0.0,0.5000431759074301,0.0,0.0
2025-01-16,0.497753789433669,0.0,0.0,0.0,0.0,0.502246210566331,0.0,0.0
2025-01-17,0.5015816313342347,0.0,0.0,0.0,0.0,0.4984183686657652,0.0,0.0
2025-01-21,0.5000179148031655,0.0,0.0,0.0,0.0,0.49998208519683446,0.0,0.0
2025-01-22,0.5001387688258419,0.0,0.0,0.0,0.0,0.4998612311741582,0.0,0.0
2025-01-23,0.5018535342366641,0.0,0.0,0.0,0.0,0.4981464657633359,0.0,0.0
2025-01-24,0.49957277084525836,0.0,0.0,0.0,0.0,0.5004272291547417,0.0,0.0
2025-01-27,0.49862598424117943,0.0,0.0,0.0,0.0,0.5013740157588206,0.0,0.0
2025-01-28,0.4986101084837429,0.0,0.0,0.0,0.0,0.5013898915162571,0.0,0.0
2025-01-29,0.49844882159155146,0.0,0.0,0.0,0.0,0.5015511784084485,0.0,0.0
2025-01-30,0.49602908707821936,0.0,0.0,0.0,0.0,0.5039709129217806,0.0,0.0
2025-01-31,0.4942016340680098,0.0,0.0,0.0,0.0,0.5057983659319901,0.0,0.0
2025-02-03,0.5,0.0,0.0,0.0,0.0,0.5,0.0,0.0
2025-02-04,0.4992214074641597,0.0,0.0,0.0,0.0,0.5007785925358402,0.0,0.0
2025-02-05,0.49868541549432194,0.0,0.0,0.0,0.0,0.501314584505678,0.0,0.0
2025-02-06,0.5002162258109859,0.0,0.0,0.0,0.0,0.499783774189014,0.0,0.0
2025-02-07,0.49747167720310065,0.0,0.0,0.0,0.0,0.5025283227968994,0.0,0.0
2025-02-10,0.49496484240096866,0.0,0.0,0.0,0.0,0.5050351575990313,0.0,0.0
2025-02-11,0.4960693709660614,0.0,0.0,0.0,0.0,0.5039306290339387,0.0,0.0
2025-02-12,0.49500108701583934,0.0,0.0,0.0,0.0,0.5049989129841608,0.0,0.0
2025-02-13,0.49517306367216607,0.0,0.0,0.0,0.0,0.5048269363278339,0.0,0.0
2025-02-14,0.49890645711446435,0.0,0.0,0.0,0.0,0.5010935428855355,0.0,0.0
2025-02-18,0.49553314121807035,0.0,0.0,0.0,0.0,0.5044668587819295,0.0,0.0
2025-02-19,0.49598267224377357,0.0,0.0,0.0,0.0,0.5040173277562263,0.0,0.0
2025-02-20,0.4948113477568229,0.0,0.0,0.0,0.0,0.5051886522431771,0.0,0.0
2025-02-21,0.49072990812500394,0.0,0.0,0.0,0.0,0.509270091874996,0.0,0.0
2025-02-24,0.4882370742627438,0.0,0.0,0.0,0.0,0.5117629257372562,0.0,0.0
2025-02-25,0.49030877681697443,0.0,0.0,0.0,0.0,0.5096912231830255,0.0,0.0
2025-02-26,0.4900537756701313,0.0,0.0,0.0,0.0,0.5099462243298688,0.0,0.0
2025-02-27,0.489870457663263,0.0,0.0,0.0,0.0,0.510129542336737,0.0,0.0
2025-02-28,0.4953118440406451,0.0,0.0,0.0,0.0,0.5046881559593548,0.0,0.0
2025-03-03,0.5,0.0,0.0,0.0,0.0,0.5,0.0,0.0
2025-03-04,0.4948582572460174,0.0,0.0,0.0,0.0,0.5051417427539826,0.0,0.0
2025-03-05,0.4970110117463263,0.0,0.0,0.0,0.0,0.5029889882536738,0.0,0.0
2025-03-06,0.4938071573002761,0.0,0.0,0.0,0.0,0.5061928426997239,0.0,0.0
2025-03-07,0.4950738565553509,0.0,0.0,0.0,0.0,0.5049261434446491,0.0,0.0
2025-03-10,0.49052428731381426,0.0,0.0,0.0,0.0,0.5094757126861857,0.0,0.0
2025-03-11,0.48552546438900845,0.0,0.0,0.0,0.0,0.5144745356109915,0.0,0.0
2025-03-12,0.48576403066951396,0.0,0.0,0.0,0.0,0.5142359693304861,0.0,0.0
2025-03-13,0.47801927164397096,0.0,0.0,0.0,0.0,0.521980728356029,0.0,0.0
2025-03-14,0.4830230555238957,0.0,0.0,0.0,0.0,0.5169769444761043,0.0,0.0
2025-03-17,0.48359307515042554,0.0,0.0,0.0,0.0,0.5164069248495745,0.0,0.0
2025-03-18,0.47798351738942546,0.0,0.0,0.0,0.0,0.5220164826105745,0.0,0.0
2025-03-19,0.4796636869290042,0.0,0.0,0.0,0.0,0.5203363130709957,0.0,0.0
2025-03-20,0.4792607354836007,0.0,0.0,0.0,0.0,0.5207392645163993,0.0,0.0
2025-03-21,0.4813605618910026,0.0,0.0,0.0,0.0,0.5186394381089974,0.0,0.0
2025-03-24,0.48690804677017857,0.0,0.0,0.0,0.0,0.5130919532298214,0.0,0.0
2025-03-25,0.48641093642561023,0.0,0.0,0.0,0.0,0.5135890635743898,0.0,0.0
2025-03-26,0.48361752199567165,0.0,0.0,0.0,0.0,0.5163824780043283,0.0,0.0
2025-03-27,0.4796289416690727,0.0,0.0,0.0,0.0,0.5203710583309272,0.0,0.0
2025-03-28,0.47271266211710067,0.0,0.0,0.0,0.0,0.5272873378828994,0.0,0.0
2025-03-31,0.4708260359605096,0.0,0.0,0.0,0.0,0.5291739640394904,0.0,0.0
2025-04-01,0.5,0.0,0.0,0.0,0.0,0.5,0.0,0.0
2025-04-02,0.5010647276958391,0.0,0.0,0.0,0.0,0.4989352723041609,0.0,0.0
2025-04-03,0.4899460862752948,0.0,0.0,0.0,0.0,0.5100539137247053,0.0,0.0
2025-04-04,0.4807901085615832,0.0,0.0,0.0,0.0,0.5192098914384168,0.0,0.0
2025-04-07,0.4857688104975031,0.0,0.0,0.0,0.0,0.514231189502497,0.0,0.0
2025-04-08,0.48047094961416525,0.0,0.0,0.0,0.0,0.5195290503858347,0.0,0.0
2025-04-09,0.4963459121432324,0.0,0.0,0.0,0.0,0.5036540878567676,0.0,0.0
2025-04-10,0.47912346394421296,0.0,0.0,0.0,0.0,0.520876536055787,0.0,0.0
2025-04-11,0.4788186868117239,0.0,0.0,0.0,0.0,0.521181313188276,0.0,0.0
2025-04-14,0.48265718067655555,0.0,0.0,0.0,0.0,0.5173428193234444,0.0,0.0
2025-04-15,0.48065403482687324,0.0,0.0,0.0,0.0,0.5193459651731268,0.0,0.0
2025-04-16,0.46706673186940795,0.0,0.0,0.0,0.0,0.532933268130592,0.0,0.0
2025-04-17,0.46851723191809785,0.0,0.0,0.0,0.0,0.5314827680819022,0.0,0.0
2025-04-21,0.45495863582541246,0.0,0.0,0.0,0.0,0.5450413641745876,0.0,0.0
2025-04-22,0.46488974246366555,0.0,0.0,0.0,0.0,0.5351102575363345,0.0,0.0
2025-04-23,0.47476515334359615,0.0,0.0,0.0,0.0,0.5252348466564037,0.0,0.0
2025-04-24,0.47635611626839,0.0,0.0,0.0,0.0,0.52364388373161,0.0,0.0
2025-04-25,0.4808728628311066,0.0,0.0,0.0,0.0,0.5191271371688934,0.0,0.0
2025-04-28,0.4774387851524007,0.0,0.0,0.0,0.0,0.5225612148475993,0.0,0.0
2025-04-29,0.4814484593919256,0.0,0.0,0.0,0.0,0.5185515406080745,0.0,0.0
2025-04-30,0.4834228719184036,0.0,0.0,0.0,0.0,0.5165771280815964,0.0,0.0
2025-05-01,0.0,0.0,0.0,0.5,0.0,0.5,0.0,0.0
2025-05-02,0.0,0.0,0.0,0.5043118601623519,0.0,0.4956881398376482,0.0,0.0
2025-05-05,0.0,0.0,0.0,0.49738956484190366,0.0,0.5026104351580963,0.0,0.0
2025-05-06,0.0,0.0,0.0,0.4901621236839239,0.0,0.5098378763160761,0.0,0.0
2025-05-07,0.0,0.0,0.0,0.4930948473136423,0.0,0.5069051526863577,0.0,0.0
2025-05-08,0.0,0.0,0.0,0.49719203216654095,0.0,0.502807967833459,0.0,0.0
2025-05-09,0.0,0.0,0.0,0.4966092586449383,0.0,0.5033907413550617,0.0,0.0
2025-05-12,0.0,0.0,0.0,0.5050341878743505,0.0,0.49496581212564944,0.0,0.0
2025-05-13,0.0,0.0,0.0,0.5042897811616913,0.0,0.4957102188383086,0.0,0.0
2025-05-14,0.0,0.0,0.0,0.5083881448619947,0.0,0.4916118551380053,0.0,0.0
2025-05-15,0.0,0.0,0.0,0.50714355577189,0.0,0.4928564442281102,0.0,0.0
2025-05-16,0.0,0.0,0.0,0.5107563383433453,0.0,0.48924366165665467,0.0,0.0
2025-05-19,0.0,0.0,0.0,0.509924358648067,0.0,0.490075641351933,0.0,0.0
2025-05-20,0.0,0.0,0.0,0.5065019511917023,0.0,0.4934980488082977,0.0,0.0
2025-05-21,0.0,0.0,0.0,0.5031909417263309,0.0,0.496809058273669,0.0,0.0
2025-05-22,0.0,0.0,0.0,0.505273898350314,0.0,0.494726101649686,0.0,0.0
2025-05-23,0.0,0.0,0.0,0.5001976517551462,0.0,0.4998023482448538,0.0,0.0
2025-05-27,0.0,0.0,0.0,0.508079108457638,0.0,0.4919208915423619,0.0,0.0
2025-05-28,0.0,0.0,0.0,0.5057470514353386,0.0,0.4942529485646615,0.0,0.0
2025-05-29,0.0,0.0,0.0,0.5053721562494373,0.0,0.49462784375056257,0.0,0.0
2025-05-30,0.0,0.0,0.0,0.5073877116169048,0.0,0.4926122883830952,0.0,0.0
2025-06-02,0.0,0.0,0.0,0.5,0.0,0.5,0.0,0.0
2025-06-03,0.0,0.0,0.0,0.5003226178845879,0.0,0.49967738211541224,0.0,0.0
2025-06-04,0.0,0.0,0.0,0.4998373519041472,0.0,0.5001626480958529,0.0,0.0
2025-06-05,0.0,0.0,0.0,0.5009353179785305,0.0,0.49906468202146953,0.0,0.0
2025-06-06,0.0,0.0,0.0,0.505204900142858,0.0,0.494795099857142,0.0,0.0
2025-06-09,0.0,0.0,0.0,0.5040003006760204,0.0,0.4959996993239796,0.0,0.0
2025-06-10,0.0,0.0,0.0,0.5042610255206866,0.0,0.4957389744793134,0.0,0.0
2025-06-11,0.0,0.0,0.0,0.5024939601225161,0.0,0.49750603987748376,0.0,0.0
2025-06-12,0.0,0.0,0.0,0.5013237790278782,0.0,0.49867622097212166,0.0,0.0
2025-06-13,0.0,0.0,0.0,0.49484101776292083,0.0,0.5051589822370791,0.0,0.0
2025-06-16,0.0,0.0,0.0,0.49936724434663665,0.0,0.5006327556533634,0.0,0.0
2025-06-17,0.0,0.0,0.0,0.49615330954203274,0.0,0.5038466904579673,0.0,0.0
2025-06-18,0.0,0.0,0.0,0.49793415101638244,0.0,0.5020658489836175,0.0,0.0
2025-06-20,0.0,0.0,0.0,0.495790390482535,0.0,0.5042096095174651,0.0,0.0
2025-06-23,0.0,0.0,0.0,0.49690097151378654,0.0,0.5030990284862135,0.0,0.0
2025-06-24,0.0,0.0,0.0,0.5038901591859655,0.0,0.4961098408140346,0.0,0.0
2025-06-25,0.0,0.0,0.0,0.5017653125653443,0.0,0.49823468743465565,0.0,0.0
2025-06-26,0.0,0.0,0.0,0.5048246235440584,0.0,0.4951753764559416,0.0,0.0
2025-06-27,0.0,0.0,0.0,0.511643884772488,0.0,0.488356115227512,0.0,0.0
2025-06-30,0.0,0.0,0.0,0.5088066369411215,0.0,0.4911933630588785,0.0,0.0
2025-07-01,0.0,0.0,0.0,0.5,0.0,0.5,0.0,0.0
2025-07-02,0.0,0.0,0.0,0.4993492036992096,0.0,0.5006507963007905,0.0,0.0
2025-07-03,0.0,0.0,0.0,0.5011166418160398,0.0,0.4988833581839602,0.0,0.0
2025-07-07,0.0,0.0,0.0,0.49820584421394487,0.0,0.5017941557860552,0.0,0.0
2025-07-08,0.0,0.0,0.0,0.5026588143168151,0.0,0.4973411856831849,0.0,0.0
2025-07-09,0.0,0.0,0.0,0.5034142521987681,0.0,0.4965857478012318,0.0,0.0
2025-07-10,0.0,0.0,0.0,0.5026914652510327,0.0,0.4973085347489673,0.0,0.0
2025-07-11,0.0,0.0,0.0,0.49789708126149107,0.0,0.5021029187385089,0.0,0.0
2025-07-14,0.0,0.0,0.0,0.4988125746995071,0.0,0.5011874253004929,0.0,0.0
2025-07-15,0.0,0.0,0.0,0.49722611102697606,0.0,0.502773888973024,0.0,0.0
2025-07-16,0.0,0.0,0.0,0.49700260102734584,0.0,0.5029973989726542,0.0,0.0
2025-07-17,0.0,0.0,0.0,0.4981963078967661,0.0,0.5018036921032338,0.0,0.0
2025-07-18,0.0,0.0,0.0,0.4968406297109253,0.0,0.5031593702890748,0.0,0.0
2025-07-21,0.0,0.0,0.0,0.4943537963661427,0.0,0.5056462036338574,0.0,0.0
2025-07-22,0.0,0.0,0.0,0.49336913711808433,0.0,0.5066308628819157,0.0,0.0
2025-07-23,0.0,0.0,0.0,0.5026260602170949,0.0,0.4973739397829053,0.0,0.0
2025-07-24,0.0,0.0,0.0,0.5022963118198026,0.0,0.4977036881801974,0.0,0.0
2025-07-25,0.0,0.0,0.0,0.5043166056890551,0.0,0.49568339431094494,0.0,0.0
2025-07-28,0.0,0.0,0.0,0.5018856303685076,0.0,0.4981143696314923,0.0,0.0
2025-07-29,0.0,0.0,0.0,0.5006945023791044,0.0,0.49930549762089554,0.0,0.0
2025-07-30,0.0,0.0,0.0,0.5032485632604667,0.0,0.49675143673953326,0.0,0.0
2025-07-31,0.0,0.0,0.0,0.4988936907071489,0.0,0.5011063092928512,0.0,0.0
2025-08-01,0.0,0.0,0.0,0.0,0.0,0.5,0.0,0.5
2025-08-04,0.0,0.0,0.0,0.0,0.0,0.501018691574387,0.0,0.49898130842561306
2025-08-05,0.0,0.0,0.0,0.0,0.0,0.501037599759112,0.0,0.49896240024088806
2025-08-06,0.0,0.0,0.0,0.0,0.0,0.5005749646857532,0.0,0.4994250353142468
2025-08-07,0.0,0.0,0.0,0.0,0.0,0.502926025279576,0.0,0.497073974720424
2025-08-08,0.0,0.0,0.0,0.0,0.0,0.5036685366304116,0.0,0.49633146336958844
2025-08-11,0.0,0.0,0.0,0.0,0.0,0.4996607207162709,0.0,0.5003392792837292
2025-08-12,0.0,0.0,0.0,0.0,0.0,0.49920571837400574,0.0,0.5007942816259943
2025-08-13,0.0,0.0,0.0,0.0,0.0,0.4986483490110247,0.0,0.5013516509889753
2025-08-14,0.0,0.0,0.0,0.0,0.0,0.49792170817404624,0.0,0.5020782918259538
2025-08-15,0.0,0.0,0.0,0.0,0.0,0.4983868588739578,0.0,0.5016131411260423
2025-08-18,0.0,0.0,0.0,0.0,0.0,0.49845227986811436,0.0,0.5015477201318856
2025-08-19,0.0,0.0,0.0,0.0,0.0,0.4966925595490823,0.0,0.5033074404509176
2025-08-20,0.0,0.0,0.0,0.0,0.0,0.49909640867474303,0.0,0.500903591325257
2025-08-21,0.0,0.0,0.0,0.0,0.0,0.4991858960237599,0.0,0.5008141039762402
2025-08-22,0.0,0.0,0.0,0.0,0.0,0.49988961002816956,0.0,0.5001103899718304
2025-08-25,0.0,0.0,0.0,0.0,0.0,0.4999439358921244,0.0,0.5000560641078756
2025-08-26,0.0,0.0,0.0,0.0,0.0,0.5015709790693565,0.0,0.49842902093064334
2025-08-27,0.0,0.0,0.0,0.0,0.0,0.501984300279866,0.0,0.49801569972013404
2025-08-28,0.0,0.0,0.0,0.0,0.0,0.5034461541073159,0.0,0.4965538458926841
2025-08-29,0.0,0.0,0.0,0.0,0.0,0.5067557916547372,0.0,0.49324420834526295
2025-09-02,0.0,0.0,0.0,0.5,0.0,0.5,0.0,0.0
2025-09-03,0.0,0.0,0.0,0.49843571963543054,0.0,0.5015642803645695,0.0,0.0
2025-09-04,0.0,0.0,0.0,0.5013550954988895,0.0,0.49864490450111054,0.0,0.0
2025-09-05,0.0,0.0,0.0,0.4991598673610082,0.0,0.5008401326389919,0.0,0.0
2025-09-08,0.0,0.0,0.0,0.4988221864882665,0.0,0.5011778135117335,0.0,0.0
2025-09-09,0.0,0.0,0.0,0.4985529571795887,0.0,0.5014470428204113,0.0,0.0
2025-09-10,0.0,0.0,0.0,0.4976024038701755,0.0,0.5023975961298244,0.0,0.0
2025-09-11,0.0,0.0,0.0,0.5006136500282502,0.0,0.49938634997174985,0.0,0.0
2025-09-12,0.0,0.0,0.0,0.49912847516348235,0.0,0.5008715248365175,0.0,0.0
2025-09-15,0.0,0.0,0.0,0.49820202852616896,0.0,0.501797971473831,0.0,0.0
2025-09-16,0.0,0.0,0.0,0.4970056150084158,0.0,0.5029943849915843,0.0,0.0
2025-09-17,0.0,0.0,0.0,0.498002763096417,0.0,0.5019972369035829,0.0,0.0
2025-09-18,0.0,0.0,0.0,0.49997223366488286,0.0,0.5000277663351173,0.0,0.0
2025-09-19,0.0,0.0,0.0,0.4963685640576623,0.0,0.5036314359423377,0.0,0.0
2025-09-22,0.0,0.0,0.0,0.49288455807284187,0.0,0.5071154419271582,0.0,0.0
2025-09-23,0.0,0.0,0.0,0.4913826181725069,0.0,0.508617381827493,0.0,0.0
2025-09-24,0.0,0.0,0.0,0.49220453075266746,0.0,0.5077954692473324,0.0,0.0
2025-09-25,0.0,0.0,0.0,0.4893777424157851,0.0,0.510622257584215,0.0,0.0
2025-09-26,0.0,0.0,0.0,0.4898622239083372,0.0,0.5101377760916629,0.0,0.0
2025-09-29,0.0,0.0,0.0,0.48674318237218017,0.0,0.5132568176278199,0.0,0.0
2025-09-30,0.0,0.0,0.0,0.4856376283378357,0.0,0.5143623716621644,0.0,0.0
2025-10-01,0.0,0.0,0.0,0.5,0.0,0.5,0.0,0.0
2025-10-02,0.0,0.0,0.0,0.5012702480863842,0.0,0.49872975191361585,0.0,0.0
2025-10-03,0.0,0.0,0.0,0.5013558990243583,0.0,0.49864410097564166,0.0,0.0
2025-10-06,0.0,0.0,0.0,0.4972661443930555,0.0,0.5027338556069446,0.0,0.0
2025-10-07,0.0,0.0,0.0,0.4937930141283739,0.0,0.5062069858716262,0.0,0.0
2025-10-08,0.0,0.0,0.0,0.49044461536442874,0.0,0.5095553846355714,0.0,0.0
2025-10-09,0.0,0.0,0.0,0.49303367050654606,0.0,0.5069663294934539,0.0,0.0
2025-10-10,0.0,0.0,0.0,0.4858797476675759,0.0,0.5141202523324241,0.0,0.0
2025-10-13,0.0,0.0,0.0,0.48187897223214193,0.0,0.5181210277678582,0.0,0.0
2025-10-14,0.0,0.0,0.0,0.4812276361934551,0.0,0.5187723638065448,0.0,0.0
2025-10-15,0.0,0.0,0.0,0.47813837862426634,0.0,0.5218616213757337,0.0,0.0
2025-10-16,0.0,0.0,0.0,0.47367117893455873,0.0,0.5263288210654413,0.0,0.0
2025-10-17,0.0,0.0,0.0,0.4788586225625712,0.0,0.5211413774374288,0.0,0.0
2025-10-20,0.0,0.0,0.0,0.47199137241423755,0.0,0.5280086275857625,0.0,0.0
2025-10-21,0.0,0.0,0.0,0.48672863270769895,0.0,0.513271367292301,0.0,0.0
2025-10-22,0.0,0.0,0.0,0.48633213098083466,0.0,0.5136678690191654,0.0,0.0
2025-10-23,0.0,0.0,0.0,0.4864953544899489,0.0,0.513504645510051,0.0,0.0
2025-10-24,0.0,0.0,0.0,0.4877290314876166,0.0,0.5122709685123834,0.0,0.0
2025-10-27,0.0,0.0,0.0,0.4965153282498136,0.0,0.5034846717501864,0.0,0.0
2025-10-28,0.0,0.0,0.0,0.4982087290358968,0.0,0.5017912709641031,0.0,0.0
2025-10-29,0.0,0.0,0.0,0.49774210884062614,0.0,0.5022578911593739,0.0,0.0
2025-10-30,0.0,0.0,0.0,0.4917736574366244,0.0,0.5082263425633756,0.0,0.0
2025-10-31,0.0,0.0,0.0,0.49257980103991034,0.0,0.5074201989600897,0.0,0.0
2025-11-03,0.0,0.0,0.0,0.5,0.0,0.5,0.0,0.0
2025-11-04,0.0,0.0,0.0,0.5018395186959459,0.0,0.4981604813040542,0.0,0.0
2025-11-05,0.0,0.0,0.0,0.5005631702210189,0.0,0.49943682977898113,0.0,0.0
2025-11-06,0.0,0.0,0.0,0.5003052769535631,0.0,0.49969472304643703,0.0,0.0
2025-11-07,0.0,0.0,0.0,0.4997098241926575,0.0,0.5002901758073426,0.0,0.0
2025-11-10,0.0,0.0,0.0,0.4955773256212764,0.0,0.5044226743787236,0.0,0.0
2025-11-11,0.0,0.0,0.0,0.4964245459628205,0.0,0.5035754540371794,0.0,0.0
2025-11-12,0.0,0.0,0.0,0.4939093312315687,0.0,0.5060906687684312,0.0,0.0
2025-11-13,0.0,0.0,0.0,0.49325735785485636,0.0,0.5067426421451436,0.0,0.0
2025-11-14,0.0,0.0,0.0,0.49710260976939086,0.0,0.5028973902306092,0.0,0.0
2025-11-17,0.0,0.0,0.0,0.4967095312152796,0.0,0.5032904687847204,0.0,0.0
2025-11-18,0.0,0.0,0.0,0.491635398430047,0.0,0.508364601569953,0.0,0.0
2025-11-19,0.0,0.0,0.0,0.4904732769515963,0.0,0.5095267230484036,0.0,0.0
2025-11-20,0.0,0.0,0.0,0.4870654951251773,0.0,0.5129345048748226,0.0,0.0
2025-11-21,0.0,0.0,0.0,0.49128452329081884,0.0,0.508715476709181,0.0,0.0
2025-11-24,0.0,0.0,0.0,0.4875719516989859,0.0,0.5124280483010142,0.0,0.0
2025-11-25,0.0,0.0,0.0,0.4906242071705118,0.0,0.5093757928294881,0.0,0.0
2025-11-26,0.0,0.0,0.0,0.4913614466660356,0.0,0.5086385533339643,0.0,0.0
2025-11-28,0.0,0.0,0.0,0.4891172050259577,0.0,0.5108827949740423,0.0,0.0
2025-12-01,0.0,0.0,0.0,0.5,0.0,0.5,0.0,0.0
2025-12-02,0.0,0.0,0.0,0.5024583751939234,0.0,0.49754162480607655,0.0,0.0
2025-12-03,0.0,0.0,0.0,0.5040287911039458,0.0,0.4959712088960541,0.0,0.0
2025-12-04,0.0,0.0,0.0,0.5045465683221984,0.0,0.4954534316778016,0.0,0.0
2025-12-05,0.0,0.0,0.0,0.5049925136061071,0.0,0.4950074863938929,0.0,0.0
2025-12-08,0.0,0.0,0.0,0.5048692558397128,0.0,0.4951307441602872,0.0,0.0
2025-12-09,0.0,0.0,0.0,0.5032478280820246,0.0,0.49675217191797544,0.0,0.0
2025-12-10,0.0,0.0,0.0,0.5049482478892426,0.0,0.4950517521107574,0.0,0.0
2025-12-11,0.0,0.0,0.0,0.5037435261662688,0.0,0.4962564738337312,0.0,0.0
2025-12-12,0.0,0.0,0.0,0.5010310871693003,0.0,0.49896891283069955,0.0,0.0
2025-12-15,0.0,0.0,0.0,0.5023273955398643,0.0,0.49767260446013567,0.0,0.0
2025-12-16,0.0,0.0,0.0,0.5011091440255209,0.0,0.49889085597447924,0.0,0.0
2025-12-17,0.0,0.0,0.0,0.4969350048894688,0.0,0.5030649951105313,0.0,0.0
2025-12-18,0.0,0.0,0.0,0.4991589464436688,0.0,0.5008410535563311,0.0,0.0
2025-12-19,0.0,0.0,0.0,0.5005585893962691,0.0,0.499441410603731,0.0,0.0
2025-12-22,0.0,0.0,0.0,0.4954816408859818,0.0,0.5045183591140183,0.0,0.0
2025-12-23,0.0,0.0,0.0,0.493727090087977,0.0,0.5062729099120231,0.0,0.0
2025-12-24,0.0,0.0,0.0,0.4950739556957099,0.0,0.5049260443042901,0.0,0.0
2025-12-26,0.0,0.0,0.0,0.4925866017144943,0.0,0.5074133982855058,0.0,0.0
2025-12-29,0.0,0.0,0.0,0.5029601583801779,0.0,0.497039841619822,0.0,0.0
2025-12-30,0.0,0.0,0.0,0.5031934373171124,0.0,0.49680656268288764,0.0,0.0
2025-12-31,0.0,0.0,0.0,0.5037505447740298,0.0,0.4962494552259702,0.0,0.0
