Date,nav,return,turnover,fee
2012-01-03,0.999000999000999,-0.0009990009990009652,0.999000999000999,0.0009990009990009994
2012-01-04,0.9934574632647855,-0.005549079271949808,0.0,0.0
2012-01-05,0.9904262302597102,-0.003051195564139908,0.0,0.0
2012-01-06,0.9962490024322765,0.005879056909710023,0.0,0.0
2012-01-09,0.9946233463583427,-0.0016317768649855013,0.0,0.0
2012-01-10,0.9951932717354457,0.0005730062331532615,0.0,0.0
2012-01-11,1.0015464397530192,0.006383853466467526,0.0,0.0
2012-01-12,1.001977702673171,0.0004305970277906912,0.0,0.0
2012-01-13,1.008756755583402,0.006765672421796598,0.0,0.0
2012-01-17,1.0126367189652032,0.003846282426686054,0.0,0.0
2012-01-18,1.0054783124316247,-0.007069076599250379,0.0,0.0
2012-01-19,0.9984451202141411,-0.006994872122576767,0.0,0.0
2012-01-20,0.9915665657562294,-0.0068892664390372005,0.0,0.0
2012-01-23,0.9877246802527708,-0.003874561361927764,0.0,0.0
2012-01-24,0.9904044662027672,0.002713089997215201,0.0,0.0
2012-01-25,0.9909475305001696,0.0005483257759171245,0.0,0.0
2012-01-26,1.0013429135806633,0.010490346623344138,0.0,0.0
2012-01-27,1.0036375636992967,0.0022915727344872128,0.0,0.0
2012-01-30,1.0087920373171233,0.005135791847833859,0.0,0.0
2012-01-31,1.0160570642324527,0.007201709219127661,0.0,0.0
2012-02-01,1.0122871925551953,-0.003710295228452787,0.012842595350601088,1.3000561753535959e-05
2012-02-02,1.013119805107889,0.0008225062599003241,0.0,0.0
2012-02-03,1.0015076091831192,-0.011461819092099423,0.0,0.0
2012-02-06,1.0077399266637372,0.0062229357255723095,0.0,0.0
2012-02-07,1.000582520759036,-0.007102433589583845,0.0,0.0
2012-02-08,1.0014869226331884,0.0009038753479986283,0.0,0.0
2012-02-09,0.9961807282548227,-0.0052983161921018596,0.0,0.0
2012-02-10,1.0020726205297046,0.005914481286145357,0.0,0.0
2012-02-13,1.0044510558802913,0.0023735159526956373,0.0,0.0
2012-02-14,1.0074756318561575,0.003011173076238771,0.0,0.0
2012-02-15,1.005887242172582,-0.0015766035756608066,0.0,0.0
2012-02-16,1.001024215825854,-0.004834564097089489,0.0,0.0
2012-02-17,1.0001139410539808,-0.0009093434079636697,0.0,0.0
2012-02-21,0.9938080177823357,-0.00630520484995889,0.0,0.0
2012-02-22,1.0031003610156124,0.00935023975154925,0.0,0.0
2012-02-23,1.0037970372761742,0.0006945229885635396,0.0,0.0
2012-02-24,1.007416160987654,0.003605433745152542,0.0,0.0
2012-02-27,1.0137048452524708,0.006242389697869832,0.0,0.0
2012-02-28,1.0136596001250349,-4.46334331416498e-05,0.0,0.0
2012-02-29,1.0110805841717956,-0.002544262346966586,0.0,0.0
2012-03-01,1.0041543959003056,-0.006850283132638135,1.0160377716095215,0.001021296470552545
2012-03-02,1.0080557933695562,0.00388525657526273,0.0,0.0
2012-03-05,1.0019533624204793,-0.006053663883701099,0.0,0.0
2012-03-06,0.9991632001271582,-0.0027847227206071468,0.0,0.0
2012-03-07,0.9988509425928076,-0.00031251905025209137,0.0,0.0
2012-03-08,0.9987617372820163,-8.930793073058663e-05,0.0,0.0
2012-03-09,1.0030720527961372,0.0043156594343018995,0.0,0.0
2012-03-12,0.9990373715775702,-0.004022324425568491,0.0,0.0
2012-03-13,0.9818651069353496,-0.017188811080314337,0.0,0.0
2012-03-14,0.9612227561031754,-0.021023611783704377,0.0,0.0
2012-03-15,0.9665086005477802,0.005499083756645318,0.0,0.0
2012-03-16,0.9681232243006683,0.0016705736006621397,0.0,0.0
2012-03-19,0.9632437884593055,-0.005040097912006547,0.0,0.0
2012-03-20,0.9607471295950649,-0.002591928330245352,0.0,0.0
2012-03-21,0.9663956481947915,0.0058792979190136485,0.0,0.0
2012-03-22,0.9660244303980932,-0.0003841261054846612,0.0,0.0
2012-03-23,0.976516207660331,0.010860778394511383,0.0,0.0
2012-03-26,0.982655986531409,0.006287431609341532,0.0,0.0
2012-03-27,0.9826648022165714,8.971283219416648e-06,0.0,0.0
2012-03-28,0.9767593016021201,-0.00600967959891352,0.0,0.0
2012-03-29,0.979742790632232,0.0030544772138010323,0.0,0.0
2012-03-30,0.9739252933775383,-0.005937780109552704,0.0,0.0
2012-04-02,0.9790822913305618,0.005295065225320528,0.0030131853060475725,2.9501652630431657e-06
2012-04-03,0.9614355576713518,-0.018023749193980754,0.0,0.0
2012-04-04,0.9599968504776809,-0.0014964156278508556,0.0,0.0
2012-04-05,0.9668250184135008,0.007112698268147755,0.0,0.0
2012-04-09,0.98149425510464,0.015172586984985692,0.0,0.0
2012-04-10,0.9923912524588534,0.011102456583458764,0.0,0.0
2012-04-11,0.9862105396478686,-0.006228100858074681,0.0,0.0
2012-04-12,0.989019522386761,0.0028482586891591666,0.0,0.0
2012-04-13,0.9915530131254411,0.0025616185336423403,0.0,0.0
2012-04-16,0.9896414315641014,-0.0019278662220129084,0.0,0.0
2012-04-17,0.9887064385236062,-0.0009447796046873069,0.0,0.0
2012-04-18,0.9873607899692162,-0.0013610193096339485,0.0,0.0
2012-04-19,0.9882004127159896,0.0008503707614311296,0.0,0.0
2012-04-20,0.9886179346339605,0.0004225073300905269,0.0,0.0
2012-04-23,0.9909033898934688,0.00231176795346566,0.0,0.0
2012-04-24,0.9879837357581724,-0.0029464569049564293,0.0,0.0
2012-04-25,0.9863351271064015,-0.0016686597077489873,0.0,0.0
2012-04-26,0.9936167450525422,0.007382498854626274,0.0,0.0
2012-04-27,0.9951030801086846,0.0014958836629346273,0.0,0.0
2012-04-30,0.9967357183293296,0.0016406724622606284,0.0,0.0
2012-05-01,0.9914138744087786,-0.005339272810922391,1.0,0.0009924062806894681
2012-05-02,0.996530903864403,0.00516134541558233,0.0,0.0
2012-05-03,0.9967020018033439,0.000171693560407693,0.0,0.0
2012-05-04,1.0011757528786795,0.004488554319386662,0.0,0.0
2012-05-07,1.0021165973069301,0.0009397395267967124,0.0,0.0
2012-05-08,1.0060399495720787,0.003915065647742022,0.0,0.0
2012-05-09,1.0055243108745304,-0.0005125429638928036,0.0,0.0
2012-05-10,1.0030070737981351,-0.0025034074752563473,0.0,0.0
2012-05-11,1.008677027037725,0.005652954388565945,0.0,0.0
2012-05-14,1.015915303101008,0.007176009633668601,0.0,0.0
2012-05-15,1.017360238109474,0.0014222986936562876,0.0,0.0
2012-05-16,1.0191070652175935,0.0017170192451845256,0.0,0.0
2012-05-17,1.0245811254766874,0.005371428033349002,0.0,0.0
2012-05-18,1.0227841253321375,-0.001753887613061278,0.0,0.0
2012-05-21,1.0222333155606855,-0.0005385396173147594,0.0,0.0
2012-05-22,1.0150313635841783,-0.007045311346125516,0.0,0.0
2012-05-23,1.0198479433909764,0.004745252195745175,0.0,0.0
2012-05-24,1.0179327560283196,-0.0018779146195940788,0.0,0.0
2012-05-25,1.0211320344392543,0.0031429172428023566,0.0,0.0
2012-05-29,1.0202415306123391,-0.0008720751057468279,0.0,0.0
2012-05-30,1.0339525537960412,0.013438997308287348,0.0,0.0
2012-05-31,1.043676629762241,0.009404760334987383,0.0,0.0
2012-06-01,1.0595947128038776,0.015251930135929959,0.04970897270403663,5.2673983025693834e-05
2012-06-04,1.0513885819139028,-0.007744594032807028,0.0,0.0
2012-06-05,1.043228334830286,-0.0077613997564651704,0.0,0.0
2012-06-06,1.0313289717919836,-0.011406288193119507,0.0,0.0
2012-06-07,1.0331859542367061,0.0018005723639238358,0.0,0.0
2012-06-08,1.0350057011195881,0.0017612965753357468,0.0,0.0
2012-06-11,1.037231925807438,0.0021509298793638276,0.0,0.0
2012-06-12,1.0310225231696108,-0.005986513221711176,0.0,0.0
2012-06-13,1.0379185164381886,0.006688499148765237,0.0,0.0
2012-06-14,1.0366358230685524,-0.0012358324370568274,0.0,0.0
2012-06-15,1.0416489417215722,0.004835949657016947,0.0,0.0
2012-06-18,1.0441868023738448,0.0024363876836259735,0.0,0.0
2012-06-19,1.036943540960598,-0.006936748670620996,0.0,0.0
2012-06-20,1.0396890436898165,0.002647687767720841,0.0,0.0
2012-06-21,1.0432251118296056,0.0034010824306081044,0.0,0.0
2012-06-22,1.0359503599249948,-0.006973328979641202,0.0,0.0
2012-06-25,1.0447023063822225,0.008448229563684295,0.0,0.0
2012-06-26,1.0432118538973814,-0.0014266767439258254,0.0,0.0
2012-06-27,1.0447475039179897,0.0014720404248391716,0.0,0.0
2012-06-28,1.0468202267852753,0.001983946225774691,0.0,0.0
2012-06-29,1.0399786840383645,-0.0065355469562532464,0.0,0.0
2012-07-02,1.048028198587858,0.0077400764775641395,0.018982353775368423,1.9894419675069473e-05
2012-07-03,1.0444459046931371,-0.003418127393468695,0.0,0.0
2012-07-05,1.0484368888871027,0.0038211497369393665,0.0,0.0
2012-07-06,1.054628646822098,0.005905704006244683,0.0,0.0
2012-07-09,1.059633949703437,0.004746033493800317,0.0,0.0
2012-07-10,1.060580319632376,0.0008931102379305944,0.0,0.0
2012-07-11,1.0621340300378859,0.001464962508495704,0.0,0.0
2012-07-12,1.0685805576739358,0.0060694106899295,0.0,0.0
2012-07-13,1.0673466728898813,-0.001154695146934337,0.0,0.0
2012-07-16,1.0713058199292376,0.0037093356262936084,0.0,0.0
2012-07-17,1.067070954867122,-0.003952993611474387,0.0,0.0
2012-07-18,1.0702971263662882,0.0030233898546774274,0.0,0.0
2012-07-19,1.0698613109407609,-0.00040719106385611603,0.0,0.0
2012-07-20,1.0767792616133802,0.006466212584635089,0.0,0.0
2012-07-23,1.078075338538226,0.0012036607418532963,0.0,0.0
2012-07-24,1.0831967458418685,0.004750509654164459,0.0,0.0
2012-07-25,1.0856311001833978,0.00224737966659716,0.0,0.0
2012-07-26,1.0814528404672654,-0.0038486919870170944,0.0,0.0
2012-07-27,1.068662889198789,-0.01182663800943018,0.0,0.0
2012-07-30,1.074027253845858,0.0050196977000771525,0.0,0.0
2012-07-31,1.0778639784020316,0.0035722785827223547,0.0,0.0
2012-08-01,1.0745673704215333,-0.0030584638196979874,0.0028204387268616965,3.0307599742313473e-06
2012-08-02,1.077968612434205,0.0031652198887608396,0.0,0.0
2012-08-03,1.067958924463047,-0.009285695200859978,0.0,0.0
2012-08-06,1.0688788616614393,0.0008613975475273428,0.0,0.0
2012-08-07,1.0592342766525238,-0.009023085173491263,0.0,0.0
2012-08-08,1.0549256856435145,-0.004067646887925158,0.0,0.0
2012-08-09,1.054194339918564,-0.0006932675305032499,0.0,0.0
2012-08-10,1.0583356605037397,0.0039284223300759535,0.0,0.0
2012-08-13,1.0563471638118602,-0.001878890380517917,0.0,0.0
2012-08-14,1.0468519149212812,-0.00898875787796427,0.0,0.0
2012-08-15,1.0371013847454311,-0.009314144662555535,0.0,0.0
2012-08-16,1.0312049014046039,-0.005685541864621668,0.0,0.0
2012-08-17,1.0343783386562668,0.0030774070675385623,0.0,0.0
2012-08-20,1.0368896536553467,0.0024278495645435605,0.0,0.0
2012-08-21,1.0400322857802575,0.0030308260033573564,0.0,0.0
2012-08-22,1.0514850678158019,0.011011948563646845,0.0,0.0
2012-08-23,1.0540555533089093,0.0024446238675048804,0.0,0.0
2012-08-24,1.054132616595393,7.311121908304408e-05,0.0,0.0
2012-08-27,1.0578461001320454,0.003522785917246418,0.0,0.0
2012-08-28,1.0598542273325895,0.0018983169671782374,0.0,0.0
2012-08-29,1.0564470458519275,-0.0032147642503980167,0.0,0.0
2012-08-30,1.0593368985098537,0.0027354448756073957,0.0,0.0
2012-08-31,1.0704561804783865,0.010496454890011053,0.0,0.0
2012-09-04,1.0675771158189158,-0.0026895679729590505,1.0027373095753789,0.001071573912022054
2012-09-05,1.0645131942759296,-0.0028699767891108285,0.0,0.0
2012-09-06,1.067504298840527,0.0028098332464840947,0.0,0.0
2012-09-07,1.0642889762578007,-0.0030119996577236963,0.0,0.0
2012-09-10,1.0585695235691395,-0.005373965921146473,0.0,0.0
2012-09-11,1.0544373841977024,-0.0039035125038409113,0.0,0.0
2012-09-12,1.0495487432596633,-0.004636255325638605,0.0,0.0
2012-09-13,1.0548269845213518,0.005029057769432965,0.0,0.0
2012-09-14,1.0461453573709991,-0.008230380221351807,0.0,0.0
2012-09-17,1.0523341550497807,0.005915810489599771,0.0,0.0
2012-09-18,1.0553199867254621,0.0028373417904887788,0.0,0.0
2012-09-19,1.059651072979828,0.004104050249067015,0.0,0.0
2012-09-20,1.0603604150394805,0.0006694109766318679,0.0,0.0
2012-09-21,1.0611045097955634,0.0007017375842488516,0.0,0.0
2012-09-24,1.0618636426864714,0.0007154176463299855,0.0,0.0
2012-09-25,1.059232309153865,-0.002478033362126708,0.0,0.0
2012-09-26,1.0604050583871567,0.0011071690536219592,0.0,0.0
2012-09-27,1.0640643877918463,0.0034508788653415667,0.0,0.0
2012-09-28,1.0598762953843752,-0.003935938891970858,0.0,0.0
2012-10-01,1.0589031848626604,-0.0009181359428006575,1.998001998001998,0.0021199262960213427
2012-10-02,1.0596275734918064,0.0006840933519713932,0.0,0.0
2012-10-03,1.06213920438358,0.0023702958988667255,0.0,0.0
2012-10-04,1.0655189392902158,0.0031820074926969255,0.0,0.0
2012-10-05,1.0647293379383607,-0.0007410486315533316,0.0,0.0
2012-10-08,1.0642871797635034,-0.00041527753495873565,0.0,0.0
2012-10-09,1.059571164323467,-0.004431149345503038,0.0,0.0
2012-10-10,1.0571537661802304,-0.00228148728903943,0.0,0.0
2012-10-11,1.0591872971939842,0.0019235905681929122,0.0,0.0
2012-10-12,1.058072068791421,-0.0010529095331087701,0.0,0.0
2012-10-15,1.064090443281993,0.0056880572392830064,0.0,0.0
2012-10-16,1.0690967940155653,0.004704816930909628,0.0,0.0
2012-10-17,1.0704737388732135,0.0012879515356849502,0.0,0.0
2012-10-18,1.0680789902337722,-0.002237092375532823,0.0,0.0
2012-10-19,1.0601235913623461,-0.007448324463048217,0.0,0.0
2012-10-22,1.0589353936547188,-0.0011208105520040812,0.0,0.0
2012-10-23,1.0525499087371424,-0.006030098678199924,0.0,0.0
2012-10-24,1.0496468037686821,-0.0027581637168573314,0.0,0.0
2012-10-25,1.0496284958978197,-1.744193455999188e-05,0.0,0.0
2012-10-26,1.0519452794456723,0.002207241473442423,0.0,0.0
2012-10-31,1.053598231246929,0.00157132869318799,0.0,0.0
2012-11-01,1.05561301339892,0.0019122869536394305,1.0074389965092947,0.0010645381721886959
2012-11-02,1.0505316445417838,-0.004813666365077296,0.0,0.0
2012-11-05,1.0545803237505056,0.0038539336056722107,0.0,0.0
2012-11-06,1.053677770876132,-0.0008558408060979072,0.0,0.0
2012-11-07,1.0512385865751983,-0.002314924323501222,0.0,0.0
2012-11-08,1.0529678542719378,0.0016449811858345598,0.0,0.0
2012-11-09,1.0540154691601034,0.0009949163062437094,0.0,0.0
2012-11-12,1.0553279432794964,0.0012452133368012763,0.0,0.0
2012-11-13,1.055366086319935,3.614330567236479e-05,0.0,0.0
2012-11-14,1.0490102947107847,-0.006022357257388311,0.0,0.0
2012-11-15,1.0470818516197529,-0.0018383452486169238,0.0,0.0
2012-11-16,1.0490831217905883,0.001911283408970954,0.0,0.0
2012-11-19,1.0562197928006491,0.006802769829982402,0.0,0.0
2012-11-20,1.0510057369675998,-0.004936525398017699,0.0,0.0
2012-11-21,1.0516644864446656,0.0006267800963355441,0.0,0.0
2012-11-23,1.0581679469588252,0.006183968934945883,0.0,0.0
2012-11-26,1.05960462174947,0.0013577001597655514,0.0,0.0
2012-11-27,1.0590577622243869,-0.0005160977159387459,0.0,0.0
2012-11-28,1.0624571587347948,0.0032098310702790567,0.0,0.0
2012-11-29,1.0649822168243526,0.0023766210889526462,0.0,0.0
2012-11-30,1.0636264838991205,-0.0012730099186770705,0.0,0.0
2012-12-03,1.0604603827440156,-0.002976703949208237,1.0141739098628604,0.0010765830951090225
2012-12-04,1.0605327150681783,6.820841715504677e-05,0.0,0.0
2012-12-05,1.0598253573298677,-0.0006669834209358516,0.0,0.0
2012-12-06,1.0665594412573083,0.006353956225775281,0.0,0.0
2012-12-07,1.0701449789219957,0.0033617794995659533,0.0,0.0
2012-12-10,1.0701229198653537,-2.0613147822423628e-05,0.0,0.0
2012-12-11,1.0750750518125152,0.004627629083754803,0.0,0.0
2012-12-12,1.0738567665792336,-0.0011332094733550457,0.0,0.0
2012-12-13,1.0664459362640526,-0.0069011348122227645,0.0,0.0
2012-12-14,1.064377144042862,-0.0019398941388796276,0.0,0.0
2012-12-17,1.0734335335629133,0.008508628328537826,0.0,0.0
2012-12-18,1.0849418113503217,0.010720997087924511,0.0,0.0
2012-12-19,1.0801527909374253,-0.00441408042606084,0.0,0.0
2012-12-20,1.090337209293104,0.00942868309106526,0.0,0.0
2012-12-21,1.084494656705177,-0.005358482254966823,0.0,0.0
2012-12-24,1.083557790415783,-0.0008638735872064096,0.0,0.0
2012-12-26,1.0787120094491311,-0.004472102004630885,0.0,0.0
2012-12-27,1.0799929550126701,0.0011874768727133667,0.0,0.0
2012-12-28,1.0706372478116055,-0.008662748361126904,0.0,0.0
2012-12-31,1.085366265469248,0.013757243816940434,0.0,0.0
2013-01-02,1.105968024996254,0.01898138921620074,0.002878386437522268,3.183412526574316e-06
2013-01-03,1.104635501194248,-0.001204848396960334,0.0,0.0
2013-01-04,1.1096320118222978,0.004523221119227205,0.0,0.0
2013-01-07,1.1093626524032858,-0.00024274661882695003,0.0,0.0
2013-01-08,1.1066933853824046,-0.0024061266305465123,0.0,0.0
2013-01-09,1.109671429026151,0.002690938324093617,0.0,0.0
2013-01-10,1.114644068735661,0.004481182068347911,0.0,0.0
2013-01-11,1.1142741173826383,-0.0003319008851339067,0.0,0.0
2013-01-14,1.115472764367663,0.0010757200282460744,0.0,0.0
2013-01-15,1.1185072147614916,0.0027203267446416213,0.0,0.0
2013-01-16,1.1177676219236445,-0.0006612320672466643,0.0,0.0
2013-01-17,1.1231075080144033,0.004777277482388431,0.0,0.0
2013-01-18,1.1267641702387747,0.0032558434506739786,0.0,0.0
2013-01-22,1.1326983378436826,0.005266556890649365,0.0,0.0
2013-01-23,1.1334402891934205,0.0006550299624792366,0.0,0.0
2013-01-24,1.1347544527271818,0.001159446638954842,0.0,0.0
2013-01-25,1.141171770359773,0.005655247809046582,0.0,0.0
2013-01-28,1.1419844094842881,0.0007121093823228009,0.0,0.0
2013-01-29,1.1458779717760696,0.0034094706192528967,0.0,0.0
2013-01-30,1.1381660720623055,-0.006730123018082845,0.0,0.0
2013-01-31,1.1333623273910751,-0.004220600832465671,0.0,0.0
2013-02-01,1.1425102584826798,0.008071497411302309,0.0023443883419872282,2.678494010017576e-06
2013-02-04,1.134757479257146,-0.006785741456562522,0.0,0.0
2013-02-05,1.1391300750562696,0.003853330671137023,0.0,0.0
2013-02-06,1.1415423613931839,0.0021176566133547237,0.0,0.0
2013-02-07,1.1383740129856768,-0.0027754978830923926,0.0,0.0
2013-02-08,1.1467883049234269,0.007391500369620552,0.0,0.0
2013-02-11,1.147507168752588,0.0006268496339514318,0.0,0.0
2013-02-12,1.1527777386746858,0.004593060562599671,0.0,0.0
2013-02-13,1.1529360588019042,0.0001373379463420754,0.0,0.0
2013-02-14,1.151051993091303,-0.001634145880179183,0.0,0.0
2013-02-15,1.1506218942882458,-0.0003736571463658356,0.0,0.0
2013-02-19,1.1595042491258551,0.007719612221618544,0.0,0.0
2013-02-20,1.1485452347225527,-0.009451465496193245,0.0,0.0
2013-02-21,1.1407442783487889,-0.006792032336147558,0.0,0.0
2013-02-22,1.1520372882241756,0.009899685748792963,0.0,0.0
2013-02-25,1.1301385433609723,-0.01900871185945674,0.0,0.0
2013-02-26,1.1379021272140377,0.0068695859447258645,0.0,0.0
2013-02-27,1.1492007375459559,0.009929334045258198,0.0,0.0
2013-02-28,1.1474850536882786,-0.0014929366137903521,0.0,0.0
2013-03-01,1.151285290555889,0.0033117963980406895,0.0019149502904071993,2.2046583233025457e-06
2013-03-04,1.1586685505244405,0.006413058543453198,0.0,0.0
2013-03-05,1.1684206673698232,0.008416657931181959,0.0,0.0
2013-03-06,1.1674714736184122,-0.0008123732983496001,0.0,0.0
2013-03-07,1.1657905672211721,-0.0014397836994083368,0.0,0.0
2013-03-08,1.1692850557734018,0.0029975268718800407,0.0,0.0
2013-03-11,1.1720159050799088,0.002335486366667583,0.0,0.0
2013-03-12,1.168532250893645,-0.0029723608452448813,0.0,0.0
2013-03-13,1.1699460992310007,0.001209935229664616,0.0,0.0
2013-03-14,1.1767412241940705,0.005808066685752511,0.0,0.0
2013-03-15,1.1772867419019584,0.00046358340871544,0.0,0.0
2013-03-18,1.1707791180366267,-0.005527645588549013,0.0,0.0
2013-03-19,1.1665873999477745,-0.003580280878157094,0.0,0.0
2013-03-20,1.1725194067850124,0.005084922773470391,0.0,0.0
2013-03-21,1.1657197543859112,-0.005799181113552265,0.0,0.0
2013-03-22,1.1734795718017406,0.0066566748883114535,0.0,0.0
2013-03-25,1.1710923400502031,-0.0020343189680516183,0.0,0.0
2013-03-26,1.1808266484068426,0.008312161239328208,0.0,0.0
2013-03-27,1.1819144949308296,0.0009212584467455098,0.0,0.0
2013-03-28,1.1857477380058954,0.003243249060322473,0.0,0.0
2013-04-01,1.1851468822987863,-0.0005067314807781775,0.0010217298856094953,1.2109012256953734e-06
2013-04-02,1.189913730467413,0.004022158130628117,0.0,0.0
2013-04-03,1.1817819592312782,-0.006833916634393811,0.0,0.0
2013-04-04,1.1938069807727874,0.010175330100089752,0.0,0.0
2013-04-05,1.194416286790926,0.000510389056147309,0.0,0.0
2013-04-08,1.2032622174166403,0.007406069997153875,0.0,0.0
2013-04-09,1.2053965783719645,0.0017738119957813048,0.0,0.0
2013-04-10,1.2164566650008841,0.00917547538077268,0.0,0.0
2013-04-11,1.2220333078226853,0.004584333320083456,0.0,0.0
2013-04-12,1.2220600155101056,2.185512231900333e-05,0.0,0.0
2013-04-15,1.1952692718077604,-0.0219226088427108,0.0,0.0
2013-04-16,1.2140173487484058,0.01568523292855195,0.0,0.0
2013-04-17,1.1987496745296213,-0.01257615818630986,0.0,0.0
2013-04-18,1.1941449708582985,-0.0038412554089990447,0.0,0.0
2013-04-19,1.2086152345349415,0.012117677526408244,0.0,0.0
2013-04-22,1.2103976835510781,0.001474786156259622,0.0,0.0
2013-04-23,1.2199460312269355,0.007888603725549448,0.0,0.0
2013-04-24,1.2216661383620866,0.0014099862544092456,0.0,0.0
2013-04-25,1.222002428288949,0.00027527154621243,0.0,0.0
2013-04-26,1.2189286697952273,-0.0025153456511748384,0.0,0.0
2013-04-29,1.2282309112791867,0.007631489614172482,0.0,0.0
2013-04-30,1.23696181856507,0.007108522677376827,0.0,0.0
2013-05-01,1.2253926055608373,-0.009352926525778682,1.0,0.0012266192247856237
2013-05-02,1.2294125792748378,0.0032805597942715536,0.0,0.0
2013-05-03,1.2261135183121632,-0.0026834449380862546,0.0,0.0
2013-05-06,1.229213045437756,0.002527928351902853,0.0,0.0
2013-05-07,1.2322079164874142,0.002436413330279663,0.0,0.0
2013-05-08,1.233087306254873,0.0007136699543091041,0.0,0.0
2013-05-09,1.2276822615915912,-0.004383343041376331,0.0,0.0
2013-05-10,1.2268240206180354,-0.0006990741826334856,0.0,0.0
2013-05-13,1.2282242932982248,0.0011413802278537055,0.0,0.0
2013-05-14,1.2289181834990517,0.0005649539783678659,0.0,0.0
2013-05-15,1.2372578466079616,0.0067861825310164825,0.0,0.0
2013-05-16,1.236731908892819,-0.0004250833539544141,0.0,0.0
2013-05-17,1.23765446578443,0.0007459635228761474,0.0,0.0
2013-05-20,1.2384294432690777,0.0006261662734408091,0.0,0.0
2013-05-21,1.2442941169415485,0.004735573515589175,0.0,0.0
2013-05-22,1.223946648827822,-0.016352619398169455,0.0,0.0
2013-05-23,1.2128159374818055,-0.009094114810213605,0.0,0.0
2013-05-24,1.2108557964479802,-0.0016161900361362225,0.0,0.0
2013-05-28,1.1998444380683226,-0.009093864365979143,0.0,0.0
2013-05-29,1.1867136014773656,-0.010943782522421786,0.0,0.0
2013-05-30,1.1818860960763042,-0.004067961633751782,0.0,0.0
2013-05-31,1.1710546687498125,-0.009164527243742504,0.0,0.0
2013-06-03,1.1704398051472995,-0.0005250511516847745,1.998001998001998,0.0023432228331277272
2013-06-04,1.16140238229795,-0.007721390548753759,0.0,0.0
2013-06-05,1.1458393473399382,-0.013400209260134965,0.0,0.0
2013-06-06,1.1570839440906364,0.00981341474858799,0.0,0.0
2013-06-07,1.1689004452244247,0.010212311037705257,0.0,0.0
2013-06-10,1.1724569008177803,0.0030425650087528844,0.0,0.0
2013-06-11,1.160061199296221,-0.010572415508760535,0.0,0.0
2013-06-12,1.1495043752847418,-0.00910023024464901,0.0,0.0
2013-06-13,1.1684000053375008,0.016438067100073672,0.0,0.0
2013-06-14,1.1602274473278698,-0.006994657627779066,0.0,0.0
2013-06-17,1.1685079892923413,0.0071369988561662545,0.0,0.0
2013-06-18,1.180012525480965,0.009845492109635368,0.0,0.0
2013-06-19,1.164626748407015,-0.013038655727555915,0.0,0.0
2013-06-20,1.1347940596074155,-0.02561566513941471,0.0,0.0
2013-06-21,1.1382758207173986,0.003068187642071063,0.0,0.0
2013-06-24,1.123611983164864,-0.012882499378131906,0.0,0.0
2013-06-25,1.1344113654632468,0.009611309295548986,0.0,0.0
2013-06-26,1.1426990001097899,0.0073056696176159175,0.0,0.0
2013-06-27,1.1548955569887394,0.010673464208665218,0.0,0.0
2013-06-28,1.149213524785226,-0.004919953297186974,0.0,0.0
2013-07-01,1.1619371889675658,0.011071627602640355,0.005781383916810062,6.717643813918501e-06
2013-07-02,1.1609825412019101,-0.000821600147340118,0.0,0.0
2013-07-03,1.1624186450215013,0.0012369727955636733,0.0,0.0
2013-07-05,1.1769112217386861,0.012467605177579388,0.0,0.0
2013-07-08,1.182627168543305,0.004856735749510843,0.0,0.0
2013-07-09,1.192380625671852,0.008247279775045913,0.0,0.0
2013-07-10,1.1942541330287735,0.0015712326387942177,0.0,0.0
2013-07-11,1.2093985827642297,0.012681094682124305,0.0,0.0
2013-07-12,1.2108938875180097,0.0012364035935632511,0.0,0.0
2013-07-15,1.2185254752908827,0.006302441404271608,0.0,0.0
2013-07-16,1.2131792606925638,-0.0043874458981193465,0.0,0.0
2013-07-17,1.2170951401192702,0.003227783027275777,0.0,0.0
2013-07-18,1.224491706799933,0.006077229656785921,0.0,0.0
2013-07-19,1.2265191364963552,0.001655731668220639,0.0,0.0
2013-07-22,1.2290091256461557,0.0020301266207010116,0.0,0.0
2013-07-23,1.2272989145745514,-0.0013915365117448397,0.0,0.0
2013-07-24,1.219916287749038,-0.0060153453554325775,0.0,0.0
2013-07-25,1.2270164839048734,0.005820232279164506,0.0,0.0
2013-07-26,1.2251780768147773,-0.0014982741586694326,0.0,0.0
2013-07-29,1.2189849718672514,-0.005054861056301929,0.0,0.0
2013-07-30,1.2195178094644967,0.000437115804987398,0.0,0.0
2013-07-31,1.2210153407251068,0.0012279699804200739,0.0,0.0
2013-08-01,1.2363748032276545,0.012579254322412137,0.006046943801806419,7.476334162059397e-06
2013-08-02,1.237954603880939,0.0012777683993239197,0.0,0.0
2013-08-05,1.239167525379206,0.000979778656232222,0.0,0.0
2013-08-06,1.2294170366488812,-0.007868579938246079,0.0,0.0
2013-08-07,1.2230706867041643,-0.005162080689898096,0.0,0.0
2013-08-08,1.2278467713277568,0.003904994760738356,0.0,0.0
2013-08-09,1.2254242046303268,-0.0019730203751811004,0.0,0.0
2013-08-12,1.2279358606660191,0.0020496216952479163,0.0,0.0
2013-08-13,1.2289234488967355,0.0008042669510284206,0.0,0.0
2013-08-14,1.223359760448888,-0.004527286425238586,0.0,0.0
2013-08-15,1.2034554937757735,-0.016270166239415018,0.0,0.0
2013-08-16,1.1989334193825352,-0.003757575096566823,0.0,0.0
2013-08-19,1.1890337712550385,-0.008257045777066652,0.0,0.0
2013-08-20,1.200499308236628,0.009642734511642548,0.0,0.0
2013-08-21,1.1931565276287885,-0.00611643884961921,0.0,0.0
2013-08-22,1.2070034854055565,0.011605315359826784,0.0,0.0
2013-08-23,1.2105616772964085,0.002947954942861264,0.0,0.0
2013-08-26,1.2083747691690496,-0.0018065235075366282,0.0,0.0
2013-08-27,1.1844647999276785,-0.019786882225133695,0.0,0.0
2013-08-28,1.1877425298329956,0.002767266621614306,0.0,0.0
2013-08-29,1.194626536918047,0.005795874873672835,0.0,0.0
2013-08-30,1.1833878021157247,-0.00940773911762971,0.0,0.0
2013-09-03,1.1888795236824448,0.004640677854631958,1.0,0.0011900695932757208
2013-09-04,1.2001408056664848,0.00947218095670399,0.0,0.0
2013-09-05,1.2019181593289807,0.0014809542797844522,0.0,0.0
2013-09-06,1.202912722447509,0.0008274799001983801,0.0,0.0
2013-09-09,1.2157109411078655,0.010639357637116653,0.0,0.0
2013-09-10,1.22317048767687,0.006135954129200094,0.0,0.0
2013-09-11,1.2239121324073605,0.0006063298108991422,0.0,0.0
2013-09-12,1.2218938078930979,-0.0016490763191412405,0.0,0.0
2013-09-13,1.223659121313791,0.0014447355484492608,0.0,0.0
2013-09-16,1.2255583795455922,0.0015521138188894223,0.0,0.0
2013-09-17,1.2323789884670542,0.005565307238967199,0.0,0.0
2013-09-18,1.2469007016491853,0.01178348001550611,0.0,0.0
2013-09-19,1.2473400571282314,0.00035235803337418936,0.0,0.0
2013-09-20,1.2408360392640283,-0.00521431010495832,0.0,0.0
2013-09-23,1.2367083793666174,-0.0033265151613900423,0.0,0.0
2013-09-24,1.235255014136524,-0.0011751883098243265,0.0,0.0
2013-09-25,1.231353520884658,-0.003158451661573025,0.0,0.0
2013-09-26,1.2385070014193231,0.005809444983375434,0.0,0.0
2013-09-27,1.234887555341642,-0.0029224268199802284,0.0,0.0
2013-09-30,1.2301245585116503,-0.0038570287710723017,0.0,0.0
2013-10-01,1.2412313372803094,0.009028987098751662,0.008535045722376384,1.059405663649169e-05
2013-10-02,1.2404112289255762,-0.0006607215996738969,0.0,0.0
2013-10-03,1.2274503571113722,-0.010448850761719197,0.0,0.0
2013-10-04,1.2374011058999785,0.008106844183926043,0.0,0.0
2013-10-07,1.2269094863685832,-0.008478753963747754,0.0,0.0
2013-10-08,1.2079237693603602,-0.015474423516291469,0.0,0.0
2013-10-09,1.206494620233816,-0.001183145131170793,0.0,0.0
2013-10-10,1.2322739279785453,0.02136711371305844,0.0,0.0
2013-10-11,1.241097887889981,0.007160712980360362,0.0,0.0
2013-10-14,1.2479518710888895,0.005522516205841876,0.0,0.0
2013-10-15,1.2409930947742636,-0.005576157603381038,0.0,0.0
2013-10-16,1.2566882589200705,0.012647261464949544,0.0,0.0
2013-10-17,1.2644857853356655,0.006204821569905983,0.0,0.0
2013-10-18,1.278977271766022,0.011460379071410065,0.0,0.0
2013-10-21,1.2804160694592137,0.0011249595477214047,0.0,0.0
2013-10-22,1.285051961123108,0.0036206134665681677,0.0,0.0
2013-10-23,1.2780792788583355,-0.005425992470124319,0.0,0.0
2013-10-24,1.2830088345261474,0.003857003043046925,0.0,0.0
2013-10-25,1.2905363360593325,0.00586706913515922,0.0,0.0
2013-10-28,1.2917178932978945,0.0009155551886046442,0.0,0.0
2013-10-29,1.296253604070504,0.003511378758584316,0.0,0.0
2013-10-30,1.2924054506253189,-0.0029686732851511577,0.0,0.0
2013-10-31,1.2890928468535625,-0.002563130455812912,0.0,0.0
2013-11-01,1.2907870332365092,0.0013142469815745628,0.00061875649290149,7.986833519589406e-07
2013-11-04,1.2939934973533653,0.00248411553129424,0.0,0.0
2013-11-05,1.2926435947504609,-0.0010432066356326208,0.0,0.0
2013-11-06,1.295784229713382,0.002429621726882436,0.0,0.0
2013-11-07,1.2754218737350396,-0.01571431069418583,0.0,0.0
2013-11-08,1.292638590611042,0.013498840838901183,0.0,0.0
2013-11-11,1.2917352994362123,-0.0006987963854635515,0.0,0.0
2013-11-12,1.291430053493198,-0.00023630688357567653,0.0,0.0
2013-11-13,1.3044244388830841,0.01006201253775818,0.0,0.0
2013-11-14,1.3097109052643328,0.004052719516490555,0.0,0.0
2013-11-15,1.3138145121491638,0.0031332157870387345,0.0,0.0
2013-11-18,1.3051162230435227,-0.006620637103035398,0.0,0.0
2013-11-19,1.3018174223160555,-0.0025275915425941875,0.0,0.0
2013-11-20,1.2982073768825435,-0.0027730812106426805,0.0,0.0
2013-11-21,1.310028402288944,0.009105652622916738,0.0,0.0
2013-11-22,1.3168319100631911,0.005193404786002942,0.0,0.0
2013-11-25,1.3177314762792491,0.0006831291140376727,0.0,0.0
2013-11-26,1.321343842903358,0.002741352611769443,0.0,0.0
2013-11-27,1.3275533759763587,0.004699407430057478,0.0,0.0
2013-11-29,1.3310887350390237,0.002663063592501347,0.0,0.0
2013-12-02,1.3274142203918247,-0.0027605332014858375,0.0037565127179058173,4.986467132557861e-06
2013-12-03,1.324002911095678,-0.002569890576537448,0.0,0.0
2013-12-04,1.3245506519312649,0.00041370062784351624,0.0,0.0
2013-12-05,1.320792153793274,-0.002837564673355941,0.0,0.0
2013-12-06,1.332958897311789,0.009211701843906628,0.0,0.0
2013-12-09,1.337367699642477,0.0033075305919629816,0.0,0.0
2013-12-10,1.3345122896006014,-0.002135097208224024,0.0,0.0
2013-12-11,1.3184305089216604,-0.012050680090592514,0.0,0.0
2013-12-12,1.3145531383765259,-0.0029408986813462823,0.0,0.0
2013-12-13,1.3136254617260874,-0.0007056973380202836,0.0,0.0
2013-12-16,1.3213555084000936,0.005884513431894778,0.0,0.0
2013-12-17,1.3179398325444065,-0.0025849787085860942,0.0,0.0
2013-12-18,1.3368398142876678,0.014340549755426313,0.0,0.0
2013-12-19,1.3342043956107577,-0.0019713795540377,0.0,0.0
2013-12-20,1.3448779034179983,0.007999904544127023,0.0,0.0
2013-12-23,1.3555515894452714,0.007936546507416153,0.0,0.0
2013-12-24,1.3573414901606782,0.001320422423862988,0.0,0.0
2013-12-26,1.3630379021100372,0.004196741933148118,0.0,0.0
2013-12-27,1.3612876306787058,-0.001284095936453289,0.0,0.0
2013-12-30,1.3601640193593267,-0.0008254033123175075,0.0,0.0
2013-12-31,1.367819698912549,0.0056284973313942555,0.0,0.0
2014-01-02,1.3558990671982722,-0.008715060708479383,0.0026647008129268373,3.6130749743735663e-06
2014-01-03,1.3508936208651594,-0.003691606885943055,0.0,0.0
2014-01-06,1.3464432286583106,-0.003294406116151949,0.0,0.0
2014-01-07,1.3568091247601097,0.0076987249675044556,0.0,0.0
2014-01-08,1.358433685527694,0.0011973392114910109,0.0,0.0
2014-01-09,1.35662583265828,-0.0013308363070454465,0.0,0.0
2014-01-10,1.36065377899659,0.0029690915809978957,0.0,0.0
2014-01-13,1.3415522086688734,-0.014038523702776917,0.0,0.0
2014-01-14,1.3616304656727363,0.014966437291162205,0.0,0.0
2014-01-15,1.3708934587346986,0.006802868542887586,0.0,0.0
2014-01-16,1.3700811434192148,-0.000592544453624777,0.0,0.0
2014-01-17,1.3633063969646806,-0.004944777531662781,0.0,0.0
2014-01-21,1.370512740406911,0.005285930923726978,0.0,0.0
2014-01-22,1.3727438022274736,0.0016279030138020012,0.0,0.0
2014-01-23,1.3648167087155738,-0.005774634348402752,0.0,0.0
2014-01-24,1.3368451264701424,-0.02049475366678022,0.0,0.0
2014-01-27,1.3270580705087898,-0.007321009567648806,0.0,0.0
2014-01-28,1.330598608203727,0.0026679598833079243,0.0,0.0
2014-01-29,1.317076889757224,-0.010162131812806452,0.0,0.0
2014-01-30,1.3362411968221117,0.014550636499605085,0.0,0.0
2014-01-31,1.3305627673773501,-0.004249554240855824,0.0,0.0
2014-02-03,1.3003101568958595,-0.02273670301260655,0.007136579055488996,9.279832457601027e-06
2014-02-04,1.3096464680386748,0.007180064766319383,0.0,0.0
2014-02-05,1.3071280348160867,-0.0019229870686855444,0.0,0.0
2014-02-06,1.3240812697100555,0.012969834968273863,0.0,0.0
2014-02-07,1.3440952058977125,0.015115338193734562,0.0,0.0
2014-02-10,1.3491835930667007,0.003785734185094203,0.0,0.0
2014-02-11,1.3642504646580242,0.011167399061736694,0.0,0.0
2014-02-12,1.3658978655345098,0.001207550167042326,0.0,0.0
2014-02-13,1.3744976112071896,0.006296038590934083,0.0,0.0
2014-02-14,1.379656642224269,0.0037533939491887214,0.0,0.0
2014-02-18,1.383871048550776,0.0030546776621989125,0.0,0.0
2014-02-19,1.3745347535067278,-0.006746506514335504,0.0,0.0
2014-02-20,1.3818060415985882,0.005289999451312477,0.0,0.0
2014-02-21,1.3800970117357618,-0.0012368087932581595,0.0,0.0
2014-02-24,1.3876068550263734,0.005441532897144885,0.0,0.0
2014-02-25,1.386574083052028,-0.0007442828425100467,0.0,0.0
2014-02-26,1.3859947970924962,-0.00041778219181531906,0.0,0.0
2014-02-27,1.3941305187686912,0.005869951094522152,0.0,0.0
2014-02-28,1.3951103028209273,0.0007027921984674723,0.0,0.0
2014-03-03,1.3850271425474505,-0.007227500401286169,0.0028996260164141246,4.016072381078464e-06
2014-03-04,1.4035649833764499,0.013384460318158986,0.0,0.0
2014-03-05,1.4061318844462785,0.0018288437658608991,0.0,0.0
2014-03-06,1.407124039500847,0.0007055917482159391,0.0,0.0
2014-03-07,1.4039478357643511,-0.002257230810741251,0.0,0.0
2014-03-10,1.4041916408118926,0.0001736567708079395,0.0,0.0
2014-03-11,1.3976980098170886,-0.004624462079157121,0.0,0.0
2014-03-12,1.4005111379399613,0.0020126866484133643,0.0,0.0
2014-03-13,1.3827636360917088,-0.012672160447333214,0.0,0.0
2014-03-14,1.3761062709320049,-0.004814535894594796,0.0,0.0
2014-03-17,1.3883819679260136,0.008920602466039762,0.0,0.0
2014-03-18,1.4017017969757029,0.009593778482722914,0.0,0.0
2014-03-19,1.3941740761427208,-0.0053704153402840404,0.0,0.0
2014-03-20,1.4001851834737549,0.004311590233885942,0.0,0.0
2014-03-21,1.3890684649748946,-0.007939463029654759,0.0,0.0
2014-03-24,1.3801351980648622,-0.006431120664879386,0.0,0.0
2014-03-25,1.3856888932348943,0.00402402255794887,0.0,0.0
2014-03-26,1.3718260774923163,-0.010004277157923402,0.0,0.0
2014-03-27,1.3665665137498189,-0.0038339872880328585,0.0,0.0
2014-03-28,1.3713045003913913,0.003467073570075696,0.0,0.0
2014-03-31,1.3818191637226063,0.007667635691572361,0.0,0.0
2014-04-01,1.3983848925269777,0.011988347852799786,0.012392392120890938,1.7329548678686605e-05
2014-04-02,1.402527725783326,0.0029625843918135164,0.0,0.0
2014-04-03,1.3960345224248152,-0.00462964349234829,0.0,0.0
2014-04-04,1.3692549808835,-0.019182578303866715,0.0,0.0
2014-04-07,1.3551771396768166,-0.01028138761825037,0.0,0.0
2014-04-08,1.3641914109180804,0.00665172911890588,0.0,0.0
2014-04-09,1.383182119923316,0.013920853667048982,0.0,0.0
2014-04-10,1.3472674388206713,-0.025965258359930132,0.0,0.0
2014-04-11,1.3333796009891787,-0.010308152213378885,0.0,0.0
2014-04-14,1.3438639316731174,0.00786297516188239,0.0,0.0
2014-04-15,1.35073828676219,0.005115365422832641,0.0,0.0
2014-04-16,1.366763061569987,0.011863715543452447,0.0,0.0
2014-04-17,1.3678855669386705,0.0008212874639690337,0.0,0.0
2014-04-21,1.3753159714253216,0.005432036616396463,0.0,0.0
2014-04-22,1.3838803519512355,0.0062272093859552236,0.0,0.0
2014-04-23,1.3762114845243731,-0.00554156825483465,0.0,0.0
2014-04-24,1.3841283152915884,0.005752626581191134,0.0,0.0
2014-04-25,1.3674356442475997,-0.012060060371261283,0.0,0.0
2014-04-28,1.3718212179098552,0.003207151781295492,0.0,0.0
2014-04-29,1.3804610343440809,0.006298062984759323,0.0,0.0
2014-04-30,1.3843436866516754,0.002812576531317612,0.0,0.0
2014-05-01,1.3864430202419284,0.0015164829445863948,0.009032741843816137,1.252349500450318e-05
2014-05-02,1.3841835990513915,-0.0016296531177621976,0.0,0.0
2014-05-05,1.3891473448099538,0.0035860457832068704,0.0,0.0
2014-05-06,1.3740940282711214,-0.010836371386429011,0.0,0.0
2014-05-07,1.3761657952475632,0.0015077330472417216,0.0,0.0
2014-05-08,1.374796954955808,-0.0009946768743144263,0.0,0.0
2014-05-09,1.3783583355773101,0.0025904775310015005,0.0,0.0
2014-05-12,1.3964043822874475,0.01309242034117264,0.0,0.0
2014-05-13,1.3975045821059604,0.0007878805254899479,0.0,0.0
2014-05-14,1.390553780702942,-0.0049737235154849735,0.0,0.0
2014-05-15,1.37898621251373,-0.008318677313842837,0.0,0.0
2014-05-16,1.3858867050412416,0.005004033009824438,0.0,0.0
2014-05-19,1.393251314222848,0.005314005217610607,0.0,0.0
2014-05-20,1.3863399608590656,-0.004960593464530483,0.0,0.0
2014-05-21,1.3987994464086584,0.008987323384858747,0.0,0.0
2014-05-22,1.4035766321334004,0.0034152041859947246,0.0,0.0
2014-05-23,1.4115158194877448,0.005656397500916732,0.0,0.0
2014-05-27,1.4246802398916214,0.009326441986781342,0.0,0.0
2014-05-28,1.421950147564031,-0.0019162842658630996,0.0,0.0
2014-05-29,1.4301816455775307,0.005788879467821806,0.0,0.0
2014-05-30,1.431401889274281,0.000853208891698154,0.0,0.0
2014-06-02,1.4314882445106585,6.032913399400819e-05,0.007973212149559171,1.1413650466540264e-05
2014-06-03,1.4308038931511837,-0.00047806984241682837,0.0,0.0
2014-06-04,1.4349180869804279,0.002875442154538055,0.0,0.0
2014-06-05,1.445634961953567,0.007468631882459054,0.0,0.0
2014-06-06,1.4532446857683998,0.0052639317774587635,0.0,0.0
2014-06-09,1.453437122119952,0.00013241841063438287,0.0,0.0
2014-06-10,1.4547669365591207,0.0009149445950775714,0.0,0.0
2014-06-11,1.452086461766366,-0.0018425458576166731,0.0,0.0
2014-06-12,1.4403751903906077,-0.008065133643290312,0.0,0.0
2014-06-13,1.4446833932654983,0.002991028242941507,0.0,0.0
2014-06-16,1.445904382907739,0.0008451607099051461,0.0,0.0
2014-06-17,1.4483004460651345,0.001657138041574413,0.0,0.0
2014-06-18,1.4576866469264522,0.006480838203715811,0.0,0.0
2014-06-19,1.4580319496229182,0.00023688403621857645,0.0,0.0
2014-06-20,1.4603697142244472,0.0016033699413333657,0.0,0.0
2014-06-23,1.460303173795626,-4.556409803146977e-05,0.0,0.0
2014-06-24,1.4551960075155272,-0.00349733286330145,0.0,0.0
2014-06-25,1.463118324538703,0.005444158025626811,0.0,0.0
2014-06-26,1.4629897495330235,-8.7877380470891e-05,0.0,0.0
2014-06-27,1.467632077645162,0.0031731788371176517,0.0,0.0
2014-06-30,1.4685185784948303,0.0006040348008000684,0.0,0.0
2014-07-01,1.4814932257874012,0.008835194516823464,0.008344593359289745,1.2362561694288334e-05
2014-07-02,1.4834936859111922,0.0013502998791830034,0.0,0.0
2014-07-03,1.491821757135661,0.0056138231686193585,0.0,0.0
2014-07-07,1.4869649516801502,-0.003255620473612053,0.0,0.0
2014-07-08,1.473217683726828,-0.009245186268707184,0.0,0.0
2014-07-09,1.481987785735491,0.005953025208384144,0.0,0.0
2014-07-10,1.4767146935489133,-0.0035581212189012,0.0,0.0
2014-07-11,1.482489001017592,0.00391023905559007,0.0,0.0
2014-07-14,1.4906583035674728,0.005510531642577643,0.0,0.0
2014-07-15,1.4866926584415605,-0.0026603314229838304,0.0,0.0
2014-07-16,1.4924022863758788,0.003840489762223953,0.0,0.0
2014-07-17,1.4740338326676559,-0.012307977464191988,0.0,0.0
2014-07-18,1.4932567528990068,0.013041030541722343,0.0,0.0
2014-07-21,1.4909291179208592,-0.0015587640729758379,0.0,0.0
2014-07-22,1.4989217596801696,0.005360846242278949,0.0,0.0
2014-07-23,1.5054133167523402,0.0043308178230434535,0.0,0.0
2014-07-24,1.5045928590273863,-0.0005450049603148432,0.0,0.0
2014-07-25,1.4981316853499793,-0.004294300374111604,0.0,0.0
2014-07-28,1.4986661366055807,0.0003567451785631004,0.0,0.0
2014-07-29,1.494144428281685,-0.0030171551978462885,0.0,0.0
2014-07-30,1.497221948907686,0.0020597209799457783,0.0,0.0
2014-07-31,1.4673048531389359,-0.0199817373707194,0.0,0.0
2014-08-01,1.4623408545080423,-0.0033830724544217095,0.010205758063003504,1.4924449282073528e-05
2014-08-04,1.4726412273747564,0.007043756477814744,0.0,0.0
2014-08-05,1.4598620802408866,-0.008677705673533875,0.0,0.0
2014-08-06,1.4595495673815497,-0.00021407012591578845,0.0,0.0
2014-08-07,1.453281682340735,-0.004294396833715797,0.0,0.0
2014-08-08,1.4669281439153465,0.00939010085961578,0.0,0.0
2014-08-11,1.4733800494782536,0.004398242401762342,0.0,0.0
2014-08-12,1.4720459385934257,-0.0009054764147922167,0.0,0.0
2014-08-13,1.4848223559035778,0.008679360456889107,0.0,0.0
2014-08-14,1.492178337124717,0.004954115347127086,0.0,0.0
2014-08-15,1.4956563980229176,0.0023308614068895395,0.0,0.0
2014-08-18,1.5076780556658353,0.008037713514152722,0.0,0.0
2014-08-19,1.5158381008042277,0.005412325998728207,0.0,0.0
2014-08-20,1.517851320616503,0.0013281232416622046,0.0,0.0
2014-08-21,1.521598632807047,0.0024688269131800666,0.0,0.0
2014-08-22,1.5215796988771184,-1.2443445676413312e-05,0.0,0.0
2014-08-25,1.5281193317976673,0.004297923352536204,0.0,0.0
2014-08-26,1.5293854761403023,0.0008285637883695962,0.0,0.0
2014-08-27,1.529235947369239,-9.777049239456659e-05,0.0,0.0
2014-08-28,1.5279690455295643,-0.000828454132179024,0.0,0.0
2014-08-29,1.5329911185287213,0.0032867635727635847,0.0,0.0
2014-09-02,1.5348401424211424,0.001206154341060861,0.007103004489328804,1.0902053859357404e-05
2014-09-03,1.5298946376190918,-0.003222162794262906,0.0,0.0
2014-09-04,1.5280954491193421,-0.0011760211817917199,0.0,0.0
2014-09-05,1.53537267042052,0.004762281901547372,0.0,0.0
2014-09-08,1.534840632076742,-0.0003465206552309974,0.0,0.0
2014-09-09,1.5236171775737537,-0.007312455943912721,0.0,0.0
2014-09-10,1.5327745332621638,0.0060102733305964495,0.0,0.0
2014-09-11,1.5330408439853054,0.00017374422484350838,0.0,0.0
2014-09-12,1.5246540033187843,-0.005470722257287397,0.0,0.0
2014-09-15,1.5167183283251118,-0.005204902211517259,0.0,0.0
2014-09-16,1.529051582046936,0.008131538659154725,0.0,0.0
2014-09-17,1.5312346790981386,0.0014277458503264562,0.0,0.0
2014-09-18,1.5410796925037085,0.006429460839646239,0.0,0.0
2014-09-19,1.539907379462852,-0.0007607089020502666,0.0,0.0
2014-09-22,1.5268012634599923,-0.008510976814353088,0.0,0.0
2014-09-23,1.520344586646057,-0.004228891453301187,0.0,0.0
2014-09-24,1.5344497155114265,0.00927758679792845,0.0,0.0
2014-09-25,1.5059312720149705,-0.018585453278898045,0.0,0.0
2014-09-26,1.519921631643597,0.009290171396671543,0.0,0.0
2014-09-29,1.517538596690514,-0.00156786698963296,0.0,0.0
2014-09-30,1.5166165449673483,-0.0006075968843075596,0.0,0.0
2014-10-01,1.4927151850113345,-0.01575965924631817,1.0,0.0014942093944057399
2014-10-02,1.492767251385127,3.4880313615870406e-05,0.0,0.0
2014-10-03,1.5031254711389916,0.006938938233173042,0.0,0.0
2014-10-06,1.5026195978019516,-0.00033654764472634824,0.0,0.0
2014-10-07,1.4936894135557663,-0.005943077182840151,0.0,0.0
2014-10-08,1.510508693024266,0.011260225396162449,0.0,0.0
2014-10-09,1.4923848252738499,-0.011998519329358803,0.0,0.0
2014-10-10,1.4845654531093304,-0.005239514656070421,0.0,0.0
2014-10-13,1.4744963198525873,-0.006782545852494382,0.0,0.0
2014-10-14,1.4773092575709437,0.0019077278664469954,0.0,0.0
2014-10-15,1.472998788049047,-0.0029177841401902826,0.0,0.0
2014-10-16,1.4706849105609487,-0.0015708617731877705,0.0,0.0
2014-10-17,1.47881862026586,0.005530559024916393,0.0,0.0
2014-10-20,1.4872306016225099,0.0056883117654669135,0.0,0.0
2014-10-21,1.5012684993662948,0.00943895165179498,0.0,0.0
2014-10-22,1.4947103851379815,-0.004368381959044321,0.0,0.0
2014-10-23,1.5018649761915819,0.004786606907089874,0.0,0.0
2014-10-24,1.5079404752397556,0.004045303102799602,0.0,0.0
2014-10-27,1.5078469467472855,-6.202399498245192e-05,0.0,0.0
2014-10-28,1.5139702243835704,0.004060941098494197,0.0,0.0
2014-10-29,1.5114333630373649,-0.001675634900440981,0.0,0.0
2014-10-30,1.5168144980755156,0.00356028599721836,0.0,0.0
2014-10-31,1.5254448250096586,0.0056897708619563225,0.0,0.0
2014-11-03,1.5228595904888103,-0.0016947414147424622,1.0,0.0015243839744632731
2014-11-04,1.5214606545952232,-0.0009186243448340292,0.0,0.0
2014-11-05,1.5246284602877185,0.0020820819013147585,0.0,0.0
2014-11-06,1.5218562296258016,-0.0018182991686995775,0.0,0.0
2014-11-07,1.521617909058444,-0.00015659860814587478,0.0,0.0
2014-11-10,1.5302441138847687,0.005669100485063527,0.0,0.0
2014-11-11,1.5280366078659098,-0.0014425842248494414,0.0,0.0
2014-11-12,1.5214729859726692,-0.00429546115548074,0.0,0.0
2014-11-13,1.5264499134975709,0.0032711244766006065,0.0,0.0
2014-11-14,1.520427001456818,-0.003945699094019095,0.0,0.0
2014-11-17,1.5242622519200715,0.0025224824733964812,0.0,0.0
2014-11-18,1.531964421525988,0.005053047529199217,0.0,0.0
2014-11-19,1.5239341540674647,-0.0052418106750314886,0.0,0.0
2014-11-20,1.52777717544148,0.0025217765241090095,0.0,0.0
2014-11-21,1.5366108531579643,0.005782045875853292,0.0,0.0
2014-11-24,1.5414754439544218,0.003165792293123637,0.0,0.0
2014-11-25,1.5422472427548866,0.0005006883525078276,0.0,0.0
2014-11-26,1.5516055591193425,0.006067974125691711,0.0,0.0
2014-11-28,1.5518561983632053,0.00016153541239249947,0.0,0.0
2014-12-01,1.5429594692630042,-0.005732959735305854,1.0044753259677486,0.0015514230820490363
2014-12-02,1.5402662930300646,-0.0017454614243536115,0.0,0.0
2014-12-03,1.5424830580189162,0.0014392089204853242,0.0,0.0
2014-12-04,1.550911930617953,0.005464483097702644,0.0,0.0
2014-12-05,1.5424680553768173,-0.00544445824062445,0.0,0.0
2014-12-08,1.5567612778003639,0.009266462520064911,0.0,0.0
2014-12-09,1.5643131788010203,0.004851033429689844,0.0,0.0
2014-12-10,1.5692598968360851,0.003162229981886533,0.0,0.0
2014-12-11,1.573937962666112,0.0029810650482171575,0.0,0.0
2014-12-12,1.577853723138564,0.002487874722723493,0.0,0.0
2014-12-15,1.5661234889836435,-0.0074342976049690535,0.0,0.0
2014-12-16,1.5749726574035492,0.005650364407501884,0.0,0.0
2014-12-17,1.58523726174699,0.00651732225012891,0.0,0.0
2014-12-18,1.5764221261200095,-0.005560767362524643,0.0,0.0
2014-12-19,1.5866419740971431,0.00648293867981109,0.0,0.0
2014-12-22,1.6008861082562578,0.008977535191718289,0.0,0.0
2014-12-23,1.5827743325927628,-0.011313594121460047,0.0,0.0
2014-12-24,1.583735795699679,0.0006074543206302518,0.0,0.0
2014-12-26,1.5894842667487254,0.0036296906748305435,0.0,0.0
2014-12-29,1.5997803706730243,0.006477638149485765,0.0,0.0
2014-12-30,1.6013604193639224,0.0009876660070740062,0.0,0.0
2014-12-31,1.5893625115812,-0.00749232192680771,0.0,0.0
2015-01-02,1.6101308326290777,0.013067076199762662,0.006304523478915448,1.0151171636735777e-05
2015-01-05,1.6271834882527592,0.010590850928453577,0.0,0.0
2015-01-06,1.6499457232657373,0.013988732787240776,0.0,0.0
2015-01-07,1.6608352614805422,0.006599937235057141,0.0,0.0
2015-01-08,1.652966274286986,-0.0047379697288829625,0.0,0.0
2015-01-09,1.662336391897676,0.005668668354853024,0.0,0.0
2015-01-12,1.6734435033800903,0.0066816268575669024,0.0,0.0
2015-01-13,1.6721707754459945,-0.0007605443096974085,0.0,0.0
2015-01-14,1.685740081634031,0.00811478491747808,0.0,0.0
2015-01-15,1.700913175815709,0.009000850336885913,0.0,0.0
2015-01-16,1.6973812509207176,-0.0020764874687372314,0.0,0.0
2015-01-20,1.7018172904942603,0.002613460924666411,0.0,0.0
2015-01-21,1.6913647823593383,-0.006141968467065162,0.0,0.0
2015-01-22,1.7034098574072523,0.007121512268401409,0.0,0.0
2015-01-23,1.7126596825656097,0.00543018177224619,0.0,0.0
2015-01-26,1.7173127303286524,0.002716854848870076,0.0,0.0
2015-01-27,1.7189340946507634,0.0009441287503881846,0.0,0.0
2015-01-28,1.727067711593556,0.00473177940219105,0.0,0.0
2015-01-29,1.7244121369233536,-0.0015376204721887499,0.0,0.0
2015-01-30,1.7218307962212938,-0.0014969395348060077,0.0,0.0
2015-02-02,1.7162514909843252,-0.0032403330508508077,0.015064717384037276,2.5855233173392597e-05
2015-02-03,1.7055442852061775,-0.006238716082342166,0.0,0.0
2015-02-04,1.7034001875767766,-0.0012571339530721426,0.0,0.0
2015-02-05,1.704501658831369,0.000646630934190151,0.0,0.0
2015-02-06,1.664420891845711,-0.023514654138346747,0.0,0.0
2015-02-09,1.6571453163550796,-0.004371235380591476,0.0,0.0
2015-02-10,1.6533380231253292,-0.002297501125685608,0.0,0.0
2015-02-11,1.6523504933064173,-0.0005972945671721686,0.0,0.0
2015-02-12,1.6597069832363742,0.004452136492685943,0.0,0.0
2015-02-13,1.6457395797481826,-0.00841558397311526,0.0,0.0
2015-02-17,1.6316049838088658,-0.008588598167809547,0.0,0.0
2015-02-18,1.6441399905091565,0.0076826234442044505,0.0,0.0
2015-02-19,1.620605116508199,-0.014314397883886554,0.0,0.0
2015-02-20,1.630967273773069,0.006394005028934169,0.0,0.0
2015-02-23,1.6467776845682958,0.009693885983776518,0.0,0.0
2015-02-24,1.6405626171872583,-0.00377407797013396,0.0,0.0
2015-02-25,1.6442567245479758,0.002251732010723817,0.0,0.0
2015-02-26,1.6241000943832382,-0.01225880962735848,0.0,0.0
2015-02-27,1.6373027605022479,0.008129219476477711,0.0,0.0
2015-03-02,1.6269746677706332,-0.006307992010253782,0.02466268879379648,4.012655953546809e-05
2015-03-03,1.6224728854165622,-0.002766965241222552,0.0,0.0
2015-03-04,1.6149681072359046,-0.0046255183973265,0.0,0.0
2015-03-05,1.616270707955397,0.0008065798412093539,0.0,0.0
2015-03-06,1.5716047685372567,-0.027635184624884568,0.0,0.0
2015-03-09,1.5851231637244863,0.008601650655343462,0.0,0.0
2015-03-10,1.5950568261497344,0.006266807938070551,0.0,0.0
2015-03-11,1.6016346135856179,0.004123857738511649,0.0,0.0
2015-03-12,1.6147367348773851,0.008180468366898674,0.0,0.0
2015-03-13,1.61175142953809,-0.0018487876536245063,0.0,0.0
2015-03-16,1.6278201400975796,0.009969720060428067,0.0,0.0
2015-03-17,1.6343257252524583,0.0039965012071228045,0.0,0.0
2015-03-18,1.6671729038724272,0.020098306055174486,0.0,0.0
2015-03-19,1.662488855411977,-0.0028095756892223545,0.0,0.0
2015-03-20,1.6875777767361215,0.015091181659637298,0.0,0.0
2015-03-23,1.6854848695613942,-0.0012401841287428272,0.0,0.0
2015-03-24,1.6864488919977734,0.0005719555564032142,0.0,0.0
2015-03-25,1.6648421475189643,-0.012811977037272437,0.0,0.0
2015-03-26,1.647403287746229,-0.010474782728635001,0.0,0.0
2015-03-27,1.6587998233889114,0.006917878413532641,0.0,0.0
2015-03-30,1.6663447330665697,0.004548414806461842,0.0,0.0
2015-03-31,1.6608199838746098,-0.0033154899357425993,0.0,0.0
2015-04-01,1.6689847780511036,0.004916122310526294,1.0,0.001670655433484588
2015-04-02,1.663144542895084,-0.003499274069377223,0.0,0.0
2015-04-06,1.6641731097930894,0.000618447087115559,0.0,0.0
2015-04-07,1.6688261889369063,0.0027960307232672843,0.0,0.0
2015-04-08,1.6719183271406406,0.0018528821181216237,0.0,0.0
2015-04-09,1.664913911922378,-0.004189448195260681,0.0,0.0
2015-04-10,1.6707392980787379,0.003498911333880139,0.0,0.0
2015-04-13,1.6680214949188183,-0.0016267069093574005,0.0,0.0
2015-04-14,1.6754549353319375,0.004456441620064977,0.0,0.0
2015-04-15,1.6785737156618965,0.0018614528294318422,0.0,0.0
2015-04-16,1.674224893731557,-0.002590784002968083,0.0,0.0
2015-04-17,1.6738176485786098,-0.00024324399575703648,0.0,0.0
2015-04-20,1.67419922668357,0.00022796874276242995,0.0,0.0
2015-04-21,1.6694594804187592,-0.0028310527141979236,0.0,0.0
2015-04-22,1.6611328586787526,-0.004987615355550923,0.0,0.0
2015-04-23,1.66675631605615,0.0033853146351401353,0.0,0.0
2015-04-24,1.6737966337512051,0.004223963411588372,0.0,0.0
2015-04-27,1.6702270382377367,-0.0021326339421943175,0.0,0.0
2015-04-28,1.6617030268314006,-0.005103504620144195,0.0,0.0
2015-04-29,1.6483211626216394,-0.00805310214501942,0.0,0.0
2015-04-30,1.6411509267772029,-0.0043500235312348146,0.0,0.0
2015-05-01,1.6379711965300332,-0.001937500198969433,1.0,0.0016396108073373698
2015-05-04,1.6416549992977663,0.002249003386345816,0.0,0.0
2015-05-05,1.6188808955059586,-0.013872649126369097,0.0,0.0
2015-05-06,1.6099814926295388,-0.005497256099027847,0.0,0.0
2015-05-07,1.6180132702662748,0.004988739108806817,0.0,0.0
2015-05-08,1.6387651427549792,0.012825526755592787,0.0,0.0
2015-05-11,1.6316858062852617,-0.004319921314543063,0.0,0.0
2015-05-12,1.6255572689525493,-0.003755954307566589,0.0,0.0
2015-05-13,1.6273647318468454,0.00111190354767432,0.0,0.0
2015-05-14,1.647742424430315,0.012521896403852484,0.0,0.0
2015-05-15,1.6486362489522024,0.0005424540320351223,0.0,0.0
2015-05-18,1.654806587785131,0.0037426926872741184,0.0,0.0
2015-05-19,1.6536331205917603,-0.0007091264937139075,0.0,0.0
2015-05-20,1.6535761085406027,-3.447684401558515e-05,0.0,0.0
2015-05-21,1.660266260995361,0.004045869083499687,0.0,0.0
2015-05-22,1.6574581357860727,-0.001691370399591663,0.0,0.0
2015-05-26,1.6390200567795365,-0.011124310538191406,0.0,0.0
2015-05-27,1.6600113376054026,0.012807214127148248,0.0,0.0
2015-05-28,1.6572009497874474,-0.0016929931466669323,0.0,0.0
2015-05-29,1.6471138390579956,-0.006086836198558543,0.0,0.0
2015-06-01,1.6515568994941592,0.0026974823055974095,0.004229468224077727,6.985236970504622e-06
2015-06-02,1.6481194705420936,-0.002081326385496296,0.0,0.0
2015-06-03,1.6527732093562122,0.002823665940059561,0.0,0.0
2015-06-04,1.6395048634525096,-0.008027928955159469,0.0,0.0
2015-06-05,1.6361552439020204,-0.0020430677731784197,0.0,0.0
2015-06-08,1.622819344810138,-0.008150754117975945,0.0,0.0
2015-06-09,1.6213559567822373,-0.0009017565834303909,0.0,0.0
2015-06-10,1.6421818264973873,0.01284472396578562,0.0,0.0
2015-06-11,1.646032399854449,0.0023447911156553314,0.0,0.0
2015-06-12,1.6329785542835902,-0.00793049126615808,0.0,0.0
2015-06-15,1.625427832125013,-0.004623895481523754,0.0,0.0
2015-06-16,1.6342897339111238,0.005452042601316265,0.0,0.0
2015-06-17,1.6378600673627273,0.0021846392212592214,0.0,0.0
2015-06-18,1.6582986644509212,0.01247884205462313,0.0,0.0
2015-06-19,1.6505194593478207,-0.004691076022591001,0.0,0.0
2015-06-22,1.6608267303672894,0.006244864888500956,0.0,0.0
2015-06-23,1.6620894846622543,0.000760316697627772,0.0,0.0
2015-06-24,1.6517770511698366,-0.006204499569716693,0.0,0.0
2015-06-25,1.6476177440078077,-0.002518080245202059,0.0,0.0
2015-06-26,1.6419892689802293,-0.003416129164697579,0.0,0.0
2015-06-29,1.605393083666463,-0.022287712840227458,0.0,0.0
2015-06-30,1.6099279748737425,0.002824785563995791,0.0,0.0
2015-07-01,1.62276571560999,0.007974108740643748,0.003015750158438907,4.893870722651149e-06
2015-07-02,1.6222484288680177,-0.00031876859179136297,0.0,0.0
2015-07-06,1.618061586347269,-0.0025808886273172016,0.0,0.0
2015-07-07,1.6251749847310486,0.004396246993192632,0.0,0.0
2015-07-08,1.5973934190421015,-0.017094507329956654,0.0,0.0
2015-07-09,1.598389165899679,0.0006233573055374197,0.0,0.0
2015-07-10,1.6206574595689611,0.013931709588852259,0.0,0.0
2015-07-13,1.6438217957176802,0.014293172201163218,0.0,0.0
2015-07-14,1.6527934777391087,0.005457819116890139,0.0,0.0
2015-07-15,1.6534220052677622,0.00038028195120487496,0.0,0.0
2015-07-16,1.6717587770293003,0.01109019458016025,0.0,0.0
2015-07-17,1.6848682307913676,0.007841713734180411,0.0,0.0
2015-07-20,1.6882303935106615,0.001995504845927698,0.0,0.0
2015-07-21,1.684419536115706,-0.0022573088422077614,0.0,0.0
2015-07-22,1.6732350566732674,-0.006639960652694676,0.0,0.0
2015-07-23,1.6654234586537369,-0.004668559858566179,0.0,0.0
2015-07-24,1.6486295537626754,-0.010083864739504178,0.0,0.0
2015-07-27,1.6369808724516695,-0.007065675417755379,0.0,0.0
2015-07-28,1.6540556237965225,0.010430635832219926,0.0,0.0
2015-07-29,1.662844086399713,0.005313281171898332,0.0,0.0
2015-07-30,1.667024534240005,0.0025140347639827088,0.0,0.0
2015-07-31,1.6647955546183613,-0.001337100670002922,0.0,0.0
2015-08-03,1.659369121048704,-0.003259519497516461,0.011277163577499066,1.8713188045199355e-05
2015-08-04,1.6561863317703,-0.0019180718973440536,0.0,0.0
2015-08-05,1.6653091459136027,0.005508325946363302,0.0,0.0
2015-08-06,1.6451245566236308,-0.01212062597476371,0.0,0.0
2015-08-07,1.6425015314241487,-0.0015944234671600999,0.0,0.0
2015-08-10,1.6622309090816776,0.012011786461119778,0.0,0.0
2015-08-11,1.6440853883017232,-0.010916365879623191,0.0,0.0
2015-08-12,1.6478991117639161,0.0023196626460699754,0.0,0.0
2015-08-13,1.6455329273301889,-0.0014358794278337417,0.0,0.0
2015-08-14,1.649802497916851,0.0025946430580330304,0.0,0.0
2015-08-17,1.6612691436302247,0.006950314190851348,0.0,0.0
2015-08-18,1.6546190238544902,-0.004003035752053186,0.0,0.0
2015-08-19,1.64262688801989,-0.007247671918254706,0.0,0.0
2015-08-20,1.6027483932722357,-0.024277268951639952,0.0,0.0
2015-08-21,1.5436723629227096,-0.036859204225383246,0.0,0.0
2015-08-24,1.4814372074579625,-0.04031629830238992,0.0,0.0
2015-08-25,1.4698672856487032,-0.007809930620760075,0.0,0.0
2015-08-26,1.5350283566818714,0.044331261515498266,0.0,0.0
2015-08-27,1.5734550921417783,0.025033241433383147,0.0,0.0
2015-08-28,1.5733459986058733,-6.93337461296073e-05,0.0,0.0
2015-08-31,1.557239616721609,-0.01023702472217558,0.0,0.0
2015-09-01,1.5081600677265676,-0.031517017977211736,1.0,0.0015096697374640325
2015-09-02,1.5159847402557458,0.005188224178998002,0.0,0.0
2015-09-03,1.5201814118956904,0.0027682809255960006,0.0,0.0
2015-09-04,1.515401506359019,-0.0031442994232582233,0.0,0.0
2015-09-08,1.523248392785558,0.005178090686601244,0.0,0.0
2015-09-09,1.5164511973839285,-0.00446230269063308,0.0,0.0
2015-09-10,1.5155524368603412,-0.000592673555956047,0.0,0.0
2015-09-11,1.523748346330042,0.005407869282754607,0.0,0.0
2015-09-14,1.522051796101349,-0.0011134057882845605,0.0,0.0
2015-09-15,1.5172881635483055,-0.0031297440502651153,0.0,0.0
2015-09-16,1.5212702986870519,0.002624508141837678,0.0,0.0
2015-09-17,1.5284612841103105,0.004726961033463262,0.0,0.0
2015-09-18,1.5270587629987316,-0.0009176032956538238,0.0,0.0
2015-09-21,1.5187542742702922,-0.005438224729565455,0.0,0.0
2015-09-22,1.5189943525015226,0.0001580757567551938,0.0,0.0
2015-09-23,1.5177069678804738,-0.000847524297196145,0.0,0.0
2015-09-24,1.520069074329927,0.0015563652928021199,0.0,0.0
2015-09-25,1.5133216345899383,-0.004438903372179337,0.0,0.0
2015-09-28,1.5070436368589708,-0.004148488720091992,0.0,0.0
2015-09-29,1.5096412805790411,0.0017236685498267512,0.0,0.0
2015-09-30,1.5208578999400455,0.007429989829571992,0.0,0.0
2015-10-01,1.5245654779218305,0.002437820115824829,1.0,0.001526091569491322
2015-10-02,1.5325425355299571,0.005232348314091695,0.0,0.0
2015-10-05,1.520095325833391,-0.008121934241950401,0.0,0.0
2015-10-06,1.5248738235160202,0.003143551329591432,0.0,0.0
2015-10-07,1.5250496896152637,0.00011533157467291666,0.0,0.0
2015-10-08,1.515678492637312,-0.006144846978930807,0.0,0.0
2015-10-09,1.517977828977167,0.0015170343519581575,0.0,0.0
2015-10-12,1.5267993595894742,0.005811369865824201,0.0,0.0
2015-10-13,1.5274993823018241,0.00045849031043476707,0.0,0.0
2015-10-14,1.5371790949819375,0.006336966673941902,0.0,0.0
2015-10-15,1.533094242735493,-0.002657369111887742,0.0,0.0
2015-10-16,1.5336036173497658,0.0003322526431017714,0.0,0.0
2015-10-19,1.531444437619371,-0.0014079125179204954,0.0,0.0
2015-10-20,1.5253161028699198,-0.004001669664867258,0.0,0.0
2015-10-21,1.536647631482532,0.0074289706843659875,0.0,0.0
2015-10-22,1.5395873450806,0.001913069423229885,0.0,0.0
2015-10-23,1.5302292831397173,-0.0060782923234490305,0.0,0.0
2015-10-26,1.536660624955492,0.004202861549335246,0.0,0.0
2015-10-27,1.5387667928780953,0.001370613581423985,0.0,0.0
2015-10-28,1.5326586787029022,-0.003969486606718697,0.0,0.0
2015-10-29,1.5151289512177333,-0.01143746336268714,0.0,0.0
2015-10-30,1.5227684597367905,0.0050421507112758945,0.0,0.0
2015-11-02,1.512969357015039,-0.006435057581534842,1.998001998001998,0.00302896768171179
2015-11-03,1.5075598480162529,-0.0035754253539269643,0.0,0.0
2015-11-04,1.501921052849096,-0.0037403458141822554,0.0,0.0
2015-11-05,1.504133003067945,0.001472747328931101,0.0,0.0
2015-11-06,1.4804654563149642,-0.015735009274250755,0.0,0.0
2015-11-09,1.4609933591832214,-0.01315268589934604,0.0,0.0
2015-11-10,1.4708784846102783,0.006766030362097775,0.0,0.0
2015-11-11,1.4687646717574148,-0.0014371090983926749,0.0,0.0
2015-11-12,1.4534231031781903,-0.010445218947748636,0.0,0.0
2015-11-13,1.436994324747405,-0.011303507144520109,0.0,0.0
2015-11-16,1.4562277980847567,0.013384515864899083,0.0,0.0
2015-11-17,1.4556885296008797,-0.00037031876783721884,0.0,0.0
2015-11-18,1.473714891348152,0.012383392038003205,0.0,0.0
2015-11-19,1.4752930931620565,0.0010709003642221937,0.0,0.0
2015-11-20,1.4871119747107064,0.008011209164761945,0.0,0.0
2015-11-23,1.4878256166758468,0.00047988448568525577,0.0,0.0
2015-11-24,1.4849381378423168,-0.0019407374097922814,0.0,0.0
2015-11-25,1.4877973260112176,0.0019254594491426857,0.0,0.0
2015-11-27,1.4950574410096569,0.004879774194717523,0.0,0.0
2015-11-30,1.4864590366932178,-0.005751220040503768,0.0,0.0
2015-12-01,1.5023095768577939,0.010663287566832214,1.0,0.0015038133902480425
2015-12-02,1.4865617541964706,-0.010482408488842299,0.0,0.0
2015-12-03,1.4636203294494252,-0.015432540681396656,0.0,0.0
2015-12-04,1.485310278342016,0.014819382087122301,0.0,0.0
2015-12-07,1.4696928141413976,-0.010514613968773845,0.0,0.0
2015-12-08,1.460691520296963,-0.006124609005245252,0.0,0.0
2015-12-09,1.4468688396340548,-0.009463107350755395,0.0,0.0
2015-12-10,1.4511393986627186,0.00295158684165453,0.0,0.0
2015-12-11,1.4209367691726797,-0.02081304492033753,0.0,0.0
2015-12-14,1.4195613092832162,-0.0009679951418699595,0.0,0.0
2015-12-15,1.4371796796120115,0.012411137309519482,0.0,0.0
2015-12-16,1.458652622474096,0.014941028715269367,0.0,0.0
2015-12-17,1.4397065228600106,-0.012988767388598776,0.0,0.0
2015-12-18,1.4158555535144934,-0.016566549478526094,0.0,0.0
2015-12-21,1.4270360817137502,0.007896658788040911,0.0,0.0
2015-12-22,1.440052868873563,0.009121554336720683,0.0,0.0
2015-12-23,1.4580506043663664,0.012497968568946805,0.0,0.0
2015-12-24,1.4581904282526235,9.589782812646774e-05,0.0,0.0
2015-12-28,1.453169667211562,-0.0034431449718662632,0.0,0.0
2015-12-29,1.4687641908229065,0.010731385304283414,0.0,0.0
2015-12-30,1.4561924872677636,-0.008559375040386397,0.0,0.0
2015-12-31,1.4398685012043866,-0.011210046890164582,0.0,0.0
2016-01-04,1.4118100328828813,-0.019486826955402936,1.0,0.00141322325613902
2016-01-05,1.4133761903114581,0.0011093258951975216,0.0,0.0
2016-01-06,1.4072438464453056,-0.004338790980199736,0.0,0.0
2016-01-07,1.3910511174049862,-0.011506697351153616,0.0,0.0
2016-01-08,1.3841287748593838,-0.00497633944503495,0.0,0.0
2016-01-11,1.3825041513184244,-0.0011737517277786713,0.0,0.0
2016-01-12,1.389557653152123,0.0051019751564376215,0.0,0.0
2016-01-13,1.3747646540572602,-0.010645833270253924,0.0,0.0
2016-01-14,1.3821196071056832,0.005349972467445063,0.0,0.0
2016-01-15,1.3665988589271458,-0.011229670788796331,0.0,0.0
2016-01-19,1.3643173158047759,-0.001669504630028018,0.0,0.0
2016-01-20,1.3569077159622094,-0.0054309945030608375,0.0,0.0
2016-01-21,1.3585153374338939,0.001184768464924213,0.0,0.0
2016-01-22,1.3723984780176992,0.010219347696161618,0.0,0.0
2016-01-25,1.3615414443940366,-0.007910992177246223,0.0,0.0
2016-01-26,1.3725136016647428,0.008058628928177436,0.0,0.0
2016-01-27,1.36332430607903,-0.006695230979545053,0.0,0.0
2016-01-28,1.3675704407676645,0.003114544844319944,0.0,0.0
2016-01-29,1.387414536969013,0.014510474641590942,0.0,0.0
2016-02-01,1.384888448963892,-0.0018207161146225337,0.017954215543051433,2.4865032147926567e-05
2016-02-02,1.373690971829849,-0.008085472257653992,0.0,0.0
2016-02-03,1.3760582454211479,0.0017232941322644635,0.0,0.0
2016-02-04,1.3774356408159527,0.0010009717244079397,0.0,0.0
2016-02-05,1.3642623027150038,-0.009563668683021276,0.0,0.0
2016-02-08,1.3588167808232325,-0.003991550511169395,0.0,0.0
2016-02-09,1.3564722789950847,-0.0017253995249657539,0.0,0.0
2016-02-10,1.3567544568063097,0.0002080232789083425,0.0,0.0
2016-02-11,1.3504565079868427,-0.004641922337437432,0.0,0.0
2016-02-12,1.3600307996859446,0.00708967052435816,0.0,0.0
2016-02-16,1.3679984464349533,0.005858431111154694,0.0,0.0
2016-02-17,1.37890008176239,0.007969040722119791,0.0,0.0
2016-02-18,1.381690301472509,0.0020235111644586468,0.0,0.0
2016-02-19,1.3808804784967064,-0.0005861103424839031,0.0,0.0
2016-02-22,1.3922246721162532,0.008215188639567605,0.0,0.0
2016-02-23,1.3848324200709847,-0.005309668901379183,0.0,0.0
2016-02-24,1.3886508308071894,0.002757308885077192,0.0,0.0
2016-02-25,1.4009240024785856,0.008838198486700977,0.0,0.0
2016-02-26,1.39907079851591,-0.0013228440367905048,0.0,0.0
2016-02-29,1.3940879823616126,-0.0035615182302304316,0.0,0.0
2016-03-01,1.4037217081905908,0.006910414515344021,1.9980019980019978,0.0028102536700512332
2016-03-02,1.4120413813138413,0.00592686789319119,0.0,0.0
2016-03-03,1.4268272951914178,0.010471303513654107,0.0,0.0
2016-03-04,1.4211590248386565,-0.003972639416041535,0.0,0.0
2016-03-07,1.4245162171370147,0.002362291791194293,0.0,0.0
2016-03-08,1.428939133029949,0.003104854714692795,0.0,0.0
2016-03-09,1.418662274631202,-0.007191949720738444,0.0,0.0
2016-03-10,1.4272079695866702,0.006023769792348643,0.0,0.0
2016-03-11,1.4076485104394898,-0.01370470146186542,0.0,0.0
2016-03-14,1.4006565425097097,-0.004967126294615265,0.0,0.0
2016-03-15,1.4018486535849513,0.0008511087758213964,0.0,0.0
2016-03-16,1.4195991408295279,0.012662199445841127,0.0,0.0
2016-03-17,1.4197534276750932,0.00010868338894254315,0.0,0.0
2016-03-18,1.4192629414609192,-0.0003454728156403464,0.0,0.0
2016-03-21,1.4088465501770766,-0.007339296320328481,0.0,0.0
2016-03-22,1.410768412774969,0.0013641390523693175,0.0,0.0
2016-03-23,1.402601457247911,-0.0057890121816617235,0.0,0.0
2016-03-24,1.4012061247862329,-0.000994817490362565,0.0,0.0
2016-03-28,1.4037443655024877,0.0018114684708805395,0.0,0.0
2016-03-29,1.424049515783536,0.01446499147569491,0.0,0.0
2016-03-30,1.4066149122876697,-0.012242975614702223,0.0,0.0
2016-03-31,1.4148605898203994,0.005862071744511255,0.0,0.0
2016-04-01,1.4124725646274086,-0.0016878166019833607,0.013296863849280548,1.87817051204701e-05
2016-04-04,1.4081938750916816,-0.0030292195706156377,0.0,0.0
2016-04-05,1.425042432815168,0.011964657723276595,0.0,0.0
2016-04-06,1.415505113868336,-0.006692656111292772,0.0,0.0
2016-04-07,1.434346743487466,0.013310887706819319,0.0,0.0
2016-04-08,1.4287203123832701,-0.00392264362138528,0.0,0.0
2016-04-11,1.437464994306011,0.006120639461024924,0.0,0.0
2016-04-12,1.432667486726172,-0.0033374778508294956,0.0,0.0
2016-04-13,1.4274229008317392,-0.0036607139779638587,0.0,0.0
2016-04-14,1.413992097809036,-0.009409126766060205,0.0,0.0
2016-04-15,1.4249371498855992,0.007740532704194392,0.0,0.0
2016-04-18,1.420769362216061,-0.002924892280247393,0.0,0.0
2016-04-19,1.4296669883379751,0.006262540816643014,0.0,0.0
2016-04-20,1.41820053902814,-0.008020363765386507,0.0,0.0
2016-04-21,1.4167573577881907,-0.0010176143642832702,0.0,0.0
2016-04-22,1.40573302263526,-0.00778138549436691,0.0,0.0
2016-04-25,1.4049220939340554,-0.0005768724844240625,0.0,0.0
2016-04-26,1.4046261354514118,-0.0002106582876882923,0.0,0.0
2016-04-27,1.413543386474363,0.00634848718665304,0.0,0.0
2016-04-28,1.4299971423253335,0.01164007840750414,0.0,0.0
2016-04-29,1.4460348179136422,0.011215180166185279,0.0,0.0
2016-05-02,1.4364661579583708,-0.006617171202749517,0.03632166842600615,5.217674264088928e-05
2016-05-03,1.443881083642478,0.005161921596987584,0.0,0.0
2016-05-04,1.4435000690758115,-0.0002638822344741554,0.0,0.0
2016-05-05,1.4475727033601036,0.0028213606438547423,0.0,0.0
2016-05-06,1.4508946807199008,0.002294860459917558,0.0,0.0
2016-05-09,1.4384542729410756,-0.008574301046201716,0.0,0.0
2016-05-10,1.4404334340780616,0.0013758943709343274,0.0,0.0
2016-05-11,1.451235285370163,0.007499028442793154,0.0,0.0
2016-05-12,1.4422693175765229,-0.00617816275832439,0.0,0.0
2016-05-13,1.4526110175720977,0.00717043611033219,0.0,0.0
2016-05-16,1.4467294115594342,-0.004048988987082058,0.0,0.0
2016-05-17,1.4504130885008955,0.0025462100321100856,0.0,0.0
2016-05-18,1.4275503980143456,-0.015762882083600105,0.0,0.0
2016-05-19,1.4293568473602654,0.0012654189641447822,0.0,0.0
2016-05-20,1.4289862583121726,-0.0002592697889104434,0.0,0.0
2016-05-23,1.4286340880426294,-0.00024644762501724315,0.0,0.0
2016-05-24,1.41331151490949,-0.010725330762709762,0.0,0.0
2016-05-25,1.4086930189408997,-0.0032678541990694976,0.0,0.0
2016-05-26,1.4101268121514656,0.0010178180705715523,0.0,0.0
2016-05-27,1.4034643798081792,-0.004724704392452095,0.0,0.0
2016-05-31,1.4077703861751543,0.0030681265794316737,0.0,0.0
2016-06-01,1.4086284146970824,0.0006094946522205991,1.0,0.0014100384531502326
2016-06-02,1.4151231682171923,0.004610693247662834,0.0,0.0
2016-06-03,1.4308970010210138,0.011146614766892604,0.0,0.0
2016-06-06,1.4238370255770683,-0.0049339508286815326,0.0,0.0
2016-06-07,1.426628780039803,0.0019607261312812874,0.0,0.0
2016-06-08,1.432827840509959,0.004345251236262726,0.0,0.0
2016-06-09,1.4384768606494167,0.003942567264359598,0.0,0.0
2016-06-10,1.4428148970250114,0.0030157150902214713,0.0,0.0
2016-06-13,1.444991350280818,0.0015084771167073185,0.0,0.0
2016-06-14,1.442855108626776,-0.0014783767761841204,0.0,0.0
2016-06-15,1.44832332068033,0.003789855281282062,0.0,0.0
2016-06-16,1.4529517584012872,0.003195721324699141,0.0,0.0
2016-06-17,1.4462335054576556,-0.004623865110995773,0.0,0.0
2016-06-20,1.4375157579982116,-0.006027897588145925,0.0,0.0
2016-06-21,1.4335174643257593,-0.002781391195335492,0.0,0.0
2016-06-22,1.4360063346481113,0.0017361981170718188,0.0,0.0
2016-06-23,1.4270339506330378,-0.006248150720917334,0.0,0.0
2016-06-24,1.449574453523415,0.015795351526414647,0.0,0.0
2016-06-27,1.4708969608778426,0.014709494433073012,0.0,0.0
2016-06-28,1.4764240290391841,0.0037576175003060097,0.0,0.0
2016-06-29,1.470409328352257,-0.004073830125103872,0.0,0.0
2016-06-30,1.4757054749412024,0.0036018178658321354,0.0,0.0
2016-07-01,1.4898886226767865,0.009611096507010863,0.02089310077809135,3.11290435239612e-05
2016-07-05,1.5017583884654346,0.00796688128762435,0.0,0.0
2016-07-06,1.5043094416655136,0.0016987108043962085,0.0,0.0
2016-07-07,1.5043769481799578,4.487541763320557e-05,0.0,0.0
2016-07-08,1.5141192534551835,0.0064759735164861,0.0,0.0
2016-07-11,1.5055041234449797,-0.005689862268473345,0.0,0.0
2016-07-12,1.4888656162684324,-0.011051784526816322,0.0,0.0
2016-07-13,1.5005159181464376,0.007824951930319068,0.0,0.0
2016-07-14,1.4877834341471454,-0.008485404150207487,0.0,0.0
2016-07-15,1.4785779268415637,-0.006187397368662473,0.0,0.0
2016-07-18,1.477889042021204,-0.00046591039123056177,0.0,0.0
2016-07-19,1.4833540754382408,0.003697864495674663,0.0,0.0
2016-07-20,1.4790849285168846,-0.0028780363313425372,0.0,0.0
2016-07-21,1.4814160198296824,0.0015760361476573337,0.0,0.0
2016-07-22,1.482264048445169,0.0005724446098429592,0.0,0.0
2016-07-25,1.4813108564425734,-0.0006430649138360334,0.0,0.0
2016-07-26,1.4817498946402017,0.0002963849186137235,0.0,0.0
2016-07-27,1.494005439627463,0.008270994336893267,0.0,0.0
2016-07-28,1.491901145432346,-0.0014084916555869853,0.0,0.0
2016-07-29,1.5008257865578796,0.005982059302559906,0.0,0.0
2016-08-01,1.486970154581145,-0.009232005540438126,1.0019192744246115,0.001491318238856805
2016-08-02,1.4853518665295844,-0.0010883123958976837,0.0,0.0
2016-08-03,1.4822098811090345,-0.002115313880401204,0.0,0.0
2016-08-04,1.4890078510883997,0.004586374754349087,0.0,0.0
2016-08-05,1.4679462586152718,-0.014144715528351837,0.0,0.0
2016-08-08,1.4686966534297936,0.0005111868436038502,0.0,0.0
2016-08-09,1.4789229841481855,0.0069628610472494135,0.0,0.0
2016-08-10,1.485247653188313,0.004276537120538659,0.0,0.0
2016-08-11,1.4734774789908291,-0.007924721626199727,0.0,0.0
2016-08-12,1.4781478551410645,0.0031696284584099566,0.0,0.0
2016-08-15,1.4736575780658825,-0.0030377726149415363,0.0,0.0
2016-08-16,1.4753142982862086,0.0011242233236439247,0.0,0.0
2016-08-17,1.4799018941423001,0.0031095718799856176,0.0,0.0
2016-08-18,1.4845823588799405,0.0031626858213820164,0.0,0.0
2016-08-19,1.4741396123214934,-0.007034130842242914,0.0,0.0
2016-08-22,1.4792700290149134,0.0034802786998855417,0.0,0.0
2016-08-23,1.4799527129807055,0.0004615005728512145,0.0,0.0
2016-08-24,1.4700275677046282,-0.006706393514484321,0.0,0.0
2016-08-25,1.46657551468491,-0.0023482913487863355,0.0,0.0
2016-08-26,1.4612311968073244,-0.00364407957454127,0.0,0.0
2016-08-29,1.4725103759382439,0.007718955874719713,0.0,0.0
2016-08-30,1.4623307362449336,-0.006913119160076642,0.0,0.0
2016-08-31,1.4619557595722816,-0.0002564239835475268,0.0,0.0
2016-09-01,1.4642453305915475,0.0015661014393046901,1.0,0.0014657110416331808
2016-09-02,1.4646257043106337,0.00025977458226389416,0.0,0.0
2016-09-06,1.4756083895586705,0.007498629319226735,0.0,0.0
2016-09-07,1.4795398048268056,0.0026642673597911948,0.0,0.0
2016-09-08,1.4612156238975982,-0.012385054372600957,0.0,0.0
2016-09-09,1.4200406291766559,-0.028178589146968913,0.0,0.0
2016-09-12,1.428821834201858,0.006183770270216549,0.0,0.0
2016-09-13,1.402713257880035,-0.018272800496786368,0.0,0.0
2016-09-14,1.406003701998289,0.0023457710260947895,0.0,0.0
2016-09-15,1.405624276238056,-0.0002698611388388672,0.0,0.0
2016-09-16,1.4116133502997297,0.004260792989220885,0.0,0.0
2016-09-19,1.4157044357878068,0.0028981629333617587,0.0,0.0
2016-09-20,1.417086476410371,0.0009762211572044155,0.0,0.0
2016-09-21,1.4319327622133748,0.010476626550421253,0.0,0.0
2016-09-22,1.4504643893065627,0.01294168803327267,0.0,0.0
2016-09-23,1.4520262464707185,0.0010767980073627115,0.0,0.0
2016-09-26,1.4583273575277529,0.0043395297243074005,0.0,0.0
2016-09-27,1.4558104513558927,-0.001725885590000198,0.0,0.0
2016-09-28,1.4602191583520117,0.0030283523462912854,0.0,0.0
2016-09-29,1.4522512105876295,-0.005456679375015705,0.0,0.0
2016-09-30,1.4407723941670705,-0.007904153452841234,0.0,0.0
2016-10-03,1.423504749328738,-0.01198499145891474,1.006625996008381,0.0014343807710880533
2016-10-04,1.3890994072479903,-0.02416946068987247,0.0,0.0
2016-10-05,1.3738053314504133,-0.01101006574315433,0.0,0.0
2016-10-06,1.3676953424391722,-0.004447492575087253,0.0,0.0
2016-10-07,1.3669788396218432,-0.0005238760381031105,0.0,0.0
2016-10-10,1.3736287422041331,0.004864671192810421,0.0,0.0
2016-10-11,1.3634750305464403,-0.007391889340783719,0.0,0.0
2016-10-12,1.37241377610148,0.006555855703098246,0.0,0.0
2016-10-13,1.3794959093514425,0.005160348411890947,0.0,0.0
2016-10-14,1.3725970559651985,-0.0050009958996452,0.0,0.0
2016-10-17,1.3759195872143188,0.0024206166221039105,0.0,0.0
2016-10-18,1.3845541325826496,0.006275472381211067,0.0,0.0
2016-10-19,1.3899779918535027,0.0039174049921297804,0.0,0.0
2016-10-20,1.386287865854805,-0.0026548089396559726,0.0,0.0
2016-10-21,1.3842070497250958,-0.0015009985883603916,0.0,0.0
2016-10-24,1.3842621739533563,3.982368697763583e-05,0.0,0.0
2016-10-25,1.38817623194671,0.0028275409579208155,0.0,0.0
2016-10-26,1.375200126023202,-0.009347592636210766,0.0,0.0
2016-10-27,1.358387996610906,-0.012225223874079538,0.0,0.0
2016-10-28,1.3632139061862367,0.003552673895360625,0.0,0.0
2016-10-31,1.3762124737123829,0.009535236889206322,0.0,0.0
2016-11-01,1.363086577318049,-0.009537696137084328,1.998001998001998,0.002728902056692791
2016-11-02,1.3670703016704664,0.002922576172861735,0.0,0.0
2016-11-03,1.3604582189458392,-0.0048366808323958566,0.0,0.0
2016-11-04,1.368580918129149,0.0059705612933882435,0.0,0.0
2016-11-07,1.3623021211853548,-0.004587815642189019,0.0,0.0
2016-11-08,1.358017855041385,-0.0031448722550926345,0.0,0.0
2016-11-09,1.319291491550218,-0.028516829397642107,0.0,0.0
2016-11-10,1.309153827687867,-0.007684172851322613,0.0,0.0
2016-11-11,1.3026801721245644,-0.004944915888712487,0.0,0.0
2016-11-14,1.295432354551279,-0.005563773617176415,0.0,0.0
2016-11-15,1.3005898885492724,0.0039813225135787444,0.0,0.0
2016-11-16,1.3072737457097836,0.005139096666334053,0.0,0.0
2016-11-17,1.2936159943240189,-0.010447506829068365,0.0,0.0
2016-11-18,1.2880626765868186,-0.004292864158735199,0.0,0.0
2016-11-21,1.290301622277471,0.0017382272861017345,0.0,0.0
2016-11-22,1.2917905940170245,0.001153971841812762,0.0,0.0
2016-11-23,1.2869136067879854,-0.0037753698251303813,0.0,0.0
2016-11-25,1.2879065193878274,0.0007715456535735132,0.0,0.0
2016-11-28,1.2955342964971122,0.005922617049031187,0.0,0.0
2016-11-29,1.2990920516298192,0.002746168235242097,0.0,0.0
2016-11-30,1.286303563799882,-0.009844173716475946,0.0,0.0
2016-12-01,1.2734464104192742,-0.009995427006846191,1.9980019980019983,0.00254944226310165
2016-12-02,1.2771905013675093,0.0029401244666451554,0.0,0.0
2016-12-05,1.2775932453642023,0.0003153358847107768,0.0,0.0
2016-12-06,1.278995359371141,0.0010974651063837548,0.0,0.0
2016-12-07,1.289688126962905,0.008360286465012301,0.0,0.0
2016-12-08,1.2897990393341114,8.599937371500666e-05,0.0,0.0
2016-12-09,1.2870638614554464,-0.002120623287234835,0.0,0.0
2016-12-12,1.2887074731020622,0.0012770241600577048,0.0,0.0
2016-12-13,1.2909738147363106,0.001758616040918204,0.0,0.0
2016-12-14,1.2762745660107453,-0.011386171088658137,0.0,0.0
2016-12-15,1.2704659001942473,-0.004551266609232996,0.0,0.0
2016-12-16,1.27323263525747,0.002177732643434016,0.0,0.0
2016-12-19,1.2777444460214933,0.003543587117613267,0.0,0.0
2016-12-20,1.2757154103778907,-0.0015879823621385292,0.0,0.0
2016-12-21,1.2742202902673259,-0.0011719856156021669,0.0,0.0
2016-12-22,1.271598355820685,-0.0020576775198666297,0.0,0.0
2016-12-23,1.2745018493004088,0.0022833416435568132,0.0,0.0
2016-12-27,1.2797315384293726,0.004103320157467394,0.0,0.0
2016-12-28,1.2759894925087076,-0.002924086660595737,0.0,0.0
2016-12-29,1.2840067574349632,0.006283174723087148,0.0,0.0
2016-12-30,1.2777332860202142,-0.004885855450855514,0.0,0.0
2017-01-03,1.2863428170927047,0.006738128502002727,1.0,0.0012876304475402446
2017-01-04,1.2923629811773965,0.004680061959142501,0.0,0.0
2017-01-05,1.2953038976666176,0.002275611830464097,0.0,0.0
2017-01-06,1.294216938696347,-0.0008391536319999338,0.0,0.0
2017-01-09,1.293336247264281,-0.0006804820781846077,0.0,0.0
2017-01-10,1.2929522851890538,-0.0002968772243409079,0.0,0.0
2017-01-11,1.2957672272652598,0.0021771430457655505,0.0,0.0
2017-01-12,1.2940849547803528,-0.0012982829396430695,0.0,0.0
2017-01-13,1.29425355968985,0.00013028890327038134,0.0,0.0
2017-01-17,1.2947658921499228,0.0003958516909126075,0.0,0.0
2017-01-18,1.2919158827303145,-0.0022011773996269968,0.0,0.0
2017-01-19,1.287323906432158,-0.003554392634644299,0.0,0.0
2017-01-20,1.2908455500028522,0.0027356312992388165,0.0,0.0
2017-01-23,1.2921225011053528,0.000989236165781282,0.0,0.0
2017-01-24,1.2943431678260455,0.0017186193404983285,0.0,0.0
2017-01-25,1.2975006851062196,0.002439474598902036,0.0,0.0
2017-01-26,1.2975832753459149,6.365333031665976e-05,0.0,0.0
2017-01-27,1.2973232571366342,-0.00020038652949760927,0.0,0.0
2017-01-30,1.2921715672760952,-0.00397101480467521,0.0,0.0
2017-01-31,1.293266273018566,0.0008471829671801157,0.0,0.0
2017-02-01,1.2914385536468331,-0.001413258359755143,1.0,0.001292731284931765
2017-02-02,1.2912978721352677,-0.00010893395676325746,0.0,0.0
2017-02-03,1.2976048557358277,0.004884220547913376,0.0,0.0
2017-02-06,1.297213866644051,-0.0003013159900323581,0.0,0.0
2017-02-07,1.2996104047972028,0.0018474503046685964,0.0,0.0
2017-02-08,1.3015426630313947,0.001486798064296302,0.0,0.0
2017-02-09,1.3077686169507554,0.004783518893541228,0.0,0.0
2017-02-10,1.312512239820614,0.0036272646463400005,0.0,0.0
2017-02-13,1.3197937207003827,0.0055477432201043175,0.0,0.0
2017-02-14,1.3246453162528977,0.0036760256367489585,0.0,0.0
2017-02-15,1.3320187718875274,0.005566362213462073,0.0,0.0
2017-02-16,1.3312455393942582,-0.0005804966938818268,0.0,0.0
2017-02-17,1.33517831893327,0.0029542104913278244,0.0,0.0
2017-02-21,1.3424444148487031,0.005442041570326239,0.0,0.0
2017-02-22,1.3421061780867252,-0.00025195587857251844,0.0,0.0
2017-02-23,1.3400373682397753,-0.0015414651096377074,0.0,0.0
2017-02-24,1.3421751386969822,0.0015953065995577553,0.0,0.0
2017-02-27,1.344048836266092,0.0013960157024879294,0.0,0.0
2017-02-28,1.3401740797531643,-0.002882898603366435,0.0,0.0
2017-03-01,1.3568706600159492,0.012458516035364742,0.0026207290953117277,3.5559997365903187e-06
2017-03-02,1.3491917998655696,-0.00565924253258554,0.0,0.0
2017-03-03,1.3508548050647295,0.0012325936159156559,0.0,0.0
2017-03-06,1.347349147236404,-0.0025951403623704072,0.0,0.0
2017-03-07,1.344204402821731,-0.0023340233829689527,0.0,0.0
2017-03-08,1.3441469451281804,-4.2744759227053564e-05,0.0,0.0
2017-03-09,1.3455116732892107,0.0010153117305937709,0.0,0.0
2017-03-10,1.350698975287117,0.0038552634665929286,0.0,0.0
2017-03-13,1.3521742561181154,0.0010922351004853947,0.0,0.0
2017-03-14,1.3479476281846574,-0.0031258012155859216,0.0,0.0
2017-03-15,1.3579287262596145,0.007404663108758314,0.0,0.0
2017-03-16,1.356134771935708,-0.0013210960849527886,0.0,0.0
2017-03-17,1.3547117899083259,-0.0010492924868750197,0.0,0.0
2017-03-20,1.3545933681808164,-8.741470207285218e-05,0.0,0.0
2017-03-21,1.335609991319922,-0.014014077808743974,0.0,0.0
2017-03-22,1.3417243136321781,0.004577924957130497,0.0,0.0
2017-03-23,1.3393072702706679,-0.0018014456002269918,0.0,0.0
2017-03-24,1.340220470082032,0.0006818448847660807,0.0,0.0
2017-03-27,1.3406250089557636,0.00030184501935481833,0.0,0.0
2017-03-28,1.3495935504344625,0.006689821104922222,0.0,0.0
2017-03-29,1.353373853620638,0.002801067910378263,0.0,0.0
2017-03-30,1.3566429360346635,0.002415505815543728,0.0,0.0
2017-03-31,1.3546146825726155,-0.0014950532731746735,0.0,0.0
2017-04-03,1.3530201471973522,-0.0011771136071219157,0.011495251045538155,1.5553485052920123e-05
2017-04-04,1.354525318793534,0.0011124532027846357,0.0,0.0
2017-04-05,1.3497517411125934,-0.003524170138947569,0.0,0.0
2017-04-06,1.3520071312084778,0.0016709666134790968,0.0,0.0
2017-04-07,1.350958988243238,-0.0007752495834122408,0.0,0.0
2017-04-10,1.3516173535276357,0.0004873318066107579,0.0,0.0
2017-04-11,1.3478974682544111,-0.0027521733599497056,0.0,0.0
2017-04-12,1.3422265440613739,-0.004207237068544534,0.0,0.0
2017-04-13,1.335197810195716,-0.0052366226079764155,0.0,0.0
2017-04-17,1.346642334889207,0.008571407626719596,0.0,0.0
2017-04-18,1.3436072386041191,-0.002253825092568107,0.0,0.0
2017-04-19,1.343445133888335,-0.0001206488854231802,0.0,0.0
2017-04-20,1.3545318717199422,0.008252467891650017,0.0,0.0
2017-04-21,1.352222327213789,-0.001705049954432325,0.0,0.0
2017-04-24,1.3678203877561657,0.011535130154606943,0.0,0.0
2017-04-25,1.3767480114014896,0.006526897628693185,0.0,0.0
2017-04-26,1.3753449711402514,-0.0010190973581359897,0.0,0.0
2017-04-27,1.3800619464491524,0.0034296670347295777,0.0,0.0
2017-04-28,1.3797944759432161,-0.00019381050729239124,0.0,0.0
2017-05-01,1.387690960259919,0.005722942405103515,0.01111575003741863,1.5425397308295634e-05
2017-05-02,1.3891160489771444,0.0010269496293024982,0.0,0.0
2017-05-03,1.3860478384350032,-0.002208750337598042,0.0,0.0
2017-05-04,1.3871141669688274,0.0007693302527191914,0.0,0.0
2017-05-05,1.3923754338884842,0.003792958824113235,0.0,0.0
2017-05-08,1.3937762662906992,0.001006073770134508,0.0,0.0
2017-05-09,1.3955644657323583,0.0012829888733993933,0.0,0.0
2017-05-10,1.3972191239571952,0.0011856551706972418,0.0,0.0
2017-05-11,1.3952381880631624,-0.0014177703840915212,0.0,0.0
2017-05-12,1.3956432309133278,0.0002903037299515354,0.0,0.0
2017-05-15,1.4017054934249757,0.004343705022436639,0.0,0.0
2017-05-16,1.4039993508915458,0.0016364760481641927,0.0,0.0
2017-05-17,1.3736626286483722,-0.021607362014740006,0.0,0.0
2017-05-18,1.3824419202213525,0.0063911555791678065,0.0,0.0
2017-05-19,1.3898519050115257,0.005360069513073551,0.0,0.0
2017-05-22,1.399235855013,0.006751762520623705,0.0,0.0
2017-05-23,1.4014844687353394,0.0016070298043631137,0.0,0.0
2017-05-24,1.4063489502420015,0.003470949279267943,0.0,0.0
2017-05-25,1.4157103093375745,0.006656498086027751,0.0,0.0
2017-05-26,1.4168290075178902,0.0007902027504760323,0.0,0.0
2017-05-30,1.4168254498540744,-2.5110043603282506e-06,0.0,0.0
2017-05-31,1.4163982273851667,-0.00030153500486007623,0.0,0.0
2017-06-01,1.4247509548007382,0.005897160314152217,0.006920597270005,9.860195806675557e-06
2017-06-02,1.4352586875118538,0.007375136458557474,0.0,0.0
2017-06-05,1.4345810034179463,-0.00047216860612242506,0.0,0.0
2017-06-06,1.42943478339457,-0.0035872634665559122,0.0,0.0
2017-06-07,1.4335648345738097,0.002889289687936447,0.0,0.0
2017-06-08,1.4346693527476788,0.0007704696343207029,0.0,0.0
2017-06-09,1.4155556973858028,-0.01332269022494248,0.0,0.0
2017-06-12,1.4116429669639161,-0.0027640949975423768,0.0,0.0
2017-06-13,1.4208014573941887,0.006487823511047042,0.0,0.0
2017-06-14,1.4168302897001346,-0.0027950194401809014,0.0,0.0
2017-06-15,1.4123406578199798,-0.003168785925027784,0.0,0.0
2017-06-16,1.4094650234165003,-0.0020360770523438765,0.0,0.0
2017-06-19,1.4270401480888721,0.012469358501547179,0.0,0.0
2017-06-20,1.4166468009149793,-0.007283149803326783,0.0,0.0
2017-06-21,1.4234204973784215,0.00478149984813947,0.0,0.0
2017-06-22,1.4228954692441038,-0.0003688496373942529,0.0,0.0
2017-06-23,1.4264678926589953,0.0025106717198202233,0.0,0.0
2017-06-26,1.4236144764440306,-0.0020003367966774377,0.0,0.0
2017-06-27,1.405007039817737,-0.013070558732145021,0.0,0.0
2017-06-28,1.4213828326488738,0.011655310163613875,0.0,0.0
2017-06-29,1.4028503334607851,-0.013038358676072948,0.0,0.0
2017-06-30,1.404425663298881,0.0011229493271813773,0.0,0.0
2017-07-03,1.3983030262420997,-0.0043595308863836335,0.019025315536223286,2.660366243258397e-05
2017-07-05,1.4067984466773895,0.0060755217401775585,0.0,0.0
2017-07-06,1.3940247446821408,-0.009079980167321033,0.0,0.0
2017-07-07,1.4060739032023555,0.008643432310781574,0.0,0.0
2017-07-10,1.4114447189661479,0.0038197250881053524,0.0,0.0
2017-07-11,1.412927174985633,0.001050311074578092,0.0,0.0
2017-07-12,1.4266513957899054,0.009713324966243997,0.0,0.0
2017-07-13,1.4294261472905005,0.0019449400945343864,0.0,0.0
2017-07-14,1.4384155191464782,0.006288797692008963,0.0,0.0
2017-07-17,1.438688221198595,0.00018958503192356702,0.0,0.0
2017-07-18,1.4439402536510682,0.0036505702730349476,0.0,0.0
2017-07-19,1.452091503251392,0.005645143266636454,0.0,0.0
2017-07-20,1.453384702483455,0.000890576956870337,0.0,0.0
2017-07-21,1.452441453545672,-0.000649001559030582,0.0,0.0
2017-07-24,1.4556564037812827,0.002213480087450259,0.0,0.0
2017-07-25,1.4554888646691237,-0.00011509523244890296,0.0,0.0
2017-07-26,1.4579308528131012,0.0016777786510462356,0.0,0.0
2017-07-27,1.4525951986970584,-0.0036597442915399236,0.0,0.0
2017-07-28,1.451141989801696,-0.0010004224829229802,0.0,0.0
2017-07-31,1.4476064234700536,-0.002436402747966415,0.0,0.0
2017-08-01,1.450864867405724,0.0022509184007761807,0.015910573663228195,2.3084459635244543e-05
2017-08-02,1.4531876126844785,0.0016009383995270188,0.0,0.0
2017-08-03,1.4489502409366124,-0.002915915130902058,0.0,0.0
2017-08-04,1.4515836224711112,0.001817440972159634,0.0,0.0
2017-08-07,1.4575312547002839,0.00409734040609222,0.0,0.0
2017-08-08,1.4544790528882876,-0.0020940901281900626,0.0,0.0
2017-08-09,1.453489099873754,-0.0006806237687423389,0.0,0.0
2017-08-10,1.4276382469049178,-0.01778537793718682,0.0,0.0
2017-08-11,1.4341014811303108,0.004527221261692249,0.0,0.0
2017-08-14,1.4504466833404033,0.011397521322696003,0.0,0.0
2017-08-15,1.4508642479473448,0.0002878869052806987,0.0,0.0
2017-08-16,1.4533887362771698,0.0017399893431770952,0.0,0.0
2017-08-17,1.4271888907447607,-0.018026729448529677,0.0,0.0
2017-08-18,1.4255694719918355,-0.001134691254554343,0.0,0.0
2017-08-21,1.4252171295208202,-0.00024715910233608085,0.0,0.0
2017-08-22,1.4435312243853122,0.012850038415304077,0.0,0.0
2017-08-23,1.438373466652095,-0.0035730143180058294,0.0,0.0
2017-08-24,1.434579057937846,-0.0026379857542011553,0.0,0.0
2017-08-25,1.4347349741570588,0.0001086842989588277,0.0,0.0
2017-08-28,1.436987572596626,0.0015700449770457148,0.0,0.0
2017-08-29,1.4406387194383545,0.0025408339719534823,0.0,0.0
2017-08-30,1.4525303753562289,0.008254433090976843,0.0,0.0
2017-08-31,1.4647039609224068,0.008380950768890116,0.0,0.0
2017-09-01,1.463245842897039,-0.0009955035722369887,1.006370096759358,0.0014740503006427073
2017-09-05,1.4530767759242376,-0.006949664010435841,0.0,0.0
2017-09-06,1.4600340702533536,0.004787974348217761,0.0,0.0
2017-09-07,1.4659523061391901,0.004053491631746287,0.0,0.0
2017-09-08,1.4652057395989342,-0.0005092706885001519,0.0,0.0
2017-09-11,1.478757611190257,0.00924912537882383,0.0,0.0
2017-09-12,1.4835308713405626,0.003227885431787314,0.0,0.0
2017-09-13,1.4798440021821153,-0.002485198811613354,0.0,0.0
2017-09-14,1.4809185451663747,0.0007261190927387862,0.0,0.0
2017-09-15,1.482567598843672,0.0011135343552011179,0.0,0.0
2017-09-18,1.485122838546068,0.0017235232338741469,0.0,0.0
2017-09-19,1.4893596308223895,0.0028528227876889467,0.0,0.0
2017-09-20,1.4879880363115774,-0.0009209290237407464,0.0,0.0
2017-09-21,1.4844713883533531,-0.0023633576832655656,0.0,0.0
2017-09-22,1.4869133680860382,0.0016450163686845265,0.0,0.0
2017-09-25,1.4811412257481338,-0.0038819627705239945,0.0,0.0
2017-09-26,1.479947677130211,-0.0008058303942758416,0.0,0.0
2017-09-27,1.4833715656714506,0.0023135199940844675,0.0,0.0
2017-09-28,1.486227549586399,0.0019253327898702821,0.0,0.0
2017-09-29,1.4932065295722257,0.004695768146518953,0.0,0.0
2017-10-02,1.4942891309129844,0.0007250178185793654,1.0,0.0014957849158288127
2017-10-03,1.497478881044911,0.0021346271387101545,0.0,0.0
2017-10-04,1.499085877088889,0.0010731343622401024,0.0,0.0
2017-10-05,1.5108662089418168,0.007858343563214909,0.0,0.0
2017-10-06,1.5110343100540335,0.00011126141495654274,0.0,0.0
2017-10-09,1.5089184435781813,-0.00140027692407374,0.0,0.0
2017-10-10,1.5114667000606379,0.0016887966962706447,0.0,0.0
2017-10-11,1.5149089533795035,0.0022774258398994274,0.0,0.0
2017-10-12,1.5123984992232116,-0.001657165039979147,0.0,0.0
2017-10-13,1.516241590844644,0.0025410575476016994,0.0,0.0
2017-10-16,1.5198661382935943,0.002390481484504825,0.0,0.0
2017-10-17,1.5213736438612366,0.0009918673294049274,0.0,0.0
2017-10-18,1.5211902526440302,-0.00012054318013621224,0.0,0.0
2017-10-19,1.5185748491285171,-0.0017193138800141172,0.0,0.0
2017-10-20,1.5245364497426146,0.003925786481659976,0.0,0.0
2017-10-23,1.516597054533693,-0.005207743776976859,0.0,0.0
2017-10-24,1.5192128867943786,0.001724803732715774,0.0,0.0
2017-10-25,1.5125781129476539,-0.004367244317367791,0.0,0.0
2017-10-26,1.51114303372217,-0.0009487637122338466,0.0,0.0
2017-10-27,1.5392975558137691,0.01863127544071741,0.0,0.0
2017-10-30,1.5382000316646915,-0.0007130032428963595,0.0,0.0
2017-10-31,1.5423096224449786,0.002671688139181505,0.0,0.0
2017-11-01,1.541499896542077,-0.000525008656574455,1.0107534289308464,0.0015596527304717154
2017-11-02,1.5441214784529316,0.0017006695340917588,0.0,0.0
2017-11-03,1.5454794221287629,0.0008794280079515993,0.0,0.0
2017-11-06,1.5477824083986862,0.0014901436000689383,0.0,0.0
2017-11-07,1.5443684520786736,-0.0022057081806121648,0.0,0.0
2017-11-08,1.548228966915154,0.0024997369191817054,0.0,0.0
2017-11-09,1.540991845311463,-0.004674451749931419,0.0,0.0
2017-11-10,1.5386516585330061,-0.0015186237263857816,0.0,0.0
2017-11-13,1.5361631454354265,-0.00161733364649419,0.0,0.0
2017-11-14,1.5338142928665381,-0.0015290384851815997,0.0,0.0
2017-11-15,1.5263037882844634,-0.004896619243284217,0.0,0.0
2017-11-16,1.5389109337642446,0.00825991888151667,0.0,0.0
2017-11-17,1.5338714518243926,-0.0032747066963292326,0.0,0.0
2017-11-20,1.536847192662786,0.0019400197029901811,0.0,0.0
2017-11-21,1.5476562328205934,0.007033256272589661,0.0,0.0
2017-11-22,1.5490687516489747,0.0009126825443703801,0.0,0.0
2017-11-24,1.557167920657593,0.005228411585991077,0.0,0.0
2017-11-27,1.552134234263037,-0.003232590607460062,0.0,0.0
2017-11-28,1.56446000733191,0.007941177249225051,0.0,0.0
2017-11-29,1.5608849764039636,-0.0022851532868797264,0.0,0.0
2017-11-30,1.5685435787721747,0.0049065770277674225,0.0,0.0
2017-12-01,1.5637814061670765,-0.003036047368748185,0.012422153795505732,1.942577443991784e-05
2017-12-04,1.56003633062099,-0.002394884305004008,0.0,0.0
2017-12-05,1.55554781533759,-0.002877186380405239,0.0,0.0
2017-12-06,1.5541283189942132,-0.0009125379042550508,0.0,0.0
2017-12-07,1.558597439762225,0.002875644638471231,0.0,0.0
2017-12-08,1.5669976753221677,0.005389612061228677,0.0,0.0
2017-12-11,1.5713785339528725,0.0027957020611433236,0.0,0.0
2017-12-12,1.5737760518257806,0.0015257417745659918,0.0,0.0
2017-12-13,1.5767100013068087,0.0018642738130525416,0.0,0.0
2017-12-14,1.569120577064591,-0.004813456016596218,0.0,0.0
2017-12-15,1.5754377412936709,0.0040259265740416605,0.0,0.0
2017-12-18,1.5897531543156516,0.009086625670288617,0.0,0.0
2017-12-19,1.5837843710570638,-0.0037545346221735665,0.0,0.0
2017-12-20,1.5820103756200985,-0.0011200990926443222,0.0,0.0
2017-12-21,1.5864735639762424,0.0028212130747844455,0.0,0.0
2017-12-22,1.5883027773417084,0.00115300589118017,0.0,0.0
2017-12-26,1.5871254293002188,-0.0007412617155150292,0.0,0.0
2017-12-27,1.588982599854827,0.00117014731181464,0.0,0.0
2017-12-28,1.5910696005050726,0.0013134194486688067,0.0,0.0
2017-12-29,1.5886339814645225,-0.0015308060940746326,0.0,0.0
2018-01-02,1.6001913953239908,0.007275063982210561,0.0017521059631311828,2.8037097982945677e-06
2018-01-03,1.60909290960137,0.005562780991943184,0.0,0.0
2018-01-04,1.6212971141198733,0.007584524452057151,0.0,0.0
2018-01-05,1.6312037787627762,0.006110332619867043,0.0,0.0
2018-01-08,1.6324662370727496,0.0007739427326063364,0.0,0.0
2018-01-09,1.6352157659652908,0.001684279178399084,0.0,0.0
2018-01-10,1.6323838394840444,-0.0017318365809509961,0.0,0.0
2018-01-11,1.643985834252625,0.007107393793023498,0.0,0.0
2018-01-12,1.6575902256794306,0.008275248571707028,0.0,0.0
2018-01-16,1.6539716820830233,-0.002183014559538732,0.0,0.0
2018-01-17,1.666123015711968,0.007346760383249773,0.0,0.0
2018-01-18,1.663707380460078,-0.0014498540798668635,0.0,0.0
2018-01-19,1.6721194737349903,0.005056233670482468,0.0,0.0
2018-01-22,1.6831989741448339,0.006626021994167397,0.0,0.0
2018-01-23,1.6876956446581275,0.002671502646071966,0.0,0.0
2018-01-24,1.6888371018553887,0.0006763406665615257,0.0,0.0
2018-01-25,1.6859184512017378,-0.0017282014058338513,0.0,0.0
2018-01-26,1.7031377426483583,0.01021359688800283,0.0,0.0
2018-01-29,1.6896878237874569,-0.007897140979323813,0.0,0.0
2018-01-30,1.6739916594872644,-0.009289387115904879,0.0,0.0
2018-01-31,1.673278424628721,-0.00042606834657821224,0.0,0.0
2018-02-01,1.674696472403784,0.0008474667181450624,0.001051345578328654,1.7606865823944715e-06
2018-02-02,1.6395060241403763,-0.02101303062572113,0.0,0.0
2018-02-05,1.5708723454823543,-0.04186241321925477,0.0,0.0
2018-02-06,1.6018277309413418,0.0197058567795223,0.0,0.0
2018-02-07,1.589005142802547,-0.008004973250937186,0.0,0.0
2018-02-08,1.5384551885465292,-0.031812328918496835,0.0,0.0
2018-02-09,1.5532428581788067,0.009612024934082308,0.0,0.0
2018-02-12,1.576535338560333,0.014996032499925205,0.0,0.0
2018-02-13,1.5761232020004283,-0.0002614191701411084,0.0,0.0
2018-02-14,1.6007075681976273,0.015597997774537076,0.0,0.0
2018-02-15,1.6159128436196144,0.009499096352188818,0.0,0.0
2018-02-16,1.6197690494464276,0.0023863946883269094,0.0,0.0
2018-02-20,1.6071079272947033,-0.00781662185485732,0.0,0.0
2018-02-21,1.5992483970788856,-0.004890480646839945,0.0,0.0
2018-02-22,1.6044730688773803,0.003266954531915056,0.0,0.0
2018-02-23,1.623622785751373,0.01193520617170063,0.0,0.0
2018-02-26,1.6406852186150993,0.010508865121543698,0.0,0.0
2018-02-27,1.6182667277760467,-0.01366410240349214,0.0,0.0
2018-02-28,1.6024233912257209,-0.009790312238637577,0.0,0.0
2018-03-01,1.577319109621945,-0.015666447295538566,0.00939015336476148,1.4811407425905883e-05
2018-03-02,1.5851516354945576,0.004965720522139616,0.0,0.0
2018-03-05,1.5985375506934116,0.0084445644814779,0.0,0.0
2018-03-06,1.605250102546637,0.004199183091015746,0.0,0.0
2018-03-07,1.6047273376324394,-0.000325659480331697,0.0,0.0
2018-03-08,1.6103286072580048,0.003490480590820688,0.0,0.0
2018-03-09,1.6295177911122085,0.011916315569204361,0.0,0.0
2018-03-12,1.6293999989587626,-7.228650959711924e-05,0.0,0.0
2018-03-13,1.618732104650817,-0.006547130425164305,0.0,0.0
2018-03-14,1.616488923231553,-0.0013857644589979623,0.0,0.0
2018-03-15,1.6151486730351854,-0.0008291118962251431,0.0,0.0
2018-03-16,1.615456427877923,0.00019054273323293458,0.0,0.0
2018-03-19,1.5979762497293417,-0.010820581630631487,0.0,0.0
2018-03-20,1.5992226604115292,0.0007799932460814674,0.0,0.0
2018-03-21,1.598940390978203,-0.00017650414811754,0.0,0.0
2018-03-22,1.564105787781417,-0.021786054935715726,0.0,0.0
2018-03-23,1.5388072503734023,-0.01617444140009172,0.0,0.0
2018-03-26,1.5736159151002922,0.022620548946882924,0.0,0.0
2018-03-27,1.5544545187992427,-0.012176666565950622,0.0,0.0
2018-03-28,1.5567429788256142,0.0014721949074065765,0.0,0.0
2018-03-29,1.5737544869311924,0.010927627962331599,0.0,0.0
2018-04-02,1.545972596529528,-0.017653255722141825,0.014797305484861781,2.2876567293626418e-05
2018-04-03,1.560829136894415,0.009609834222312763,0.0,0.0
2018-04-04,1.5719052072404542,0.007096273438409462,0.0,0.0
2018-04-05,1.5833239625794286,0.0072642773154372176,0.0,0.0
2018-04-06,1.5603765202665822,-0.014493207236920824,0.0,0.0
2018-04-09,1.5706307043905827,0.0065716088333913625,0.0,0.0
2018-04-10,1.5915263218356213,0.013303965971521059,0.0,0.0
2018-04-11,1.5843160810123234,-0.004530393700923452,0.0,0.0
2018-04-12,1.5938683330491885,0.006029259029398659,0.0,0.0
2018-04-13,1.5923136579165889,-0.00097541001371515,0.0,0.0
2018-04-16,1.600095722425582,0.004887268579467863,0.0,0.0
2018-04-17,1.6122814973623583,0.007615653717456317,0.0,0.0
2018-04-18,1.617044130991923,0.002953971522563714,0.0,0.0
2018-04-19,1.6095037263506589,-0.004663079069239018,0.0,0.0
2018-04-20,1.599621463384604,-0.006139944135737818,0.0,0.0
2018-04-23,1.5984889314779887,-0.0007079999440736673,0.0,0.0
2018-04-24,1.584449004423008,-0.008783249466731813,0.0,0.0
2018-04-25,1.5850504342395695,0.00037958294327089526,0.0,0.0
2018-04-26,1.5970336534809257,0.007560150126771914,0.0,0.0
2018-04-27,1.5985718399212763,0.0009631521771615859,0.0,0.0
2018-04-30,1.5898298120601184,-0.005468648729348491,0.0,0.0
2018-05-01,1.5868392228550383,-0.0018810750574647095,1.0006596793353122,0.0015894765529966518
2018-05-02,1.5858783214077512,-0.0006055443005488215,0.0,0.0
2018-05-03,1.5884933120826075,0.001648922644036821,0.0,0.0
2018-05-04,1.5924149247491588,0.0024687624661194896,0.0,0.0
2018-05-07,1.5916275991746471,-0.0004944223784110191,0.0,0.0
2018-05-08,1.591463125146802,-0.00010333700416498282,0.0,0.0
2018-05-09,1.5932383661909593,0.0011154773341000013,0.0,0.0
2018-05-10,1.6024319076522495,0.00577034903023943,0.0,0.0
2018-05-11,1.6059553455706586,0.002198806639822415,0.0,0.0
2018-05-14,1.6059646657358193,5.803502062695642e-06,0.0,0.0
2018-05-15,1.5940870732835641,-0.007395923898993795,0.0,0.0
2018-05-16,1.5941738896867288,5.446151883403694e-05,0.0,0.0
2018-05-17,1.593888831724283,-0.00017881233928740414,0.0,0.0
2018-05-18,1.5942174419887523,0.0002061688732166722,0.0,0.0
2018-05-21,1.5997666728931397,0.003480849448908918,0.0,0.0
2018-05-22,1.5979226208700594,-0.0011527006121119232,0.0,0.0
2018-05-23,1.5924237342725243,-0.0034412721402874435,0.0,0.0
2018-05-24,1.5921630588975155,-0.00016369724301290578,0.0,0.0
2018-05-25,1.5893400014603043,-0.0017730956772518125,0.0,0.0
2018-05-29,1.5774682758355718,-0.007469594683217284,0.0,0.0
2018-05-30,1.5861708861890182,0.0055168211537164336,0.0,0.0
2018-05-31,1.580872368614069,-0.0033404456109262792,0.0,0.0
2018-06-01,1.5844956627452393,0.0022919586698493255,1.0054767689154989,0.001594777090653956
2018-06-04,1.5906366326449533,0.0038756621706834693,0.0,0.0
2018-06-05,1.5899710080553444,-0.0004184642651552384,0.0,0.0
2018-06-06,1.6037614036341168,0.008673362915993632,0.0,0.0
2018-06-07,1.5991470973134896,-0.0028771775590628046,0.0,0.0
2018-06-08,1.6024271683666256,0.00205113779629551,0.0,0.0
2018-06-11,1.6085913026396685,0.003846748479262363,0.0,0.0
2018-06-12,1.6045406952030223,-0.0025181085027621286,0.0,0.0
2018-06-13,1.6030952985301812,-0.0009008164624071391,0.0,0.0
2018-06-14,1.6034247097909782,0.00020548451554880387,0.0,0.0
2018-06-15,1.598320574562376,-0.0031832709059769204,0.0,0.0
2018-06-18,1.5910037591961026,-0.004577814665419622,0.0,0.0
2018-06-19,1.5806947933446496,-0.006479535822506155,0.0,0.0
2018-06-20,1.5826392841325245,0.0012301494229385312,0.0,0.0
2018-06-21,1.572066703236826,-0.006680347822588972,0.0,0.0
2018-06-22,1.5817161675398452,0.006138075619279482,0.0,0.0
2018-06-25,1.5599876447405288,-0.013737308402880122,0.0,0.0
2018-06-26,1.5631181403690113,0.0020067438604638443,0.0,0.0
2018-06-27,1.5493018697339485,-0.00883891644415391,0.0,0.0
2018-06-28,1.5566666412953987,0.004753606579404046,0.0,0.0
2018-06-29,1.5620719383965365,0.0034723536547554,0.0,0.0
2018-07-02,1.5566931673918072,-0.00344335678307528,0.015912263561773842,2.477090612553857e-05
2018-07-03,1.5562902671138403,-0.0002588180422490316,0.0,0.0
2018-07-05,1.5703590551037767,0.009039951150004333,0.0,0.0
2018-07-06,1.5811950973876931,0.006900359665325206,0.0,0.0
2018-07-09,1.5959193303287318,0.009312091193151684,0.0,0.0
2018-07-10,1.5984303932036341,0.0015734271947098755,0.0,0.0
2018-07-11,1.5792185319586536,-0.012019204168456366,0.0,0.0
2018-07-12,1.592503981536436,0.008412673299435625,0.0,0.0
2018-07-13,1.595597306485236,0.0019424283924336372,0.0,0.0
2018-07-16,1.5945292888032723,-0.0006693528985182162,0.0,0.0
2018-07-17,1.599172167728871,0.0029117551858099944,0.0,0.0
2018-07-18,1.6009785846214655,0.0011295950048704206,0.0,0.0
2018-07-19,1.5963018681454382,-0.002921161170393205,0.0,0.0
2018-07-20,1.599138820614717,0.0017772030001912409,0.0,0.0
2018-07-23,1.6006279576624634,0.000931211867631232,0.0,0.0
2018-07-24,1.6093565475575287,0.005453228436552049,0.0,0.0
2018-07-25,1.6222093524971157,0.007986300462189844,0.0,0.0
2018-07-26,1.6166547888578824,-0.0034240732434953625,0.0,0.0
2018-07-27,1.612682909983931,-0.0024568503438865408,0.0,0.0
2018-07-30,1.6083568636952932,-0.0026825151192809704,0.0,0.0
2018-07-31,1.6133632428274618,0.0031127290498615956,0.0,0.0
2018-08-01,1.6079123886820892,-0.0033785659674629986,0.0001958711583699949,3.14943723817687e-07
2018-08-02,1.6070130366241528,-0.0005593290183387722,0.0,0.0
2018-08-03,1.610945924780744,0.002447328096885304,0.0,0.0
2018-08-06,1.610520715333216,-0.0002639501680269385,0.0,0.0
2018-08-07,1.6194291004238393,0.005531369454493618,0.0,0.0
2018-08-08,1.6183818278967137,-0.0006466924219475922,0.0,0.0
2018-08-09,1.6149187810110859,-0.002139820668975556,0.0,0.0
2018-08-10,1.5934969587707495,-0.013264953316676653,0.0,0.0
2018-08-13,1.5876468484335047,-0.003671240352888794,0.0,0.0
2018-08-14,1.5926820017072956,0.003171456724623045,0.0,0.0
2018-08-15,1.5753513176614702,-0.010881446533110517,0.0,0.0
2018-08-16,1.5872745127045214,0.007568594325201516,0.0,0.0
2018-08-17,1.5947122246276728,0.004685838437913592,0.0,0.0
2018-08-20,1.600681792551667,0.0037433512026836535,0.0,0.0
2018-08-21,1.6074093902587885,0.004202957601208812,0.0,0.0
2018-08-22,1.6099732347239188,0.0015950164784825915,0.0,0.0
2018-08-23,1.603254059929479,-0.004173469874853009,0.0,0.0
2018-08-24,1.6127528323966867,0.005924683245539741,0.0,0.0
2018-08-27,1.6298090509502157,0.010575841636056627,0.0,0.0
2018-08-28,1.6295060278982871,-0.00018592549338947162,0.0,0.0
2018-08-29,1.638311930786117,0.005404032103635492,0.0,0.0
2018-08-30,1.6273087387217293,-0.006716176484845571,0.0,0.0
2018-08-31,1.6210025441789002,-0.0038752293235901902,0.0,0.0
2018-09-04,1.6112712405485283,-0.006003262404070564,1.0,0.0016128841246732023
2018-09-05,1.6086122518948613,-0.0016502427317959256,0.0,0.0
2018-09-06,1.6084380345086953,-0.00010830290889607408,0.0,0.0
2018-09-07,1.6035149864088707,-0.003060763295944069,0.0,0.0
2018-09-10,1.6075699122347515,0.0025287732638918925,0.0,0.0
2018-09-11,1.608386859498034,0.0005081877043511263,0.0,0.0
2018-09-12,1.6101939925316615,0.0011235686383259669,0.0,0.0
2018-09-13,1.6166311339981068,0.003997742816270522,0.0,0.0
2018-09-14,1.61578846909821,-0.000521247477037412,0.0,0.0
2018-09-17,1.6110167792512333,-0.0029531649335509114,0.0,0.0
2018-09-18,1.6120851877186304,0.0006631889134598445,0.0,0.0
2018-09-19,1.6117546941369567,-0.00020500999834960343,0.0,0.0
2018-09-20,1.6204188160756026,0.005375583499252823,0.0,0.0
2018-09-21,1.6198133026687807,-0.0003736771017559537,0.0,0.0
2018-09-24,1.6152820273052608,-0.0027974059455211364,0.0,0.0
2018-09-25,1.614527893068599,-0.0004668746534126633,0.0,0.0
2018-09-26,1.6149736401153723,0.00027608507024678985,0.0,0.0
2018-09-27,1.6182869588045565,0.002051624006041086,0.0,0.0
2018-09-28,1.6178100691135873,-0.0002946879651811729,0.0,0.0
2018-10-01,1.6195090582487828,0.0010501783661949204,0.006032173690140445,9.769218861737348e-06
2018-10-02,1.619744724891869,0.00014551733556911195,0.0,0.0
2018-10-03,1.6154474066550875,-0.0026530836438244387,0.0,0.0
2018-10-04,1.605792240725239,-0.005976775158431313,0.0,0.0
2018-10-05,1.598182377199249,-0.004739008778964493,0.0,0.0
2018-10-08,1.597333088794147,-0.0005314089413188672,0.0,0.0
2018-10-09,1.598431790874239,0.0006878352973462842,0.0,0.0
2018-10-10,1.5709787138253315,-0.017175006907171442,0.0,0.0
2018-10-11,1.5572903630862371,-0.00871326302427311,0.0,0.0
2018-10-12,1.5679238437058678,0.00682819393973344,0.0,0.0
2018-10-15,1.5621350882700118,-0.0036919876300713916,0.0,0.0
2018-10-16,1.5808414962478574,0.011974897765443693,0.0,0.0
2018-10-17,1.577017337567781,-0.0024190652188427197,0.0,0.0
2018-10-18,1.5657756534591396,-0.007128446746171635,0.0,0.0
2018-10-19,1.5643690320588277,-0.0008983543697363983,0.0,0.0
2018-10-22,1.559936622911575,-0.0028333526529985553,0.0,0.0
2018-10-23,1.5571824705733772,-0.001765553996070146,0.0,0.0
2018-10-24,1.5353040339727566,-0.014050014699025337,0.0,0.0
2018-10-25,1.5475255281109779,0.007960308751744138,0.0,0.0
2018-10-26,1.5356861577013972,-0.007650517031555948,0.0,0.0
2018-10-29,1.530685558985574,-0.003256263456400621,0.0,0.0
2018-10-30,1.5397691840098764,0.005934350769156271,0.0,0.0
2018-10-31,1.5454435234470574,0.0036851883360879967,0.0,0.0
2018-11-01,1.5558065556856386,0.006705539271643524,0.02409062366399646,3.748125317376646e-05
2018-11-02,1.5480794915704048,-0.004966596963482117,0.0,0.0
2018-11-05,1.5537322519622967,0.003651466492949673,0.0,0.0
2018-11-06,1.559969972838021,0.004014669109073443,0.0,0.0
2018-11-07,1.5787328938434917,0.012027744977254784,0.0,0.0
2018-11-08,1.5749940409709793,-0.002368261842831454,0.0,0.0
2018-11-09,1.567755540658387,-0.00459589060294463,0.0,0.0
2018-11-12,1.552925317508905,-0.009459525267092261,0.0,0.0
2018-11-13,1.5504343922898756,-0.001604021256492394,0.0,0.0
2018-11-14,1.543064942615785,-0.004753151575286219,0.0,0.0
2018-11-15,1.549629280532211,0.004254090502048502,0.0,0.0
2018-11-16,1.5531741320240908,0.002287548084185964,0.0,0.0
2018-11-19,1.5392425271626147,-0.008969763643513984,0.0,0.0
2018-11-20,1.5232064844845663,-0.010418139048957165,0.0,0.0
2018-11-21,1.5274306981399088,0.0027732377050455614,0.0,0.0
2018-11-23,1.5227428815975212,-0.0030690862427319443,0.0,0.0
2018-11-26,1.5351776544836961,0.008166035800561078,0.0,0.0
2018-11-27,1.536766650413659,0.0010350567084675966,0.0,0.0
2018-11-28,1.556423169688785,0.01279082889379124,0.0,0.0
2018-11-29,1.5524979474438854,-0.002521950534625117,0.0,0.0
2018-11-30,1.5567624228313761,0.0027468476815135645,0.0,0.0
2018-12-03,1.569997502455555,0.00850166950979414,0.011926893028740415,1.8725415603206097e-05
2018-12-04,1.5447024627503878,-0.016111515888149186,0.0,0.0
2018-12-06,1.5459431368289018,0.00080317997053303,0.0,0.0
2018-12-07,1.5283916459779145,-0.011353257718773269,0.0,0.0
2018-12-10,1.5321900299120403,0.0024852163672326455,0.0,0.0
2018-12-11,1.5337661628420967,0.0010286797977316908,0.0,0.0
2018-12-12,1.5383491609909172,0.0029880683639076366,0.0,0.0
2018-12-13,1.5402083453711595,0.0012085581267160528,0.0,0.0
2018-12-14,1.5255914301757247,-0.009490219449442283,0.0,0.0
2018-12-17,1.5120743352511545,-0.0088602326004239,0.0,0.0
2018-12-18,1.5141255169763155,0.0013565349780375602,0.0,0.0
2018-12-19,1.5027532905246428,-0.007510755432206695,0.0,0.0
2018-12-20,1.48864525049468,-0.009388127857658746,0.0,0.0
2018-12-21,1.4736349735611094,-0.010083179272283194,0.0,0.0
2018-12-24,1.453819224473741,-0.013446850436429902,0.0,0.0
2018-12-26,1.4866551315148548,0.022585962882008204,0.0,0.0
2018-12-27,1.4919982272021541,0.0035940384383934543,0.0,0.0
2018-12-28,1.494836306835147,0.0019022004056363784,0.0,0.0
2018-12-31,1.5031599855970685,0.005568287794363469,0.0,0.0
2019-01-02,1.5033564572044342,0.0001307057194499528,1.998001998001998,0.0030097226370459154
2019-01-03,1.5187246076066927,0.010222559213159732,0.0,0.0
2019-01-04,1.5037914227649989,-0.009832714085818761,0.0,0.0
2019-01-07,1.5041783940560525,0.00025733042840614395,0.0,0.0
2019-01-08,1.5001647493328256,-0.0026683302586231195,0.0,0.0
2019-01-09,1.503828038107668,0.0024419243129607526,0.0,0.0
2019-01-10,1.4945670682476235,-0.0061582638608720375,0.0,0.0
2019-01-11,1.4987604840712978,0.002805772931014028,0.0,0.0
2019-01-14,1.4977882557335669,-0.0006486882647785963,0.0,0.0
2019-01-15,1.4937792633465699,-0.0026766082399501956,0.0,0.0
2019-01-16,1.4969339425229062,0.0021118777410717993,0.0,0.0
2019-01-17,1.49612756417259,-0.0005386866630582299,0.0,0.0
2019-01-18,1.4854975470831349,-0.007105020550392638,0.0,0.0
2019-01-22,1.4931460674849082,0.005148793693259046,0.0,0.0
2019-01-23,1.4917854430354338,-0.0009112467153105097,0.0,0.0
2019-01-24,1.4954693204969387,0.0024694418883783875,0.0,0.0
2019-01-25,1.5028659921597092,0.004946053764789182,0.0,0.0
2019-01-28,1.5047917688780617,0.001281402818613886,0.0,0.0
2019-01-29,1.5128198849846335,0.005335034569306174,0.0,0.0
2019-01-30,1.516664956078237,0.00254165821838237,0.0,0.0
2019-01-31,1.5234365318544336,0.004464780272702029,0.0,0.0
2019-02-01,1.5158135156657757,-0.005003829190953324,1.0156450327026385,0.001541093671822184
2019-02-04,1.5113845618299298,-0.002921832923425738,0.0,0.0
2019-02-05,1.517901569631268,0.004311945461086264,0.0,0.0
2019-02-06,1.5168399318685388,-0.0006994114664412576,0.0,0.0
2019-02-07,1.5217217760204897,0.0032184306658760153,0.0,0.0
2019-02-08,1.526875129395648,0.003386527981898757,0.0,0.0
2019-02-11,1.5221680606263865,-0.0030828118676112792,0.0,0.0
2019-02-12,1.5212712275263023,-0.0005891813941458768,0.0,0.0
2019-02-13,1.516429251657561,-0.0031828485158524877,0.0,0.0
2019-02-14,1.5216018771829782,0.0034110562822255996,0.0,0.0
2019-02-15,1.5237076881040217,0.0013839434300264575,0.0,0.0
2019-02-19,1.526107394286298,0.0015749124330155517,0.0,0.0
2019-02-20,1.5232601276841469,-0.0018657052660979723,0.0,0.0
2019-02-21,1.5142745772090032,-0.005898894293783319,0.0,0.0
2019-02-22,1.5221838655374147,0.005223153348443255,0.0,0.0
2019-02-25,1.5196664047763844,-0.0016538480127310518,0.0,0.0
2019-02-26,1.5246020059513892,0.003247818836747296,0.0,0.0
2019-02-27,1.5137988334825643,-0.007085896795789304,0.0,0.0
2019-02-28,1.5101845443760613,-0.0023875623540996482,0.0,0.0
2019-03-01,1.5003979152652336,-0.006480419328401377,1.0068350319647772,0.0015121756944396034
2019-03-04,1.5096821681097354,0.006187860400259648,0.0,0.0
2019-03-05,1.5133236391510372,0.002412077931516654,0.0,0.0
2019-03-06,1.5126111137049305,-0.00047083480867737837,0.0,0.0
2019-03-07,1.5159292539812488,0.0021936505994530897,0.0,0.0
2019-03-08,1.5199599694685995,0.002658907384210041,0.0,0.0
2019-03-11,1.5287047514964955,0.005753297589115691,0.0,0.0
2019-03-12,1.5375731077568078,0.005801222408467588,0.0,0.0
2019-03-13,1.5398820183318944,0.0015016590518126538,0.0,0.0
2019-03-14,1.5354828326491368,-0.0028568329458922292,0.0,0.0
2019-03-15,1.538122060122466,0.0017188257772806637,0.0,0.0
2019-03-18,1.533826434027029,-0.002792773217942912,0.0,0.0
2019-03-19,1.5297899541159263,-0.0026316405960645772,0.0,0.0
2019-03-20,1.5401490016447306,0.006771548931232774,0.0,0.0
2019-03-21,1.55547399214009,0.009950329792113521,0.0,0.0
2019-03-22,1.5619055363381489,0.004134780928872983,0.0,0.0
2019-03-25,1.564155950166076,0.0014408130169019095,0.0,0.0
2019-03-26,1.569769064002206,0.0035885896387339855,0.0,0.0
2019-03-27,1.574799514282433,0.003204579829979348,0.0,0.0
2019-03-28,1.5851249067853477,0.006556639374898143,0.0,0.0
2019-03-29,1.5836445488861308,-0.0009339061501588697,0.0,0.0
2019-04-01,1.5718345274163723,-0.007457495103977196,0.002687444602524052,4.22422956914892e-06
2019-04-02,1.5788071442562193,0.004435973837085605,0.0,0.0
2019-04-03,1.571078244155176,-0.004895404818227034,0.0,0.0
2019-04-04,1.5720228184396055,0.0006012267612662825,0.0,0.0
2019-04-05,1.5785531949707894,0.004154123244639596,0.0,0.0
2019-04-08,1.5713388947961624,-0.004570197695973444,0.0,0.0
2019-04-09,1.5696417656993658,-0.0010800528787373587,0.0,0.0
2019-04-10,1.5787763914854445,0.005819560861397344,0.0,0.0
2019-04-11,1.573619638945159,-0.0032662969677633713,0.0,0.0
2019-04-12,1.5718591503742116,-0.001118751016686348,0.0,0.0
2019-04-15,1.5697463402136373,-0.0013441472539517108,0.0,0.0
2019-04-16,1.5469658825274002,-0.014512190347350518,0.0,0.0
2019-04-17,1.540224253255126,-0.00435796894321927,0.0,0.0
2019-04-18,1.5501494714225876,0.0064440084919359375,0.0,0.0
2019-04-22,1.5379157888509567,-0.00789193738872418,0.0,0.0
2019-04-23,1.5496929033812599,0.007657840966118323,0.0,0.0
2019-04-24,1.5617125906396234,0.007756173647138764,0.0,0.0
2019-04-25,1.558946421870589,-0.00177124061470324,0.0,0.0
2019-04-26,1.5677530248494427,0.005649073537938865,0.0,0.0
2019-04-29,1.5550695153154375,-0.008090247209201373,0.0,0.0
2019-04-30,1.566470840721296,0.00733171430188162,0.0,0.0
2019-05-01,1.5687565052984913,0.0014591172192792712,1.0,0.0015703268321306224
2019-05-02,1.5667315026846682,-0.0012908329667374874,0.0,0.0
2019-05-03,1.5769140556881118,0.006499232948335543,0.0,0.0
2019-05-06,1.5754408741326653,-0.0009342180381566312,0.0,0.0
2019-05-07,1.5611039765496135,-0.009100244774939426,0.0,0.0
2019-05-08,1.557650485247763,-0.0022122109441315985,0.0,0.0
2019-05-09,1.5603637583465217,0.0017419011032677734,0.0,0.0
2019-05-10,1.5691355277332368,0.005621618253945027,0.0,0.0
2019-05-13,1.5687850518249724,-0.00022335604673406895,0.0,0.0
2019-05-14,1.5727973197516798,0.0025575638434596204,0.0,0.0
2019-05-15,1.5803045828678024,0.004773191702353463,0.0,0.0
2019-05-16,1.5822117631867267,0.0012068435032082103,0.0,0.0
2019-05-17,1.5807420512040495,-0.000928897140618612,0.0,0.0
2019-05-20,1.5674230417715065,-0.008425795608080433,0.0,0.0
2019-05-21,1.5747669669033564,0.004685349734012911,0.0,0.0
2019-05-22,1.5781054339018246,0.0021199752526133153,0.0,0.0
2019-05-23,1.5816284926816118,0.0022324609649664318,0.0,0.0
2019-05-24,1.5857173867583874,0.002585243055303721,0.0,0.0
2019-05-28,1.578387087374321,-0.004622702283066493,0.0,0.0
2019-05-29,1.5682392804691394,-0.00642922574972582,0.0,0.0
2019-05-30,1.5760459726216642,0.004977998096176606,0.0,0.0
2019-05-31,1.5824104394721563,0.004038249493385715,0.0,0.0
2019-06-03,1.5851766830762266,0.0017481201684899084,1.0,0.0015867634465227501
2019-06-04,1.5764025035237694,-0.005535142956701766,0.0,0.0
2019-06-05,1.571449623048069,-0.0031418882326240682,0.0,0.0
2019-06-06,1.5754709114168968,0.0025589674080852554,0.0,0.0
2019-06-07,1.5857760388067057,0.0065409823279700685,0.0,0.0
2019-06-10,1.5754692115362645,-0.006499547866921418,0.0,0.0
2019-06-11,1.5766692328768603,0.0007616913944168413,0.0,0.0
2019-06-12,1.5784482665184751,0.0011283493103806386,0.0,0.0
2019-06-13,1.583175101387742,0.002994608673297039,0.0,0.0
2019-06-14,1.5854781952448807,0.0014547309739270098,0.0,0.0
2019-06-17,1.5872477028684182,0.001116071875882474,0.0,0.0
2019-06-18,1.5965111191110153,0.005836150353758063,0.0,0.0
2019-06-19,1.6027643428000506,0.003916805598270567,0.0,0.0
2019-06-20,1.6092538024686462,0.004048916921409962,0.0,0.0
2019-06-21,1.597564224632671,-0.007263974034452003,0.0,0.0
2019-06-24,1.605462987843537,0.004944253939263232,0.0,0.0
2019-06-25,1.6054898135070403,1.670898906214191e-05,0.0,0.0
2019-06-26,1.5987626960370713,-0.004190071723516153,0.0,0.0
2019-06-27,1.6090511818214206,0.006435280113710418,0.0,0.0
2019-06-28,1.6106121683655128,0.0009701285836820617,0.0,0.0
2019-07-01,1.6086885714144255,-0.0011943265975938866,1.0,0.0016102988702847109
2019-07-02,1.6248838843613291,0.010067401008925003,0.0,0.0
2019-07-03,1.636845096727232,0.007361272076745529,0.0,0.0
2019-07-05,1.6267778986852515,-0.006150366984700839,0.0,0.0
2019-07-08,1.6286235824410804,0.001134564071297417,0.0,0.0
2019-07-09,1.629702539012754,0.0006624959771590611,0.0,0.0
2019-07-10,1.6363028406383013,0.004050003891842513,0.0,0.0
2019-07-11,1.6207128726753715,-0.009527556620783195,0.0,0.0
2019-07-12,1.6203849354876947,-0.0002023413235038296,0.0,0.0
2019-07-15,1.6210996573886787,0.00044108155126054704,0.0,0.0
2019-07-16,1.6174827069732167,-0.00223117092090952,0.0,0.0
2019-07-17,1.6189283527646978,0.0008937627495173572,0.0,0.0
2019-07-18,1.620805745388426,0.0011596514574112593,0.0,0.0
2019-07-19,1.6062256441248177,-0.008995588339375082,0.0,0.0
2019-07-22,1.6079486977125956,0.0010727344530205851,0.0,0.0
2019-07-23,1.6175173897198563,0.005950868967941947,0.0,0.0
2019-07-24,1.6204274022039875,0.0017990610194522638,0.0,0.0
2019-07-25,1.6130502779953226,-0.004552579275462154,0.0,0.0
2019-07-26,1.6178337394160027,0.0029654757114110364,0.0,0.0
2019-07-29,1.6195256463874093,0.0010457854414738232,0.0,0.0
2019-07-30,1.6258037288296658,0.0038764946120246613,0.0,0.0
2019-07-31,1.6232929608508009,-0.001544324160624444,0.0,0.0
2019-08-01,1.6265801668480022,0.002025023256109204,1.9980019980019983,0.0032564167504464513
2019-08-02,1.63099599137549,0.00271479058793922,0.0,0.0
2019-08-05,1.6565143774470394,0.015645891348898378,0.0,0.0
2019-08-06,1.6698657703144963,0.008059931775559637,0.0,0.0
2019-08-07,1.6827464824608143,0.007713621283399252,0.0,0.0
2019-08-08,1.6887834170648974,0.003587548491116088,0.0,0.0
2019-08-09,1.6842978606542187,-0.002656087432735821,0.0,0.0
2019-08-12,1.7100233835448329,0.015273737200272697,0.0,0.0
2019-08-13,1.7020091953810388,-0.004686595657645842,0.0,0.0
2019-08-14,1.7270934236056419,0.014738009813740849,0.0,0.0
2019-08-15,1.7424981354181759,0.008919443269243432,0.0,0.0
2019-08-16,1.7299179685857546,-0.007219615663693224,0.0,0.0
2019-08-19,1.7073941916938011,-0.013020141591087775,0.0,0.0
2019-08-20,1.7229121139583459,0.009088658225520962,0.0,0.0
2019-08-21,1.714396145815734,-0.0049427757072568745,0.0,0.0
2019-08-22,1.7064781533376012,-0.00461853142720714,0.0,0.0
2019-08-23,1.737183173657954,0.01799321032050627,0.0,0.0
2019-08-26,1.7337551171511416,-0.001973341993403044,0.0,0.0
2019-08-27,1.7554509346820373,0.012513772744645602,0.0,0.0
2019-08-28,1.7541490945562628,-0.0007415986969810939,0.0,0.0
2019-08-29,1.7445807692752568,-0.005454681880063594,0.0,0.0
2019-08-30,1.7426158293785168,-0.0011263106480053908,0.0,0.0
2019-09-03,1.7556669285716733,0.007489372570322006,0.010100053963041889,1.7732509819007827e-05
2019-09-04,1.7624593928671763,0.0038688797886219373,0.0,0.0
2019-09-05,1.725337251341116,-0.021062693232137275,0.0,0.0
2019-09-06,1.7241313387748824,-0.0006989430995570922,0.0,0.0
2019-09-09,1.7054946376308613,-0.010809327993112072,0.0,0.0
2019-09-10,1.6832393027635815,-0.013049196623798887,0.0,0.0
2019-09-11,1.6868682458368807,0.0021559281959142584,0.0,0.0
2019-09-12,1.6831288596599143,-0.002216762444959719,0.0,0.0
2019-09-13,1.6583125168387949,-0.01474417284136742,0.0,0.0
2019-09-16,1.6757344736448778,0.01050583447280129,0.0,0.0
2019-09-17,1.681893372752577,0.0036753430836229395,0.0,0.0
2019-09-18,1.6800514220681255,-0.0010951649577148892,0.0,0.0
2019-09-19,1.6859888502098164,0.0035340752453767443,0.0,0.0
2019-09-20,1.7070786405390277,0.012508855160333177,0.0,0.0
2019-09-23,1.7117180512106742,0.002717748650514107,0.0,0.0
2019-09-24,1.726492512443995,0.008631363806014036,0.0,0.0
2019-09-25,1.6978286149050215,-0.016602387402420482,0.0,0.0
2019-09-26,1.7030143090264083,0.0030543095315169744,0.0,0.0
2019-09-27,1.7007045216623258,-0.0013562935741878723,0.0,0.0
2019-09-30,1.6896016395871762,-0.0065284015734239365,0.0,0.0
2019-10-01,1.6967327424465048,0.0042205823504473106,0.008722863929662211,1.4800497940092422e-05
2019-10-02,1.7087093743255268,0.007058643697623879,0.0,0.0
2019-10-03,1.720355377628822,0.006815672388929439,0.0,0.0
2019-10-04,1.726691782885994,0.0036831955417870876,0.0,0.0
2019-10-07,1.712174579490636,-0.008407524457604065,0.0,0.0
2019-10-08,1.721957228955778,0.005713581770412812,0.0,0.0
2019-10-09,1.717891241690477,-0.0023612591514637904,0.0,0.0
2019-10-10,1.6976250986139494,-0.01179710483684926,0.0,0.0
2019-10-11,1.6824634041179447,-0.008931120603944742,0.0,0.0
2019-10-14,1.6919063799486125,0.005612589140159274,0.0,0.0
2019-10-15,1.6758253569776922,-0.009504676595290529,0.0,0.0
2019-10-16,1.6816929985134699,0.003501344284681185,0.0,0.0
2019-10-17,1.6808947067252968,-0.0004746953153035305,0.0,0.0
2019-10-18,1.6799833712472112,-0.0005421728526119329,0.0,0.0
2019-10-21,1.6696943242711901,-0.006124493344468407,0.0,0.0
2019-10-22,1.6769825764194524,0.004365021814063841,0.0,0.0
2019-10-23,1.6798164954679908,0.001689891766549767,0.0,0.0
2019-10-24,1.684234201381205,0.002629874111328645,0.0,0.0
2019-10-25,1.6822124703584063,-0.001200385920877789,0.0,0.0
2019-10-28,1.6673380753292326,-0.008842161909550339,0.0,0.0
2019-10-29,1.6655019168775436,-0.0011012514371606663,0.0,0.0
2019-10-30,1.6820826936397517,0.009955423403710917,0.0,0.0
2019-10-31,1.701783019670084,0.011711865358833284,0.0,0.0
2019-11-01,1.6999659491254773,-0.001067745137660947,0.019022756729879495,3.233865386963792e-05
2019-11-04,1.6863340760839294,-0.008018909466134039,0.0,0.0
2019-11-05,1.6631874914237845,-0.013725978137082318,0.0,0.0
2019-11-06,1.6717836541844329,0.0051684868993870925,0.0,0.0
2019-11-07,1.6436687165574337,-0.016817330135169173,0.0,0.0
2019-11-08,1.6349747823840013,-0.0052893469869289556,0.0,0.0
2019-11-11,1.633551412858662,-0.0008705758282485654,0.0,0.0
2019-11-12,1.6395064697586297,0.003645466468390257,0.0,0.0
2019-11-13,1.6481071615696883,0.005245902940733682,0.0,0.0
2019-11-14,1.660092129987731,0.00727195943170833,0.0,0.0
2019-11-15,1.657097788262693,-0.0018037202098296623,0.0,0.0
2019-11-18,1.661053969792626,0.0023874158531591583,0.0,0.0
2019-11-19,1.6684258301455595,0.004438061909483704,0.0,0.0
2019-11-20,1.6775512797292376,0.005469496706894006,0.0,0.0
2019-11-21,1.6676983321401693,-0.0058734106719280366,0.0,0.0
2019-11-22,1.66723650381291,-0.0002769255796200021,0.0,0.0
2019-11-25,1.6657807243778633,-0.0008731691225074556,0.0,0.0
2019-11-26,1.6746748345592408,0.005339304298108916,0.0,0.0
2019-11-27,1.6678427834666776,-0.004079628445817884,0.0,0.0
2019-11-29,1.6710969863781688,0.001951144882329503,0.0,0.0
2019-12-02,1.6593413683003544,-0.007034671340825582,0.009806154157329846,1.6271916822112824e-05
2019-12-03,1.684685266282114,0.015273468417001501,0.0,0.0
2019-12-04,1.6750834131415813,-0.005699493746818773,0.0,0.0
2019-12-05,1.6714862387674885,-0.002147459849385247,0.0,0.0
2019-12-06,1.658557770897073,-0.007734713915412583,0.0,0.0
2019-12-09,1.6601160869907252,0.0009395609372169211,0.0,0.0
2019-12-10,1.6625249010449363,0.0014509913331286484,0.0,0.0
2019-12-11,1.674783277235453,0.0073733489241647465,0.0,0.0
2019-12-12,1.6580359161572173,-0.009999718355129694,0.0,0.0
2019-12-13,1.671307080649303,0.008004147776752513,0.0,0.0
2019-12-16,1.6637486473585847,-0.004522468299351434,0.0,0.0
2019-12-17,1.662428389717879,-0.0007935439303297098,0.0,0.0
2019-12-18,1.6557102963833694,-0.004041132463846964,0.0,0.0
2019-12-19,1.659187497729493,0.002100126666916946,0.0,0.0
2019-12-20,1.6611119969717745,0.001159904618926566,0.0,0.0
2019-12-23,1.6624993728253492,0.0008352090985459526,0.0,0.0
2019-12-24,1.6727909286137859,0.006190411832123877,0.0,0.0
2019-12-26,1.6814570936547812,0.005180662384495882,0.0,0.0
2019-12-27,1.6820572640308855,0.0003569346957286168,0.0,0.0
2019-12-30,1.6808598832695871,-0.0007118549331840418,0.0,0.0
2019-12-31,1.674434362070584,-0.003822758376804347,0.0,0.0
2020-01-02,1.686572480466127,0.0072490858229481425,1.9980019980019978,0.0033765214824146685
2020-01-03,1.6697266914149824,-0.009988179723227075,0.0,0.0
2020-01-06,1.6761658559958637,0.003856418307252696,0.0,0.0
2020-01-07,1.6715193358538283,-0.0027721123929438374,0.0,0.0
2020-01-08,1.6783886599432591,0.0041096288520778845,0.0,0.0
2020-01-09,1.6860229394957114,0.004548576700172946,0.0,0.0
2020-01-10,1.6804566586390064,-0.0033014265264800224,0.0,0.0
2020-01-13,1.6905996755323438,0.0060358693818096665,0.0,0.0
2020-01-14,1.6901435466824746,-0.0002698029914891542,0.0,0.0
2020-01-15,1.692064407165491,0.0011365073024636185,0.0,0.0
2020-01-16,1.702637067889771,0.006248379600390708,0.0,0.0
2020-01-17,1.7078356375184118,0.003053245889380163,0.0,0.0
2020-01-21,1.6994157284206652,-0.004930163601680748,0.0,0.0
2020-01-22,1.701202792320876,0.0010515754740434424,0.0,0.0
2020-01-23,1.7001453232989223,-0.0006216008031064701,0.0,0.0
2020-01-24,1.6888805462666743,-0.006625773031207816,0.0,0.0
2020-01-27,1.6578882371070525,-0.01835080001846867,0.0,0.0
2020-01-28,1.674382586365655,0.009949011573533229,0.0,0.0
2020-01-29,1.673802073560584,-0.0003467026053650679,0.0,0.0
2020-01-30,1.6758317609162097,0.0012126208873119992,0.0,0.0
2020-01-31,1.6464410488218544,-0.017537984885957036,0.0,0.0
2020-02-03,1.6512623213411584,0.0029282995116977073,1.998001998001998,0.003305830473155473
2020-02-04,1.6384996141302326,-0.007729061001379711,0.0,0.0
2020-02-05,1.638995593356857,0.00030270329168646803,0.0,0.0
2020-02-06,1.6430130167829518,0.0024511496201564675,0.0,0.0
2020-02-07,1.64834290322979,0.003243970919520889,0.0,0.0
2020-02-10,1.6524166483840488,0.002471418505382905,0.0,0.0
2020-02-11,1.6483777346540358,-0.0024442465730194485,0.0,0.0
2020-02-12,1.6473308169688412,-0.0006351200111388566,0.0,0.0
2020-02-13,1.6514368833585635,0.0024925572613749836,0.0,0.0
2020-02-14,1.6569094238974929,0.003313805446684581,0.0,0.0
2020-02-18,1.6691187617389418,0.007368741866848216,0.0,0.0
2020-02-19,1.6728782964169828,0.0022524069372535926,0.0,0.0
2020-02-20,1.6791090907801123,0.003724595134311226,0.0,0.0
2020-02-21,1.6934962047806659,0.008568302130905314,0.0,0.0
2020-02-24,1.7013580368614671,0.0046423676997962016,0.0,0.0
2020-02-25,1.6866527997136083,-0.008643234891925533,0.0,0.0
2020-02-26,1.6872848459966465,0.0003747340787301212,0.0,0.0
2020-02-27,1.6830283280916134,-0.0025227026219860615,0.0,0.0
2020-02-28,1.6610422855046894,-0.013063382368527332,0.0,0.0
2020-03-02,1.6631108436304065,0.001245337426848625,1.0,0.0016647756192496564
2020-03-03,1.685491848811791,0.013457314205545634,0.0,0.0
2020-03-04,1.6777242671986405,-0.0046084955074842116,0.0,0.0
2020-03-05,1.6982064472774865,0.012208311269792826,0.0,0.0
2020-03-06,1.7486431590766518,0.029699988408372846,0.0,0.0
2020-03-09,1.7524756968428155,0.0021917209044453045,0.0,0.0
2020-03-10,1.6864216642429086,-0.037691839446850506,0.0,0.0
2020-03-11,1.6275367456037706,-0.03491707909573938,0.0,0.0
2020-03-12,1.595460048244036,-0.019708739262802366,0.0,0.0
2020-03-13,1.6084945863038649,0.008169767757064683,0.0,0.0
2020-03-16,1.6513010568101172,0.026612753857391924,0.0,0.0
2020-03-17,1.5608783106142867,-0.05475848623902879,0.0,0.0
2020-03-18,1.4775138616005807,-0.053408679233231005,0.0,0.0
2020-03-19,1.4642683096983848,-0.008964756437443544,0.0,0.0
2020-03-20,1.5351693232098653,0.04842077988158122,0.0,0.0
2020-03-23,1.6204762613523933,0.055568422878696344,0.0,0.0
2020-03-24,1.6186230991358341,-0.0011435910915551517,0.0,0.0
2020-03-25,1.6519824807545156,0.020609727883218465,0.0,0.0
2020-03-26,1.6569355647232267,0.0029982666441163985,0.0,0.0
2020-03-27,1.6789090005660383,0.013261490857360059,0.0,0.0
2020-03-30,1.6808624362668367,0.001163514937462251,0.0,0.0
2020-03-31,1.6709809621832272,-0.005878811894658109,0.0,0.0
2020-04-01,1.6704643849544554,-0.0003091460887124642,1.0,0.0016721365214759322
2020-04-02,1.6894568009331488,0.011369542595313309,0.0,0.0
2020-04-03,1.6956481704359239,0.003664710159712481,0.0,0.0
2020-04-06,1.7170885349201095,0.012644347369934472,0.0,0.0
2020-04-07,1.703593692555549,-0.007859141849775542,0.0,0.0
2020-04-08,1.689774570939307,-0.008111747347169351,0.0,0.0
2020-04-09,1.7138535028559048,0.01424978948713429,0.0,0.0
2020-04-13,1.7215049522179204,0.004464471058503783,0.0,0.0
2020-04-14,1.7284021818703539,0.004006511653392275,0.0,0.0
2020-04-15,1.7454642070956718,0.009871559642938399,0.0,0.0
2020-04-16,1.7542324967280853,0.005023471462072049,0.0,0.0
2020-04-17,1.725283411535346,-0.01650242214001507,0.0,0.0
2020-04-20,1.7383489249154105,0.007572966442908946,0.0,0.0
2020-04-21,1.7429078300440972,0.002622548939021918,0.0,0.0
2020-04-22,1.7515934623567633,0.004983414591950286,0.0,0.0
2020-04-23,1.7650921583430013,0.0077065233893232055,0.0,0.0
2020-04-24,1.7631801068106607,-0.001083258754112637,0.0,0.0
2020-04-27,1.7412434284994358,-0.012441541409462298,0.0,0.0
2020-04-28,1.7468699748404353,0.003231338162664743,0.0,0.0
2020-04-29,1.7474437883727205,0.00032848096340876154,0.0,0.0
2020-04-30,1.7212185968513705,-0.015007745425546282,0.0,0.0
2020-05-01,1.7337828189180806,0.007299608596893936,0.03004448317411539,5.209217381299467e-05
2020-05-04,1.7327434331026068,-0.0005994902038090055,0.0,0.0
2020-05-05,1.73090987455247,-0.0010581823685539282,0.0,0.0
2020-05-06,1.7058462372577172,-0.0144800359991204,0.0,0.0
2020-05-07,1.7331757914129755,0.016021112312674113,0.0,0.0
2020-05-08,1.7167636176919774,-0.009469422433842078,0.0,0.0
2020-05-11,1.7047312257789988,-0.007008764508392162,0.0,0.0
2020-05-12,1.7167147592684213,0.007029573523501531,0.0,0.0
2020-05-13,1.73100622018704,0.008324889642533861,0.0,0.0
2020-05-14,1.7471263088699316,0.009312553874676333,0.0,0.0
2020-05-15,1.7498987359586373,0.0015868498314235424,0.0,0.0
2020-05-18,1.7242793287728038,-0.01464050842450526,0.0,0.0
2020-05-19,1.735945875417471,0.006766042166132413,0.0,0.0
2020-05-20,1.7405909234778996,0.002675802354328294,0.0,0.0
2020-05-21,1.729685930571721,-0.006265109601048091,0.0,0.0
2020-05-22,1.7400046917155503,0.005965684845698371,0.0,0.0
2020-05-26,1.7159584560609982,-0.013819638400425105,0.0,0.0
2020-05-27,1.7159833438447751,1.4503721631031752e-05,0.0,0.0
2020-05-28,1.715816505861456,-9.722587571581176e-05,0.0,0.0
2020-05-29,1.7282604469661074,0.0072524894486916125,0.0,0.0
2020-06-01,1.724917850634091,-0.001934081369439511,1.0,0.0017266444951292209
2020-06-02,1.7220835900678688,-0.001643127853990456,0.0,0.0
2020-06-03,1.705750158232541,-0.009484691643037002,0.0,0.0
2020-06-04,1.7119825004960547,0.003653725156309795,0.0,0.0
2020-06-05,1.6992050673616488,-0.007463530223412729,0.0,0.0
2020-06-08,1.7110993679064483,0.0069999205942032905,0.0,0.0
2020-06-09,1.7173801760555256,0.0036706273562370217,0.0,0.0
2020-06-10,1.7352534842073597,0.010407310158246696,0.0,0.0
2020-06-11,1.7186181794464384,-0.009586671291727855,0.0,0.0
2020-06-12,1.7240234830123908,0.0031451451116928375,0.0,0.0
2020-06-15,1.7348120448963105,0.006257781283273811,0.0,0.0
2020-06-16,1.7319666435140606,-0.001640178479634602,0.0,0.0
2020-06-17,1.7318967287428197,-4.036727352840774e-05,0.0,0.0
2020-06-18,1.7321758006689372,0.00016113658596728087,0.0,0.0
2020-06-19,1.7422639744926292,0.005823989585696854,0.0,0.0
2020-06-22,1.7469980091003632,0.002717174134942768,0.0,0.0
2020-06-23,1.7526852990492896,0.0032554644706521696,0.0,0.0
2020-06-24,1.7472047975761333,-0.003126917009076857,0.0,0.0
2020-06-25,1.7475952357330473,0.00022346444873289073,0.0,0.0
2020-06-26,1.7522810894199097,0.002681315210210533,0.0,0.0
2020-06-29,1.7568170616993772,0.002588609959244037,0.0,0.0
2020-06-30,1.763206398612011,0.003636882320833923,0.0,0.0
2020-07-01,1.762728130904299,-0.0002712488498728405,0.003755329392050768,6.6196496191444265e-06
2020-07-02,1.766790955832205,0.002304850564687877,0.0,0.0
2020-07-06,1.774370751256153,0.004290148417913864,0.0,0.0
2020-07-07,1.7811552105758168,0.003823586088116393,0.0,0.0
2020-07-08,1.7852700957731198,0.0023102339273244343,0.0,0.0
2020-07-09,1.787809021236433,0.0014221520146024957,0.0,0.0
2020-07-10,1.7838457124747977,-0.0022168524235851583,0.0,0.0
2020-07-13,1.7826012030481997,-0.0006976553061147639,0.0,0.0
2020-07-14,1.791948584763439,0.005243675197377673,0.0,0.0
2020-07-15,1.7945086145075626,0.0014286290164187143,0.0,0.0
2020-07-16,1.7884781868826902,-0.0033604896494338066,0.0,0.0
2020-07-17,1.798251717893851,0.0054647191577974485,0.0,0.0
2020-07-20,1.805074904981485,0.003794344818213391,0.0,0.0
2020-07-21,1.8171491558835013,0.006689058093209965,0.0,0.0
2020-07-22,1.834005418966421,0.009276213253239574,0.0,0.0
2020-07-23,1.8428580563233503,0.004826941766572501,0.0,0.0
2020-07-24,1.8488705978686486,0.0032626178259729244,0.0,0.0
2020-07-27,1.8647951947064398,0.00861314840321925,0.0,0.0
2020-07-28,1.871919494967854,0.003820419680208076,0.0,0.0
2020-07-29,1.8841259697740398,0.0065208332083723786,0.0,0.0
2020-07-30,1.8758981464060047,-0.004366917870688769,0.0,0.0
2020-07-31,1.8859749729424848,0.005371734364035818,0.0,0.0
2020-08-03,1.8864103501130098,0.0002308499194163538,1.0,0.0018882986487617714
2020-08-04,1.9154702703334134,0.015404877426940855,0.0,0.0
2020-08-05,1.9160875135218227,0.0003222410694485589,0.0,0.0
2020-08-06,1.934265293814651,0.009486925917813194,0.0,0.0
2020-08-07,1.9122891764359533,-0.011361480479938457,0.0,0.0
2020-08-10,1.9047185667455213,-0.003958925137327762,0.0,0.0
2020-08-11,1.841687752757435,-0.0330919302665188,0.0,0.0
2020-08-12,1.828984150943805,-0.006897804361575277,0.0,0.0
2020-08-13,1.840652562648617,0.006379722699505486,0.0,0.0
2020-08-14,1.83308701349134,-0.0041102537821643415,0.0,0.0
2020-08-17,1.855481997773614,0.012217087414535754,0.0,0.0
2020-08-18,1.870511305697384,0.008099948122268996,0.0,0.0
2020-08-19,1.8346152822837554,-0.019190487277084722,0.0,0.0
2020-08-20,1.849230580982668,0.007966410636631727,0.0,0.0
2020-08-21,1.847256299218415,-0.0010676233589019812,0.0,0.0
2020-08-24,1.840524642204286,-0.00364413807492614,0.0,0.0
2020-08-25,1.8345943556198367,-0.00322206312725426,0.0,0.0
2020-08-26,1.8419706966660647,0.004020693197726466,0.0,0.0
2020-08-27,1.8157151519645804,-0.01425405124468393,0.0,0.0
2020-08-28,1.831053728404497,0.008447677722642988,0.0,0.0
2020-08-31,1.8392276126124258,0.004464032966990716,0.0,0.0
2020-09-01,1.8487902297267345,0.00519925704069113,1.0,0.0018506408705973323
2020-09-02,1.8403179201995226,-0.004582623485880344,0.0,0.0
2020-09-03,1.8308879045639908,-0.0051241231376529806,0.0,0.0
2020-09-04,1.823541330900357,-0.004012574251717083,0.0,0.0
2020-09-08,1.8226754544684542,-0.0004748323590094694,0.0,0.0
2020-09-09,1.8320780443103324,0.005158674748610315,0.0,0.0
2020-09-10,1.8298101584318205,-0.001237876238708857,0.0,0.0
2020-09-11,1.8304390055320563,0.0003436679468293846,0.0,0.0
2020-09-14,1.8399408444330714,0.005191016402239068,0.0,0.0
2020-09-15,1.838761106961595,-0.0006411822831401404,0.0,0.0
2020-09-16,1.8419695931308655,0.001744917356106379,0.0,0.0
2020-09-17,1.8371281041463572,-0.0026284304597444796,0.0,0.0
2020-09-18,1.8366295946904796,-0.00027135258273636165,0.0,0.0
2020-09-21,1.8173642252619067,-0.010489523573107618,0.0,0.0
2020-09-22,1.81356120737849,-0.0020926008284710695,0.0,0.0
2020-09-23,1.7876259196400826,-0.014300751269319956,0.0,0.0
2020-09-24,1.7885647434316547,0.0005251791111651194,0.0,0.0
2020-09-25,1.7851162734584325,-0.0019280654982641865,0.0,0.0
2020-09-28,1.7985247483624947,0.007511261369034017,0.0,0.0
2020-09-29,1.8048138152544244,0.0034967919666692993,0.0,0.0
2020-09-30,1.7993329519572794,-0.0030368026057980835,0.0,0.0
2020-10-01,1.8097457395106809,0.005787026543405682,0.01349415562128864,2.4421320189017046e-05
2020-10-02,1.8090699479314,-0.0003734179694565576,0.0,0.0
2020-10-05,1.8104546163389665,0.000765403465548653,0.0,0.0
2020-10-06,1.799031652056291,-0.006309445251808987,0.0,0.0
2020-10-07,1.7988950499322536,-7.593091754742876e-05,0.0,0.0
2020-10-08,1.804300875999857,0.003005081406948662,0.0,0.0
2020-10-09,1.8227369457790075,0.01021784671524606,0.0,0.0
2020-10-12,1.82534035395275,0.0014282961563769625,0.0,0.0
2020-10-13,1.8100869919785278,-0.00835644812277947,0.0,0.0
2020-10-14,1.8137446469985345,0.002020706759518154,0.0,0.0
2020-10-15,1.8160963350198092,0.0012965926737076305,0.0,0.0
2020-10-16,1.8114124090788088,-0.0025791175559798374,0.0,0.0
2020-10-19,1.810122589008277,-0.0007120521334993413,0.0,0.0
2020-10-20,1.812598219873339,0.00136765922932236,0.0,0.0
2020-10-21,1.8179566878205038,0.0029562359095438584,0.0,0.0
2020-10-22,1.8069805048822305,-0.006037648207907753,0.0,0.0
2020-10-23,1.8083011194469696,0.0007308405160824094,0.0,0.0
2020-10-26,1.8097247073740514,0.0007872515875659847,0.0,0.0
2020-10-27,1.81579717036076,0.0033554622766465148,0.0,0.0
2020-10-28,1.796664949837146,-0.010536540554148321,0.0,0.0
2020-10-29,1.7906186398306618,-0.003365296354800207,0.0,0.0
2020-10-30,1.789970555904464,-0.0003619329720923048,0.0,0.0
2020-11-02,1.800346122118067,0.005796501053817682,1.0,0.001802148270388456
2020-11-03,1.8002335057975196,-6.255259428389337e-05,0.0,0.0
2020-11-04,1.8191412241950138,0.010502925501943539,0.0,0.0
2020-11-05,1.8415264739738926,0.01230539415035481,0.0,0.0
2020-11-06,1.8317728324012905,-0.005296498155442975,0.0,0.0
2020-11-09,1.7717224151906859,-0.032782677059296716,0.0,0.0
2020-11-10,1.7695482886226745,-0.0012271259591064565,0.0,0.0
2020-11-11,1.7688814813758373,-0.0003768234250087765,0.0,0.0
2020-11-12,1.7892876866155125,0.01153621961365281,0.0,0.0
2020-11-13,1.794166992243302,0.00272695423116609,0.0,0.0
2020-11-16,1.7919593092828552,-0.0012304779711092007,0.0,0.0
2020-11-17,1.7945172685142552,0.0014274650200756245,0.0,0.0
2020-11-18,1.7920183318742127,-0.0013925397564501507,0.0,0.0
2020-11-19,1.795003027039757,0.0016655494603243781,0.0,0.0
2020-11-20,1.8057464268412624,0.005985170854682531,0.0,0.0
2020-11-23,1.7840383276544238,-0.012021676390528424,0.0,0.0
2020-11-24,1.7615982436044328,-0.012578252216976837,0.0,0.0
2020-11-25,1.75841215677296,-0.0018086342008116763,0.0,0.0
2020-11-27,1.7584508300279542,2.1993282317334106e-05,0.0,0.0
2020-11-30,1.7516484758251818,-0.0038683789655149514,0.0,0.0
2020-12-01,1.7542273773820882,0.0014722711734107552,1.0182825756662504,0.0017881199835673512
2020-12-02,1.7619517567236538,0.0044032942600022995,0.0,0.0
2020-12-03,1.7701527476797994,0.004654492340582239,0.0,0.0
2020-12-04,1.7712112223384122,0.0005979566791625146,0.0,0.0
2020-12-07,1.789457373388132,0.01030151052545314,0.0,0.0
2020-12-08,1.7956073236699068,0.003436768247868649,0.0,0.0
2020-12-09,1.759970512352827,-0.019846661821496858,0.0,0.0
2020-12-10,1.7617670453863559,0.0010207745078223418,0.0,0.0
2020-12-11,1.7614799674572883,-0.00016294885854484242,0.0,0.0
2020-12-14,1.7629130533954314,0.0008135692512085679,0.0,0.0
2020-12-15,1.784676730156533,0.012345292196449531,0.0,0.0
2020-12-16,1.794509572142001,0.0055095927566701786,0.0,0.0
2020-12-17,1.8098315162116436,0.008538234795456567,0.0,0.0
2020-12-18,1.8055682166072216,-0.0023556334201462192,0.0,0.0
2020-12-21,1.8010055104485359,-0.0025270195369628823,0.0,0.0
2020-12-22,1.7962734944123337,-0.0026274300710071863,0.0,0.0
2020-12-23,1.7977351422867884,0.0008137112076760378,0.0,0.0
2020-12-24,1.8052808080123073,0.004197317807294265,0.0,0.0
2020-12-28,1.8110167233819505,0.0031772981489559537,0.0,0.0
2020-12-29,1.8151258471703573,0.002268959604488474,0.0,0.0
2020-12-30,1.8221130774348295,0.0038494467341561034,0.0,0.0
2020-12-31,1.827744099184038,0.0030903799654056208,0.0,0.0
2021-01-04,1.835333990506506,0.0041526006435235185,0.024023631353352514,4.4092446458885036e-05
2021-01-05,1.845617243161299,0.0056029326040842875,0.0,0.0
2021-01-06,1.8178526912395112,-0.015043504835396293,0.0,0.0
2021-01-07,1.837811843488133,0.010979521247682866,0.0,0.0
2021-01-08,1.818924864575966,-0.01027688388182324,0.0,0.0
2021-01-11,1.80353688250776,-0.008459932770116474,0.0,0.0
2021-01-12,1.807690270795552,0.002302912864203144,0.0,0.0
2021-01-13,1.810205081222258,0.0013911732929774434,0.0,0.0
2021-01-14,1.8047383805089563,-0.0030199344648897952,0.0,0.0
2021-01-15,1.7865298661298263,-0.010089281956753737,0.0,0.0
2021-01-19,1.807326703277245,0.011640912106591905,0.0,0.0
2021-01-20,1.843304825916081,0.019906817385919373,0.0,0.0
2021-01-21,1.850435739697569,0.0038685483167137935,0.0,0.0
2021-01-22,1.8407012319910872,-0.005260656988863022,0.0,0.0
2021-01-25,1.8494370726979235,0.0047459308197379535,0.0,0.0
2021-01-26,1.8486972243495259,-0.00040003975226809985,0.0,0.0
2021-01-27,1.8159846260857329,-0.01769494638328517,0.0,0.0
2021-01-28,1.822397034718127,0.0035310919158031417,0.0,0.0
2021-01-29,1.8019891129045664,-0.011198394984612725,0.0,0.0
2021-02-01,1.8333823057942018,0.017421410964594486,0.043449304797438054,7.966264790135127e-05
2021-02-02,1.8371830286612851,0.0020730661875985046,0.0,0.0
2021-02-03,1.8321190257906763,-0.002756395411674828,0.0,0.0
2021-02-04,1.82362629196393,-0.004635470571067946,0.0,0.0
2021-02-05,1.8355443697280713,0.0065353728538901645,0.0,0.0
2021-02-08,1.8508534403635604,0.008340343544927187,0.0,0.0
2021-02-09,1.853600636413479,0.0014842861082393632,0.0,0.0
2021-02-10,1.854754822353149,0.0006226723906952447,0.0,0.0
2021-02-11,1.8520653969974747,-0.0014500166400764902,0.0,0.0
2021-02-12,1.8546462241016552,0.001393485947291273,0.0,0.0
2021-02-16,1.839168649695521,-0.008345297450801481,0.0,0.0
2021-02-17,1.8245420439912685,-0.00795283548720449,0.0,0.0
2021-02-18,1.8203383538430997,-0.0023039700082618797,0.0,0.0
2021-02-19,1.8198461561599832,-0.0002703880199399489,0.0,0.0
2021-02-22,1.808605529276627,-0.006176690730316903,0.0,0.0
2021-02-23,1.8038237493328566,-0.002643904304374667,0.0,0.0
2021-02-24,1.8107266602209344,0.003826821157350224,0.0,0.0
2021-02-25,1.7618678948098832,-0.026982960202888817,0.0,0.0
2021-02-26,1.744494288937882,-0.00986090155974817,0.0,0.0
2021-03-01,1.7698187590508743,0.014516797374218182,0.039632858005213815,7.014575564920011e-05
2021-03-02,1.7604470116844522,-0.00529531474253786,0.0,0.0
2021-03-03,1.725372302599317,-0.019923751667807688,0.0,0.0
2021-03-04,1.7028793406195488,-0.013036584594456557,0.0,0.0
2021-03-05,1.7159519550633604,0.007676770826907431,0.0,0.0
2021-03-08,1.6830119187351835,-0.019196362829960845,0.0,0.0
2021-03-09,1.7337149473187454,0.030126363348434326,0.0,0.0
2021-03-10,1.7357735177135645,0.001187375351410891,0.0,0.0
2021-03-11,1.7545867465277616,0.010838527389782193,0.0,0.0
2021-03-12,1.7473667095639267,-0.004114950131774875,0.0,0.0
2021-03-15,1.7604720788692056,0.007500068093061918,0.0,0.0
2021-03-16,1.7660795030503598,0.0031851821158992433,0.0,0.0
2021-03-17,1.7760442612403176,0.005642304422166067,0.0,0.0
2021-03-18,1.7438761065896125,-0.01811224829962299,0.0,0.0
2021-03-19,1.7506094208689749,0.003861119636836108,0.0,0.0
2021-03-22,1.7653537561524173,0.008422401426426473,0.0,0.0
2021-03-23,1.7550286045841086,-0.005848771971240674,0.0,0.0
2021-03-24,1.743447367204205,-0.006598888103392486,0.0,0.0
2021-03-25,1.738736762869081,-0.002701890761794501,0.0,0.0
2021-03-26,1.7540438932990134,0.008803592790362469,0.0,0.0
2021-03-29,1.7432243740932314,-0.006168328653071931,0.0,0.0
2021-03-30,1.7238602374511287,-0.011108229628888244,0.0,0.0
2021-03-31,1.7501237477935827,0.015235289829114373,0.0,0.0
2021-04-01,1.7725364865140327,0.012806373691406803,1.9980019980019976,0.003548621594622689
2021-04-05,1.7809143874479683,0.004726504079141325,0.0,0.0
2021-04-06,1.7862866305600127,0.003016564496254537,0.0,0.0
2021-04-07,1.785562224873839,-0.0004055372042652827,0.0,0.0
2021-04-08,1.7930892492408539,0.004215492611884031,0.0,0.0
2021-04-09,1.797827639199686,0.0026425845567019657,0.0,0.0
2021-04-12,1.7979558807153992,7.133137399661926e-05,0.0,0.0
2021-04-13,1.8045901685612928,0.0036899058075072766,0.0,0.0
2021-04-14,1.8002495206312852,-0.0024053372370238524,0.0,0.0
2021-04-15,1.8155243811698503,0.008484857439766902,0.0,0.0
2021-04-16,1.8124927766304708,-0.0016698230939901082,0.0,0.0
2021-04-19,1.80565035588767,-0.0037751437307912417,0.0,0.0
2021-04-20,1.800621527727,-0.002785050906601416,0.0,0.0
2021-04-21,1.8123028979786837,0.006487410081356559,0.0,0.0
2021-04-22,1.804778246440529,-0.004151983394468539,0.0,0.0
2021-04-23,1.8154136213417569,0.005892898433479843,0.0,0.0
2021-04-26,1.8169312658311587,0.0008359772514432429,0.0,0.0
2021-04-27,1.812728342337516,-0.002313198948513895,0.0,0.0
2021-04-28,1.812598658373195,-7.154076057191983e-05,0.0,0.0
2021-04-29,1.817397562538802,0.0026475271530399525,0.0,0.0
2021-04-30,1.8131239203287532,-0.0023515175205135463,0.0,0.0
2021-05-03,1.8154393256379653,0.001277025405297394,1.0,0.0018172565822201854
2021-05-04,1.7963909385360106,-0.010492439396321274,0.0,0.0
2021-05-05,1.8088568651574826,0.006939428580969853,0.0,0.0
2021-05-06,1.8235347408108828,0.00811444837683295,0.0,0.0
2021-05-07,1.8404994619916915,0.0093032070084198,0.0,0.0
2021-05-10,1.8264843986398813,-0.0076148152396869895,0.0,0.0
2021-05-11,1.8063189728520603,-0.011040568319574784,0.0,0.0
2021-05-12,1.7727353283862344,-0.018592311197838773,0.0,0.0
2021-05-13,1.7899722069515036,0.009723323210893753,0.0,0.0
2021-05-14,1.8187043676266645,0.016051735643479503,0.0,0.0
2021-05-17,1.8146796441413362,-0.002212961906821853,0.0,0.0
2021-05-18,1.8088634104828305,-0.003205102166260243,0.0,0.0
2021-05-19,1.7984726490821754,-0.005744359325551063,0.0,0.0
2021-05-20,1.8200208785724734,0.011981405166931358,0.0,0.0
2021-05-21,1.8205474875200012,0.0002893422563046144,0.0,0.0
2021-05-24,1.835360811792373,0.008136741487886567,0.0,0.0
2021-05-25,1.8335724543357532,-0.0009743901281586975,0.0,0.0
2021-05-26,1.8347991936130676,0.0006690432518299261,0.0,0.0
2021-05-27,1.8370006609763094,0.0011998410348692534,0.0,0.0
2021-05-28,1.8408125701284954,0.0020750722812261646,0.0,0.0
2021-06-01,1.8433214522453678,0.0013629210043351048,0.011675687169382066,2.1522295916621713e-05
2021-06-02,1.8478384142778093,0.0024504472765394247,0.0,0.0
2021-06-03,1.8398680413496162,-0.004313349515091658,0.0,0.0
2021-06-04,1.8561186617519445,0.008832492351140475,0.0,0.0
2021-06-07,1.8582857087524143,0.0011675153346200062,0.0,0.0
2021-06-08,1.8580289383317812,-0.00013817596477427863,0.0,0.0
2021-06-09,1.854145822989526,-0.0020899111214820465,0.0,0.0
2021-06-10,1.861007145728026,0.0037005302675907625,0.0,0.0
2021-06-11,1.8647325067534237,0.0020017983455622446,0.0,0.0
2021-06-14,1.8684315397035305,0.001983680199015181,0.0,0.0
2021-06-15,1.8678699514735801,-0.0003005666614038782,0.0,0.0
2021-06-16,1.8569067840512248,-0.00586934192806432,0.0,0.0
2021-06-17,1.850149872029395,-0.003638799793217573,0.0,0.0
2021-06-18,1.8185298356976252,-0.01709052699448954,0.0,0.0
2021-06-21,1.8434799496201077,0.013719936529340115,0.0,0.0
2021-06-22,1.848552722444519,0.0027517374547287865,0.0,0.0
2021-06-23,1.84155559506619,-0.00378519221733431,0.0,0.0
2021-06-24,1.8558163779968329,0.007743878582243013,0.0,0.0
2021-06-25,1.8611017539343362,0.0028480058696369603,0.0,0.0
2021-06-28,1.857122949710786,-0.0021378757046137675,0.0,0.0
2021-06-29,1.8578601178741228,0.00039694095829867493,0.0,0.0
2021-06-30,1.8516278296327489,-0.0033545519285409497,0.0,0.0
2021-07-01,1.8571788740278592,0.0029979266385358194,1.0,0.0018590379119397989
2021-07-02,1.8669099723145286,0.005239720536754033,0.0,0.0
2021-07-06,1.8686019477711693,0.0009062972943163494,0.0,0.0
2021-07-07,1.8750903929982865,0.003472352811606738,0.0,0.0
2021-07-08,1.8679386190052616,-0.0038140955869274684,0.0,0.0
2021-07-09,1.8739120837834542,0.003197891363996508,0.0,0.0
2021-07-12,1.8767923803941209,0.001537050022566433,0.0,0.0
2021-07-13,1.8701127418436831,-0.003559071648103651,0.0,0.0
2021-07-14,1.875811700139359,0.0030473875548580054,0.0,0.0
2021-07-15,1.8746073367082823,-0.0006420492158073499,0.0,0.0
2021-07-16,1.8659338453233967,-0.0046268310248458455,0.0,0.0
2021-07-19,1.8589138166723151,-0.0037622066123490505,0.0,0.0
2021-07-20,1.8707354086129462,0.006359408292415214,0.0,0.0
2021-07-21,1.8749377349072622,0.002246349897996547,0.0,0.0
2021-07-22,1.880782286776576,0.0031171978463608863,0.0,0.0
2021-07-23,1.8900310177126547,0.004917491514623951,0.0,0.0
2021-07-26,1.8902823022947395,0.00013295262338552938,0.0,0.0
2021-07-27,1.8899655841823955,-0.0001675506943907834,0.0,0.0
2021-07-28,1.891240268336218,0.0006744483415415115,0.0,0.0
2021-07-29,1.8924643679490345,0.0006472470120855167,0.0,0.0
2021-07-30,1.8886094468492485,-0.002036984772381123,0.0,0.0
2021-08-02,1.889352026097674,0.0003931883585905904,0.0006779964058308073,1.2809747515396723e-06
2021-08-03,1.8980084140265425,0.004581670228362755,0.0,0.0
2021-08-04,1.8935323098908254,-0.0023583162764917454,0.0,0.0
2021-08-05,1.895648192210705,0.001117426044872527,0.0,0.0
2021-08-06,1.8895230835641854,-0.003231142082000149,0.0,0.0
2021-08-09,1.884721828094384,-0.002540987994041788,0.0,0.0
2021-08-10,1.8838282024687967,-0.0004741419196544472,0.0,0.0
2021-08-11,1.8876593428224369,0.002033699436402747,0.0,0.0
2021-08-12,1.891848907606494,0.0022194496056648916,0.0,0.0
2021-08-13,1.8998417783757564,0.004224899111723968,0.0,0.0
2021-08-16,1.9026639173711484,0.0014854600143621166,0.0,0.0
2021-08-17,1.8946727968270418,-0.004199964308540416,0.0,0.0
2021-08-18,1.8835569637764333,-0.005866887976237356,0.0,0.0
2021-08-19,1.8871757718267599,0.0019212628659082132,0.0,0.0
2021-08-20,1.895356012165046,0.0043346467564955304,0.0,0.0
2021-08-23,1.904469324089544,0.004808232261382939,0.0,0.0
2021-08-24,1.9038508970506367,-0.00032472407462014186,0.0,0.0
2021-08-25,1.903452432755743,-0.0002092938556853552,0.0,0.0
2021-08-26,1.8974538753406054,-0.0031514091510304043,0.0,0.0
2021-08-27,1.9112713315329084,0.00728210386132444,0.0,0.0
2021-08-30,1.9171413027474566,0.0030712390845313298,0.0,0.0
2021-08-31,1.9135442538133076,-0.0018762565539608422,0.0,0.0
2021-09-01,1.9152359535873544,0.0008840661880045175,0.018500699056898023,3.5433859551443e-05
2021-09-02,1.91988156403213,0.002425607370242888,0.0,0.0
2021-09-03,1.9161784167260913,-0.0019288415365901201,0.0,0.0
2021-09-07,1.908213553189647,-0.004156639834224207,0.0,0.0
2021-09-08,1.910092614671585,0.0009847228465582614,0.0,0.0
2021-09-09,1.9122329571685488,0.0011205438314998428,0.0,0.0
2021-09-10,1.90196804959638,-0.0053680214712793495,0.0,0.0
2021-09-13,1.906720851003046,0.0024988860394761225,0.0,0.0
2021-09-14,1.9045160525499352,-0.0011563299640590108,0.0,0.0
2021-09-15,1.9112466407604234,0.0035340149543379162,0.0,0.0
2021-09-16,1.9083965302520622,-0.00149123114075278,0.0,0.0
2021-09-17,1.8970392395447937,-0.005951221628855308,0.0,0.0
2021-09-20,1.8843637052596116,-0.006681745965478103,0.0,0.0
2021-09-21,1.883420711921512,-0.0005004306416365178,0.0,0.0
2021-09-22,1.8951065521265575,0.006204583039295164,0.0,0.0
2021-09-23,1.8997619646735369,0.0024565439561987645,0.0,0.0
2021-09-24,1.8992608651233518,-0.0002637696508842602,0.0,0.0
2021-09-27,1.8960646312973217,-0.0016828830018684737,0.0,0.0
2021-09-28,1.8669015352410678,-0.015380855470258914,0.0,0.0
2021-09-29,1.8682409749007522,0.0007174666871283542,0.0,0.0
2021-09-30,1.8544717827630182,-0.007370137109034114,0.0,0.0
2021-10-01,1.8721368121759963,0.009525639363818561,0.013603620018061676,2.546818427416899e-05
2021-10-04,1.8585256631559268,-0.007270381593666331,0.0,0.0
2021-10-05,1.8642902757061641,0.00310171264487602,0.0,0.0
2021-10-06,1.8684504410423144,0.0022315008506785805,0.0,0.0
2021-10-07,1.8724262763228023,0.0021278783708440496,0.0,0.0
2021-10-08,1.866432178880736,-0.00320124616806694,0.0,0.0
2021-10-11,1.8578488032766596,-0.004598814626751602,0.0,0.0
2021-10-12,1.8614215043103914,0.0019230311031934733,0.0,0.0
2021-10-13,1.869474254460629,0.004326129321913674,0.0,0.0
2021-10-14,1.8896626262138274,0.010798956821699068,0.0,0.0
2021-10-15,1.8935676456621446,0.0020665167390971906,0.0,0.0
2021-10-18,1.8956429785305522,0.0010959908789960338,0.0,0.0
2021-10-19,1.897970998520924,0.0012280898970631338,0.0,0.0
2021-10-20,1.8995468844851044,0.0008303003393668185,0.0,0.0
2021-10-21,1.9001307395346023,0.00030736543239151537,0.0,0.0
2021-10-22,1.90282678661774,0.0014188745158651983,0.0,0.0
2021-10-25,1.9084848986883862,0.0029735297560653517,0.0,0.0
2021-10-26,1.9133583882243974,0.0025535908297522614,0.0,0.0
2021-10-27,1.9146734053042938,0.0006872821568555398,0.0,0.0
2021-10-28,1.9227154565640765,0.004200220903211704,0.0,0.0
2021-10-29,1.924230143203623,0.000787785126694418,0.0,0.0
2021-11-01,1.924204833667029,-1.3153071467764121e-05,0.03071548975310368,5.910470928146453e-05
2021-11-02,1.931784603057185,0.003939169706642431,0.0,0.0
2021-11-03,1.93522240768073,0.0017796003851073827,0.0,0.0
2021-11-04,1.944867063053048,0.004983745193337441,0.0,0.0
2021-11-05,1.9553447374196615,0.005387347323454472,0.0,0.0
2021-11-08,1.9539388143236494,-0.0007190154600908993,0.0,0.0
2021-11-09,1.9533019025293807,-0.00032596301869824984,0.0,0.0
2021-11-10,1.935453985494818,-0.009137305918481387,0.0,0.0
2021-11-11,1.933018484716184,-0.001258361499103966,0.0,0.0
2021-11-12,1.939325055769076,0.00326255082543514,0.0,0.0
2021-11-15,1.9323529009113152,-0.0035951450413225228,0.0,0.0
2021-11-16,1.9346300590861913,0.001178438045039476,0.0,0.0
2021-11-17,1.9360804041461614,0.00074967565667583,0.0,0.0
2021-11-18,1.9415759644862631,0.002838497992300848,0.0,0.0
2021-11-19,1.9434367044130614,0.0009583657610279239,0.0,0.0
2021-11-22,1.9322832395864407,-0.005739041977180892,0.0,0.0
2021-11-23,1.9267794967909941,-0.002848310580297997,0.0,0.0
2021-11-24,1.9339515556903728,0.003722303933233473,0.0,0.0
2021-11-26,1.9197967726754834,-0.007319099060801637,0.0,0.0
2021-11-29,1.9322218369255726,0.006472072683387786,0.0,0.0
2021-11-30,1.9154141097406083,-0.008698652951623642,0.0,0.0
2021-12-01,1.9030464480163296,-0.006456912717403784,1.0098397158496957,0.0019237145276455561
2021-12-02,1.9244776228181122,0.01126150905256229,0.0,0.0
2021-12-03,1.8994068547079839,-0.013027310794820224,0.0,0.0
2021-12-06,1.918294931466165,0.009944197427404156,0.0,0.0
2021-12-07,1.9669250438428665,0.02535069638094334,0.0,0.0
2021-12-08,1.973919104971121,0.0035558351092983553,0.0,0.0
2021-12-09,1.9527709387933552,-0.010713795780438184,0.0,0.0
2021-12-10,1.972563461227482,0.01013560886273579,0.0,0.0
2021-12-13,1.9496226397986134,-0.011629953550185479,0.0,0.0
2021-12-14,1.9328629607142314,-0.008596370775686757,0.0,0.0
2021-12-15,1.9699081811426886,0.019165983921989094,0.0,0.0
2021-12-16,1.9360468107042257,-0.01718931408205071,0.0,0.0
2021-12-17,1.920817699491717,-0.007866086257991456,0.0,0.0
2021-12-20,1.9012756817196124,-0.01017380138535573,0.0,0.0
2021-12-21,1.9393699303952165,0.020036152064570434,0.0,0.0
2021-12-22,1.960849410351952,0.011075493963319527,0.0,0.0
2021-12-23,1.974326600968804,0.006873139031330799,0.0,0.0
2021-12-27,2.0045881232380567,0.01532751584991221,0.0,0.0
2021-12-28,1.9991586677415896,-0.002708514249648797,0.0,0.0
2021-12-29,2.0003042832351805,0.0005730488090198715,0.0,0.0
2021-12-30,1.9945530794006974,-0.002875164485065973,0.0,0.0
2021-12-31,1.9858570883535966,-0.004359869454922505,0.0,0.0
2022-01-03,1.9991106525652629,0.006673976838209583,1.0000000000000002,0.0020011117643295934
2022-01-04,2.004455413210229,0.002673569188432534,0.0,0.0
2022-01-05,1.976433106361067,-0.013980010063822212,0.0,0.0
2022-01-06,1.970463153691003,-0.0030205690497947524,0.0,0.0
2022-01-07,1.9694956016416705,-0.0004910277299630117,0.0,0.0
2022-01-10,1.9590677372830294,-0.005294687812427146,0.0,0.0
2022-01-11,1.978668307798659,0.010005049923803577,0.0,0.0
2022-01-12,1.9910447974724135,0.006254959269814897,0.0,0.0
2022-01-13,1.9701444888112087,-0.010497156411416353,0.0,0.0
2022-01-14,1.9695321263336552,-0.0003108211001940919,0.0,0.0
2022-01-18,1.9376698620763735,-0.01617758036605077,0.0,0.0
2022-01-19,1.9268685674776616,-0.005574373018909173,0.0,0.0
2022-01-20,1.911609986362043,-0.00791884894131234,0.0,0.0
2022-01-21,1.8800065340259753,-0.016532374575115028,0.0,0.0
2022-01-24,1.87430523093107,-0.0030325974892737584,0.0,0.0
2022-01-25,1.857262960863412,-0.009092579899162012,0.0,0.0
2022-01-26,1.8513220909162453,-0.003198723106180301,0.0,0.0
2022-01-27,1.8424266946492855,-0.004804888522967565,0.0,0.0
2022-01-28,1.8679916823065539,0.013875714964135755,0.0,0.0
2022-01-31,1.8984049888813326,0.01628128586591182,0.0,0.0
2022-02-01,1.9138355055100693,0.00812814795531569,0.009592527794883291,1.8358696387744656e-05
2022-02-02,1.930257565523225,0.008580706108688663,0.0,0.0
2022-02-03,1.8922938343213571,-0.01966770232115489,0.0,0.0
2022-02-04,1.8989807553115363,0.0035337646135582546,0.0,0.0
2022-02-07,1.8975638232311325,-0.0007461539967904551,0.0,0.0
2022-02-08,1.9102141915207822,0.00666663652351307,0.0,0.0
2022-02-09,1.9396606851313982,0.015415283658411383,0.0,0.0
2022-02-10,1.9099174962152432,-0.015334222704080913,0.0,0.0
2022-02-11,1.876696911968024,-0.01739372737987388,0.0,0.0
2022-02-14,1.8675285652963645,-0.004885363541225707,0.0,0.0
2022-02-15,1.8997392854085788,0.017247779075926895,0.0,0.0
2022-02-16,1.904421010092984,0.0024644037844372413,0.0,0.0
2022-02-17,1.8687639781764303,-0.018723292658282875,0.0,0.0
2022-02-18,1.8587844880636748,-0.005340155433910754,0.0,0.0
2022-02-22,1.8379377624470816,-0.011215246173218008,0.0,0.0
2022-02-23,1.8142131254958405,-0.012908291801814631,0.0,0.0
2022-02-24,1.8152511030008478,0.0005721364763711101,0.0,0.0
2022-02-25,1.8579697787771214,0.023533204693088505,0.0,0.0
2022-02-28,1.837850290017248,-0.01082874920232324,0.0,0.0
2022-03-01,1.8019938367123842,-0.01950999681509813,1.0,0.0018037976343467316
2022-03-02,1.8091927269316512,0.0039949582915337345,0.0,0.0
2022-03-03,1.8099328827303673,0.000409108320909235,0.0,0.0
2022-03-04,1.8168022771694572,0.0037953862845605535,0.0,0.0
2022-03-07,1.8036496122563745,-0.007239458623738759,0.0,0.0
2022-03-08,1.822286613309228,0.010332938795988511,0.0,0.0
2022-03-09,1.8174444312495908,-0.002657201136348042,0.0,0.0
2022-03-10,1.816277376949306,-0.0006421402933801668,0.0,0.0
2022-03-11,1.7984423750583183,-0.009819536441589172,0.0,0.0
2022-03-14,1.7781683138754167,-0.011273122488700271,0.0,0.0
2022-03-15,1.7804669412644394,0.001292693931775668,0.0,0.0
2022-03-16,1.805825011689946,0.014242370828574824,0.0,0.0
2022-03-17,1.821610737236773,0.008741558813638362,0.0,0.0
2022-03-18,1.8238458955356425,0.001227023014950035,0.0,0.0
2022-03-21,1.830369150947111,0.0035766483492032375,0.0,0.0
2022-03-22,1.8348004419599253,0.00242098213386166,0.0,0.0
2022-03-23,1.8347844279581786,-8.727925599139041e-06,0.0,0.0
2022-03-24,1.8553948365029633,0.011233149917083685,0.0,0.0
2022-03-25,1.8562984788887888,0.00048703508711311905,0.0,0.0
2022-03-28,1.846596704258976,-0.005226408759231749,0.0,0.0
2022-03-29,1.8588483150339847,0.006634697628752351,0.0,0.0
2022-03-30,1.8600016564599593,0.0006204602154176175,0.0,0.0
2022-03-31,1.8455090218880024,-0.007791732078099356,0.0,0.0
2022-04-01,1.8424330864062544,-0.0016667138687846972,0.033397607460396724,6.153491211068316e-05
2022-04-04,1.8547896889138125,0.006706676404547363,0.0,0.0
2022-04-05,1.8372544514593847,-0.009454030049464324,0.0,0.0
2022-04-06,1.8302367537497508,-0.003819665645147574,0.0,0.0
2022-04-07,1.8383029992258086,0.004407214235826018,0.0,0.0
2022-04-08,1.841661748439412,0.001827092277506992,0.0,0.0
2022-04-11,1.8307208343855548,-0.0059407836770939415,0.0,0.0
2022-04-12,1.8345904846974193,0.002113730416556603,0.0,0.0
2022-04-13,1.8493171236294215,0.008027207736461817,0.0,0.0
2022-04-14,1.8349591014271578,-0.00776395893316828,0.0,0.0
2022-04-18,1.838250613081742,0.0017937793011431058,0.0,0.0
2022-04-19,1.8383120365993755,3.3414115135466105e-05,0.0,0.0
2022-04-20,1.8422084811908102,0.002119577369815051,0.0,0.0
2022-04-21,1.8253467584136938,-0.009152993783970054,0.0,0.0
2022-04-22,1.7918147050647482,-0.01837023743263244,0.0,0.0
2022-04-25,1.7802106232104293,-0.006476161749046194,0.0,0.0
2022-04-26,1.7563549736826882,-0.013400464651042165,0.0,0.0
2022-04-27,1.751857526441045,-0.00256067099705537,0.0,0.0
2022-04-28,1.7781708082879524,0.01502021793996211,0.0,0.0
2022-04-29,1.7459115878220113,-0.018141800728919133,0.0,0.0
2022-05-02,1.7323882286174994,-0.007745729680036062,1.0,0.0017341223509684685
2022-05-03,1.7454432739634687,0.007535865881741488,0.0,0.0
2022-05-04,1.7640510595470187,0.010660779333891757,0.0,0.0
2022-05-05,1.7370533047600927,-0.01530440666148214,0.0,0.0
2022-05-06,1.7282523513013213,-0.005066599530742066,0.0,0.0
2022-05-09,1.6780053332884837,-0.02907388957116308,0.0,0.0
2022-05-10,1.6558627273203197,-0.01319578998284221,0.0,0.0
2022-05-11,1.661138982066837,0.0031864083051471592,0.0,0.0
2022-05-12,1.6541528551572342,-0.0042056245654474855,0.0,0.0
2022-05-13,1.6685324905314505,0.008693051146624109,0.0,0.0
2022-05-16,1.671355133526911,0.0016916919577403267,0.0,0.0
2022-05-17,1.6772043258286609,0.0034996705274759066,0.0,0.0
2022-05-18,1.6534855997195468,-0.014141822641314361,0.0,0.0
2022-05-19,1.6623209771096175,0.005343486143193132,0.0,0.0
2022-05-20,1.6680433495672262,0.0034423992336056752,0.0,0.0
2022-05-23,1.6814281909869324,0.00802427672109296,0.0,0.0
2022-05-24,1.6948308058273929,0.007970970697591007,0.0,0.0
2022-05-25,1.696595337633797,0.00104112563940717,0.0,0.0
2022-05-26,1.6960237491421544,-0.00033690325498580975,0.0,0.0
2022-05-27,1.7188470698777834,0.013456958221942816,0.0,0.0
2022-05-31,1.6998122987451538,-0.011074150496694801,0.0,0.0
2022-06-01,1.6965489576596042,-0.001919824375878898,1.0,0.0016982472048644687
2022-06-02,1.7231446864365116,0.015676369760408315,0.0,0.0
2022-06-03,1.7002403276234301,-0.013292185498623432,0.0,0.0
2022-06-06,1.6990860282320277,-0.0006789036659399228,0.0,0.0
2022-06-07,1.7127827709014907,0.008061241421492449,0.0,0.0
2022-06-08,1.7026336755413543,-0.005925500613714552,0.0,0.0
2022-06-09,1.679670128529085,-0.013487074373157881,0.0,0.0
2022-06-10,1.66694047149387,-0.007578664893185039,0.0,0.0
2022-06-13,1.6135838035469687,-0.032008742279251545,0.0,0.0
2022-06-14,1.60454540386093,-0.005601444230024288,0.0,0.0
2022-06-15,1.6264194653230324,0.013632559982078574,0.0,0.0
2022-06-16,1.6098843669041898,-0.010166564512653853,0.0,0.0
2022-06-17,1.6045276242684503,-0.003327408319418912,0.0,0.0
2022-06-21,1.62053207991111,0.009974559116709969,0.0,0.0
2022-06-22,1.622466785404119,0.0011938705299281427,0.0,0.0
2022-06-23,1.6249286538208034,0.001517361365318326,0.0,0.0
2022-06-24,1.6490929644234806,0.014870997902497463,0.0,0.0
2022-06-27,1.6450578441379693,-0.0024468725369415356,0.0,0.0
2022-06-28,1.6271637291184131,-0.010877498978726141,0.0,0.0
2022-06-29,1.625878851975389,-0.0007896421976663071,0.0,0.0
2022-06-30,1.6143785900725187,-0.007073258803322213,0.0,0.0
2022-07-01,1.6203663855985098,0.003709040470935676,1.0,0.0016219883739724825
2022-07-05,1.6029638664401442,-0.010739866806072751,0.0,0.0
2022-07-06,1.586390852490934,-0.010338981617854848,0.0,0.0
2022-07-07,1.586751073274781,0.00022706937781524772,0.0,0.0
2022-07-08,1.5857758424945998,-0.0006146085524104672,0.0,0.0
2022-07-11,1.5838483644127628,-0.0012154795338570334,0.0,0.0
2022-07-12,1.582126939735521,-0.0010868620481102598,0.0,0.0
2022-07-13,1.5918850378579739,0.00616770872006267,0.0,0.0
2022-07-14,1.5757818702565727,-0.010115785511163211,0.0,0.0
2022-07-15,1.5807306716060596,0.003140537052048531,0.0,0.0
2022-07-18,1.5757659367110732,-0.003140784818163933,0.0,0.0
2022-07-19,1.5798549463162128,0.0025949346345650603,0.0,0.0
2022-07-20,1.5717599642704534,-0.005123876761366386,0.0,0.0
2022-07-21,1.5935761006597648,0.013880068767012865,0.0,0.0
2022-07-22,1.6018449280611282,0.005188850032288972,0.0,0.0
2022-07-25,1.5927274586378535,-0.005691855224906561,0.0,0.0
2022-07-26,1.5916671176476136,-0.0006657391284926595,0.0,0.0
2022-07-27,1.6049809950583032,0.008364737364409791,0.0,0.0
2022-07-28,1.6213171590635245,0.010178415853844935,0.0,0.0
2022-07-29,1.6254996000592001,0.0025796562827296032,0.0,0.0
2022-08-01,1.6315850075152716,0.0037437151358572507,0.026313280697328693,4.2933484005118404e-05
2022-08-02,1.6167711828512163,-0.009079407199637735,0.0,0.0
2022-08-03,1.6275073273260245,0.006640484806189395,0.0,0.0
2022-08-04,1.6422350137437796,0.009049228946915067,0.0,0.0
2022-08-05,1.6219039286220092,-0.01238013131593263,0.0,0.0
2022-08-08,1.632028941137952,0.006242670935845851,0.0,0.0
2022-08-09,1.6309181914245638,-0.0006805943726793107,0.0,0.0
2022-08-10,1.6364615331984858,0.0033989085430949917,0.0,0.0
2022-08-11,1.6264533546421553,-0.0061157432382594745,0.0,0.0
2022-08-12,1.6433451515073902,0.010385663269729228,0.0,0.0
2022-08-15,1.6320981135910313,-0.00684399008086789,0.0,0.0
2022-08-16,1.62753112553153,-0.0027982313204522047,0.0,0.0
2022-08-17,1.6146223176441539,-0.007931527504987157,0.0,0.0
2022-08-18,1.6145618678279547,-3.74389821932164e-05,0.0,0.0
2022-08-19,1.5990875107570666,-0.009584245348061904,0.0,0.0
2022-08-22,1.588408091640852,-0.006678445703799163,0.0,0.0
2022-08-23,1.5948484318884701,0.004054587911954677,0.0,0.0
2022-08-24,1.594871428614708,1.4419380411467841e-05,0.0,0.0
2022-08-25,1.6054606204570132,0.00663952695641612,0.0,0.0
2022-08-26,1.5908527434710122,-0.009098869695005507,0.0,0.0
2022-08-29,1.5855075193576122,-0.0033599741618683954,0.0,0.0
2022-08-30,1.5798309974357079,-0.00358025544035534,0.0,0.0
2022-08-31,1.5654410460718835,-0.009108538436821023,0.0,0.0
2022-09-01,1.553828799651111,-0.007417875269024488,0.00447999701796819,6.961179574934383e-06
2022-09-02,1.561243267629773,0.004771740606382524,0.0,0.0
2022-09-06,1.5461223101945947,-0.009685202651432023,0.0,0.0
2022-09-07,1.5645180706380115,0.011897998186897407,0.0,0.0
2022-09-08,1.5580004903823257,-0.004165870869761168,0.0,0.0
2022-09-09,1.5639275471871368,0.0038042714629420438,0.0,0.0
2022-09-12,1.5661921696729748,0.0014480354220445246,0.0,0.0
2022-09-13,1.5503117688135744,-0.010139497034209022,0.0,0.0
2022-09-14,1.5509680187994337,0.0004233019442028141,0.0,0.0
2022-09-15,1.5327205991847468,-0.01176518109561786,0.0,0.0
2022-09-16,1.5351595609788382,0.0015912631404502164,0.0,0.0
2022-09-19,1.53704142836293,0.0012258448124387034,0.0,0.0
2022-09-20,1.5249861194194878,-0.007843190639488462,0.0,0.0
2022-09-21,1.531398690746225,0.004205003078439962,0.0,0.0
2022-09-22,1.5201964015787852,-0.007315070357008735,0.0,0.0
2022-09-23,1.5048060380067376,-0.010123931063160008,0.0,0.0
2022-09-26,1.4829914015379415,-0.014496643366537554,0.0,0.0
2022-09-27,1.4733987573576588,-0.006468442211016612,0.0,0.0
2022-09-28,1.503533746105429,0.020452704060788918,0.0,0.0
2022-09-29,1.4978628118513542,-0.0037717372614776146,0.0,0.0
2022-09-30,1.496046896400651,-0.0012123376295447574,0.0,0.0
2022-10-03,1.5281144389614119,0.021434851165369473,0.020413576786106925,3.119491823755587e-05
2022-10-04,1.5425883608642943,0.009471752595126004,0.0,0.0
2022-10-05,1.532492403536048,-0.006544816222125216,0.0,0.0
2022-10-06,1.529861014473008,-0.0017170649961908424,0.0,0.0
2022-10-07,1.513854006879797,-0.010463046931570408,0.0,0.0
2022-10-10,1.495520820132841,-0.012110273952203987,0.0,0.0
2022-10-11,1.492434885105887,-0.0020634517322732915,0.0,0.0
2022-10-12,1.4955560810836557,0.002091344827782615,0.0,0.0
2022-10-13,1.491669933664097,-0.002598463186176736,0.0,0.0
2022-10-14,1.475235523993521,-0.011017457213344017,0.0,0.0
2022-10-17,1.4808841322113988,0.003828953496582521,0.0,0.0
2022-10-18,1.486883746712847,0.0040513733457925305,0.0,0.0
2022-10-19,1.4667370742536305,-0.013549594918739305,0.0,0.0
2022-10-20,1.4591877820847454,-0.00514699757809467,0.0,0.0
2022-10-21,1.4742662700401723,0.010333480132272088,0.0,0.0
2022-10-24,1.4714876420443557,-0.001884753149606344,0.0,0.0
2022-10-25,1.48294672007242,0.00778741030549468,0.0,0.0
2022-10-26,1.4910523478358706,0.005465892775335046,0.0,0.0
2022-10-27,1.4933479375841774,0.0015395768979127311,0.0,0.0
2022-10-28,1.4872709428063282,-0.004069376348876941,0.0,0.0
2022-10-31,1.4772018924824648,-0.006770151983783168,0.0,0.0
2022-11-01,1.4900243196093652,0.008680213038010809,0.006615314978249292,9.857045406927815e-06
2022-11-02,1.481242710347512,-0.005893601296491191,0.0,0.0
2022-11-03,1.4757915331360878,-0.0036801377474090513,0.0,0.0
2022-11-04,1.499879080078192,0.01632178149912389,0.0,0.0
2022-11-07,1.494160598142197,-0.003812628639167981,0.0,0.0
2022-11-08,1.5147121232747045,0.013754562366361966,0.0,0.0
2022-11-09,1.5089248899997103,-0.003820681954061711,0.0,0.0
2022-11-10,1.55711717125678,0.031938157807893885,0.0,0.0
2022-11-11,1.564409827151381,0.004683434252231056,0.0,0.0
2022-11-14,1.5622775844472612,-0.0013629693876332505,0.0,0.0
2022-11-15,1.5757081898354728,0.008596811169740537,0.0,0.0
2022-11-16,1.5804519346115518,0.003010547769364713,0.0,0.0
2022-11-17,1.5704534855378092,-0.006326322778174243,0.0,0.0
2022-11-18,1.5648942988091905,-0.003539860798051464,0.0,0.0
2022-11-21,1.5593053095357958,-0.0035714803726025757,0.0,0.0
2022-11-22,1.5671090251336595,0.005004610418588795,0.0,0.0
2022-11-23,1.579845246127383,0.008127207992205454,0.0,0.0
2022-11-25,1.5813301875532595,0.000939928407238888,0.0,0.0
2022-11-28,1.5693574779989483,-0.007571290074994463,0.0,0.0
2022-11-29,1.5693616086997046,2.6320967747572865e-06,0.0,0.0
2022-11-30,1.5889760982405625,0.012498387517654086,0.0,0.0
2022-12-01,1.6119429719665133,0.014453882441266108,1.0,0.0016135565284950077
2022-12-02,1.608563314233832,-0.002096636042004718,0.0,0.0
2022-12-05,1.5841969085649534,-0.015147930736244875,0.0,0.0
2022-12-06,1.5827899815203805,-0.0008881011173335063,0.0,0.0
2022-12-07,1.589945021841628,0.004520524140779969,0.0,0.0
2022-12-08,1.5946609091711244,0.002966069433038676,0.0,0.0
2022-12-09,1.5979699204197626,0.002075056351859894,0.0,0.0
2022-12-12,1.5937215690232067,-0.0026585928447513396,0.0,0.0
2022-12-13,1.6186307520392689,0.015629570120789138,0.0,0.0
2022-12-14,1.6159456517020443,-0.0016588714466481136,0.0,0.0
2022-12-15,1.5820829621603696,-0.020955339374197246,0.0,0.0
2022-12-16,1.5820724387586722,-6.651611798580426e-06,0.0,0.0
2022-12-19,1.5779051810893998,-0.0026340498495391884,0.0,0.0
2022-12-20,1.5942631086837267,0.01036686347847171,0.0,0.0
2022-12-21,1.6010380724340436,0.004249589489598415,0.0,0.0
2022-12-22,1.5847941493481705,-0.010145869336622093,0.0,0.0
2022-12-23,1.589941419453559,0.003247910845396218,0.0,0.0
2022-12-27,1.5979063368454078,0.005009566575469249,0.0,0.0
2022-12-28,1.5858985430699297,-0.007514704396994865,0.0,0.0
2022-12-29,1.60271109641422,0.010601279267048902,0.0,0.0
2022-12-30,1.5983851379060536,-0.0026991505317738307,0.0,0.0
2023-01-03,1.6105173994748017,0.007590324309848073,1.0,0.0016121295290038062
2023-01-04,1.623936978814855,0.00833246467528359,0.0,0.0
2023-01-05,1.6132090147067968,-0.006606145588166523,0.0,0.0
2023-01-06,1.641500257430258,0.017537245617613273,0.0,0.0
2023-01-09,1.6465980917028011,0.003105594561723546,0.0,0.0
2023-01-10,1.6468042170931114,0.00012518257572935454,0.0,0.0
2023-01-11,1.6532935887373497,0.003940584786510382,0.0,0.0
2023-01-12,1.6722082351309728,0.011440585339757225,0.0,0.0
2023-01-13,1.679457527868013,0.004335161485717887,0.0,0.0
2023-01-17,1.6709157557875933,-0.005086030422730037,0.0,0.0
2023-01-18,1.6783000714690504,0.0044193225516486745,0.0,0.0
2023-01-19,1.6897834034640442,0.006842240067917116,0.0,0.0
2023-01-20,1.68255942404133,-0.004275091948414911,0.0,0.0
2023-01-23,1.6817328458249745,-0.0004912624211335093,0.0,0.0
2023-01-24,1.6891920043787496,0.004435400409936063,0.0,0.0
2023-01-25,1.6934783442685695,0.0025375089857806454,0.0,0.0
2023-01-26,1.685454702120562,-0.004737965605029926,0.0,0.0
2023-01-27,1.6818507341181193,-0.002138276393846894,0.0,0.0
2023-01-30,1.6764992112013428,-0.003181925011664366,0.0,0.0
2023-01-31,1.6855515389180076,0.005399541888348347,0.0,0.0
2023-02-01,1.7030227809946277,0.010365296861723605,1.0,0.0017047275085031316
2023-02-02,1.6841727242353113,-0.011068587554834308,0.0,0.0
2023-02-03,1.6554590547491168,-0.017049123924763543,0.0,0.0
2023-02-06,1.6485356861583957,-0.004182144264371579,0.0,0.0
2023-02-07,1.6563628515724416,0.004747950244428978,0.0,0.0
2023-02-08,1.6531883012239172,-0.0019165790548312245,0.0,0.0
2023-02-09,1.6482534958915231,-0.002985023139070564,0.0,0.0
2023-02-10,1.6461437650455832,-0.0012799795973122974,0.0,0.0
2023-02-13,1.6503936939475436,0.0025817483212609016,0.0,0.0
2023-02-14,1.6525366054611421,0.0012984244434870451,0.0,0.0
2023-02-15,1.6407000822470272,-0.007162639045331098,0.0,0.0
2023-02-16,1.6359154237057125,-0.0029162298418135,0.0,0.0
2023-02-17,1.640429069543967,0.0027590948608027244,0.0,0.0
2023-02-21,1.6282287446901904,-0.007437276673698645,0.0,0.0
2023-02-22,1.6191291580135152,-0.005588641464751132,0.0,0.0
2023-02-23,1.6229535996659994,0.0023620361807183965,0.0,0.0
2023-02-24,1.6034346995921611,-0.012026776414221119,0.0,0.0
2023-02-27,1.6162004334848543,0.007961492847784912,0.0,0.0
2023-02-28,1.6137938085966996,-0.001489063384895628,0.0,0.0
2023-03-01,1.6227294984002596,0.005537070322094051,0.013558446508252399,2.2001989414219284e-05
2023-03-02,1.6238836948371977,0.0007112685374093264,0.0,0.0
2023-03-03,1.644449003219763,0.012664274201378056,0.0,0.0
2023-03-06,1.6382203530277564,-0.0037876821840088226,0.0,0.0
2023-03-07,1.610233705535713,-0.017083567201639616,0.0,0.0
2023-03-08,1.6142757845068867,0.0025102436728765554,0.0,0.0
2023-03-09,1.6162282439857187,0.0012094956125656697,0.0,0.0
2023-03-10,1.625054596915263,0.00546108073682583,0.0,0.0
2023-03-13,1.6385434428398884,0.008300549378605693,0.0,0.0
2023-03-14,1.644239403911012,0.0034762343934264806,0.0,0.0
2023-03-15,1.625892248018602,-0.011158445569890318,0.0,0.0
2023-03-16,1.639705756708559,0.008495955809366018,0.0,0.0
2023-03-17,1.6549872107046582,0.009319631850762233,0.0,0.0
2023-03-20,1.6675391212932398,0.007584294614118026,0.0,0.0
2023-03-21,1.6630380813851846,-0.0026992109813678278,0.0,0.0
2023-03-22,1.6748321427479438,0.007091876905750416,0.0,0.0
2023-03-23,1.685877063383177,0.006594643339667083,0.0,0.0
2023-03-24,1.6735025609504746,-0.007340097745840102,0.0,0.0
2023-03-27,1.6729894254987099,-0.0003066236429738467,0.0,0.0
2023-03-28,1.6804183002199404,0.004440479185345847,0.0,0.0
2023-03-29,1.6858697412275618,0.0032440976195675653,0.0,0.0
2023-03-30,1.7032523888313653,0.010310789249438956,0.0,0.0
2023-03-31,1.7028804537840792,-0.00021836754771342726,0.0,0.0
2023-04-03,1.7140700344311535,0.006570972508498363,1.0,0.0017157858202514055
2023-04-04,1.7311372649555774,0.009957137212359024,0.0,0.0
2023-04-05,1.7332470542347822,0.0012187302081207996,0.0,0.0
2023-04-06,1.7262443515859411,-0.004040221866658644,0.0,0.0
2023-04-10,1.7158590990538498,-0.006016096459664055,0.0,0.0
2023-04-11,1.7210589439372947,0.0030304614675600305,0.0,0.0
2023-04-12,1.7234919872944814,0.0014136897319858566,0.0,0.0
2023-04-13,1.7367231550478741,0.007676953447380397,0.0,0.0
2023-04-14,1.7183124256688762,-0.010600842929678334,0.0,0.0
2023-04-17,1.7090781831160866,-0.005374018376893885,0.0,0.0
2023-04-18,1.715228516245399,0.0035986259669518184,0.0,0.0
2023-04-19,1.7068853158421926,-0.0048641917529854695,0.0,0.0
2023-04-20,1.713471866140846,0.0038588124448204475,0.0,0.0
2023-04-21,1.7054725271807147,-0.0046684974047153105,0.0,0.0
2023-04-24,1.711815423652929,0.0037191431530707586,0.0,0.0
2023-04-25,1.7199230577172544,0.004736278194657162,0.0,0.0
2023-04-26,1.711490368631407,-0.004902945540505521,0.0,0.0
2023-04-27,1.7084183074313886,-0.001794962598869243,0.0,0.0
2023-04-28,1.7152775638686053,0.004014974791232362,0.0,0.0
2023-05-01,1.6958945268954742,-0.01130023349073317,1.0,0.0016975921190144885
2023-05-02,1.7037209362951933,0.0046149151822820755,0.0,0.0
2023-05-03,1.7132412161960395,0.005587933855851102,0.0,0.0
2023-05-04,1.7176412802650234,0.0025682688621941896,0.0,0.0
2023-05-05,1.7162484861300014,-0.0008108760257596881,0.0,0.0
2023-05-08,1.7175392767560282,0.0007521000813450751,0.0,0.0
2023-05-09,1.7202089175899364,0.0015543404858551213,0.0,0.0
2023-05-10,1.717234001328595,-0.0017293924190960874,0.0,0.0
2023-05-11,1.7076910501043079,-0.005557164147054983,0.0,0.0
2023-05-12,1.704716562085876,-0.0017418185908102402,0.0,0.0
2023-05-15,1.7130198653588473,0.004870782309295718,0.0,0.0
2023-05-16,1.6941597571536384,-0.011009859597429728,0.0,0.0
2023-05-17,1.695131756668001,0.000573735452195967,0.0,0.0
2023-05-18,1.6828470463803895,-0.007247053356937094,0.0,0.0
2023-05-19,1.6961038202600056,0.007877586919221136,0.0,0.0
2023-05-22,1.6943525199398657,-0.0010325431139418528,0.0,0.0
2023-05-23,1.6829086836081286,-0.0067541058882736316,0.0,0.0
2023-05-24,1.6638597668230413,-0.011319043612186275,0.0,0.0
2023-05-25,1.6546402681486387,-0.0055410310761982995,0.0,0.0
2023-05-26,1.6660335377474138,0.006885647483681145,0.0,0.0
2023-05-30,1.6627750514884798,-0.001955834732678685,0.0,0.0
2023-05-31,1.6555297043803074,-0.004357382618705108,0.0,0.0
2023-06-01,1.6742590853399604,0.011313225555601658,0.011754226840233561,1.9679852399857478e-05
2023-06-02,1.6727684860567866,-0.0008903038342307212,0.0,0.0
2023-06-05,1.6728318904781156,3.7903883207679456e-05,0.0,0.0
2023-06-06,1.6807462284301287,0.004731101790360404,0.0,0.0
2023-06-07,1.663293235868354,-0.01038407361358551,0.0,0.0
2023-06-08,1.6830500261071553,0.011878116144978357,0.0,0.0
2023-06-09,1.6793914033097321,-0.002173805139877749,0.0,0.0
2023-06-12,1.6823472658574157,0.0017600795989893836,0.0,0.0
2023-06-13,1.6843254485335002,0.001175846816071191,0.0,0.0
2023-06-14,1.6879902735485532,0.0021758413840056168,0.0,0.0
2023-06-15,1.7029281191944927,0.008849485616132524,0.0,0.0
2023-06-16,1.6997508361466807,-0.0018657763718852305,0.0,0.0
2023-06-20,1.67965680700597,-0.011821749819675653,0.0,0.0
2023-06-21,1.6797797962524563,7.322284288857617e-05,0.0,0.0
2023-06-22,1.6663222040898191,-0.008011521624834872,0.0,0.0
2023-06-23,1.6552418609491926,-0.00664958020329498,0.0,0.0
2023-06-26,1.6577238535028531,0.00149947425341046,0.0,0.0
2023-06-27,1.6613576298219201,0.0021920275270146394,0.0,0.0
2023-06-28,1.6600843555097735,-0.0007664059136280876,0.0,0.0
2023-06-29,1.6580301433470344,-0.0012374143253149894,0.0,0.0
2023-06-30,1.6738654149706513,0.009550653639897488,0.0,0.0
2023-07-03,1.6721518710321803,-0.0010237047274801458,1.0,0.0016738256967289101
2023-07-05,1.6615571040006263,-0.006336007640869501,0.0,0.0
2023-07-06,1.6407043177746183,-0.012550147193737482,0.0,0.0
2023-07-07,1.6447317946399156,0.0024547243654238216,0.0,0.0
2023-07-10,1.6491319574762664,0.002675307214641709,0.0,0.0
2023-07-11,1.6617957013022293,0.00767903609444498,0.0,0.0
2023-07-12,1.6843188016451496,0.01355347129931217,0.0,0.0
2023-07-13,1.7044955029384639,0.01197914627183816,0.0,0.0
2023-07-14,1.6991190489397305,-0.00315427878188268,0.0,0.0
2023-07-17,1.7010190567269485,0.001118231114178636,0.0,0.0
2023-07-18,1.7128719244372854,0.006968098131213019,0.0,0.0
2023-07-19,1.7143128234040217,0.0008412181589172452,0.0,0.0
2023-07-20,1.704236274323301,-0.005877894012781271,0.0,0.0
2023-07-21,1.7059680407657685,0.001016153962076105,0.0,0.0
2023-07-24,1.7076954104444106,0.0010125451575673239,0.0,0.0
2023-07-25,1.7109552580853928,0.001908916321402998,0.0,0.0
2023-07-26,1.7133960624259446,0.0014265740316803388,0.0,0.0
2023-07-27,1.7057439036610078,-0.004466077010882308,0.0,0.0
2023-07-28,1.7202083789006803,0.008479863365554285,0.0,0.0
2023-07-31,1.7220785251936097,0.0010871626460304817,0.0,0.0
2023-08-01,1.7071555574038313,-0.008665672076771713,1.0054855564116323,0.001718247928992337
2023-08-02,1.6871839061679816,-0.011698788167975538,0.0,0.0
2023-08-03,1.684578468559505,-0.0015442522886518484,0.0,0.0
2023-08-04,1.689974595207337,0.0032032503967869275,0.0,0.0
2023-08-07,1.6951164802398773,0.0030425812595775703,0.0,0.0
2023-08-08,1.684616666667885,-0.006194154616741443,0.0,0.0
2023-08-09,1.6803637569149361,-0.002524556379559617,0.0,0.0
2023-08-10,1.6830638604637111,0.0016068565735625207,0.0,0.0
2023-08-11,1.6773756189484978,-0.0033796944066317725,0.0,0.0
2023-08-14,1.671106539187516,-0.0037374334586499636,0.0,0.0
2023-08-15,1.6585519368530552,-0.007512748014596782,0.0,0.0
2023-08-16,1.6469943393701754,-0.006968486922881212,0.0,0.0
2023-08-17,1.6399129834958117,-0.00429956297061207,0.0,0.0
2023-08-18,1.6400548780441322,8.652565700040249e-05,0.0,0.0
2023-08-21,1.645343565249421,0.003224701365844407,0.0,0.0
2023-08-22,1.6452061090253949,-8.35425663850975e-05,0.0,0.0
2023-08-23,1.6624953802221725,0.010508878554444268,0.0,0.0
2023-08-24,1.6510458170639395,-0.006886974420766689,0.0,0.0
2023-08-25,1.6554140243430786,0.0026457214172936894,0.0,0.0
2023-08-28,1.666416636623095,0.006646441384585033,0.0,0.0
2023-08-29,1.6848624067592723,0.01106912264963733,0.0,0.0
2023-08-30,1.6865264205475188,0.0009876259221943684,0.0,0.0
2023-08-31,1.6818572154706257,-0.0027685336084904977,0.0,0.0
2023-09-01,1.6817965189835034,-3.6088965557845576e-05,0.013096506304688876,2.2025947177026664e-05
2023-09-05,1.6676406615791568,-0.008417104711872292,0.0,0.0
2023-09-06,1.6620944302283642,-0.0033257952258974877,0.0,0.0
2023-09-07,1.660276179601428,-0.0010939514589952681,0.0,0.0
2023-09-08,1.65938011966478,-0.0005397053500239002,0.0,0.0
2023-09-11,1.6695074464678537,0.00610307830198642,0.0,0.0
2023-09-12,1.661801055528555,-0.004615966796436277,0.0,0.0
2023-09-13,1.6572989244559326,-0.0027091877560460054,0.0,0.0
2023-09-14,1.6686583620304603,0.006854187501664333,0.0,0.0
2023-09-15,1.6722388133660107,0.0021457066449441786,0.0,0.0
2023-09-18,1.674200383208699,0.0011730201613606717,0.0,0.0
2023-09-19,1.6741125589258123,-5.245744999671231e-05,0.0,0.0
2023-09-20,1.6727197594972743,-0.0008319628337486451,0.0,0.0
2023-09-21,1.6527706453221005,-0.01192615443316658,0.0,0.0
2023-09-22,1.6561375916761567,0.002037152803739506,0.0,0.0
2023-09-25,1.648195945662547,-0.0047952815354985745,0.0,0.0
2023-09-26,1.6309800702607566,-0.010445284401467081,0.0,0.0
2023-09-27,1.619272855547277,-0.0071780243835890545,0.0,0.0
2023-09-28,1.6217980898399786,0.0015594865831602966,0.0,0.0
2023-09-29,1.6111351232925926,-0.006574780556338089,0.0,0.0
2023-10-02,1.5908444013877727,-0.012594053479110245,0.004227955095818952,6.72604713092735e-06
2023-10-03,1.5785910710785949,-0.007702406532335115,0.0,0.0
2023-10-04,1.5799028115490725,0.0008309564741053599,0.0,0.0
2023-10-05,1.5853598861504248,0.0034540571492507333,0.0,0.0
2023-10-06,1.5982237392899334,0.008114153292186899,0.0,0.0
2023-10-09,1.611680924615551,0.00842008849874576,0.0,0.0
2023-10-10,1.621331431437718,0.00598785198408236,0.0,0.0
2023-10-11,1.6306357752379355,0.005738705621691986,0.0,0.0
2023-10-12,1.6213572722077885,-0.00569011374032502,0.0,0.0
2023-10-13,1.6399766096678992,0.011483796803622992,0.0,0.0
2023-10-16,1.6417539384157407,0.0010837524982758584,0.0,0.0
2023-10-17,1.6437696431136881,0.0012277751560580974,0.0,0.0
2023-10-18,1.6418106866247268,-0.0011917463600620293,0.0,0.0
2023-10-19,1.6451917373340375,0.002059342612918069,0.0,0.0
2023-10-20,1.640508279572399,-0.002846754974120902,0.0,0.0
2023-10-23,1.6381871231767224,-0.0014149007503221345,0.0,0.0
2023-10-24,1.6425442416500373,0.0026597196447655236,0.0,0.0
2023-10-25,1.640532162358865,-0.0012249772274938175,0.0,0.0
2023-10-26,1.6362697455028332,-0.0025981915830914915,0.0,0.0
2023-10-27,1.6439607751329794,0.004700343357985082,0.0,0.0
2023-10-30,1.6488765723179069,0.002990215617845182,0.0,0.0
2023-10-31,1.6469520984434203,-0.0011671424694822408,0.0,0.0
2023-11-01,1.6499602426167117,0.001826491599928426,1.0,0.0016516118544711836
2023-11-02,1.6624981939985544,0.007598941512650281,0.0,0.0
2023-11-03,1.6696260698078476,0.0042874487533424155,0.0,0.0
2023-11-06,1.6587074309980279,-0.006539571349096329,0.0,0.0
2023-11-07,1.661958397653148,0.0019599397665712726,0.0,0.0
2023-11-08,1.658057240314441,-0.002347325507194409,0.0,0.0
2023-11-09,1.652732884199191,-0.0032112016315191116,0.0,0.0
2023-11-10,1.6480298474421011,-0.0028456121385693756,0.0,0.0
2023-11-13,1.652607625410634,0.0027777275852365335,0.0,0.0
2023-11-14,1.6730162425698971,0.012349342242803596,0.0,0.0
2023-11-15,1.6664132309616733,-0.003946770772578434,0.0,0.0
2023-11-16,1.6826260808766351,0.009729189383359316,0.0,0.0
2023-11-17,1.6850057089071535,0.001414234604802278,0.0,0.0
2023-11-20,1.6871142085673085,0.0012513308702808423,0.0,0.0
2023-11-21,1.6962624791465704,0.005422437042380546,0.0,0.0
2023-11-22,1.6961683447549165,-5.549518002734288e-05,0.0,0.0
2023-11-24,1.6960389499706658,-7.628652229640931e-05,0.0,0.0
2023-11-27,1.7086553384721423,0.007438737478107305,0.0,0.0
2023-11-28,1.7233065625331196,0.008574710025532895,0.0,0.0
2023-11-29,1.731644614298831,0.004838403071740771,0.0,0.0
2023-11-30,1.7234834818674358,-0.004712937264381933,0.0,0.0
2023-12-01,1.7469039076940567,0.013589005101020346,1.0117341265931075,0.0017691922514702489
2023-12-04,1.7234404393923826,-0.01343145905068488,0.0,0.0
2023-12-05,1.7200394651438906,-0.0019733633787141214,0.0,0.0
2023-12-06,1.7196775524634438,-0.000210409521281818,0.0,0.0
2023-12-07,1.7276895530586835,0.004659013303838666,0.0,0.0
2023-12-08,1.720019532811364,-0.004439466704964756,0.0,0.0
2023-12-11,1.7140996312706434,-0.0034417641356925266,0.0,0.0
2023-12-12,1.7176591003567645,0.0020765823766513147,0.0,0.0
2023-12-13,1.7486680756784434,0.018053044003456975,0.0,0.0
2023-12-14,1.7565447886994159,0.0045044071716793255,0.0,0.0
2023-12-15,1.7471965075553002,-0.005321971409016801,0.0,0.0
2023-12-18,1.7561062671723793,0.005099460523502186,0.0,0.0
2023-12-19,1.7674114271393413,0.006437628620940661,0.0,0.0
2023-12-20,1.7501565691452856,-0.009762785126937734,0.0,0.0
2023-12-21,1.764687992987483,0.008302927919925596,0.0,0.0
2023-12-22,1.770323921126562,0.0031937249879157026,0.0,0.0
2023-12-26,1.7807405367812184,0.005884016778142875,0.0,0.0
2023-12-27,1.786340977981649,0.0031450068579634838,0.0,0.0
2023-12-28,1.7815898322878003,-0.0026597081701708047,0.0,0.0
2023-12-29,1.7775890388378652,-0.0022456310523492062,0.0,0.0
2024-01-02,1.7686902877906017,-0.005006078937728642,1.0,0.001770460748539141
2024-01-03,1.7521103673002976,-0.009374123103833676,0.0,0.0
2024-01-04,1.7447819259160016,-0.004182636848150123,0.0,0.0
2024-01-05,1.7470120044420159,0.0012781416937497347,0.0,0.0
2024-01-08,1.7775228125982294,0.017464566974145335,0.0,0.0
2024-01-09,1.7779330643593796,0.00023079971646078334,0.0,0.0
2024-01-10,1.7889882905977927,0.00621802162298879,0.0,0.0
2024-01-11,1.7904623913339233,0.0008239856816714131,0.0,0.0
2024-01-12,1.7915410216175076,0.000602431131089487,0.0,0.0
2024-01-16,1.7881788275528816,-0.0018767050399942642,0.0,0.0
2024-01-17,1.7781650107739264,-0.005600008581165827,0.0,0.0
2024-01-18,1.798719966055534,0.011559644440794159,0.0,0.0
2024-01-19,1.827824677649847,0.016180790864370964,0.0,0.0
2024-01-22,1.8309412110595187,0.0017050505159383889,0.0,0.0
2024-01-23,1.8374234968951604,0.0035404117819219927,0.0,0.0
2024-01-24,1.8435771993826715,0.003349093171993056,0.0,0.0
2024-01-25,1.8496590279520748,0.003298928068453,0.0,0.0
2024-01-26,1.8429194837541674,-0.003643668425401314,0.0,0.0
2024-01-29,1.8596751261180595,0.009091901470247521,0.0,0.0
2024-01-30,1.8527036074561456,-0.0037487830879722184,0.0,0.0
2024-01-31,1.819418725389016,-0.01796557308636726,0.0,0.0
2024-02-01,1.842017786070167,0.012421033358507971,0.006192878460840629,1.140746291687033e-05
2024-02-02,1.8672789552792153,0.013713857379706207,0.0,0.0
2024-02-05,1.8626676172492633,-0.002469549617594491,0.0,0.0
2024-02-06,1.863482540431886,0.0004375032749139862,0.0,0.0
2024-02-07,1.880844654958106,0.00931702559563341,0.0,0.0
2024-02-08,1.8830054913219607,0.001148864877361655,0.0,0.0
2024-02-09,1.8977275567751386,0.007818386893201357,0.0,0.0
2024-02-12,1.8935803504266986,-0.002185353916390076,0.0,0.0
2024-02-13,1.8657664711900106,-0.014688512811415921,0.0,0.0
2024-02-14,1.8844148638328622,0.009995030423586293,0.0,0.0
2024-02-15,1.8937076256175753,0.004931377884491939,0.0,0.0
2024-02-16,1.8803994301634956,-0.007027587191417495,0.0,0.0
2024-02-20,1.8681269459376997,-0.006526530496091976,0.0,0.0
2024-02-21,1.8652407730674345,-0.0015449554306473656,0.0,0.0
2024-02-22,1.91181523258765,0.024969676940753693,0.0,0.0
2024-02-23,1.9096582085363298,-0.0011282596845934023,0.0,0.0
2024-02-26,1.90565392312747,-0.0020968597369729336,0.0,0.0
2024-02-27,1.9097161144057884,0.00213165214786315,0.0,0.0
2024-02-28,1.903368069903248,-0.0033240775708255343,0.0,0.0
2024-02-29,1.9149374715399248,0.006078383797446518,0.0,0.0
2024-03-01,1.938340870549611,0.01222149514410309,0.0037555557326629544,7.279574507095025e-06
2024-03-04,1.9338433796377685,-0.0023202786363201167,0.0,0.0
2024-03-05,1.9068336790044835,-0.013966850117067997,0.0,0.0
2024-03-06,1.9176495736807244,0.005672175185141182,0.0,0.0
2024-03-07,1.9416969510072044,0.012540026945759175,0.0,0.0
2024-03-08,1.9218726287981784,-0.010209792109290072,0.0,0.0
2024-03-11,1.9174962619051152,-0.0022771368026610617,0.0,0.0
2024-03-12,1.9415268636565501,0.012532280885679148,0.0,0.0
2024-03-13,1.9325794531467992,-0.004608440231880118,0.0,0.0
2024-03-14,1.928237662315399,-0.002246629924751886,0.0,0.0
2024-03-15,1.910202433794423,-0.009353218679132858,0.0,0.0
2024-03-18,1.9249471711802073,0.0077189396919024045,0.0,0.0
2024-03-19,1.9327236190353414,0.004039824038581941,0.0,0.0
2024-03-20,1.9530902398191254,0.010537782320862554,0.0,0.0
2024-03-21,1.960924122645443,0.0040110193920395165,0.0,0.0
2024-03-22,1.96015825197098,-0.00039056619561084194,0.0,0.0
2024-03-25,1.9539005421340137,-0.0031924513394130383,0.0,0.0
2024-03-26,1.9489447190685536,-0.002536374272176345,0.0,0.0
2024-03-27,1.9604981830058223,0.005928061388416506,0.0,0.0
2024-03-28,1.9585228034361186,-0.0010075906148890867,0.0,0.0
2024-04-01,1.9588238191652614,0.00015369528943676158,0.01062629272666565,2.0815256491424487e-05
2024-04-02,1.9441443043390334,-0.007494045499448543,0.0,0.0
2024-04-03,1.9473926601835374,0.0016708409130197222,0.0,0.0
2024-04-04,1.9206206915457082,-0.013747596560883646,0.0,0.0
2024-04-05,1.94196640123151,0.01111396424070743,0.0,0.0
2024-04-08,1.9427966416632283,0.00042752564163395235,0.0,0.0
2024-04-09,1.9475096721201721,0.0024259000432020894,0.0,0.0
2024-04-10,1.929259734603475,-0.009370909822917217,0.0,0.0
2024-04-11,1.9519455564994703,0.011758822044071637,0.0,0.0
2024-04-12,1.9229059925598713,-0.01487724073189689,0.0,0.0
2024-04-15,1.8950312839455516,-0.014496136952182104,0.0,0.0
2024-04-16,1.8933935842096306,-0.0008642072296091152,0.0,0.0
2024-04-17,1.8762258580449769,-0.009067172461039053,0.0,0.0
2024-04-18,1.8689451001370556,-0.0038805338262994926,0.0,0.0
2024-04-19,1.841484785278365,-0.014692948902927605,0.0,0.0
2024-04-22,1.8592167564389734,0.00962917060318147,0.0,0.0
2024-04-23,1.8840970451989705,0.013382134532635703,0.0,0.0
2024-04-24,1.8868167201910864,0.0014434898664301699,0.0,0.0
2024-04-25,1.8786807858937313,-0.00431198971807456,0.0,0.0
2024-04-26,1.9020457372107311,0.012436892681523037,0.0,0.0
2024-04-29,1.9092737975720087,0.003800150658772816,0.0,0.0
2024-04-30,1.8761569544692982,-0.01734525616222493,0.0,0.0
2024-05-01,1.8663310641042232,-0.0052372432603083885,0.005714338165122676,1.066490777125418e-05
2024-05-02,1.8869696167140602,0.011058355619099514,0.0,0.0
2024-05-03,1.9176391393928727,0.01625332088400011,0.0,0.0
2024-05-06,1.9380463501816712,0.010641840985400108,0.0,0.0
2024-05-07,1.9392647476586926,0.0006286730329783108,0.0,0.0
2024-05-08,1.9387820108113072,-0.00024892776912910364,0.0,0.0
2024-05-09,1.946465043330285,0.003962814012165694,0.0,0.0
2024-05-10,1.9500171223574259,0.0018248871405690537,0.0,0.0
2024-05-13,1.9524058576881878,0.0012249817211216207,0.0,0.0
2024-05-14,1.963172474163558,0.005514538093077892,0.0,0.0
2024-05-15,1.9906881703795607,0.014015934197389557,0.0,0.0
2024-05-16,1.98661853797232,-0.0020443344506662076,0.0,0.0
2024-05-17,1.9875487439967139,0.0004682358523360186,0.0,0.0
2024-05-20,1.9956601470265753,0.004081108981282444,0.0,0.0
2024-05-21,2.0000547410871885,0.0022020753719820263,0.0,0.0
2024-05-22,1.9970019323013228,-0.0015263626155582743,0.0,0.0
2024-05-23,1.9852461202619338,-0.005886730427867803,0.0,0.0
2024-05-24,2.001233906133396,0.008053301657807932,0.0,0.0
2024-05-28,2.00575376591943,0.0022585364820082443,0.0,0.0
2024-05-29,1.9916616790626294,-0.007025830935105226,0.0,0.0
2024-05-30,1.97432741800796,-0.008703416467212288,0.0,0.0
2024-05-31,1.9813450739985292,0.0035544540011756,0.0,0.0
2024-06-03,1.9874857015348488,0.0030992216433693986,0.009450931852600883,1.8783769447349694e-05
2024-06-04,1.9913160315700593,0.0019272239454364293,0.0,0.0
2024-06-05,2.0232286216886526,0.016025879173699797,0.0,0.0
2024-06-06,2.0228586050052444,-0.00018288426697887772,0.0,0.0
2024-06-07,2.0207356166984383,-0.0010494991105918228,0.0,0.0
2024-06-10,2.0279436092414027,0.003567014152371595,0.0,0.0
2024-06-11,2.037367990748441,0.0046472601427827165,0.0,0.0
2024-06-12,2.0591144539594612,0.01067380233211157,0.0,0.0
2024-06-13,2.0668030293751944,0.003733923289668928,0.0,0.0
2024-06-14,2.0728415417287875,0.002921668038883496,0.0,0.0
2024-06-17,2.0938483961751047,0.010134327213838557,0.0,0.0
2024-06-18,2.096794348647145,0.0014069559560385692,0.0,0.0
2024-06-20,2.085786863695759,-0.005249673130074961,0.0,0.0
2024-06-21,2.081577396564094,-0.0020181674383578097,0.0,0.0
2024-06-24,2.0662450051972705,-0.0073657560810044265,0.0,0.0
2024-06-25,2.082098186763921,0.007672459716429936,0.0,0.0
2024-06-26,2.0855573168212995,0.001661367403020808,0.0,0.0
2024-06-27,2.089905384833295,0.0020848470463628033,0.0,0.0
2024-06-28,2.080352670544263,-0.004570883619113508,0.0,0.0
2024-07-01,2.0886123962685406,0.0039703487976952,0.013636264982873054,2.848126046004566e-05
2024-07-02,2.1066049473304704,0.008614595553523952,0.0,0.0
2024-07-03,2.1200947862656476,0.006403592164858418,0.0,0.0
2024-07-05,2.13727898898379,0.008105393602901634,0.0,0.0
2024-07-08,2.141061662146641,0.0017698546527373793,0.0,0.0
2024-07-09,2.143027704804334,0.0009182559720029015,0.0,0.0
2024-07-10,2.1648061002564276,0.010162442325533094,0.0,0.0
2024-07-11,2.131636259356699,-0.01532231496197256,0.0,0.0
2024-07-12,2.144620290650815,0.006091110168127134,0.0,0.0
2024-07-15,2.1504517852167524,0.0027191268269532998,0.0,0.0
2024-07-16,2.157239733850013,0.003156522122432115,0.0,0.0
2024-07-17,2.110500761573223,-0.02166610022214588,0.0,0.0
2024-07-18,2.0973640929551047,-0.006224432067167829,0.0,0.0
2024-07-19,2.081126289539667,-0.0077420050576717525,0.0,0.0
2024-07-22,2.107307517934946,0.012580316978778816,0.0,0.0
2024-07-23,2.1019572763748036,-0.002538899289547203,0.0,0.0
2024-07-24,2.040566024783356,-0.02920670761554567,0.0,0.0
2024-07-25,2.024092680898981,-0.008072928630733056,0.0,0.0
2024-07-26,2.045824491566946,0.010736568968923166,0.0,0.0
2024-07-29,2.0484528898222205,0.0012847623371941008,0.0,0.0
2024-07-30,2.029364007431217,-0.009318682643787879,0.0,0.0
2024-07-31,2.075575540030724,0.02277143599191045,0.0,0.0
2024-08-01,2.0338778678704235,-0.020089691440323687,1.0,0.002035913781652075
2024-08-02,2.0130071368633176,-0.010261545856221299,0.0,0.0
2024-08-05,1.971059168272062,-0.02083845994536271,0.0,0.0
2024-08-06,1.9719747498244617,0.0004645124647386645,0.0,0.0
2024-08-07,1.9647628257140244,-0.003657209155989105,0.0,0.0
2024-08-08,2.002802549975833,0.019360975158914773,0.0,0.0
2024-08-09,2.009662457981374,0.0034251544195527117,0.0,0.0
2024-08-12,2.027528198933754,0.008889921231013842,0.0,0.0
2024-08-13,2.042375942043644,0.007323076008362239,0.0,0.0
2024-08-14,2.0372003788461424,-0.002534089386267757,0.0,0.0
2024-08-15,2.0578527815153613,0.010137639322900682,0.0,0.0
2024-08-16,2.0830569321791548,0.012247790945100423,0.0,0.0
2024-08-19,2.091271252692441,0.003943397026932471,0.0,0.0
2024-08-20,2.0933955481611077,0.0010157914550452674,0.0,0.0
2024-08-21,2.0955948127422634,0.0010505728757699284,0.0,0.0
2024-08-22,2.074832474678691,-0.009907610926180643,0.0,0.0
2024-08-23,2.097837216388826,0.011087517662696111,0.0,0.0
2024-08-26,2.0986608046296977,0.00039258920303142375,0.0,0.0
2024-08-27,2.102940655624187,0.002039324785142904,0.0,0.0
2024-08-28,2.0894481296965575,-0.006416027904327604,0.0,0.0
2024-08-29,2.094947134081827,0.002631797510124434,0.0,0.0
2024-08-30,2.097451891572897,0.0011956184718560081,0.0,0.0
2024-09-03,2.0712199830158053,-0.01250656029942121,0.0016287035103224182,3.37340875127068e-06
2024-09-04,2.0697297451831598,-0.0007194976124533792,0.0,0.0
2024-09-05,2.0758504789608976,0.002957262315035347,0.0,0.0
2024-09-06,2.0507642661056513,-0.012084787950528919,0.0,0.0
2024-09-09,2.066474896473146,0.00766086606206029,0.0,0.0
2024-09-10,2.075526393559244,0.004380163098785417,0.0,0.0
2024-09-11,2.084423409784849,0.004286631214719394,0.0,0.0
2024-09-12,2.1115312818794423,0.013004973925806906,0.0,0.0
2024-09-13,2.1275764475012213,0.007598829228566917,0.0,0.0
2024-09-16,2.1290438123368247,0.0006896884186355923,0.0,0.0
2024-09-17,2.123539080543777,-0.0025855418104363537,0.0,0.0
2024-09-18,2.112176873354671,-0.005350599521905863,0.0,0.0
2024-09-19,2.1466063143294205,0.01630045353165266,0.0,0.0
2024-09-20,2.158425720435771,0.005506089322225183,0.0,0.0
2024-09-23,2.163211152133111,0.002217093528877223,0.0,0.0
2024-09-24,2.1815230304233992,0.008465136781599547,0.0,0.0
2024-09-25,2.1776229912555713,-0.001787759795994881,0.0,0.0
2024-09-26,2.187496650900255,0.004534145572641313,0.0,0.0
2024-09-27,2.1771210019619596,-0.004743161062223944,0.0,0.0
2024-09-30,2.1726155979342394,-0.0020694320727511206,0.0,0.0
2024-10-01,2.174376866019836,0.0008106671457532855,0.015910567407446164,3.459612013990169e-05
2024-10-02,2.1750573811586698,0.0003129701890545178,0.0,0.0
2024-10-03,2.1723161925838865,-0.00126028333713335,0.0,0.0
2024-10-04,2.1800131800588565,0.0035432169134708147,0.0,0.0
2024-10-07,2.1664349978276674,-0.006228486302464753,0.0,0.0
2024-10-08,2.1687348153683486,0.001061567756700521,0.0,0.0
2024-10-09,2.1704824099846114,0.0008058129578032425,0.0,0.0
2024-10-10,2.1763863939739494,0.0027201252413651122,0.0,0.0
2024-10-11,2.19471253661209,0.008420445325739268,0.0,0.0
2024-10-14,2.2020049355143163,0.0033227125560066906,0.0,0.0
2024-10-15,2.1970869688609356,-0.002233404010164919,0.0,0.0
2024-10-16,2.2073494250593173,0.00467093762961146,0.0,0.0
2024-10-17,2.213996539088111,0.0030113555893467314,0.0,0.0
2024-10-18,2.2299653614585493,0.007212668172017711,0.0,0.0
2024-10-21,2.2279083883697606,-0.0009224237848445282,0.0,0.0
2024-10-22,2.239311581667369,0.005118340303908342,0.0,0.0
2024-10-23,2.2155755847974596,-0.010599684771083084,0.0,0.0
2024-10-24,2.2265086991492313,0.004934660964307058,0.0,0.0
2024-10-25,2.2284281993576536,0.0008621121530563158,0.0,0.0
2024-10-28,2.231894900078885,0.0015556708186652557,0.0,0.0
2024-10-29,2.245909159746576,0.006279085841898846,0.0,0.0
2024-10-30,2.248785364080697,0.0012806414371833164,0.0,0.0
2024-10-31,2.209384616064309,-0.01752090201480616,0.0,0.0
2024-11-01,2.209344036023445,-1.8367123844842403e-05,0.011649675264388067,2.5738440411458313e-05
2024-11-04,2.2085396280756058,-0.000364093565657142,0.0,0.0
2024-11-05,2.2243624417371497,0.0071643784247290565,0.0,0.0
2024-11-06,2.2184120416298825,-0.0026751036591950994,0.0,0.0
2024-11-07,2.2445356014600106,0.01177579247673699,0.0,0.0
2024-11-08,2.242132093026342,-0.0010708266031089764,0.0,0.0
2024-11-11,2.217769404562681,-0.010865857787521027,0.0,0.0
2024-11-12,2.2050269011103296,-0.005745639481785414,0.0,0.0
2024-11-13,2.194999158930767,-0.004547673397777285,0.0,0.0
2024-11-14,2.184857931528833,-0.004620150928383082,0.0,0.0
2024-11-15,2.168318071393646,-0.007570222254045245,0.0,0.0
2024-11-18,2.192650579604798,0.011221835270465164,0.0,0.0
2024-11-19,2.20626061901939,0.006207117331501477,0.0,0.0
2024-11-20,2.2126418878986898,0.002892345910673111,0.0,0.0
2024-11-21,2.2276999881898263,0.0068054845989726775,0.0,0.0
2024-11-22,2.2451734328297475,0.007843715371260496,0.0,0.0
2024-11-25,2.216878072734804,-0.01260275027363078,0.0,0.0
2024-11-26,2.2249699128815172,0.003650106086678484,0.0,0.0
2024-11-27,2.223811834250469,-0.000520491816245916,0.0,0.0
2024-11-29,2.2401968457947885,0.007367984688255724,0.0,0.0
2024-12-02,2.2306458174213266,-0.004263477288342199,1.0,0.0022328786961174447
2024-12-03,2.227221247704103,-0.0015352368764586233,0.0,0.0
2024-12-04,2.239507740189815,0.005516511886000108,0.0,0.0
2024-12-05,2.2373563446884814,-0.0009606555327873467,0.0,0.0
2024-12-06,2.2420085211000855,0.0020793184879326354,0.0,0.0
2024-12-09,2.2333947401853234,-0.0038419929423532118,0.0,0.0
2024-12-10,2.2282027558853255,-0.0023247051703753074,0.0,0.0
2024-12-11,2.233780647256978,0.0025033140978394375,0.0,0.0
2024-12-12,2.22173034082958,-0.005394579115095999,0.0,0.0
2024-12-13,2.215342801553475,-0.002875029052229694,0.0,0.0
2024-12-16,2.221524941993516,0.002790602174844503,0.0,0.0
2024-12-17,2.2170065283711256,-0.00203392432692473,0.0,0.0
2024-12-18,2.1700863159345323,-0.02116376827769939,0.0,0.0
2024-12-19,2.1638701705835555,-0.002864469171264261,0.0,0.0
2024-12-20,2.1811378533112915,0.007979999429946982,0.0,0.0
2024-12-23,2.184555884462437,0.001567086255440664,0.0,0.0
2024-12-24,2.2001579054326648,0.00714196468087458,0.0,0.0
2024-12-26,2.2012463185091633,0.0004946977095647842,0.0,0.0
2024-12-27,2.184946241543118,-0.0074049309379810024,0.0,0.0
2024-12-30,2.177024501279726,-0.0036255996201522978,0.0,0.0
2024-12-31,2.1703181676008745,-0.0030805044568443796,0.0,0.0
2025-01-02,2.165582248408173,-0.0021821312945727867,1.0,0.0021677499984065797
2025-01-03,2.170605789515647,0.0023197184550098893,0.0,0.0
2025-01-06,2.1755977194781524,0.002299786532689252,0.0,0.0
2025-01-07,2.1691777136926267,-0.0029509158462740492,0.0,0.0
2025-01-08,2.1765061201891944,0.003378426050714145,0.0,0.0
2025-01-10,2.170205740241266,-0.002894721907504172,0.0,0.0
2025-01-13,2.1609750305467004,-0.004253380001445928,0.0,0.0
2025-01-14,2.16814793111436,0.003319288962744249,0.0,0.0
2025-01-15,2.1959236718669697,0.012810814407084203,0.0,0.0
2025-01-16,2.2014009378009045,0.00249428794092732,0.0,0.0
2025-01-17,2.2065344905874857,0.0023319481237749073,0.0,0.0
2025-01-21,2.2336952602103155,0.012309243176886975,0.0,0.0
2025-01-22,2.245709568823676,0.005378669520133661,0.0,0.0
2025-01-23,2.250251631594604,0.0020225512835603254,0.0,0.0
2025-01-24,2.2539256861305743,0.0016327305286150118,0.0,0.0
2025-01-27,2.226262037103139,-0.01227354087034116,0.0,0.0
2025-01-28,2.2454623899519284,0.008624480195410067,0.0,0.0
2025-01-29,2.2361195803119713,-0.004160750891114673,0.0,0.0
2025-01-30,2.259087798635464,0.010271462459216174,0.0,0.0
2025-01-31,2.2553744262695057,-0.0016437485821495512,0.0,0.0
2025-02-03,2.2539224743322017,-0.0006437742311841133,0.017633091355941034,3.974432171436399e-05
2025-02-04,2.272581213378688,0.008278341096010555,0.0,0.0
2025-02-05,2.2842480327164774,0.005133730433529493,0.0,0.0
2025-02-06,2.2851721739776005,0.0004045713284577257,0.0,0.0
2025-02-07,2.276746596242443,-0.003687064734598011,0.0,0.0
2025-02-10,2.3038182047239717,0.011890479391166275,0.0,0.0
2025-02-11,2.300436708098503,-0.0014677792798646339,0.0,0.0
2025-02-12,2.2979741399988463,-0.0010704785273976114,0.0,0.0
2025-02-13,2.321429230195399,0.010206855590012998,0.0,0.0
2025-02-14,2.3039440317552655,-0.007532083344475526,0.0,0.0
2025-02-18,2.3264380628550896,0.009763271498694825,0.0,0.0
2025-02-19,2.3298032242258104,0.0014464865514585146,0.0,0.0
2025-02-20,2.325602696331985,-0.0018029539362584002,0.0,0.0
2025-02-21,2.304836360612482,-0.008929442570846824,0.0,0.0
2025-02-24,2.306062645783821,0.0005320486921740475,0.0,0.0
2025-02-25,2.2848991778129903,-0.009177317021080822,0.0,0.0
2025-02-26,2.28724237651818,0.0010255151421747488,0.0,0.0
2025-02-27,2.2515754893228173,-0.015593838047744613,0.0,0.0
2025-02-28,2.2615911820960912,0.0044483042299801046,0.0,0.0
2025-03-03,2.2569536998999604,-0.002050539563844933,0.024756271236629258,5.5875141223388265e-05
2025-03-04,2.253410942736133,-0.0015697075061772425,0.0,0.0
2025-03-05,2.2677654919228325,0.006370142664378076,0.0,0.0
2025-03-06,2.241962033369302,-0.011378362818128873,0.0,0.0
2025-03-07,2.2487595445324366,0.003031947491509923,0.0,0.0
2025-03-10,2.2091641700414937,-0.017607651554926718,0.0,0.0
2025-03-11,2.213355453470261,0.0018972258764673455,0.0,0.0
2025-03-12,2.2240077437808465,0.004812733668188907,0.0,0.0
2025-03-13,2.229913465718236,0.002655441265392966,0.0,0.0
2025-03-14,2.2523966962460222,0.010082557405672654,0.0,0.0
2025-03-17,2.267089816891372,0.006523327205122387,0.0,0.0
2025-03-18,2.2689048258400866,0.0008005897848386567,0.0,0.0
2025-03-19,2.2855812280006766,0.007349978708082405,0.0,0.0
2025-03-20,2.2808880131288762,-0.0020534010405335312,0.0,0.0
2025-03-21,2.271687430983638,-0.004033771974897182,0.0,0.0
2025-03-24,2.286024467536799,0.006311183641559692,0.0,0.0
2025-03-25,2.293861396792485,0.0034281913282101506,0.0,0.0
2025-03-26,2.2795681237748355,-0.006231097065252378,0.0,0.0
2025-03-27,2.29242056196533,0.005638102260006939,0.0,0.0
2025-03-28,2.2791203547304635,-0.0058018181548085135,0.0,0.0
2025-03-31,2.303613573932272,0.010746786211167425,0.0,0.0
2025-04-01,2.3041364520375893,0.00022698169138890556,0.05595548629578845,0.00012893629035844466
2025-04-02,2.313790874744086,0.004190039482236063,0.0,0.0
2025-04-03,2.24968590290338,-0.027705603190174344,0.0,0.0
2025-04-04,2.158316716203717,-0.040614197111581096,0.0,0.0
2025-04-07,2.132391031862417,-0.012011992561916984,0.0,0.0
2025-04-08,2.122136046839101,-0.004809148448893685,0.0,0.0
2025-04-09,2.2699996400836113,0.06967677376987758,0.0,0.0
2025-04-10,2.248551938001291,-0.0094483284065765,0.0,0.0
2025-04-11,2.290129286538332,0.018490721888327233,0.0,0.0
2025-04-14,2.2939568248457753,0.001671319750348621,0.0,0.0
2025-04-15,2.2970654643213946,0.0013551429747715726,0.0,0.0
2025-04-16,2.311343688619419,0.006215854323613268,0.0,0.0
2025-04-17,2.3074756139607033,-0.0016735177367872556,0.0,0.0
2025-04-21,2.3196815909585577,0.005289753410179454,0.0,0.0
2025-04-22,2.3291919734943742,0.004099865504336941,0.0,0.0
2025-04-23,2.3160842625723017,-0.005627578607188655,0.0,0.0
2025-04-24,2.356937108448685,0.017638756299397818,0.0,0.0
2025-04-25,2.351668520709816,-0.002235353552703323,0.0,0.0
2025-04-28,2.3694868357974865,0.00757688208638041,0.0,0.0
2025-04-29,2.364554084318506,-0.0020817804954464947,0.0,0.0
2025-04-30,2.3558319232069227,-0.003688712882241818,0.0,0.0
2025-05-01,2.3362850794137,-0.008297214924659957,1.0,0.002338623703116818
2025-05-02,2.3607276276081333,0.01046214283086,0.0,0.0
2025-05-05,2.3977525959483352,0.01568371035574123,0.0,0.0
2025-05-06,2.4300042289826678,0.013450775984490848,0.0,0.0
2025-05-07,2.4074191457210747,-0.009294256772157339,0.0,0.0
2025-05-08,2.379237546806893,-0.011706145547721314,0.0,0.0
2025-05-09,2.393723723531477,0.006088579403946248,0.0,0.0
2025-05-12,2.3658388241332915,-0.011649172009310593,0.0,0.0
2025-05-13,2.3723470090940415,0.002750899551720032,0.0,0.0
2025-05-14,2.341799180897293,-0.012876627272337404,0.0,0.0
2025-05-15,2.3731755047405327,0.013398383644159129,0.0,0.0
2025-05-16,2.3618035342867825,-0.004791879248304265,0.0,0.0
2025-05-19,2.3881639742580925,0.011161148498861184,0.0,0.0
2025-05-20,2.415766620201414,0.011558103313193291,0.0,0.0
2025-05-21,2.417373000976376,0.0006649569381118603,0.0,0.0
2025-05-22,2.406039195390089,-0.004688480255926275,0.0,0.0
2025-05-23,2.4337743034774637,0.011527288558106141,0.0,0.0
2025-05-27,2.430856423847752,-0.001198911347507714,0.0,0.0
2025-05-28,2.413904425497301,-0.0069736732223855125,0.0,0.0
2025-05-29,2.4263657027794974,0.005162291079370052,0.0,0.0
2025-05-30,2.420269975837521,-0.002512286971001032,0.0,0.0
2025-06-02,2.4650802892283887,0.018514592933113416,0.006979546925330954,1.7205263638322533e-05
2025-06-03,2.4448281350409777,-0.008215616455133912,0.0,0.0
2025-06-04,2.458190361817345,0.005465507609655917,0.0,0.0
2025-06-05,2.4511576236042885,-0.002860941252677107,0.0,0.0
2025-06-06,2.43913996429498,-0.0049028504709695,0.0,0.0
2025-06-09,2.4446974126989076,0.0022784458806299757,0.0,0.0
2025-06-10,2.446701079515508,0.0008195970618662951,0.0,0.0
2025-06-11,2.4512059945606444,0.0018412200341320073,0.0,0.0
2025-06-12,2.475827085217883,0.010044480436109504,0.0,0.0
2025-06-13,2.47607301498811,9.933236924952737e-05,0.0,0.0
2025-06-16,2.4628334487844388,-0.005347001531671114,0.0,0.0
2025-06-17,2.4483793882381075,-0.005868874549135761,0.0,0.0
2025-06-18,2.4438310269169143,-0.0018577028311230759,0.0,0.0
2025-06-20,2.4324208716122495,-0.004668962452391678,0.0,0.0
2025-06-23,2.4452577643634483,0.005277414324557306,0.0,0.0
2025-06-24,2.4407270715329004,-0.0018528487657117898,0.0,0.0
2025-06-25,2.4376995985320677,-0.001240398009323962,0.0,0.0
2025-06-26,2.4500449636428088,0.005064350471311263,0.0,0.0
2025-06-27,2.4392326766063217,-0.004413097390837728,0.0,0.0
2025-06-30,2.4542073399047495,0.00613908769017546,0.0,0.0
2025-07-01,2.4628381774573014,0.0035167515850094144,0.012333029945332911,3.037463160433113e-05
2025-07-02,2.473232611644748,0.00422051041866589,0.0,0.0
2025-07-03,2.4650603208718254,-0.00330429525085707,0.0,0.0
2025-07-07,2.4525961299814316,-0.005056343159174914,0.0,0.0
2025-07-08,2.448712773568037,-0.0015833656287403963,0.0,0.0
2025-07-09,2.4634034545934216,0.005999348385796299,0.0,0.0
2025-07-10,2.4652981989521154,0.0007691571411743148,0.0,0.0
2025-07-11,2.4652027559878738,-3.871457184456695e-05,0.0,0.0
2025-07-14,2.4606782570859655,-0.0018353455475085267,0.0,0.0
2025-07-15,2.442720192960155,-0.007298013900881584,0.0,0.0
2025-07-16,2.453813864028681,0.004541523462448849,0.0,0.0
2025-07-17,2.4543049421214285,0.0002001285019808119,0.0,0.0
2025-07-18,2.4540584931000806,-0.00010041499616375571,0.0,0.0
2025-07-21,2.479522771923933,0.010376394407651146,0.0,0.0
2025-07-22,2.4981759842011337,0.00752290420092705,0.0,0.0
2025-07-23,2.5131141014086475,0.005979609643990136,0.0,0.0
2025-07-24,2.4960833228362214,-0.006776762966265726,0.0,0.0
2025-07-25,2.483073939306018,-0.005211918773377011,0.0,0.0
2025-07-28,2.4549596313529065,-0.011322380501069151,0.0,0.0
2025-07-29,2.4558391409827904,0.00035825828606372845,0.0,0.0
2025-07-30,2.425826864918538,-0.012220782527410212,0.0,0.0
2025-07-31,2.4207256743636214,-0.0021028667085388753,0.0,0.0
2025-08-01,2.439734173488804,0.007852397042130477,1.0,0.002442176349838643
2025-08-04,2.44895185166979,0.0037781485709178497,0.0,0.0
2025-08-05,2.45082853932536,0.0007663228063428118,0.0,0.0
2025-08-06,2.4478903390972637,-0.0011988599695779145,0.0,0.0
2025-08-07,2.457005738459135,0.003723777661229999,0.0,0.0
2025-08-08,2.452835077860131,-0.0016974565967514677,0.0,0.0
2025-08-11,2.436967866699903,-0.006468927040162331,0.0,0.0
2025-08-12,2.436975565001099,3.1589670512754964e-06,0.0,0.0
2025-08-13,2.447138854012705,0.004170451750754811,0.0,0.0
2025-08-14,2.4351757476753346,-0.004888609535888655,0.0,0.0
2025-08-15,2.434328206745457,-0.0003480409702202314,0.0,0.0
2025-08-18,2.430208566616691,-0.0016923108878049709,0.0,0.0
2025-08-19,2.4254701599128072,-0.0019497942559227877,0.0,0.0
2025-08-20,2.43822090613386,0.005257020445681881,0.0,0.0
2025-08-21,2.429324960456504,-0.0036485396606094067,0.0,0.0
2025-08-22,2.451877881212734,0.009283616281615892,0.0,0.0
2025-08-25,2.4456912088691567,-0.0025232383680207082,0.0,0.0
2025-08-26,2.4554607565930464,0.00399459575618577,0.0,0.0
2025-08-27,2.458391820302509,0.0011936919380985955,0.0,0.0
2025-08-28,2.4694393437476583,0.004493800928685898,0.0,0.0
2025-08-29,2.4769855736495927,0.003055847442068327,0.0,0.0
2025-09-02,2.500072983316412,0.009320768724866868,1.0,0.002502575558875289
2025-09-03,2.5117952314871217,0.00468876238771232,0.0,0.0
2025-09-04,2.5153365246023434,0.0014098653707232955,0.0,0.0
2025-09-05,2.5377339678128013,0.00890435255536981,0.0,0.0
2025-09-08,2.5649045202975587,0.010706619696695396,0.0,0.0
2025-09-09,2.557708445944662,-0.002805591512647032,0.0,0.0
2025-09-10,2.5620396057700523,0.001693375111716744,0.0,0.0
2025-09-11,2.5736444158216325,0.0045295201625472625,0.0,0.0
2025-09-12,2.571072174701098,-0.0009994547439116097,0.0,0.0
2025-09-15,2.5930275158922225,0.008539371787054995,0.0,0.0
2025-09-16,2.592050089955227,-0.0003769439124750029,0.0,0.0
2025-09-17,2.577161004107026,-0.005744135078986079,0.0,0.0
2025-09-18,2.5769461544595895,-8.336679279807857e-05,0.0,0.0
2025-09-19,2.585645816282075,0.0033759579366567927,0.0,0.0
2025-09-22,2.6123226719614046,0.010317289209273328,0.0,0.0
2025-09-23,2.615251927514805,0.0011213222565653602,0.0,0.0
2025-09-24,2.5957444253367097,-0.007459129261261244,0.0,0.0
2025-09-25,2.5921263802028367,-0.001393837196974279,0.0,0.0
2025-09-26,2.6095648055850464,0.0067274595542077265,0.0,0.0
2025-09-29,2.636493700516933,0.010319304917913108,0.0,0.0
2025-09-30,2.653294177773554,0.006372280447067613,0.0,0.0
2025-10-01,2.666002717720372,0.004789721416221582,0.02540777134454914,6.773890855048578e-05
2025-10-02,2.663484067484066,-0.0009447290580631984,0.0,0.0
2025-10-03,2.6853408451109333,0.008206085365291216,0.0,0.0
2025-10-06,2.7136910590844003,0.010557398709770016,0.0,0.0
2025-10-07,2.7089773113687077,-0.0017370244486426545,0.0,0.0
2025-10-08,2.7355561028354325,0.009811374704093101,0.0,0.0
2025-10-09,2.6987898754156285,-0.013440129186784167,0.0,0.0
2025-10-10,2.688108899893634,-0.003957690674361802,0.0,0.0
2025-10-13,2.7321715691357804,0.01639169798659945,0.0,0.0
2025-10-14,2.748227693937861,0.005876689803619994,0.0,0.0
2025-10-15,2.779310462299263,0.011310113943602929,0.0,0.0
2025-10-16,2.8201699639126643,0.014701308892133946,0.0,0.0
2025-10-17,2.7946464210173554,-0.009050356262889192,0.0,0.0
2025-10-20,2.85870695321314,0.022922589317207587,0.0,0.0
2025-10-21,2.7517861871903815,-0.03740179310879743,0.0,0.0
2025-10-22,2.749953693423024,-0.0006659288341106517,0.0,0.0
2025-10-23,2.761837597345384,0.0043214923766834445,0.0,0.0
2025-10-24,2.759206515308826,-0.0009526563180568548,0.0,0.0
2025-10-27,2.7292018395744937,-0.01087438564959109,0.0,0.0
2025-10-28,2.7187885640943925,-0.0038155021475893003,0.0,0.0
2025-10-29,2.705975471226087,-0.004712794896050809,0.0,0.0
2025-10-30,2.726723621860141,0.007667530934658773,0.0,0.0
2025-10-31,2.7162244593222535,-0.003850468178628552,0.0,0.0
2025-11-03,2.719219697059737,0.001102720994652584,0.015524286046166269,4.2214599751047775e-05
2025-11-04,2.6814517544038177,-0.01388925753103265,0.0,0.0
2025-11-05,2.7055291545534166,0.008979240484210171,0.0,0.0
2025-11-06,2.700886462114302,-0.0017160016299587744,0.0,0.0
2025-11-07,2.7141789389654933,0.004921523743277145,0.0,0.0
2025-11-10,2.765543674190943,0.018924594280813167,0.0,0.0
2025-11-11,2.781104971810821,0.005626849347960761,0.0,0.0
2025-11-12,2.811866228314768,0.011060803822848131,0.0,0.0
2025-11-13,2.785549141489702,-0.00935929546009695,0.0,0.0
2025-11-14,2.756190252347955,-0.010539713230851677,0.0,0.0
2025-11-17,2.7224653898640403,-0.01223604301451442,0.0,0.0
2025-11-18,2.714872795335967,-0.0027888672364178024,0.0,0.0
2025-11-19,2.713094416300507,-0.0006550505933520245,0.0,0.0
2025-11-20,2.694278904213107,-0.006935074568122257,0.0,0.0
2025-11-21,2.712420370268707,0.006733328916777026,0.0,0.0
2025-11-24,2.7354335953620543,0.008484387355883083,0.0,0.0
2025-11-25,2.7509559944317425,0.00567456621721929,0.0,0.0
2025-11-26,2.776978302041517,0.009459368911188148,0.0,0.0
2025-11-28,2.7991299330586803,0.007976883002967172,0.0,0.0
2025-12-01,2.7991895433287817,2.1295999659498577e-05,0.026642372453663837,7.45790373442577e-05
2025-12-02,2.7949044683387765,-0.001530827021063219,0.0,0.0
2025-12-03,2.801147678960689,0.002233783191030847,0.0,0.0
2025-12-04,2.8058870185645413,0.0016919277906870533,0.0,0.0
2025-12-05,2.8034092153310355,-0.0008830730592899183,0.0,0.0
2025-12-08,2.79531371903958,-0.0028877326389538105,0.0,0.0
2025-12-09,2.800502872829325,0.0018563761750247654,0.0,0.0
2025-12-10,2.8220908568513465,0.007708609846992065,0.0,0.0
2025-12-11,2.84555955162791,0.008316066337689776,0.0,0.0
2025-12-12,2.845924005942811,0.00012807825957894536,0.0,0.0
2025-12-15,2.855934411969514,0.0035174537358690916,0.0,0.0
2025-12-16,2.849608460379745,-0.002215019911961713,0.0,0.0
2025-12-17,2.8502341009790566,0.00021955318002819801,0.0,0.0
2025-12-18,2.857727945556552,0.0026292031854229236,0.0,0.0
2025-12-19,2.868971878919645,0.00393457095192562,0.0,0.0
2025-12-22,2.905655630162375,0.01278637532569471,0.0,0.0
2025-12-23,2.9339590164734766,0.00974079172263087,0.0,0.0
2025-12-24,2.929623626179944,-0.0014776587775051642,0.0,0.0
2025-12-26,2.949303282639425,0.006717469194205794,0.0,0.0
2025-12-29,2.8797997282837944,-0.023566092631012836,0.0,0.0
2025-12-30,2.8832481915403823,0.001197466345565168,0.0,0.0
2025-12-31,2.867815269829564,-0.005352616453935366,0.0,0.0
