Date,nav,return,turnover,fee
2012-01-03,0.999000999000999,-0.0009990009990009652,0.999000999000999,0.0009990009990009994
2012-01-04,0.9934574632647855,-0.005549079271949808,0.0,0.0
2012-01-05,0.9904262302597102,-0.003051195564139908,0.0,0.0
2012-01-06,0.9962490024322765,0.005879056909710023,0.0,0.0
2012-01-09,0.9946233463583427,-0.0016317768649855013,0.0,0.0
2012-01-10,0.9951932717354457,0.0005730062331532615,0.0,0.0
2012-01-11,1.0015464397530192,0.006383853466467526,0.0,0.0
2012-01-12,1.001977702673171,0.0004305970277906912,0.0,0.0
2012-01-13,1.008756755583402,0.006765672421796598,0.0,0.0
2012-01-17,1.0126367189652032,0.003846282426686054,0.0,0.0
2012-01-18,1.0054783124316247,-0.007069076599250379,0.0,0.0
2012-01-19,0.9984451202141411,-0.006994872122576767,0.0,0.0
2012-01-20,0.9915665657562294,-0.0068892664390372005,0.0,0.0
2012-01-23,0.9877246802527708,-0.003874561361927764,0.0,0.0
2012-01-24,0.9904044662027672,0.002713089997215201,0.0,0.0
2012-01-25,0.9909475305001696,0.0005483257759171245,0.0,0.0
2012-01-26,1.0013429135806633,0.010490346623344138,0.0,0.0
2012-01-27,1.0036375636992967,0.0022915727344872128,0.0,0.0
2012-01-30,1.0087920373171233,0.005135791847833859,0.0,0.0
2012-01-31,1.0160570642324527,0.007201709219127661,0.0,0.0
2012-02-01,1.0112759166385568,-0.004705589638813956,1.011830764586015,0.0010242764783920935
2012-02-02,1.015506872170595,0.0041837795822350365,0.0,0.0
2012-02-03,0.9944768845869468,-0.02070885797030375,0.0,0.0
2012-02-06,0.9980266710756143,0.0035695012560716943,0.0,0.0
2012-02-07,0.99934745810519,0.001323398530173714,0.0,0.0
2012-02-08,0.9961510811254541,-0.003198464111567656,0.0,0.0
2012-02-09,0.9910281861416095,-0.0051426887757395345,0.0,0.0
2012-02-10,0.9947679744572202,0.00377364475391051,0.0,0.0
2012-02-13,0.9965076256722505,0.0017488009864605747,0.0,0.0
2012-02-14,0.9979750351006675,0.0014725521316780732,0.0,0.0
2012-02-15,1.0000365233226618,0.0020656711335331757,0.0,0.0
2012-02-16,0.9957200371561117,-0.004316328519890833,0.0,0.0
2012-02-17,0.9936549735968013,-0.0020739399452163187,0.0,0.0
2012-02-21,0.9991259750103081,0.005505936727416616,0.0,0.0
2012-02-22,1.0110032580087553,0.011887673121824927,0.0,0.0
2012-02-23,1.0112418282085138,0.00023597372003369976,0.0,0.0
2012-02-24,1.0121101172627838,0.000858636411241287,0.0,0.0
2012-02-27,1.0149420620630223,0.002798059965942734,0.0,0.0
2012-02-28,1.0186256226260453,0.003629330875829062,0.0,0.0
2012-02-29,0.9881359139648628,-0.02993220274842412,0.0,0.0
2012-03-01,0.989371489122051,0.0012504101305563786,1.00234753843658,0.000992689096192823
2012-03-02,0.9941863455339905,0.004866580920188213,0.0,0.0
2012-03-05,0.9893345873384043,-0.004880129582729542,0.0,0.0
2012-03-06,0.9945838176951156,0.005305819106995235,0.0,0.0
2012-03-07,0.9913032039726717,-0.003298478885416123,0.0,0.0
2012-03-08,0.9864008035299241,-0.00494540966184831,0.0,0.0
2012-03-09,0.987128187275041,0.0007374119551748493,0.0,0.0
2012-03-12,0.9860698360754643,-0.0010721517359344457,0.0,0.0
2012-03-13,0.9760222527794389,-0.010189525050289139,0.0,0.0
2012-03-14,0.9579558127898873,-0.018510274676733496,0.0,0.0
2012-03-15,0.957623446901338,-0.00034695325620637263,0.0,0.0
2012-03-16,0.9592797940184572,0.0017296434443816455,0.0,0.0
2012-03-19,0.9529351039720559,-0.006614014061343987,0.0,0.0
2012-03-20,0.9545139776008469,0.0016568532549696702,0.0,0.0
2012-03-21,0.9620399115922837,0.00788457180098412,0.0,0.0
2012-03-22,0.9627714341620024,0.0007603869246004535,0.0,0.0
2012-03-23,0.9676697266777238,0.005087700301354303,0.0,0.0
2012-03-26,0.966254724570284,-0.0014622779533445263,0.0,0.0
2012-03-27,0.9734697052134408,0.007466955099614481,0.0,0.0
2012-03-28,0.9718573582395698,-0.0016562888040954071,0.0,0.0
2012-03-29,0.976452207416181,0.004727904910793113,0.0,0.0
2012-03-30,0.9670431786004439,-0.009635933785878459,0.0,0.0
2012-04-02,0.9709427076947641,0.004032425005017659,0.009462087864852425,9.187232142343057e-06
2012-04-03,0.9579077756412188,-0.013425026986909616,0.0,0.0
2012-04-04,0.9653903328482489,0.007811354492890832,0.0,0.0
2012-04-05,0.9696827415660252,0.004446293454288153,0.0,0.0
2012-04-09,0.984223173532917,0.014995040484487854,0.0,0.0
2012-04-10,0.9895811713495135,0.005443885046278352,0.0,0.0
2012-04-11,0.9830370453533099,-0.0066130259807583025,0.0,0.0
2012-04-12,0.9811763993450293,-0.0018927526862549948,0.0,0.0
2012-04-13,0.9915117890971753,0.010533671375549947,0.0,0.0
2012-04-16,0.9907780825526155,-0.0007399877163618562,0.0,0.0
2012-04-17,0.9911069343111767,0.0003319126294296648,0.0,0.0
2012-04-18,0.9924888913903646,0.001394357189265616,0.0,0.0
2012-04-19,0.9933007211027616,0.0008179736009537031,0.0,0.0
2012-04-20,0.9932609465837368,-4.0042776754067866e-05,0.0,0.0
2012-04-23,0.9970112214985822,0.003775719691531565,0.0,0.0
2012-04-24,0.9925481505099871,-0.004476450106435936,0.0,0.0
2012-04-25,0.9908000343252068,-0.0017612406852827167,0.0,0.0
2012-04-26,0.9946193126890783,0.0038547418566377,0.0,0.0
2012-04-27,0.9957643542532969,0.0011512360051835202,0.0,0.0
2012-04-30,0.9955997664756624,-0.0001652878785342038,0.0,0.0
2012-05-01,0.9920278197477083,-0.003587733593588993,0.015099886448436262,1.4979733624156795e-05
2012-05-02,0.9971480179872932,0.00516134541558233,0.0,0.0
2012-05-03,0.9973192218807552,0.00017169356040791506,0.0,0.0
2012-05-04,1.001795743381935,0.00448855431938644,0.0,0.0
2012-05-07,1.0027371704397678,0.0009397395267967124,0.0,0.0
2012-05-08,1.0066629522894708,0.003915065647742244,0.0,0.0
2012-05-09,1.0061469942762633,-0.0005125429638928036,0.0,0.0
2012-05-10,1.0036281983695852,-0.0025034074752565694,0.0,0.0
2012-05-11,1.0093016627980471,0.005652954388565945,0.0,0.0
2012-05-14,1.0165444212535637,0.007176009633668601,0.0,0.0
2012-05-15,1.017990251055956,0.0014222986936560655,0.0,0.0
2012-05-16,1.0197381599084294,0.0017170192451847477,0.0,0.0
2012-05-17,1.0252156100472374,0.005371428033349002,0.0,0.0
2012-05-18,1.0234174970880585,-0.001753887613061278,0.0,0.0
2012-05-21,1.0228663462208236,-0.0005385396173146484,0.0,0.0
2012-05-22,1.0156599343462238,-0.007045311346125849,0.0,0.0
2012-05-23,1.020479496879811,0.0047452521957456195,0.0,0.0
2012-05-24,1.0185631235136243,-0.0018779146195940788,0.0,0.0
2012-05-25,1.021764383117398,0.0031429172428023566,0.0,0.0
2012-05-29,1.0208733278349422,-0.0008720751057470499,0.0,0.0
2012-05-30,1.0345928417398182,0.013438997308287348,0.0,0.0
2012-05-31,1.0443229394606748,0.009404760334987383,0.0,0.0
2012-06-01,1.060250879972678,0.015251930135929959,0.04970897270403627,5.270660204303486e-05
2012-06-04,1.052039667334363,-0.007744594032807139,0.0,0.0
2012-06-05,1.0438743669165225,-0.0077613997564651704,0.0,0.0
2012-06-06,1.0319676350500624,-0.011406288193119507,0.0,0.0
2012-06-07,1.0338257674541973,0.0018005723639238358,0.0,0.0
2012-06-08,1.035646641237908,0.0017612965753355248,0.0,0.0
2012-06-11,1.0378742445430094,0.0021509298793638276,0.0,0.0
2012-06-12,1.0316609966555792,-0.005986513221711065,0.0,0.0
2012-06-13,1.0385612603535246,0.006688499148765459,0.0,0.0
2012-06-14,1.0372777726601088,-0.0012358324370571605,0.0,0.0
2012-06-15,1.0422939957490358,0.004835949657016947,0.0,0.0
2012-06-18,1.0448334280029958,0.0024363876836257514,0.0,0.0
2012-06-19,1.037585681110276,-0.006936748670620774,0.0,0.0
2012-06-20,1.0403328840261137,0.002647687767720619,0.0,0.0
2012-06-21,1.0438711419199587,0.0034010824306081044,0.0,0.0
2012-06-22,1.0365918850349969,-0.006973328979641424,0.0,0.0
2012-06-25,1.0453492512436249,0.008448229563684295,0.0,0.0
2012-06-26,1.0438578757775954,-0.0014266767439258254,0.0,0.0
2012-06-27,1.0453944767685268,0.0014720404248391716,0.0,0.0
2012-06-28,1.047468483195157,0.001983946225774247,0.0,0.0
2012-06-29,1.04062270373804,-0.006535546956253024,0.0,0.0
2012-07-02,1.048677203049262,0.0077400764775641395,0.018982353775368447,1.9906739541217696e-05
2012-07-03,1.045092690774613,-0.003418127393468806,0.0,0.0
2012-07-05,1.0490861464350438,0.0038211497369395886,0.0,0.0
2012-07-06,1.055281738692941,0.005905704006244683,0.0,0.0
2012-07-09,1.0602901411701735,0.004746033493800317,0.0,0.0
2012-07-10,1.0612370971504292,0.0008931102379303724,0.0,0.0
2012-07-11,1.0627917697103797,0.0014649625084959261,0.0,0.0
2012-07-12,1.069242289438629,0.006069410689929722,0.0,0.0
2012-07-13,1.0680076405561172,-0.001154695146934448,0.0,0.0
2012-07-16,1.0719692393463858,0.0037093356262936084,0.0,0.0
2012-07-17,1.0677317517915526,-0.003952993611474276,0.0,0.0
2012-07-18,1.0709599211374363,0.0030233898546776494,0.0,0.0
2012-07-19,1.0705238358278009,-0.0004071910638563381,0.0,0.0
2012-07-20,1.0774460705271824,0.006466212584635089,0.0,0.0
2012-07-23,1.07874295006374,0.0012036607418532963,0.0,0.0
2012-07-24,1.0838675288623798,0.004750509654164681,0.0,0.0
2012-07-25,1.08630339070803,0.00224737966659716,0.0,0.0
2012-07-26,1.0821225435527426,-0.0038486919870169833,0.0,0.0
2012-07-27,1.0693246719483005,-0.01182663800943018,0.0,0.0
2012-07-30,1.074692358544715,0.0050196977000769305,0.0,0.0
2012-07-31,1.0785314590401598,0.0035722785827225767,0.0,0.0
2012-08-01,1.0752328095942796,-0.0030584638196977654,0.0028204387268612303,3.0326368099380322e-06
2012-08-02,1.0786361578682555,0.0031652198887608396,0.0,0.0
2012-08-03,1.0686202712736645,-0.009285695200859645,0.0,0.0
2012-08-06,1.0695407781545776,0.0008613975475273428,0.0,0.0
2012-08-07,1.0598902206167669,-0.009023085173491152,0.0,0.0
2012-08-08,1.0555789614593327,-0.004067646887925158,0.0,0.0
2012-08-09,1.0548471628394707,-0.0006932675305032499,0.0,0.0
2012-08-10,1.0589910479887863,0.0039284223300757315,0.0,0.0
2012-08-13,1.0570013198956656,-0.001878890380517917,0.0,0.0
2012-08-14,1.0475001909544348,-0.00898875787796427,0.0,0.0
2012-08-15,1.0377436226418308,-0.009314144662555313,0.0,0.0
2012-08-16,1.0318434878305562,-0.005685541864622001,0.0,0.0
2012-08-17,1.0350188902725999,0.0030774070675387843,0.0,0.0
2012-08-20,1.0375317604346426,0.0024278495645435605,0.0,0.0
2012-08-21,1.040676338673477,0.0030308260033573564,0.0,0.0
2012-08-22,1.0521362129863538,0.011011948563647067,0.0,0.0
2012-08-23,1.0547082902844864,0.0024446238675048804,0.0,0.0
2012-08-24,1.0547854012933662,7.311121908304408e-05,0.0,0.0
2012-08-27,1.0585011844507595,0.003522785917246418,0.0,0.0
2012-08-28,1.0605105552089809,0.0018983169671784594,0.0,0.0
2012-08-29,1.0571012637889252,-0.0032147642503980167,0.0,0.0
2012-08-30,1.0599929060239548,0.0027354448756073957,0.0,0.0
2012-08-31,1.0711190737457668,0.010496454890010831,0.0,0.0
2012-09-04,1.0682411532235656,-0.0026868352853963717,1.0,0.0010693104636872526
2012-09-05,1.0679147295029336,-0.0003055711902194558,0.0,0.0
2012-09-06,1.0774038645670767,0.008885667368367267,0.0,0.0
2012-09-07,1.0777307500531532,0.0003034010706912671,0.0,0.0
2012-09-10,1.0707046236807436,-0.006519370790954104,0.0,0.0
2012-09-11,1.0702864969184094,-0.00039051551014768204,0.0,0.0
2012-09-12,1.070787871484454,0.0004684489316535423,0.0,0.0
2012-09-13,1.0809281659461858,0.009469937726950484,0.0,0.0
2012-09-14,1.0825915385626712,0.0015388373334035421,0.0,0.0
2012-09-17,1.0846489800238404,0.0019004780546325595,0.0,0.0
2012-09-18,1.086764771243427,0.0019506690722561615,0.0,0.0
2012-09-19,1.0886734102887643,0.0017562577439398375,0.0,0.0
2012-09-20,1.087679639457348,-0.0009128273199514592,0.0,0.0
2012-09-21,1.0888152384519372,0.0010440564973301925,0.0,0.0
2012-09-24,1.0863895001341466,-0.0022278695522662817,0.0,0.0
2012-09-25,1.0797472629445188,-0.006114047667809319,0.0,0.0
2012-09-26,1.076852856898458,-0.0026806329086378478,0.0,0.0
2012-09-27,1.083980939237696,0.00661936521185269,0.0,0.0
2012-09-28,1.0806974440757187,-0.003029107840481493,0.0,0.0
2012-10-01,1.0802709912714539,-0.0003946088765199862,1.0027781852481907,0.001084359556311487
2012-10-02,1.0824098512180265,0.0019799290769209055,0.0,0.0
2012-10-03,1.0880885258491637,0.00524632570993977,0.0,0.0
2012-10-04,1.093873066471215,0.00531624080635984,0.0,0.0
2012-10-05,1.0909919392474325,-0.0026338771033799224,0.0,0.0
2012-10-08,1.0841511466955693,-0.006270250316039894,0.0,0.0
2012-10-09,1.070164160414277,-0.012901324989531004,0.0,0.0
2012-10-10,1.0640397106850736,-0.005722906779865089,0.0,0.0
2012-10-11,1.0626822478740818,-0.001275763298456023,0.0,0.0
2012-10-12,1.0606869159679073,-0.001877637374827934,0.0,0.0
2012-10-15,1.0690053079173243,0.007842457396418645,0.0,0.0
2012-10-16,1.081962445449022,0.012120741997943218,0.0,0.0
2012-10-17,1.084116469402687,0.0019908490934461565,0.0,0.0
2012-10-18,1.0764625121753832,-0.007060087585903818,0.0,0.0
2012-10-19,1.0546693130966935,-0.020245200211058578,0.0,0.0
2012-10-22,1.057426169448926,0.002613953319773543,0.0,0.0
2012-10-23,1.0450100231538777,-0.011741856456530586,0.0,0.0
2012-10-24,1.0416989335302191,-0.0031684764263462117,0.0,0.0
2012-10-25,1.043233217801986,0.0014728672770811801,0.0,0.0
2012-10-26,1.0444328384318564,0.001149906472876605,0.0,0.0
2012-10-31,1.041277068979864,-0.0030215149657019102,0.0,0.0
2012-11-01,1.0519665124167124,0.010265705214579146,1.9980019980019978,0.0021060390638973224
2012-11-02,1.0505486375050985,-0.0013478327445580751,0.0,0.0
2012-11-05,1.0537728924209002,0.0030691153181243713,0.0,0.0
2012-11-06,1.0462523634356276,-0.007136764514785843,0.0,0.0
2012-11-07,1.056826616919278,0.010106790534673005,0.0,0.0
2012-11-08,1.0642215846836773,0.006997333002414674,0.0,0.0
2012-11-09,1.0635355052968767,-0.0006446771956843955,0.0,0.0
2012-11-12,1.0645242284571323,0.0009296569370100816,0.0,0.0
2012-11-13,1.0665442569235015,0.001897588060815636,0.0,0.0
2012-11-14,1.068133864569234,0.0014904282081249498,0.0,0.0
2012-11-15,1.066028323919619,-0.001971232931992084,0.0,0.0
2012-11-16,1.0657272282218315,-0.00028244624559359277,0.0,0.0
2012-11-19,1.064306980515098,-0.001332655926510662,0.0,0.0
2012-11-20,1.0572583271221876,-0.006622763471399007,0.0,0.0
2012-11-21,1.0573435696605702,8.062602695657617e-05,0.0,0.0
2012-11-23,1.057042758461776,-0.0002844971184632339,0.0,0.0
2012-11-26,1.0604380905574393,0.0032121047786224377,0.0,0.0
2012-11-27,1.0628449349746396,0.002269669902120519,0.0,0.0
2012-11-28,1.0619853826255987,-0.0008087278969451939,0.0,0.0
2012-11-29,1.0624577741042764,0.000444819190928758,0.0,0.0
2012-11-30,1.060953432838434,-0.0014159068741443903,0.0,0.0
2012-12-03,1.0609573594464734,3.7010182707408745e-06,1.0102011519118157,0.0010728641552476218
2012-12-04,1.0622586541876848,0.001226528785181591,0.0,0.0
2012-12-05,1.06170110776254,-0.0005248688000298873,0.0,0.0
2012-12-06,1.0665510095820254,0.004568048186091023,0.0,0.0
2012-12-07,1.0672640930944008,0.0006685882868882054,0.0,0.0
2012-12-10,1.067495254335514,0.0002165923529227065,0.0,0.0
2012-12-11,1.0668540663423873,-0.0006006471602778563,0.0,0.0
2012-12-12,1.0637620755965966,-0.0028982321419004364,0.0,0.0
2012-12-13,1.0588211257285396,-0.004644788511835252,0.0,0.0
2012-12-14,1.0591307090297555,0.00029238489268235135,0.0,0.0
2012-12-17,1.0602307898105996,0.0010386638508970147,0.0,0.0
2012-12-18,1.064438556045539,0.003968726691752744,0.0,0.0
2012-12-19,1.0657432751544993,0.0012257345447983514,0.0,0.0
2012-12-20,1.0733419666020112,0.0071299454799846895,0.0,0.0
2012-12-21,1.0733506306294482,8.072010325266277e-06,0.0,0.0
2012-12-24,1.073726834486929,0.0003504948399388752,0.0,0.0
2012-12-26,1.0718957318958675,-0.001705370986594179,0.0,0.0
2012-12-27,1.075597323922438,0.0034533135233436596,0.0,0.0
2012-12-28,1.0731945357309665,-0.0022339105332738196,0.0,0.0
2012-12-31,1.0761481152004768,0.002752138005900795,0.0,0.0
2013-01-02,1.0841735981532974,0.007457600714494195,0.02349692500918955,2.5475344325006823e-05
2013-01-03,1.0811423727485074,-0.002795885649634955,0.0,0.0
2013-01-04,1.083396176876854,0.0020846506298859424,0.0,0.0
2013-01-07,1.0855106108423096,0.0019516719835128704,0.0,0.0
2013-01-08,1.0849446120146227,-0.0005214125242384293,0.0,0.0
2013-01-09,1.086311888045919,0.0012602265739238838,0.0,0.0
2013-01-10,1.0871498850973822,0.0007714147849109398,0.0,0.0
2013-01-11,1.087807672801656,0.0006050570517375231,0.0,0.0
2013-01-14,1.0882806894636574,0.0004348348277258829,0.0,0.0
2013-01-15,1.0904376138983434,0.0019819559931262276,0.0,0.0
2013-01-16,1.0897867646973634,-0.000596869727056859,0.0,0.0
2013-01-17,1.0905567498389779,0.0007065466076094928,0.0,0.0
2013-01-18,1.0934526429482707,0.0026554263312941195,0.0,0.0
2013-01-22,1.0963006772186128,0.002604625164801755,0.0,0.0
2013-01-23,1.09680837779453,0.00046310340444688514,0.0,0.0
2013-01-24,1.0971880438205919,0.0003461552936212531,0.0,0.0
2013-01-25,1.097903136239762,0.0006517501017238025,0.0,0.0
2013-01-28,1.098920615153943,0.0009267474339000881,0.0,0.0
2013-01-29,1.099340981433913,0.0003825265211818696,0.0,0.0
2013-01-30,1.0921823986726091,-0.006511703722685391,0.0,0.0
2013-01-31,1.0892487053938198,-0.0026860836453277415,0.0,0.0
2013-02-01,1.0900016569550912,0.0006912577059241531,1.0230391855000815,0.0011162563813442556
2013-02-04,1.0857114862926749,-0.003935930404363686,0.0,0.0
2013-02-05,1.0900514670650123,0.003997361018217571,0.0,0.0
2013-02-06,1.0918707435722563,0.001668982210667913,0.0,0.0
2013-02-07,1.0913335755729343,-0.00049197032019066,0.0,0.0
2013-02-08,1.0955541425342974,0.0038673482204076848,0.0,0.0
2013-02-11,1.0951702881901593,-0.00035037459969822216,0.0,0.0
2013-02-12,1.0955202211999495,0.00031952383438782483,0.0,0.0
2013-02-13,1.094703980687692,-0.0007450711510952335,0.0,0.0
2013-02-14,1.0967226837197512,0.0018440629317810764,0.0,0.0
2013-02-15,1.0958448905889113,-0.000800378385411582,0.0,0.0
2013-02-19,1.099815652410029,0.0036234706710944753,0.0,0.0
2013-02-20,1.0938502647560149,-0.005423988684778447,0.0,0.0
2013-02-21,1.0914074558074052,-0.0022332206036943525,0.0,0.0
2013-02-22,1.0970714204772594,0.005189596827212428,0.0,0.0
2013-02-25,1.089915645154103,-0.006522615747335148,0.0,0.0
2013-02-26,1.0929032567555357,0.002741140210910764,0.0,0.0
2013-02-27,1.0995300620224286,0.006063487528224387,0.0,0.0
2013-02-28,1.0986327430883849,-0.0008160931338186961,0.0,0.0
2013-03-01,1.1005946764692962,0.0017857954746516302,1.0,0.0011016963728421383
2013-03-04,1.1043108133272872,0.0033764808584322292,0.0,0.0
2013-03-05,1.107761981903081,0.0031251786491119926,0.0,0.0
2013-03-06,1.1044929228818265,-0.0029510482167283136,0.0,0.0
2013-03-07,1.1000878841116655,-0.0039882906254098405,0.0,0.0
2013-03-08,1.0991178997369087,-0.0008817335312624186,0.0,0.0
2013-03-11,1.0999603825181126,0.0007665081074610391,0.0,0.0
2013-03-12,1.0989951005626157,-0.0008775606565820659,0.0,0.0
2013-03-13,1.09904720570151,4.7411620732074056e-05,0.0,0.0
2013-03-14,1.1027689698101641,0.0033863550986226176,0.0,0.0
2013-03-15,1.1047716781416208,0.0018160724379119308,0.0,0.0
2013-03-18,1.1030029961762526,-0.0016009479608884991,0.0,0.0
2013-03-19,1.1012195210157445,-0.001616926850326661,0.0,0.0
2013-03-20,1.10136377919545,0.0001309985674540215,0.0,0.0
2013-03-21,1.100245962644283,-0.0010149385446319714,0.0,0.0
2013-03-22,1.1032035497614232,0.0026881144921739875,0.0,0.0
2013-03-25,1.1032835940744354,7.255625041224789e-05,0.0,0.0
2013-03-26,1.1084497449075459,0.0046825230256817285,0.0,0.0
2013-03-27,1.1114118772411228,0.002672319919947208,0.0,0.0
2013-03-28,1.113012125951466,0.0014398340913142071,0.0,0.0
2013-04-01,1.1138838840509142,0.0007832422299109965,0.016076046521876688,1.7907137015938705e-05
2013-04-02,1.1155691484201813,0.0015129623414051885,0.0,0.0
2013-04-03,1.115840647220916,0.00024337245353112102,0.0,0.0
2013-04-04,1.1278809360578759,0.010790330023330075,0.0,0.0
2013-04-05,1.1326782460608071,0.004253383357731622,0.0,0.0
2013-04-08,1.137757878945155,0.004484621208197259,0.0,0.0
2013-04-09,1.1383960466388545,0.0005608993842267651,0.0,0.0
2013-04-10,1.1404459038070316,0.001800653800783314,0.0,0.0
2013-04-11,1.144204718717131,0.003295916884397343,0.0,0.0
2013-04-12,1.14842150809545,0.0036853452090697125,0.0,0.0
2013-04-15,1.1365624701798644,-0.010326380890630205,0.0,0.0
2013-04-16,1.14498377686178,0.0074094534201740725,0.0,0.0
2013-04-17,1.1396358260569253,-0.004670765571467506,0.0,0.0
2013-04-18,1.1392829186544065,-0.00030966682026822845,0.0,0.0
2013-04-19,1.1489408558884984,0.008477207088735117,0.0,0.0
2013-04-22,1.1483402159667047,-0.0005227770591630376,0.0,0.0
2013-04-23,1.1523144564675945,0.0034608563260534186,0.0,0.0
2013-04-24,1.153807733175325,0.0012958934076972017,0.0,0.0
2013-04-25,1.1515128157253298,-0.0019889946860378593,0.0,0.0
2013-04-26,1.151676461208051,0.0001421134706329763,0.0,0.0
2013-04-29,1.1566826692275103,0.004346887505374486,0.0,0.0
2013-04-30,1.162552435452326,0.005074655634579317,0.0,0.0
2013-05-01,1.1603496634951256,-0.0018947721324443778,0.013408395655391654,1.555863600309105e-05
2013-05-02,1.1641562599484843,0.0032805597942715536,0.0,0.0
2013-05-03,1.161032310725584,-0.0026834449380863656,0.0,0.0
2013-05-06,1.1639673172213427,0.002527928351903075,0.0,0.0
2013-05-07,1.1668032227090306,0.002436413330279663,0.0,0.0
2013-05-08,1.1676359351116692,0.0007136699543093261,0.0,0.0
2013-05-09,1.1625177862606364,-0.004383343041376442,0.0,0.0
2013-05-10,1.1617051000894092,-0.0006990741826335967,0.0,0.0
2013-05-13,1.1630310473212484,0.0011413802278539276,0.0,0.0
2013-05-14,1.1636881063383977,0.0005649539783676438,0.0,0.0
2013-05-15,1.171585106237183,0.0067861825310164825,0.0,0.0
2013-05-16,1.1710870849107806,-0.0004250833539544141,0.0,0.0
2013-05-17,1.1719606731582353,0.0007459635228759254,0.0,0.0
2013-05-20,1.1726945154055661,0.0006261662734410312,0.0,0.0
2013-05-21,1.1782478964945973,0.004735573515588953,0.0,0.0
2013-05-22,1.158980457086527,-0.016352619398169788,0.0,0.0
2013-05-23,1.1484405557469883,-0.009094114810213494,0.0,0.0
2013-05-24,1.1465844575636956,-0.0016161900361358894,0.0,0.0
2013-05-28,1.1361575740224714,-0.009093864365979365,0.0,0.0
2013-05-29,1.1237237126211674,-0.010943782522421563,0.0,0.0
2013-05-30,1.1191524476712873,-0.004067961633751893,0.0,0.0
2013-05-31,1.1088959445747026,-0.009164527243742504,0.0,0.0
2013-06-03,1.1083137174819049,-0.0005250511516849965,1.9980019980019978,0.0022188462812450555
2013-06-04,1.0997559944186859,-0.00772139054875387,0.0,0.0
2013-06-05,1.0850190339583876,-0.013400209260134965,0.0,0.0
2013-06-06,1.0956667757487337,0.009813414748588212,0.0,0.0
2013-06-07,1.1068560656563595,0.010212311037705257,0.0,0.0
2013-06-10,1.1102237471914518,0.0030425650087531064,0.0,0.0
2013-06-11,1.0984860004284505,-0.010572415508760646,0.0,0.0
2013-06-12,1.0884895249040278,-0.009100230244649121,0.0,0.0
2013-06-13,1.1063821887521277,0.016438067100073894,0.0,0.0
2013-06-14,1.098643424136334,-0.006994657627778733,0.0,0.0
2013-06-17,1.1064844409977295,0.0071369988561660325,0.0,0.0
2013-06-18,1.1173783248310067,0.009845492109635146,0.0,0.0
2013-06-19,1.1028092135361023,-0.013038655727555803,0.0,0.0
2013-06-20,1.0745600220095,-0.025615665139414934,0.0,0.0
2013-06-21,1.0778569737896935,0.003068187642071285,0.0,0.0
2013-06-24,1.0639714819951323,-0.01288249937813224,0.0,0.0
2013-06-25,1.0741976409902314,0.009611309295549209,0.0,0.0
2013-06-26,1.0820453740593283,0.0073056696176159175,0.0,0.0
2013-06-27,1.0935945466315025,0.01067346420866544,0.0,0.0
2013-06-28,1.0882141125360172,-0.004919953297186863,0.0,0.0
2013-07-01,1.100262413941954,0.011071627602640577,0.005781383916810118,6.36107620005828e-06
2013-07-02,1.0993584381805466,-0.000821600147340007,0.0,0.0
2013-07-03,1.1007183146611492,0.0012369727955636733,0.0,0.0
2013-07-05,1.1144416360200748,0.012467605177579166,0.0,0.0
2013-07-08,1.1198541845544772,0.004856735749511065,0.0,0.0
2013-07-09,1.129089935321754,0.008247279775046135,0.0,0.0
2013-07-10,1.1308639982802653,0.0015712326387939957,0.0,0.0
2013-07-11,1.1452045917150633,0.012681094682124527,0.0,0.0
2013-07-12,1.1466205267876248,0.0012364035935632511,0.0,0.0
2013-07-15,1.1538470354706392,0.00630244140427183,0.0,0.0
2013-07-16,1.148784594027806,-0.0043874458981195685,0.0,0.0
2013-07-17,1.152492621442405,0.003227783027275777,0.0,0.0
2013-07-18,1.1594965837806617,0.006077229656785921,0.0,0.0
2013-07-19,1.1614163989936208,0.001655731668220417,0.0,0.0
2013-07-22,1.1637742213429365,0.0020301266207010116,0.0,0.0
2013-07-23,1.1621547870225104,-0.0013915365117448397,0.0,0.0
2013-07-24,1.1551640246221009,-0.0060153453554324665,0.0,0.0
2013-07-25,1.1618873475659361,0.005820232279164728,0.0,0.0
2013-07-26,1.160146521777793,-0.0014982741586694326,0.0,0.0
2013-07-29,1.154282142305254,-0.005054861056302262,0.0,0.0
2013-07-30,1.1547866972730707,0.00043711580498762004,0.0,0.0
2013-07-31,1.1562047406711105,0.0012279699804200739,0.0,0.0
2013-08-01,1.1707489341527908,0.012579254322412137,0.0060469438018063565,7.079495820159853e-06
2013-08-02,1.1722448801443934,0.0012777683993239197,0.0,0.0
2013-08-05,1.1733934206578365,0.000979778656232222,0.0,0.0
2013-08-06,1.1641604807283783,-0.007868579938246079,0.0,0.0
2013-08-07,1.1581509903908678,-0.0051620806898982075,0.0,0.0
2013-08-08,1.1626735639404884,0.003904994760738578,0.0,0.0
2013-08-09,1.160379585309149,-0.0019730203751814335,0.0,0.0
2013-08-12,1.1627579244819215,0.0020496216952479163,0.0,0.0
2013-08-13,1.163693092252629,0.0008042669510286427,0.0,0.0
2013-08-14,1.1584247203129296,-0.004527286425238697,0.0,0.0
2013-08-15,1.1395769575375905,-0.016270166239415018,0.0,0.0
2013-08-16,1.1352949115413258,-0.003757575096566823,0.0,0.0
2013-08-19,1.1259207294862583,-0.00825704577706654,0.0,0.0
2013-08-20,1.1367776841618493,0.009642734511642548,0.0,0.0
2013-08-21,1.1298246529710616,-0.00611643884961921,0.0,0.0
2013-08-22,1.1429366243700976,0.011605315359826784,0.0,0.0
2013-08-23,1.1463059500412867,0.002947954942861264,0.0,0.0
2013-08-26,1.1442351213957078,-0.0018065235075367392,0.0,0.0
2013-08-27,1.1215942758107893,-0.019786882225133806,0.0,0.0
2013-08-28,1.1246980262132344,0.002767266621614528,0.0,0.0
2013-08-29,1.131216635243833,0.005795874873672835,0.0,0.0
2013-08-30,1.1205744442539363,-0.00940773911762971,0.0,0.0
2013-09-03,1.1269007365189554,0.00564557963771084,0.0007403607826511397,8.343137289529204e-07
2013-09-04,1.136524299257786,0.008539849542168465,0.0,0.0
2013-09-05,1.1381358833927582,0.001417993558100461,0.0,0.0
2013-09-06,1.139971588471165,0.0016129050188053995,0.0,0.0
2013-09-09,1.1540631625088813,0.012361337931776628,0.0,0.0
2013-09-10,1.1640000724656347,0.008610369241100368,0.0,0.0
2013-09-11,1.1660953780885193,0.0018000906292439112,0.0,0.0
2013-09-12,1.160260244123028,-0.005003993734248535,0.0,0.0
2013-09-13,1.164740373726143,0.00386131441269999,0.0,0.0
2013-09-16,1.169381720250756,0.003984876483473121,0.0,0.0
2013-09-17,1.1777851023425177,0.007186175349106483,0.0,0.0
2013-09-18,1.190202663894778,0.010543147071195635,0.0,0.0
2013-09-19,1.1885955500980256,-0.0013502858340892487,0.0,0.0
2013-09-20,1.1822812706171724,-0.005312386943003844,0.0,0.0
2013-09-23,1.1796155675000164,-0.002254711449302116,0.0,0.0
2013-09-24,1.1802114901156608,0.0005051837497427325,0.0,0.0
2013-09-25,1.1774057871108483,-0.0023772883320578586,0.0,0.0
2013-09-26,1.1829425003148635,0.004702468141932092,0.0,0.0
2013-09-27,1.1775731951335104,-0.0045389401259350315,0.0,0.0
2013-09-30,1.1746409229348176,-0.0024900976099072603,0.0,0.0
2013-10-01,1.1849676300587482,0.008791373535777636,1.0,0.0011861537838425908
2013-10-02,1.1823659544104683,-0.0021955668511812743,0.0,0.0
2013-10-03,1.172443401533065,-0.008392116535823946,0.0,0.0
2013-10-04,1.1777290362743398,0.004508221662865353,0.0,0.0
2013-10-07,1.1647655839313127,-0.011007160343126099,0.0,0.0
2013-10-08,1.1508452778654872,-0.011951165331346547,0.0,0.0
2013-10-09,1.151031722165591,0.00016200639972185904,0.0,0.0
2013-10-10,1.1752040292327748,0.02100055680629298,0.0,0.0
2013-10-11,1.1868050109728787,0.009871461849630947,0.0,0.0
2013-10-14,1.1918038704577043,0.004212030989596105,0.0,0.0
2013-10-15,1.1831169314323455,-0.007288899827135653,0.0,0.0
2013-10-16,1.1948571877346361,0.00992315805004762,0.0,0.0
2013-10-17,1.2080203121622584,0.0110164834448363,0.0,0.0
2013-10-18,1.218489894722735,0.008666727252074846,0.0,0.0
2013-10-21,1.218205145205252,-0.00023369050389021595,0.0,0.0
2013-10-22,1.2258948616489245,0.0063123329218715,0.0,0.0
2013-10-23,1.217858073674397,-0.00655585419757565,0.0,0.0
2013-10-24,1.225348462821048,0.006150461460629808,0.0,0.0
2013-10-25,1.2241425800944643,-0.000984114121959645,0.0,0.0
2013-10-28,1.2228517509416492,-0.0010544761482894627,0.0,0.0
2013-10-29,1.2259031826429494,0.002495340664925516,0.0,0.0
2013-10-30,1.2153359774090857,-0.008619934578423694,0.0,0.0
2013-10-31,1.2084020754193503,-0.005705337551610623,0.0,0.0
2013-11-01,1.2016540958150745,-0.005584217158791316,1.005925434767111,0.001209991580078714
2013-11-04,1.2094329093230884,0.006473421540445612,0.0,0.0
2013-11-05,1.2079855648386348,-0.0011967133301041821,0.0,0.0
2013-11-06,1.2052432848239232,-0.0022701264771139984,0.0,0.0
2013-11-07,1.1837559987166006,-0.01782817326417352,0.0,0.0
2013-11-08,1.2025137531706223,0.015845963589082857,0.0,0.0
2013-11-11,1.2023992414996587,-9.522691167695996e-05,0.0,0.0
2013-11-12,1.203839893010079,0.001198147387903914,0.0,0.0
2013-11-13,1.2168979292449618,0.010846987469598224,0.0,0.0
2013-11-14,1.2181765358134098,0.0010507097906242713,0.0,0.0
2013-11-15,1.221658677281666,0.0028584867347909437,0.0,0.0
2013-11-18,1.2113980299187006,-0.00839894772064853,0.0,0.0
2013-11-19,1.2058991398875385,-0.00453929253255525,0.0,0.0
2013-11-20,1.2042269971076776,-0.0013866356849850936,0.0,0.0
2013-11-21,1.22120848198269,0.014101564668288269,0.0,0.0
2013-11-22,1.2275129839388725,0.005162510782718233,0.0,0.0
2013-11-25,1.229737906054873,0.0018125446696792835,0.0,0.0
2013-11-26,1.2375170651973493,0.006325867572410271,0.0,0.0
2013-11-27,1.2452794838926096,0.006272575072750586,0.0,0.0
2013-11-29,1.2493115037807023,0.003237843343800284,0.0,0.0
2013-12-02,1.2411967534340844,-0.006495377911802436,0.000643503271642205,7.987146855623965e-07
2013-12-03,1.237706297309022,-0.002812169879920501,0.0,0.0
2013-12-04,1.2366299906163079,-0.0008695978157776674,0.0,0.0
2013-12-05,1.2362733421920735,-0.00028840350544678817,0.0,0.0
2013-12-06,1.2455793979598884,0.007527506620270463,0.0,0.0
2013-12-09,1.2479546584376313,0.0019069522839196829,0.0,0.0
2013-12-10,1.241886358810306,-0.004862596238009553,0.0,0.0
2013-12-11,1.2237204564602961,-0.014627668804907623,0.0,0.0
2013-12-12,1.2234484665509724,-0.0002222647401928235,0.0,0.0
2013-12-13,1.2246382178211666,0.0009724572000553433,0.0,0.0
2013-12-16,1.2352853291678447,0.008694087112209425,0.0,0.0
2013-12-17,1.2331674063905593,-0.0017145211128769544,0.0,0.0
2013-12-18,1.2488047214658693,0.012680610105549217,0.0,0.0
2013-12-19,1.2424233006537257,-0.005110022970327144,0.0,0.0
2013-12-20,1.259212433228522,0.01351321451067622,0.0,0.0
2013-12-23,1.2729756387605753,0.010930010829678372,0.0,0.0
2013-12-24,1.2757060367740942,0.002144894160093669,0.0,0.0
2013-12-26,1.2778737950331958,0.0016992615826942892,0.0,0.0
2013-12-27,1.2758833431565844,-0.0015576279006173088,0.0,0.0
2013-12-30,1.2745485658909894,-0.0010461593316930529,0.0,0.0
2013-12-31,1.2801967493477808,0.004431516858553808,0.0,0.0
2014-01-02,1.268238317190145,-0.009341089300319072,0.0023433696779492546,2.9719581813136626e-06
2014-01-03,1.266883691454145,-0.0010681160769541176,0.0,0.0
2014-01-06,1.2593903534416624,-0.0059147797568391836,0.0,0.0
2014-01-07,1.2704827804958387,0.008807775146016494,0.0,0.0
2014-01-08,1.2726969495779197,0.0017427777188894211,0.0,0.0
2014-01-09,1.2707563462444356,-0.0015247960907958102,0.0,0.0
2014-01-10,1.2762919592297859,0.004356156081148255,0.0,0.0
2014-01-13,1.258138458256218,-0.01422362715857195,0.0,0.0
2014-01-14,1.2778345923100125,0.015654981313498073,0.0,0.0
2014-01-15,1.2878453204113385,0.007834134528498682,0.0,0.0
2014-01-16,1.288696004048659,0.0006605479896055755,0.0,0.0
2014-01-17,1.282784574064611,-0.004587140772902343,0.0,0.0
2014-01-21,1.291487454415023,0.006784366234492634,0.0,0.0
2014-01-22,1.2964370637973004,0.0038324873891395494,0.0,0.0
2014-01-23,1.2898672051723554,-0.005067626349482546,0.0,0.0
2014-01-24,1.2607196725920788,-0.022597312702730354,0.0,0.0
2014-01-27,1.2453908833499183,-0.01215876104371727,0.0,0.0
2014-01-28,1.2515852381886656,0.00497382381833833,0.0,0.0
2014-01-29,1.2358424008696947,-0.012578318150951118,0.0,0.0
2014-01-30,1.2564749669851683,0.016695143410643487,0.0,0.0
2014-01-31,1.250135951061714,-0.005045079360923688,0.0,0.0
2014-02-03,1.2162347899255213,-0.02711797953446682,0.007143624609768601,8.68838684314233e-06
2014-02-04,1.2252973712185538,0.0074513419350448196,0.0,0.0
2014-02-05,1.2191204910073656,-0.005041127448959792,0.0,0.0
2014-02-06,1.231725885563284,0.010339744634677128,0.0,0.0
2014-02-07,1.2497044213516295,0.014596214952585562,0.0,0.0
2014-02-10,1.2549350129652437,0.00418546299768785,0.0,0.0
2014-02-11,1.2676904185057318,0.010164196080838295,0.0,0.0
2014-02-12,1.271379376787456,0.0029099835637098614,0.0,0.0
2014-02-13,1.2841448436145813,0.010040643304582542,0.0,0.0
2014-02-14,1.2863394716683199,0.001709019091305386,0.0,0.0
2014-02-18,1.2961738702750147,0.007645259142938565,0.0,0.0
2014-02-19,1.2850962929981677,-0.008546366757491097,0.0,0.0
2014-02-20,1.295010739806758,0.007714944679717117,0.0,0.0
2014-02-21,1.2961605938663592,0.0008879108290427151,0.0,0.0
2014-02-24,1.3043808891502715,0.0063420345617757334,0.0,0.0
2014-02-25,1.3043309039076676,-3.8321047954426035e-05,0.0,0.0
2014-02-26,1.3077838185754667,0.0026472689234413593,0.0,0.0
2014-02-27,1.3155889696823433,0.005968227314036234,0.0,0.0
2014-02-28,1.3122340761715483,-0.0025501076613655416,0.0,0.0
2014-03-03,1.3038495720055703,-0.006389488215730488,0.003543251751003535,4.619883648464389e-06
2014-03-04,1.328534675442419,0.018932478076346015,0.0,0.0
2014-03-05,1.3299618706409146,0.0010742626631257135,0.0,0.0
2014-03-06,1.329268842473597,-0.0005210887489456306,0.0,0.0
2014-03-07,1.3257740602885555,-0.002629101106844667,0.0,0.0
2014-03-10,1.3241249112665097,-0.0012439140811721927,0.0,0.0
2014-03-11,1.3143735244749943,-0.0073644009779925135,0.0,0.0
2014-03-12,1.31885338304357,0.003408360321595083,0.0,0.0
2014-03-13,1.3019064681137342,-0.012849733827672849,0.0,0.0
2014-03-14,1.3002043683786062,-0.0013073901826404777,0.0,0.0
2014-03-17,1.3087753644969822,0.006592037626411251,0.0,0.0
2014-03-18,1.3262203366624976,0.013329233296059284,0.0,0.0
2014-03-19,1.3183077732781345,-0.005966250980795174,0.0,0.0
2014-03-20,1.3210176903491093,0.0020556027400462362,0.0,0.0
2014-03-21,1.3100511071412737,-0.008301617221293522,0.0,0.0
2014-03-24,1.2968378886368386,-0.010086032852007043,0.0,0.0
2014-03-25,1.2987944140714616,0.0015086892909024208,0.0,0.0
2014-03-26,1.277962002127224,-0.01603980716157538,0.0,0.0
2014-03-27,1.2727699803980264,-0.004062735606031542,0.0,0.0
2014-03-28,1.2733937687646737,0.0004901029850281624,0.0,0.0
2014-03-31,1.289374394088847,0.012549633676687488,0.0,0.0
2014-04-01,1.3091422269839843,0.015331336643385596,0.006893301160539162,9.024373840305697e-06
2014-04-02,1.3137735588618302,0.0035376842808865216,0.0,0.0
2014-04-03,1.3018996384624644,-0.009038026621309592,0.0,0.0
2014-04-04,1.2695339463042496,-0.02486035881877835,0.0,0.0
2014-04-07,1.254243140360595,-0.012044424639583662,0.0,0.0
2014-04-08,1.264426902345738,0.008119448022027909,0.0,0.0
2014-04-09,1.2843935046852515,0.015791029360789466,0.0,0.0
2014-04-10,1.246165185668951,-0.029763712504656814,0.0,0.0
2014-04-11,1.2302936442329413,-0.01273630624457689,0.0,0.0
2014-04-14,1.2368581512604302,0.005335723758519206,0.0,0.0
2014-04-15,1.241300384131386,0.003591545939547691,0.0,0.0
2014-04-16,1.2563113107205126,0.012092904168099938,0.0,0.0
2014-04-17,1.2595678084833735,0.002592110518365942,0.0,0.0
2014-04-21,1.2672072254193432,0.006065109702325655,0.0,0.0
2014-04-22,1.2787672686806297,0.009122456871614837,0.0,0.0
2014-04-23,1.2691191041877503,-0.007544894782014477,0.0,0.0
2014-04-24,1.2735987781107376,0.0035297506027649472,0.0,0.0
2014-04-25,1.2522194703196527,-0.016786532900729623,0.0,0.0
2014-04-28,1.2506642718206837,-0.0012419536158242428,0.0,0.0
2014-04-29,1.2572822209282148,0.005291547265435792,0.0,0.0
2014-04-30,1.2630791080893022,0.004610649116479015,0.0,0.0
2014-05-01,1.2635001683852487,0.0003333601935537889,1.0,0.0012647649333185672
2014-05-02,1.2614411013965467,-0.0016296531177620865,0.0,0.0
2014-05-05,1.2659646869389733,0.0035860457832066484,0.0,0.0
2014-05-06,1.2522462234291984,-0.0108363713864289,0.0,0.0
2014-05-07,1.2541342764435461,0.0015077330472414996,0.0,0.0
2014-05-08,1.2528868180814827,-0.0009946768743144263,0.0,0.0
2014-05-09,1.2561323932326105,0.0025904775310012784,0.0,0.0
2014-05-12,1.272578206528975,0.01309242034117264,0.0,0.0
2014-05-13,1.2735808461150624,0.00078788052549017,0.0,0.0
2014-05-14,1.2672464071118685,-0.0049737235154850845,0.0,0.0
2014-05-15,1.2567045931739782,-0.008318677313842837,0.0,0.0
2014-05-16,1.2629931844418187,0.005004033009824438,0.0,0.0
2014-05-19,1.2697047368137495,0.005314005217610829,0.0,0.0
2014-05-20,1.263406247794428,-0.004960593464530483,0.0,0.0
2014-05-21,1.2747608883098074,0.008987323384858747,0.0,0.0
2014-05-22,1.2791144570317052,0.0034152041859945026,0.0,0.0
2014-05-23,1.2863496368498457,0.005656397500916732,0.0,0.0
2014-05-27,1.2983467021126431,0.009326441986781342,0.0,0.0
2014-05-28,1.2958587007557494,-0.0019162842658630996,0.0,0.0
2014-05-29,1.3033602705817529,0.005788879467822028,0.0,0.0
2014-05-30,1.3044723091536992,0.0008532088916979319,0.0,0.0
2014-06-02,1.3045510068384298,6.032913399423023e-05,0.007973212149559067,1.0401544871167927e-05
2014-06-03,1.3039273403441658,-0.0004780698424169394,0.0,0.0
2014-06-04,1.3076767079850464,0.002875442154538277,0.0,0.0
2014-06-05,1.3174432639382525,0.007468631882459054,0.0,0.0
2014-06-06,1.324378195400296,0.0052639317774587635,0.0,0.0
2014-06-09,1.3245535674560096,0.00013241841063438287,0.0,0.0
2014-06-10,1.3257654605834444,0.0009149445950777935,0.0,0.0
2014-06-11,1.3233226769258748,-0.0018425458576168952,0.0,0.0
2014-06-12,1.312649902683271,-0.008065133643290312,0.0,0.0
2014-06-13,1.3165760756152913,0.002991028242941729,0.0,0.0
2014-06-16,1.3176887939860027,0.0008451607099053682,0.0,0.0
2014-06-17,1.319872386213473,0.001657138041574191,0.0,0.0
2014-06-18,1.328426265598075,0.006480838203716033,0.0,0.0
2014-06-19,1.3287409485736887,0.00023688403621857645,0.0,0.0
2014-06-20,1.3308714118704503,0.0016033699413331437,0.0,0.0
2014-06-23,1.3308107719149729,-4.5564098031247724e-05,0.0,0.0
2014-06-24,1.3261564836675188,-0.003497332863301672,0.0,0.0
2014-06-25,1.3333762891313143,0.005444158025626811,0.0,0.0
2014-06-26,1.3332591155158435,-8.7877380470891e-05,0.0,0.0
2014-06-27,1.3374897851255927,0.0031731788371176517,0.0,0.0
2014-06-30,1.3382976755015235,0.0006040348008002905,0.0,0.0
2014-07-01,1.3501217957859921,0.008835194516823464,0.00834459335928922,1.1266311384135135e-05
2014-07-02,1.3519448650837242,0.0013502998791830034,0.0,0.0
2014-07-03,1.359534444490027,0.0056138231686191364,0.0,0.0
2014-07-07,1.3551083163179647,-0.003255620473611942,0.0,0.0
2014-07-08,1.3425800875193308,-0.009245186268707295,0.0,0.0
2014-07-09,1.350572500624608,0.005953025208384366,0.0,0.0
2014-07-10,1.3457669999524713,-0.0035581212189012,0.0,0.0
2014-07-11,1.3510292706354095,0.003910239055589848,0.0,0.0
2014-07-14,1.3584741601812946,0.005510531642577865,0.0,0.0
2014-07-15,1.354860168685653,-0.0026603314229837194,0.0,0.0
2014-07-16,1.360063495292735,0.003840489762223731,0.0,0.0
2014-07-17,1.343323864442802,-0.012307977464191877,0.0,0.0
2014-07-18,1.3608421919864253,0.013041030541722565,0.0,0.0
2014-07-21,1.3587209600685668,-0.001558764072976171,0.0,0.0
2014-07-22,1.366004854221656,0.005360846242278949,0.0,0.0
2014-07-23,1.3719207723906832,0.0043308178230434535,0.0,0.0
2014-07-24,1.3711730687645716,-0.0005450049603146212,0.0,0.0
2014-07-25,1.365284839742404,-0.004294300374111715,0.0,0.0
2014-07-28,1.3657718985263474,0.0003567451785631004,0.0,0.0
2014-07-29,1.3616511527436361,-0.0030171551978463995,0.0,0.0
2014-07-30,1.3644557741903096,0.0020597209799457783,0.0,0.0
2014-07-31,1.337191577256477,-0.01998173737071951,0.0,0.0
2014-08-01,1.3326677612651763,-0.0033830724544214874,0.01020575806300373,1.3601023558592793e-05
2014-08-04,1.3420547484413627,0.007043756477814744,0.0,0.0
2014-08-05,1.3304087923366201,-0.008677705673533764,0.0,0.0
2014-08-06,1.330123991558925,-0.0002140701259160105,0.0,0.0
2014-08-07,1.324411911301125,-0.004294396833715686,0.0,0.0
2014-08-08,1.3368482727279187,0.009390100859615558,0.0,0.0
2014-08-11,1.342728055485754,0.004398242401762786,0.0,0.0
2014-08-12,1.3415122469000318,-0.0009054764147922167,0.0,0.0
2014-08-13,1.3531557152482083,0.008679360456889107,0.0,0.0
2014-08-14,1.359859404744172,0.004954115347127086,0.0,0.0
2014-08-15,1.363029048549486,0.0023308614068895395,0.0,0.0
2014-08-18,1.3739846855531952,0.008037713514152944,0.0,0.0
2014-08-19,1.381421138588669,0.005412325998727985,0.0,0.0
2014-08-20,1.383255836109352,0.0013281232416622046,0.0,0.0
2014-08-21,1.3866708553453524,0.0024688269131800666,0.0,0.0
2014-08-22,1.386653600381893,-1.244344567630229e-05,0.0,0.0
2014-08-25,1.3926133312728528,0.004297923352536204,0.0,0.0
2014-08-26,1.3937672002503458,0.0008285637883693742,0.0,0.0
2014-08-27,1.393630930944894,-9.777049239456659e-05,0.0,0.0
2014-08-28,1.3924763716414201,-0.000828454132179024,0.0,0.0
2014-08-29,1.3970531122556655,0.0032867635727638067,0.0,0.0
2014-09-02,1.3987381739317053,0.001206154341060861,0.0071030044893289155,9.935314099413544e-06
2014-09-03,1.3942312118287474,-0.003222162794262795,0.0,0.0
2014-09-04,1.3925915663913215,-0.001176021181791831,0.0,0.0
2014-09-05,1.3992234800041943,0.004762281901547372,0.0,0.0
2014-09-08,1.3987386201670886,-0.0003465206552309974,0.0,0.0
2014-09-09,1.3885104056300674,-0.007312455943912721,0.0,0.0
2014-09-10,1.3968557326902813,0.0060102733305962275,0.0,0.0
2014-09-11,1.3970984283067756,0.00017374422484328633,0.0,0.0
2014-09-12,1.3894552908394164,-0.005470722257287397,0.0,0.0
2014-09-15,1.3822233119233223,-0.005204902211517037,0.0,0.0
2014-09-16,1.3934629142198114,0.008131538659154502,0.0,0.0
2014-09-17,1.3954524251131728,0.0014277458503266782,0.0,0.0
2014-09-18,1.4044244318340273,0.006429460839646239,0.0,0.0
2014-09-19,1.4033560736664745,-0.0007607089020500446,0.0,0.0
2014-09-22,1.3914121426612174,-0.0085109768143532,0.0,0.0
2014-09-23,1.385528011743098,-0.004228891453301187,0.0,0.0
2014-09-24,1.398382368133006,0.009277586797928672,0.0,0.0
2014-09-25,1.372392797964035,-0.01858545327889838,0.0,0.0
2014-09-26,1.3851425622806786,0.009290171396671543,0.0,0.0
2014-09-29,1.3829708429813432,-0.001567866989632849,0.0,0.0
2014-09-30,1.3821305542060593,-0.0006075968843076707,0.0,0.0
2014-10-01,1.3617100733910041,-0.014774639597476713,0.00020900541501840713,2.846048385083748e-07
2014-10-02,1.3618148383833848,7.693634234473556e-05,0.0,0.0
2014-10-03,1.3760357365501443,0.010442607736335985,0.0,0.0
2014-10-06,1.3737589606356742,-0.0016545906868511429,0.0,0.0
2014-10-07,1.3534085319480251,-0.014813682218482005,0.0,0.0
2014-10-08,1.3784172070396608,0.018478289815152538,0.0,0.0
2014-10-09,1.3536183330146323,-0.017990833180534183,0.0,0.0
2014-10-10,1.3289615554301617,-0.01821545777202771,0.0,0.0
2014-10-13,1.3076304500091642,-0.016050957481680506,0.0,0.0
2014-10-14,1.308716359208261,0.0008304404345196303,0.0,0.0
2014-10-15,1.300064980765152,-0.006610583249943236,0.0,0.0
2014-10-16,1.2954421481199643,-0.0035558473719268235,0.0,0.0
2014-10-17,1.311623872691032,0.012491275349155284,0.0,0.0
2014-10-20,1.3277704863857234,0.012310399368962166,0.0,0.0
2014-10-21,1.3583477870705956,0.023029055848428737,0.0,0.0
2014-10-22,1.3500110838037938,-0.006137384951155012,0.0,0.0
2014-10-23,1.368014115394191,0.0133354694686445,0.0,0.0
2014-10-24,1.378872097741104,0.007937039702097248,0.0,0.0
2014-10-27,1.3784163985014872,-0.0003304869540571298,0.0,0.0
2014-10-28,1.396734662141415,0.013289354116682084,0.0,0.0
2014-10-29,1.393092017679034,-0.0026079716936330266,0.0,0.0
2014-10-30,1.399011991929092,0.004249521334506623,0.0,0.0
2014-10-31,1.4166652712271535,0.0126183902639172,0.0,0.0
2014-11-03,1.417732451291959,0.0007533043171736864,1.0,0.0014191516028948543
2014-11-04,1.4165190927034785,-0.0008558445476610776,0.0,0.0
2014-11-05,1.4150761531428808,-0.0010186516849863825,0.0,0.0
2014-11-06,1.4118799824817452,-0.0022586562949541422,0.0,0.0
2014-11-07,1.41036306485559,-0.001074395589552024,0.0,0.0
2014-11-10,1.4186549233016688,0.005879236809798183,0.0,0.0
2014-11-11,1.4181276273114878,-0.0003716872803386506,0.0,0.0
2014-11-12,1.4140441406298867,-0.0028794916641901036,0.0,0.0
2014-11-13,1.4209365188811183,0.004874231329272005,0.0,0.0
2014-11-14,1.4173843056586302,-0.00249990986598414,0.0,0.0
2014-11-17,1.4183375122629849,0.0006725110476737406,0.0,0.0
2014-11-18,1.4267291018044077,0.005916496933112914,0.0,0.0
2014-11-19,1.4171366284050162,-0.006723402072096096,0.0,0.0
2014-11-20,1.422656092653205,0.003894800358382522,0.0,0.0
2014-11-21,1.4284093710165906,0.0040440401535524195,0.0,0.0
2014-11-24,1.4365460922694115,0.00569635107268307,0.0,0.0
2014-11-25,1.438907017255552,0.001643473188118083,0.0,0.0
2014-11-26,1.4504971854444744,0.008054841661018886,0.0,0.0
2014-11-28,1.4556914340410323,0.003581012530518013,0.0,0.0
2014-12-01,1.4455327325668834,-0.006978609090216414,0.010749217491339213,1.5538512760065035e-05
2014-12-02,1.452925402818188,0.005114149326924666,0.0,0.0
2014-12-03,1.4535160970830778,0.0004065551223373376,0.0,0.0
2014-12-04,1.4550600039013957,0.0010621876299934385,0.0,0.0
2014-12-05,1.451441843324457,-0.002486605753190596,0.0,0.0
2014-12-08,1.4508564748286144,-0.0004033013782362982,0.0,0.0
2014-12-09,1.4564594156008681,0.00386181601658131,0.0,0.0
2014-12-10,1.4443613647423772,-0.008306479898377295,0.0,0.0
2014-12-11,1.4490894234547897,0.003273459694939973,0.0,0.0
2014-12-12,1.4349119678942277,-0.00978369956407621,0.0,0.0
2014-12-15,1.4181597465373232,-0.011674738054829104,0.0,0.0
2014-12-16,1.4059296321423604,-0.008623932829023406,0.0,0.0
2014-12-17,1.4349376974826717,0.02063265804854586,0.0,0.0
2014-12-18,1.4569587542233116,0.015346350422928978,0.0,0.0
2014-12-19,1.4597622095687695,0.001924183054140327,0.0,0.0
2014-12-22,1.4738952257438778,0.009681724929215374,0.0,0.0
2014-12-23,1.4692376514008292,-0.0031600443923670563,0.0,0.0
2014-12-24,1.4667618434696177,-0.0016850969813161365,0.0,0.0
2014-12-26,1.4745272497733353,0.005294251645753478,0.0,0.0
2014-12-29,1.478490374478093,0.002687725645875272,0.0,0.0
2014-12-30,1.4730984943141279,-0.0036468821556370212,0.0,0.0
2014-12-31,1.4530220146639075,-0.013628742224441659,0.0,0.0
2015-01-02,1.460534900999075,0.005170524781694441,1.0,0.0014619968978969724
2015-01-05,1.4760032084113597,0.010590850928453577,0.0,0.0
2015-01-06,1.496650622886936,0.013988732787240554,0.0,0.0
2015-01-07,1.5065284230607991,0.006599937235057141,0.0,0.0
2015-01-08,1.4993905369966354,-0.0047379697288828515,0.0,0.0
2015-01-09,1.5078900846852743,0.005668668354853024,0.0,0.0
2015-01-12,1.5179652435733662,0.0066816268575669024,0.0,0.0
2015-01-13,1.516810763745048,-0.0007605443096972975,0.0,0.0
2015-01-14,1.5291193568533545,0.008114784917477857,0.0,0.0
2015-01-15,1.5428827313316271,0.009000850336886135,0.0,0.0
2015-01-16,1.5396789546742857,-0.0020764874687373425,0.0,0.0
2015-01-20,1.5437028454588582,0.002613460924666411,0.0,0.0
2015-01-21,1.5342214712595312,-0.006141968467065051,0.0,0.0
2015-01-22,1.5451474482895509,0.007121512268401409,0.0,0.0
2015-01-23,1.5535378797986856,0.00543018177224619,0.0,0.0
2015-01-26,1.55775861672032,0.002716854848870076,0.0,0.0
2015-01-27,1.5592293414165306,0.0009441287503881846,0.0,0.0
2015-01-28,1.5666072706975376,0.004731779402191272,0.0,0.0
2015-01-29,1.5641984232862334,-0.0015376204721887499,0.0,0.0
2015-01-30,1.5618569128261348,-0.0014969395348061187,0.0,0.0
2015-02-02,1.5567959762508046,-0.0032403330508506967,0.015064717384037207,2.3453044720315715e-05
2015-02-03,1.5470835681568431,-0.006238716082342166,0.0,0.0
2015-02-04,1.545138676875073,-0.0012571339530722536,0.0,0.0
2015-02-05,1.5461378113411541,0.000646630934190151,0.0,0.0
2015-02-06,1.5097809154572466,-0.023514654138346636,0.0,0.0
2015-02-09,1.5031813077026581,-0.004371235380591476,0.0,0.0
2015-02-10,1.4997277469561017,-0.002297501125685608,0.0,0.0
2015-02-11,1.4988319677206077,-0.0005972945671720575,0.0,0.0
2015-02-12,1.5055049722205007,0.004452136492685943,0.0,0.0
2015-02-13,1.492835268704836,-0.008415583973115592,0.0,0.0
2015-02-17,1.4800139064511963,-0.008588598167809436,0.0,0.0
2015-02-18,1.491384295986647,0.0076826234442044505,0.0,0.0
2015-02-19,1.4700360277761142,-0.014314397883886554,0.0,0.0
2015-02-20,1.4794354455304295,0.006394005028934391,0.0,0.0
2015-02-23,1.493776924059759,0.009693885983776296,0.0,0.0
2015-02-24,1.4881392934783702,-0.003774077970134182,0.0,0.0
2015-02-25,1.4914901843619117,0.002251732010724039,0.0,0.0
2015-02-26,1.4732062901307452,-0.01225880962735848,0.0,0.0
2015-02-27,1.4851823073973458,0.008129219476477934,0.0,0.0
2015-03-02,1.4758137892685133,-0.006307992010253671,0.02466268879379657,3.639843388557069e-05
2015-03-03,1.4717302638110903,-0.002766965241222552,0.0,0.0
2015-03-04,1.46492274839993,-0.004625518397326389,0.0,0.0
2015-03-05,1.4661043255577186,0.0008065798412095759,0.0,0.0
2015-03-06,1.4255882618415892,-0.027635184624884568,0.0,0.0
2015-03-09,1.4378506740483088,0.008601650655343462,0.0,0.0
2015-03-10,1.4468614080661952,0.006266807938070773,0.0,0.0
2015-03-11,1.4528280586804028,0.004123857738511649,0.0,0.0
2015-03-12,1.4647128726569805,0.008180468366898674,0.0,0.0
2015-03-13,1.4620049295819078,-0.0018487876536242842,0.0,0.0
2015-03-16,1.4765807094568053,0.009969720060428067,0.0,0.0
2015-03-17,1.4824818660445636,0.0039965012071228045,0.0,0.0
2015-03-18,1.5122772403095732,0.020098306055174486,0.0,0.0
2015-03-19,1.5080283829398353,-0.0028095756892222434,0.0,0.0
2015-03-20,1.5307863132146693,0.015091181659637298,0.0,0.0
2015-03-23,1.5288878563245238,-0.0012401841287427162,0.0,0.0
2015-03-24,1.529762312229066,0.0005719555564032142,0.0,0.0
2015-03-25,1.5101630326123021,-0.01281197703727266,0.0,0.0
2015-03-26,1.4943444029608717,-0.010474782728635001,0.0,0.0
2015-03-27,1.504682095848498,0.006917878413532641,0.0,0.0
2015-03-30,1.5115260141722733,0.00454841480646162,0.0,0.0
2015-03-31,1.506514564884672,-0.0033154899357425993,0.0,0.0
2015-04-01,1.515411429474948,0.005905594806484338,0.016352706940922987,2.4781484245478093e-05
2015-04-02,1.513142939935166,-0.0014969463049172571,0.0,0.0
2015-04-06,1.5168765570167617,0.002467458283720303,0.0,0.0
2015-04-07,1.5095370587906742,-0.004838559994968961,0.0,0.0
2015-04-08,1.5109368340809937,0.0009272877947368308,0.0,0.0
2015-04-09,1.4854382955368144,-0.016875979173337496,0.0,0.0
2015-04-10,1.485988062952826,0.00037010451236074715,0.0,0.0
2015-04-13,1.485039844266281,-0.0006381065300488098,0.0,0.0
2015-04-14,1.492925662712874,0.005310172974172911,0.0,0.0
2015-04-15,1.4867150475169244,-0.00416002976642782,0.0,0.0
2015-04-16,1.4848780243183632,-0.0012356256174506086,0.0,0.0
2015-04-17,1.4900019446394754,0.00345073483289271,0.0,0.0
2015-04-20,1.4844295692573741,-0.003739844368759959,0.0,0.0
2015-04-21,1.4823065355756906,-0.001430201692051769,0.0,0.0
2015-04-22,1.4724823449253668,-0.006627637681235976,0.0,0.0
2015-04-23,1.4776160474257942,0.0034864272010592945,0.0,0.0
2015-04-24,1.4837338732105767,0.0041403352348809985,0.0,0.0
2015-04-27,1.4827437266337464,-0.0006673343479635108,0.0,0.0
2015-04-28,1.4710965172351194,-0.007855173614572997,0.0,0.0
2015-04-29,1.447210607812054,-0.016236806452345043,0.0,0.0
2015-04-30,1.4366822042309297,-0.007274962969654686,0.0,0.0
2015-05-01,1.430921012521741,-0.004010066869501339,1.0040730721412519,0.00143819330820748
2015-05-04,1.425351197319877,-0.0038924686639749684,0.0,0.0
2015-05-05,1.412691644239422,-0.008881707963805052,0.0,0.0
2015-05-06,1.3957202919838043,-0.012013486683256192,0.0,0.0
2015-05-07,1.40926604247059,0.009705204233673825,0.0,0.0
2015-05-08,1.4199617941690343,0.007589590166874105,0.0,0.0
2015-05-11,1.40001217281744,-0.014049407127372016,0.0,0.0
2015-05-12,1.3985861101122237,-0.0010186073613533964,0.0,0.0
2015-05-13,1.394490338234254,-0.002928508905069238,0.0,0.0
2015-05-14,1.4067026758762018,0.008757563467532758,0.0,0.0
2015-05-15,1.4204925884233897,0.009803004418541095,0.0,0.0
2015-05-18,1.4118717832598797,-0.006068884296734134,0.0,0.0
2015-05-19,1.4049680132375424,-0.0048897995584252785,0.0,0.0
2015-05-20,1.406581683401547,0.0011485458379127955,0.0,0.0
2015-05-21,1.4198994621728835,0.009468187257444027,0.0,0.0
2015-05-22,1.4194660838420459,-0.00030521761743218523,0.0,0.0
2015-05-26,1.4230192037889235,0.002503138318923792,0.0,0.0
2015-05-27,1.4361824117714073,0.009250197008891625,0.0,0.0
2015-05-28,1.4328107613585788,-0.0023476477536511497,0.0,0.0
2015-05-29,1.430038757311423,-0.0019346616607816003,0.0,0.0
2015-06-01,1.4234315698363207,-0.004620285598080143,1.0,0.0014248564262625831
2015-06-02,1.4204689441520721,-0.002081326385496185,0.0,0.0
2015-06-03,1.4244798739285867,0.002823665940059561,0.0,0.0
2015-06-04,1.413044250702633,-0.008027928955159691,0.0,0.0
2015-06-05,1.4101573055319474,-0.0020430677731784197,0.0,0.0
2015-06-08,1.398663460066889,-0.008150754117975945,0.0,0.0
2015-06-09,1.3974022060837705,-0.0009017565834301688,0.0,0.0
2015-06-10,1.415351451690096,0.012844723965785398,0.0,0.0
2015-06-11,1.4186701551995489,0.0023447911156553314,0.0,0.0
2015-06-12,1.4074194039241799,-0.007930491266157969,0.0,0.0
2015-06-15,1.400911643701766,-0.004623895481523865,0.0,0.0
2015-06-16,1.408549473663908,0.005452042601316265,0.0,0.0
2015-06-17,1.4116266460891582,0.0021846392212592214,0.0,0.0
2015-06-18,1.429242112045802,0.01247884205462313,0.0,0.0
2015-06-19,1.4225374286435066,-0.004691076022591112,0.0,0.0
2015-06-22,1.4314209826842208,0.006244864888500956,0.0,0.0
2015-06-23,1.4325093159586904,0.000760316697627772,0.0,0.0
2015-06-24,1.4236213125242094,-0.006204499569716804,0.0,0.0
2015-06-25,1.4200365198204934,-0.00251808024520217,0.0,0.0
2015-06-26,1.415185491650199,-0.003416129164697579,0.0,0.0
2015-06-29,1.3836442437966432,-0.022287712840227458,0.0,0.0
2015-06-30,1.3875527420822256,0.002824785563995569,0.0,0.0
2015-07-01,1.3986172385309679,0.00797410874064397,0.0030157501584387346,4.217892878806002e-06
2015-07-02,1.3981714032833863,-0.00031876859179136297,0.0,0.0
2015-07-06,1.3945628786096123,-0.0025808886273170906,0.0,0.0
2015-07-07,1.4006937214715176,0.00439624699319241,0.0,0.0
2015-07-08,1.3767495523827984,-0.017094507329956765,0.0,0.0
2015-07-09,1.3776077592741718,0.0006233573055376418,0.0,0.0
2015-07-10,1.3968001905037288,0.013931709588852037,0.0,0.0
2015-07-13,1.4167648961572166,0.01429317220116344,0.0,0.0
2015-07-14,1.4244973426916023,0.005457819116890139,0.0,0.0
2015-07-15,1.4250390533205675,0.000380281951205097,0.0,0.0
2015-07-16,1.4408430137062198,0.01109019458016025,0.0,0.0
2015-07-17,1.4521416921555976,0.007841713734180411,0.0,0.0
2015-07-20,1.4550394479392679,0.001995504845927698,0.0,0.0
2015-07-21,1.4517549745276734,-0.0022573088422077614,0.0,0.0
2015-07-22,1.442115378619456,-0.006639960652694565,0.0,0.0
2015-07-23,1.435382776651412,-0.004668559858566401,0.0,0.0
2015-07-24,1.4209085708822453,-0.010083864739504067,0.0,0.0
2015-07-27,1.4108688921220847,-0.007065675417755379,0.0,0.0
2015-07-28,1.4255851517428177,0.010430635832219926,0.0,0.0
2015-07-29,1.4331596864885108,0.005313281171898332,0.0,0.0
2015-07-30,1.4367626997626812,0.0025140347639824867,0.0,0.0
2015-07-31,1.4348416033941933,-0.001337100670002922,0.0,0.0
2015-08-03,1.4301647092120822,-0.003259519497516461,0.011277163577498923,1.612838325096688e-05
2015-08-04,1.4274215504747692,-0.0019180718973441646,0.0,0.0
2015-08-05,1.4352842536376476,0.005508325946363302,0.0,0.0
2015-08-06,1.4178877100318377,-0.01212062597476371,0.0,0.0
2015-08-07,1.4156269965931652,-0.0015944234671599888,0.0,0.0
2015-08-10,1.4326312057848387,0.012011786461119778,0.0,0.0
2015-08-11,1.4169920793719255,-0.010916365879623302,0.0,0.0
2015-08-12,1.4202790229682216,0.0023196626460699754,0.0,0.0
2015-08-13,1.4182396735373575,-0.0014358794278339637,0.0,0.0
2015-08-14,1.4219194992609285,0.0025946430580332525,0.0,0.0
2015-08-17,1.43180228653489,0.006950314190851348,0.0,0.0
2015-08-18,1.4260707307920195,-0.004003035752053075,0.0,0.0
2015-08-19,1.4157350380030134,-0.0072476719182545946,0.0,0.0
2015-08-20,1.3813648577211537,-0.024277268951640174,0.0,0.0
2015-08-21,1.3304488483206425,-0.036859204225383024,0.0,0.0
2015-08-24,1.2768100756756762,-0.04031629830239003,0.0,0.0
2015-08-25,1.2668382775687619,-0.007809930620759964,0.0,0.0
2015-08-26,1.322998816549506,0.044331261515498266,0.0,0.0
2015-08-27,1.3561177653402698,0.025033241433383147,0.0,0.0
2015-08-28,1.3560237406154059,-6.93337461296073e-05,0.0,0.0
2015-08-31,1.342142092058869,-0.01023702472217558,0.0,0.0
2015-09-01,1.2985432323830939,-0.032484533443768004,1.9980019980019978,0.0025996861509171047
2015-09-02,1.2920002733422726,-0.005038691725968603,0.0,0.0
2015-09-03,1.2982336825744536,0.0048246191280252315,0.0,0.0
2015-09-04,1.3056019497380043,0.005675609300891837,0.0,0.0
2015-09-08,1.2929341372873293,-0.009702660487920567,0.0,0.0
2015-09-09,1.2974262090279673,0.003474323719275141,0.0,0.0
2015-09-10,1.291769750007502,-0.00435975393521848,0.0,0.0
2015-09-11,1.2962630484048392,0.0034784050310134873,0.0,0.0
2015-09-14,1.2972177482394573,0.0007365016196312357,0.0,0.0
2015-09-15,1.279927409984687,-0.013328786380109592,0.0,0.0
2015-09-16,1.278713838902108,-0.0009481561791019333,0.0,0.0
2015-09-17,1.2917725741139356,0.010212398438605996,0.0,0.0
2015-09-18,1.3035849097792886,0.009144284297454952,0.0,0.0
2015-09-21,1.2896781287326635,-0.0106681052705494,0.0,0.0
2015-09-22,1.3013762286793735,0.009070557750874952,0.0,0.0
2015-09-23,1.3009286966224065,-0.00034389137215240506,0.0,0.0
2015-09-24,1.3054575615165536,0.0034812552800973506,0.0,0.0
2015-09-25,1.297848492589198,-0.005828660503154226,0.0,0.0
2015-09-28,1.3100406171452705,0.009394104647568957,0.0,0.0
2015-09-29,1.3127467041022052,0.002065651187847628,0.0,0.0
2015-09-30,1.3103463436592921,-0.001828502357242412,0.0,0.0
2015-10-01,1.3129969232597518,0.0020228084073234953,0.005495949217245935,7.21620407252744e-06
2015-10-02,1.3198669804975776,0.005232348314091695,0.0,0.0
2015-10-05,1.3091471076738546,-0.008121934241950401,0.0,0.0
2015-10-06,1.3132624788048135,0.003143551329591432,0.0,0.0
2015-10-07,1.313413939434453,0.00011533157467291666,0.0,0.0
2015-10-08,1.3053432117566335,-0.006144846978930918,0.0,0.0
2015-10-09,1.3073234622499639,0.0015170343519583795,0.0,0.0
2015-10-12,1.314920802423368,0.005811369865823979,0.0,0.0
2015-10-13,1.3155236808702686,0.0004584903104349891,0.0,0.0
2015-10-14,1.3238601105947247,0.006336966673941902,0.0,0.0
2015-10-15,1.32034212562837,-0.002657369111887742,0.0,0.0
2015-10-16,1.3207808127894087,0.0003322526431017714,0.0,0.0
2015-10-19,1.3189212689496534,-0.0014079125179203844,0.0,0.0
2015-10-20,1.3136433817173492,-0.004001669664867369,0.0,0.0
2015-10-21,1.3234023998898392,0.007428970684366432,0.0,0.0
2015-10-22,1.3259341605556973,0.001913069423229663,0.0,0.0
2015-10-23,1.317874745126193,-0.0060782923234489195,0.0,0.0
2015-10-26,1.3234135902193236,0.004202861549335024,0.0,0.0
2015-10-27,1.3252274788599192,0.001370613581423985,0.0,0.0
2015-10-28,1.3199670061317295,-0.003969486606718475,0.0,0.0
2015-10-29,1.304869931859142,-0.01143746336268714,0.0,0.0
2015-10-30,1.3114492827141881,0.0050421507112758945,0.0,0.0
2015-11-02,1.3043130410957242,-0.00544149263911653,1.0,0.0013056186597554804
2015-11-03,1.3066459265871266,0.0017885932424954731,0.0,0.0
2015-11-04,1.305968980059173,-0.0005180795456362075,0.0,0.0
2015-11-05,1.3043745918264893,-0.001220846939727016,0.0,0.0
2015-11-06,1.3005982621925172,-0.002895126643554291,0.0,0.0
2015-11-09,1.2925841677619763,-0.006161852328659068,0.0,0.0
2015-11-10,1.292570316987985,-1.0715568344976667e-05,0.0,0.0
2015-11-11,1.291716998740378,-0.000660171625784689,0.0,0.0
2015-11-12,1.28523269456496,-0.005019910848693132,0.0,0.0
2015-11-13,1.2746319375478734,-0.00824812274222042,0.0,0.0
2015-11-16,1.2837355015286984,0.007142111940438678,0.0,0.0
2015-11-17,1.284810786835199,0.0008376221622135027,0.0,0.0
2015-11-18,1.2971567988772676,0.009609206404999071,0.0,0.0
2015-11-19,1.299530651786589,0.0018300431461917288,0.0,0.0
2015-11-20,1.303799200286044,0.003284684738745103,0.0,0.0
2015-11-23,1.302146799263035,-0.0012673738583721672,0.0,0.0
2015-11-24,1.3018038024927892,-0.00026340868052654454,0.0,0.0
2015-11-25,1.3029936595206233,0.0009140064159864902,0.0,0.0
2015-11-27,1.3041295630697367,0.0008717644485940479,0.0,0.0
2015-11-30,1.3027613281571968,-0.0010491556600551455,0.0,0.0
2015-12-01,1.3141615358697831,0.008750802979938355,0.0027338079876047527,3.5926751254477118e-06
2015-12-02,1.3085302058825437,-0.004285112471742236,0.0,0.0
2015-12-03,1.2887718034227509,-0.015099691524863679,0.0,0.0
2015-12-04,1.3072764604012452,0.014358365793966987,0.0,0.0
2015-12-07,1.3054379629174089,-0.0014063570633499056,0.0,0.0
2015-12-08,1.3046484523363735,-0.0006047859825303314,0.0,0.0
2015-12-09,1.2945511039885695,-0.007739516595234197,0.0,0.0
2015-12-10,1.29593775671715,0.0010711456073908554,0.0,0.0
2015-12-11,1.2821736208838035,-0.010620985276494688,0.0,0.0
2015-12-14,1.2821704257057538,-2.492001081377815e-06,0.0,0.0
2015-12-15,1.2861066875046974,0.0030699989018829754,0.0,0.0
2015-12-16,1.2955229602487353,0.007321533147695014,0.0,0.0
2015-12-17,1.2867847352833406,-0.006744940254642007,0.0,0.0
2015-12-18,1.2744912776819755,-0.009553624055587018,0.0,0.0
2015-12-21,1.2819245777256194,0.005832366351822715,0.0,0.0
2015-12-22,1.2852567120196436,0.002599321638669272,0.0,0.0
2015-12-23,1.2905708740508408,0.004134708639526696,0.0,0.0
2015-12-24,1.2925613903322317,0.0015423533270537693,0.0,0.0
2015-12-28,1.291425935480032,-0.0008784533258477945,0.0,0.0
2015-12-29,1.2982176862228823,0.005259109760967995,0.0,0.0
2015-12-30,1.2923226941512098,-0.004540834818560935,0.0,0.0
2015-12-31,1.2853284654501946,-0.005412137953368479,0.0,0.0
2016-01-04,1.2714633500356831,-0.01078721570960861,0.014230107705642519,1.8093317884646677e-05
2016-01-05,1.2706954441911638,-0.0006039543684037696,0.0,0.0
2016-01-06,1.2671094832357985,-0.002822045968416731,0.0,0.0
2016-01-07,1.2479301457509533,-0.015136290698312238,0.0,0.0
2016-01-08,1.2434393977224656,-0.0035985572139419775,0.0,0.0
2016-01-11,1.2432329305753087,-0.00016604520295482317,0.0,0.0
2016-01-12,1.2517086521068566,0.006817484739264135,0.0,0.0
2016-01-13,1.2325281681984048,-0.01532344118271245,0.0,0.0
2016-01-14,1.2419466715655973,0.007641613076445619,0.0,0.0
2016-01-15,1.2222457376303364,-0.015862946764393704,0.0,0.0
2016-01-19,1.2206776784882944,-0.001282932796380254,0.0,0.0
2016-01-20,1.2198265557999401,-0.0006972542411100013,0.0,0.0
2016-01-21,1.218565837669488,-0.0010335224499400386,0.0,0.0
2016-01-22,1.2359092399372518,0.014232634570597424,0.0,0.0
2016-01-25,1.2262988866187547,-0.007775937753313422,0.0,0.0
2016-01-26,1.2334252803973638,0.005811302494336035,0.0,0.0
2016-01-27,1.2167750912425874,-0.01349914698473853,0.0,0.0
2016-01-28,1.2257443779388892,0.007371359555973678,0.0,0.0
2016-01-29,1.2414025565044344,0.012774424135540086,0.0,0.0
2016-02-01,1.2409683818602046,-0.0003497452473856244,0.023075488844679623,2.8636612856055734e-05
2016-02-02,1.228686192533267,-0.009897262095047599,0.0,0.0
2016-02-03,1.2242428626212911,-0.0036163260716838286,0.0,0.0
2016-02-04,1.2244566908722452,0.0001746616275926094,0.0,0.0
2016-02-05,1.20336947303957,-0.01722169349873337,0.0,0.0
2016-02-08,1.1976820734648665,-0.004726228894886164,0.0,0.0
2016-02-09,1.1937663403559227,-0.003269426165506295,0.0,0.0
2016-02-10,1.196730754883411,0.0024832451940339784,0.0,0.0
2016-02-11,1.197977296769932,0.0010416226719622834,0.0,0.0
2016-02-12,1.203212722664568,0.004370221296139842,0.0,0.0
2016-02-16,1.2133928290982579,0.008460770271067064,0.0,0.0
2016-02-17,1.2267186575975915,0.010982287170130167,0.0,0.0
2016-02-18,1.22479760469039,-0.0015660093659647378,0.0,0.0
2016-02-19,1.2261428026433703,0.001098302240165161,0.0,0.0
2016-02-22,1.2372061723780714,0.009022904763499096,0.0,0.0
2016-02-23,1.2283614909548937,-0.007148914724679267,0.0,0.0
2016-02-24,1.2347281308769515,0.005183034447871382,0.0,0.0
2016-02-25,1.244229919424317,0.007695449961617751,0.0,0.0
2016-02-26,1.2432388952925892,-0.0007964959821784579,0.0,0.0
2016-02-29,1.2381493445951428,-0.004093783356294289,0.0,0.0
2016-03-01,1.2530169290862379,0.01200790886494918,1.0014681285822902,0.0012561144776691595
2016-03-02,1.2568658470854657,0.003071720668638145,0.0,0.0
2016-03-03,1.2621251743579665,0.004184477830069699,0.0,0.0
2016-03-04,1.257966494609038,-0.0032949820140018016,0.0,0.0
2016-03-07,1.2584857351178789,0.0004127617953784135,0.0,0.0
2016-03-08,1.2687633986100812,0.008166690495891693,0.0,0.0
2016-03-09,1.2641955507574945,-0.0036002361493016055,0.0,0.0
2016-03-10,1.2642467211610897,4.047665217976615e-05,0.0,0.0
2016-03-11,1.2597180505570034,-0.0035821098273659535,0.0,0.0
2016-03-14,1.2635371212498554,0.0030316868851434364,0.0,0.0
2016-03-15,1.263902848465454,0.00028944714757317414,0.0,0.0
2016-03-16,1.268832705004665,0.003900502752404167,0.0,0.0
2016-03-17,1.273395359491043,0.003595946469839184,0.0,0.0
2016-03-18,1.2761959347019314,0.0021992974844888824,0.0,0.0
2016-03-21,1.2705972853819385,-0.004386982568864273,0.0,0.0
2016-03-22,1.2692425582602842,-0.0010662128254484982,0.0,0.0
2016-03-23,1.2795569377091747,0.008126405297209871,0.0,0.0
2016-03-24,1.279526006803378,-2.4173137501803943e-05,0.0,0.0
2016-03-28,1.2807400180670752,0.000948797646348698,0.0,0.0
2016-03-29,1.2902861127456793,0.007453577263097699,0.0,0.0
2016-03-30,1.2827849975763073,-0.005813528561824155,0.0,0.0
2016-03-31,1.2898547550634878,0.005511256758176986,0.0,0.0
2016-04-01,1.2923272716680827,0.001916895367396032,1.0,0.0012936208925606436
2016-04-04,1.2880712616476302,-0.0032932911916027097,0.0,0.0
2016-04-05,1.2984808122016696,0.008081502059695156,0.0,0.0
2016-04-06,1.2939587166886573,-0.0034826048028732126,0.0,0.0
2016-04-07,1.304926800235624,0.008476378268879259,0.0,0.0
2016-04-08,1.302464210967865,-0.0018871474379362763,0.0,0.0
2016-04-11,1.3112516588109924,0.006746786413883488,0.0,0.0
2016-04-12,1.308807434997548,-0.0018640386816827226,0.0,0.0
2016-04-13,1.3039626372633881,-0.003701688731749142,0.0,0.0
2016-04-14,1.294354761930426,-0.007368213672997559,0.0,0.0
2016-04-15,1.3015493174137622,0.0055584107965933605,0.0,0.0
2016-04-18,1.3012608983031888,-0.00022159675911981314,0.0,0.0
2016-04-19,1.3126247079229671,0.008732921764264434,0.0,0.0
2016-04-20,1.3074597472356198,-0.0039348342722576035,0.0,0.0
2016-04-21,1.3096746238861012,0.001694030470279717,0.0,0.0
2016-04-22,1.3019266780369956,-0.005915931871777191,0.0,0.0
2016-04-25,1.3022833503469498,0.00027395729419410486,0.0,0.0
2016-04-26,1.3046089707778603,0.001785802168392081,0.0,0.0
2016-04-27,1.3106188588752374,0.004606658571260525,0.0,0.0
2016-04-28,1.3236505794378055,0.00994318102041647,0.0,0.0
2016-04-29,1.3373987503561215,0.01038655603819194,0.0,0.0
2016-05-02,1.3342604175578332,-0.002346594684235148,0.02081865190675237,2.7778081488304156e-05
2016-05-03,1.3339141416732043,-0.00025952646130555923,0.0,0.0
2016-05-04,1.328740362255686,-0.003878645001115788,0.0,0.0
2016-05-05,1.3293186671719264,0.00043522792914840736,0.0,0.0
2016-05-06,1.333880100266728,0.0034314067856324737,0.0,0.0
2016-05-09,1.3195164788495526,-0.010768300250002416,0.0,0.0
2016-05-10,1.3224164527794393,0.0021977549931131435,0.0,0.0
2016-05-11,1.329310995825884,0.005213594425533596,0.0,0.0
2016-05-12,1.3227225777764464,-0.004956265366137469,0.0,0.0
2016-05-13,1.3269243195689306,0.003176585826143219,0.0,0.0
2016-05-16,1.3251851578709517,-0.0013106713565578243,0.0,0.0
2016-05-17,1.3272362088456946,0.0015477467149105362,0.0,0.0
2016-05-18,1.3100825477196016,-0.012924346858357305,0.0,0.0
2016-05-19,1.3103961875279295,0.0002394046152847107,0.0,0.0
2016-05-20,1.3099751860469382,-0.0003212780111834235,0.0,0.0
2016-05-23,1.3081346973158592,-0.001404979842887677,0.0,0.0
2016-05-24,1.2958154772300516,-0.009417394180496252,0.0,0.0
2016-05-25,1.2952526044722155,-0.0004343772456240069,0.0,0.0
2016-05-26,1.294979721375682,-0.00021067944244335113,0.0,0.0
2016-05-27,1.2892824443833284,-0.0043995105856184935,0.0,0.0
2016-05-31,1.2928326973416482,0.002753665788118198,0.0,0.0
2016-06-01,1.2913595440022718,-0.0011394771670034665,1.0,0.0012926521961984703
2016-06-02,1.297313606732108,0.004610693247662834,0.0,0.0
2016-06-03,1.3117742617381989,0.011146614766892604,0.0,0.0
2016-06-06,1.3053020320324524,-0.004933950828681644,0.0,0.0
2016-06-07,1.3078613718358731,0.0019607261312812874,0.0,0.0
2016-06-08,1.3135443580787034,0.004345251236262948,0.0,0.0
2016-06-09,1.3187230950651487,0.003942567264359598,0.0,0.0
2016-06-10,1.3226999882027601,0.0030157150902214713,0.0,0.0
2016-06-13,1.324695250867233,0.0015084771167073185,0.0,0.0
2016-06-14,1.3227368521728295,-0.0014783767761840094,0.0,0.0
2016-06-15,1.327749833417783,0.003789855281282062,0.0,0.0
2016-06-16,1.3319929518743021,0.003195721324699141,0.0,0.0
2016-06-17,1.3258339961360384,-0.004623865110995662,0.0,0.0
2016-06-20,1.317842004588448,-0.006027897588145925,0.0,0.0
2016-06-21,1.314176570440042,-0.002781391195335714,0.0,0.0
2016-06-22,1.3164582413271404,0.0017361981170720409,0.0,0.0
2016-06-23,1.3082328118175344,-0.006248150720917556,0.0,0.0
2016-06-24,1.3288968089585822,0.015795351526414647,0.0,0.0
2016-06-27,1.3484442091720872,0.014709494433073234,0.0,0.0
2016-06-28,1.3535111467306589,0.0037576175003062318,0.0,0.0
2016-06-29,1.3479971722464432,-0.004073830125104205,0.0,0.0
2016-06-30,1.3528524125445316,0.0036018178658321354,0.0,0.0
2016-07-01,1.3658548076412396,0.009611096507010863,0.020893100778091526,2.853753838195429e-05
2016-07-05,1.3767364107498485,0.007966881287624572,0.0,0.0
2016-07-06,1.379075087765595,0.0016987108043962085,0.0,0.0
2016-07-07,1.379136974336106,4.487541763298353e-05,0.0,0.0
2016-07-08,1.3880682288575132,0.0064759735164861,0.0,0.0
2016-07-11,1.3801703118160704,-0.005689862268473234,0.0,0.0
2016-07-12,1.3649169669195704,-0.01105178452681621,0.0,0.0
2016-07-13,1.3755973765745926,0.007824951930318846,0.0,0.0
2016-07-14,1.3639248768863923,-0.008485404150207265,0.0,0.0
2016-07-15,1.355485731692092,-0.006187397368662473,0.0,0.0
2016-07-18,1.3548541968045318,-0.0004659103912306728,0.0,0.0
2016-07-19,1.359864264035711,0.003697864495674663,0.0,0.0
2016-07-20,1.3559505252781219,-0.0028780363313425372,0.0,0.0
2016-07-21,1.358087552320395,0.0015760361476573337,0.0,0.0
2016-07-22,1.3588649822194159,0.0005724446098431812,0.0,0.0
2016-07-25,1.3579911438267098,-0.0006430649138362554,0.0,0.0
2016-07-26,1.3583936319213512,0.0002963849186137235,0.0,0.0
2016-07-27,1.3696288979582443,0.008270994336893045,0.0,0.0
2016-07-28,1.3676997870842196,-0.0014084916555867633,0.0,0.0
2016-07-29,1.375881448318656,0.005982059302560128,0.0,0.0
2016-08-01,1.3631793031647923,-0.009232005540438126,1.001919274424611,0.001367165407710828
2016-08-02,1.3616957382313268,-0.0010883123958976837,0.0,0.0
2016-08-03,1.358815324335363,-0.002115313880401204,0.0,0.0
2016-08-04,1.3650473606347173,0.004586374754349087,0.0,0.0
2016-08-05,1.345739154035812,-0.014144715528351726,0.0,0.0
2016-08-08,1.3464270781862777,0.0005111868436038502,0.0,0.0
2016-08-09,1.3558020628419427,0.0069628610472494135,0.0,0.0
2016-08-10,1.361600200691789,0.004276537120538659,0.0,0.0
2016-08-11,1.3508098981351293,-0.007924721626199505,0.0,0.0
2016-08-12,1.3550914636301599,0.0031696284584097345,0.0,0.0
2016-08-15,1.350975003891203,-0.0030377726149416473,0.0,0.0
2016-08-16,1.3524938015002377,0.0011242233236441468,0.0,0.0
2016-08-17,1.3566994781932376,0.0031095718799856176,0.0,0.0
2016-08-18,1.3609902923967958,0.0031626858213820164,0.0,0.0
2016-08-19,1.3514169086050543,-0.007034130842242914,0.0,0.0
2016-08-22,1.3561202160867376,0.0034802786998855417,0.0,0.0
2016-08-23,1.3567460663433168,0.0004615005728512145,0.0,0.0
2016-08-24,1.34764719332319,-0.006706393514484321,0.0,0.0
2016-08-25,1.344482525077893,-0.0023482913487863355,0.0,0.0
2016-08-26,1.339583123769929,-0.00364407957454127,0.0,0.0
2016-08-29,1.349923306792828,0.007718955874719491,0.0,0.0
2016-08-30,1.3405911261160046,-0.006913119160076531,0.0,0.0
2016-08-31,1.3402473663991374,-0.0002564239835475268,0.0,0.0
2016-09-01,1.3410053244042752,0.0005655359034013596,1.9980019980019978,0.002684695344152703
2016-09-02,1.3456287135889595,0.0034477038237996638,0.0,0.0
2016-09-06,1.3531748607188034,0.005607896928505163,0.0,0.0
2016-09-07,1.3563324346752217,0.0023334559694236923,0.0,0.0
2016-09-08,1.3432253423616554,-0.009663628162593363,0.0,0.0
2016-09-09,1.3114131981771207,-0.023683400827297252,0.0,0.0
2016-09-12,1.3191740727623489,0.00591794759730635,0.0,0.0
2016-09-13,1.300480213307821,-0.014170881493587029,0.0,0.0
2016-09-14,1.3029685312421533,0.0019133839245450979,0.0,0.0
2016-09-15,1.3058370375182524,0.002201516158923944,0.0,0.0
2016-09-16,1.3069010466796864,0.0008148100650109402,0.0,0.0
2016-09-19,1.312541026027112,0.004315536636652295,0.0,0.0
2016-09-20,1.3124204774967052,-9.184362851621941e-05,0.0,0.0
2016-09-21,1.3241526253637552,0.008939320947984442,0.0,0.0
2016-09-22,1.3386566835294738,0.010953464040245553,0.0,0.0
2016-09-23,1.3402220321289886,0.0011693428335841638,0.0,0.0
2016-09-26,1.3428507617863135,0.0019614135526104803,0.0,0.0
2016-09-27,1.3373283799023734,-0.004112431582936282,0.0,0.0
2016-09-28,1.3432391875009557,0.004419862531455321,0.0,0.0
2016-09-29,1.3339910641996244,-0.006884941555745594,0.0,0.0
2016-09-30,1.3282333103197606,-0.004316186243210285,0.0,0.0
2016-10-03,1.3139977098343005,-0.010717695735271815,0.014436596999304673,1.896992925611137e-05
2016-10-04,1.3019869873974805,-0.00914059617222207,0.0,0.0
2016-10-05,1.2881687333961545,-0.010613204383053909,0.0,0.0
2016-10-06,1.2884538643466668,0.0002213459643292115,0.0,0.0
2016-10-07,1.288928639146096,0.0003684841285875873,0.0,0.0
2016-10-10,1.2928650698389847,0.0030540330731549936,0.0,0.0
2016-10-11,1.2846521879554071,-0.006352466375010413,0.0,0.0
2016-10-12,1.2927654239937607,0.006315511789433126,0.0,0.0
2016-10-13,1.299391250913389,0.005125312602466625,0.0,0.0
2016-10-14,1.2934789304043766,-0.004550069507437748,0.0,0.0
2016-10-17,1.2970133683861857,0.002732505260603091,0.0,0.0
2016-10-18,1.3027130433809526,0.004394461255136317,0.0,0.0
2016-10-19,1.3049603436150967,0.001725092295316033,0.0,0.0
2016-10-20,1.3032793379266334,-0.0012881661091757035,0.0,0.0
2016-10-21,1.3012622219818537,-0.0015477234128400408,0.0,0.0
2016-10-24,1.3008516324817814,-0.0003155317146201764,0.0,0.0
2016-10-25,1.299210948008292,-0.001261238739700965,0.0,0.0
2016-10-26,1.2880633030838,-0.008580319417398341,0.0,0.0
2016-10-27,1.268441366208695,-0.015233674329613534,0.0,0.0
2016-10-28,1.2691569235781022,0.0005641233315702987,0.0,0.0
2016-10-31,1.2798580344172668,0.008431668803409398,0.0,0.0
2016-11-01,1.264036775604137,-0.01236172949473513,1.0,0.0012653020776818191
2016-11-02,1.2677310193661389,0.002922576172861957,0.0,0.0
2016-11-03,1.2615994090441371,-0.0048366808323957455,0.0,0.0
2016-11-04,1.2691318656435375,0.0059705612933882435,0.0,0.0
2016-11-07,1.2633093226183378,-0.004587815642188797,0.0,0.0
2016-11-08,1.2593363761800354,-0.0031448722550927455,0.0,0.0
2016-11-09,1.2234240955862643,-0.028516829397642218,0.0,0.0
2016-11-10,1.2140230933653067,-0.007684172851322391,0.0,0.0
2016-11-11,1.2080198512816605,-0.004944915888712709,0.0,0.0
2016-11-14,1.2012987023040744,-0.005563773617176193,0.0,0.0
2016-11-15,1.2060814598730905,0.0039813225135787444,0.0,0.0
2016-11-16,1.2122796290828517,0.005139096666334053,0.0,0.0
2016-11-17,1.1996143293792678,-0.010447506829068587,0.0,0.0
2016-11-18,1.1944645480203704,-0.004292864158735199,0.0,0.0
2016-11-21,1.1965407988900205,0.0017382272861017345,0.0,0.0
2016-11-22,1.1979215732795196,0.001153971841812762,0.0,0.0
2016-11-23,1.1933989763188875,-0.0037753698251303813,0.0,0.0
2016-11-25,1.1943197381120458,0.0007715456535739573,0.0,0.0
2016-11-28,1.2013932365549826,0.005922617049031187,0.0,0.0
2016-11-29,1.2046924644992445,0.002746168235241875,0.0,0.0
2016-11-30,1.1928332626037843,-0.009844173716476057,0.0,0.0
2016-12-01,1.1820912951808862,-0.009005422433852939,1.0,0.0011832745697506375
2016-12-02,1.1850905468645698,0.0025372420014520003,0.0,0.0
2016-12-05,1.1899187961419964,0.00407416065396915,0.0,0.0
2016-12-06,1.1917526543685388,0.0015411624999019935,0.0,0.0
2016-12-07,1.2020579759440873,0.008647198340840934,0.0,0.0
2016-12-08,1.2010900027193014,-0.0008052633434968426,0.0,0.0
2016-12-09,1.2024554788004678,0.001136864080189648,0.0,0.0
2016-12-12,1.2011947248422703,-0.001048482858970523,0.0,0.0
2016-12-13,1.2065850886079281,0.004487502029586032,0.0,0.0
2016-12-14,1.1977500347114112,-0.00732236290663113,0.0,0.0
2016-12-15,1.2006615586199048,0.002430827655283796,0.0,0.0
2016-12-16,1.1990087826215214,-0.0013765544391070028,0.0,0.0
2016-12-19,1.2031918690115475,0.003488787113702596,0.0,0.0
2016-12-20,1.2051905256733482,0.001661128796891287,0.0,0.0
2016-12-21,1.2053718407152232,0.00015044512715012281,0.0,0.0
2016-12-22,1.2043571162551285,-0.0008418352128523043,0.0,0.0
2016-12-23,1.2061709971415782,0.0015060988655006824,0.0,0.0
2016-12-27,1.2066131192049045,0.00036655006991059835,0.0,0.0
2016-12-28,1.2037490130617916,-0.0023736739618746006,0.0,0.0
2016-12-29,1.2059155929228358,0.001799860134907405,0.0,0.0
2016-12-30,1.2046160303199933,-0.001077656355444101,0.0,0.0
2017-01-03,1.2085389283799883,0.003256554753760854,1.0072642921564199,0.0012185455056143205
2017-01-04,1.2206772761786815,0.010043820280546845,0.0,0.0
2017-01-05,1.2168334874342173,-0.003148898418505186,0.0,0.0
2017-01-06,1.211409729848957,-0.004457271797061235,0.0,0.0
2017-01-09,1.2086261387040407,-0.002297811447546705,0.0,0.0
2017-01-10,1.2140172775082996,0.0044605512255755375,0.0,0.0
2017-01-11,1.216015144849215,0.0016456663162289775,0.0,0.0
2017-01-12,1.2112818567173447,-0.003892458208205274,0.0,0.0
2017-01-13,1.2144149333317664,0.002586579330852601,0.0,0.0
2017-01-17,1.208793685808321,-0.004628770092626744,0.0,0.0
2017-01-18,1.2067367188684253,-0.001701669163270192,0.0,0.0
2017-01-19,1.1997710369975847,-0.005772329425238976,0.0,0.0
2017-01-20,1.203929455295441,0.00346600990490864,0.0,0.0
2017-01-23,1.204215006811522,0.00023718293029961757,0.0,0.0
2017-01-24,1.2115521295913467,0.00609286775062845,0.0,0.0
2017-01-25,1.214941220782861,0.0027973135523746695,0.0,0.0
2017-01-26,1.2132100655225548,-0.0014248880774582195,0.0,0.0
2017-01-27,1.2118359191675805,-0.0011326532758220154,0.0,0.0
2017-01-30,1.2023335219474796,-0.007841323292866464,0.0,0.0
2017-01-31,1.2076068787735945,0.0043859351252000245,0.0,0.0
2017-02-01,1.2052996512659238,-0.0019105783084093497,1.0000498980099402,0.0012065664199451122
2017-02-02,1.204180805121888,-0.0009282721876344713,0.0,0.0
2017-02-03,1.2175232723074094,0.011080119471071237,0.0,0.0
2017-02-06,1.2118447701777733,-0.0046639783064470475,0.0,0.0
2017-02-07,1.2091958389352808,-0.002185866793899538,0.0,0.0
2017-02-08,1.2089200716239437,-0.00022805843557982541,0.0,0.0
2017-02-09,1.2209927524420545,0.009986334995574664,0.0,0.0
2017-02-10,1.228039562646456,0.005771377586236692,0.0,0.0
2017-02-13,1.2329810300307464,0.0040238666038099336,0.0,0.0
2017-02-14,1.2374944809132593,0.0036606004249719604,0.0,0.0
2017-02-15,1.2444256031024057,0.005600931798929176,0.0,0.0
2017-02-16,1.242157035899843,-0.0018229833884058078,0.0,0.0
2017-02-17,1.2427356086600128,0.0004657806891144034,0.0,0.0
2017-02-21,1.2513022388646025,0.0068933650447393635,0.0,0.0
2017-02-22,1.2479816931449483,-0.002653672003869456,0.0,0.0
2017-02-23,1.24470434014773,-0.0026261226548598415,0.0,0.0
2017-02-24,1.245052458046272,0.00027967918750948506,0.0,0.0
2017-02-27,1.2520521042296684,0.005621968888266826,0.0,0.0
2017-02-28,1.2407261034851242,-0.009045950009814119,0.0,0.0
2017-03-01,1.2594582059997312,0.015097693569910087,1.0061032452770442,0.0012684211509835163
2017-03-02,1.2490728265692914,-0.008245910329510386,0.0,0.0
2017-03-03,1.2497739092255595,0.0005612824499543478,0.0,0.0
2017-03-06,1.244122254115132,-0.0045221420200152185,0.0,0.0
2017-03-07,1.2390304498606795,-0.0040926880277324384,0.0,0.0
2017-03-08,1.2360945959531566,-0.002369476801682313,0.0,0.0
2017-03-09,1.2341509159790753,-0.001572436268587163,0.0,0.0
2017-03-10,1.239477829848342,0.004316258085049984,0.0,0.0
2017-03-13,1.2419677864027991,0.0020088754268092757,0.0,0.0
2017-03-14,1.2375183697833,-0.0035825539665454986,0.0,0.0
2017-03-15,1.2508205116795499,0.010749046010993135,0.0,0.0
2017-03-16,1.2511972042836845,0.00030115640143191236,0.0,0.0
2017-03-17,1.2534439100453105,0.0017956448063773944,0.0,0.0
2017-03-20,1.25132802432742,-0.0016880577590535628,0.0,0.0
2017-03-21,1.224273519514854,-0.02162063366806455,0.0,0.0
2017-03-22,1.2286328095846708,0.0035607158043771125,0.0,0.0
2017-03-23,1.2305480071081212,0.0015588038252842829,0.0,0.0
2017-03-24,1.2322805445043414,0.0014079397034592045,0.0,0.0
2017-03-27,1.234413988048528,0.0017312969467069284,0.0,0.0
2017-03-28,1.2429789082126632,0.006938450347338643,0.0,0.0
2017-03-29,1.2478871191987202,0.0039487484088645,0.0,0.0
2017-03-30,1.2535778393184058,0.004560284365576095,0.0,0.0
2017-03-31,1.2541359068296027,0.0004451797835707261,0.0,0.0
2017-04-03,1.2472044338615123,-0.005526891408135337,0.018527408055064375,2.310789360361151e-05
2017-04-04,1.2474609261264304,0.00020565374685532767,0.0,0.0
2017-04-05,1.237855777896383,-0.007699758789137423,0.0,0.0
2017-04-06,1.2439160331114398,0.004895768411208312,0.0,0.0
2017-04-07,1.2433109195713976,-0.0004864585100078367,0.0,0.0
2017-04-10,1.2449219339120192,0.0012957453483775083,0.0,0.0
2017-04-11,1.2471861170517875,0.0018187350371869915,0.0,0.0
2017-04-12,1.2361613144106443,-0.008839741310787463,0.0,0.0
2017-04-13,1.227658852133396,-0.00687811710181363,0.0,0.0
2017-04-17,1.2399470624385787,0.010009466623263075,0.0,0.0
2017-04-18,1.239141839605694,-0.0006494009762813002,0.0,0.0
2017-04-19,1.2422861640567189,0.002537501640672124,0.0,0.0
2017-04-20,1.2554019187868577,0.010557756424903753,0.0,0.0
2017-04-21,1.2538393938205117,-0.001244641212477915,0.0,0.0
2017-04-24,1.2692199974351703,0.012266805214815601,0.0,0.0
2017-04-25,1.2799812408658289,0.00847862738721794,0.0,0.0
2017-04-26,1.2823863659161594,0.0018790314838548206,0.0,0.0
2017-04-27,1.2860210384095305,0.0028343037558531403,0.0,0.0
2017-04-28,1.278488190859258,-0.005857483917672601,0.0,0.0
2017-05-01,1.287853029525929,0.007324931691685688,0.004300486602181721,5.538418516949539e-06
2017-05-02,1.2856637966579925,-0.001699908931955041,0.0,0.0
2017-05-03,1.2796392597312163,-0.004685934956274451,0.0,0.0
2017-05-04,1.2789988509215666,-0.0005004604264675638,0.0,0.0
2017-05-05,1.2854430625756343,0.005038481191304012,0.0,0.0
2017-05-08,1.2841807124218798,-0.000982035058966546,0.0,0.0
2017-05-09,1.2861575338686344,0.0015393639132192938,0.0,0.0
2017-05-10,1.2904928443583241,0.00337074609876864,0.0,0.0
2017-05-11,1.2855099843501039,-0.0038612070032033596,0.0,0.0
2017-05-12,1.2836042537076835,-0.0014824705102417512,0.0,0.0
2017-05-15,1.2905956294691698,0.005446675438548709,0.0,0.0
2017-05-16,1.2935482834827376,0.002287822727853328,0.0,0.0
2017-05-17,1.2596675690381693,-0.026192075608765242,0.0,0.0
2017-05-18,1.2675082851271984,0.006224432764444288,0.0,0.0
2017-05-19,1.2732231168188235,0.004508713480363191,0.0,0.0
2017-05-22,1.282903368931278,0.0076029503270729215,0.0,0.0
2017-05-23,1.285631886652026,0.002126830271730329,0.0,0.0
2017-05-24,1.2890500779554936,0.0026587636312982443,0.0,0.0
2017-05-25,1.2950499357387248,0.004654479981683446,0.0,0.0
2017-05-26,1.2960386996911617,0.0007634948469170677,0.0,0.0
2017-05-30,1.2916297191899488,-0.0034018895440880437,0.0,0.0
2017-05-31,1.2907506480104831,-0.0006805907036708803,0.0,0.0
2017-06-01,1.304134750576534,0.010369239470598535,1.0,0.001305440190767301
2017-06-02,1.313752922322383,0.007375136458557696,0.0,0.0
2017-06-05,1.3131326094362605,-0.0004721686061225361,0.0,0.0
2017-06-06,1.308422056799687,-0.00358726346655569,0.0,0.0
2017-06-07,1.312202467155867,0.002889289687936447,0.0,0.0
2017-06-08,1.3132134793108912,0.0007704696343207029,0.0,0.0
2017-06-09,1.2957179429268133,-0.01332269022494248,0.0,0.0
2017-06-12,1.2921364554425434,-0.0027640949975423768,0.0,0.0
2017-06-13,1.3005196087176447,0.006487823511047264,0.0,0.0
2017-06-14,1.2968846311289424,-0.0027950194401809014,0.0,0.0
2017-06-15,1.2927750813634358,-0.003168785925028006,0.0,0.0
2017-06-16,1.29014289168643,-0.0020360770523436544,0.0,0.0
2017-06-19,1.3062301459210905,0.012469358501546957,0.0,0.0
2017-06-20,1.296716676090726,-0.007283149803326672,0.0,0.0
2017-06-21,1.3029169266805338,0.00478149984813947,0.0,0.0
2017-06-22,1.3024363462445727,-0.00036884963739436394,0.0,0.0
2017-06-23,1.305706336345955,0.0025106717198202233,0.0,0.0
2017-06-26,1.3030944839157073,-0.0020003367966774377,0.0,0.0
2017-06-27,1.286062310930153,-0.01307055873214491,0.0,0.0
2017-06-28,1.3010517660537781,0.011655310163614097,0.0,0.0
2017-06-29,1.2840881864718305,-0.01303835867607317,0.0,0.0
2017-06-30,1.2855301524368707,0.0011229493271813773,0.0,0.0
2017-07-03,1.2786471968351094,-0.0053541767096740855,1.0180073082279952,0.0013029986531749248
2017-07-05,1.2826428348993608,0.003124894868687278,0.0,0.0
2017-07-06,1.268502892316624,-0.011024068585582802,0.0,0.0
2017-07-07,1.281503821594079,0.010249034003944502,0.0,0.0
2017-07-10,1.282972482906322,0.001146045206807278,0.0,0.0
2017-07-11,1.2866557085758252,0.0028708532089165573,0.0,0.0
2017-07-12,1.2992813859374204,0.00981278618471304,0.0,0.0
2017-07-13,1.301278880757321,0.0015373843122208353,0.0,0.0
2017-07-14,1.3075742158263148,0.004837806224389007,0.0,0.0
2017-07-17,1.309394083357783,0.0013917890926888887,0.0,0.0
2017-07-18,1.3121816331475458,0.002128885279987225,0.0,0.0
2017-07-19,1.3224959318905545,0.00786041999251852,0.0,0.0
2017-07-20,1.3238397711659107,0.001016138683644252,0.0,0.0
2017-07-21,1.3206214314908093,-0.0024310643517432284,0.0,0.0
2017-07-24,1.324623023447407,0.003030082551424673,0.0,0.0
2017-07-25,1.3287600370829455,0.0031231630149171075,0.0,0.0
2017-07-26,1.3273516486256693,-0.0010599268626170222,0.0,0.0
2017-07-27,1.3189680481790265,-0.006316035735762449,0.0,0.0
2017-07-28,1.3166876700551793,-0.0017289108155390531,0.0,0.0
2017-07-31,1.3117908895944494,-0.0037190144421452853,0.0,0.0
2017-08-01,1.3132452186988435,0.0011086592504416792,1.0,0.0013145597784773205
2017-08-02,1.3153215781486158,0.0015810904317090646,0.0,0.0
2017-08-03,1.3131508784436792,-0.0016503186300584893,0.0,0.0
2017-08-04,1.3152178836877866,0.0015740805402020275,0.0,0.0
2017-08-07,1.3196726183687295,0.003387069729049008,0.0,0.0
2017-08-08,1.3150170477636318,-0.003527822385867574,0.0,0.0
2017-08-09,1.3130743671677383,-0.0014773044951754688,0.0,0.0
2017-08-10,1.2896725375443767,-0.017822166214270574,0.0,0.0
2017-08-11,1.2933961514612764,0.002887255336916583,0.0,0.0
2017-08-14,1.3064492444815632,0.010092107515195181,0.0,0.0
2017-08-15,1.3064187944003323,-2.330751183754476e-05,0.0,0.0
2017-08-16,1.3112698100704505,0.0037132163827640063,0.0,0.0
2017-08-17,1.290459292577148,-0.01587050760528408,0.0,0.0
2017-08-18,1.2917584547999876,0.0010067440564087704,0.0,0.0
2017-08-21,1.290740031199866,-0.0007884009555635396,0.0,0.0
2017-08-22,1.303695430940758,0.010037187526328317,0.0,0.0
2017-08-23,1.3014607624529209,-0.0017141031829992492,0.0,0.0
2017-08-24,1.298076159752865,-0.0026006183188164167,0.0,0.0
2017-08-25,1.3006065829363196,0.001949364191340175,0.0,0.0
2017-08-28,1.3026190200804133,0.0015473065956272958,0.0,0.0
2017-08-29,1.3025460984871526,-5.598075272705838e-05,0.0,0.0
2017-08-30,1.309352042674903,0.0052251081137590916,0.0,0.0
2017-08-31,1.3214176322476496,0.009214931645195712,0.0,0.0
2017-09-01,1.3213665934291965,-3.8624290464750466e-05,0.010734895790377766,1.41848849546112e-05
2017-09-05,1.3110006674717685,-0.007844852449710005,0.0,0.0
2017-09-06,1.3170351925903296,0.004602991644694354,0.0,0.0
2017-09-07,1.3239980511847835,0.005286767304037987,0.0,0.0
2017-09-08,1.3183952411494297,-0.004231735862707753,0.0,0.0
2017-09-11,1.3311337639063927,0.009662142549799357,0.0,0.0
2017-09-12,1.3347888904662177,0.0027458747264426098,0.0,0.0
2017-09-13,1.3320448358946624,-0.0020557966815238915,0.0,0.0
2017-09-14,1.3293366481153666,-0.002033105572964322,0.0,0.0
2017-09-15,1.3321908859742664,0.0021471143994611364,0.0,0.0
2017-09-18,1.3322122826080944,1.6061237209541446e-05,0.0,0.0
2017-09-19,1.336502349896936,0.0032202580210736187,0.0,0.0
2017-09-20,1.3329820474558924,-0.00263396651813963,0.0,0.0
2017-09-21,1.3275648022775561,-0.004064004604319771,0.0,0.0
2017-09-22,1.329001160086868,0.0010819493005898018,0.0,0.0
2017-09-25,1.3182614958071586,-0.00808100444322224,0.0,0.0
2017-09-26,1.3184597447984405,0.00015038669635170088,0.0,0.0
2017-09-27,1.324803482240279,0.004811476017273719,0.0,0.0
2017-09-28,1.3263520703150609,0.0011689190853900744,0.0,0.0
2017-09-29,1.3350132538565544,0.006530078804367623,0.0,0.0
2017-10-02,1.3336630573948112,-0.001011373076516553,1.0098976945877194,0.0013482248161534485
2017-10-03,1.336509930751021,0.0021346271387099325,0.0,0.0
2017-10-04,1.337944185483185,0.0010731343622401024,0.0,0.0
2017-10-05,1.3484582105611178,0.007858343563215131,0.0,0.0
2017-10-06,1.3486082419296346,0.00011126141495654274,0.0,0.0
2017-10-09,1.3467198169288448,-0.00140027692407374,0.0,0.0
2017-10-10,1.3489941529064762,0.0016887966962704226,0.0,0.0
2017-10-11,1.3520663870481788,0.0022774258398996494,0.0,0.0
2017-10-12,1.3498257898998314,-0.0016571650399793691,0.0,0.0
2017-10-13,1.3532557749112037,0.0025410575476016994,0.0,0.0
2017-10-16,1.3564907077849282,0.002390481484504825,0.0,0.0
2017-10-17,1.3578361666006216,0.0009918673294049274,0.0,0.0
2017-10-18,1.3576724887109957,-0.00012054318013610121,0.0,0.0
2017-10-19,1.3553382235566416,-0.0017193138800141172,0.0,0.0
2017-10-20,1.3606589920327572,0.003925786481659976,0.0,0.0
2017-10-23,1.3535730286344112,-0.005207743776976748,0.0,0.0
2017-10-24,1.355907676446703,0.0017248037327155519,0.0,0.0
2017-10-25,1.349986096351866,-0.00436724431736768,0.0,0.0
2017-10-26,1.3487052785316274,-0.0009487637122336245,0.0,0.0
2017-10-27,1.3738333780642997,0.01863127544071741,0.0,0.0
2017-10-30,1.3728538304105404,-0.0007130032428964705,0.0,0.0
2017-10-31,1.3765216677060783,0.002671688139181505,0.0,0.0
2017-11-01,1.377174780896485,0.00047446633476910804,0.011764182359777588,1.620152586145821e-05
2017-11-02,1.376129386730907,-0.0007590860507170616,0.0,0.0
2017-11-03,1.3850390837096032,0.006474461678245058,0.0,0.0
2017-11-06,1.3884628015284108,0.0024719286690724207,0.0,0.0
2017-11-07,1.3883889906007145,-5.3160176574418294e-05,0.0,0.0
2017-11-08,1.39237245440356,0.0028691266135163485,0.0,0.0
2017-11-09,1.3861917869933253,-0.004438946914446351,0.0,0.0
2017-11-10,1.3859326576652546,-0.00018693612998010867,0.0,0.0
2017-11-13,1.387434540429895,0.0010836621507788191,0.0,0.0
2017-11-14,1.3832944374668297,-0.002983998770696883,0.0,0.0
2017-11-15,1.376585260586968,-0.004850143756919834,0.0,0.0
2017-11-16,1.3912432533910426,0.010648082050380703,0.0,0.0
2017-11-17,1.3865396776973768,-0.0033808434881543725,0.0,0.0
2017-11-20,1.3871731934204479,0.00045690414292587356,0.0,0.0
2017-11-21,1.3992527349270267,0.008708026916807388,0.0,0.0
2017-11-22,1.3994980622826851,0.00017532740836223581,0.0,0.0
2017-11-24,1.4036832710504017,0.002990507011414012,0.0,0.0
2017-11-27,1.4030187061539925,-0.00047344362515044924,0.0,0.0
2017-11-28,1.4118894844356702,0.0063226372127245245,0.0,0.0
2017-11-29,1.3991024661876987,-0.009056670786865784,0.0,0.0
2017-11-30,1.4110931201720578,0.008570247193567804,0.0,0.0
2017-12-01,1.4052210845067987,-0.0041613381720286835,1.004554293787143,0.0014130403499123293
2017-12-04,1.3946104765090288,-0.007550845994809374,0.0,0.0
2017-12-05,1.3935560304020786,-0.0007560864662293776,0.0,0.0
2017-12-06,1.3952854681847446,0.0012410249354430913,0.0,0.0
2017-12-07,1.3994612877699484,0.0029928066194486735,0.0,0.0
2017-12-08,1.4062767944321162,0.004870093029174294,0.0,0.0
2017-12-11,1.4135454277608934,0.005168707439073161,0.0,0.0
2017-12-12,1.4134960721127852,-3.491620936901807e-05,0.0,0.0
2017-12-13,1.4175772442451293,0.0028872893337750227,0.0,0.0
2017-12-14,1.4131527315008692,-0.0031211792953238504,0.0,0.0
2017-12-15,1.421001194374091,0.005553867390459821,0.0,0.0
2017-12-18,1.4353637412131102,0.010107343256207102,0.0,0.0
2017-12-19,1.428466999513407,-0.004804873846036006,0.0,0.0
2017-12-20,1.4264716551120962,-0.0013968431906306034,0.0,0.0
2017-12-21,1.429104889344999,0.0018459772568673039,0.0,0.0
2017-12-22,1.4301149288131572,0.0007067637062112553,0.0,0.0
2017-12-26,1.4260378945531507,-0.0028508437873521197,0.0,0.0
2017-12-27,1.4274505511200823,0.0009906164291477726,0.0,0.0
2017-12-28,1.4287232796235714,0.0008916095219482223,0.0,0.0
2017-12-29,1.4248110353418908,-0.0027382799296945537,0.0,0.0
2018-01-02,1.4425382110593112,0.012441773173919035,0.001441261621604798,2.0790779577932367e-06
2018-01-03,1.453008919170439,0.007258530852668921,0.0,0.0
2018-01-04,1.4622257230607112,0.00634325348500564,0.0,0.0
2018-01-05,1.4736261038631815,0.007796594344276153,0.0,0.0
2018-01-08,1.4762892962581553,0.0018072375265287821,0.0,0.0
2018-01-09,1.4771495066655294,0.000582684172779846,0.0,0.0
2018-01-10,1.4739945535528718,-0.0021358387207395246,0.0,0.0
2018-01-11,1.484137951798338,0.006881571048561019,0.0,0.0
2018-01-12,1.49703261798687,0.008688320498042357,0.0,0.0
2018-01-16,1.494181003744949,-0.0019048444286776656,0.0,0.0
2018-01-17,1.5061057171257284,0.007980768963660845,0.0,0.0
2018-01-18,1.5053257756111853,-0.0005178531000011866,0.0,0.0
2018-01-19,1.5118670471226823,0.004345419189305533,0.0,0.0
2018-01-22,1.5238373773193001,0.007917581257822492,0.0,0.0
2018-01-23,1.532606468896331,0.00575461115966136,0.0,0.0
2018-01-24,1.5289247672432449,-0.0024022485405124083,0.0,0.0
2018-01-25,1.5256984879267672,-0.0021101622431657363,0.0,0.0
2018-01-26,1.54416045738661,0.012100667075399807,0.0,0.0
2018-01-29,1.533357083748324,-0.006996276576444638,0.0,0.0
2018-01-30,1.5206722165391229,-0.008272611346466396,0.0,0.0
2018-01-31,1.5228393835715905,0.0014251375206946193,0.0,0.0
2018-02-01,1.518414542531803,-0.002905651828763345,0.006788313876705572,1.0307544480506856e-05
2018-02-02,1.4878929480755307,-0.020100962946113854,0.0,0.0
2018-02-05,1.4273890094018578,-0.04066417463160232,0.0,0.0
2018-02-06,1.4603748305741926,0.02310920215516954,0.0,0.0
2018-02-07,1.4431929515388147,-0.01176538973122565,0.0,0.0
2018-02-08,1.393874099431816,-0.03417342916926813,0.0,0.0
2018-02-09,1.4088259055486008,0.01072679815406552,0.0,0.0
2018-02-12,1.4321118114574167,0.01652859009555785,0.0,0.0
2018-02-13,1.4336655488661645,0.001084927445131889,0.0,0.0
2018-02-14,1.4597916668990516,0.01822330044378151,0.0,0.0
2018-02-15,1.477953557839523,0.012441426644838716,0.0,0.0
2018-02-16,1.4778895945941033,-4.327825125527429e-05,0.0,0.0
2018-02-20,1.472512003697075,-0.0036386959599004065,0.0,0.0
2018-02-21,1.4669014366332092,-0.003810201240994404,0.0,0.0
2018-02-22,1.4706046803258601,0.00252453477798098,0.0,0.0
2018-02-23,1.4915793007930112,0.014262582424600545,0.0,0.0
2018-02-26,1.5085285046762462,0.011363260320268465,0.0,0.0
2018-02-27,1.4880203871927478,-0.013594782876111378,0.0,0.0
2018-02-28,1.4762690971679298,-0.007897264127534998,0.0,0.0
2018-03-01,1.451795972162932,-0.016577685634649453,0.02419185476151259,3.512248698001862e-05
2018-03-02,1.4619274913361,0.0069786108843334915,0.0,0.0
2018-03-05,1.4739355015916336,0.00821382067626275,0.0,0.0
2018-03-06,1.4813762419163545,0.005048212975863553,0.0,0.0
2018-03-07,1.482887159291626,0.001019941681606129,0.0,0.0
2018-03-08,1.4885678053260503,0.0038308012843930594,0.0,0.0
2018-03-09,1.5078596751599447,0.012960020877025968,0.0,0.0
2018-03-12,1.5127605882545383,0.0032502448174256404,0.0,0.0
2018-03-13,1.4973628741230063,-0.010178553203384455,0.0,0.0
2018-03-14,1.4990162653098125,0.0011042020711076184,0.0,0.0
2018-03-15,1.4979343730704948,-0.000721734823266984,0.0,0.0
2018-03-16,1.495158106350209,-0.0018533967643689087,0.0,0.0
2018-03-19,1.473065526268999,-0.014776082868680596,0.0,0.0
2018-03-20,1.475391556356032,0.0015790404741360398,0.0,0.0
2018-03-21,1.4733207098384953,-0.0014035911406808932,0.0,0.0
2018-03-22,1.4414498557734978,-0.02163198674407496,0.0,0.0
2018-03-23,1.414501253188241,-0.01869548390970277,0.0,0.0
2018-03-26,1.4533555391701602,0.02746854122210407,0.0,0.0
2018-03-27,1.4244805784774361,-0.01986778865494343,0.0,0.0
2018-03-28,1.4205936395053038,-0.0027286710895608746,0.0,0.0
2018-03-29,1.4399436802478154,0.013621094874991746,0.0,0.0
2018-04-02,1.4094004094121635,-0.021211434346095626,0.024539000177784237,3.458612560607643e-05
2018-04-03,1.4218424919046795,0.008827925981450102,0.0,0.0
2018-04-04,1.4355418147949366,0.00963490890745966,0.0,0.0
2018-04-05,1.4443828269312595,0.006158658734427558,0.0,0.0
2018-04-06,1.421449109912596,-0.015877866027657284,0.0,0.0
2018-04-09,1.4322787406150836,0.0076187255857183,0.0,0.0
2018-04-10,1.4557395514660771,0.01638005940164855,0.0,0.0
2018-04-11,1.4487561463324425,-0.004797152846882313,0.0,0.0
2018-04-12,1.4602709474075806,0.007948060206189878,0.0,0.0
2018-04-13,1.4571823366997683,-0.0021150942660986827,0.0,0.0
2018-04-16,1.4638843359507678,0.0045992866384712006,0.0,0.0
2018-04-17,1.4830258539130203,0.013075840414550566,0.0,0.0
2018-04-18,1.488361151704154,0.0035975757112096662,0.0,0.0
2018-04-19,1.4786588272979506,-0.006518797131391363,0.0,0.0
2018-04-20,1.4640627373419737,-0.00987116817383038,0.0,0.0
2018-04-23,1.4612817504426725,-0.001899499815390504,0.0,0.0
2018-04-24,1.442765237929005,-0.012671418436628112,0.0,0.0
2018-04-25,1.4423950962327297,-0.0002565501902490608,0.0,0.0
2018-04-26,1.4611198654608182,0.012981719971867811,0.0,0.0
2018-04-27,1.4622908384662328,0.0008014215897649279,0.0,0.0
2018-04-30,1.4547210174758836,-0.0051766863275222175,0.0,0.0
2018-05-01,1.4604805807293426,0.003959221860596163,0.010129308151321974,1.4793807702266089e-05
2018-05-02,1.4558629845906905,-0.0031616963618551486,0.0,0.0
2018-05-03,1.458052481831512,0.0015039171020869713,0.0,0.0
2018-05-04,1.4744147973046424,0.011222034650341994,0.0,0.0
2018-05-07,1.4806642638459457,0.004238608126239551,0.0,0.0
2018-05-08,1.4800048699345987,-0.0004453365475535209,0.0,0.0
2018-05-09,1.4898859762918444,0.006676401245681252,0.0,0.0
2018-05-10,1.5024569338470075,0.00843752995544711,0.0,0.0
2018-05-11,1.5037077533118675,0.0008325160187168112,0.0,0.0
2018-05-14,1.5063550913729054,0.001760540274669209,0.0,0.0
2018-05-15,1.4925344808555527,-0.0091748689246679,0.0,0.0
2018-05-16,1.4985499066070511,0.0040303429023966775,0.0,0.0
2018-05-17,1.4967736448112254,-0.0011853204140844786,0.0,0.0
2018-05-18,1.4901772736678622,-0.00440705992267465,0.0,0.0
2018-05-21,1.4990559493644136,0.005958133876714955,0.0,0.0
2018-05-22,1.497136473474209,-0.001280456470633018,0.0,0.0
2018-05-23,1.495322809331268,-0.0012114220547524424,0.0,0.0
2018-05-24,1.4928195013703225,-0.001674092005635286,0.0,0.0
2018-05-25,1.4888165741622394,-0.0026814542578045275,0.0,0.0
2018-05-29,1.4706382033462826,-0.012209946565234775,0.0,0.0
2018-05-30,1.4869433637219271,0.011087132333801764,0.0,0.0
2018-05-31,1.4818922043543954,-0.0033970085820137497,0.0,0.0
2018-06-01,1.4985856209223425,0.011264933116521547,1.0,0.0015000857066289712
2018-06-04,1.5093313346531483,0.007170570423725264,0.0,0.0
2018-06-05,1.5163384683354733,0.004642541714629633,0.0,0.0
2018-06-06,1.5262506521729313,0.006536920380539435,0.0,0.0
2018-06-07,1.515886184468166,-0.006790803129230083,0.0,0.0
2018-06-08,1.5182164382723782,0.0015372221398204378,0.0,0.0
2018-06-11,1.5213982751258697,0.0020957728906638717,0.0,0.0
2018-06-12,1.5288648924564314,0.004907733532131253,0.0,0.0
2018-06-13,1.525802914676261,-0.0020027785288800892,0.0,0.0
2018-06-14,1.537594068311539,0.007727835306815978,0.0,0.0
2018-06-15,1.5351336180628967,-0.0016001949404917948,0.0,0.0
2018-06-18,1.53830308652224,0.0020646205789842664,0.0,0.0
2018-06-19,1.5361750308045548,-0.0013833786958695748,0.0,0.0
2018-06-20,1.5478283220046753,0.007585913692411239,0.0,0.0
2018-06-21,1.5338628170466437,-0.009022644668979951,0.0,0.0
2018-06-22,1.5296065651624935,-0.002774858244719347,0.0,0.0
2018-06-25,1.4999049690505366,-0.019417801144702596,0.0,0.0
2018-06-26,1.5073380286355862,0.004955687019128074,0.0,0.0
2018-06-27,1.4850009578893089,-0.014818886223215921,0.0,0.0
2018-06-28,1.4936347328460418,0.0058139861195809495,0.0,0.0
2018-06-29,1.4951311287254065,0.0010018486089389267,0.0,0.0
2018-07-02,1.505294849343272,0.0067978790773555176,0.001981848347121192,2.9832720214936575e-06
2018-07-03,1.4995839620410116,-0.0037938662347459795,0.0,0.0
2018-07-05,1.5174298069594658,0.011900530660627462,0.0,0.0
2018-07-06,1.5356054122003018,0.011977888636084622,0.0,0.0
2018-07-09,1.5473428789356145,0.007643543479372461,0.0,0.0
2018-07-10,1.5443817809006313,-0.001913666373040801,0.0,0.0
2018-07-11,1.5339113777542752,-0.0067796727958355785,0.0,0.0
2018-07-12,1.5508630392323375,0.011051265232076446,0.0,0.0
2018-07-13,1.549225394405226,-0.0010559570933627027,0.0,0.0
2018-07-16,1.5443753471675452,-0.0031306272510094324,0.0,0.0
2018-07-17,1.5525126881543927,0.005269017665797238,0.0,0.0
2018-07-18,1.5531845601023293,0.00043276422348292876,0.0,0.0
2018-07-19,1.554715860472744,0.0009859101163829376,0.0,0.0
2018-07-20,1.5513810186438293,-0.0021449847613317363,0.0,0.0
2018-07-23,1.5548256147815107,0.002220341809191728,0.0,0.0
2018-07-24,1.549803475602766,-0.0032300337291847336,0.0,0.0
2018-07-25,1.5635736887583949,0.008885135033184222,0.0,0.0
2018-07-26,1.555631383351677,-0.005079584968601392,0.0,0.0
2018-07-27,1.5306632207912596,-0.016050179256876684,0.0,0.0
2018-07-30,1.514875471456788,-0.010314319387846993,0.0,0.0
2018-07-31,1.528361710592788,0.008902539773141038,0.0,0.0
2018-08-01,1.530764070780619,0.0015718531622328502,0.007937777031150768,1.2150960332767725e-05
2018-08-02,1.5467649431818455,0.010452866451893472,0.0,0.0
2018-08-03,1.546463792940283,-0.00019469683670436666,0.0,0.0
2018-08-06,1.5553385306551717,0.0057387297105839785,0.0,0.0
2018-08-07,1.5600375053145077,0.0030211909283548444,0.0,0.0
2018-08-08,1.5602954835109317,0.00016536666300992486,0.0,0.0
2018-08-09,1.5618057889639791,0.0009679611772310803,0.0,0.0
2018-08-10,1.5536292372346339,-0.005235319133225391,0.0,0.0
2018-08-13,1.5482396341397786,-0.0034690407245736576,0.0,0.0
2018-08-14,1.5607414178575771,0.008074837668617496,0.0,0.0
2018-08-15,1.5414056985425981,-0.012388803868305764,0.0,0.0
2018-08-16,1.5510660042092694,0.006267205107522988,0.0,0.0
2018-08-17,1.554563431428595,0.0022548538939246576,0.0,0.0
2018-08-20,1.5560421981663914,0.0009512424568212108,0.0,0.0
2018-08-21,1.5678519014015206,0.007589577743486231,0.0,0.0
2018-08-22,1.5728159160289161,0.003166124697720596,0.0,0.0
2018-08-23,1.5692917902222723,-0.0022406473451398456,0.0,0.0
2018-08-24,1.5808453754567124,0.007362292536306381,0.0,0.0
2018-08-27,1.5900372667979592,0.005814541690132735,0.0,0.0
2018-08-28,1.5919426573314874,0.0011983307393577114,0.0,0.0
2018-08-29,1.603455950384927,0.007232228497940252,0.0,0.0
2018-08-30,1.601383546513516,-0.0012924607445022884,0.0,0.0
2018-08-31,1.6054680594369153,0.0025506150180523157,0.0,0.0
2018-09-04,1.598447736207751,-0.004372757955475315,0.00485322429249481,7.757663033325321e-06
2018-09-05,1.585992307951233,-0.007792202381335156,0.0,0.0
2018-09-06,1.573557724638117,-0.007840254489745235,0.0,0.0
2018-09-07,1.5701299501113433,-0.002178359568958288,0.0,0.0
2018-09-10,1.5737274093665645,0.002291185678590546,0.0,0.0
2018-09-11,1.5810472004168878,0.004651244559100265,0.0,0.0
2018-09-12,1.5768228507264554,-0.0026718681702345703,0.0,0.0
2018-09-13,1.5853936849542274,0.005435508639301645,0.0,0.0
2018-09-14,1.5864121018632171,0.000642374773316412,0.0,0.0
2018-09-17,1.5665718775684288,-0.012506349561684726,0.0,0.0
2018-09-18,1.576316339914146,0.006220245930140367,0.0,0.0
2018-09-19,1.5728377629303023,-0.0022067759470368875,0.0,0.0
2018-09-20,1.5888095212745146,0.01015473987250659,0.0,0.0
2018-09-21,1.5806615767809993,-0.005128333122638384,0.0,0.0
2018-09-24,1.5799354825394405,-0.00045936097405330223,0.0,0.0
2018-09-25,1.5822183373133836,0.0014449037945991616,0.0,0.0
2018-09-26,1.5755674926699308,-0.004203493592891849,0.0,0.0
2018-09-27,1.58233492981765,0.004295237861407619,0.0,0.0
2018-09-28,1.584535409509563,0.0013906535528269703,0.0,0.0
2018-10-01,1.574268468512932,-0.0064794645389519845,1.0,0.0015758443128257586
2018-10-02,1.5720340685254504,-0.0014193258851156187,0.0,0.0
2018-10-03,1.5733115333082837,0.0008126190191486415,0.0,0.0
2018-10-04,1.5520654000319265,-0.01350408538077763,0.0,0.0
2018-10-05,1.5382661583840753,-0.008890889293432735,0.0,0.0
2018-10-08,1.533615506459899,-0.0030233077018749777,0.0,0.0
2018-10-09,1.5349344449608813,0.0008600190174308242,0.0,0.0
2018-10-10,1.4769795161805093,-0.03775726642309407,0.0,0.0
2018-10-11,1.4514339994798122,-0.017295782656998604,0.0,0.0
2018-10-12,1.4815892463872407,0.020776175091830495,0.0,0.0
2018-10-15,1.468486009992426,-0.008844041239342237,0.0,0.0
2018-10-16,1.505857551293083,0.02544902780575331,0.0,0.0
2018-10-17,1.5062883461468672,0.0002860794192747207,0.0,0.0
2018-10-18,1.4779834968333105,-0.0187911228191876,0.0,0.0
2018-10-19,1.4769025629206207,-0.0007313572276048674,0.0,0.0
2018-10-22,1.4773195183159031,0.0002823174701911402,0.0,0.0
2018-10-23,1.4708363306092003,-0.004388480370240755,0.0,0.0
2018-10-24,1.4149400286191267,-0.038003074051701,0.0,0.0
2018-10-25,1.451967428443686,0.02616888283293206,0.0,0.0
2018-10-26,1.4205484761567586,-0.021638882299587325,0.0,0.0
2018-10-29,1.402079727895991,-0.013001139046471821,0.0,0.0
2018-10-30,1.42400288046254,0.015636166852970534,0.0,0.0
2018-10-31,1.448208932085565,0.016998597373035107,0.0,0.0
2018-11-01,1.4654399473230242,0.011898155615326145,0.007163153115696695,1.0497245917913433e-05
2018-11-02,1.4496874901522143,-0.010749302419103213,0.0,0.0
2018-11-05,1.451917165619132,0.0015380387028680609,0.0,0.0
2018-11-06,1.4620027554202086,0.006946394766794928,0.0,0.0
2018-11-07,1.5005222912001468,0.026347102040082504,0.0,0.0
2018-11-08,1.494386661696777,-0.004088995904527715,0.0,0.0
2018-11-09,1.4745259786042446,-0.013290190284475534,0.0,0.0
2018-11-12,1.438520557728172,-0.02441830215168861,0.0,0.0
2018-11-13,1.437750317402139,-0.0005354392204510727,0.0,0.0
2018-11-14,1.427359579924448,-0.007227080635576533,0.0,0.0
2018-11-15,1.447221031749082,0.01391482013641232,0.0,0.0
2018-11-16,1.446610622110339,-0.0004217805195970703,0.0,0.0
2018-11-19,1.4110407343802986,-0.02458843256532317,0.0,0.0
2018-11-20,1.3853495975881513,-0.01820722546569875,0.0,0.0
2018-11-21,1.3929137604774577,0.005460111225697339,0.0,0.0
2018-11-23,1.383232004449676,-0.006950721790890402,0.0,0.0
2018-11-26,1.410288877826408,0.019560618384836026,0.0,0.0
2018-11-27,1.4150419194215889,0.0033702609939789685,0.0,0.0
2018-11-28,1.4539978635988662,0.027529887024972943,0.0,0.0
2018-11-29,1.4500480623438632,-0.002716511044401848,0.0,0.0
2018-11-30,1.4597178027514541,0.006668565448762154,0.0,0.0
2018-12-03,1.480618966520916,0.014318633183800777,1.0,0.001482101067588504
2018-12-04,1.4567639505175194,-0.016111515888149075,0.0,0.0
2018-12-06,1.4579339941443694,0.000803179970532808,0.0,0.0
2018-12-07,1.4413816937718877,-0.01135325771877338,0.0,0.0
2018-12-10,1.444963839148679,0.0024852163672324235,0.0,0.0
2018-12-11,1.4464502442584641,0.0010286797977316908,0.0,0.0
2018-12-12,1.4507723364732996,0.0029880683639078587,0.0,0.0
2018-12-13,1.452525679170559,0.0012085581267158307,0.0,0.0
2018-12-14,1.4387408917192803,-0.009490219449442172,0.0,0.0
2018-12-17,1.4259933127669062,-0.0088602326004239,0.0,0.0
2018-12-18,1.4279277225741223,0.0013565349780375602,0.0,0.0
2018-12-19,1.417202906675,-0.007510755432206806,0.0,0.0
2018-12-20,1.4038980245868897,-0.009388127857658635,0.0,0.0
2018-12-21,1.3897422691249761,-0.010083179272282972,0.0,0.0
2018-12-24,1.371054612686868,-0.013446850436429902,0.0,0.0
2018-12-26,1.4020212012782194,0.02258596288200798,0.0,0.0
2018-12-27,1.4070601193670558,0.0035940384383934543,0.0,0.0
2018-12-28,1.409736629696871,0.0019022004056366004,0.0,0.0
2018-12-31,1.4175864489652792,0.005568287794363469,0.0,0.0
2019-01-02,1.4191895073575957,0.0011308364251694236,1.0,0.0014206101174750712
2019-01-03,1.427577513524363,0.005910420083632628,0.0,0.0
2019-01-04,1.4188314107326505,-0.006126534432529862,0.0,0.0
2019-01-07,1.416803375213529,-0.0014293703281310632,0.0,0.0
2019-01-08,1.4165117586996594,-0.00020582708862171284,0.0,0.0
2019-01-09,1.4181045431086878,0.0011244413604378778,0.0,0.0
2019-01-10,1.411691766931653,-0.004522075758235045,0.0,0.0
2019-01-11,1.4157389471293054,0.002866900758689672,0.0,0.0
2019-01-14,1.4112436837005686,-0.003175206444558043,0.0,0.0
2019-01-15,1.4091263781590313,-0.001500311793059983,0.0,0.0
2019-01-16,1.411202982378133,0.001473682028303669,0.0,0.0
2019-01-17,1.4128194848567441,0.0011454783605169272,0.0,0.0
2019-01-18,1.4104138387683616,-0.0017027271453765591,0.0,0.0
2019-01-22,1.4163103683235956,0.00418070880556809,0.0,0.0
2019-01-23,1.4178385939533618,0.001079018881698257,0.0,0.0
2019-01-24,1.4243087719291083,0.00456340940593658,0.0,0.0
2019-01-25,1.4215659497444237,-0.0019257216122945398,0.0,0.0
2019-01-28,1.420744071697666,-0.0005781497839797423,0.0,0.0
2019-01-29,1.4258546457364178,0.0035971109368382326,0.0,0.0
2019-01-30,1.4286554281984194,0.00196428329519871,0.0,0.0
2019-01-31,1.4397756996434476,0.007783732330091109,0.0,0.0
2019-02-01,1.4323207661828747,-0.005177843647742542,1.0,0.0014337545207035779
2019-02-04,1.4366898238318702,0.003050334640220864,0.0,0.0
2019-02-05,1.4437394786324278,0.004906873205070106,0.0,0.0
2019-02-06,1.4376289877943722,-0.004232405450215748,0.0,0.0
2019-02-07,1.4434671952479872,0.004060997310976644,0.0,0.0
2019-02-08,1.445258025571773,0.0012406449759865268,0.0,0.0
2019-02-11,1.4456395882157747,0.000264010050281982,0.0,0.0
2019-02-12,1.4420478324867005,-0.002484544390145782,0.0,0.0
2019-02-13,1.443911643740031,0.001292475333579235,0.0,0.0
2019-02-14,1.4470474829264972,0.0021717666728857665,0.0,0.0
2019-02-15,1.452837358994754,0.004001165225447467,0.0,0.0
2019-02-19,1.453096687938416,0.00017849826207760877,0.0,0.0
2019-02-20,1.4478990223191217,-0.003576957860022656,0.0,0.0
2019-02-21,1.4465529025934003,-0.0009297055284734901,0.0,0.0
2019-02-22,1.454084460758825,0.005206555634378773,0.0,0.0
2019-02-25,1.4480475387497225,-0.004151699692844568,0.0,0.0
2019-02-26,1.44691242244823,-0.00078389436197146,0.0,0.0
2019-02-27,1.4412452653245524,-0.003916724354393497,0.0,0.0
2019-02-28,1.442158667977069,0.0006337593430434385,0.0,0.0
2019-03-01,1.4386528901170321,-0.0024309238212703033,0.0058033366555007935,8.349035504022683e-06
2019-03-04,1.4435371157996333,0.0033949993887711916,0.0,0.0
2019-03-05,1.4457622303007853,0.001541432136934917,0.0,0.0
2019-03-06,1.4430970251242488,-0.0018434602320341886,0.0,0.0
2019-03-07,1.4439178708165548,0.0005688083878041539,0.0,0.0
2019-03-08,1.4456255511239426,0.0011826713568010572,0.0,0.0
2019-03-11,1.4570024044028198,0.007869847949236952,0.0,0.0
2019-03-12,1.4623463800932879,0.0036677878322777246,0.0,0.0
2019-03-13,1.4647707658340097,0.0016578737935994958,0.0,0.0
2019-03-14,1.4644547823463767,-0.00021572214233334108,0.0,0.0
2019-03-15,1.4647518660680796,0.0002028630212991267,0.0,0.0
2019-03-18,1.4606836993289116,-0.0027773760412324044,0.0,0.0
2019-03-19,1.4585748191705394,-0.0014437623691844204,0.0,0.0
2019-03-20,1.4657294427700647,0.00490521535507793,0.0,0.0
2019-03-21,1.4801582688326325,0.009844126508981699,0.0,0.0
2019-03-22,1.4792316805766736,-0.0006260062018161872,0.0,0.0
2019-03-25,1.4816718236478414,0.0016496016839069316,0.0,0.0
2019-03-26,1.4879104401702685,0.004210525180311286,0.0,0.0
2019-03-27,1.4867601386202418,-0.0007730986482594737,0.0,0.0
2019-03-28,1.4949278375886195,0.005493622512611651,0.0,0.0
2019-03-29,1.4936748811841865,-0.0008381383856320701,0.0,0.0
2019-04-01,1.490467709557739,-0.0021471684814735603,0.008469106990664842,1.262303740422976e-05
2019-04-02,1.4967097524194561,0.0041879759096352664,0.0,0.0
2019-04-03,1.4942764079987856,-0.0016257957942326096,0.0,0.0
2019-04-04,1.4942729540019686,-2.311484540995501e-06,0.0,0.0
2019-04-05,1.5007034373664274,0.004303419497245553,0.0,0.0
2019-04-08,1.4954278423629255,-0.0035154147529374846,0.0,0.0
2019-04-09,1.4930570543738875,-0.0015853576627889998,0.0,0.0
2019-04-10,1.503575617031881,0.007044983731318011,0.0,0.0
2019-04-11,1.50230440897507,-0.0008454566849923628,0.0,0.0
2019-04-12,1.5054667222916271,0.002104975062087844,0.0,0.0
2019-04-15,1.500408756731409,-0.003359732556903583,0.0,0.0
2019-04-16,1.4813413975492202,-0.012708109771184195,0.0,0.0
2019-04-17,1.4745234955946631,-0.004602519018125695,0.0,0.0
2019-04-18,1.4807302262457704,0.004209312818446609,0.0,0.0
2019-04-22,1.4714680762297219,-0.0062551232168277515,0.0,0.0
2019-04-23,1.4841648380143568,0.008628635571331866,0.0,0.0
2019-04-24,1.4920909018900566,0.005340420196387363,0.0,0.0
2019-04-25,1.4901685262086686,-0.001288377054610379,0.0,0.0
2019-04-26,1.4986493960640463,0.005691215259360671,0.0,0.0
2019-04-29,1.4883943733913703,-0.006842843095662854,0.0,0.0
2019-04-30,1.4957454973235413,0.004938962457524676,0.0,0.0
2019-05-01,1.4960993013710173,0.00023654027246555742,0.0039978087624613955,5.981142807998644e-06
2019-05-02,1.4941680870712948,-0.0012908329667373764,0.0,0.0
2019-05-03,1.5038790335331402,0.006499232948335765,0.0,0.0
2019-05-06,1.5024740826128076,-0.0009342180381569642,0.0,0.0
2019-05-07,1.4888012006930285,-0.009100244774939426,0.0,0.0
2019-05-08,1.485507658383219,-0.0022122109441317095,0.0,0.0
2019-05-09,1.4880952658122695,0.0017419011032677734,0.0,0.0
2019-05-10,1.4964607693221692,0.005621618253945249,0.0,0.0
2019-05-13,1.496126525760641,-0.0002233560467338469,0.0,0.0
2019-05-14,1.499952964868167,0.0025575638434593984,0.0,0.0
2019-05-15,1.5071125279139963,0.004773191702353463,0.0,0.0
2019-05-16,1.5089313768769133,0.0012068435032084324,0.0,0.0
2019-05-17,1.5075297348355428,-0.0009288971406185009,0.0,0.0
2019-05-20,1.494827597416715,-0.008425795608080322,0.0,0.0
2019-05-21,1.5018313875026665,0.004685349734012911,0.0,0.0
2019-05-22,1.5050152328777702,0.0021199752526133153,0.0,0.0
2019-05-23,1.5083751206368494,0.0022324609649662097,0.0,0.0
2019-05-24,1.512274636942269,0.002585243055303943,0.0,0.0
2019-05-28,1.5052838415254524,-0.004622702283066604,0.0,0.0
2019-05-29,1.4956060318908706,-0.006429225749725931,0.0,0.0
2019-05-30,1.5030511558702537,0.004977998096176606,0.0,0.0
2019-05-31,1.5091208514389796,0.004038249493385715,0.0,0.0
2019-06-03,1.5117589760360688,0.0017481201684899084,1.0,0.0015132722482843538
2019-06-04,1.503391173987632,-0.005535142956701766,0.0,0.0
2019-06-05,1.4986676869490494,-0.0031418882326240682,0.0,0.0
2019-06-06,1.5025027287155026,0.0025589674080852554,0.0,0.0
2019-06-07,1.5123305725117575,0.0065409823279700685,0.0,0.0
2019-06-10,1.502501107565109,-0.006499547866921307,0.0,0.0
2019-06-11,1.5036455497288428,0.0007616913944166193,0.0,0.0
2019-06-12,1.505342187147936,0.0011283493103804165,0.0,0.0
2019-06-13,1.509850097917849,0.002994608673297039,0.0,0.0
2019-06-14,1.5120465236212768,0.0014547309739270098,0.0,0.0
2019-06-17,1.5137340762213163,0.001116071875882474,0.0,0.0
2019-06-18,1.5225684558857506,0.005836150353757841,0.0,0.0
2019-06-19,1.5285320605375146,0.0039168055982707894,0.0,0.0
2019-06-20,1.5347209598623424,0.00404891692140974,0.0,0.0
2019-06-21,1.523572786659773,-0.007263974034452003,0.0,0.0
2019-06-24,1.5311057174119695,0.00494425393926301,0.0,0.0
2019-06-25,1.5311313006406548,1.670898906214191e-05,0.0,0.0
2019-06-26,1.5247157506728501,-0.004190071723516042,0.0,0.0
2019-06-27,1.5345277236222157,0.0064352801137099735,0.0,0.0
2019-06-28,1.5360164128293543,0.0009701285836820617,0.0,0.0
2019-07-01,1.535694344022835,-0.0002096779720771602,0.015159802266227906,2.3281175534768032e-05
2019-07-02,1.5437179542067636,0.0052247442436430536,0.0,0.0
2019-07-03,1.5513353815793631,0.004934468341086129,0.0,0.0
2019-07-05,1.5342018131255193,-0.011044399977779618,0.0,0.0
2019-07-08,1.5341966417279167,-3.3707414228700827e-06,0.0,0.0
2019-07-09,1.5322995328850912,-0.0012365486869329034,0.0,0.0
2019-07-10,1.5297913026669598,-0.0016369059471086356,0.0,0.0
2019-07-11,1.5150606020201445,-0.009629222378983782,0.0,0.0
2019-07-12,1.5166733203361737,0.0010644579588954262,0.0,0.0
2019-07-15,1.5223256040444966,0.0037267641175819932,0.0,0.0
2019-07-16,1.5184543013687475,-0.0025430188295223477,0.0,0.0
2019-07-17,1.530658137163143,0.008037012232370078,0.0,0.0
2019-07-18,1.5325084097535546,0.0012088085154278172,0.0,0.0
2019-07-19,1.5295342924794493,-0.0019406857771068209,0.0,0.0
2019-07-22,1.533334617773031,0.0024846290222242384,0.0,0.0
2019-07-23,1.52958633692757,-0.0024445289384419366,0.0,0.0
2019-07-24,1.535058814389291,0.003577749963897592,0.0,0.0
2019-07-25,1.5289292109846784,-0.003993073976811257,0.0,0.0
2019-07-26,1.5317793725558781,0.001864155351812613,0.0,0.0
2019-07-29,1.531517300946169,-0.00017108965847478785,0.0,0.0
2019-07-30,1.5331285116368978,0.001052035579182542,0.0,0.0
2019-07-31,1.5399627066657968,0.00445767916846207,0.0,0.0
2019-08-01,1.561521697030297,0.013999683415176989,0.007914234519927612,1.235834672510753e-05
2019-08-02,1.5695495476474584,0.005141043273640511,0.0,0.0
2019-08-05,1.5837342648024337,0.009037444645335624,0.0,0.0
2019-08-06,1.5950138077889642,0.007122118424291113,0.0,0.0
2019-08-07,1.5951772850410495,0.00010249268770401443,0.0,0.0
2019-08-08,1.5990330293775779,0.0024171259036134263,0.0,0.0
2019-08-09,1.5951056065424227,-0.0024561236466039693,0.0,0.0
2019-08-12,1.6168960290560068,0.013660802409702022,0.0,0.0
2019-08-13,1.6134423804013034,-0.002135974479892666,0.0,0.0
2019-08-14,1.6342826477911863,0.012916648058233893,0.0,0.0
2019-08-15,1.647506755098501,0.008091689234532184,0.0,0.0
2019-08-16,1.6421321469250665,-0.0032622677611499062,0.0,0.0
2019-08-19,1.6274438203249866,-0.00894466783783765,0.0,0.0
2019-08-20,1.6406679435173048,0.00812570180743788,0.0,0.0
2019-08-21,1.6365048887427567,-0.002537414588367759,0.0,0.0
2019-08-22,1.6280282045959957,-0.00517974874689997,0.0,0.0
2019-08-23,1.6445865244569249,0.01017078193988552,0.0,0.0
2019-08-26,1.6412435464299162,-0.0020327164167374123,0.0,0.0
2019-08-27,1.6584831690365407,0.010504000240625144,0.0,0.0
2019-08-28,1.659580109364938,0.0006614117941483588,0.0,0.0
2019-08-29,1.654597958293353,-0.0030020551846042798,0.0,0.0
2019-08-30,1.6547045855580578,6.444300512420398e-05,0.0,0.0
2019-09-03,1.6533906044370297,-0.0007940880399415207,1.0,0.0016550456500871167
2019-09-04,1.6597873739292335,0.0038688797886219373,0.0,0.0
2019-09-05,1.6248277816415875,-0.021062693232137164,0.0,0.0
2019-09-06,1.6236921194756404,-0.0006989430995570922,0.0,0.0
2019-09-09,1.6061410987963969,-0.010809327993112072,0.0,0.0
2019-09-10,1.585182247792638,-0.013049196623798998,0.0,0.0
2019-09-11,1.5885997868963173,0.0021559281959144805,0.0,0.0
2019-09-12,1.5850782385486542,-0.002216762444959941,0.0,0.0
2019-09-13,1.5617075710324029,-0.014744172841367198,0.0,0.0
2019-09-16,1.5781146122685898,0.01050583447280129,0.0,0.0
2019-09-17,1.5839147248939556,0.0036753430836229395,0.0,0.0
2019-09-18,1.582180076991243,-0.0010951649577148892,0.0,0.0
2019-09-19,1.587771620435066,0.0035340752453767443,0.0,0.0
2019-09-20,1.6076328256627757,0.012508855160333177,0.0,0.0
2019-09-23,1.6120019676052428,0.002717748650514107,0.0,0.0
2019-09-24,1.6259157430436542,0.008631363806014036,0.0,0.0
2019-09-25,1.598921659993949,-0.016602387402420482,0.0,0.0
2019-09-26,1.6038052616602179,0.0030543095315171964,0.0,0.0
2019-09-27,1.6016300308895792,-0.0013562935741879834,0.0,0.0
2019-09-30,1.5911739468758768,-0.006528401573423825,0.0,0.0
2019-10-01,1.597889627552553,0.004220582350447533,0.008722863929662594,1.3938295377614304e-05
2019-10-02,1.6091685611015751,0.007058643697623657,0.0,0.0
2019-10-03,1.6201361268326084,0.006815672388929439,0.0,0.0
2019-10-04,1.6261034049920464,0.0036831955417870876,0.0,0.0
2019-10-07,1.6124319008439825,-0.008407524457604065,0.0,0.0
2019-10-08,1.6216446623586769,0.005713581770412812,0.0,0.0
2019-10-09,1.6178155390592601,-0.0023612591514637904,0.0,0.0
2019-10-10,1.5987299995382944,-0.011797104836849148,0.0,0.0
2019-10-11,1.5844515490992734,-0.008931120603944742,0.0,0.0
2019-10-14,1.5933444246568564,0.005612589140159274,0.0,0.0
2019-10-15,1.578200201195584,-0.009504676595290418,0.0,0.0
2019-10-16,1.583726023450123,0.003501344284681185,0.0,0.0
2019-10-17,1.5829742361260668,-0.0004746953153035305,0.0,0.0
2019-10-18,1.582115990468855,-0.0005421728526119329,0.0,0.0
2019-10-21,1.5724263316150517,-0.006124493344468296,0.0,0.0
2019-10-22,1.5792900068535598,0.004365021814063841,0.0,0.0
2019-10-23,1.5819588360331358,0.001689891766549767,0.0,0.0
2019-10-24,1.5861191886212072,0.002629874111328867,0.0,0.0
2019-10-25,1.5842152334783521,-0.001200385920877789,0.0,0.0
2019-10-28,1.5702073458843606,-0.008842161909550228,0.0,0.0
2019-10-29,1.5684781527880651,-0.0011012514371607773,0.0,0.0
2019-10-30,1.584093016898541,0.009955423403711139,0.0,0.0
2019-10-31,1.6026457010283246,0.011711865358833284,0.0,0.0
2019-11-01,1.5993351487249334,-0.002065679458202796,1.0180047519779019,0.001629789915285753
2019-11-04,1.585046501811449,-0.008934116732741137,0.0,0.0
2019-11-05,1.571592513117749,-0.008488071913552275,0.0,0.0
2019-11-06,1.5807675971555213,0.005838080775512511,0.0,0.0
2019-11-07,1.560335539758959,-0.012925402464807889,0.0,0.0
2019-11-08,1.5560265360516838,-0.002761587874836602,0.0,0.0
2019-11-11,1.5567894215263745,0.000490277933579808,0.0,0.0
2019-11-12,1.561068942265911,0.002748940017424095,0.0,0.0
2019-11-13,1.5679571725083308,0.004412508670130544,0.0,0.0
2019-11-14,1.580118907099139,0.007756420139558129,0.0,0.0
2019-11-15,1.5793908268424062,-0.00046077561217816587,0.0,0.0
2019-11-18,1.5816910060735538,0.0014563711476951458,0.0,0.0
2019-11-19,1.5898016822664953,0.0051278512438883705,0.0,0.0
2019-11-20,1.5991236836693439,0.005863625323102362,0.0,0.0
2019-11-21,1.592234931470756,-0.0043078295124621135,0.0,0.0
2019-11-22,1.5954545187370535,0.0020220554157315274,0.0,0.0
2019-11-25,1.6005469927597575,0.0031918641132655523,0.0,0.0
2019-11-26,1.6072824354298545,0.004208213005032269,0.0,0.0
2019-11-27,1.6048869206893908,-0.0014904130647225289,0.0,0.0
2019-11-29,1.6015496022705404,-0.0020794726256581075,0.0,0.0
2019-12-02,1.5874025650247816,-0.008833343173200725,0.006913240133274073,1.0974170987270435e-05
2019-12-03,1.6101652737693626,0.014339594281949308,0.0,0.0
2019-12-04,1.6010125830645683,-0.00568431753801768,0.0,0.0
2019-12-05,1.596235677247351,-0.0029836778722086565,0.0,0.0
2019-12-06,1.5913794186684154,-0.003042319281642669,0.0,0.0
2019-12-09,1.592976047606852,0.0010032987229233736,0.0,0.0
2019-12-10,1.59303394634111,3.6346267946241184e-05,0.0,0.0
2019-12-11,1.6024116030735072,0.0058866647217001855,0.0,0.0
2019-12-12,1.5855277518177546,-0.010536525836038924,0.0,0.0
2019-12-13,1.5998364988249247,0.009024595747860964,0.0,0.0
2019-12-16,1.5908519733757847,-0.005615902284851759,0.0,0.0
2019-12-17,1.5891371811544737,-0.001077908095793556,0.0,0.0
2019-12-18,1.5820905752651342,-0.004434233855267422,0.0,0.0
2019-12-19,1.5841323629385846,0.001290563072287032,0.0,0.0
2019-12-20,1.5849165957896547,0.0004950551288627203,0.0,0.0
2019-12-23,1.5841426059897872,-0.0004883473375971725,0.0,0.0
2019-12-24,1.587198487696697,0.001929044579291661,0.0,0.0
2019-12-26,1.5905355392293927,0.002102479027395354,0.0,0.0
2019-12-27,1.592524751211415,0.0012506554760707278,0.0,0.0
2019-12-30,1.591091953027758,-0.0008997023013720407,0.0,0.0
2019-12-31,1.580070437234019,-0.006927013723352471,0.0,0.0
2020-01-02,1.587377493622878,0.004624513070221159,1.9980019980019978,0.0031779329201659223
2020-01-03,1.5740974176485376,-0.008366047791210085,0.0,0.0
2020-01-06,1.5821694389106413,0.005128031576445924,0.0,0.0
2020-01-07,1.5798359474481112,-0.0014748682442866645,0.0,0.0
2020-01-08,1.5899863591986354,0.006424978344694576,0.0,0.0
2020-01-09,1.6021171777051428,0.007629511056070681,0.0,0.0
2020-01-10,1.5977643414253335,-0.0027169275383741587,0.0,0.0
2020-01-13,1.6124899802359933,0.009216402212057995,0.0,0.0
2020-01-14,1.608073876302052,-0.0027386861239876437,0.0,0.0
2020-01-15,1.61021221545594,0.0013297518138939424,0.0,0.0
2020-01-16,1.624629103189186,0.008953408497875515,0.0,0.0
2020-01-17,1.6311846348269252,0.004035094302367481,0.0,0.0
2020-01-21,1.6292293109968456,-0.0011987139826675763,0.0,0.0
2020-01-22,1.6314935486277693,0.0013897599408754235,0.0,0.0
2020-01-23,1.6350655525108353,0.0021894072986499147,0.0,0.0
2020-01-24,1.620918482360194,-0.008652295395078613,0.0,0.0
2020-01-27,1.5911536168394897,-0.01836296263175685,0.0,0.0
2020-01-28,1.611736090548786,0.012935566680343014,0.0,0.0
2020-01-29,1.6123983955940016,0.00041092648424223555,0.0,0.0
2020-01-30,1.617888366807647,0.0034048478518999836,0.0,0.0
2020-01-31,1.590391149298911,-0.016995744621733366,0.0,0.0
2020-02-03,1.6067750074800873,0.010301779023606183,1.0,0.0016083833908709577
2020-02-04,1.623195759190751,0.010219695747207602,0.0,0.0
2020-02-05,1.6254132648284083,0.0013661356771672573,0.0,0.0
2020-02-06,1.6321614111506992,0.0041516495947897525,0.0,0.0
2020-02-07,1.6316592607349372,-0.0003076597769874345,0.0,0.0
2020-02-10,1.6435726267980382,0.007301381084758418,0.0,0.0
2020-02-11,1.6425488352125241,-0.0006229062037304001,0.0,0.0
2020-02-12,1.6503446670768918,0.00474617965520574,0.0,0.0
2020-02-13,1.6487073688872242,-0.000992094695326573,0.0,0.0
2020-02-14,1.6530954673480531,0.002661538696094201,0.0,0.0
2020-02-18,1.6549583305224889,0.0011268938855806265,0.0,0.0
2020-02-19,1.6619797721280185,0.004242669725293302,0.0,0.0
2020-02-20,1.6567374476085726,-0.003154264935928519,0.0,0.0
2020-02-21,1.6420432984344564,-0.008869328809659294,0.0,0.0
2020-02-24,1.6100857138099969,-0.01946208401138283,0.0,0.0
2020-02-25,1.589136500259268,-0.013011241184890832,0.0,0.0
2020-02-26,1.5901331910140546,0.0006271901467393981,0.0,0.0
2020-02-27,1.5466675564277264,-0.027334587336429017,0.0,0.0
2020-02-28,1.5562849092535955,0.006218112474074333,0.0,0.0
2020-03-02,1.5922501967269627,0.02310970649366273,1.0,0.001593844040767731
2020-03-03,1.6136776079181594,0.013457314205545634,0.0,0.0
2020-03-04,1.6062409819115406,-0.0046084955074842116,0.0,0.0
2020-03-05,1.6258504717930142,0.012208311269792826,0.0,0.0
2020-03-06,1.6741382119590142,0.029699988408372846,0.0,0.0
2020-03-09,1.6778074556750955,0.0021917209044453045,0.0,0.0
2020-03-10,1.6145678064330613,-0.037691839446850395,0.0,0.0
2020-03-11,1.5581918146304035,-0.03491707909573949,0.0,0.0
2020-03-12,1.52748181843442,-0.019708739262802255,0.0,0.0
2020-03-13,1.5399609901441682,0.008169767757064683,0.0,0.0
2020-03-16,1.5809435929248605,0.026612753857391924,0.0,0.0
2020-03-17,1.4943735149470037,-0.0547584862390289,0.0,0.0
2020-03-18,1.4145609992325632,-0.053408679233231005,0.0,0.0
2020-03-19,1.4018798044085363,-0.008964756437443655,0.0,0.0
2020-03-20,1.4697599178382363,0.04842077988158122,0.0,0.0
2020-03-23,1.5514321584828297,0.055568422878696566,0.0,0.0
2020-03-24,1.5496579544872366,-0.0011435910915550407,0.0,0.0
2020-03-25,1.5815959832412836,0.020609727883218465,0.0,0.0
2020-03-26,1.5863380297223046,0.0029982666441166206,0.0,0.0
2020-03-27,1.6073752370001495,0.013261490857360059,0.0,0.0
2020-03-30,1.6092454420985058,0.001163514937462029,0.0,0.0
2020-03-31,1.599784990852073,-0.005878811894657998,0.0,0.0
2020-04-01,1.5992904235793703,-0.00030914608871235316,1.0,0.001600891314894265
2020-04-02,1.6174736241725325,0.011369542595313309,0.0,0.0
2020-04-03,1.6234011961961046,0.003664710159712481,0.0,0.0
2020-04-06,1.6439280448415752,0.012644347369934472,0.0,0.0
2020-04-07,1.631008181146341,-0.007859141849775542,0.0,0.0
2020-04-08,1.6177778548597157,-0.008111747347169351,0.0,0.0
2020-04-09,1.640830848728414,0.014249789487134068,0.0,0.0
2020-04-13,1.6481562905644624,0.004464471058504005,0.0,0.0
2020-04-14,1.6547596479492208,0.004006511653392275,0.0,0.0
2020-04-15,1.671094706508679,0.009871559642938177,0.0,0.0
2020-04-16,1.6794894030772454,0.005023471462072271,0.0,0.0
2020-04-17,1.6517737599679827,-0.01650242214001507,0.0,0.0
2020-04-20,1.6642825872234979,0.007572966442908946,0.0,0.0
2020-04-21,1.6686472497568534,0.002622548939021918,0.0,0.0
2020-04-22,1.6769628108101093,0.004983414591950286,0.0,0.0
2020-04-23,1.6898863639346424,0.007706523389322983,0.0,0.0
2020-04-24,1.688055779737455,-0.001083258754112526,0.0,0.0
2020-04-27,1.6670537638523693,-0.012441541409462298,0.0,0.0
2020-04-28,1.6724405782987193,0.003231338162664743,0.0,0.0
2020-04-29,1.6729899431911228,0.00032848096340876154,0.0,0.0
2020-04-30,1.647882136024211,-0.015007745425546393,0.0,0.0
2020-05-01,1.6599110306310016,0.007299608596894158,0.030044483174115344,4.987266742883949e-05
2020-05-04,1.658915930228944,-0.0005994902038088945,0.0,0.0
2020-05-05,1.6571604946406624,-0.0010581823685540392,0.0,0.0
2020-05-06,1.6331647510219451,-0.014480035999120622,0.0,0.0
2020-05-07,1.659329866923168,0.01602111231267389,0.0,0.0
2020-05-08,1.6436169714561815,-0.009469422433842078,0.0,0.0
2020-05-11,1.6320972471612483,-0.007008764508392273,0.0,0.0
2020-05-12,1.643570194757673,0.007029573523501753,0.0,0.0
2020-05-13,1.6572527352487887,0.008324889642533861,0.0,0.0
2020-05-14,1.6726859906297478,0.009312553874676333,0.0,0.0
2020-05-15,1.6753402921120029,0.0015868498314233204,0.0,0.0
2020-05-18,1.650812458451424,-0.01464050842450515,0.0,0.0
2020-05-19,1.6619819251536831,0.006766042166132413,0.0,0.0
2020-05-20,1.6664290603018606,0.002675802354328294,0.0,0.0
2020-05-21,1.6559886995966977,-0.006265109601048202,0.0,0.0
2020-05-22,1.6658678062865293,0.005965684845698371,0.0,0.0
2020-05-26,1.64284611558074,-0.013819638400425216,0.0,0.0
2020-05-27,1.6428699429634828,1.4503721631031752e-05,0.0,0.0
2020-05-28,1.6427102134945908,-9.722587571592278e-05,0.0,0.0
2020-05-29,1.6546239519852186,0.0072524894486918345,0.0,0.0
2020-06-01,1.6530297089811847,-0.0009635077517892165,0.02851803078989311,4.714249654850089e-05
2020-06-02,1.644671278457414,-0.005056430914918253,0.0,0.0
2020-06-03,1.6185704544276338,-0.015869933628476218,0.0,0.0
2020-06-04,1.6152898648765919,-0.0020268438374541065,0.0,0.0
2020-06-05,1.5930711499372514,-0.013755249396700697,0.0,0.0
2020-06-08,1.6047626705348814,0.007338982064982069,0.0,0.0
2020-06-09,1.6216060635684468,0.010495877890748462,0.0,0.0
2020-06-10,1.6452408062744446,0.014574897835537115,0.0,0.0
2020-06-11,1.6547648881887664,0.005788868035609074,0.0,0.0
2020-06-12,1.6478792459966223,-0.004161100009609786,0.0,0.0
2020-06-15,1.6468733132657731,-0.0006104408034102171,0.0,0.0
2020-06-16,1.6337867557054122,-0.007946304949474237,0.0,0.0
2020-06-17,1.6387139685558327,0.0030158237194750637,0.0,0.0
2020-06-18,1.6457566595205004,0.004297693862263419,0.0,0.0
2020-06-19,1.655458628545446,0.005895141890400968,0.0,0.0
2020-06-22,1.6609136996610667,0.0032952023213130843,0.0,0.0
2020-06-23,1.6622795166314064,0.0008223286800623786,0.0,0.0
2020-06-24,1.6681616866511524,0.003538616677215778,0.0,0.0
2020-06-25,1.6700505918422732,0.0011323274034142905,0.0,0.0
2020-06-26,1.682700571507159,0.007574608653580617,0.0,0.0
2020-06-29,1.6805067182145896,-0.0013037692681142632,0.0,0.0
2020-06-30,1.680169386307742,-0.00020073225723604704,0.0,0.0
2020-07-01,1.6747520671698424,-0.0032242696373634416,0.004876244603772236,8.166540552243216e-06
2020-07-02,1.6774323142641867,0.0016003844072713935,0.0,0.0
2020-07-06,1.6790248118426887,0.0009493662217903154,0.0,0.0
2020-07-07,1.6960863832201087,0.010161595741218,0.0,0.0
2020-07-08,1.6979815101426254,0.0011173528313568326,0.0,0.0
2020-07-09,1.7090946171871892,0.0065448928496461,0.0,0.0
2020-07-10,1.7025787609067353,-0.0038124608286331796,0.0,0.0
2020-07-13,1.7064525413277263,0.002275243007805461,0.0,0.0
2020-07-14,1.7116528937389368,0.0030474638381472463,0.0,0.0
2020-07-15,1.7084097645983345,-0.0018947352891847125,0.0,0.0
2020-07-16,1.7043667220701908,-0.002366553160678242,0.0,0.0
2020-07-17,1.7095589549400911,0.0030464293879157722,0.0,0.0
2020-07-20,1.7157804096350904,0.003639216230023168,0.0,0.0
2020-07-21,1.7266458106912852,0.006332629161155623,0.0,0.0
2020-07-22,1.7424256816017911,0.00913903176482278,0.0,0.0
2020-07-23,1.7602590043210267,0.010234768063589028,0.0,0.0
2020-07-24,1.7678461321318282,0.004310233773653138,0.0,0.0
2020-07-27,1.7823590661130406,0.008209387523851586,0.0,0.0
2020-07-28,1.7959926610503576,0.007649185395089297,0.0,0.0
2020-07-29,1.801442268943093,0.0030343152346448132,0.0,0.0
2020-07-30,1.8002958255990487,-0.000636403044276812,0.0,0.0
2020-07-31,1.808125178160929,0.004348925576870277,0.0,0.0
2020-08-03,1.8029644280640524,-0.0028541995649470353,1.0,0.0018047691972613144
2020-08-04,1.8254924565546167,0.012494993323164838,0.0,0.0
2020-08-05,1.8362814036189583,0.005910157023987006,0.0,0.0
2020-08-06,1.8606299764450256,0.013259717589080289,0.0,0.0
2020-08-07,1.8350644906007227,-0.01374023108729494,0.0,0.0
2020-08-10,1.827977524859954,-0.003861970942748094,0.0,0.0
2020-08-11,1.7612627525956004,-0.03649649481848238,0.0,0.0
2020-08-12,1.7795050930798149,0.010357534931872303,0.0,0.0
2020-08-13,1.8021212304391563,0.01270922878911196,0.0,0.0
2020-08-14,1.7972136657309388,-0.0027232156335129654,0.0,0.0
2020-08-17,1.827018776664104,0.016584066492195904,0.0,0.0
2020-08-18,1.8440452647478045,0.009319273726780652,0.0,0.0
2020-08-19,1.8089423691633373,-0.019035810159067856,0.0,0.0
2020-08-20,1.8278778976823493,0.010467734540249518,0.0,0.0
2020-08-21,1.8272319562806052,-0.000353383233400395,0.0,0.0
2020-08-24,1.8281201251936823,0.00048607343475159936,0.0,0.0
2020-08-25,1.836651159823052,0.0046665613007601525,0.0,0.0
2020-08-26,1.867456681061698,0.016772657711230154,0.0,0.0
2020-08-27,1.8541166767851291,-0.007143407615208819,0.0,0.0
2020-08-28,1.8743661326067078,0.010921349273816716,0.0,0.0
2020-08-31,1.8843671920090097,0.005335702149287913,0.0,0.0
2020-09-01,1.902196554918291,0.009461724331059296,0.05523168816936509,0.00010506733000409506
2020-09-02,1.8987132422679762,-0.0018312054247541232,0.0,0.0
2020-09-03,1.8424289782286225,-0.029643372567477955,0.0,0.0
2020-09-04,1.8328534396438658,-0.005197236201724853,0.0,0.0
2020-09-08,1.7878311819735335,-0.024564024976858168,0.0,0.0
2020-09-09,1.822024641171355,0.01912566440421748,0.0,0.0
2020-09-10,1.8014239259537184,-0.011306496494137841,0.0,0.0
2020-09-11,1.7953791342011356,-0.003355563155064911,0.0,0.0
2020-09-14,1.8177163350990906,0.012441495209809306,0.0,0.0
2020-09-15,1.8278223886120073,0.005559752816088226,0.0,0.0
2020-09-16,1.816382927098115,-0.006258519200314061,0.0,0.0
2020-09-17,1.7975881081419436,-0.010347388029130156,0.0,0.0
2020-09-18,1.7878808655826268,-0.005400148407384897,0.0,0.0
2020-09-21,1.7709962640067434,-0.009443918720155375,0.0,0.0
2020-09-22,1.7822857619857886,0.006374659398492133,0.0,0.0
2020-09-23,1.7360624743035187,-0.025934835293061398,0.0,0.0
2020-09-24,1.7433037107271834,0.004171069031700503,0.0,0.0
2020-09-25,1.7602997050070988,0.009749301957732825,0.0,0.0
2020-09-28,1.7872312202490566,0.015299392009981094,0.0,0.0
2020-09-29,1.7909254234747114,0.0020669979260656834,0.0,0.0
2020-09-30,1.7914191699569861,0.0002756934910872477,0.0,0.0
2020-10-01,1.813501586253254,0.012326772352669435,0.012901691346799265,2.3397539590603725e-05
2020-10-02,1.7871817877375578,-0.014513248135654355,0.0,0.0
2020-10-05,1.8103900226432024,0.012985939687212511,0.0,0.0
2020-10-06,1.7836206176130887,-0.014786540300873896,0.0,0.0
2020-10-07,1.7985066093678117,0.008345940615243741,0.0,0.0
2020-10-08,1.8064901711780483,0.004438994979864441,0.0,0.0
2020-10-09,1.836693246376067,0.01671920261726223,0.0,0.0
2020-10-12,1.8623901936053695,0.013990875874348996,0.0,0.0
2020-10-13,1.8479472267253978,-0.007755070301359246,0.0,0.0
2020-10-14,1.8428353770612733,-0.002766231410830322,0.0,0.0
2020-10-15,1.8398365911848913,-0.0016272673694620599,0.0,0.0
2020-10-16,1.831582600169448,-0.004486263103468113,0.0,0.0
2020-10-19,1.8169078814107,-0.008012043113638567,0.0,0.0
2020-10-20,1.823231473886295,0.0034804144669597914,0.0,0.0
2020-10-21,1.829374782125674,0.0033694614904187237,0.0,0.0
2020-10-22,1.8203614213657522,-0.004927017059592753,0.0,0.0
2020-10-23,1.821196478749862,0.0004587316421391652,0.0,0.0
2020-10-26,1.8070220019350187,-0.007783057446153818,0.0,0.0
2020-10-27,1.8164428321968695,0.005213456311966791,0.0,0.0
2020-10-28,1.7663755557403902,-0.027563364818878555,0.0,0.0
2020-10-29,1.7779313127945553,0.0065420725601705865,0.0,0.0
2020-10-30,1.7594702952122971,-0.010383425641590782,0.0,0.0
2020-11-02,1.770039344269144,0.006006949412903584,0.020004658841514675,3.54097415779621e-05
2020-11-03,1.790372141429551,0.011487200680729837,0.0,0.0
2020-11-04,1.8300642193457566,0.02216973611112638,0.0,0.0
2020-11-05,1.875029603289375,0.024570385819407736,0.0,0.0
2020-11-06,1.8770440647106734,0.0010743624622056025,0.0,0.0
2020-11-09,1.8169664542355948,-0.03200649979644399,0.0,0.0
2020-11-10,1.8029044003852963,-0.007739302956044081,0.0,0.0
2020-11-11,1.8199064243005474,0.009430352442213463,0.0,0.0
2020-11-12,1.8207214816519115,0.0004478567361931862,0.0,0.0
2020-11-13,1.8349844532556303,0.007833692164041617,0.0,0.0
2020-11-16,1.8423761856966334,0.004028226194444651,0.0,0.0
2020-11-17,1.8360935565120178,-0.003410068602379468,0.0,0.0
2020-11-18,1.8239888112701546,-0.006592662557379891,0.0,0.0
2020-11-19,1.8297887317431574,0.0031798004665193336,0.0,0.0
2020-11-20,1.8258690885012534,-0.0021421288555919515,0.0,0.0
2020-11-23,1.8086895965499021,-0.009408939589120702,0.0,0.0
2020-11-24,1.808931593507641,0.00013379684286385363,0.0,0.0
2020-11-25,1.8144670706957342,0.0030600809936429663,0.0,0.0
2020-11-27,1.8148597413595442,0.0002164110168498823,0.0,0.0
2020-11-30,1.8112880708347445,-0.0019680146313257874,0.0,0.0
2020-12-01,1.841188392148812,0.016507766928695933,0.08048701349632088,0.00014820368344001944
2020-12-02,1.8492956864275438,0.0044032942600022995,0.0,0.0
2020-12-03,1.8579032190354925,0.004654492340582239,0.0,0.0
2020-12-04,1.859014164674552,0.0005979566791622926,0.0,0.0
2020-12-07,1.8781648186589133,0.01030151052545314,0.0,0.0
2020-12-08,1.8846196358719443,0.003436768247868649,0.0,0.0
2020-12-09,1.847216227296641,-0.01984666182149697,0.0,0.0
2020-12-10,1.8491018185319013,0.0010207745078223418,0.0,0.0
2020-12-11,1.8488005095012383,-0.00016294885854484242,0.0,0.0
2020-12-14,1.8503046367473872,0.0008135692512085679,0.0,0.0
2020-12-15,1.873147188140479,0.012345292196449531,0.0,0.0
2020-12-16,1.8834674663204347,0.0055095927566699565,0.0,0.0
2020-12-17,1.8995489537774821,0.008538234795456567,0.0,0.0
2020-12-18,1.8950743127787602,-0.0023556334201462192,0.0,0.0
2020-12-21,1.8902854229663717,-0.0025270195369628823,0.0,0.0
2020-12-22,1.8853188302032833,-0.0026274300710071863,0.0,0.0
2020-12-23,1.8868529352654622,0.0008137112076760378,0.0,0.0
2020-12-24,1.8947726566903973,0.004197317807294265,0.0,0.0
2020-12-28,1.900792914345192,0.0031772981489559537,0.0,0.0
2020-12-29,1.9051057366843396,0.002268959604488696,0.0,0.0
2020-12-30,1.9124393397406412,0.0038494467341561034,0.0,0.0
2020-12-31,1.9183495039612297,0.003090379965405843,0.0,0.0
2021-01-04,1.926315643345882,0.0041526006435232965,0.024023631353352375,4.627820865656216e-05
2021-01-05,1.9371086600697418,0.0056029326040840655,0.0,0.0
2021-01-06,1.907967756575295,-0.015043504835396071,0.0,0.0
2021-01-07,1.9289163290985074,0.010979521247682866,0.0,0.0
2021-01-08,1.9090930799666093,-0.01027688388182324,0.0,0.0
2021-01-11,1.8929422808581973,-0.008459932770116363,0.0,0.0
2021-01-12,1.8973015619879794,0.0023029128642029217,0.0,0.0
2021-01-13,1.8999410372497416,0.0013911732929774434,0.0,0.0
2021-01-14,1.8942033398300926,-0.0030199344648897952,0.0,0.0
2021-01-15,1.8750921882511222,-0.010089281956753737,0.0,0.0
2021-01-19,1.8969199716063108,0.011640912106591905,0.0,0.0
2021-01-20,1.934681611076781,0.019906817385919373,0.0,0.0
2021-01-21,1.9421660203666893,0.0038685483167137935,0.0,0.0
2021-01-22,1.9319489511181152,-0.005260656988862911,0.0,0.0
2021-01-25,1.9411178471873871,0.0047459308197379535,0.0,0.0
2021-01-26,1.940341322884675,-0.00040003975226809985,0.0,0.0
2021-01-27,1.9060070872109582,-0.01769494638328517,0.0,0.0
2021-01-28,1.9127373734280722,0.0035310919158031417,0.0,0.0
2021-01-29,1.891317784818594,-0.011198394984612614,0.0,0.0
2021-02-01,1.924267209212565,0.017421410964594264,0.043449304797438054,8.361170535526238e-05
2021-02-02,1.9282563424998882,0.0020730661875985046,0.0,0.0
2021-02-03,1.9229413055648887,-0.002756395411674717,0.0,0.0
2021-02-04,1.9140275677330516,-0.004635470571068057,0.0,0.0
2021-02-05,1.9265364515408114,0.0065353728538901645,0.0,0.0
2021-02-08,1.9426044273984868,0.008340343544927187,0.0,0.0
2021-02-09,1.945487808163879,0.0014842861082395853,0.0,0.0
2021-02-10,1.9466992097084566,0.0006226723906952447,0.0,0.0
2021-02-11,1.9438764634611556,-0.0014500166400764902,0.0,0.0
2021-02-12,1.9465852279962592,0.001393485947291495,0.0,0.0
2021-02-16,1.930340395255294,-0.008345297450801592,0.0,0.0
2021-02-17,1.9149887156575232,-0.007952835487204601,0.0,0.0
2021-02-18,1.9105766390904884,-0.0023039700082618797,0.0,0.0
2021-02-19,1.9100600420561014,-0.00027038801993983785,0.0,0.0
2021-02-22,1.8982621918999847,-0.006176690730316903,0.0,0.0
2021-02-23,1.8932433683199887,-0.002643904304374556,0.0,0.0
2021-02-24,1.9004884720978885,0.003826821157350224,0.0,0.0
2021-02-25,1.8492076672892221,-0.026982960202888817,0.0,0.0
2021-02-26,1.8309728125185512,-0.009860901559748392,0.0,0.0
2021-03-01,1.8557686705779617,0.013542450160853647,1.0,0.0018576262968748375
2021-03-02,1.823032444167426,-0.017640251680906105,0.0,0.0
2021-03-03,1.7866862912512818,-0.019937194772605027,0.0,0.0
2021-03-04,1.747016956969393,-0.02220274173263337,0.0,0.0
2021-03-05,1.77870198292786,0.018136644771572286,0.0,0.0
2021-03-08,1.757867764535618,-0.01171315857980193,0.0,0.0
2021-03-09,1.8106698690885699,0.030037586227028124,0.0,0.0
2021-03-10,1.8240431950642484,0.007385844434695477,0.0,0.0
2021-03-11,1.8650964384156796,0.022506727616165456,0.0,0.0
2021-03-12,1.8633209962910495,-0.0009519304675410512,0.0,0.0
2021-03-15,1.8763911406313531,0.007014435175860534,0.0,0.0
2021-03-16,1.865319785146276,-0.005900345213392999,0.0,0.0
2021-03-17,1.87653420726876,0.006012064103852799,0.0,0.0
2021-03-18,1.8192426356899336,-0.030530523428194067,0.0,0.0
2021-03-19,1.8293744057287475,0.005569224159575281,0.0,0.0
2021-03-22,1.8391946355603108,0.005368080913787265,0.0,0.0
2021-03-23,1.80167103259362,-0.020402192482069315,0.0,0.0
2021-03-24,1.7657065132910397,-0.019961756975582334,0.0,0.0
2021-03-25,1.784790821181927,0.010808312563403755,0.0,0.0
2021-03-26,1.81444176629579,0.01661312057523201,0.0,0.0
2021-03-29,1.7886470567536767,-0.01421633365218078,0.0,0.0
2021-03-30,1.7989268439771011,0.005747241852219753,0.0,0.0
2021-03-31,1.824785310051741,0.0143743844621671,0.0,0.0
2021-04-01,1.851906140046729,0.014862477161337262,0.006383744122957818,1.1822170407503432e-05
2021-04-05,1.8754829777067046,0.012731119115670042,0.0,0.0
2021-04-06,1.872095417891901,-0.0018062333036719114,0.0,0.0
2021-04-07,1.8593964240847298,-0.00678330478553868,0.0,0.0
2021-04-08,1.8770060470835261,0.009470612490536823,0.0,0.0
2021-04-09,1.8829214426417122,0.003151505860824244,0.0,0.0
2021-04-12,1.8780661055117331,-0.0025786190650456398,0.0,0.0
2021-04-13,1.8868771197953462,0.004691535754654641,0.0,0.0
2021-04-14,1.8842311642641363,-0.001402293505735508,0.0,0.0
2021-04-15,1.902795042547857,0.009852229724143458,0.0,0.0
2021-04-16,1.9054261886832995,0.00138277958298616,0.0,0.0
2021-04-19,1.8844120289823179,-0.011028587633459042,0.0,0.0
2021-04-20,1.8585767759197602,-0.013709980972956393,0.0,0.0
2021-04-21,1.8887685896536437,0.016244587861560023,0.0,0.0
2021-04-22,1.8732925338183413,-0.008193727871205425,0.0,0.0
2021-04-23,1.9026307566593847,0.015661314136155458,0.0,0.0
2021-04-26,1.9186611461958987,0.008425381267703091,0.0,0.0
2021-04-27,1.915846221693713,-0.0014671295698913678,0.0,0.0
2021-04-28,1.914179389401398,-0.0008700240517433011,0.0,0.0
2021-04-29,1.9141420066193822,-1.9529403682327917e-05,0.0,0.0
2021-04-30,1.8949509993545042,-0.010025905705278282,0.0,0.0
2021-05-03,1.8943441857421872,-0.00032022654544827667,0.012583915909121014,2.3838567918845528e-05
2021-05-04,1.8659828417398845,-0.014971589754261605,0.0,0.0
2021-05-05,1.8591253032054675,-0.00367502764817651,0.0,0.0
2021-05-06,1.866908801650021,0.004186645424669955,0.0,0.0
2021-05-07,1.8862230132565223,0.010345557099217029,0.0,0.0
2021-05-10,1.8384284204137624,-0.02533878152628599,0.0,0.0
2021-05-11,1.8342271294297108,-0.0022852622040656634,0.0,0.0
2021-05-12,1.7807051281807147,-0.029179593077786836,0.0,0.0
2021-05-13,1.8039534423144854,0.013055678767838863,0.0,0.0
2021-05-14,1.84590344018423,0.023254479237514225,0.0,0.0
2021-05-17,1.8415825661386092,-0.0023407909382245906,0.0,0.0
2021-05-18,1.8283713627071867,-0.00717383172187791,0.0,0.0
2021-05-19,1.8223306868073161,-0.003303856111007142,0.0,0.0
2021-05-20,1.8459878978441764,0.012981843091446343,0.0,0.0
2021-05-21,1.8432497791555718,-0.0014832809531429847,0.0,0.0
2021-05-24,1.8647386581807446,0.011658148162110304,0.0,0.0
2021-05-25,1.8570654124530894,-0.004114917494734249,0.0,0.0
2021-05-26,1.8774755737024826,0.010990545143174213,0.0,0.0
2021-05-27,1.8835938597016693,0.0032587832752044577,0.0,0.0
2021-05-28,1.8859231118027249,0.0012365999650394421,0.0,0.0
2021-06-01,1.8916320604440542,0.0030271375357779906,1.0,0.0018935255860300852
2021-06-02,1.8942389657756271,0.001378124946222803,0.0,0.0
2021-06-03,1.882802206827808,-0.00603765372503362,0.0,0.0
2021-06-04,1.8954981444333503,0.006743107459456832,0.0,0.0
2021-06-07,1.9072230283424876,0.0061856477905666285,0.0,0.0
2021-06-08,1.917544990717226,0.00541203740797358,0.0,0.0
2021-06-09,1.9096970109776208,-0.004092722610210986,0.0,0.0
2021-06-10,1.9069995932202364,-0.001412484672635883,0.0,0.0
2021-06-11,1.9186283071336545,0.006097911061313521,0.0,0.0
2021-06-14,1.9179451677039334,-0.0003560561611548607,0.0,0.0
2021-06-15,1.913445788138219,-0.0023459375385068704,0.0,0.0
2021-06-16,1.9060695843512228,-0.0038549322027948696,0.0,0.0
2021-06-17,1.8950380580386195,-0.0057875779578939746,0.0,0.0
2021-06-18,1.8607769330428237,-0.018079386242646933,0.0,0.0
2021-06-21,1.8939365309189533,0.01782029714969946,0.0,0.0
2021-06-22,1.9033020797200495,0.004945017242236727,0.0,0.0
2021-06-23,1.9052640677152783,0.0010308337368691856,0.0,0.0
2021-06-24,1.924332321637106,0.010008194793015512,0.0,0.0
2021-06-25,1.9293665652050493,0.002616098847033177,0.0,0.0
2021-06-28,1.923668864097593,-0.002953145975581273,0.0,0.0
2021-06-29,1.9196200372807577,-0.0021047420855015986,0.0,0.0
2021-06-30,1.9205585733311632,0.000488917615037554,0.0,0.0
2021-07-01,1.9342949888321557,0.007152302299828772,0.006292649359044295,1.2171916715280902e-05
2021-07-02,1.932492172269729,-0.0009320277273298094,0.0,0.0
2021-07-06,1.9167986754289499,-0.008120859202418895,0.0,0.0
2021-07-07,1.9114591521678992,-0.002785646364168004,0.0,0.0
2021-07-08,1.894894622630461,-0.008665908198274286,0.0,0.0
2021-07-09,1.924791622636674,0.01577765837168843,0.0,0.0
2021-07-12,1.9290911142825493,0.0022337439519741764,0.0,0.0
2021-07-13,1.9078955945426146,-0.010987308781326033,0.0,0.0
2021-07-14,1.8950195458622972,-0.006748822481244976,0.0,0.0
2021-07-15,1.8864886045115776,-0.004501769582982096,0.0,0.0
2021-07-16,1.8676252113787157,-0.009999208629063339,0.0,0.0
2021-07-19,1.8398533969684592,-0.01487012182158054,0.0,0.0
2021-07-20,1.8809980333930632,0.022362997232495907,0.0,0.0
2021-07-21,1.9045559348927423,0.012524149989239453,0.0,0.0
2021-07-22,1.8918459962739977,-0.006673439401747139,0.0,0.0
2021-07-23,1.9061755731476988,0.0075743886669017435,0.0,0.0
2021-07-26,1.9112773165275647,0.002676428893400029,0.0,0.0
2021-07-27,1.8960190093334706,-0.007983303658840923,0.0,0.0
2021-07-28,1.9089899326852726,0.006841135710111912,0.0,0.0
2021-07-29,1.9201846712307722,0.005864220839421952,0.0,0.0
2021-07-30,1.9092323321361873,-0.0057037946707307885,0.0,0.0
2021-08-02,1.9025032258058252,-0.00352450889139988,0.03358836237309354,6.39041141988895e-05
2021-08-03,1.914177673771071,0.006136361719071948,0.0,0.0
2021-08-04,1.8975672212107875,-0.0086775918389852,0.0,0.0
2021-08-05,1.920563916749653,0.012119041308160883,0.0,0.0
2021-08-06,1.928032388881269,0.0038886871019920832,0.0,0.0
2021-08-09,1.9219303772837344,-0.0031648906069856597,0.0,0.0
2021-08-10,1.9250289375893264,0.0016122125661863773,0.0,0.0
2021-08-11,1.9321341006655812,0.003690938321764925,0.0,0.0
2021-08-12,1.932733106881141,0.0003100231062396208,0.0,0.0
2021-08-13,1.9257144849361185,-0.003631449122506347,0.0,0.0
2021-08-16,1.919088097050504,-0.0034410022552405772,0.0,0.0
2021-08-17,1.901171045873243,-0.009336231726307043,0.0,0.0
2021-08-18,1.8824322361187507,-0.00985645652197753,0.0,0.0
2021-08-19,1.872795873451491,-0.005119102022566491,0.0,0.0
2021-08-20,1.8958872215199403,0.012329879831427082,0.0,0.0
2021-08-23,1.9220971005230412,0.013824598164698942,0.0,0.0
2021-08-24,1.932982053916401,0.005663061137961112,0.0,0.0
2021-08-25,1.9383990942158005,0.002802426586643092,0.0,0.0
2021-08-26,1.922431663290228,-0.008237432102201958,0.0,0.0
2021-08-27,1.9579627632383025,0.01848237345782322,0.0,0.0
2021-08-30,1.9582448865059492,0.00014409021098038544,0.0,0.0
2021-08-31,1.9586912970907324,0.0002279646370377808,0.0,0.0
2021-09-01,1.963820786538593,0.0026188350637383895,1.0,0.0019657865731117045
2021-09-02,1.9758044129269994,0.006102199584886003,0.0,0.0
2021-09-03,1.9714060626167567,-0.0022261061274414518,0.0,0.0
2021-09-07,1.953502477944836,-0.009081632146426655,0.0,0.0
2021-09-08,1.9477339499027773,-0.0029529156513420363,0.0,0.0
2021-09-09,1.9273218731216741,-0.010479910144874816,0.0,0.0
2021-09-10,1.9038043404430132,-0.012202182212859847,0.0,0.0
2021-09-13,1.9156523671724162,0.006223342639635865,0.0,0.0
2021-09-14,1.901700722760769,-0.007282972970842572,0.0,0.0
2021-09-15,1.9133179277341343,0.006108850269825883,0.0,0.0
2021-09-16,1.9148095438732475,0.0007795965936929772,0.0,0.0
2021-09-17,1.907517003766447,-0.0038084937116248385,0.0,0.0
2021-09-20,1.8788936650780808,-0.015005548381403,0.0,0.0
2021-09-21,1.88076350420069,0.0009951809180919202,0.0,0.0
2021-09-22,1.9045233056314448,0.012633061720778382,0.0,0.0
2021-09-23,1.9195345367115495,0.007881883637610665,0.0,0.0
2021-09-24,1.9047066271325317,-0.007724742272374185,0.0,0.0
2021-09-27,1.9067586169382609,0.0010773259128196155,0.0,0.0
2021-09-28,1.8781885231324253,-0.014983592339397056,0.0,0.0
2021-09-29,1.8830491803454739,0.002587949587159688,0.0,0.0
2021-09-30,1.8587711246476304,-0.012892948283692363,0.0,0.0
2021-10-01,1.8869153630059423,0.015141314594957045,0.02020601566382973,3.812781179238202e-05
2021-10-04,1.878524334426475,-0.004446955461796631,0.0,0.0
2021-10-05,1.8752606509692293,-0.0017373655466870197,0.0,0.0
2021-10-06,1.8793368679130058,0.002173680198360506,0.0,0.0
2021-10-07,1.896284768876157,0.009018021863196779,0.0,0.0
2021-10-08,1.8801968534433162,-0.008483913227007256,0.0,0.0
2021-10-11,1.877182710390898,-0.0016030997216585074,0.0,0.0
2021-10-12,1.8946577365551973,0.009309177027664095,0.0,0.0
2021-10-13,1.9060610512639298,0.00601866737654988,0.0,0.0
2021-10-14,1.9317673112179181,0.013486587922743709,0.0,0.0
2021-10-15,1.9280224114220732,-0.0019385874137625159,0.0,0.0
2021-10-18,1.9299385810571876,0.0009938523659074328,0.0,0.0
2021-10-19,1.9339608826680668,0.0020841604237351596,0.0,0.0
2021-10-20,1.9556832892527838,0.011232081672070349,0.0,0.0
2021-10-21,1.9595162395795955,0.00195990339942842,0.0,0.0
2021-10-22,1.9618855439108072,0.0012091271730005904,0.0,0.0
2021-10-25,1.9742528429767794,0.006303782146903192,0.0,0.0
2021-10-26,1.9696521636278899,-0.0023303394827344226,0.0,0.0
2021-10-27,1.9433670492824875,-0.013345053929211481,0.0,0.0
2021-10-28,1.9761909703883234,0.01689023240254839,0.0,0.0
2021-10-29,1.9646020913409914,-0.005864250581539054,0.0,0.0
2021-11-01,1.992628000424775,0.014265437875337739,1.0,0.0019946226230478223
2021-11-02,2.001384147901451,0.00439427102038592,0.0,0.0
2021-11-03,2.0108555686995366,0.004732435203914642,0.0,0.0
2021-11-04,2.0060517824278246,-0.002388926557673532,0.0,0.0
2021-11-05,2.014651654605851,0.004286964201700938,0.0,0.0
2021-11-08,2.014699883895153,2.3939269695461007e-05,0.0,0.0
2021-11-09,2.0130706751672895,-0.0008086607543320579,0.0,0.0
2021-11-10,2.000290347370001,-0.006348673176229447,0.0,0.0
2021-11-11,2.0022514986569324,0.000980433310349138,0.0,0.0
2021-11-12,2.0091042367472842,0.0034225161499183976,0.0,0.0
2021-11-15,2.0164520851353216,0.003657275841463248,0.0,0.0
2021-11-16,2.0138214474222518,-0.0013045872661503477,0.0,0.0
2021-11-17,2.0144439401236145,0.0003091101756611536,0.0,0.0
2021-11-18,2.0180687476371353,0.0017994084825703194,0.0,0.0
2021-11-19,2.0103397485890504,-0.003829898786716024,0.0,0.0
2021-11-22,2.002571347022261,-0.003864223235023778,0.0,0.0
2021-11-23,2.0119152440889,0.004665949645456191,0.0,0.0
2021-11-24,2.026714801313701,0.007355954615027915,0.0,0.0
2021-11-26,1.9759454221076698,-0.02505008557352162,0.0,0.0
2021-11-29,1.99541197984083,0.009851768938231142,0.0,0.0
2021-11-30,1.9571039480485357,-0.019198056431108612,0.0,0.0
2021-12-01,1.9301221938447097,-0.013786571853135365,0.010964461910779346,2.1162983318285218e-05
2021-12-02,1.9738607025731807,0.022661005022353464,0.0,0.0
2021-12-03,1.9620254541719406,-0.005995989679419278,0.0,0.0
2021-12-06,1.9909034601172357,0.014718466513209849,0.0,0.0
2021-12-07,2.025757450512499,0.017506620031295217,0.0,0.0
2021-12-08,2.0357681825294627,0.004941722916744551,0.0,0.0
2021-12-09,2.0140849942795964,-0.010651108724434755,0.0,0.0
2021-12-10,2.026614620801568,0.006221001873087717,0.0,0.0
2021-12-13,2.0272423795430035,0.000309757333728955,0.0,0.0
2021-12-14,2.0072200367155593,-0.00987663982831588,0.0,0.0
2021-12-15,2.0369785508185307,0.014825735872817214,0.0,0.0
2021-12-16,2.0277206078951364,-0.004544938835842949,0.0,0.0
2021-12-17,2.0157991845576717,-0.0058792238393432505,0.0,0.0
2021-12-20,1.9972894346306995,-0.009182338235261156,0.0,0.0
2021-12-21,2.0261498723143716,0.014449802408837309,0.0,0.0
2021-12-22,2.046675099511449,0.010130162372259388,0.0,0.0
2021-12-23,2.0518274437653314,0.002517421673382536,0.0,0.0
2021-12-27,2.0838029637778126,0.015583922570897357,0.0,0.0
2021-12-28,2.0868617742361533,0.0014678981225726417,0.0,0.0
2021-12-29,2.0953181887796966,0.004052215938757486,0.0,0.0
2021-12-30,2.0971199792693964,0.0008599125895762949,0.0,0.0
2021-12-31,2.097509787856869,0.00018587805720526873,0.0,0.0
2022-01-03,2.0949363001382992,-0.0012269252489159888,0.019611705730176492,4.108608000988722e-05
2022-01-04,2.0933110757871916,-0.0007757870017338631,0.0,0.0
2022-01-05,2.043263832237888,-0.023908173098679653,0.0,0.0
2022-01-06,2.043208972371117,-2.684913514616749e-05,0.0,0.0
2022-01-07,2.0324180229211795,-0.00528137336702017,0.0,0.0
2022-01-10,2.025321931847634,-0.0034914525424972753,0.0,0.0
2022-01-11,2.0361661538870344,0.005354320154676628,0.0,0.0
2022-01-12,2.040134072767515,0.0019487205761208326,0.0,0.0
2022-01-13,2.0239012976375914,-0.00795671977964818,0.0,0.0
2022-01-14,2.0152177217866467,-0.00429051350531795,0.0,0.0
2022-01-18,1.986705805791517,-0.014148305509070092,0.0,0.0
2022-01-19,1.9630261874224888,-0.01191903617536072,0.0,0.0
2022-01-20,1.93959498522955,-0.011936265722315542,0.0,0.0
2022-01-21,1.9179990205171396,-0.011134265079497774,0.0,0.0
2022-01-24,1.9238974004421836,0.0030752778609102194,0.0,0.0
2022-01-25,1.9083004828290537,-0.008106938347931192,0.0,0.0
2022-01-26,1.8909859676844936,-0.009073264562031391,0.0,0.0
2022-01-27,1.8707314945004452,-0.010711064772653933,0.0,0.0
2022-01-28,1.9241558875350957,0.028558022993522503,0.0,0.0
2022-01-31,1.953349013012424,0.015171912871740245,0.0,0.0
2022-02-01,1.9565270181308634,0.0016269520179286179,0.015229448341899614,2.97972809483064e-05
2022-02-02,1.9785055140121632,0.011233423140916576,0.0,0.0
2022-02-03,1.9447530205101333,-0.01705959031349069,0.0,0.0
2022-02-04,1.939585258700378,-0.002657284372490576,0.0,0.0
2022-02-07,1.9350892031237312,-0.002318049983355386,0.0,0.0
2022-02-08,1.9385090496730917,0.0017672810864945987,0.0,0.0
2022-02-09,1.9745725690039566,0.018603740507142197,0.0,0.0
2022-02-10,1.93353166243666,-0.020784704098264162,0.0,0.0
2022-02-11,1.9056169379638113,-0.014437169566527963,0.0,0.0
2022-02-14,1.8938203374489246,-0.006190436430257296,0.0,0.0
2022-02-15,1.917613375040938,0.012563513614002098,0.0,0.0
2022-02-16,1.9231289882234248,0.0028762905256483062,0.0,0.0
2022-02-17,1.8923596311927313,-0.0159996324838918,0.0,0.0
2022-02-18,1.8805181935296937,-0.00625749855780533,0.0,0.0
2022-02-22,1.8670343602326236,-0.007170275375938395,0.0,0.0
2022-02-23,1.835051715656043,-0.017130185313030677,0.0,0.0
2022-02-24,1.8642913022395071,0.015933930544846042,0.0,0.0
2022-02-25,1.907342076706615,0.023092300229793805,0.0,0.0
2022-02-28,1.8905992573109252,-0.008778089468145844,0.0,0.0
2022-03-01,1.8712328354349272,-0.01024353617040108,0.007449009409241425,1.3938934829293493e-05
2022-03-02,1.9059646785113198,0.018560941438546363,0.0,0.0
2022-03-03,1.9090176196771644,0.0016017826564493909,0.0,0.0
2022-03-04,1.9057176095284802,-0.0017286431066269037,0.0,0.0
2022-03-07,1.858916788544569,-0.024558109108038795,0.0,0.0
2022-03-08,1.8474107131320974,-0.006189666736766797,0.0,0.0
2022-03-09,1.8861873871373867,0.020989741874749335,0.0,0.0
2022-03-10,1.8843727234524414,-0.0009620802775588411,0.0,0.0
2022-03-11,1.864987257932071,-0.010287489984918463,0.0,0.0
2022-03-14,1.850877172360332,-0.007565781220073675,0.0,0.0
2022-03-15,1.8771599617738965,0.01420018022052072,0.0,0.0
2022-03-16,1.9090051722550203,0.01696456941849034,0.0,0.0
2022-03-17,1.9357238061952597,0.013996103482882605,0.0,0.0
2022-03-18,1.9462357222112663,0.00543048341006247,0.0,0.0
2022-03-21,1.9399897047180572,-0.003209281086523519,0.0,0.0
2022-03-22,1.9538162282304885,0.007127111797967434,0.0,0.0
2022-03-23,1.9302679153686704,-0.012052470709154162,0.0,0.0
2022-03-24,1.9509573451094298,0.01071842389133204,0.0,0.0
2022-03-25,1.9678415209304743,0.008654302905888311,0.0,0.0
2022-03-28,1.9852918353517441,0.008867743787120963,0.0,0.0
2022-03-29,2.026654171098275,0.02083438566058593,0.0,0.0
2022-03-30,2.0130554207038767,-0.006709951104794998,0.0,0.0
2022-03-31,1.9852864965579986,-0.013794416120033293,0.0,0.0
2022-04-01,2.007510361717874,0.011194286163939582,0.015118800513612729,3.035160756772375e-05
2022-04-04,2.011203143049553,0.001839483074209003,0.0,0.0
2022-04-05,1.9935095027538223,-0.008797540097765677,0.0,0.0
2022-04-06,1.9953255480242174,0.0009109789885055619,0.0,0.0
2022-04-07,1.9903180429790202,-0.002509618067164876,0.0,0.0
2022-04-08,1.9892940640980603,-0.0005144800272358641,0.0,0.0
2022-04-11,1.9616193479797892,-0.013911827626559958,0.0,0.0
2022-04-12,1.9565534469094943,-0.0025825097389624574,0.0,0.0
2022-04-13,1.9746742828603838,0.009261610501626105,0.0,0.0
2022-04-14,1.9581708280718597,-0.008357557968810103,0.0,0.0
2022-04-18,1.9545723552085525,-0.0018376705503525548,0.0,0.0
2022-04-19,1.991682143781821,0.018986142147349172,0.0,0.0
2022-04-20,2.0076680408177427,0.008026329445102842,0.0,0.0
2022-04-21,1.985843930652317,-0.010870377832251865,0.0,0.0
2022-04-22,1.9413978602186877,-0.02238145190948093,0.0,0.0
2022-04-25,1.9443279857616598,0.0015092864801251604,0.0,0.0
2022-04-26,1.9004712352174047,-0.02255625124228966,0.0,0.0
2022-04-27,1.8966134717174803,-0.0020298983896397393,0.0,0.0
2022-04-28,1.9378704467203653,0.021752969499644337,0.0,0.0
2022-04-29,1.8574054872323753,-0.04152236266576448,0.0,0.0
2022-05-02,1.8382571447708247,-0.010309188054614116,1.0,0.001840097242012838
2022-05-03,1.8521100040699707,0.007535865881741488,0.0,0.0
2022-05-04,1.8718549401254543,0.010660779333891979,0.0,0.0
2022-05-05,1.8432073109104699,-0.01530440666148225,0.0,0.0
2022-05-06,1.8338685176139506,-0.005066599530741955,0.0,0.0
2022-05-09,1.78055082684481,-0.02907388957116308,0.0,0.0
2022-05-10,1.7570550520799897,-0.01319578998284232,0.0,0.0
2022-05-11,1.7626537468905383,0.0031864083051471592,0.0,0.0
2022-05-12,1.7552406869922375,-0.0042056245654474855,0.0,0.0
2022-05-13,1.7704990840588968,0.008693051146624109,0.0,0.0
2022-05-16,1.773494223120586,0.0016916919577403267,0.0,0.0
2022-05-17,1.77970086858389,0.0034996705274759066,0.0,0.0
2022-05-18,1.7545326545457836,-0.014141822641314361,0.0,0.0
2022-05-19,1.7639079754731286,0.00534348614319291,0.0,0.0
2022-05-20,1.7699800509360484,0.0034423992336056752,0.0,0.0
2022-05-23,1.7841828606555734,0.00802427672109296,0.0,0.0
2022-05-24,1.7984045299570033,0.007970970697591229,0.0,0.0
2022-05-25,1.8002768950231678,0.001041125639407392,0.0,0.0
2022-05-26,1.7996703758773585,-0.0003369032549859208,0.0,0.0
2022-05-27,1.8238884649388085,0.013456958221943038,0.0,0.0
2022-05-31,1.8036904495888906,-0.011074150496694801,0.0,0.0
2022-06-01,1.8020083051627551,-0.0009326125924317141,0.011878408418456802,2.1405244882414808e-05
2022-06-02,1.8254792314980763,0.013024871343864985,0.0,0.0
2022-06-03,1.8040227355624205,-0.011753897587784445,0.0,0.0
2022-06-06,1.7972041568618318,-0.0037796523104588475,0.0,0.0
2022-06-07,1.8154436024843648,0.010148788913543205,0.0,0.0
2022-06-08,1.7936058221593123,-0.012028894918667987,0.0,0.0
2022-06-09,1.7696363458466655,-0.013363848408894041,0.0,0.0
2022-06-10,1.7624628446261945,-0.004053658389932546,0.0,0.0
2022-06-13,1.6958865913726147,-0.03777455703907351,0.0,0.0
2022-06-14,1.6826277893706214,-0.007818212650211431,0.0,0.0
2022-06-15,1.713119683863836,0.018121592122652297,0.0,0.0
2022-06-16,1.7016133374695745,-0.006716603925949638,0.0,0.0
2022-06-17,1.700237227130526,-0.0008087091871852303,0.0,0.0
2022-06-21,1.7080769478863833,0.004610957006916161,0.0,0.0
2022-06-22,1.7219973258112007,0.00814973701392252,0.0,0.0
2022-06-23,1.7321934415731919,0.005921098487878362,0.0,0.0
2022-06-24,1.749208434516215,0.009822801850335017,0.0,0.0
2022-06-27,1.7469222236373714,-0.001306997401642418,0.0,0.0
2022-06-28,1.7350289669367658,-0.0068081203270984325,0.0,0.0
2022-06-29,1.729088223533229,-0.003424002432665607,0.0,0.0
2022-06-30,1.7221309516151622,-0.004023665087400929,0.0,0.0
2022-07-01,1.73479755284972,0.007355190511312726,1.0,0.0017365340869366572
2022-07-05,1.716166058196613,-0.010739866806072751,0.0,0.0
2022-07-06,1.6984226488677319,-0.010338981617854737,0.0,0.0
2022-07-07,1.6988083086418775,0.00022706937781524772,0.0,0.0
2022-07-08,1.6977642065264802,-0.0006146085524104672,0.0,0.0
2022-07-11,1.6957006088801325,-0.0012154795338568114,0.0,0.0
2022-07-12,1.6938576162433834,-0.0010868620481101487,0.0,0.0
2022-07-13,1.704304836633632,0.006167708720062448,0.0,0.0
2022-07-14,1.6870644544606082,-0.010115785511163211,0.0,0.0
2022-07-15,1.6923627428890358,0.003140537052048531,0.0,0.0
2022-07-18,1.6870473956793437,-0.003140784818163933,0.0,0.0
2022-07-19,1.6914251733965449,0.0025949346345650603,0.0,0.0
2022-07-20,1.682758519256988,-0.005123876761366497,0.0,0.0
2022-07-21,1.7061153232225514,0.013880068767012643,0.0,0.0
2022-07-22,1.7149680997725438,0.005188850032289194,0.0,0.0
2022-07-25,1.7052067496333052,-0.005691855224906672,0.0,0.0
2022-07-26,1.7040715267779047,-0.0006657391284925485,0.0,0.0
2022-07-27,1.7183256375495706,0.008364737364409791,0.0,0.0
2022-07-28,1.7358154704608735,0.010178415853844935,0.0,0.0
2022-07-29,1.7402932777449074,0.0025796562827298253,0.0,0.0
2022-08-01,1.7468084400296313,0.0037437151358570286,0.026313280697328526,4.596547030928518e-05
2022-08-02,1.7309484549028382,-0.009079407199637846,0.0,0.0
2022-08-03,1.7424427918179173,0.006640484806189173,0.0,0.0
2022-08-04,1.7582105555679797,0.009049228946915067,0.0,0.0
2022-08-05,1.7364436780089891,-0.01238013131593263,0.0,0.0
2022-08-08,1.7472837244894293,0.006242670935845851,0.0,0.0
2022-08-09,1.7460945330190678,-0.0006805943726791996,0.0,0.0
2022-08-10,1.7520293486443976,0.0033989085430949917,0.0,0.0
2022-08-11,1.7413143870021934,-0.0061157432382594745,0.0,0.0
2022-08-12,1.7593990918723335,0.01038566326972945,0.0,0.0
2022-08-15,1.7473577819392707,-0.006843990080868223,0.0,0.0
2022-08-16,1.7424682706658126,-0.0027982313204520937,0.0,0.0
2022-08-17,1.728647835650459,-0.007931527504987268,0.0,0.0
2022-08-18,1.728583116834922,-3.7438982193105375e-05,0.0,0.0
2022-08-19,1.7120159521386584,-0.009584245348061904,0.0,0.0
2022-08-22,1.7005823465582621,-0.006678445703799274,0.0,0.0
2022-08-23,1.707477507183901,0.004054587911954899,0.0,0.0
2022-08-24,1.7075021279516212,1.4419380411467841e-05,0.0,0.0
2022-08-25,1.7188391343582934,0.006639526956415898,0.0,0.0
2022-08-26,1.7031996410480916,-0.009098869695005285,0.0,0.0
2022-08-29,1.6974769342616662,-0.0033599741618685064,0.0,0.0
2022-08-30,1.6913995332328984,-0.003580255440355229,0.0,0.0
2022-08-31,1.6759933555724253,-0.009108538436821023,0.0,0.0
2022-09-01,1.6635610459090753,-0.007417875269024488,0.0044799970179682505,7.452781913322061e-06
2022-09-02,1.6714991277030358,0.004771740606382524,0.0,0.0
2022-09-06,1.65531031991954,-0.009685202651432023,0.0,0.0
2022-09-07,1.675005199104695,0.011897998186897185,0.0,0.0
2022-09-08,1.6680273437390465,-0.004165870869761057,0.0,0.0
2022-09-09,1.67437297256224,0.0038042714629420438,0.0,0.0
2022-09-12,1.6767975239362238,0.0014480354220443026,0.0,0.0
2022-09-13,1.6597956404153034,-0.010139497034209133,0.0,0.0
2022-09-14,1.660498235136871,0.00042330194420303613,0.0,0.0
2022-09-15,1.6409621726915318,-0.01176518109561786,0.0,0.0
2022-09-16,1.6435733753118091,0.0015912631404504385,0.0,0.0
2022-09-19,1.6455881412077973,0.0012258448124384813,0.0,0.0
2022-09-20,1.632681479702223,-0.007843190639488462,0.0,0.0
2022-09-21,1.6395469103504832,0.004205003078440184,0.0,0.0
2022-09-22,1.627553509347653,-0.007315070357008846,0.0,0.0
2022-09-23,1.611076269817413,-0.010123931063160119,0.0,0.0
2022-09-26,1.5877210716975785,-0.014496643366537443,0.0,0.0
2022-09-27,1.577450989698089,-0.006468442211016834,0.0,0.0
2022-09-28,1.6097141279607827,0.020452704060788918,0.0,0.0
2022-09-29,1.603642709204026,-0.0037717372614777256,0.0,0.0
2022-09-30,1.601698552803313,-0.0012123376295446464,0.0,0.0
2022-10-03,1.6360307228944395,0.021434851165369473,0.020413576786106846,3.339792055725105e-05
2022-10-04,1.6515268011397208,0.009471752595126004,0.0,0.0
2022-10-05,1.640717861740347,-0.006544816222125216,0.0,0.0
2022-10-06,1.6379006425313276,-0.0017170649961908424,0.0,0.0
2022-10-07,1.620763211239273,-0.010463046931570408,0.0,0.0
2022-10-10,1.6011353247395115,-0.012110273952203987,0.0,0.0
2022-10-11,1.5978314592800738,-0.0020634517322732915,0.0,0.0
2022-10-12,1.6011730758381075,0.002091344827782615,0.0,0.0
2022-10-13,1.5970124865458448,-0.002598463186176736,0.0,0.0
2022-10-14,1.5794174698061498,-0.011017457213344017,0.0,0.0
2022-10-17,1.5854649858497274,0.003828953496582299,0.0,0.0
2022-10-18,1.5918882964340861,0.0040513733457925305,0.0,0.0
2022-10-19,1.5703188548615221,-0.013549594918739416,0.0,0.0
2022-10-20,1.5622364275187135,-0.00514699757809467,0.0,0.0
2022-10-21,1.5783797666043897,0.010333480132272088,0.0,0.0
2022-10-24,1.575404910368007,-0.0018847531496064551,0.0,0.0
2022-10-25,1.5876732348023341,0.007787410305494902,0.0,0.0
2022-10-26,1.5963512864660325,0.005465892775334824,0.0,0.0
2022-10-27,1.5988089920276294,0.0015395768979129532,0.0,0.0
2022-10-28,1.5923028365291003,-0.004069376348876941,0.0,0.0
2022-10-31,1.5815227043215891,-0.006770151983783279,0.0,0.0
2022-11-01,1.5952506583195514,0.008680213038010809,0.006615314978249221,1.0553155386490423e-05
2022-11-02,1.5858488869714509,-0.005893601296491191,0.0,0.0
2022-11-03,1.5800127446208205,-0.0036801377474090513,0.0,0.0
2022-11-04,1.6058013674043528,0.01632178149912389,0.0,0.0
2022-11-07,1.599679043122172,-0.00381262863916787,0.0,0.0
2022-11-08,1.6216819282869577,0.013754562366361744,0.0,0.0
2022-11-09,1.6154859974083235,-0.003820681954061822,0.0,0.0
2022-11-10,1.6670816441299936,0.031938157807893885,0.0,0.0
2022-11-11,1.6748893114033778,0.004683434252231056,0.0,0.0
2022-11-14,1.6726064885442606,-0.0013629693876333615,0.0,0.0
2022-11-15,1.686985570687559,0.008596811169740759,0.0,0.0
2022-11-16,1.6920643213343427,0.003010547769364713,0.0,0.0
2022-11-17,1.6813597762761496,-0.0063263227781740206,0.0,0.0
2022-11-18,1.675407996716689,-0.003539860798051464,0.0,0.0
2022-11-21,1.6694243099403137,-0.0035714803726027977,0.0,0.0
2022-11-22,1.6777791282348864,0.005004610418588795,0.0,0.0
2022-11-23,1.6914147881750323,0.008127207992205454,0.0,0.0
2022-11-25,1.6930045969828624,0.0009399284072391101,0.0,0.0
2022-11-28,1.6801863680808058,-0.007571290074994685,0.0,0.0
2022-11-29,1.6801907904939262,2.6320967747572865e-06,0.0,0.0
2022-11-30,1.701190466097113,0.012498387517654308,0.0,0.0
2022-12-01,1.7274895528380618,0.015459225327828507,0.009972201733899438,1.722704610568415e-05
2022-12-02,1.7297460070302697,0.001306204247950804,0.0,0.0
2022-12-05,1.7075903671315489,-0.012808608783412612,0.0,0.0
2022-12-06,1.7125272305589663,0.002891128646802077,0.0,0.0
2022-12-07,1.7298047467109305,0.010088900102525722,0.0,0.0
2022-12-08,1.7277455144385452,-0.0011904420289635675,0.0,0.0
2022-12-09,1.724269437137999,-0.002011915106418849,0.0,0.0
2022-12-12,1.7160556060542091,-0.004763658687486405,0.0,0.0
2022-12-13,1.7381642055181388,0.01288338174236947,0.0,0.0
2022-12-14,1.7368485385927712,-0.0007569290180932109,0.0,0.0
2022-12-15,1.7234292250462775,-0.007726242817560958,0.0,0.0
2022-12-16,1.7270959909601498,0.0021275987784028505,0.0,0.0
2022-12-19,1.7159148239841409,-0.006473969619831599,0.0,0.0
2022-12-20,1.7200018073330958,0.002381810152712216,0.0,0.0
2022-12-21,1.7243759319502854,0.0025430930354495285,0.0,0.0
2022-12-22,1.7136386091842344,-0.006226787655234212,0.0,0.0
2022-12-23,1.7135829122329467,-3.2502157099600915e-05,0.0,0.0
2022-12-27,1.709845888951405,-0.002180824315452634,0.0,0.0
2022-12-28,1.7033064608145154,-0.0038245716641164273,0.0,0.0
2022-12-29,1.7141184236057994,0.006347632114372281,0.0,0.0
2022-12-30,1.7128468259052734,-0.0007418377184530422,0.0,0.0
2023-01-03,1.7259348079462373,0.007641069734327655,0.020082554727166073,3.4661876335129394e-05
2023-01-04,1.7403160987652915,0.008332464675283369,0.0,0.0
2023-01-05,1.7288193172474182,-0.006606145588166412,0.0,0.0
2023-01-06,1.759138046242461,0.017537245617613495,0.0,0.0
2023-01-09,1.7646012157921924,0.003105594561723324,0.0,0.0
2023-01-10,1.7648221131175204,0.00012518257572935454,0.0,0.0
2023-01-11,1.7717765442873685,0.003940584786510382,0.0,0.0
2023-01-12,1.792046705045268,0.011440585339757003,0.0,0.0
2023-01-13,1.7998155169015884,0.004335161485718109,0.0,0.0
2023-01-17,1.790661600427325,-0.005086030422730148,0.0,0.0
2023-01-18,1.798575111620465,0.0044193225516486745,0.0,0.0
2023-01-19,1.810881394314353,0.006842240067917116,0.0,0.0
2023-01-20,1.8031397098459854,-0.0042750919484148,0.0,0.0
2023-01-23,1.8022538950664848,-0.0004912624211332872,0.0,0.0
2023-01-24,1.8102476127314717,0.004435400409936063,0.0,0.0
2023-01-25,1.8148411323152658,0.0025375089857806454,0.0,0.0
2023-01-26,1.8062424774517623,-0.004737965605030037,0.0,0.0
2023-01-27,1.8023802318006636,-0.002138276393846894,0.0,0.0
2023-01-30,1.7966451930605678,-0.003181925011664255,0.0,0.0
2023-01-31,1.8063462540389983,0.005399541888348569,0.0,0.0
2023-02-01,1.826890376171095,0.011373302369996896,0.003333244032580402,6.089491742313053e-06
2023-02-02,1.8092438168227676,-0.009659342223539591,0.0,0.0
2023-02-03,1.7765287493727255,-0.01808217728636119,0.0,0.0
2023-02-06,1.7713850513954301,-0.002895364332894501,0.0,0.0
2023-02-07,1.7692440437552506,-0.0012086630394069209,0.0,0.0
2023-02-08,1.7723063543868085,0.0017308582399171435,0.0,0.0
2023-02-09,1.7578404392448927,-0.008162197865007825,0.0,0.0
2023-02-10,1.7532819347853146,-0.002593241319181594,0.0,0.0
2023-02-13,1.7521297084473204,-0.0006571825757933913,0.0,0.0
2023-02-14,1.750574411597998,-0.0008876607946455284,0.0,0.0
2023-02-15,1.738571815783919,-0.006856375675640458,0.0,0.0
2023-02-16,1.7308321504401545,-0.004451737497121799,0.0,0.0
2023-02-17,1.7368324267431476,0.003466700281403501,0.0,0.0
2023-02-21,1.7211785749690212,-0.009012873972810476,0.0,0.0
2023-02-22,1.7188064197914978,-0.0013782156087819297,0.0,0.0
2023-02-23,1.725144337484203,0.0036873947058413403,0.0,0.0
2023-02-24,1.7124649362510391,-0.007349762543147231,0.0,0.0
2023-02-27,1.716029074174696,0.0020812910373859683,0.0,0.0
2023-02-28,1.7202278805819025,0.002446815424281601,0.0,0.0
2023-03-01,1.7197506974085206,-0.0002773953257986239,0.0014972533536958502,2.57490635450261e-06
2023-03-02,1.7199848989987936,0.00013618345416333,0.0,0.0
2023-03-03,1.7389553994972238,0.011029457589699199,0.0,0.0
2023-03-06,1.7321971710617472,-0.003886372495482404,0.0,0.0
2023-03-07,1.714631024675994,-0.010140962402672704,0.0,0.0
2023-03-08,1.7128343440746434,-0.0010478526140572653,0.0,0.0
2023-03-09,1.7203735946285077,0.0044016227138050645,0.0,0.0
2023-03-10,1.7512333282664985,0.017937809400436988,0.0,0.0
2023-03-13,1.7720630272827962,0.011894302535297552,0.0,0.0
2023-03-14,1.7642528936643278,-0.004407367852171773,0.0,0.0
2023-03-15,1.7795640873408658,0.0086785708168724,0.0,0.0
2023-03-16,1.780064968382533,0.0002814627723890517,0.0,0.0
2023-03-17,1.810676754185336,0.017197004798436444,0.0,0.0
2023-03-20,1.8084057107627103,-0.0012542511618245378,0.0,0.0
2023-03-21,1.795195324265489,-0.0073049904778556,0.0,0.0
2023-03-22,1.815819386817909,0.011488478314112482,0.0,0.0
2023-03-23,1.8299426851214808,0.007777920208420053,0.0,0.0
2023-03-24,1.8222054047518772,-0.004228154484024138,0.0,0.0
2023-03-27,1.8029055696777991,-0.010591470656243662,0.0,0.0
2023-03-28,1.8089333291951046,0.003343358420254239,0.0,0.0
2023-03-29,1.8084497816785352,-0.00026731085594211557,0.0,0.0
2023-03-30,1.817988270881742,0.005274400926053691,0.0,0.0
2023-03-31,1.8211877702959636,0.0017599120222429043,0.0,0.0
2023-04-03,1.8332372856156796,0.006616294879773887,0.013783444649034035,2.5268672944183985e-05
2023-04-04,1.8514910808113676,0.009957137212359024,0.0,0.0
2023-04-05,1.8537475489216182,0.0012187302081205775,0.0,0.0
2023-04-06,1.8462579975392002,-0.004040221866658644,0.0,0.0
2023-04-10,1.835150731336578,-0.006016096459664166,0.0,0.0
2023-04-11,1.840712084915058,0.0030304614675600305,0.0,0.0
2023-04-12,1.8433142806890448,0.0014136897319858566,0.0,0.0
2023-04-13,1.8574653186107861,0.007676953447380397,0.0,0.0
2023-04-14,1.8377746205208683,-0.010600842929678334,0.0,0.0
2023-04-17,1.8278983859376003,-0.005374018376893663,0.0,0.0
2023-04-18,1.8344763085341844,0.0035986259669515963,0.0,0.0
2023-04-19,1.8255530640031652,-0.0048641917529854695,0.0,0.0
2023-04-20,1.832597530885221,0.0038588124448206695,0.0,0.0
2023-04-21,1.824042054068396,-0.0046684974047150885,0.0,0.0
2023-04-24,1.8308259275846974,0.0037191431530707586,0.0,0.0
2023-04-25,1.8394972285037299,0.004736278194657162,0.0,0.0
2023-04-26,1.830478273770465,-0.004902945540505632,0.0,0.0
2023-04-27,1.8271926337310043,-0.001794962598869243,0.0,0.0
2023-04-28,1.8345287660941596,0.004014974791232362,0.0,0.0
2023-05-01,1.8137981626918294,-0.011300233490732947,1.0,0.0018156137764682974
2023-05-02,1.8221686873704313,0.0046149151822820755,0.0,0.0
2023-05-03,1.8323508454696604,0.005587933855851102,0.0,0.0
2023-05-04,1.8370568150906952,0.0025682688621941896,0.0,0.0
2023-05-05,1.8355671897613797,-0.0008108760257596881,0.0,0.0
2023-05-08,1.8369477199941138,0.0007521000813452972,0.0,0.0
2023-05-09,1.8398029622057,0.0015543404858551213,0.0,0.0
2023-05-10,1.836621220910231,-0.0017293924190959764,0.0,0.0
2023-05-11,1.826414815309668,-0.005557164147055205,0.0,0.0
2023-05-12,1.8232335320298307,-0.001741818590810018,0.0,0.0
2023-05-15,1.8321141056633565,0.004870782309295718,0.0,0.0
2023-05-16,1.8119427865935323,-0.011009859597429839,0.0,0.0
2023-05-17,1.8129823624075514,0.000573735452195745,0.0,0.0
2023-05-18,1.7998435824919983,-0.007247053356936983,0.0,0.0
2023-05-19,1.8140220067540813,0.007877586919221136,0.0,0.0
2023-05-22,1.8121489508224689,-0.0010325431139416308,0.0,0.0
2023-05-23,1.7999095049232896,-0.006754105888273854,0.0,0.0
2023-05-24,1.7795362507390742,-0.011319043612186386,0.0,0.0
2023-05-25,1.7696757850725078,-0.0055410310761981885,0.0,0.0
2023-05-26,1.7818611486889235,0.006885647483680923,0.0,0.0
2023-05-30,1.7783761227655068,-0.001955834732678796,0.0,0.0
2023-05-31,1.7706270575586487,-0.004357382618704886,0.0,0.0
2023-06-01,1.7888889292810919,0.010313787787487483,1.0,0.0017906796088899813
2023-06-02,1.7824062091463424,-0.0036238807388420113,0.0,0.0
2023-06-05,1.7883470414754932,0.003333040638360485,0.0,0.0
2023-06-06,1.7891678777191915,0.00045899158533635465,0.0,0.0
2023-06-07,1.763211765225667,-0.014507365584169318,0.0,0.0
2023-06-08,1.7857986720655772,0.012810093084320684,0.0,0.0
2023-06-09,1.786843819402909,0.0005852548518938683,0.0,0.0
2023-06-12,1.8012855198937703,0.008082239943996372,0.0,0.0
2023-06-13,1.8018015542866674,0.0002864811753595653,0.0,0.0
2023-06-14,1.808996464598962,0.003993175771869639,0.0,0.0
2023-06-15,1.8262567289959721,0.00954134777750193,0.0,0.0
2023-06-16,1.8189733545956814,-0.0039881437722586455,0.0,0.0
2023-06-20,1.808484168769764,-0.005766541768968958,0.0,0.0
2023-06-21,1.794496230743458,-0.00773462011327497,0.0,0.0
2023-06-22,1.796697266541675,0.0012265480197219958,0.0,0.0
2023-06-23,1.789845836441399,-0.0038133469827467126,0.0,0.0
2023-06-26,1.7789887643227762,-0.006065925845439857,0.0,0.0
2023-06-27,1.790645713324746,0.006552570334196206,0.0,0.0
2023-06-28,1.790456577990509,-0.00010562409572678622,0.0,0.0
2023-06-29,1.7876744326188243,-0.0015538748081829201,0.0,0.0
2023-06-30,1.8076923753873917,0.011197756371803314,0.0,0.0
2023-07-03,1.8090686621969694,0.0007613501214678298,1.0,0.0018108795417387086
2023-07-05,1.7989270984238712,-0.005605958460848104,0.0,0.0
2023-07-06,1.7765507978746138,-0.01243869224542915,0.0,0.0
2023-07-07,1.780190515146045,0.002048754967088895,0.0,0.0
2023-07-10,1.7829817024065089,0.0015679149151262006,0.0,0.0
2023-07-11,1.7953966961814771,0.006963051700537237,0.0,0.0
2023-07-12,1.8238669967160805,0.015857387169729842,0.0,0.0
2023-07-13,1.8539432639774942,0.01649038406614456,0.0,0.0
2023-07-14,1.8485018729260196,-0.0029350364475558832,0.0,0.0
2023-07-17,1.8560251211235104,0.004069916459203737,0.0,0.0
2023-07-18,1.869666497419797,0.007349779990062366,0.0,0.0
2023-07-19,1.8689469162177212,-0.00038487142122334284,0.0,0.0
2023-07-20,1.8424844326667844,-0.01415903433174559,0.0,0.0
2023-07-21,1.8415977033516622,-0.00048126828069794403,0.0,0.0
2023-07-24,1.8408149633104471,-0.00042503313280117805,0.0,0.0
2023-07-25,1.8480433761085884,0.003926746002293369,0.0,0.0
2023-07-26,1.8474633512370784,-0.00031385890559088025,0.0,0.0
2023-07-27,1.8431416105272374,-0.0023392835949612723,0.0,0.0
2023-07-28,1.8665185496036782,0.012683202930757975,0.0,0.0
2023-07-31,1.8672572415020179,0.0003957592055521264,0.0,0.0
2023-08-01,1.8534506569765126,-0.00739404524381404,0.008994244731676823,1.6670538745839957e-05
2023-08-02,1.8158478858068459,-0.020287980706757636,0.0,0.0
2023-08-03,1.8118747220213924,-0.002188048798860698,0.0,0.0
2023-08-04,1.8101584817526521,-0.0009472179549067095,0.0,0.0
2023-08-07,1.825472494913179,0.008460039999204527,0.0,0.0
2023-08-08,1.812204289814067,-0.007268367579399304,0.0,0.0
2023-08-09,1.8020503679922082,-0.005603077908451715,0.0,0.0
2023-08-10,1.807603692469328,0.0030816699553781746,0.0,0.0
2023-08-11,1.795738742200348,-0.006563911281223134,0.0,0.0
2023-08-14,1.8016555883034802,0.0032949370440613635,0.0,0.0
2023-08-15,1.7809245660735478,-0.011506651084991049,0.0,0.0
2023-08-16,1.7642210692919584,-0.00937911526394175,0.0,0.0
2023-08-17,1.7483323523788856,-0.009006080467823363,0.0,0.0
2023-08-18,1.7472429480672385,-0.0006231105374014945,0.0,0.0
2023-08-21,1.7644888414558277,0.009870346540912456,0.0,0.0
2023-08-22,1.7615914415763747,-0.0016420618886218152,0.0,0.0
2023-08-23,1.785042243250285,0.013312281792720926,0.0,0.0
2023-08-24,1.7537153254021653,-0.01754967870736679,0.0,0.0
2023-08-25,1.766417862568043,0.0072432150086643166,0.0,0.0
2023-08-28,1.7823777668410719,0.00903518052621255,0.0,0.0
2023-08-29,1.8128608213263817,0.0171024656233989,0.0,0.0
2023-08-30,1.8174162443868236,0.002512836620909953,0.0,0.0
2023-08-31,1.8166232704245422,-0.00043631939833843614,0.0,0.0
2023-09-01,1.8151376754689148,-0.0008177782261261646,0.007229085362914712,1.3121880060597717e-05
2023-09-05,1.8084204360437877,-0.003700677648813544,0.0,0.0
2023-09-06,1.7985120369968137,-0.005479035101289886,0.0,0.0
2023-09-07,1.789150857469042,-0.005204957951464806,0.0,0.0
2023-09-08,1.789131177559365,-1.0999580943527043e-05,0.0,0.0
2023-09-11,1.8089503305856915,0.011077529291822374,0.0,0.0
2023-09-12,1.7952217720880774,-0.007589240160711941,0.0,0.0
2023-09-13,1.7958417404426736,0.0003453436027991419,0.0,0.0
2023-09-14,1.8150033782037276,0.01067000355851544,0.0,0.0
2023-09-15,1.7974446789101068,-0.009674196480558783,0.0,0.0
2023-09-18,1.7952001566543285,-0.001248729533717463,0.0,0.0
2023-09-19,1.7940603148420222,-0.0006349385655305406,0.0,0.0
2023-09-20,1.779072410682908,-0.008354180756979801,0.0,0.0
2023-09-21,1.7480130581976359,-0.01745817219061352,0.0,0.0
2023-09-22,1.7488951378959845,0.000504618483375685,0.0,0.0
2023-09-25,1.7490518509046862,8.960686395997897e-05,0.0,0.0
2023-09-26,1.724628062055193,-0.013964016468042462,0.0,0.0
2023-09-27,1.7249755297298317,0.0002014739770757057,0.0,0.0
2023-09-28,1.7392339392167053,0.008265861886809889,0.0,0.0
2023-09-29,1.7373205419070576,-0.0011001379782810128,0.0,0.0
2023-10-02,1.7316883800308909,-0.003241866852034314,0.004304930663870885,7.454830499992786e-06
2023-10-03,1.7056555848038548,-0.015033186990936365,0.0,0.0
2023-10-04,1.7187618262123645,0.007683990557810549,0.0,0.0
2023-10-05,1.7237436994218474,0.0028985244688970457,0.0,0.0
2023-10-06,1.7477104285064207,0.013903882051961691,0.0,0.0
2023-10-09,1.7508931997253034,0.0018211090160986654,0.0,0.0
2023-10-10,1.7677436700976359,0.009623928161338613,0.0,0.0
2023-10-11,1.7777446636490708,0.005657490800621945,0.0,0.0
2023-10-12,1.7672578797028302,-0.005898925847267034,0.0,0.0
2023-10-13,1.7479529320554588,-0.010923673261888478,0.0,0.0
2023-10-16,1.7642266047757218,0.00931013211043763,0.0,0.0
2023-10-17,1.7618366122979605,-0.0013546969937374698,0.0,0.0
2023-10-18,1.734960222983438,-0.015254756954714233,0.0,0.0
2023-10-19,1.7191615226439536,-0.00910608792650991,0.0,0.0
2023-10-20,1.6986410649368704,-0.011936317464530166,0.0,0.0
2023-10-23,1.7018433341496775,0.001885194747088148,0.0,0.0
2023-10-24,1.7149809463443682,0.00771963666165254,0.0,0.0
2023-10-25,1.6877935958773307,-0.015852858613379706,0.0,0.0
2023-10-26,1.6656635853599107,-0.013111799079861264,0.0,0.0
2023-10-27,1.6670679965440525,0.0008431541617921479,0.0,0.0
2023-10-30,1.687101300993087,0.012017088979312751,0.0,0.0
2023-10-31,1.694163917378431,0.00418624322154626,0.0,0.0
2023-11-01,1.7150714834539433,0.012340934581976493,1.0023272431665395,0.0017207876641994698
2023-11-02,1.7334891512604744,0.010738717297916978,0.0,0.0
2023-11-03,1.7468780617904422,0.007723677139964913,0.0,0.0
2023-11-06,1.7437525428831673,-0.001789202678561086,0.0,0.0
2023-11-07,1.7485851542687554,0.002771386000445686,0.0,0.0
2023-11-08,1.7406570672513435,-0.0045340011025812865,0.0,0.0
2023-11-09,1.737126822765946,-0.002028110276179884,0.0,0.0
2023-11-10,1.747861713406953,0.0061796815870440724,0.0,0.0
2023-11-13,1.7496997852054288,0.001051611683222431,0.0,0.0
2023-11-14,1.776730262887861,0.01544863748112002,0.0,0.0
2023-11-15,1.7751837546398634,-0.000870423766792694,0.0,0.0
2023-11-16,1.7855562518063404,0.00584305548051911,0.0,0.0
2023-11-17,1.7856790058381158,6.874834195302881e-05,0.0,0.0
2023-11-20,1.7955680588745837,0.005537979112783642,0.0,0.0
2023-11-21,1.7993673260576863,0.0021159137713131493,0.0,0.0
2023-11-22,1.7994953677214007,7.115926907208525e-05,0.0,0.0
2023-11-24,1.8026600361972371,0.0017586421908069028,0.0,0.0
2023-11-27,1.8076846259740853,0.0027873196697962843,0.0,0.0
2023-11-28,1.8217706332001105,0.007792292429568359,0.0,0.0
2023-11-29,1.82216610577516,0.00021708143047338702,0.0,0.0
2023-11-30,1.81612023639207,-0.0033179573277803964,0.0,0.0
2023-12-01,1.8321865845851169,0.00884652231229155,1.0,0.001834020605190308
2023-12-04,1.8188730805979998,-0.00726645642923518,0.0,0.0
2023-12-05,1.8209722477372883,0.001154103143138574,0.0,0.0
2023-12-06,1.8120383548317225,-0.004906111510851963,0.0,0.0
2023-12-07,1.831601761298747,0.010796353407674486,0.0,0.0
2023-12-08,1.8396205041905516,0.004377994748224534,0.0,0.0
2023-12-11,1.8510624745538031,0.006219744962174145,0.0,0.0
2023-12-12,1.862673208927415,0.0062724702884005,0.0,0.0
2023-12-13,1.8873546276479334,0.013250536166100169,0.0,0.0
2023-12-14,1.889545666569945,0.0011609047340204182,0.0,0.0
2023-12-15,1.8925760037714268,0.0016037385362497325,0.0,0.0
2023-12-18,1.903863294793207,0.0059639829519593235,0.0,0.0
2023-12-19,1.9145099056709323,0.005592108901328219,0.0,0.0
2023-12-20,1.8870142701062802,-0.014361709742638507,0.0,0.0
2023-12-21,1.9069499186279306,0.010564651702674954,0.0,0.0
2023-12-22,1.9102892779649294,0.0017511520907698142,0.0,0.0
2023-12-26,1.9201815859890639,0.0051784345639382945,0.0,0.0
2023-12-27,1.9238735559671203,0.0019227191870787586,0.0,0.0
2023-12-28,1.9237629164812902,-5.750870970022692e-05,0.0,0.0
2023-12-29,1.9168057319297689,-0.0036164459206057264,0.0,0.0
2024-01-02,1.8951534562953711,-0.011296019869785678,0.0006569795984186386,1.2450779746489313e-06
2024-01-03,1.8773880544954025,-0.009374123103833676,0.0,0.0
2024-01-04,1.8695356220403931,-0.004182636848150123,0.0,0.0
2024-01-05,1.8719251534668735,0.0012781416937497347,0.0,0.0
2024-01-08,1.9046175156801828,0.017464566974145335,0.0,0.0
2024-01-09,1.9050571008627681,0.00023079971646078334,0.0,0.0
2024-01-10,1.9169027871089608,0.006218021622988568,0.0,0.0
2024-01-11,1.9184822875586949,0.0008239856816716351,0.0,0.0
2024-01-12,1.919638041013164,0.000602431131089487,0.0,0.0
2024-01-16,1.9160354466266298,-0.0018767050399942642,0.0,0.0
2024-01-17,1.9053056316837027,-0.005600008581165827,0.0,0.0
2024-01-18,1.927330287337009,0.011559644440794159,0.0,0.0
2024-01-19,1.9585160156429773,0.016180790864370964,0.0,0.0
2024-01-22,1.961855384385923,0.0017050505159383889,0.0,0.0
2024-01-23,1.9688011603032298,0.0035404117819219927,0.0,0.0
2024-01-24,1.9753948588262134,0.003349093171993056,0.0,0.0
2024-01-25,1.9819115443722728,0.003298928068453,0.0,0.0
2024-01-26,1.974690115856105,-0.003643668425401425,0.0,0.0
2024-01-29,1.9926438038237402,0.009091901470247521,0.0,0.0
2024-01-30,1.9851738144316133,-0.0037487830879721074,0.0,0.0
2024-01-31,1.9495090291792998,-0.01796557308636726,0.0,0.0
2024-02-01,1.9737239458634481,0.01242103335850775,0.006192878460840818,1.2223108208206304e-05
2024-02-02,2.0007913145639304,0.013713857379706207,0.0,0.0
2024-02-05,1.9958502611381626,-0.002469549617594602,0.0,0.0
2024-02-06,1.9967234521636483,0.0004375032749139862,0.0,0.0
2024-02-07,2.0153269756748586,0.00931702559563341,0.0,0.0
2024-02-08,2.017642314053611,0.001148864877361655,0.0,0.0
2024-02-09,2.0334170222769763,0.007818386893201357,0.0,0.0
2024-02-12,2.028973286423689,-0.002185353916390187,0.0,0.0
2024-02-13,1.9991706863120342,-0.01468851281141581,0.0,0.0
2024-02-14,2.019152458143665,0.009995030423586293,0.0,0.0
2024-02-15,2.029109661921172,0.004931377884491939,0.0,0.0
2024-02-16,2.014849916851073,-0.007027587191417606,0.0,0.0
2024-02-20,2.001699937423697,-0.006526530496091754,0.0,0.0
2024-02-21,1.9986074002348473,-0.0015449554306474766,0.0,0.0
2024-02-22,2.048511981350111,0.024969676940753693,0.0,0.0
2024-02-23,2.0462007278681473,-0.0011282596845932913,0.0,0.0
2024-02-26,2.0419101319481157,-0.0020968597369730446,0.0,0.0
2024-02-27,2.0462627740666264,0.00213165214786315,0.0,0.0
2024-02-28,2.0394608378753363,-0.0033240775708255343,0.0,0.0
2024-02-29,2.0518574635878037,0.006078383797446296,0.0,0.0
2024-03-01,2.076934229615434,0.01222149514410309,0.0037555557326627545,7.800071545999312e-06
2024-03-04,2.072115163493415,-0.0023202786363202277,0.0,0.0
2024-03-05,2.0431742415795986,-0.013966850117067997,0.0,0.0
2024-03-06,2.0547634838116062,0.005672175185141182,0.0,0.0
2024-03-07,2.0805302732657656,0.012540026945759175,0.0,0.0
2024-03-08,2.059288491698638,-0.010209792109289961,0.0,0.0
2024-03-11,2.0545992100868946,-0.0022771368026609506,0.0,0.0
2024-03-12,2.0803480244951986,0.01253228088567937,0.0,0.0
2024-03-13,2.070760864962802,-0.00460844023188034,0.0,0.0
2024-03-14,2.0661086316365718,-0.002246629924751886,0.0,0.0
2024-03-15,2.0467838657900304,-0.00935321867913319,0.0,0.0
2024-03-18,2.0625828670124227,0.0077189396919024045,0.0,0.0
2024-03-19,2.070915338860147,0.004039824038581941,0.0,0.0
2024-03-20,2.09273819390599,0.010537782320862332,0.0,0.0
2024-03-21,2.101132207384209,0.0040110193920397386,0.0,0.0
2024-03-22,2.1003115761714954,-0.00039056619561095296,0.0,0.0
2024-03-25,2.093606433666962,-0.0031924513394129272,0.0,0.0
2024-03-26,2.088296264172546,-0.002536374272176456,0.0,0.0
2024-03-27,2.100675812623762,0.005928061388416506,0.0,0.0
2024-03-28,2.098559191390038,-0.0010075906148889757,0.0,0.0
2024-04-01,2.0988817300523586,0.00015369528943676158,0.010626292726665886,2.2303568666436924e-05
2024-04-02,2.083152614869385,-0.007494045499448543,0.0,0.0
2024-04-03,2.0866332314863727,0.0016708409130197222,0.0,0.0
2024-04-04,2.057947039649365,-0.013747596560883646,0.0,0.0
2024-04-05,2.080818989457298,0.011113964240707652,0.0,0.0
2024-04-08,2.08170859293089,0.00042752564163395235,0.0,0.0
2024-04-09,2.0867586098964157,0.0024259000432023115,0.0,0.0
2024-04-10,2.06720378314088,-0.00937090982291744,0.0,0.0
2024-04-11,2.0915116645556653,0.011758822044071637,0.0,0.0
2024-04-12,2.0603957420285,-0.01487724073189689,0.0,0.0
2024-04-15,2.030527963176362,-0.014496136952182215,0.0,0.0
2024-04-16,2.0287731662306614,-0.0008642072296091152,0.0,0.0
2024-04-17,2.01037793004812,-0.009067172461038941,0.0,0.0
2024-04-18,2.002576590486922,-0.0038805338262996036,0.0,0.0
2024-04-19,1.9731528349686989,-0.014692948902927494,0.0,0.0
2024-04-22,1.992152660242764,0.009629170603181691,0.0,0.0
2024-04-23,2.018811915151681,0.013382134532635925,0.0,0.0
2024-04-24,2.021726049693431,0.0014434898664301699,0.0,0.0
2024-04-25,2.013008387754389,-0.00431198971807456,0.0,0.0
2024-04-26,2.0380439570398963,0.012436892681523037,0.0,0.0
2024-04-29,2.04578883112585,0.0038001506587730383,0.0,0.0
2024-04-30,2.010304099796153,-0.01734525616222493,0.0,0.0
2024-05-01,1.9997756481983253,-0.0052372432603084995,0.005714338165122501,1.1427459608551085e-05
2024-05-02,2.021889878474518,0.011058355619099514,0.0,0.0
2024-05-03,2.054752303461476,0.01625332088400011,0.0,0.0
2024-05-06,2.076618650739298,0.010641840985400108,0.0,0.0
2024-05-07,2.0779241648847973,0.0006286730329783108,0.0,0.0
2024-05-08,2.077406911858013,-0.00024892776912910364,0.0,0.0
2024-05-09,2.0856392890772937,0.003962814012165694,0.0,0.0
2024-05-10,2.089445345395797,0.0018248871405692757,0.0,0.0
2024-05-13,2.0920048777511893,0.0012249817211216207,0.0,0.0
2024-05-14,2.1035413183404534,0.005514538093078114,0.0,0.0
2024-05-15,2.1330244150398032,0.014015934197389557,0.0,0.0
2024-05-16,2.128663799744025,-0.0020443344506662076,0.0,0.0
2024-05-17,2.1296605164526348,0.00046823585233579657,0.0,0.0
2024-05-20,2.1383518931134122,0.004081108981282444,0.0,0.0
2024-05-21,2.143060705153869,0.0022020753719822483,0.0,0.0
2024-05-22,2.1397896174106497,-0.0015263626155583854,0.0,0.0
2024-05-23,2.127193252760603,-0.005886730427867803,0.0,0.0
2024-05-24,2.1443241817095373,0.00805330165780771,0.0,0.0
2024-05-28,2.149167216103181,0.0022585364820082443,0.0,0.0
2024-05-29,2.1340675305915693,-0.007025830935105226,0.0,0.0
2024-05-30,2.1154938521036755,-0.008703416467212288,0.0,0.0
2024-05-31,2.123013277690748,0.0035544540011756,0.0,0.0
2024-06-03,2.1295929663901276,0.0030992216433693986,0.00945093185260086,2.0126828216413355e-05
2024-06-04,2.133697168948988,0.0019272239454364293,0.0,0.0
2024-06-05,2.1678915419718296,0.016025879173699797,0.0,0.0
2024-06-06,2.167495068716286,-0.00018288426697898874,0.0,0.0
2024-06-07,2.165220284569456,-0.0010494991105918228,0.0,0.0
2024-06-10,2.1729436559675173,0.003567014152371595,0.0,0.0
2024-06-11,2.183041890412408,0.0046472601427829385,0.0,0.0
2024-06-12,2.206343248033389,0.010673802332111348,0.0,0.0
2024-06-13,2.214581564472225,0.00373392328966915,0.0,0.0
2024-06-14,2.221051836648644,0.002921668038883496,0.0,0.0
2024-06-17,2.2435607027201385,0.010134327213838779,0.0,0.0
2024-06-18,2.2467172938135644,0.0014069559560383471,0.0,0.0
2024-06-20,2.2349227624053567,-0.005249673130074961,0.0,0.0
2024-06-21,2.2304123140590253,-0.0020181674383579207,0.0,0.0
2024-06-24,2.2139836409935985,-0.007365756081004204,0.0,0.0
2024-06-25,2.2309703412919566,0.007672459716429936,0.0,0.0
2024-06-26,2.2346768026940858,0.0016613674030210301,0.0,0.0
2024-06-27,2.239335762025758,0.0020848470463628033,0.0,0.0
2024-06-28,2.229100018873419,-0.00457088361911373,0.0,0.0
2024-07-01,2.2379503234532954,0.0039703487976952,0.013636264982873039,3.0517699776556104e-05
2024-07-02,2.257229360358724,0.008614595553524174,0.0,0.0
2024-07-03,2.271683736605005,0.006403592164858196,0.0,0.0
2024-07-05,2.290096627431498,0.00810539360290119,0.0,0.0
2024-07-08,2.2941497656027767,0.0017698546527378234,0.0,0.0
2024-07-09,2.296256382325711,0.0009182559720031236,0.0,0.0
2024-07-10,2.319591955375733,0.010162442325532872,0.0,0.0
2024-07-11,2.2840504368522074,-0.015322314961973005,0.0,0.0
2024-07-12,2.2979628396926337,0.006091110168127356,0.0,0.0
2024-07-15,2.3042112920973836,0.0027191268269532998,0.0,0.0
2024-07-16,2.311484586015647,0.003156522122432337,0.0,0.0
2024-07-17,2.261403729313087,-0.02166610022214588,0.0,0.0
2024-07-18,2.2473277754235377,-0.006224432067167829,0.0,0.0
2024-07-19,2.2299289524199626,-0.0077420050576716415,0.0,0.0
2024-07-22,2.257982165481561,0.012580316978778372,0.0,0.0
2024-07-23,2.2522493761658104,-0.00253889928954687,0.0,0.0
2024-07-24,2.1864685871588403,-0.02920670761554578,0.0,0.0
2024-07-25,2.1688173823013663,-0.0080729286307335,0.0,0.0
2024-07-26,2.192103039707445,0.010736568968923388,0.0,0.0
2024-07-29,2.1949193711321104,0.001284762337194545,0.0,0.0
2024-07-30,2.174465614083828,-0.009318682643787879,0.0,0.0
2024-07-31,2.2239813186315476,0.022771435991910227,0.0,0.0
2024-08-01,2.1793022201711953,-0.020089691440323798,1.0,0.0021814837038750708
2024-08-02,2.156939210504344,-0.010261545856221077,0.0,0.0
2024-08-05,2.1119919191616665,-0.02083845994536293,0.0,0.0
2024-08-06,2.1129729657335448,0.0004645124647388865,0.0,0.0
2024-08-07,2.105245381656907,-0.003657209155988883,0.0,0.0
2024-08-08,2.1460049851945864,0.019360975158914773,0.0,0.0
2024-08-09,2.1533553836540076,0.0034251544195527117,0.0,0.0
2024-08-12,2.1724985433970714,0.008889921231013842,0.0,0.0
2024-08-13,2.1884079153584244,0.007323076008362239,0.0,0.0
2024-08-14,2.1828622940872906,-0.002534089386267646,0.0,0.0
2024-08-15,2.2049913647163075,0.010137639322900904,0.0,0.0
2024-08-16,2.231997637987104,0.012247790945100201,0.0,0.0
2024-08-19,2.2407992908368626,0.003943397026932471,0.0,0.0
2024-08-20,2.2430754756089657,0.0010157914550450453,0.0,0.0
2024-08-21,2.2454319898619457,0.0010505728757701505,0.0,0.0
2024-08-22,2.2231851233451936,-0.009907610926180754,0.0,0.0
2024-08-23,2.2478347276677266,0.011087517662696111,0.0,0.0
2024-08-26,2.248717203312008,0.00039258920303142375,0.0,0.0
2024-08-27,2.2533030680395,0.002039324785143126,0.0,0.0
2024-08-28,2.238845812678051,-0.006416027904327826,0.0,0.0
2024-08-29,2.2447380015134097,0.002631797510124434,0.0,0.0
2024-08-30,2.247421851732496,0.0011956184718560081,0.0,0.0
2024-09-03,2.219314334825567,-0.012506560299421099,0.001628703510322618,3.6146109347690214e-06
2024-09-04,2.2177175434603766,-0.0007194976124532682,0.0,0.0
2024-09-05,2.2242759159770444,0.002957262315035125,0.0,0.0
2024-09-06,2.197396013188994,-0.012084787950528697,0.0,0.0
2024-09-09,2.21422996973134,0.00766086606206029,0.0,0.0
2024-09-10,2.2239286581369817,0.004380163098785195,0.0,0.0
2024-09-11,2.233461820142261,0.004286631214719394,0.0,0.0
2024-09-12,2.262507932877496,0.013004973925806684,0.0,0.0
2024-09-13,2.27970034428771,0.007598829228566917,0.0,0.0
2024-09-16,2.2812726272131245,0.0006896884186355923,0.0,0.0
2024-09-17,2.2753743014544616,-0.0025855418104361316,0.0,0.0
2024-09-18,2.2631996848049427,-0.005350599521905752,0.0,0.0
2024-09-19,2.300090866099956,0.016300453531652437,0.0,0.0
2024-09-20,2.312755371857937,0.005506089322225183,0.0,0.0
2024-09-23,2.317882966826759,0.002217093528877223,0.0,0.0
2024-09-24,2.337504163184687,0.008465136781599547,0.0,0.0
2024-09-25,2.333325267218775,-0.001787759795994881,0.0,0.0
2024-09-26,2.343904903648667,0.004534145572641313,0.0,0.0
2024-09-27,2.332787385176125,-0.004743161062224055,0.0,0.0
2024-09-30,2.327959840142332,-0.0020694320727512316,0.0,0.0
2024-10-01,2.3298470407013685,0.0008106671457532855,0.01591056740744633,3.7069778191322796e-05
2024-10-02,2.330576213370165,0.0003129701890545178,0.0,0.0
2024-10-03,2.327639027002535,-0.001260283337133461,0.0,0.0
2024-10-04,2.335886356971465,0.0035432169134708147,0.0,0.0
2024-10-07,2.3213373207929546,-0.006228486302464531,0.0,0.0
2024-10-08,2.323801577645133,0.001061567756700077,0.0,0.0
2024-10-09,2.325674127067763,0.0008058129578032425,0.0,0.0
2024-10-10,2.33200025196399,0.0027201252413651122,0.0,0.0
2024-10-11,2.3516367325852636,0.00842044532573949,0.0,0.0
2024-10-14,2.359450545483791,0.0033227125560064685,0.0,0.0
2024-10-15,2.354180939173722,-0.002233404010164808,0.0,0.0
2024-10-16,2.3651771715094227,0.004670937629611682,0.0,0.0
2024-10-17,2.3722995610046427,0.0030113555893465094,0.0,0.0
2024-10-18,2.3894101705427926,0.007212668172017711,0.0,0.0
2024-10-21,2.3872061217697342,-0.0009224237848446393,0.0,0.0
2024-10-22,2.3994246550765252,0.005118340303908342,0.0,0.0
2024-10-23,2.3739915101007494,-0.010599684771083084,0.0,0.0
2024-10-24,2.38570635333524,0.004934660964307058,0.0,0.0
2024-10-25,2.387763099776074,0.0008621121530563158,0.0,0.0
2024-10-28,2.391477673152281,0.0015556708186650337,0.0,0.0
2024-10-29,2.406493966750989,0.006279085841898846,0.0,0.0
2024-10-30,2.4095758226431414,0.0012806414371830943,0.0,0.0
2024-10-31,2.3673578807573645,-0.017520902014806383,0.0,0.0
2024-11-01,2.3673143992019843,-1.8367123844509337e-05,0.01164967526438816,2.7578765283072887e-05
2024-11-04,2.3664524752613474,-0.000364093565657142,0.0,0.0
2024-11-05,2.383406636318256,0.0071643784247290565,0.0,0.0
2024-11-06,2.3770307765040917,-0.0026751036591949884,0.0,0.0
2024-11-07,2.4050221976390205,0.011775792476736768,0.0,0.0
2024-11-08,2.402446835888721,-0.0010708266031088653,0.0,0.0
2024-11-11,2.3763421902278745,-0.010865857787521027,0.0,0.0
2024-11-12,2.3626885847174686,-0.005745639481785525,0.0,0.0
2024-11-13,2.3519438486935167,-0.004547673397777396,0.0,0.0
2024-11-14,2.3410775131374706,-0.004620150928383082,0.0,0.0
2024-11-15,2.3233550360490725,-0.007570222254045245,0.0,0.0
2024-11-18,2.3494273435384208,0.011221835270465164,0.0,0.0
2024-11-19,2.364010514721602,0.006207117331501699,0.0,0.0
2024-11-20,2.3708480508666456,0.002892345910673111,0.0,0.0
2024-11-21,2.3869828207633232,0.0068054845989729,0.0,0.0
2024-11-22,2.4057056346054786,0.007843715371260274,0.0,0.0
2024-11-25,2.37538712726068,-0.012602750273630448,0.0,0.0
2024-11-26,2.384057542272112,0.003650106086678484,0.0,0.0
2024-11-27,2.3828166598319,-0.000520491816246027,0.0,0.0
2024-11-29,2.4003732164964617,0.007367984688255724,0.0,0.0
2024-12-02,2.3901392798043846,-0.004263477288341977,1.0,0.0023925318116160017
2024-12-03,2.382190993803672,-0.003325448884034632,0.0,0.0
2024-12-04,2.393866723956231,0.004901256944942256,0.0,0.0
2024-12-05,2.377995792269937,-0.006629830945669712,0.0,0.0
2024-12-06,2.3844746135100623,0.002724488100940059,0.0,0.0
2024-12-09,2.3723457006204587,-0.005086618587123115,0.0,0.0
2024-12-10,2.363531796526579,-0.0037152696976560096,0.0,0.0
2024-12-11,2.3780474194473387,0.0061414967812540855,0.0,0.0
2024-12-12,2.3565753918842987,-0.009029268040428806,0.0,0.0
2024-12-13,2.3483787926278548,-0.0034781824866166877,0.0,0.0
2024-12-16,2.360259246590537,0.00505900240624646,0.0,0.0
2024-12-17,2.342041859681573,-0.007718383874686374,0.0,0.0
2024-12-18,2.25566423222382,-0.036881333739055,0.0,0.0
2024-12-19,2.250448852208047,-0.0023121260430819524,0.0,0.0
2024-12-20,2.2745998316568317,0.010731627792868403,0.0,0.0
2024-12-23,2.2791033157384186,0.0019799017035477817,0.0,0.0
2024-12-24,2.302050958748746,0.010068715556623475,0.0,0.0
2024-12-26,2.3134844363994356,0.00496664837380667,0.0,0.0
2024-12-27,2.2845977203511874,-0.012486237466635242,0.0,0.0
2024-12-30,2.262631431594389,-0.00961494820778419,0.0,0.0
2024-12-31,2.259768778606137,-0.0012651874928806262,0.0,0.0
2025-01-02,2.2555426677654373,-0.0018701518848784904,1.0,0.0022578004682336714
2025-01-03,2.260774891717915,0.0023197184550098893,0.0,0.0
2025-01-06,2.2659741913673295,0.00229978653268903,0.0,0.0
2025-01-07,2.259287492218776,-0.002950915846273827,0.0,0.0
2025-01-08,2.26692032793854,0.003378426050713923,0.0,0.0
2025-01-10,2.2603582240026903,-0.002894721907504061,0.0,0.0
2025-01-13,2.250744061536613,-0.004253380001446039,0.0,0.0
2025-01-14,2.258214931458034,0.003319288962744249,0.0,0.0
2025-01-15,2.2871445038362497,0.012810814407084425,0.0,0.0
2025-01-16,2.2928493007913264,0.00249428794092732,0.0,0.0
2025-01-17,2.2981961064164054,0.0023319481237749073,0.0,0.0
2025-01-21,2.32648516115846,0.012309243176886975,0.0,0.0
2025-01-22,2.338998555983826,0.005378669520133661,0.0,0.0
2025-01-23,2.343729300515477,0.0020225512835603254,0.0,0.0
2025-01-24,2.3475559788952385,0.0016327305286150118,0.0,0.0
2025-01-27,2.318743154642854,-0.01227354087034116,0.0,0.0
2025-01-28,2.338741109058314,0.008624480195410067,0.0,0.0
2025-01-29,2.3290101899047135,-0.004160750891114562,0.0,0.0
2025-01-30,2.3529325306374522,0.010271462459216396,0.0,0.0
2025-01-31,2.349064901126323,-0.0016437485821496622,0.0,0.0
2025-02-03,2.3475526336755985,-0.0006437742311843353,0.017633091355941006,4.139533998029333e-05
2025-02-04,2.366986475118003,0.008278341096010555,0.0,0.0
2025-02-05,2.379137945621069,0.005133730433529493,0.0,0.0
2025-02-06,2.3801004766203135,0.00040457132845794774,0.0,0.0
2025-02-07,2.371324892088167,-0.003687064734598011,0.0,0.0
2025-02-10,2.3995210818473005,0.011890479391166053,0.0,0.0
2025-02-11,2.395999114521767,-0.0014677792798645228,0.0,0.0
2025-02-12,2.393434248918008,-0.0010704785273975004,0.0,0.0
2025-02-13,2.4178636866609047,0.010206855590012776,0.0,0.0
2025-02-14,2.3996521358573943,-0.007532083344475304,0.0,0.0
2025-02-18,2.4230805911621927,0.009763271498694603,0.0,0.0
2025-02-19,2.4265855446504085,0.0014464865514582925,0.0,0.0
2025-02-20,2.4222105226910133,-0.0018029539362584002,0.0,0.0
2025-02-21,2.400581532934143,-0.008929442570846935,0.0,0.0
2025-02-24,2.401858759199198,0.0005320486921742695,0.0,0.0
2025-02-25,2.3798161399261666,-0.009177317021081044,0.0,0.0
2025-02-26,2.3822566774132534,0.0010255151421749709,0.0,0.0
2025-02-27,2.345108152597513,-0.015593838047744613,0.0,0.0
2025-02-28,2.3555399071124725,0.0044483042299796605,0.0,0.0
2025-03-03,2.350709779338723,-0.002050539563844822,0.02475627123662906,5.8196249618046214e-05
2025-03-04,2.3470198525532506,-0.0015697075061773536,0.0,0.0
2025-03-05,2.361970703850142,0.006370142664377854,0.0,0.0
2025-03-06,2.3350953442159437,-0.011378362818128984,0.0,0.0
2025-03-07,2.3421752306872765,0.0030319474915103672,0.0,0.0
2025-03-10,2.3009350253447547,-0.01760765155492683,0.0,0.0
2025-03-11,2.3053004188149084,0.0018972258764671235,0.0,0.0
2025-03-12,2.3163952157558287,0.004812733668188907,0.0,0.0
2025-03-13,2.322546267198706,0.002655441265392966,0.0,0.0
2025-03-14,2.3459634732650674,0.010082557405672654,0.0,0.0
2025-03-17,2.361266960612441,0.006523327205122387,0.0,0.0
2025-03-18,2.363157366820383,0.0008005897848382126,0.0,0.0
2025-03-19,2.380526523150361,0.007349978708082405,0.0,0.0
2025-03-20,2.375638347510707,-0.002053401040533309,0.0,0.0
2025-03-21,2.366055564122027,-0.004033771974897182,0.0,0.0
2025-03-24,2.3809881752933353,0.006311183641559692,0.0,0.0
2025-03-25,2.3891506583084468,0.0034281913282101506,0.0,0.0
2025-03-26,2.3742636286530154,-0.006231097065252267,0.0,0.0
2025-03-27,2.387649969783576,0.0056381022600067165,0.0,0.0
2025-03-28,2.373797258841558,-0.00580181815480818,0.0,0.0
2025-03-31,2.399307950490983,0.010746786211167203,0.0,0.0
2025-04-01,2.3975868550566917,-0.0007173299425524693,1.0,0.0023999868418985906
2025-04-02,2.40280441266988,0.0021761704282721173,0.0,0.0
2025-04-03,2.395440696395009,-0.0030646340734362676,0.0,0.0
2025-04-04,2.366186301226835,-0.012212531586442532,0.0,0.0
2025-04-07,2.317743465349108,-0.02047295931542259,0.0,0.0
2025-04-08,2.309060927743211,-0.003746116744887118,0.0,0.0
2025-04-09,2.370915668388177,0.0267878339206149,0.0,0.0
2025-04-10,2.379892465027101,0.0037862150723508847,0.0,0.0
2025-04-11,2.402932876753507,0.009681282690284787,0.0,0.0
2025-04-14,2.403017297482307,3.5132370786117306e-05,0.0,0.0
2025-04-15,2.4157671421402163,0.005305764827938431,0.0,0.0
2025-04-16,2.461126679988391,0.018776452852980352,0.0,0.0
2025-04-17,2.4538441205191135,-0.0029590347902416214,0.0,0.0
2025-04-21,2.480634330574497,0.0109176495081178,0.0,0.0
2025-04-22,2.4648269400321947,-0.006372317897673119,0.0,0.0
2025-04-23,2.4389135316574686,-0.010513276998825538,0.0,0.0
2025-04-24,2.4693647991717342,0.012485587176012336,0.0,0.0
2025-04-25,2.461729851435151,-0.0030918670822327465,0.0,0.0
2025-04-28,2.4825801286569753,0.008469766578842464,0.0,0.0
2025-04-29,2.4727906071768255,-0.003943285200403879,0.0,0.0
2025-04-30,2.4576175897708183,-0.006135989582769508,0.0,0.0
2025-05-01,2.4270729260545356,-0.012428566528583151,0.02180265530546126,5.291778815627827e-05
2025-05-02,2.4262505990763947,-0.0003388142850234699,0.0,0.0
2025-05-05,2.460860932320764,0.014264945779939087,0.0,0.0
2025-05-06,2.498323859440261,0.015223504354700212,0.0,0.0
2025-05-07,2.4815181281526093,-0.006726802541691557,0.0,0.0
2025-05-08,2.4504361317088637,-0.012525395680621054,0.0,0.0
2025-05-09,2.4589991623198926,0.0034944924702271507,0.0,0.0
2025-05-12,2.4234837475968067,-0.014443036527747144,0.0,0.0
2025-05-13,2.429684077475528,0.002558436748284265,0.0,0.0
2025-05-14,2.3978674028034304,-0.01309498422739619,0.0,0.0
2025-05-15,2.4255659778425582,0.01155133724523072,0.0,0.0
2025-05-16,2.4131440212731636,-0.0051212610511809364,0.0,0.0
2025-05-19,2.4287189258347492,0.006454196029861636,0.0,0.0
2025-05-20,2.4484171732960283,0.008110550484761836,0.0,0.0
2025-05-21,2.4440808145428488,-0.001771086561748736,0.0,0.0
2025-05-22,2.439139318698844,-0.002021821788625644,0.0,0.0
2025-05-23,2.4671343181343035,0.011477408945378853,0.0,0.0
2025-05-27,2.4565866336284987,-0.004275277769951846,0.0,0.0
2025-05-28,2.4508276406234812,-0.0023443069038079356,0.0,0.0
2025-05-29,2.463606118180608,0.005213943789974529,0.0,0.0
2025-05-30,2.458916494333014,-0.0019035607246572495,0.0,0.0
2025-06-02,2.4883297701091758,0.011961884774838616,0.021955096390435826,5.463271942055866e-05
2025-06-03,2.477892612337394,-0.00419444315506623,0.0,0.0
2025-06-04,2.4949004671554125,0.006863838543017087,0.0,0.0
2025-06-05,2.4847985868276368,-0.0040490113576728826,0.0,0.0
2025-06-06,2.4606789173487025,-0.009706891176933574,0.0,0.0
2025-06-09,2.4701457810872762,0.0038472568167382537,0.0,0.0
2025-06-10,2.4735262950070913,0.001368548344675924,0.0,0.0
2025-06-11,2.484103386346968,0.004276118414923147,0.0,0.0
2025-06-12,2.5063649341888183,0.008961602791656587,0.0,0.0
2025-06-13,2.5151390119528,0.003500718368780298,0.0,0.0
2025-06-16,2.4949272855465363,-0.008036027555618497,0.0,0.0
2025-06-17,2.4998655631496156,0.0019793272660439953,0.0,0.0
2025-06-18,2.494088839336241,-0.002310813788760857,0.0,0.0
2025-06-20,2.494615604524041,0.00021120546288977415,0.0,0.0
2025-06-23,2.5015453545369297,0.002777882893188588,0.0,0.0
2025-06-24,2.4879508721827683,-0.005434433690960527,0.0,0.0
2025-06-25,2.490152663320371,0.0008849817583702624,0.0,0.0
2025-06-26,2.4934438686711147,0.0013216881837094796,0.0,0.0
2025-06-27,2.4691570877479885,-0.009740255727541114,0.0,0.0
2025-06-30,2.4905397186570792,0.008659890865263975,0.0,0.0
2025-07-01,2.500389403699975,0.0039548395751771714,1.0179602348726686,0.0025478906360138246
2025-07-02,2.5109423232290125,0.00422051041866589,0.0,0.0
2025-07-03,2.5026454284351907,-0.003304295250857181,0.0,0.0
2025-07-07,2.4899911943432826,-0.005056343159174692,0.0,0.0
2025-07-08,2.486048627870293,-0.0015833656287405073,0.0,0.0
2025-07-09,2.5009632996929176,0.005999348385796299,0.0,0.0
2025-07-10,2.5028869334746915,0.0007691571411743148,0.0,0.0
2025-07-11,2.5027900352786867,-3.871457184456695e-05,0.0,0.0
2025-07-14,2.498196550731089,-0.0018353455475087488,0.0,0.0
2025-07-15,2.4799646775767186,-0.007298013900881695,0.0,0.0
2025-07-16,2.4912274953459774,0.004541523462448849,0.0,0.0
2025-07-17,2.4917260609727148,0.00020012850198103393,0.0,0.0
2025-07-18,2.491475854309861,-0.00010041499616375571,0.0,0.0
2025-07-21,2.5173283904313193,0.010376394407650924,0.0,0.0
2025-07-22,2.536266010754808,0.00752290420092705,0.0,0.0
2025-07-23,2.5514318914524425,0.005979609643990358,0.0,0.0
2025-07-24,2.5341414422994983,-0.006776762966265726,0.0,0.0
2025-07-25,2.5209337029419845,-0.005211918773377122,0.0,0.0
2025-07-28,2.492390732339306,-0.011322380501069262,0.0,0.0
2025-07-29,2.493283651971275,0.00035825828606372845,0.0,0.0
2025-07-30,2.4628137746813867,-0.012220782527410323,0.0,0.0
2025-07-31,2.457634805585278,-0.0021028667085389863,0.0,0.0
2025-08-01,2.4769331298632933,0.007852397042130699,1.0,0.0024794125424057005
2025-08-04,2.5069964208371327,0.012137304237801017,0.0,0.0
2025-08-05,2.4994346472806397,-0.0030162681899513766,0.0,0.0
2025-08-06,2.512553864849779,0.005248874013734639,0.0,0.0
2025-08-07,2.5273441228828917,0.005886543663810029,0.0,0.0
2025-08-08,2.5389367179492677,0.004586868468529959,0.0,0.0
2025-08-11,2.517105966411995,-0.008598383481926986,0.0,0.0
2025-08-12,2.532083192052746,0.005950176846189814,0.0,0.0
2025-08-13,2.536497983358748,0.0017435411758424113,0.0,0.0
2025-08-14,2.527638950439884,-0.0034926236791771315,0.0,0.0
2025-08-15,2.522658297711806,-0.0019704763321561902,0.0,0.0
2025-08-18,2.5202207268234007,-0.000966270735365371,0.0,0.0
2025-08-19,2.495981996558651,-0.009617701341303242,0.0,0.0
2025-08-20,2.500804633222819,0.0019321600359365476,0.0,0.0
2025-08-21,2.490659552534785,-0.004056726604412919,0.0,0.0
2025-08-22,2.5232717258274353,0.013093790060331845,0.0,0.0
2025-08-25,2.516577438610547,-0.002653018756706982,0.0,0.0
2025-08-26,2.530712639410562,0.005616835223564376,0.0,0.0
2025-08-27,2.535204334474411,0.0017748736043359248,0.0,0.0
2025-08-28,2.552526795746558,0.00683276729871074,0.0,0.0
2025-08-29,2.5497704135468444,-0.0010798641582554502,0.0,0.0
2025-09-02,2.566642325383508,0.00661703177157591,1.0,0.002569211536920429
2025-09-03,2.578676701381476,0.004688762387712098,0.0,0.0
2025-09-04,2.582312288365045,0.0014098653707232955,0.0,0.0
2025-09-05,2.605306107388711,0.008904352555369588,0.0,0.0
2025-09-08,2.633200129074,0.010706619696695396,0.0,0.0
2025-09-09,2.6258124451407694,-0.00280559151264681,0.0,0.0
2025-09-10,2.6302589305834063,0.0016933751117165219,0.0,0.0
2025-09-11,2.642172741442204,0.0045295201625472625,0.0,0.0
2025-09-12,2.6395320093615355,-0.0009994547439117207,0.0,0.0
2025-09-15,2.662071954533306,0.008539371787054995,0.0,0.0
2025-09-16,2.661068502715475,-0.00037694391247466985,0.0,0.0
2025-09-17,2.645782965781441,-0.005744135078986412,0.0,0.0
2025-09-18,2.6455623953411447,-8.336679279785653e-05,0.0,0.0
2025-09-19,2.6544937027066173,0.0033759579366567927,0.0,0.0
2025-09-22,2.6818808819416367,0.01031728920927355,0.0,0.0
2025-09-23,2.684888134664014,0.0011213222565651382,0.0,0.0
2025-09-24,2.6648612070155284,-0.007459129261261355,0.0,0.0
2025-09-25,2.661146824340417,-0.001393837196974168,0.0,0.0
2025-09-26,2.6790495819689757,0.0067274595542079485,0.0,0.0
2025-09-29,2.7066955114955213,0.010319304917913108,0.0,0.0
2025-09-30,2.7239433343795896,0.006372280447067391,0.0,0.0
2025-10-01,2.7343227468878717,0.0038104362808435432,1.0000000000000002,0.0027370598066945675
2025-10-02,2.7351817497430826,0.00031415561904268863,0.0,0.0
2025-10-03,2.7403466646978667,0.0018883260519229061,0.0,0.0
2025-10-06,2.7764947436176097,0.013191060600257432,0.0,0.0
2025-10-07,2.7764619745161556,-1.1802327927856737e-05,0.0,0.0
2025-10-08,2.8153610792548296,0.014010314240105126,0.0,0.0
2025-10-09,2.7873031612178165,-0.009966010485745413,0.0,0.0
2025-10-10,2.7534266354896055,-0.012153871957512385,0.0,0.0
2025-10-13,2.8162232963689795,0.022806731100067035,0.0,0.0
2025-10-14,2.817503642004599,0.00045463214414520614,0.0,0.0
2025-10-15,2.8524115192096877,0.012389647588974206,0.0,0.0
2025-10-16,2.882148222343524,0.010425109747865369,0.0,0.0
2025-10-17,2.862430924518886,-0.006841181057858803,0.0,0.0
2025-10-20,2.934052029145429,0.025021077019904192,0.0,0.0
2025-10-21,2.8341948562943937,-0.03403387937879199,0.0,0.0
2025-10-22,2.820999752328734,-0.004655679879015717,0.0,0.0
2025-10-23,2.8383340178751073,0.006144724235464416,0.0,0.0
2025-10-24,2.8482334148305113,0.0034877491137619288,0.0,0.0
2025-10-27,2.83278196548806,-0.0054249238359458385,0.0,0.0
2025-10-28,2.8336288298186036,0.0002989514692133266,0.0,0.0
2025-10-29,2.834788752267616,0.0004093417023451895,0.0,0.0
2025-10-30,2.8401393633479297,0.0018874814132212592,0.0,0.0
2025-10-31,2.839265296249262,-0.0003077550031338472,0.0,0.0
2025-11-03,2.845759059022034,0.002287127864152083,1.0047447058440881,0.0028621370657244288
2025-11-04,2.806233578580008,-0.01388925753103254,0.0,0.0
2025-11-05,2.8314314247369436,0.008979240484210171,0.0,0.0
2025-11-06,2.8265726837969782,-0.0017160016299588854,0.0,0.0
2025-11-07,2.8404837283723836,0.004921523743277145,0.0,0.0
2025-11-10,2.8942387304930817,0.018924594280812945,0.0,0.0
2025-11-11,2.9105241758065996,0.005626849347960761,0.0,0.0
2025-11-12,2.942716912736853,0.011060803822848131,0.0,0.0
2025-11-13,2.915175155695125,-0.00935929546009684,0.0,0.0
2025-11-14,2.8844500455363953,-0.010539713230851566,0.0,0.0
2025-11-17,2.8491557907059937,-0.01223604301451453,0.0,0.0
2025-11-18,2.841209873469843,-0.0027888672364179135,0.0,0.0
2025-11-19,2.8393487372563886,-0.0006550505933522466,0.0,0.0
2025-11-20,2.819657642038612,-0.006935074568122257,0.0,0.0
2025-11-21,2.8386433243751616,0.006733328916777026,0.0,0.0
2025-11-24,2.8627274739043527,0.008484387355883305,0.0,0.0
2025-11-25,2.878972210516875,0.005674566217219068,0.0,0.0
2025-11-26,2.906205470741213,0.009459368911188148,0.0,0.0
2025-11-28,2.929387931763899,0.007976883002967172,0.0,0.0
2025-12-01,2.929450316008296,2.1295999659276532e-05,0.026642372453663715,7.804958582973022e-05
2025-12-02,2.924965834307688,-0.0015308270210633301,0.0,0.0
2025-12-03,2.9314995738227045,0.002233783191031069,0.0,0.0
2025-12-04,2.9364594594200426,0.0016919277906870533,0.0,0.0
2025-12-05,2.933866351181732,-0.0008830730592899183,0.0,0.0
2025-12-08,2.925394129561096,-0.0028877326389538105,0.0,0.0
2025-12-09,2.9308247615257708,0.0018563761750249874,0.0,0.0
2025-12-10,2.9534173461422757,0.007708609846991843,0.0,0.0
2025-12-11,2.9779781607156783,0.008316066337689776,0.0,0.0
2025-12-12,2.9783595749755665,0.00012807825957872332,0.0,0.0
2025-12-15,2.988835816989326,0.0035174537358690916,0.0,0.0
2025-12-16,2.982215486141111,-0.002215019911961491,0.0,0.0
2025-12-17,2.9828702410346226,0.00021955318002819801,0.0,0.0
2025-12-18,2.9907128129740537,0.0026292031854227016,0.0,0.0
2025-12-19,3.002479984733533,0.00393457095192562,0.0,0.0
2025-12-22,3.0408708207262225,0.012786375325694932,0.0,0.0
2025-12-23,3.0704913100463425,0.00974079172263087,0.0,0.0
2025-12-24,3.065954171610799,-0.0014776587775052752,0.0,0.0
2025-12-26,3.0865496243094412,0.006717469194205794,0.0,0.0
2025-12-29,3.013811709952747,-0.023566092631012947,0.0,0.0
2025-12-30,3.0174206480472865,0.001197466345565612,0.0,0.0
2025-12-31,3.001269552638104,-0.005352616453935477,0.0,0.0
