Date,SPY,QQQ,IWM,EFA,VNQ,GLD,TLT,LQD
2012-01-03,0.0,0.0,0.0,0.0,0.0,0.0,0.5,0.5
2012-01-04,0.0,0.0,0.0,0.0,0.0,0.0,0.49681193712037647,0.5031880628796235
2012-01-05,0.0,0.0,0.0,0.0,0.0,0.0,0.4974457665751656,0.5025542334248343
2012-01-06,0.0,0.0,0.0,0.0,0.0,0.0,0.49844264283812484,0.5015573571618751
2012-01-09,0.0,0.0,0.0,0.0,0.0,0.0,0.49837423518769675,0.5016257648123033
2012-01-10,0.0,0.0,0.0,0.0,0.0,0.0,0.49724808465896514,0.5027519153410348
2012-01-11,0.0,0.0,0.0,0.0,0.0,0.0,0.5005248715938813,0.4994751284061187
2012-01-12,0.0,0.0,0.0,0.0,0.0,0.0,0.4995999147127169,0.5004000852872831
2012-01-13,0.0,0.0,0.0,0.0,0.0,0.0,0.501176229722791,0.49882377027720914
2012-01-17,0.0,0.0,0.0,0.0,0.0,0.0,0.5015688878178557,0.49843111218214436
2012-01-18,0.0,0.0,0.0,0.0,0.0,0.0,0.4990255292170929,0.5009744707829069
2012-01-19,0.0,0.0,0.0,0.0,0.0,0.0,0.49562859111355556,0.5043714088864445
2012-01-20,0.0,0.0,0.0,0.0,0.0,0.0,0.4934150711593579,0.5065849288406421
2012-01-23,0.0,0.0,0.0,0.0,0.0,0.0,0.49220079160370417,0.5077992083962959
2012-01-24,0.0,0.0,0.0,0.0,0.0,0.0,0.49175581698105364,0.5082441830189464
2012-01-25,0.0,0.0,0.0,0.0,0.0,0.0,0.49030463898556104,0.5096953610144389
2012-01-26,0.0,0.0,0.0,0.0,0.0,0.0,0.49164654957345233,0.5083534504265478
2012-01-27,0.0,0.0,0.0,0.0,0.0,0.0,0.49206459822860776,0.5079354017713922
2012-01-30,0.0,0.0,0.0,0.0,0.0,0.0,0.49531314390289594,0.5046868560971042
2012-01-31,0.0,0.0,0.0,0.0,0.0,0.0,0.4974515234545766,0.5025484765454235
2012-02-01,0.0,0.0,0.0,0.0,0.0,0.5,0.5,0.0
2012-02-02,0.0,0.0,0.0,0.0,0.0,0.5022922610899223,0.4977077389100775,0.0
2012-02-03,0.0,0.0,0.0,0.0,0.0,0.502688818389662,0.497311181610338,0.0
2012-02-06,0.0,0.0,0.0,0.0,0.0,0.499526372594088,0.500473627405912,0.0
2012-02-07,0.0,0.0,0.0,0.0,0.0,0.5063858827950178,0.4936141172049821,0.0
2012-02-08,0.0,0.0,0.0,0.0,0.0,0.5044184484857291,0.49558155151427086,0.0
2012-02-09,0.0,0.0,0.0,0.0,0.0,0.5055815910253022,0.49441840897469785,0.0
2012-02-10,0.0,0.0,0.0,0.0,0.0,0.5010428493923444,0.4989571506076555,0.0
2012-02-13,0.0,0.0,0.0,0.0,0.0,0.5012753689953994,0.49872463100460057,0.0
2012-02-14,0.0,0.0,0.0,0.0,0.0,0.4993729391525158,0.5006270608474842,0.0
2012-02-15,0.0,0.0,0.0,0.0,0.0,0.5012956725285553,0.4987043274714446,0.0
2012-02-16,0.0,0.0,0.0,0.0,0.0,0.5031393709892668,0.49686062901073325,0.0
2012-02-17,0.0,0.0,0.0,0.0,0.0,0.5022343229087612,0.49776567709123876,0.0
2012-02-21,0.0,0.0,0.0,0.0,0.0,0.5104379203337406,0.4895620796662595,0.0
2012-02-22,0.0,0.0,0.0,0.0,0.0,0.5101045214650043,0.48989547853499577,0.0
2012-02-23,0.0,0.0,0.0,0.0,0.0,0.5102200966507952,0.48977990334920474,0.0
2012-02-24,0.0,0.0,0.0,0.0,0.0,0.5074547149400581,0.492545285059942,0.0
2012-02-27,0.0,0.0,0.0,0.0,0.0,0.5044815683774001,0.4955184316225998,0.0
2012-02-28,0.0,0.0,0.0,0.0,0.0,0.50789756640757,0.49210243359242994,0.0
2012-02-29,0.0,0.0,0.0,0.0,0.0,0.4958047637287927,0.5041952362712073,0.0
2012-03-01,0.0,0.0,0.0,0.0,0.0,0.0,0.5,0.5
2012-03-02,0.0,0.0,0.0,0.0,0.0,0.0,0.502251298300872,0.49774870169912805
2012-03-05,0.0,0.0,0.0,0.0,0.0,0.0,0.5007077478272508,0.4992922521727491
2012-03-06,0.0,0.0,0.0,0.0,0.0,0.0,0.5041076524063016,0.4958923475936983
2012-03-07,0.0,0.0,0.0,0.0,0.0,0.0,0.5026800499212263,0.49731995007877366
2012-03-08,0.0,0.0,0.0,0.0,0.0,0.0,0.500122682213595,0.499877317786405
2012-03-09,0.0,0.0,0.0,0.0,0.0,0.0,0.5007477525547529,0.49925224744524715
2012-03-12,0.0,0.0,0.0,0.0,0.0,0.0,0.5011982566096885,0.49880174339031147
2012-03-13,0.0,0.0,0.0,0.0,0.0,0.0,0.4974492215657972,0.5025507784342027
2012-03-14,0.0,0.0,0.0,0.0,0.0,0.0,0.49406114552514874,0.5059388544748512
2012-03-15,0.0,0.0,0.0,0.0,0.0,0.0,0.4949893556554929,0.5050106443445072
2012-03-16,0.0,0.0,0.0,0.0,0.0,0.0,0.49511212336423255,0.5048878766357675
2012-03-19,0.0,0.0,0.0,0.0,0.0,0.0,0.4924600066942456,0.5075399933057543
2012-03-20,0.0,0.0,0.0,0.0,0.0,0.0,0.4936097644053387,0.5063902355946612
2012-03-21,0.0,0.0,0.0,0.0,0.0,0.0,0.49528636083547933,0.5047136391645206
2012-03-22,0.0,0.0,0.0,0.0,0.0,0.0,0.49650385805970887,0.5034961419402911
2012-03-23,0.0,0.0,0.0,0.0,0.0,0.0,0.4986593881920591,0.5013406118079409
2012-03-26,0.0,0.0,0.0,0.0,0.0,0.0,0.49683132305361233,0.5031686769463877
2012-03-27,0.0,0.0,0.0,0.0,0.0,0.0,0.4966959381350425,0.5033040618649575
2012-03-28,0.0,0.0,0.0,0.0,0.0,0.0,0.4968182831782038,0.5031817168217962
2012-03-29,0.0,0.0,0.0,0.0,0.0,0.0,0.49819023727572004,0.50180976272428
2012-03-30,0.0,0.0,0.0,0.0,0.0,0.0,0.49453122745547,0.5054687725445299
2012-04-02,0.0,0.0,0.0,0.0,0.0,0.0,0.5,0.5
2012-04-03,0.0,0.0,0.0,0.0,0.0,0.0,0.49802148525998025,0.5019785147400198
2012-04-04,0.0,0.0,0.0,0.0,0.0,0.0,0.5009546817229256,0.49904531827707443
2012-04-05,0.0,0.0,0.0,0.0,0.0,0.0,0.5023404274441874,0.49765957255581256
2012-04-09,0.0,0.0,0.0,0.0,0.0,0.0,0.5064907353832354,0.49350926461676453
2012-04-10,0.0,0.0,0.0,0.0,0.0,0.0,0.5094598201451727,0.4905401798548273
2012-04-11,0.0,0.0,0.0,0.0,0.0,0.0,0.506707146173709,0.49329285382629096
2012-04-12,0.0,0.0,0.0,0.0,0.0,0.0,0.5055574678056517,0.4944425321943483
2012-04-13,0.0,0.0,0.0,0.0,0.0,0.0,0.5083806794932203,0.49161932050677964
2012-04-16,0.0,0.0,0.0,0.0,0.0,0.0,0.5080166178337632,0.4919833821662368
2012-04-17,0.0,0.0,0.0,0.0,0.0,0.0,0.5075438353975759,0.4924561646024241
2012-04-18,0.0,0.0,0.0,0.0,0.0,0.0,0.5083144471300768,0.49168555286992316
2012-04-19,0.0,0.0,0.0,0.0,0.0,0.0,0.5083773268880996,0.49162267311190033
2012-04-20,0.0,0.0,0.0,0.0,0.0,0.0,0.5084845798339898,0.49151542016601024
2012-04-23,0.0,0.0,0.0,0.0,0.0,0.0,0.5102496524401192,0.48975034755988067
2012-04-24,0.0,0.0,0.0,0.0,0.0,0.0,0.5089365054074363,0.49106349459256365
2012-04-25,0.0,0.0,0.0,0.0,0.0,0.0,0.5072221103073762,0.4927778896926237
2012-04-26,0.0,0.0,0.0,0.0,0.0,0.0,0.5083107947231155,0.4916892052768844
2012-04-27,0.0,0.0,0.0,0.0,0.0,0.0,0.508159269183856,0.491840730816144
2012-04-30,0.0,0.0,0.0,0.0,0.0,0.0,0.5083731883194399,0.49162681168056005
2012-05-01,0.0,0.0,0.0,0.0,0.0,0.0,0.5,0.5
2012-05-02,0.0,0.0,0.0,0.0,0.0,0.0,0.5009360226515256,0.49906397734847446
2012-05-03,0.0,0.0,0.0,0.0,0.0,0.0,0.5007215891115421,0.4992784108884579
2012-05-04,0.0,0.0,0.0,0.0,0.0,0.0,0.5023965413315883,0.49760345866841177
2012-05-07,0.0,0.0,0.0,0.0,0.0,0.0,0.5020098492856897,0.49799015071431035
2012-05-08,0.0,0.0,0.0,0.0,0.0,0.0,0.5027186773549245,0.4972813226450754
2012-05-09,0.0,0.0,0.0,0.0,0.0,0.0,0.5033145914799784,0.49668540852002147
2012-05-10,0.0,0.0,0.0,0.0,0.0,0.0,0.5030922225219366,0.4969077774780635
2012-05-11,0.0,0.0,0.0,0.0,0.0,0.0,0.5044008343526412,0.4955991656473589
2012-05-14,0.0,0.0,0.0,0.0,0.0,0.0,0.5078056669307386,0.4921943330692614
2012-05-15,0.0,0.0,0.0,0.0,0.0,0.0,0.5091352471853117,0.49086475281468833
2012-05-16,0.0,0.0,0.0,0.0,0.0,0.0,0.5097248055469804,0.49027519445301954
2012-05-17,0.0,0.0,0.0,0.0,0.0,0.0,0.5159767486969128,0.48402325130308715
2012-05-18,0.0,0.0,0.0,0.0,0.0,0.0,0.5170084693536922,0.48299153064630784
2012-05-21,0.0,0.0,0.0,0.0,0.0,0.0,0.5162043460037821,0.4837956539962178
2012-05-22,0.0,0.0,0.0,0.0,0.0,0.0,0.5140782744854716,0.4859217255145285
2012-05-23,0.0,0.0,0.0,0.0,0.0,0.0,0.515198804921244,0.4848011950787559
2012-05-24,0.0,0.0,0.0,0.0,0.0,0.0,0.5142025683771538,0.48579743162284617
2012-05-25,0.0,0.0,0.0,0.0,0.0,0.0,0.5145094935768458,0.4854905064231541
2012-05-29,0.0,0.0,0.0,0.0,0.0,0.0,0.5133727558330781,0.4866272441669221
2012-05-30,0.0,0.0,0.0,0.0,0.0,0.0,0.5194123671666808,0.4805876328333192
2012-05-31,0.0,0.0,0.0,0.0,0.0,0.0,0.5205285057945218,0.4794714942054783
2012-06-01,0.0,0.0,0.0,0.0,0.0,0.0,0.5,0.5
2012-06-04,0.0,0.0,0.0,0.0,0.0,0.0,0.4999212796635878,0.5000787203364123
2012-06-05,0.0,0.0,0.0,0.0,0.0,0.0,0.4970918740056616,0.5029081259943384
2012-06-06,0.0,0.0,0.0,0.0,0.0,0.0,0.49277882688038616,0.5072211731196138
2012-06-07,0.0,0.0,0.0,0.0,0.0,0.0,0.4926405684085301,0.5073594315914699
2012-06-08,0.0,0.0,0.0,0.0,0.0,0.0,0.49165658345360447,0.5083434165463956
2012-06-11,0.0,0.0,0.0,0.0,0.0,0.0,0.4928348352693876,0.5071651647306125
2012-06-12,0.0,0.0,0.0,0.0,0.0,0.0,0.49126974002796975,0.5087302599720303
2012-06-13,0.0,0.0,0.0,0.0,0.0,0.0,0.4928219743339023,0.5071780256660976
2012-06-14,0.0,0.0,0.0,0.0,0.0,0.0,0.49280446911099046,0.5071955308890096
2012-06-15,0.0,0.0,0.0,0.0,0.0,0.0,0.4931640031663101,0.50683599683369
2012-06-18,0.0,0.0,0.0,0.0,0.0,0.0,0.49461220379301757,0.5053877962069826
2012-06-19,0.0,0.0,0.0,0.0,0.0,0.0,0.49156091567416754,0.5084390843258325
2012-06-20,0.0,0.0,0.0,0.0,0.0,0.0,0.49268653479370145,0.5073134652062986
2012-06-21,0.0,0.0,0.0,0.0,0.0,0.0,0.493626633412776,0.5063733665872241
2012-06-22,0.0,0.0,0.0,0.0,0.0,0.0,0.49046295131784107,0.509537048682159
2012-06-25,0.0,0.0,0.0,0.0,0.0,0.0,0.4934344263899272,0.5065655736100728
2012-06-26,0.0,0.0,0.0,0.0,0.0,0.0,0.4921912741020513,0.5078087258979487
2012-06-27,0.0,0.0,0.0,0.0,0.0,0.0,0.4922456450402656,0.5077543549597344
2012-06-28,0.0,0.0,0.0,0.0,0.0,0.0,0.49247470829241424,0.5075252917075859
2012-06-29,0.0,0.0,0.0,0.0,0.0,0.0,0.4892663681367761,0.5107336318632238
2012-07-02,0.0,0.0,0.0,0.0,0.0,0.0,0.5,0.5
2012-07-03,0.0,0.0,0.0,0.0,0.0,0.0,0.4978591463375824,0.5021408536624177
2012-07-05,0.0,0.0,0.0,0.0,0.0,0.0,0.49849810546433065,0.5015018945356694
2012-07-06,0.0,0.0,0.0,0.0,0.0,0.0,0.5001770982164598,0.4998229017835402
2012-07-09,0.0,0.0,0.0,0.0,0.0,0.0,0.5022026341881349,0.49779736581186496
2012-07-10,0.0,0.0,0.0,0.0,0.0,0.0,0.5027724483938806,0.4972275516061195
2012-07-11,0.0,0.0,0.0,0.0,0.0,0.0,0.5026623966776049,0.49733760332239496
2012-07-12,0.0,0.0,0.0,0.0,0.0,0.0,0.503165355607844,0.4968346443921558
2012-07-13,0.0,0.0,0.0,0.0,0.0,0.0,0.5024243891638774,0.4975756108361227
2012-07-16,0.0,0.0,0.0,0.0,0.0,0.0,0.5028930255221027,0.4971069744778973
2012-07-17,0.0,0.0,0.0,0.0,0.0,0.0,0.5009201661271878,0.4990798338728122
2012-07-18,0.0,0.0,0.0,0.0,0.0,0.0,0.4996817223946447,0.5003182776053552
2012-07-19,0.0,0.0,0.0,0.0,0.0,0.0,0.49860502815747587,0.5013949718425241
2012-07-20,0.0,0.0,0.0,0.0,0.0,0.0,0.5014547609492841,0.49854523905071596
2012-07-23,0.0,0.0,0.0,0.0,0.0,0.0,0.503663005391717,0.49633699460828296
2012-07-24,0.0,0.0,0.0,0.0,0.0,0.0,0.5052297611148212,0.49477023888517874
2012-07-25,0.0,0.0,0.0,0.0,0.0,0.0,0.5053968370427839,0.4946031629572162
2012-07-26,0.0,0.0,0.0,0.0,0.0,0.0,0.5027043364936614,0.4972956635063386
2012-07-27,0.0,0.0,0.0,0.0,0.0,0.0,0.4991250185047026,0.5008749814952974
2012-07-30,0.0,0.0,0.0,0.0,0.0,0.0,0.5003430044184496,0.49965699558155047
2012-07-31,0.0,0.0,0.0,0.0,0.0,0.0,0.49956330892201567,0.5004366910779844
2012-08-01,0.0,0.0,0.0,0.0,0.0,0.0,0.5,0.5
2012-08-02,0.0,0.0,0.0,0.0,0.0,0.0,0.5012477252019095,0.4987522747980905
2012-08-03,0.0,0.0,0.0,0.0,0.0,0.0,0.49778084699888336,0.5022191530011166
2012-08-06,0.0,0.0,0.0,0.0,0.0,0.0,0.4975474824017675,0.5024525175982326
2012-08-07,0.0,0.0,0.0,0.0,0.0,0.0,0.49561857027738343,0.5043814297226165
2012-08-08,0.0,0.0,0.0,0.0,0.0,0.0,0.4949928916258407,0.5050071083741593
2012-08-09,0.0,0.0,0.0,0.0,0.0,0.0,0.4949799277469801,0.5050200722530199
2012-08-10,0.0,0.0,0.0,0.0,0.0,0.0,0.4955265832092338,0.5044734167907662
2012-08-13,0.0,0.0,0.0,0.0,0.0,0.0,0.4956300915666993,0.5043699084333008
2012-08-14,0.0,0.0,0.0,0.0,0.0,0.0,0.49335025590837955,0.5066497440916206
2012-08-15,0.0,0.0,0.0,0.0,0.0,0.0,0.49098916459263847,0.5090108354073615
2012-08-16,0.0,0.0,0.0,0.0,0.0,0.0,0.4895886474968498,0.5104113525031503
2012-08-17,0.0,0.0,0.0,0.0,0.0,0.0,0.4904664444876003,0.5095335555123996
2012-08-20,0.0,0.0,0.0,0.0,0.0,0.0,0.49028454518761333,0.5097154548123867
2012-08-21,0.0,0.0,0.0,0.0,0.0,0.0,0.49096941404712546,0.5090305859528745
2012-08-22,0.0,0.0,0.0,0.0,0.0,0.0,0.4936364437323471,0.5063635562676528
2012-08-23,0.0,0.0,0.0,0.0,0.0,0.0,0.4944909832099069,0.505509016790093
2012-08-24,0.0,0.0,0.0,0.0,0.0,0.0,0.4939796975269632,0.5060203024730368
2012-08-27,0.0,0.0,0.0,0.0,0.0,0.0,0.4951247968577176,0.5048752031422824
2012-08-28,0.0,0.0,0.0,0.0,0.0,0.0,0.49536789900049455,0.5046321009995054
2012-08-29,0.0,0.0,0.0,0.0,0.0,0.0,0.49479311930552705,0.5052068806944731
2012-08-30,0.0,0.0,0.0,0.0,0.0,0.0,0.4960033889909221,0.5039966110090778
2012-08-31,0.0,0.0,0.0,0.0,0.0,0.0,0.4977888841138517,0.5022111158861483
2012-09-04,0.0,0.5,0.0,0.0,0.0,0.0,0.0,0.5
2012-09-05,0.0,0.49963886230945664,0.0,0.0,0.0,0.0,0.0,0.5003611376905432
2012-09-06,0.0,0.506232330649226,0.0,0.0,0.0,0.0,0.0,0.49376766935077393
2012-09-07,0.0,0.5053508812348355,0.0,0.0,0.0,0.0,0.0,0.4946491187651644
2012-09-10,0.0,0.5021467000476851,0.0,0.0,0.0,0.0,0.0,0.4978532999523147
2012-09-11,0.0,0.5015366211887741,0.0,0.0,0.0,0.0,0.0,0.4984633788112259
2012-09-12,0.0,0.5027668145348864,0.0,0.0,0.0,0.0,0.0,0.49723318546511364
2012-09-13,0.0,0.5047993847038937,0.0,0.0,0.0,0.0,0.0,0.4952006152961063
2012-09-14,0.0,0.50851633824933,0.0,0.0,0.0,0.0,0.0,0.4914836617506699
2012-09-17,0.0,0.5077685950221856,0.0,0.0,0.0,0.0,0.0,0.4922314049778143
2012-09-18,0.0,0.5072133211434712,0.0,0.0,0.0,0.0,0.0,0.4927866788565289
2012-09-19,0.0,0.5072605956884232,0.0,0.0,0.0,0.0,0.0,0.49273940431157687
2012-09-20,0.0,0.5072193365986369,0.0,0.0,0.0,0.0,0.0,0.4927806634013631
2012-09-21,0.0,0.5068348626638264,0.0,0.0,0.0,0.0,0.0,0.4931651373361736
2012-09-24,0.0,0.5049974164557546,0.0,0.0,0.0,0.0,0.0,0.4950025835442455
2012-09-25,0.0,0.5009641118944705,0.0,0.0,0.0,0.0,0.0,0.49903588810552957
2012-09-26,0.0,0.49821953393151996,0.0,0.0,0.0,0.0,0.0,0.5017804660684799
2012-09-27,0.0,0.5017652886305601,0.0,0.0,0.0,0.0,0.0,0.49823471136944003
2012-09-28,0.0,0.49914063281000115,0.0,0.0,0.0,0.0,0.0,0.5008593671899988
2012-10-01,0.5,0.5,0.0,0.0,0.0,0.0,0.0,0.0
2012-10-02,0.4995306635477764,0.5004693364522237,0.0,0.0,0.0,0.0,0.0,0.0
2012-10-03,0.49895234426447055,0.5010476557355293,0.0,0.0,0.0,0.0,0.0,0.0
2012-10-04,0.49987120728433,0.5001287927156701,0.0,0.0,0.0,0.0,0.0,0.0
2012-10-05,0.5012257138505658,0.49877428614943403,0.0,0.0,0.0,0.0,0.0,0.0
2012-10-08,0.5026626050147169,0.49733739498528307,0.0,0.0,0.0,0.0,0.0,0.0
2012-10-09,0.504197554546326,0.49580244545367386,0.0,0.0,0.0,0.0,0.0,0.0
2012-10-10,0.5038642636326135,0.49613573636738656,0.0,0.0,0.0,0.0,0.0,0.0
2012-10-11,0.5047896178591187,0.4952103821408814,0.0,0.0,0.0,0.0,0.0,0.0
2012-10-12,0.5040810148925083,0.4959189851074918,0.0,0.0,0.0,0.0,0.0,0.0
2012-10-15,0.5043242664886209,0.4956757335113792,0.0,0.0,0.0,0.0,0.0,0.0
2012-10-16,0.5033336396695518,0.49666636033044825,0.0,0.0,0.0,0.0,0.0,0.0
2012-10-17,0.5046115104513708,0.49538848954862924,0.0,0.0,0.0,0.0,0.0,0.0
2012-10-18,0.5068785563269896,0.4931214436730105,0.0,0.0,0.0,0.0,0.0,0.0
2012-10-19,0.5087311296047319,0.49126887039526806,0.0,0.0,0.0,0.0,0.0,0.0
2012-10-22,0.507475603367877,0.4925243966321229,0.0,0.0,0.0,0.0,0.0,0.0
2012-10-23,0.506379567382142,0.493620432617858,0.0,0.0,0.0,0.0,0.0,0.0
2012-10-24,0.5065521021661238,0.49344789783387616,0.0,0.0,0.0,0.0,0.0,0.0
2012-10-25,0.5072778165468238,0.49272218345317603,0.0,0.0,0.0,0.0,0.0,0.0
2012-10-26,0.506408624649065,0.49359137535093506,0.0,0.0,0.0,0.0,0.0,0.0
2012-10-31,0.507943383183082,0.49205661681691815,0.0,0.0,0.0,0.0,0.0,0.0
2012-11-01,0.0,0.0,0.0,0.0,0.0,0.0,0.5,0.5
2012-11-02,0.0,0.0,0.0,0.0,0.0,0.0,0.5003065605608645,0.49969343943913536
2012-11-05,0.0,0.0,0.0,0.0,0.0,0.0,0.5015908889769601,0.4984091110230399
2012-11-06,0.0,0.0,0.0,0.0,0.0,0.0,0.5004299367591744,0.49957006324082565
2012-11-07,0.0,0.0,0.0,0.0,0.0,0.0,0.5044126520166948,0.4955873479833051
2012-11-08,0.0,0.0,0.0,0.0,0.0,0.0,0.5083403306293117,0.49165966937068817
2012-11-09,0.0,0.0,0.0,0.0,0.0,0.0,0.5092343124382466,0.4907656875617534
2012-11-12,0.0,0.0,0.0,0.0,0.0,0.0,0.5096095414796258,0.4903904585203741
2012-11-13,0.0,0.0,0.0,0.0,0.0,0.0,0.5103372172082031,0.489662782791797
2012-11-14,0.0,0.0,0.0,0.0,0.0,0.0,0.5100607254171778,0.48993927458282216
2012-11-15,0.0,0.0,0.0,0.0,0.0,0.0,0.5100598673341559,0.4899401326658441
2012-11-16,0.0,0.0,0.0,0.0,0.0,0.0,0.5097601948532935,0.49023980514670645
2012-11-19,0.0,0.0,0.0,0.0,0.0,0.0,0.5075728991114785,0.49242710088852154
2012-11-20,0.0,0.0,0.0,0.0,0.0,0.0,0.5058332525740145,0.4941667474259857
2012-11-21,0.0,0.0,0.0,0.0,0.0,0.0,0.5055077416395192,0.49449225836048083
2012-11-23,0.0,0.0,0.0,0.0,0.0,0.0,0.5051635329455647,0.4948364670544354
2012-11-26,0.0,0.0,0.0,0.0,0.0,0.0,0.505938136753661,0.494061863246339
2012-11-27,0.0,0.0,0.0,0.0,0.0,0.0,0.5067742641473332,0.4932257358526669
2012-11-28,0.0,0.0,0.0,0.0,0.0,0.0,0.5064558394788707,0.4935441605211291
2012-11-29,0.0,0.0,0.0,0.0,0.0,0.0,0.506311435500329,0.4936885644996711
2012-11-30,0.0,0.0,0.0,0.0,0.0,0.0,0.5056519848325194,0.49434801516748056
2012-12-03,0.0,0.0,0.0,0.0,0.5,0.0,0.0,0.5
2012-12-04,0.0,0.0,0.0,0.0,0.500161872402997,0.0,0.0,0.49983812759700286
2012-12-05,0.0,0.0,0.0,0.0,0.4988746870932273,0.0,0.0,0.5011253129067728
2012-12-06,0.0,0.0,0.0,0.0,0.5012351164415029,0.0,0.0,0.4987648835584971
2012-12-07,0.0,0.0,0.0,0.0,0.5027504504106185,0.0,0.0,0.49724954958938167
2012-12-10,0.0,0.0,0.0,0.0,0.5024101544456573,0.0,0.0,0.4975898455543427
2012-12-11,0.0,0.0,0.0,0.0,0.5039463417968155,0.0,0.0,0.49605365820318437
2012-12-12,0.0,0.0,0.0,0.0,0.5040186292269524,0.0,0.0,0.49598137077304777
2012-12-13,0.0,0.0,0.0,0.0,0.5024850801485754,0.0,0.0,0.49751491985142454
2012-12-14,0.0,0.0,0.0,0.0,0.5022606247751924,0.0,0.0,0.49773937522480755
2012-12-17,0.0,0.0,0.0,0.0,0.5043780635269456,0.0,0.0,0.4956219364730544
2012-12-18,0.0,0.0,0.0,0.0,0.507563751381314,0.0,0.0,0.4924362486186861
2012-12-19,0.0,0.0,0.0,0.0,0.5062472589379285,0.0,0.0,0.4937527410620715
2012-12-20,0.0,0.0,0.0,0.0,0.5092561748754542,0.0,0.0,0.49074382512454584
2012-12-21,0.0,0.0,0.0,0.0,0.5084087721697291,0.0,0.0,0.49159122783027076
2012-12-24,0.0,0.0,0.0,0.0,0.5089053741272821,0.0,0.0,0.491094625872718
2012-12-26,0.0,0.0,0.0,0.0,0.5073660418134156,0.0,0.0,0.4926339581865845
2012-12-27,0.0,0.0,0.0,0.0,0.507478550727164,0.0,0.0,0.4925214492728361
2012-12-28,0.0,0.0,0.0,0.0,0.5052777132261689,0.0,0.0,0.4947222867738311
2012-12-31,0.0,0.0,0.0,0.0,0.5092310769038461,0.0,0.0,0.4907689230961539
2013-01-02,0.0,0.0,0.0,0.0,0.5,0.0,0.0,0.5
2013-01-03,0.0,0.0,0.0,0.0,0.5013264201504362,0.0,0.0,0.4986735798495639
2013-01-04,0.0,0.0,0.0,0.0,0.5026119562465743,0.0,0.0,0.4973880437534259
2013-01-07,0.0,0.0,0.0,0.0,0.5027572978164369,0.0,0.0,0.4972427021835632
2013-01-08,0.0,0.0,0.0,0.0,0.5020446373800941,0.0,0.0,0.49795536261990586
2013-01-09,0.0,0.0,0.0,0.0,0.502835871827546,0.0,0.0,0.49716412817245403
2013-01-10,0.0,0.0,0.0,0.0,0.50297217163607,0.0,0.0,0.4970278283639301
2013-01-11,0.0,0.0,0.0,0.0,0.502368847810623,0.0,0.0,0.49763115218937704
2013-01-14,0.0,0.0,0.0,0.0,0.5035710980367477,0.0,0.0,0.4964289019632522
2013-01-15,0.0,0.0,0.0,0.0,0.5049627409427419,0.0,0.0,0.4950372590572581
2013-01-16,0.0,0.0,0.0,0.0,0.5046670917249776,0.0,0.0,0.49533290827502247
2013-01-17,0.0,0.0,0.0,0.0,0.5058777958081652,0.0,0.0,0.49412220419183467
2013-01-18,0.0,0.0,0.0,0.0,0.5066959823025112,0.0,0.0,0.4933040176974887
2013-01-22,0.0,0.0,0.0,0.0,0.5079775164448274,0.0,0.0,0.49202248355517264
2013-01-23,0.0,0.0,0.0,0.0,0.5075937477522654,0.0,0.0,0.4924062522477346
2013-01-24,0.0,0.0,0.0,0.0,0.5084566982189132,0.0,0.0,0.4915433017810869
2013-01-25,0.0,0.0,0.0,0.0,0.5110157803927333,0.0,0.0,0.4889842196072667
2013-01-28,0.0,0.0,0.0,0.0,0.5118755066055729,0.0,0.0,0.48812449339442704
2013-01-29,0.0,0.0,0.0,0.0,0.5131600842009713,0.0,0.0,0.48683991579902863
2013-01-30,0.0,0.0,0.0,0.0,0.5116063532779771,0.0,0.0,0.4883936467220229
2013-01-31,0.0,0.0,0.0,0.0,0.5099216377377582,0.0,0.0,0.49007836226224183
2013-02-01,0.5,0.0,0.0,0.0,0.0,0.0,0.0,0.5
2013-02-04,0.4963332344577316,0.0,0.0,0.0,0.0,0.0,0.0,0.5036667655422683
2013-02-05,0.49934917280022156,0.0,0.0,0.0,0.0,0.0,0.0,0.5006508271997784
2013-02-06,0.49888014466359326,0.0,0.0,0.0,0.0,0.0,0.0,0.5011198553364067
2013-02-07,0.49846516225175386,0.0,0.0,0.0,0.0,0.0,0.0,0.501534837748246
2013-02-08,0.4993078434283688,0.0,0.0,0.0,0.0,0.0,0.0,0.5006921565716312
2013-02-11,0.4993841366271893,0.0,0.0,0.0,0.0,0.0,0.0,0.5006158633728106
2013-02-12,0.5000468299946755,0.0,0.0,0.0,0.0,0.0,0.0,0.4999531700053245
2013-02-13,0.5008477643578503,0.0,0.0,0.0,0.0,0.0,0.0,0.4991522356421497
2013-02-14,0.500385730098823,0.0,0.0,0.0,0.0,0.0,0.0,0.499614269901177
2013-02-15,0.5001949526821188,0.0,0.0,0.0,0.0,0.0,0.0,0.4998050473178812
2013-02-19,0.5021243644687216,0.0,0.0,0.0,0.0,0.0,0.0,0.4978756355312785
2013-02-20,0.49857010032208215,0.0,0.0,0.0,0.0,0.0,0.0,0.5014298996779178
2013-02-21,0.4966486523104919,0.0,0.0,0.0,0.0,0.0,0.0,0.5033513476895082
2013-02-22,0.4989128817706106,0.0,0.0,0.0,0.0,0.0,0.0,0.5010871182293894
2013-02-25,0.49263328529805417,0.0,0.0,0.0,0.0,0.0,0.0,0.5073667147019458
2013-02-26,0.49464989591857383,0.0,0.0,0.0,0.0,0.0,0.0,0.5053501040814261
2013-02-27,0.497862734168745,0.0,0.0,0.0,0.0,0.0,0.0,0.5021372658312551
2013-02-28,0.49728535033485044,0.0,0.0,0.0,0.0,0.0,0.0,0.5027146496651496
2013-03-01,0.0,0.0,0.0,0.0,0.5,0.0,0.0,0.5
2013-03-04,0.0,0.0,0.0,0.0,0.5020555927062933,0.0,0.0,0.4979444072937068
2013-03-05,0.0,0.0,0.0,0.0,0.5044330013877676,0.0,0.0,0.4955669986122323
2013-03-06,0.0,0.0,0.0,0.0,0.5044166940960173,0.0,0.0,0.4955833059039828
2013-03-07,0.0,0.0,0.0,0.0,0.50405503529361,0.0,0.0,0.49594496470639
2013-03-08,0.0,0.0,0.0,0.0,0.5053665081430603,0.0,0.0,0.4946334918569396
2013-03-11,0.0,0.0,0.0,0.0,0.5054124958717143,0.0,0.0,0.4945875041282856
2013-03-12,0.0,0.0,0.0,0.0,0.5039784654472715,0.0,0.0,0.4960215345527285
2013-03-13,0.0,0.0,0.0,0.0,0.5044600605331744,0.0,0.0,0.49553993946682556
2013-03-14,0.0,0.0,0.0,0.0,0.5059250774095678,0.0,0.0,0.49407492259043223
2013-03-15,0.0,0.0,0.0,0.0,0.5061576453720885,0.0,0.0,0.4938423546279115
2013-03-18,0.0,0.0,0.0,0.0,0.504162374112441,0.0,0.0,0.49583762588755914
2013-03-19,0.0,0.0,0.0,0.0,0.5025279326619195,0.0,0.0,0.49747206733808047
2013-03-20,0.0,0.0,0.0,0.0,0.5040477791428298,0.0,0.0,0.4959522208571702
2013-03-21,0.0,0.0,0.0,0.0,0.5030445886069355,0.0,0.0,0.4969554113930645
2013-03-22,0.0,0.0,0.0,0.0,0.5043355612101141,0.0,0.0,0.4956644387898859
2013-03-25,0.0,0.0,0.0,0.0,0.5043715221540641,0.0,0.0,0.4956284778459359
2013-03-26,0.0,0.0,0.0,0.0,0.5063509294646005,0.0,0.0,0.4936490705353995
2013-03-27,0.0,0.0,0.0,0.0,0.5059371050515024,0.0,0.0,0.4940628949484976
2013-03-28,0.0,0.0,0.0,0.0,0.5069348460657555,0.0,0.0,0.4930651539342446
2013-04-01,0.0,0.0,0.0,0.0,0.5,0.0,0.0,0.5
2013-04-02,0.0,0.0,0.0,0.0,0.5007973295429123,0.0,0.0,0.4992026704570877
2013-04-03,0.0,0.0,0.0,0.0,0.4989115777996712,0.0,0.0,0.5010884222003289
2013-04-04,0.0,0.0,0.0,0.0,0.5016128989423042,0.0,0.0,0.4983871010576958
2013-04-05,0.0,0.0,0.0,0.0,0.5021994768246555,0.0,0.0,0.49780052317534446
2013-04-08,0.0,0.0,0.0,0.0,0.5039709287283368,0.0,0.0,0.4960290712716632
2013-04-09,0.0,0.0,0.0,0.0,0.5037574743522218,0.0,0.0,0.49624252564777815
2013-04-10,0.0,0.0,0.0,0.0,0.5059585505425337,0.0,0.0,0.4940414494574663
2013-04-11,0.0,0.0,0.0,0.0,0.5072552028547882,0.0,0.0,0.49274479714521174
2013-04-12,0.0,0.0,0.0,0.0,0.5066265704735473,0.0,0.0,0.4933734295264526
2013-04-15,0.0,0.0,0.0,0.0,0.5013143930070098,0.0,0.0,0.49868560699299036
2013-04-16,0.0,0.0,0.0,0.0,0.5058786675823002,0.0,0.0,0.49412133241769984
2013-04-17,0.0,0.0,0.0,0.0,0.5028640086571912,0.0,0.0,0.4971359913428088
2013-04-18,0.0,0.0,0.0,0.0,0.502259489515501,0.0,0.0,0.4977405104844988
2013-04-19,0.0,0.0,0.0,0.0,0.5057122313764902,0.0,0.0,0.49428776862350987
2013-04-22,0.0,0.0,0.0,0.0,0.505291322426172,0.0,0.0,0.4947086775738279
2013-04-23,0.0,0.0,0.0,0.0,0.5063497890212606,0.0,0.0,0.49365021097873946
2013-04-24,0.0,0.0,0.0,0.0,0.5067863780385272,0.0,0.0,0.4932136219614727
2013-04-25,0.0,0.0,0.0,0.0,0.5060869903122517,0.0,0.0,0.4939130096877484
2013-04-26,0.0,0.0,0.0,0.0,0.5043744652442882,0.0,0.0,0.49562553475571164
2013-04-29,0.0,0.0,0.0,0.0,0.506479616477976,0.0,0.0,0.49352038352202415
2013-04-30,0.0,0.0,0.0,0.0,0.5098143847526939,0.0,0.0,0.49018561524730614
2013-05-01,0.0,0.0,0.0,0.0,0.5,0.0,0.0,0.5
2013-05-02,0.0,0.0,0.0,0.0,0.5016349164559434,0.0,0.0,0.49836508354405656
2013-05-03,0.0,0.0,0.0,0.0,0.5049921113698039,0.0,0.0,0.4950078886301961
2013-05-06,0.0,0.0,0.0,0.0,0.5063219336496505,0.0,0.0,0.49367806635034944
2013-05-07,0.0,0.0,0.0,0.0,0.5078876968572315,0.0,0.0,0.4921123031427686
2013-05-08,0.0,0.0,0.0,0.0,0.5077916536469522,0.0,0.0,0.49220834635304767
2013-05-09,0.0,0.0,0.0,0.0,0.5066858394442031,0.0,0.0,0.49331416055579697
2013-05-10,0.0,0.0,0.0,0.0,0.5089129037857625,0.0,0.0,0.4910870962142376
2013-05-13,0.0,0.0,0.0,0.0,0.5107373880443375,0.0,0.0,0.48926261195566234
2013-05-14,0.0,0.0,0.0,0.0,0.51231798633036,0.0,0.0,0.4876820136696399
2013-05-15,0.0,0.0,0.0,0.0,0.5139045616044695,0.0,0.0,0.4860954383955306
2013-05-16,0.0,0.0,0.0,0.0,0.5114695856064448,0.0,0.0,0.4885304143935552
2013-05-17,0.0,0.0,0.0,0.0,0.5139389447991228,0.0,0.0,0.4860610552008771
2013-05-20,0.0,0.0,0.0,0.0,0.5148094452358848,0.0,0.0,0.4851905547641151
2013-05-21,0.0,0.0,0.0,0.0,0.5152844788847599,0.0,0.0,0.48471552111524013
2013-05-22,0.0,0.0,0.0,0.0,0.5111147482927958,0.0,0.0,0.48888525170720426
2013-05-23,0.0,0.0,0.0,0.0,0.506132153529367,0.0,0.0,0.49386784647063314
2013-05-24,0.0,0.0,0.0,0.0,0.5056638556068613,0.0,0.0,0.4943361443931386
2013-05-28,0.0,0.0,0.0,0.0,0.5059282643083409,0.0,0.0,0.494071735691659
2013-05-29,0.0,0.0,0.0,0.0,0.5006723224505373,0.0,0.0,0.49932767754946256
2013-05-30,0.0,0.0,0.0,0.0,0.4979970285234558,0.0,0.0,0.5020029714765442
2013-05-31,0.0,0.0,0.0,0.0,0.4958775124921794,0.0,0.0,0.5041224875078206
2013-06-03,0.5,0.0,0.5,0.0,0.0,0.0,0.0,0.0
2013-06-04,0.5014683469573114,0.0,0.4985316530426886,0.0,0.0,0.0,0.0,0.0
2013-06-05,0.5011632170336598,0.0,0.4988367829663402,0.0,0.0,0.0,0.0,0.0
2013-06-06,0.5007858520585509,0.0,0.49921414794144925,0.0,0.0,0.0,0.0,0.0
2013-06-07,0.5020292270577041,0.0,0.49797077294229575,0.0,0.0,0.0,0.0,0.0
2013-06-10,0.5005064037868853,0.0,0.4994935962131146,0.0,0.0,0.0,0.0,0.0
2013-06-11,0.5006362948903473,0.0,0.4993637051096527,0.0,0.0,0.0,0.0,0.0
2013-06-12,0.5010520692841347,0.0,0.49894793071586546,0.0,0.0,0.0,0.0,0.0
2013-06-13,0.5004462155909856,0.0,0.49955378440901443,0.0,0.0,0.0,0.0,0.0
2013-06-14,0.5008100979835142,0.0,0.4991899020164859,0.0,0.0,0.0,0.0,0.0
2013-06-17,0.5011009778235743,0.0,0.4988990221764256,0.0,0.0,0.0,0.0,0.0
2013-06-18,0.5001381936273988,0.0,0.4998618063726013,0.0,0.0,0.0,0.0,0.0
2013-06-19,0.4997437960663208,0.0,0.5002562039336791,0.0,0.0,0.0,0.0,0.0
2013-06-20,0.5001732623789051,0.0,0.4998267376210949,0.0,0.0,0.0,0.0,0.0
2013-06-21,0.500244167259801,0.0,0.4997558327401988,0.0,0.0,0.0,0.0,0.0
2013-06-24,0.5003690412796168,0.0,0.49963095872038327,0.0,0.0,0.0,0.0,0.0
2013-06-25,0.5003704975834451,0.0,0.4996295024165548,0.0,0.0,0.0,0.0,0.0
2013-06-26,0.5016598701054483,0.0,0.49834012989455173,0.0,0.0,0.0,0.0,0.0
2013-06-27,0.49927532850221606,0.0,0.500724671497784,0.0,0.0,0.0,0.0,0.0
2013-06-28,0.4996880207528085,0.0,0.5003119792471914,0.0,0.0,0.0,0.0,0.0
2013-07-01,0.5,0.0,0.5,0.0,0.0,0.0,0.0,0.0
2013-07-02,0.49994580587207543,0.0,0.5000541941279245,0.0,0.0,0.0,0.0,0.0
2013-07-03,0.4995451671649269,0.0,0.500454832835073,0.0,0.0,0.0,0.0,0.0
2013-07-05,0.4987169132267531,0.0,0.501283086773247,0.0,0.0,0.0,0.0,0.0
2013-07-08,0.4991377404574223,0.0,0.5008622595425777,0.0,0.0,0.0,0.0,0.0
2013-07-09,0.4986178826759546,0.0,0.5013821173240454,0.0,0.0,0.0,0.0,0.0
2013-07-10,0.4980167062302289,0.0,0.5019832937697712,0.0,0.0,0.0,0.0,0.0
2013-07-11,0.4984784998334696,0.0,0.5015215001665303,0.0,0.0,0.0,0.0,0.0
2013-07-12,0.49807121247419905,0.0,0.501928787525801,0.0,0.0,0.0,0.0,0.0
2013-07-15,0.496842981332453,0.0,0.5031570186675469,0.0,0.0,0.0,0.0,0.0
2013-07-16,0.4971627296305837,0.0,0.5028372703694162,0.0,0.0,0.0,0.0,0.0
2013-07-17,0.4968352045691227,0.0,0.5031647954308773,0.0,0.0,0.0,0.0,0.0
2013-07-18,0.4965390726991732,0.0,0.5034609273008268,0.0,0.0,0.0,0.0,0.0
2013-07-19,0.4965991200408496,0.0,0.5034008799591505,0.0,0.0,0.0,0.0,0.0
2013-07-22,0.4965596672677191,0.0,0.503440332732281,0.0,0.0,0.0,0.0,0.0
2013-07-23,0.49619557382387974,0.0,0.5038044261761202,0.0,0.0,0.0,0.0,0.0
2013-07-24,0.4973681276249998,0.0,0.5026318723750001,0.0,0.0,0.0,0.0,0.0
2013-07-25,0.4956935716977039,0.0,0.504306428302296,0.0,0.0,0.0,0.0,0.0
2013-07-26,0.4969661634712421,0.0,0.5030338365287579,0.0,0.0,0.0,0.0,0.0
2013-07-29,0.49795523663092267,0.0,0.5020447633690774,0.0,0.0,0.0,0.0,0.0
2013-07-30,0.49773766762966404,0.0,0.5022623323703359,0.0,0.0,0.0,0.0,0.0
2013-07-31,0.49748107176463696,0.0,0.5025189282353631,0.0,0.0,0.0,0.0,0.0
2013-08-01,0.5,0.0,0.5,0.0,0.0,0.0,0.0,0.0
2013-08-02,0.5002102838202124,0.0,0.4997897161797875,0.0,0.0,0.0,0.0,0.0
2013-08-05,0.49899002240267204,0.0,0.5010099775973278,0.0,0.0,0.0,0.0,0.0
2013-08-06,0.5000895335823121,0.0,0.49991046641768777,0.0,0.0,0.0,0.0,0.0
2013-08-07,0.5010554371378406,0.0,0.4989445628621594,0.0,0.0,0.0,0.0,0.0
2013-08-08,0.5009356190506502,0.0,0.49906438094934974,0.0,0.0,0.0,0.0,0.0
2013-08-09,0.5004772319444712,0.0,0.49952276805552875,0.0,0.0,0.0,0.0,0.0
2013-08-12,0.49886364430445207,0.0,0.5011363556955479,0.0,0.0,0.0,0.0,0.0
2013-08-13,0.49993655714989305,0.0,0.5000634428501068,0.0,0.0,0.0,0.0,0.0
2013-08-14,0.499634277234542,0.0,0.500365722765458,0.0,0.0,0.0,0.0,0.0
2013-08-15,0.500794185289377,0.0,0.49920581471062303,0.0,0.0,0.0,0.0,0.0
2013-08-16,0.5010214381088516,0.0,0.49897856189114836,0.0,0.0,0.0,0.0,0.0
2013-08-19,0.5019636251842053,0.0,0.4980363748157946,0.0,0.0,0.0,0.0,0.0
2013-08-20,0.4996136283864159,0.0,0.500386371613584,0.0,0.0,0.0,0.0,0.0
2013-08-21,0.4995918505223118,0.0,0.5004081494776882,0.0,0.0,0.0,0.0,0.0
2013-08-22,0.49836188398630477,0.0,0.5016381160136952,0.0,0.0,0.0,0.0,0.0
2013-08-23,0.4985727902627447,0.0,0.5014272097372553,0.0,0.0,0.0,0.0,0.0
2013-08-26,0.49761638074574466,0.0,0.5023836192542555,0.0,0.0,0.0,0.0,0.0
2013-08-27,0.4994960475979457,0.0,0.5005039524020544,0.0,0.0,0.0,0.0,0.0
2013-08-28,0.4998865809316082,0.0,0.5001134190683918,0.0,0.0,0.0,0.0,0.0
2013-08-29,0.4977942502594942,0.0,0.5022057497405058,0.0,0.0,0.0,0.0,0.0
2013-08-30,0.5009300143162291,0.0,0.49906998568377087,0.0,0.0,0.0,0.0,0.0
2013-09-03,0.5,0.0,0.5,0.0,0.0,0.0,0.0,0.0
2013-09-04,0.49986763263917205,0.0,0.500132367360828,0.0,0.0,0.0,0.0,0.0
2013-09-05,0.4997921413638303,0.0,0.5002078586361697,0.0,0.0,0.0,0.0,0.0
2013-09-06,0.49922803711693653,0.0,0.5007719628830635,0.0,0.0,0.0,0.0,0.0
2013-09-09,0.49785457714737946,0.0,0.5021454228526205,0.0,0.0,0.0,0.0,0.0
2013-09-10,0.49725557182497315,0.0,0.5027444281750268,0.0,0.0,0.0,0.0,0.0
2013-09-11,0.49791990037253503,0.0,0.502080099627465,0.0,0.0,0.0,0.0,0.0
2013-09-12,0.49909497760937016,0.0,0.5009050223906297,0.0,0.0,0.0,0.0,0.0
2013-09-13,0.4982932561462261,0.0,0.5017067438537738,0.0,0.0,0.0,0.0,0.0
2013-09-16,0.4991879015686166,0.0,0.5008120984313833,0.0,0.0,0.0,0.0,0.0
2013-09-17,0.49783803513460484,0.0,0.5021619648653952,0.0,0.0,0.0,0.0,0.0
2013-09-18,0.49834583758717566,0.0,0.5016541624128243,0.0,0.0,0.0,0.0,0.0
2013-09-19,0.4981834838286962,0.0,0.5018165161713039,0.0,0.0,0.0,0.0,0.0
2013-09-20,0.49734263411249185,0.0,0.5026573658875082,0.0,0.0,0.0,0.0,0.0
2013-09-23,0.496159570013701,0.0,0.503840429986299,0.0,0.0,0.0,0.0,0.0
2013-09-24,0.4947417978854193,0.0,0.5052582021145806,0.0,0.0,0.0,0.0,0.0
2013-09-25,0.49448755683087575,0.0,0.5055124431691241,0.0,0.0,0.0,0.0,0.0
2013-09-26,0.49406537364696745,0.0,0.5059346263530327,0.0,0.0,0.0,0.0,0.0
2013-09-27,0.4940369841208273,0.0,0.5059630158791727,0.0,0.0,0.0,0.0,0.0
2013-09-30,0.49263118877228396,0.0,0.507368811227716,0.0,0.0,0.0,0.0,0.0
2013-10-01,0.0,0.0,0.5,0.5,0.0,0.0,0.0,0.0
2013-10-02,0.0,0.0,0.4990559081112843,0.5009440918887157,0.0,0.0,0.0,0.0
2013-10-03,0.0,0.0,0.4981253391592613,0.5018746608407387,0.0,0.0,0.0,0.0
2013-10-04,0.0,0.0,0.49920143445000764,0.5007985655499924,0.0,0.0,0.0,0.0
2013-10-07,0.0,0.0,0.49886192773923,0.5011380722607701,0.0,0.0,0.0,0.0
2013-10-08,0.0,0.0,0.4967332928330966,0.5032667071669035,0.0,0.0,0.0,0.0
2013-10-09,0.0,0.0,0.4946480873195413,0.5053519126804588,0.0,0.0,0.0,0.0
2013-10-10,0.0,0.0,0.49616037833267557,0.5038396216673243,0.0,0.0,0.0,0.0
2013-10-11,0.0,0.0,0.4984389743602012,0.5015610256397989,0.0,0.0,0.0,0.0
2013-10-14,0.0,0.0,0.4988374762339125,0.5011625237660874,0.0,0.0,0.0,0.0
2013-10-15,0.0,0.0,0.4975781492517118,0.5024218507482882,0.0,0.0,0.0,0.0
2013-10-16,0.0,0.0,0.49880403981298377,0.5011959601870163,0.0,0.0,0.0,0.0
2013-10-17,0.0,0.0,0.4976891228245167,0.5023108771754833,0.0,0.0,0.0,0.0
2013-10-18,0.0,0.0,0.4990484459522808,0.5009515540477193,0.0,0.0,0.0,0.0
2013-10-21,0.0,0.0,0.49817318456592663,0.5018268154340735,0.0,0.0,0.0,0.0
2013-10-22,0.0,0.0,0.4963477180129118,0.5036522819870882,0.0,0.0,0.0,0.0
2013-10-23,0.0,0.0,0.4979542439755524,0.5020457560244477,0.0,0.0,0.0,0.0
2013-10-24,0.0,0.0,0.49755545809594737,0.5024445419040525,0.0,0.0,0.0,0.0
2013-10-25,0.0,0.0,0.4984942443892714,0.5015057556107286,0.0,0.0,0.0,0.0
2013-10-28,0.0,0.0,0.49879580540274143,0.5012041945972584,0.0,0.0,0.0,0.0
2013-10-29,0.0,0.0,0.49898841429064045,0.5010115857093597,0.0,0.0,0.0,0.0
2013-10-30,0.0,0.0,0.49645642904020726,0.5035435709597929,0.0,0.0,0.0,0.0
2013-10-31,0.0,0.0,0.4963954030728938,0.5036045969271062,0.0,0.0,0.0,0.0
2013-11-01,0.0,0.5,0.5,0.0,0.0,0.0,0.0,0.0
2013-11-04,0.0,0.49750417289372734,0.5024958271062726,0.0,0.0,0.0,0.0,0.0
2013-11-05,0.0,0.49864057107285414,0.5013594289271458,0.0,0.0,0.0,0.0,0.0
2013-11-06,0.0,0.49965486559212746,0.5003451344078725,0.0,0.0,0.0,0.0,0.0
2013-11-07,0.0,0.499162823255037,0.5008371767449629,0.0,0.0,0.0,0.0,0.0
2013-11-08,0.0,0.4980135221915108,0.5019864778084892,0.0,0.0,0.0,0.0,0.0
2013-11-11,0.0,0.49727647831302224,0.5027235216869779,0.0,0.0,0.0,0.0,0.0
2013-11-12,0.0,0.49746491470956805,0.502535085290432,0.0,0.0,0.0,0.0,0.0
2013-11-13,0.0,0.4980890113228233,0.5019109886771768,0.0,0.0,0.0,0.0,0.0
2013-11-14,0.0,0.4991147882619375,0.5008852117380626,0.0,0.0,0.0,0.0,0.0
2013-11-15,0.0,0.4986424874444923,0.5013575125555076,0.0,0.0,0.0,0.0,0.0
2013-11-18,0.0,0.4979545625045658,0.5020454374954342,0.0,0.0,0.0,0.0,0.0
2013-11-19,0.0,0.49878138883724277,0.5012186111627573,0.0,0.0,0.0,0.0,0.0
2013-11-20,0.0,0.4982689005354165,0.5017310994645835,0.0,0.0,0.0,0.0,0.0
2013-11-21,0.0,0.4963308848578775,0.5036691151421223,0.0,0.0,0.0,0.0,0.0
2013-11-22,0.0,0.49644158053482756,0.5035584194651724,0.0,0.0,0.0,0.0,0.0
2013-11-25,0.0,0.49672341347742427,0.5032765865225757,0.0,0.0,0.0,0.0,0.0
2013-11-26,0.0,0.4961807700070904,0.5038192299929096,0.0,0.0,0.0,0.0,0.0
2013-11-27,0.0,0.49652522364821,0.50347477635179,0.0,0.0,0.0,0.0,0.0
2013-11-29,0.0,0.4978847208525868,0.5021152791474132,0.0,0.0,0.0,0.0,0.0
2013-12-02,0.0,0.5,0.5,0.0,0.0,0.0,0.0,0.0
2013-12-03,0.0,0.5009994008571871,0.49900059914281286,0.0,0.0,0.0,0.0,0.0
2013-12-04,0.0,0.5019050706452424,0.4980949293547575,0.0,0.0,0.0,0.0,0.0
2013-12-05,0.0,0.5014039089037613,0.49859609109623865,0.0,0.0,0.0,0.0,0.0
2013-12-06,0.0,0.5012714832680428,0.4987285167319573,0.0,0.0,0.0,0.0,0.0
2013-12-09,0.0,0.5023535901893067,0.4976464098106933,0.0,0.0,0.0,0.0,0.0
2013-12-10,0.0,0.5044577655756053,0.49554223442439477,0.0,0.0,0.0,0.0,0.0
2013-12-11,0.0,0.5053606512239268,0.49463934877607313,0.0,0.0,0.0,0.0,0.0
2013-12-12,0.0,0.504167447659057,0.4958325523409431,0.0,0.0,0.0,0.0,0.0
2013-12-13,0.0,0.5030255508982278,0.49697444910177213,0.0,0.0,0.0,0.0,0.0
2013-12-16,0.0,0.5014521701015551,0.49854782989844504,0.0,0.0,0.0,0.0,0.0
2013-12-17,0.0,0.5013123851025066,0.4986876148974933,0.0,0.0,0.0,0.0,0.0
2013-12-18,0.0,0.5007906379000204,0.49920936209997957,0.0,0.0,0.0,0.0,0.0
2013-12-19,0.0,0.5019604361467667,0.49803956385323334,0.0,0.0,0.0,0.0,0.0
2013-12-20,0.0,0.5003114917509457,0.4996885082490543,0.0,0.0,0.0,0.0,0.0
2013-12-23,0.0,0.5001087738576016,0.4998912261423985,0.0,0.0,0.0,0.0,0.0
2013-12-24,0.0,0.49926663467157756,0.5007333653284224,0.0,0.0,0.0,0.0,0.0
2013-12-26,0.0,0.5000724787347753,0.4999275212652248,0.0,0.0,0.0,0.0,0.0
2013-12-27,0.0,0.49959691577171406,0.5004030842282859,0.0,0.0,0.0,0.0,0.0
2013-12-30,0.0,0.49937726418836986,0.5006227358116303,0.0,0.0,0.0,0.0,0.0
2013-12-31,0.0,0.5004167008142049,0.4995832991857952,0.0,0.0,0.0,0.0,0.0
2014-01-02,0.0,0.5,0.5,0.0,0.0,0.0,0.0,0.0
2014-01-03,0.0,0.49692116892149335,0.5030788310785067,0.0,0.0,0.0,0.0,0.0
2014-01-06,0.0,0.4980315234965645,0.5019684765034355,0.0,0.0,0.0,0.0,0.0
2014-01-07,0.0,0.4982587783924171,0.5017412216075828,0.0,0.0,0.0,0.0,0.0
2014-01-08,0.0,0.49847669865578975,0.5015233013442102,0.0,0.0,0.0,0.0,0.0
2014-01-09,0.0,0.4975798258534359,0.5024201741465641,0.0,0.0,0.0,0.0,0.0
2014-01-10,0.0,0.4970157552341533,0.5029842447658468,0.0,0.0,0.0,0.0,0.0
2014-01-13,0.0,0.4967369489548704,0.5032630510451295,0.0,0.0,0.0,0.0,0.0
2014-01-14,0.0,0.4984058116967415,0.5015941883032584,0.0,0.0,0.0,0.0,0.0
2014-01-15,0.0,0.4985939892629613,0.5014060107370387,0.0,0.0,0.0,0.0,0.0
2014-01-16,0.0,0.49832121538064195,0.5016787846193581,0.0,0.0,0.0,0.0,0.0
2014-01-17,0.0,0.4977853576983727,0.5022146423016274,0.0,0.0,0.0,0.0,0.0
2014-01-21,0.0,0.49820064930419355,0.5017993506958064,0.0,0.0,0.0,0.0,0.0
2014-01-22,0.0,0.49758756098059315,0.5024124390194069,0.0,0.0,0.0,0.0,0.0
2014-01-23,0.0,0.49843200483335987,0.5015679951666401,0.0,0.0,0.0,0.0,0.0
2014-01-24,0.0,0.4999271442100844,0.5000728557899157,0.0,0.0,0.0,0.0,0.0
2014-01-27,0.0,0.5011793610978708,0.4988206389021293,0.0,0.0,0.0,0.0,0.0
2014-01-28,0.0,0.49840874690912823,0.5015912530908718,0.0,0.0,0.0,0.0,0.0
2014-01-29,0.0,0.4993486265069886,0.5006513734930115,0.0,0.0,0.0,0.0,0.0
2014-01-30,0.0,0.5002281197427615,0.4997718802572384,0.0,0.0,0.0,0.0,0.0
2014-01-31,0.0,0.5014277507282733,0.4985722492717268,0.0,0.0,0.0,0.0,0.0
2014-02-03,0.0,0.5,0.5,0.0,0.0,0.0,0.0,0.0
2014-02-04,0.0,0.4999524108572375,0.5000475891427625,0.0,0.0,0.0,0.0,0.0
2014-02-05,0.0,0.5011835175862968,0.49881648241370313,0.0,0.0,0.0,0.0,0.0
2014-02-06,0.0,0.5023803724827846,0.4976196275172154,0.0,0.0,0.0,0.0,0.0
2014-02-07,0.0,0.5039858837839735,0.49601411621602653,0.0,0.0,0.0,0.0,0.0
2014-02-10,0.0,0.5047596753604634,0.49524032463953666,0.0,0.0,0.0,0.0,0.0
2014-02-11,0.0,0.5053718047782743,0.4946281952217257,0.0,0.0,0.0,0.0,0.0
2014-02-12,0.0,0.504870098636554,0.4951299013634461,0.0,0.0,0.0,0.0,0.0
2014-02-13,0.0,0.503559257441257,0.49644074255874315,0.0,0.0,0.0,0.0,0.0
2014-02-14,0.0,0.5037099053163414,0.49629009468365853,0.0,0.0,0.0,0.0,0.0
2014-02-18,0.0,0.5023370716925373,0.49766292830746284,0.0,0.0,0.0,0.0,0.0
2014-02-19,0.0,0.5031864362389064,0.4968135637610936,0.0,0.0,0.0,0.0,0.0
2014-02-20,0.0,0.5016740205579092,0.49832597944209067,0.0,0.0,0.0,0.0,0.0
2014-02-21,0.0,0.5005613005580574,0.4994386994419426,0.0,0.0,0.0,0.0,0.0
2014-02-24,0.0,0.5000616663333417,0.49993833366665835,0.0,0.0,0.0,0.0,0.0
2014-02-25,0.0,0.49952757832327704,0.5004724216767229,0.0,0.0,0.0,0.0,0.0
2014-02-26,0.0,0.4977673556881165,0.5022326443118836,0.0,0.0,0.0,0.0,0.0
2014-02-27,0.0,0.49802437651070586,0.501975623489294,0.0,0.0,0.0,0.0,0.0
2014-02-28,0.0,0.4987455847851689,0.501254415214831,0.0,0.0,0.0,0.0,0.0
2014-03-03,0.0,0.5,0.5,0.0,0.0,0.0,0.0,0.0
2014-03-04,0.0,0.4969482571635706,0.5030517428364294,0.0,0.0,0.0,0.0,0.0
2014-03-05,0.0,0.4977816228765632,0.5022183771234368,0.0,0.0,0.0,0.0,0.0
2014-03-06,0.0,0.49760356794877586,0.5023964320512241,0.0,0.0,0.0,0.0,0.0
2014-03-07,0.0,0.4964475429823073,0.5035524570176926,0.0,0.0,0.0,0.0,0.0
2014-03-10,0.0,0.49750522096847444,0.5024947790315255,0.0,0.0,0.0,0.0,0.0
2014-03-11,0.0,0.4990389246797481,0.5009610753202519,0.0,0.0,0.0,0.0,0.0
2014-03-12,0.0,0.4992180892398861,0.5007819107601139,0.0,0.0,0.0,0.0,0.0
2014-03-13,0.0,0.4985682885917616,0.5014317114082384,0.0,0.0,0.0,0.0,0.0
2014-03-14,0.0,0.4958100853390207,0.5041899146609794,0.0,0.0,0.0,0.0,0.0
2014-03-17,0.0,0.4968961121555547,0.5031038878444454,0.0,0.0,0.0,0.0,0.0
2014-03-18,0.0,0.4962804871747541,0.503719512825246,0.0,0.0,0.0,0.0,0.0
2014-03-19,0.0,0.4965570006256426,0.5034429993743573,0.0,0.0,0.0,0.0,0.0
2014-03-20,0.0,0.49691417696313717,0.5030858230368628,0.0,0.0,0.0,0.0,0.0
2014-03-21,0.0,0.4950444533319277,0.5049555466680723,0.0,0.0,0.0,0.0,0.0
2014-03-24,0.0,0.4957054627561843,0.5042945372438157,0.0,0.0,0.0,0.0,0.0
2014-03-25,0.0,0.4965857351452984,0.5034142648547014,0.0,0.0,0.0,0.0,0.0
2014-03-26,0.0,0.49818040422924,0.5018195957707601,0.0,0.0,0.0,0.0,0.0
2014-03-27,0.0,0.4974073287193642,0.5025926712806358,0.0,0.0,0.0,0.0,0.0
2014-03-28,0.0,0.49813659654945525,0.5018634034505447,0.0,0.0,0.0,0.0,0.0
2014-03-31,0.0,0.49546649824865663,0.5045335017513434,0.0,0.0,0.0,0.0,0.0
2014-04-01,0.0,0.5,0.5,0.0,0.0,0.0,0.0,0.0
2014-04-02,0.0,0.4995221233480924,0.5004778766519077,0.0,0.0,0.0,0.0,0.0
2014-04-03,0.0,0.5000764784089176,0.4999235215910824,0.0,0.0,0.0,0.0,0.0
2014-04-04,0.0,0.49918570470438195,0.500814295295618,0.0,0.0,0.0,0.0,0.0
2014-04-07,0.0,0.5004741914752855,0.4995258085247146,0.0,0.0,0.0,0.0,0.0
2014-04-08,0.0,0.5010277779207444,0.4989722220792557,0.0,0.0,0.0,0.0,0.0
2014-04-09,0.0,0.5016937772845885,0.4983062227154114,0.0,0.0,0.0,0.0,0.0
2014-04-10,0.0,0.5010686924432735,0.4989313075567266,0.0,0.0,0.0,0.0,0.0
2014-04-11,0.0,0.5016284378520279,0.49837156214797207,0.0,0.0,0.0,0.0,0.0
2014-04-14,0.0,0.5028815824283663,0.49711841757163366,0.0,0.0,0.0,0.0,0.0
2014-04-15,0.0,0.502737050870792,0.497262949129208,0.0,0.0,0.0,0.0,0.0
2014-04-16,0.0,0.5033298384960189,0.4966701615039811,0.0,0.0,0.0,0.0,0.0
2014-04-17,0.0,0.5021449570822205,0.4978550429177795,0.0,0.0,0.0,0.0,0.0
2014-04-21,0.0,0.5028236414297901,0.49717635857021003,0.0,0.0,0.0,0.0,0.0
2014-04-22,0.0,0.5022370491339425,0.49776295086605743,0.0,0.0,0.0,0.0,0.0
2014-04-23,0.0,0.5016035946584457,0.4983964053415543,0.0,0.0,0.0,0.0,0.0
2014-04-24,0.0,0.5046211475986624,0.4953788524013376,0.0,0.0,0.0,0.0,0.0
2014-04-25,0.0,0.5050330383820152,0.4949669616179849,0.0,0.0,0.0,0.0,0.0
2014-04-28,0.0,0.5073037809825154,0.49269621901748467,0.0,0.0,0.0,0.0,0.0
2014-04-29,0.0,0.5086605100151482,0.49133948998485166,0.0,0.0,0.0,0.0,0.0
2014-04-30,0.0,0.5076619707040839,0.49233802929591597,0.0,0.0,0.0,0.0,0.0
2014-05-01,0.5,0.5,0.0,0.0,0.0,0.0,0.0,0.0
2014-05-02,0.5000981370328841,0.49990186296711586,0.0,0.0,0.0,0.0,0.0,0.0
2014-05-05,0.49926530816662756,0.5007346918333725,0.0,0.0,0.0,0.0,0.0,0.0
2014-05-06,0.5003413733346375,0.49965862666536254,0.0,0.0,0.0,0.0,0.0,0.0
2014-05-07,0.502530335348684,0.4974696646513161,0.0,0.0,0.0,0.0,0.0,0.0
2014-05-08,0.5024952409133927,0.49750475908660724,0.0,0.0,0.0,0.0,0.0,0.0
2014-05-09,0.5019446112059867,0.4980553887940134,0.0,0.0,0.0,0.0,0.0,0.0
2014-05-12,0.5002817066505832,0.4997182933494168,0.0,0.0,0.0,0.0,0.0,0.0
2014-05-13,0.5003355823559318,0.49966441764406827,0.0,0.0,0.0,0.0,0.0,0.0
2014-05-14,0.500454317033397,0.499545682966603,0.0,0.0,0.0,0.0,0.0,0.0
2014-05-15,0.5002211278800706,0.49977887211992944,0.0,0.0,0.0,0.0,0.0,0.0
2014-05-16,0.4994570094683527,0.5005429905316473,0.0,0.0,0.0,0.0,0.0,0.0
2014-05-19,0.49863986865799725,0.5013601313420026,0.0,0.0,0.0,0.0,0.0,0.0
2014-05-20,0.4979662170368004,0.5020337829631996,0.0,0.0,0.0,0.0,0.0,0.0
2014-05-21,0.4976883894660982,0.5023116105339018,0.0,0.0,0.0,0.0,0.0,0.0
2014-05-22,0.49720056184716077,0.5027994381528393,0.0,0.0,0.0,0.0,0.0,0.0
2014-05-23,0.49638631559322033,0.5036136844067797,0.0,0.0,0.0,0.0,0.0,0.0
2014-05-27,0.49482235699974025,0.5051776430002597,0.0,0.0,0.0,0.0,0.0,0.0
2014-05-28,0.49540988241808054,0.5045901175819195,0.0,0.0,0.0,0.0,0.0,0.0
2014-05-29,0.4951065838320584,0.5048934161679416,0.0,0.0,0.0,0.0,0.0,0.0
2014-05-30,0.4954816161626996,0.5045183838373005,0.0,0.0,0.0,0.0,0.0,0.0
2014-06-02,0.5,0.5,0.0,0.0,0.0,0.0,0.0,0.0
2014-06-03,0.4999801566080884,0.5000198433919116,0.0,0.0,0.0,0.0,0.0,0.0
2014-06-04,0.49955487383303576,0.5004451261669641,0.0,0.0,0.0,0.0,0.0,0.0
2014-06-05,0.49908543196077476,0.5009145680392254,0.0,0.0,0.0,0.0,0.0,0.0
2014-06-06,0.4988468392738049,0.5011531607261951,0.0,0.0,0.0,0.0,0.0,0.0
2014-06-09,0.4992910465410902,0.5007089534589098,0.0,0.0,0.0,0.0,0.0,0.0
2014-06-10,0.4988857487912077,0.5011142512087922,0.0,0.0,0.0,0.0,0.0,0.0
2014-06-11,0.49806894547396824,0.5019310545260317,0.0,0.0,0.0,0.0,0.0,0.0
2014-06-12,0.4985636696672426,0.5014363303327575,0.0,0.0,0.0,0.0,0.0,0.0
2014-06-13,0.49859241347590805,0.5014075865240919,0.0,0.0,0.0,0.0,0.0,0.0
2014-06-16,0.49858193114050453,0.5014180688594954,0.0,0.0,0.0,0.0,0.0,0.0
2014-06-17,0.4991405639475258,0.5008594360524743,0.0,0.0,0.0,0.0,0.0,0.0
2014-06-18,0.49956653100852816,0.5004334689914719,0.0,0.0,0.0,0.0,0.0,0.0
2014-06-19,0.5000079084099149,0.499992091590085,0.0,0.0,0.0,0.0,0.0,0.0
2014-06-20,0.5002212014987818,0.4997787985012182,0.0,0.0,0.0,0.0,0.0,0.0
2014-06-23,0.5000906301076594,0.4999093698923405,0.0,0.0,0.0,0.0,0.0,0.0
2014-06-24,0.49882262325975446,0.5011773767402455,0.0,0.0,0.0,0.0,0.0,0.0
2014-06-25,0.4983640238175363,0.5016359761824637,0.0,0.0,0.0,0.0,0.0,0.0
2014-06-26,0.4980510263877613,0.5019489736122387,0.0,0.0,0.0,0.0,0.0,0.0
2014-06-27,0.4974408274378817,0.5025591725621182,0.0,0.0,0.0,0.0,0.0,0.0
2014-06-30,0.49688691372691046,0.5031130862730895,0.0,0.0,0.0,0.0,0.0,0.0
2014-07-01,0.5,0.5,0.0,0.0,0.0,0.0,0.0,0.0
2014-07-02,0.4998326297376004,0.5001673702623995,0.0,0.0,0.0,0.0,0.0,0.0
2014-07-03,0.4994868035998888,0.5005131964001113,0.0,0.0,0.0,0.0,0.0,0.0
2014-07-07,0.49937358814280164,0.5006264118571985,0.0,0.0,0.0,0.0,0.0,0.0
2014-07-08,0.5007924417599307,0.4992075582400694,0.0,0.0,0.0,0.0,0.0,0.0
2014-07-09,0.5000615158083951,0.49993848419160486,0.0,0.0,0.0,0.0,0.0,0.0
2014-07-10,0.4998613745789746,0.5001386254210253,0.0,0.0,0.0,0.0,0.0,0.0
2014-07-11,0.49859896477152704,0.501401035228473,0.0,0.0,0.0,0.0,0.0,0.0
2014-07-14,0.4983634936559633,0.5016365063440368,0.0,0.0,0.0,0.0,0.0,0.0
2014-07-15,0.4987571210618608,0.5012428789381391,0.0,0.0,0.0,0.0,0.0,0.0
2014-07-16,0.49868804683309786,0.5013119531669022,0.0,0.0,0.0,0.0,0.0,0.0
2014-07-17,0.4991635352731367,0.5008364647268632,0.0,0.0,0.0,0.0,0.0,0.0
2014-07-18,0.49777328039434415,0.5022267196056558,0.0,0.0,0.0,0.0,0.0,0.0
2014-07-21,0.4976171990066067,0.5023828009933932,0.0,0.0,0.0,0.0,0.0,0.0
2014-07-22,0.4971208645149399,0.5028791354850601,0.0,0.0,0.0,0.0,0.0,0.0
2014-07-23,0.4960759346097701,0.5039240653902298,0.0,0.0,0.0,0.0,0.0,0.0
2014-07-24,0.49637164197019673,0.5036283580298032,0.0,0.0,0.0,0.0,0.0,0.0
2014-07-25,0.4961784513422585,0.5038215486577414,0.0,0.0,0.0,0.0,0.0,0.0
2014-07-28,0.49620208765326324,0.5037979123467368,0.0,0.0,0.0,0.0,0.0,0.0
2014-07-29,0.49556521628543493,0.5044347837145651,0.0,0.0,0.0,0.0,0.0,0.0
2014-07-30,0.49462165614024844,0.5053783438597514,0.0,0.0,0.0,0.0,0.0,0.0
2014-07-31,0.49473962194505755,0.5052603780549425,0.0,0.0,0.0,0.0,0.0,0.0
2014-08-01,0.5,0.5,0.0,0.0,0.0,0.0,0.0,0.0
2014-08-04,0.5000880860538527,0.49991191394614726,0.0,0.0,0.0,0.0,0.0,0.0
2014-08-05,0.49957413979649934,0.5004258602035005,0.0,0.0,0.0,0.0,0.0,0.0
2014-08-06,0.49983743410847215,0.5001625658915279,0.0,0.0,0.0,0.0,0.0,0.0
2014-08-07,0.4992747296691645,0.5007252703308356,0.0,0.0,0.0,0.0,0.0,0.0
2014-08-08,0.5003525270898421,0.49964747291015793,0.0,0.0,0.0,0.0,0.0,0.0
2014-08-11,0.49960505234207736,0.5003949476579226,0.0,0.0,0.0,0.0,0.0,0.0
2014-08-12,0.4993613305569728,0.5006386694430273,0.0,0.0,0.0,0.0,0.0,0.0
2014-08-13,0.49841572321916144,0.5015842767808385,0.0,0.0,0.0,0.0,0.0,0.0
2014-08-14,0.49830032565148613,0.5016996743485138,0.0,0.0,0.0,0.0,0.0,0.0
2014-08-15,0.49704007690022123,0.5029599230997788,0.0,0.0,0.0,0.0,0.0,0.0
2014-08-18,0.4972084044854547,0.5027915955145452,0.0,0.0,0.0,0.0,0.0,0.0
2014-08-19,0.49711279876088854,0.5028872012391115,0.0,0.0,0.0,0.0,0.0,0.0
2014-08-20,0.4977798090688963,0.5022201909311038,0.0,0.0,0.0,0.0,0.0,0.0
2014-08-21,0.4980015466419972,0.5019984533580029,0.0,0.0,0.0,0.0,0.0,0.0
2014-08-22,0.49723392033739744,0.5027660796626026,0.0,0.0,0.0,0.0,0.0,0.0
2014-08-25,0.4976165028526135,0.5023834971473865,0.0,0.0,0.0,0.0,0.0,0.0
2014-08-26,0.4975274474064254,0.5024725525935746,0.0,0.0,0.0,0.0,0.0,0.0
2014-08-27,0.49737721927417106,0.502622780725829,0.0,0.0,0.0,0.0,0.0,0.0
2014-08-28,0.49751635191141275,0.5024836480885874,0.0,0.0,0.0,0.0,0.0,0.0
2014-08-29,0.49729857659699533,0.5027014234030047,0.0,0.0,0.0,0.0,0.0,0.0
2014-09-02,0.5,0.5,0.0,0.0,0.0,0.0,0.0,0.0
2014-09-03,0.501341185704593,0.4986588142954069,0.0,0.0,0.0,0.0,0.0,0.0
2014-09-04,0.5012055960193599,0.4987944039806401,0.0,0.0,0.0,0.0,0.0,0.0
2014-09-05,0.5010724584154095,0.49892754158459046,0.0,0.0,0.0,0.0,0.0,0.0
2014-09-08,0.49995008879905983,0.5000499112009401,0.0,0.0,0.0,0.0,0.0,0.0
2014-09-09,0.500444201301421,0.499555798698579,0.0,0.0,0.0,0.0,0.0,0.0
2014-09-10,0.4993261862347809,0.500673813765219,0.0,0.0,0.0,0.0,0.0,0.0
2014-09-11,0.49981335939771415,0.5001866406022859,0.0,0.0,0.0,0.0,0.0,0.0
2014-09-12,0.4996271650279945,0.5003728349720056,0.0,0.0,0.0,0.0,0.0,0.0
2014-09-15,0.5018630487534342,0.4981369512465658,0.0,0.0,0.0,0.0,0.0,0.0
2014-09-16,0.5015677579812229,0.49843224201877717,0.0,0.0,0.0,0.0,0.0,0.0
2014-09-17,0.5015271824058711,0.4984728175941289,0.0,0.0,0.0,0.0,0.0,0.0
2014-09-18,0.5009793035055069,0.49902069649449315,0.0,0.0,0.0,0.0,0.0,0.0
2014-09-19,0.5009089636573867,0.49909103634261326,0.0,0.0,0.0,0.0,0.0,0.0
2014-09-22,0.5013070626174887,0.49869293738251136,0.0,0.0,0.0,0.0,0.0,0.0
2014-09-23,0.5005543249512154,0.4994456750487846,0.0,0.0,0.0,0.0,0.0,0.0
2014-09-24,0.4998350705799039,0.500164929420096,0.0,0.0,0.0,0.0,0.0,0.0
2014-09-25,0.5010829257568671,0.498917074243133,0.0,0.0,0.0,0.0,0.0,0.0
2014-09-26,0.5004153420968888,0.4995846579031113,0.0,0.0,0.0,0.0,0.0,0.0
2014-09-29,0.5002893818138161,0.49971061818618384,0.0,0.0,0.0,0.0,0.0,0.0
2014-09-30,0.4992758652347729,0.5007241347652271,0.0,0.0,0.0,0.0,0.0,0.0
2014-10-01,0.5,0.5,0.0,0.0,0.0,0.0,0.0,0.0
2014-10-02,0.5000384652117996,0.4999615347882003,0.0,0.0,0.0,0.0,0.0,0.0
2014-10-03,0.5003191915814597,0.49968080841854035,0.0,0.0,0.0,0.0,0.0,0.0
2014-10-06,0.5005615624493462,0.4994384375506538,0.0,0.0,0.0,0.0,0.0,0.0
2014-10-07,0.5002452115792025,0.49975478842079746,0.0,0.0,0.0,0.0,0.0,0.0
2014-10-08,0.49975966489367096,0.500240335106329,0.0,0.0,0.0,0.0,0.0,0.0
2014-10-09,0.4988220136067299,0.5011779863932702,0.0,0.0,0.0,0.0,0.0,0.0
2014-10-10,0.5022774457281657,0.4977225542718343,0.0,0.0,0.0,0.0,0.0,0.0
2014-10-13,0.5020854722934746,0.49791452770652533,0.0,0.0,0.0,0.0,0.0,0.0
2014-10-14,0.5024451584999814,0.4975548415000187,0.0,0.0,0.0,0.0,0.0,0.0
2014-10-15,0.502366538100849,0.497633461899151,0.0,0.0,0.0,0.0,0.0,0.0
2014-10-16,0.5037265409442729,0.4962734590557271,0.0,0.0,0.0,0.0,0.0,0.0
2014-10-17,0.503387813261204,0.49661218673879604,0.0,0.0,0.0,0.0,0.0,0.0
2014-10-20,0.5020948221690218,0.49790517783097815,0.0,0.0,0.0,0.0,0.0,0.0
2014-10-21,0.5005154510979152,0.4994845489020847,0.0,0.0,0.0,0.0,0.0,0.0
2014-10-22,0.5000250838360676,0.4999749161639324,0.0,0.0,0.0,0.0,0.0,0.0
2014-10-23,0.49918105830874776,0.5008189416912522,0.0,0.0,0.0,0.0,0.0,0.0
2014-10-24,0.4990612394302784,0.5009387605697216,0.0,0.0,0.0,0.0,0.0,0.0
2014-10-27,0.4985398733526143,0.5014601266473857,0.0,0.0,0.0,0.0,0.0,0.0
2014-10-28,0.4976449103077645,0.5023550896922356,0.0,0.0,0.0,0.0,0.0,0.0
2014-10-29,0.49819168065252356,0.5018083193474765,0.0,0.0,0.0,0.0,0.0,0.0
2014-10-30,0.4992637502007266,0.5007362497992734,0.0,0.0,0.0,0.0,0.0,0.0
2014-10-31,0.4986808313228673,0.5013191686771328,0.0,0.0,0.0,0.0,0.0,0.0
2014-11-03,0.0,0.5,0.0,0.0,0.5,0.0,0.0,0.0
2014-11-04,0.0,0.4987551801963898,0.0,0.0,0.5012448198036102,0.0,0.0,0.0
2014-11-05,0.0,0.499312958496934,0.0,0.0,0.500687041503066,0.0,0.0,0.0
2014-11-06,0.0,0.5020231015266633,0.0,0.0,0.4979768984733367,0.0,0.0,0.0
2014-11-07,0.0,0.5021181739564186,0.0,0.0,0.49788182604358155,0.0,0.0,0.0
2014-11-10,0.0,0.500952185126613,0.0,0.0,0.499047814873387,0.0,0.0,0.0
2014-11-11,0.0,0.5027113876333341,0.0,0.0,0.4972886123666659,0.0,0.0,0.0
2014-11-12,0.0,0.5050501928798152,0.0,0.0,0.4949498071201847,0.0,0.0,0.0
2014-11-13,0.0,0.5047587139334281,0.0,0.0,0.495241286066572,0.0,0.0,0.0
2014-11-14,0.0,0.5075974061830629,0.0,0.0,0.49240259381693696,0.0,0.0,0.0
2014-11-17,0.0,0.5057329441493655,0.0,0.0,0.4942670558506345,0.0,0.0,0.0
2014-11-18,0.0,0.506520055655329,0.0,0.0,0.49347994434467096,0.0,0.0,0.0
2014-11-19,0.0,0.5076369485767968,0.0,0.0,0.49236305142320325,0.0,0.0,0.0
2014-11-20,0.0,0.5079212626237342,0.0,0.0,0.49207873737626595,0.0,0.0,0.0
2014-11-21,0.0,0.5068514038727326,0.0,0.0,0.4931485961272673,0.0,0.0,0.0
2014-11-24,0.0,0.5079105170172857,0.0,0.0,0.4920894829827143,0.0,0.0,0.0
2014-11-25,0.0,0.5078524012063079,0.0,0.0,0.492147598793692,0.0,0.0,0.0
2014-11-26,0.0,0.5070622085070153,0.0,0.0,0.4929377914929847,0.0,0.0,0.0
2014-11-28,0.0,0.5075990211101105,0.0,0.0,0.49240097888988965,0.0,0.0,0.0
2014-12-01,0.0,0.5,0.0,0.0,0.5,0.0,0.0,0.0
2014-12-02,0.0,0.4994493180112068,0.0,0.0,0.5005506819887932,0.0,0.0,0.0
2014-12-03,0.0,0.5001477314400562,0.0,0.0,0.49985226855994386,0.0,0.0,0.0
2014-12-04,0.0,0.49938014165434874,0.0,0.0,0.5006198583456514,0.0,0.0,0.0
2014-12-05,0.0,0.5006724576668029,0.0,0.0,0.49932754233319715,0.0,0.0,0.0
2014-12-08,0.0,0.4973098310416804,0.0,0.0,0.5026901689583195,0.0,0.0,0.0
2014-12-09,0.0,0.49695899297636736,0.0,0.0,0.5030410070236325,0.0,0.0,0.0
2014-12-10,0.0,0.4932437790235771,0.0,0.0,0.5067562209764229,0.0,0.0,0.0
2014-12-11,0.0,0.4939662815034042,0.0,0.0,0.5060337184965957,0.0,0.0,0.0
2014-12-12,0.0,0.49341630651181756,0.0,0.0,0.5065836934881824,0.0,0.0,0.0
2014-12-15,0.0,0.49409050194057763,0.0,0.0,0.5059094980594223,0.0,0.0,0.0
2014-12-16,0.0,0.4903934906154059,0.0,0.0,0.5096065093845942,0.0,0.0,0.0
2014-12-17,0.0,0.48922646382928897,0.0,0.0,0.5107735361707111,0.0,0.0,0.0
2014-12-18,0.0,0.4934281285796029,0.0,0.0,0.5065718714203972,0.0,0.0,0.0
2014-12-19,0.0,0.4946474319568627,0.0,0.0,0.5053525680431373,0.0,0.0,0.0
2014-12-22,0.0,0.49112522817301274,0.0,0.0,0.5088747718269873,0.0,0.0,0.0
2014-12-23,0.0,0.49093906833066825,0.0,0.0,0.5090609316693318,0.0,0.0,0.0
2014-12-24,0.0,0.49219269005905714,0.0,0.0,0.5078073099409428,0.0,0.0,0.0
2014-12-26,0.0,0.4930742688519827,0.0,0.0,0.5069257311480173,0.0,0.0,0.0
2014-12-29,0.0,0.49165872963611296,0.0,0.0,0.5083412703638871,0.0,0.0,0.0
2014-12-30,0.0,0.490169279934714,0.0,0.0,0.509830720065286,0.0,0.0,0.0
2014-12-31,0.0,0.4918450647940669,0.0,0.0,0.5081549352059331,0.0,0.0,0.0
2015-01-02,0.0,0.0,0.0,0.0,0.5,0.0,0.5,0.0
2015-01-05,0.0,0.0,0.0,0.0,0.497468122075342,0.0,0.502531877924658,0.0
2015-01-06,0.0,0.0,0.0,0.0,0.4954713098346978,0.0,0.5045286901653023,0.0
2015-01-07,0.0,0.0,0.0,0.0,0.49976901629713927,0.0,0.5002309837028608,0.0
2015-01-08,0.0,0.0,0.0,0.0,0.504043845545722,0.0,0.49595615445427804,0.0
2015-01-09,0.0,0.0,0.0,0.0,0.5014381195722951,0.0,0.4985618804277049,0.0
2015-01-12,0.0,0.0,0.0,0.0,0.5019132960510255,0.0,0.4980867039489745,0.0
2015-01-13,0.0,0.0,0.0,0.0,0.501534190716196,0.0,0.49846580928380396,0.0
2015-01-14,0.0,0.0,0.0,0.0,0.5017953538827372,0.0,0.4982046461172628,0.0
2015-01-15,0.0,0.0,0.0,0.0,0.49847019073656806,0.0,0.5015298092634319,0.0
2015-01-16,0.0,0.0,0.0,0.0,0.5038340909279326,0.0,0.4961659090720674,0.0
2015-01-20,0.0,0.0,0.0,0.0,0.49855078934155084,0.0,0.5014492106584493,0.0
2015-01-21,0.0,0.0,0.0,0.0,0.5012842433626289,0.0,0.4987157566373711,0.0
2015-01-22,0.0,0.0,0.0,0.0,0.5065921718759149,0.0,0.4934078281240851,0.0
2015-01-23,0.0,0.0,0.0,0.0,0.5024267230619868,0.0,0.4975732769380132,0.0
2015-01-26,0.0,0.0,0.0,0.0,0.505284692681773,0.0,0.49471530731822694,0.0
2015-01-27,0.0,0.0,0.0,0.0,0.5049788185792706,0.0,0.4950211814207294,0.0
2015-01-28,0.0,0.0,0.0,0.0,0.4992555838433868,0.0,0.5007444161566132,0.0
2015-01-29,0.0,0.0,0.0,0.0,0.5017847931453419,0.0,0.49821520685465814,0.0
2015-01-30,0.0,0.0,0.0,0.0,0.4921872462928771,0.0,0.507812753707123,0.0
2015-02-02,0.0,0.0,0.0,0.0,0.5,0.0,0.5,0.0
2015-02-03,0.0,0.0,0.0,0.0,0.507510388010393,0.0,0.4924896119896069,0.0
2015-02-04,0.0,0.0,0.0,0.0,0.5060482199499144,0.0,0.4939517800500856,0.0
2015-02-05,0.0,0.0,0.0,0.0,0.5117868543983656,0.0,0.4882131456016345,0.0
2015-02-06,0.0,0.0,0.0,0.0,0.5088805976007169,0.0,0.49111940239928314,0.0
2015-02-09,0.0,0.0,0.0,0.0,0.5075154168611347,0.0,0.4924845831388653,0.0
2015-02-10,0.0,0.0,0.0,0.0,0.5103075206846543,0.0,0.4896924793153456,0.0
2015-02-11,0.0,0.0,0.0,0.0,0.5091084967693061,0.0,0.49089150323069375,0.0
2015-02-12,0.0,0.0,0.0,0.0,0.5129013569100269,0.0,0.4870986430899731,0.0
2015-02-13,0.0,0.0,0.0,0.0,0.5138115130705261,0.0,0.486188486929474,0.0
2015-02-17,0.0,0.0,0.0,0.0,0.516982980824329,0.0,0.483017019175671,0.0
2015-02-18,0.0,0.0,0.0,0.0,0.5178184047298541,0.0,0.4821815952701459,0.0
2015-02-19,0.0,0.0,0.0,0.0,0.5140510981488688,0.0,0.48594890185113127,0.0
2015-02-20,0.0,0.0,0.0,0.0,0.5157223999432576,0.0,0.48427760005674225,0.0
2015-02-23,0.0,0.0,0.0,0.0,0.5148759810203681,0.0,0.4851240189796318,0.0
2015-02-24,0.0,0.0,0.0,0.0,0.506646401410111,0.0,0.4933535985898891,0.0
2015-02-25,0.0,0.0,0.0,0.0,0.5056290500449986,0.0,0.49437094995500136,0.0
2015-02-26,0.0,0.0,0.0,0.0,0.5063341940217466,0.0,0.49366580597825344,0.0
2015-02-27,0.0,0.0,0.0,0.0,0.5061976628518884,0.0,0.4938023371481116,0.0
2015-03-02,0.0,0.0,0.0,0.0,0.5,0.0,0.5,0.0
2015-03-03,0.0,0.0,0.0,0.0,0.50043083072425,0.0,0.49956916927575007,0.0
2015-03-04,0.0,0.0,0.0,0.0,0.49795049495825033,0.0,0.5020495050417496,0.0
2015-03-05,0.0,0.0,0.0,0.0,0.49898971487624316,0.0,0.5010102851237568,0.0
2015-03-06,0.0,0.0,0.0,0.0,0.49613354297140283,0.0,0.5038664570285972,0.0
2015-03-09,0.0,0.0,0.0,0.0,0.4958193005207398,0.0,0.5041806994792603,0.0
2015-03-10,0.0,0.0,0.0,0.0,0.4923666627493331,0.0,0.507633337250667,0.0
2015-03-11,0.0,0.0,0.0,0.0,0.4907682813419336,0.0,0.5092317186580664,0.0
2015-03-12,0.0,0.0,0.0,0.0,0.4952578023073566,0.0,0.5047421976926435,0.0
2015-03-13,0.0,0.0,0.0,0.0,0.49587429253560383,0.0,0.5041257074643961,0.0
2015-03-16,0.0,0.0,0.0,0.0,0.49604527426206335,0.0,0.5039547257379366,0.0
2015-03-17,0.0,0.0,0.0,0.0,0.49389251197436984,0.0,0.5061074880256301,0.0
2015-03-18,0.0,0.0,0.0,0.0,0.4942873194421762,0.0,0.5057126805578238,0.0
2015-03-19,0.0,0.0,0.0,0.0,0.49544654969299357,0.0,0.5045534503070064,0.0
2015-03-20,0.0,0.0,0.0,0.0,0.5003259635051494,0.0,0.49967403649485054,0.0
2015-03-23,0.0,0.0,0.0,0.0,0.5003141701894748,0.0,0.4996858298105252,0.0
2015-03-24,0.0,0.0,0.0,0.0,0.4957710803594965,0.0,0.5042289196405034,0.0
2015-03-25,0.0,0.0,0.0,0.0,0.4935409934300798,0.0,0.5064590065699203,0.0
2015-03-26,0.0,0.0,0.0,0.0,0.4961586537613932,0.0,0.5038413462386069,0.0
2015-03-27,0.0,0.0,0.0,0.0,0.49339698595966824,0.0,0.5066030140403318,0.0
2015-03-30,0.0,0.0,0.0,0.0,0.49819159310795713,0.0,0.5018084068920429,0.0
2015-03-31,0.0,0.0,0.0,0.0,0.4954413984035466,0.0,0.5045586015964533,0.0
2015-04-01,0.0,0.0,0.0,0.0,0.5,0.0,0.5,0.0
2015-04-02,0.0,0.0,0.0,0.0,0.504556132702901,0.0,0.4954438672970989,0.0
2015-04-06,0.0,0.0,0.0,0.0,0.5085353946589406,0.0,0.4914646053410594,0.0
2015-04-07,0.0,0.0,0.0,0.0,0.5020050352907472,0.0,0.49799496470925275,0.0
2015-04-08,0.0,0.0,0.0,0.0,0.5023146380242928,0.0,0.49768536197570734,0.0
2015-04-09,0.0,0.0,0.0,0.0,0.5003343619571553,0.0,0.49966563804284464,0.0
2015-04-10,0.0,0.0,0.0,0.0,0.49978579943554774,0.0,0.5002142005644523,0.0
2015-04-13,0.0,0.0,0.0,0.0,0.4987716442160837,0.0,0.5012283557839163,0.0
2015-04-14,0.0,0.0,0.0,0.0,0.4978851212269751,0.0,0.502114878773025,0.0
2015-04-15,0.0,0.0,0.0,0.0,0.4962118681480665,0.0,0.5037881318519334,0.0
2015-04-16,0.0,0.0,0.0,0.0,0.49809898530341634,0.0,0.5019010146965837,0.0
2015-04-17,0.0,0.0,0.0,0.0,0.49409041984780644,0.0,0.5059095801521936,0.0
2015-04-20,0.0,0.0,0.0,0.0,0.4966727044451556,0.0,0.5033272955548445,0.0
2015-04-21,0.0,0.0,0.0,0.0,0.4982340731474142,0.0,0.5017659268525858,0.0
2015-04-22,0.0,0.0,0.0,0.0,0.5025974046434971,0.0,0.49740259535650294,0.0
2015-04-23,0.0,0.0,0.0,0.0,0.5021910870377841,0.0,0.4978089129622159,0.0
2015-04-24,0.0,0.0,0.0,0.0,0.5011516525356124,0.0,0.4988483474643875,0.0
2015-04-27,0.0,0.0,0.0,0.0,0.5008185315958796,0.0,0.4991814684041204,0.0
2015-04-28,0.0,0.0,0.0,0.0,0.5038050276886684,0.0,0.4961949723113317,0.0
2015-04-29,0.0,0.0,0.0,0.0,0.5017968769352741,0.0,0.498203123064726,0.0
2015-04-30,0.0,0.0,0.0,0.0,0.4972677841006599,0.0,0.5027322158993401,0.0
2015-05-01,0.0,0.5,0.0,0.0,0.0,0.0,0.5,0.0
2015-05-04,0.0,0.502782304152596,0.0,0.0,0.0,0.0,0.4972176958474041,0.0
2015-05-05,0.0,0.4990211105603907,0.0,0.0,0.0,0.0,0.5009788894396093,0.0
2015-05-06,0.0,0.5016106913616267,0.0,0.0,0.0,0.0,0.49838930863837333,0.0
2015-05-07,0.0,0.49976850606383016,0.0,0.0,0.0,0.0,0.5002314939361698,0.0
2015-05-08,0.0,0.5021955739765751,0.0,0.0,0.0,0.0,0.4978044260234248,0.0
2015-05-11,0.0,0.5073834621440431,0.0,0.0,0.0,0.0,0.49261653785595694,0.0
2015-05-12,0.0,0.5056022251676558,0.0,0.0,0.0,0.0,0.49439777483234426,0.0
2015-05-13,0.0,0.5081222198138288,0.0,0.0,0.0,0.0,0.4918777801861712,0.0
2015-05-14,0.0,0.5110799940409512,0.0,0.0,0.0,0.0,0.48892000595904883,0.0
2015-05-15,0.0,0.5061185120312038,0.0,0.0,0.0,0.0,0.49388148796879616,0.0
2015-05-18,0.0,0.5114393523116374,0.0,0.0,0.0,0.0,0.48856064768836255,0.0
2015-05-19,0.0,0.513392089766366,0.0,0.0,0.0,0.0,0.486607910233634,0.0
2015-05-20,0.0,0.513129780903619,0.0,0.0,0.0,0.0,0.48687021909638095,0.0
2015-05-21,0.0,0.5109505871104069,0.0,0.0,0.0,0.0,0.4890494128895932,0.0
2015-05-22,0.0,0.5105982753104079,0.0,0.0,0.0,0.0,0.4894017246895921,0.0
2015-05-26,0.0,0.5034679168024722,0.0,0.0,0.0,0.0,0.4965320831975278,0.0
2015-05-27,0.0,0.5068937761114428,0.0,0.0,0.0,0.0,0.49310622388855707,0.0
2015-05-28,0.0,0.5069415921360085,0.0,0.0,0.0,0.0,0.49305840786399147,0.0
2015-05-29,0.0,0.504896406212443,0.0,0.0,0.0,0.0,0.49510359378755686,0.0
2015-06-01,0.5,0.5,0.0,0.0,0.0,0.0,0.0,0.0
2015-06-02,0.5005454004061073,0.49945459959389277,0.0,0.0,0.0,0.0,0.0,0.0
2015-06-03,0.5004585285523947,0.49954147144760525,0.0,0.0,0.0,0.0,0.0,0.0
2015-06-04,0.5002473384192183,0.4997526615807817,0.0,0.0,0.0,0.0,0.0,0.0
2015-06-05,0.5004126173228567,0.49958738267714325,0.0,0.0,0.0,0.0,0.0,0.0
2015-06-08,0.5014223103843394,0.4985776896156607,0.0,0.0,0.0,0.0,0.0,0.0
2015-06-09,0.5018027585820057,0.4981972414179942,0.0,0.0,0.0,0.0,0.0,0.0
2015-06-10,0.501380861477833,0.49861913852216705,0.0,0.0,0.0,0.0,0.0,0.0
2015-06-11,0.501820336348825,0.498179663651175,0.0,0.0,0.0,0.0,0.0,0.0
2015-06-12,0.5019596520655902,0.49804034793440966,0.0,0.0,0.0,0.0,0.0,0.0
2015-06-15,0.502130450654999,0.49786954934500105,0.0,0.0,0.0,0.0,0.0,0.0
2015-06-16,0.502130302022357,0.497869697977643,0.0,0.0,0.0,0.0,0.0,0.0
2015-06-17,0.5018458773929637,0.4981541226070362,0.0,0.0,0.0,0.0,0.0,0.0
2015-06-18,0.5008151667577432,0.4991848332422569,0.0,0.0,0.0,0.0,0.0,0.0
2015-06-19,0.5009419546703469,0.49905804532965325,0.0,0.0,0.0,0.0,0.0,0.0
2015-06-22,0.5003834262305141,0.49961657376948576,0.0,0.0,0.0,0.0,0.0,0.0
2015-06-23,0.5003571532474697,0.4996428467525303,0.0,0.0,0.0,0.0,0.0,0.0
2015-06-24,0.4998244040148227,0.5001755959851772,0.0,0.0,0.0,0.0,0.0,0.0
2015-06-25,0.4995625033775141,0.5004374966224859,0.0,0.0,0.0,0.0,0.0,0.0
2015-06-26,0.5011796930320362,0.49882030696796376,0.0,0.0,0.0,0.0,0.0,0.0
2015-06-29,0.5018548558695854,0.4981451441304145,0.0,0.0,0.0,0.0,0.0,0.0
2015-06-30,0.5014888711672363,0.4985111288327637,0.0,0.0,0.0,0.0,0.0,0.0
2015-07-01,0.5,0.5,0.0,0.0,0.0,0.0,0.0,0.0
2015-07-02,0.49970145034813673,0.5002985496518633,0.0,0.0,0.0,0.0,0.0,0.0
2015-07-06,0.4995684897338299,0.50043151026617,0.0,0.0,0.0,0.0,0.0,0.0
2015-07-07,0.5005099085816948,0.4994900914183052,0.0,0.0,0.0,0.0,0.0,0.0
2015-07-08,0.5006715711785046,0.49932842882149536,0.0,0.0,0.0,0.0,0.0,0.0
2015-07-09,0.5012646691569169,0.4987353308430831,0.0,0.0,0.0,0.0,0.0,0.0
2015-07-10,0.5006021364809451,0.49939786351905496,0.0,0.0,0.0,0.0,0.0,0.0
2015-07-13,0.49899529326159664,0.5010047067384034,0.0,0.0,0.0,0.0,0.0,0.0
2015-07-14,0.4984394541237832,0.5015605458762168,0.0,0.0,0.0,0.0,0.0,0.0
2015-07-15,0.4980844880479792,0.5019155119520207,0.0,0.0,0.0,0.0,0.0,0.0
2015-07-16,0.4965741513048359,0.503425848695164,0.0,0.0,0.0,0.0,0.0,0.0
2015-07-17,0.49312821390512385,0.5068717860948762,0.0,0.0,0.0,0.0,0.0,0.0
2015-07-20,0.4924008529309223,0.5075991470690777,0.0,0.0,0.0,0.0,0.0,0.0
2015-07-21,0.4915648876182387,0.5084351123817613,0.0,0.0,0.0,0.0,0.0,0.0
2015-07-22,0.4939627041723457,0.5060372958276542,0.0,0.0,0.0,0.0,0.0,0.0
2015-07-23,0.4934852994330253,0.5065147005669747,0.0,0.0,0.0,0.0,0.0,0.0
2015-07-24,0.4933418680280137,0.5066581319719863,0.0,0.0,0.0,0.0,0.0,0.0
2015-07-27,0.4939620916575148,0.5060379083424852,0.0,0.0,0.0,0.0,0.0,0.0
2015-07-28,0.49486776575746355,0.5051322342425365,0.0,0.0,0.0,0.0,0.0,0.0
2015-07-29,0.4956384822186605,0.5043615177813394,0.0,0.0,0.0,0.0,0.0,0.0
2015-07-30,0.4945129144432791,0.5054870855567208,0.0,0.0,0.0,0.0,0.0,0.0
2015-07-31,0.4944232839028039,0.5055767160971961,0.0,0.0,0.0,0.0,0.0,0.0
2015-08-03,0.5,0.5,0.0,0.0,0.0,0.0,0.0,0.0
2015-08-04,0.49998191197459124,0.5000180880254087,0.0,0.0,0.0,0.0,0.0,0.0
2015-08-05,0.4988816145219942,0.5011183854780057,0.0,0.0,0.0,0.0,0.0,0.0
2015-08-06,0.5008676641536084,0.49913233584639155,0.0,0.0,0.0,0.0,0.0,0.0
2015-08-07,0.5007042664946727,0.4992957335053273,0.0,0.0,0.0,0.0,0.0,0.0
2015-08-10,0.5009950432689385,0.49900495673106143,0.0,0.0,0.0,0.0,0.0,0.0
2015-08-11,0.5019539846557111,0.4980460153442889,0.0,0.0,0.0,0.0,0.0,0.0
2015-08-12,0.5013922925032364,0.49860770749676364,0.0,0.0,0.0,0.0,0.0,0.0
2015-08-13,0.5014885272603443,0.4985114727396556,0.0,0.0,0.0,0.0,0.0,0.0
2015-08-14,0.5020124032390444,0.49798759676095555,0.0,0.0,0.0,0.0,0.0,0.0
2015-08-17,0.5013326947905881,0.498667305209412,0.0,0.0,0.0,0.0,0.0,0.0
2015-08-18,0.5018895024740874,0.4981104975259127,0.0,0.0,0.0,0.0,0.0,0.0
2015-08-19,0.5015569386535834,0.4984430613464165,0.0,0.0,0.0,0.0,0.0,0.0
2015-08-20,0.5033026620144001,0.4966973379856,0.0,0.0,0.0,0.0,0.0,0.0
2015-08-21,0.5068334372541253,0.4931665627458746,0.0,0.0,0.0,0.0,0.0,0.0
2015-08-24,0.5058879149120381,0.494112085087962,0.0,0.0,0.0,0.0,0.0,0.0
2015-08-25,0.5038699495393214,0.4961300504606786,0.0,0.0,0.0,0.0,0.0,0.0
2015-08-26,0.5010052403766713,0.4989947596233287,0.0,0.0,0.0,0.0,0.0,0.0
2015-08-27,0.5008594051103433,0.4991405948896566,0.0,0.0,0.0,0.0,0.0,0.0
2015-08-28,0.500919314532456,0.499080685467544,0.0,0.0,0.0,0.0,0.0,0.0
2015-08-31,0.5020113578520163,0.49798864214798355,0.0,0.0,0.0,0.0,0.0,0.0
2015-09-01,0.0,0.0,0.0,0.0,0.0,0.0,0.5,0.5
2015-09-02,0.0,0.0,0.0,0.0,0.0,0.0,0.4982080986656419,0.5017919013343581
2015-09-03,0.0,0.0,0.0,0.0,0.0,0.0,0.4982341561647805,0.5017658438352196
2015-09-04,0.0,0.0,0.0,0.0,0.0,0.0,0.4999457701655492,0.5000542298344508
2015-09-08,0.0,0.0,0.0,0.0,0.0,0.0,0.4973957986522275,0.5026042013477726
2015-09-09,0.0,0.0,0.0,0.0,0.0,0.0,0.4980519866994339,0.5019480133005662
2015-09-10,0.0,0.0,0.0,0.0,0.0,0.0,0.4968555860289039,0.5031444139710961
2015-09-11,0.0,0.0,0.0,0.0,0.0,0.0,0.4982525289727674,0.5017474710272326
2015-09-14,0.0,0.0,0.0,0.0,0.0,0.0,0.49866517259471516,0.5013348274052849
2015-09-15,0.0,0.0,0.0,0.0,0.0,0.0,0.4957160747007362,0.5042839252992637
2015-09-16,0.0,0.0,0.0,0.0,0.0,0.0,0.49431406228252806,0.5056859377174718
2015-09-17,0.0,0.0,0.0,0.0,0.0,0.0,0.495289340790716,0.5047106592092839
2015-09-18,0.0,0.0,0.0,0.0,0.0,0.0,0.4983521270689856,0.5016478729310145
2015-09-21,0.0,0.0,0.0,0.0,0.0,0.0,0.49551619907801614,0.5044838009219837
2015-09-22,0.0,0.0,0.0,0.0,0.0,0.0,0.4978895462874801,0.5021104537125198
2015-09-23,0.0,0.0,0.0,0.0,0.0,0.0,0.49801974023152734,0.5019802597684726
2015-09-24,0.0,0.0,0.0,0.0,0.0,0.0,0.4996748451451823,0.5003251548548178
2015-09-25,0.0,0.0,0.0,0.0,0.0,0.0,0.4982589081620639,0.501741091837936
2015-09-28,0.0,0.0,0.0,0.0,0.0,0.0,0.5020694353783755,0.4979305646216245
2015-09-29,0.0,0.0,0.0,0.0,0.0,0.0,0.5024529449732212,0.4975470550267789
2015-09-30,0.0,0.0,0.0,0.0,0.0,0.0,0.5016275443276427,0.49837245567235744
2015-10-01,0.0,0.0,0.0,0.0,0.0,0.0,0.5,0.5
2015-10-02,0.0,0.0,0.0,0.0,0.0,0.0,0.5004105341299353,0.49958946587006464
2015-10-05,0.0,0.0,0.0,0.0,0.0,0.0,0.4976631029206292,0.5023368970793708
2015-10-06,0.0,0.0,0.0,0.0,0.0,0.0,0.4982436099685708,0.5017563900314292
2015-10-07,0.0,0.0,0.0,0.0,0.0,0.0,0.4965309334290025,0.5034690665709974
2015-10-08,0.0,0.0,0.0,0.0,0.0,0.0,0.495416866538598,0.504583133461402
2015-10-09,0.0,0.0,0.0,0.0,0.0,0.0,0.49596418976925,0.50403581023075
2015-10-12,0.0,0.0,0.0,0.0,0.0,0.0,0.4968491801836411,0.503150819816359
2015-10-13,0.0,0.0,0.0,0.0,0.0,0.0,0.49746763446633363,0.5025323655336664
2015-10-14,0.0,0.0,0.0,0.0,0.0,0.0,0.49866078495527183,0.5013392150447282
2015-10-15,0.0,0.0,0.0,0.0,0.0,0.0,0.49753993648133776,0.5024600635186623
2015-10-16,0.0,0.0,0.0,0.0,0.0,0.0,0.4975350810757803,0.5024649189242196
2015-10-19,0.0,0.0,0.0,0.0,0.0,0.0,0.4968696534732414,0.5031303465267586
2015-10-20,0.0,0.0,0.0,0.0,0.0,0.0,0.4957981197985634,0.5042018802014365
2015-10-21,0.0,0.0,0.0,0.0,0.0,0.0,0.4970303181969656,0.5029696818030344
2015-10-22,0.0,0.0,0.0,0.0,0.0,0.0,0.4969210369773412,0.5030789630226589
2015-10-23,0.0,0.0,0.0,0.0,0.0,0.0,0.4956952276731879,0.504304772326812
2015-10-26,0.0,0.0,0.0,0.0,0.0,0.0,0.4969058264151841,0.503094173584816
2015-10-27,0.0,0.0,0.0,0.0,0.0,0.0,0.49746600654007306,0.502533993459927
2015-10-28,0.0,0.0,0.0,0.0,0.0,0.0,0.49744025077764004,0.50255974922236
2015-10-29,0.0,0.0,0.0,0.0,0.0,0.0,0.4951902464190709,0.5048097535809292
2015-10-30,0.0,0.0,0.0,0.0,0.0,0.0,0.496425366207295,0.5035746337927051
2015-11-02,0.0,0.5,0.0,0.0,0.0,0.0,0.0,0.5
2015-11-03,0.0,0.5008492203549282,0.0,0.0,0.0,0.0,0.0,0.49915077964507176
2015-11-04,0.0,0.5011523242367687,0.0,0.0,0.0,0.0,0.0,0.49884767576323136
2015-11-05,0.0,0.5004126264123139,0.0,0.0,0.0,0.0,0.0,0.4995873735876862
2015-11-06,0.0,0.5022156671113482,0.0,0.0,0.0,0.0,0.0,0.4977843328886518
2015-11-09,0.0,0.4999586871939252,0.0,0.0,0.0,0.0,0.0,0.5000413128060748
2015-11-10,0.0,0.49868737269468993,0.0,0.0,0.0,0.0,0.0,0.50131262730531
2015-11-11,0.0,0.49840003653269954,0.0,0.0,0.0,0.0,0.0,0.5015999634673005
2015-11-12,0.0,0.49604458288391784,0.0,0.0,0.0,0.0,0.0,0.5039554171160823
2015-11-13,0.0,0.490348636144487,0.0,0.0,0.0,0.0,0.0,0.5096513638555131
2015-11-16,0.0,0.4938748919957457,0.0,0.0,0.0,0.0,0.0,0.5061251080042544
2015-11-17,0.0,0.49377165661665734,0.0,0.0,0.0,0.0,0.0,0.5062283433833425
2015-11-18,0.0,0.49845934639486605,0.0,0.0,0.0,0.0,0.0,0.5015406536051339
2015-11-19,0.0,0.49789921060754744,0.0,0.0,0.0,0.0,0.0,0.5021007893924526
2015-11-20,0.0,0.49962966799184755,0.0,0.0,0.0,0.0,0.0,0.5003703320081523
2015-11-23,0.0,0.49882164852723,0.0,0.0,0.0,0.0,0.0,0.50117835147277
2015-11-24,0.0,0.4985159591907217,0.0,0.0,0.0,0.0,0.0,0.5014840408092783
2015-11-25,0.0,0.4984974472337887,0.0,0.0,0.0,0.0,0.0,0.5015025527662114
2015-11-27,0.0,0.49876136595437215,0.0,0.0,0.0,0.0,0.0,0.5012386340456279
2015-11-30,0.0,0.49801854492502023,0.0,0.0,0.0,0.0,0.0,0.5019814550749798
2015-12-01,0.0,0.5,0.0,0.0,0.0,0.0,0.0,0.5
2015-12-02,0.0,0.49905574846595285,0.0,0.0,0.0,0.0,0.0,0.5009442515340471
2015-12-03,0.0,0.4981179063796226,0.0,0.0,0.0,0.0,0.0,0.5018820936203774
2015-12-04,0.0,0.5025460558421707,0.0,0.0,0.0,0.0,0.0,0.49745394415782934
2015-12-07,0.0,0.5009809392252319,0.0,0.0,0.0,0.0,0.0,0.49901906077476815
2015-12-08,0.0,0.5013277978153104,0.0,0.0,0.0,0.0,0.0,0.49867220218468955
2015-12-09,0.0,0.4975690221966247,0.0,0.0,0.0,0.0,0.0,0.5024309778033752
2015-12-10,0.0,0.49928206494507615,0.0,0.0,0.0,0.0,0.0,0.5007179350549239
2015-12-11,0.0,0.4930270316989562,0.0,0.0,0.0,0.0,0.0,0.5069729683010438
2015-12-14,0.0,0.49676636728077567,0.0,0.0,0.0,0.0,0.0,0.5032336327192244
2015-12-15,0.0,0.49826275799897984,0.0,0.0,0.0,0.0,0.0,0.5017372420010201
2015-12-16,0.0,0.5019964244995959,0.0,0.0,0.0,0.0,0.0,0.498003575500404
2015-12-17,0.0,0.498044576228491,0.0,0.0,0.0,0.0,0.0,0.501955423771509
2015-12-18,0.0,0.49320282656102093,0.0,0.0,0.0,0.0,0.0,0.5067971734389791
2015-12-21,0.0,0.49578981126329275,0.0,0.0,0.0,0.0,0.0,0.5042101887367072
2015-12-22,0.0,0.4977550088392598,0.0,0.0,0.0,0.0,0.0,0.5022449911607401
2015-12-23,0.0,0.49938604424218946,0.0,0.0,0.0,0.0,0.0,0.5006139557578106
2015-12-24,0.0,0.49852858691511565,0.0,0.0,0.0,0.0,0.0,0.5014714130848843
2015-12-28,0.0,0.49870095743886167,0.0,0.0,0.0,0.0,0.0,0.5012990425611383
2015-12-29,0.0,0.5038951431981944,0.0,0.0,0.0,0.0,0.0,0.49610485680180566
2015-12-30,0.0,0.5016321370536759,0.0,0.0,0.0,0.0,0.0,0.4983678629463241
2015-12-31,0.0,0.4980834897928489,0.0,0.0,0.0,0.0,0.0,0.5019165102071511
2016-01-04,0.0,0.5,0.0,0.0,0.0,0.0,0.0,0.5
2016-01-05,0.0,0.4994338751580445,0.0,0.0,0.0,0.0,0.0,0.5005661248419554
2016-01-06,0.0,0.49603639277841827,0.0,0.0,0.0,0.0,0.0,0.5039636072215817
2016-01-07,0.0,0.48788864539771043,0.0,0.0,0.0,0.0,0.0,0.5121113546022896
2016-01-08,0.0,0.4856352530093291,0.0,0.0,0.0,0.0,0.0,0.5143647469906708
2016-01-11,0.0,0.48721012984693746,0.0,0.0,0.0,0.0,0.0,0.5127898701530627
2016-01-12,0.0,0.48952350287715013,0.0,0.0,0.0,0.0,0.0,0.5104764971228498
2016-01-13,0.0,0.4799953933070573,0.0,0.0,0.0,0.0,0.0,0.5200046066929428
2016-01-14,0.0,0.4864993281166252,0.0,0.0,0.0,0.0,0.0,0.5135006718833748
2016-01-15,0.0,0.47899824553202364,0.0,0.0,0.0,0.0,0.0,0.5210017544679765
2016-01-19,0.0,0.4806600716317984,0.0,0.0,0.0,0.0,0.0,0.5193399283682015
2016-01-20,0.0,0.4795199117046336,0.0,0.0,0.0,0.0,0.0,0.5204800882953663
2016-01-21,0.0,0.4804924781995081,0.0,0.0,0.0,0.0,0.0,0.519507521800492
2016-01-22,0.0,0.4874666413995689,0.0,0.0,0.0,0.0,0.0,0.512533358600431
2016-01-25,0.0,0.48399600715818253,0.0,0.0,0.0,0.0,0.0,0.5160039928418174
2016-01-26,0.0,0.48553003282802737,0.0,0.0,0.0,0.0,0.0,0.5144699671719726
2016-01-27,0.0,0.47991129328159116,0.0,0.0,0.0,0.0,0.0,0.5200887067184089
2016-01-28,0.0,0.4831255605765964,0.0,0.0,0.0,0.0,0.0,0.5168744394234037
2016-01-29,0.0,0.4869933345667866,0.0,0.0,0.0,0.0,0.0,0.5130066654332133
2016-02-01,0.0,0.5,0.0,0.0,0.0,0.0,0.0,0.5
2016-02-02,0.0,0.49406721419673405,0.0,0.0,0.0,0.0,0.0,0.505932785803266
2016-02-03,0.0,0.4934818282049423,0.0,0.0,0.0,0.0,0.0,0.5065181717950576
2016-02-04,0.0,0.4933470753905916,0.0,0.0,0.0,0.0,0.0,0.5066529246094084
2016-02-05,0.0,0.4845595508523767,0.0,0.0,0.0,0.0,0.0,0.5154404491476234
2016-02-08,0.0,0.479417800438498,0.0,0.0,0.0,0.0,0.0,0.5205821995615021
2016-02-09,0.0,0.4794969026770539,0.0,0.0,0.0,0.0,0.0,0.520503097322946
2016-02-10,0.0,0.4801465249817022,0.0,0.0,0.0,0.0,0.0,0.5198534750182978
2016-02-11,0.0,0.4789523148676834,0.0,0.0,0.0,0.0,0.0,0.5210476851323167
2016-02-12,0.0,0.4841287116739595,0.0,0.0,0.0,0.0,0.0,0.5158712883260405
2016-02-16,0.0,0.4908907799739204,0.0,0.0,0.0,0.0,0.0,0.5091092200260795
2016-02-17,0.0,0.49655510242514406,0.0,0.0,0.0,0.0,0.0,0.5034448975748559
2016-02-18,0.0,0.4916571692407301,0.0,0.0,0.0,0.0,0.0,0.5083428307592699
2016-02-19,0.0,0.4925717588227343,0.0,0.0,0.0,0.0,0.0,0.5074282411772657
2016-02-22,0.0,0.4960926806013424,0.0,0.0,0.0,0.0,0.0,0.5039073193986577
2016-02-23,0.0,0.49144012069565673,0.0,0.0,0.0,0.0,0.0,0.5085598793043433
2016-02-24,0.0,0.4935748507411281,0.0,0.0,0.0,0.0,0.0,0.5064251492588717
2016-02-25,0.0,0.4946294910687776,0.0,0.0,0.0,0.0,0.0,0.5053705089312224
2016-02-26,0.0,0.49440246325795467,0.0,0.0,0.0,0.0,0.0,0.5055975367420452
2016-02-29,0.0,0.4919708687237444,0.0,0.0,0.0,0.0,0.0,0.5080291312762556
2016-03-01,0.0,0.0,0.0,0.0,0.0,0.0,0.5,0.5
2016-03-02,0.0,0.0,0.0,0.0,0.0,0.0,0.5005259137598281,0.4994740862401719
2016-03-03,0.0,0.0,0.0,0.0,0.0,0.0,0.5002569431968351,0.499743056803165
2016-03-04,0.0,0.0,0.0,0.0,0.0,0.0,0.4986920815099865,0.5013079184900134
2016-03-07,0.0,0.0,0.0,0.0,0.0,0.0,0.4983313070135737,0.5016686929864262
2016-03-08,0.0,0.0,0.0,0.0,0.0,0.0,0.49975429935075427,0.5002457006492458
2016-03-09,0.0,0.0,0.0,0.0,0.0,0.0,0.4985116423720947,0.5014883576279053
2016-03-10,0.0,0.0,0.0,0.0,0.0,0.0,0.49644620500207853,0.5035537949979215
2016-03-11,0.0,0.0,0.0,0.0,0.0,0.0,0.4931970555239805,0.5068029444760194
2016-03-14,0.0,0.0,0.0,0.0,0.0,0.0,0.49325054124486395,0.506749458755136
2016-03-15,0.0,0.0,0.0,0.0,0.0,0.0,0.4935709540609985,0.5064290459390015
2016-03-16,0.0,0.0,0.0,0.0,0.0,0.0,0.49311430095940834,0.5068856990405918
2016-03-17,0.0,0.0,0.0,0.0,0.0,0.0,0.49337729735295366,0.5066227026470465
2016-03-18,0.0,0.0,0.0,0.0,0.0,0.0,0.49332708837452866,0.5066729116254713
2016-03-21,0.0,0.0,0.0,0.0,0.0,0.0,0.4916999078673109,0.508300092132689
2016-03-22,0.0,0.0,0.0,0.0,0.0,0.0,0.4921093962209305,0.5078906037790696
2016-03-23,0.0,0.0,0.0,0.0,0.0,0.0,0.49367040263150763,0.5063295973684925
2016-03-24,0.0,0.0,0.0,0.0,0.0,0.0,0.4938730311377174,0.5061269688622826
2016-03-28,0.0,0.0,0.0,0.0,0.0,0.0,0.49405249568930515,0.5059475043106948
2016-03-29,0.0,0.0,0.0,0.0,0.0,0.0,0.4955391368162641,0.5044608631837358
2016-03-30,0.0,0.0,0.0,0.0,0.0,0.0,0.4931888698192509,0.5068111301807492
2016-03-31,0.0,0.0,0.0,0.0,0.0,0.0,0.4939649353979591,0.5060350646020408
2016-04-01,0.0,0.0,0.0,0.0,0.0,0.5,0.0,0.5
2016-04-04,0.0,0.0,0.0,0.0,0.0,0.49830574231244085,0.0,0.5016942576875593
2016-04-05,0.0,0.0,0.0,0.0,0.0,0.5007372315824153,0.0,0.4992627684175847
2016-04-06,0.0,0.0,0.0,0.0,0.0,0.49941230738370584,0.0,0.5005876926162941
2016-04-07,0.0,0.0,0.0,0.0,0.0,0.502286748089408,0.0,0.4977132519105921
2016-04-08,0.0,0.0,0.0,0.0,0.0,0.5024727272921545,0.0,0.49752727270784536
2016-04-11,0.0,0.0,0.0,0.0,0.0,0.5058483221562655,0.0,0.49415167784373454
2016-04-12,0.0,0.0,0.0,0.0,0.0,0.506877466351136,0.0,0.493122533648864
2016-04-13,0.0,0.0,0.0,0.0,0.0,0.5033361922153882,0.0,0.4966638077846118
2016-04-14,0.0,0.0,0.0,0.0,0.0,0.4999852819087076,0.0,0.5000147180912925
2016-04-15,0.0,0.0,0.0,0.0,0.0,0.5006605795799626,0.0,0.4993394204200375
2016-04-18,0.0,0.0,0.0,0.0,0.0,0.5000071405796299,0.0,0.4999928594203701
2016-04-19,0.0,0.0,0.0,0.0,0.0,0.5034247274759448,0.0,0.4965752725240552
2016-04-20,0.0,0.0,0.0,0.0,0.0,0.5028352343388492,0.0,0.4971647656611507
2016-04-21,0.0,0.0,0.0,0.0,0.0,0.5038835845360903,0.0,0.4961164154639097
2016-04-22,0.0,0.0,0.0,0.0,0.0,0.5003881333539067,0.0,0.4996118666460933
2016-04-25,0.0,0.0,0.0,0.0,0.0,0.5016938491279719,0.0,0.498306150872028
2016-04-26,0.0,0.0,0.0,0.0,0.0,0.502790322578094,0.0,0.4972096774219061
2016-04-27,0.0,0.0,0.0,0.0,0.0,0.5019183474362547,0.0,0.4980816525637453
2016-04-28,0.0,0.0,0.0,0.0,0.0,0.5063702799323643,0.0,0.4936297200676358
2016-04-29,0.0,0.0,0.0,0.0,0.0,0.5109163204031149,0.0,0.48908367959688515
2016-05-02,0.0,0.0,0.0,0.0,0.0,0.5,0.0,0.5
2016-05-03,0.0,0.0,0.0,0.0,0.0,0.4989935121435428,0.0,0.5010064878564572
2016-05-04,0.0,0.0,0.0,0.0,0.0,0.49788098253881125,0.0,0.5021190174611887
2016-05-05,0.0,0.0,0.0,0.0,0.0,0.49709427864000205,0.0,0.502905721359998
2016-05-06,0.0,0.0,0.0,0.0,0.0,0.49989907356076385,0.0,0.5001009264392361
2016-05-09,0.0,0.0,0.0,0.0,0.0,0.49496152147641814,0.0,0.5050384785235819
2016-05-10,0.0,0.0,0.0,0.0,0.0,0.49522695250422627,0.0,0.5047730474957738
2016-05-11,0.0,0.0,0.0,0.0,0.0,0.497300771272552,0.0,0.5026992287274481
2016-05-12,0.0,0.0,0.0,0.0,0.0,0.49584899313477326,0.0,0.5041510068652266
2016-05-13,0.0,0.0,0.0,0.0,0.0,0.4965226103307807,0.0,0.5034773896692193
2016-05-16,0.0,0.0,0.0,0.0,0.0,0.49754190036747953,0.0,0.5024580996325204
2016-05-17,0.0,0.0,0.0,0.0,0.0,0.4984860244636342,0.0,0.5015139755363658
2016-05-18,0.0,0.0,0.0,0.0,0.0,0.4962531371297024,0.0,0.5037468628702977
2016-05-19,0.0,0.0,0.0,0.0,0.0,0.49518424550027307,0.0,0.5048157544997269
2016-05-20,0.0,0.0,0.0,0.0,0.0,0.4946821991941419,0.0,0.5053178008058581
2016-05-23,0.0,0.0,0.0,0.0,0.0,0.49397123898499445,0.0,0.5060287610150056
2016-05-24,0.0,0.0,0.0,0.0,0.0,0.49001997647653794,0.0,0.509980023523462
2016-05-25,0.0,0.0,0.0,0.0,0.0,0.4888955449958973,0.0,0.5111044550041026
2016-05-26,0.0,0.0,0.0,0.0,0.0,0.48732648481297947,0.0,0.5126735151870205
2016-05-27,0.0,0.0,0.0,0.0,0.0,0.485449245939795,0.0,0.5145507540602049
2016-05-31,0.0,0.0,0.0,0.0,0.0,0.48595846797812503,0.0,0.514041532021875
2016-06-01,0.0,0.0,0.0,0.0,0.0,0.0,0.5,0.5
2016-06-02,0.0,0.0,0.0,0.0,0.0,0.0,0.5012921816192204,0.4987078183807796
2016-06-03,0.0,0.0,0.0,0.0,0.0,0.0,0.502823812959095,0.49717618704090494
2016-06-06,0.0,0.0,0.0,0.0,0.0,0.0,0.5015625061725633,0.4984374938274368
2016-06-07,0.0,0.0,0.0,0.0,0.0,0.0,0.5017918478172482,0.49820815218275194
2016-06-08,0.0,0.0,0.0,0.0,0.0,0.0,0.5022969944142381,0.49770300558576175
2016-06-09,0.0,0.0,0.0,0.0,0.0,0.0,0.5035530910452154,0.49644690895478466
2016-06-10,0.0,0.0,0.0,0.0,0.0,0.0,0.5044720143111461,0.49552798568885387
2016-06-13,0.0,0.0,0.0,0.0,0.0,0.0,0.505954810596982,0.49404518940301806
2016-06-14,0.0,0.0,0.0,0.0,0.0,0.0,0.5063294435160376,0.49367055648396235
2016-06-15,0.0,0.0,0.0,0.0,0.0,0.0,0.5063566612261446,0.49364333877385524
2016-06-16,0.0,0.0,0.0,0.0,0.0,0.0,0.5071967876337906,0.4928032123662094
2016-06-17,0.0,0.0,0.0,0.0,0.0,0.0,0.5063791409608497,0.4936208590391503
2016-06-20,0.0,0.0,0.0,0.0,0.0,0.0,0.5040025282191937,0.4959974717808064
2016-06-21,0.0,0.0,0.0,0.0,0.0,0.0,0.5030725629225948,0.4969274370774053
2016-06-22,0.0,0.0,0.0,0.0,0.0,0.0,0.5030280592944143,0.49697194070558565
2016-06-23,0.0,0.0,0.0,0.0,0.0,0.0,0.5004007394888357,0.49959926051116443
2016-06-24,0.0,0.0,0.0,0.0,0.0,0.0,0.5058449929425721,0.49415500705742793
2016-06-27,0.0,0.0,0.0,0.0,0.0,0.0,0.5109585472093252,0.48904145279067474
2016-06-28,0.0,0.0,0.0,0.0,0.0,0.0,0.5101064439194279,0.48989355608057195
2016-06-29,0.0,0.0,0.0,0.0,0.0,0.0,0.5082633297699669,0.49173667023003315
2016-06-30,0.0,0.0,0.0,0.0,0.0,0.0,0.5083055600228199,0.49169443997718015
2016-07-01,0.0,0.0,0.0,0.0,0.0,0.0,0.5,0.5
2016-07-05,0.0,0.0,0.0,0.0,0.0,0.0,0.5022586768918538,0.49774132310814617
2016-07-06,0.0,0.0,0.0,0.0,0.0,0.0,0.5022172953248346,0.49778270467516533
2016-07-07,0.0,0.0,0.0,0.0,0.0,0.0,0.5021592879418607,0.4978407120581393
2016-07-08,0.0,0.0,0.0,0.0,0.0,0.0,0.5026034195381518,0.4973965804618482
2016-07-11,0.0,0.0,0.0,0.0,0.0,0.0,0.5010443084180601,0.49895569158193975
2016-07-12,0.0,0.0,0.0,0.0,0.0,0.0,0.49831420296238244,0.5016857970376176
2016-07-13,0.0,0.0,0.0,0.0,0.0,0.0,0.500272922509127,0.49972707749087303
2016-07-14,0.0,0.0,0.0,0.0,0.0,0.0,0.49721686926467157,0.5027831307353283
2016-07-15,0.0,0.0,0.0,0.0,0.0,0.0,0.49601111097800193,0.503988889021998
2016-07-18,0.0,0.0,0.0,0.0,0.0,0.0,0.4957761878644222,0.5042238121355779
2016-07-19,0.0,0.0,0.0,0.0,0.0,0.0,0.4967361635407487,0.5032638364592512
2016-07-20,0.0,0.0,0.0,0.0,0.0,0.0,0.4954470532204397,0.5045529467795603
2016-07-21,0.0,0.0,0.0,0.0,0.0,0.0,0.4956689684343607,0.5043310315656394
2016-07-22,0.0,0.0,0.0,0.0,0.0,0.0,0.496243511876485,0.503756488123515
2016-07-25,0.0,0.0,0.0,0.0,0.0,0.0,0.49620523202493605,0.5037947679750641
2016-07-26,0.0,0.0,0.0,0.0,0.0,0.0,0.4968447868663921,0.5031552131336078
2016-07-27,0.0,0.0,0.0,0.0,0.0,0.0,0.49890560398072215,0.501094396019278
2016-07-28,0.0,0.0,0.0,0.0,0.0,0.0,0.49868594547736306,0.5013140545226369
2016-07-29,0.0,0.0,0.0,0.0,0.0,0.0,0.4998518033126301,0.5001481966873698
2016-08-01,0.0,0.0,0.0,0.0,0.0,0.5,0.5,0.0
2016-08-02,0.0,0.0,0.0,0.0,0.0,0.5046120258598012,0.4953879741401988,0.0
2016-08-03,0.0,0.0,0.0,0.0,0.0,0.5032749470137298,0.4967250529862703,0.0
2016-08-04,0.0,0.0,0.0,0.0,0.0,0.501827378655349,0.498172621344651,0.0
2016-08-05,0.0,0.0,0.0,0.0,0.0,0.49993418251737437,0.5000658174826257,0.0
2016-08-08,0.0,0.0,0.0,0.0,0.0,0.4992478245250954,0.5007521754749046,0.0
2016-08-09,0.0,0.0,0.0,0.0,0.0,0.49781867569800897,0.502181324301991,0.0
2016-08-10,0.0,0.0,0.0,0.0,0.0,0.49802310996204774,0.5019768900379523,0.0
2016-08-11,0.0,0.0,0.0,0.0,0.0,0.49852605939966205,0.501473940600338,0.0
2016-08-12,0.0,0.0,0.0,0.0,0.0,0.4958999573608386,0.5041000426391615,0.0
2016-08-15,0.0,0.0,0.0,0.0,0.0,0.49912886144397706,0.500871138556023,0.0
2016-08-16,0.0,0.0,0.0,0.0,0.0,0.5010253407260433,0.49897465927395657,0.0
2016-08-17,0.0,0.0,0.0,0.0,0.0,0.49958882680713496,0.500411173192865,0.0
2016-08-18,0.0,0.0,0.0,0.0,0.0,0.5003778801351739,0.4996221198648261,0.0
2016-08-19,0.0,0.0,0.0,0.0,0.0,0.49947306479439496,0.5005269352056051,0.0
2016-08-22,0.0,0.0,0.0,0.0,0.0,0.497001771453069,0.5029982285469311,0.0
2016-08-23,0.0,0.0,0.0,0.0,0.0,0.49669476936007856,0.5033052306399215,0.0
2016-08-24,0.0,0.0,0.0,0.0,0.0,0.4944904357174131,0.5055095642825869,0.0
2016-08-25,0.0,0.0,0.0,0.0,0.0,0.4952228544869813,0.5047771455130188,0.0
2016-08-26,0.0,0.0,0.0,0.0,0.0,0.496325330130802,0.5036746698691981,0.0
2016-08-29,0.0,0.0,0.0,0.0,0.0,0.49350040411613766,0.5064995958838623,0.0
2016-08-30,0.0,0.0,0.0,0.0,0.0,0.4919388639181109,0.5080611360818892,0.0
2016-08-31,0.0,0.0,0.0,0.0,0.0,0.49108114723868584,0.5089188527613142,0.0
2016-09-01,0.0,0.0,0.0,0.0,0.5,0.0,0.0,0.5
2016-09-02,0.0,0.0,0.0,0.0,0.5026050874285313,0.0,0.0,0.4973949125714687
2016-09-06,0.0,0.0,0.0,0.0,0.5036546875560662,0.0,0.0,0.4963453124439337
2016-09-07,0.0,0.0,0.0,0.0,0.5054902828816592,0.0,0.0,0.49450971711834085
2016-09-08,0.0,0.0,0.0,0.0,0.5041792970188582,0.0,0.0,0.4958207029811418
2016-09-09,0.0,0.0,0.0,0.0,0.495958341250609,0.0,0.0,0.504041658749391
2016-09-12,0.0,0.0,0.0,0.0,0.49888227465812357,0.0,0.0,0.5011177253418765
2016-09-13,0.0,0.0,0.0,0.0,0.49334822524638744,0.0,0.0,0.5066517747536127
2016-09-14,0.0,0.0,0.0,0.0,0.4939823506784284,0.0,0.0,0.5060176493215717
2016-09-15,0.0,0.0,0.0,0.0,0.49476174451646515,0.0,0.0,0.5052382554835348
2016-09-16,0.0,0.0,0.0,0.0,0.4945915294433563,0.0,0.0,0.5054084705566436
2016-09-19,0.0,0.0,0.0,0.0,0.49692901993056565,0.0,0.0,0.5030709800694344
2016-09-20,0.0,0.0,0.0,0.0,0.4962212717967686,0.0,0.0,0.5037787282032313
2016-09-21,0.0,0.0,0.0,0.0,0.4981441115444517,0.0,0.0,0.5018558884555484
2016-09-22,0.0,0.0,0.0,0.0,0.5015548502149012,0.0,0.0,0.49844514978509874
2016-09-23,0.0,0.0,0.0,0.0,0.5025016466183584,0.0,0.0,0.4974983533816415
2016-09-26,0.0,0.0,0.0,0.0,0.5027074338691655,0.0,0.0,0.4972925661308346
2016-09-27,0.0,0.0,0.0,0.0,0.4994365000785194,0.0,0.0,0.5005634999214805
2016-09-28,0.0,0.0,0.0,0.0,0.5013163144948429,0.0,0.0,0.4986836855051572
2016-09-29,0.0,0.0,0.0,0.0,0.4980626089071868,0.0,0.0,0.5019373910928131
2016-09-30,0.0,0.0,0.0,0.0,0.49678540554704625,0.0,0.0,0.5032145944529537
2016-10-03,0.0,0.0,0.0,0.0,0.5,0.0,0.0,0.5
2016-10-04,0.0,0.0,0.0,0.0,0.49773570407687845,0.0,0.0,0.5022642959231216
2016-10-05,0.0,0.0,0.0,0.0,0.4928888256385066,0.0,0.0,0.5071111743614934
2016-10-06,0.0,0.0,0.0,0.0,0.4929595721294404,0.0,0.0,0.5070404278705595
2016-10-07,0.0,0.0,0.0,0.0,0.4919394971678519,0.0,0.0,0.5080605028321482
2016-10-10,0.0,0.0,0.0,0.0,0.4934864064346032,0.0,0.0,0.5065135935653969
2016-10-11,0.0,0.0,0.0,0.0,0.4918348365071675,0.0,0.0,0.5081651634928324
2016-10-12,0.0,0.0,0.0,0.0,0.49436017836339774,0.0,0.0,0.5056398216366021
2016-10-13,0.0,0.0,0.0,0.0,0.49570036402734396,0.0,0.0,0.504299635972656
2016-10-14,0.0,0.0,0.0,0.0,0.4957584334954751,0.0,0.0,0.5042415665045248
2016-10-17,0.0,0.0,0.0,0.0,0.4954786277031732,0.0,0.0,0.5045213722968269
2016-10-18,0.0,0.0,0.0,0.0,0.4964510225378891,0.0,0.0,0.5035489774621109
2016-10-19,0.0,0.0,0.0,0.0,0.4966606483624902,0.0,0.0,0.5033393516375098
2016-10-20,0.0,0.0,0.0,0.0,0.4961760260650132,0.0,0.0,0.5038239739349868
2016-10-21,0.0,0.0,0.0,0.0,0.4951064867490541,0.0,0.0,0.5048935132509458
2016-10-24,0.0,0.0,0.0,0.0,0.49639001931324495,0.0,0.0,0.5036099806867551
2016-10-25,0.0,0.0,0.0,0.0,0.49612572033395264,0.0,0.0,0.5038742796660474
2016-10-26,0.0,0.0,0.0,0.0,0.49388801928114723,0.0,0.0,0.5061119807188528
2016-10-27,0.0,0.0,0.0,0.0,0.4883843024517959,0.0,0.0,0.5116156975482041
2016-10-28,0.0,0.0,0.0,0.0,0.4892643614099297,0.0,0.0,0.5107356385900703
2016-10-31,0.0,0.0,0.0,0.0,0.49307385912574164,0.0,0.0,0.5069261408742584
2016-11-01,0.0,0.0,0.0,0.0,0.0,0.0,0.5,0.5
2016-11-02,0.0,0.0,0.0,0.0,0.0,0.0,0.5007124069548713,0.4992875930451286
2016-11-03,0.0,0.0,0.0,0.0,0.0,0.0,0.49928362707151835,0.5007163729284816
2016-11-04,0.0,0.0,0.0,0.0,0.0,0.0,0.500767614895075,0.49923238510492485
2016-11-07,0.0,0.0,0.0,0.0,0.0,0.0,0.49879868900413193,0.501201310995868
2016-11-08,0.0,0.0,0.0,0.0,0.0,0.0,0.49834194988113945,0.5016580501188606
2016-11-09,0.0,0.0,0.0,0.0,0.0,0.0,0.49120394239660614,0.5087960576033939
2016-11-10,0.0,0.0,0.0,0.0,0.0,0.0,0.4876962003043301,0.5123037996956699
2016-11-11,0.0,0.0,0.0,0.0,0.0,0.0,0.487364163430878,0.512635836569122
2016-11-14,0.0,0.0,0.0,0.0,0.0,0.0,0.48715913680824874,0.5128408631917512
2016-11-15,0.0,0.0,0.0,0.0,0.0,0.0,0.48762736097938175,0.5123726390206184
2016-11-16,0.0,0.0,0.0,0.0,0.0,0.0,0.4895116733072869,0.510488326692713
2016-11-17,0.0,0.0,0.0,0.0,0.0,0.0,0.48740090500710603,0.512599094992894
2016-11-18,0.0,0.0,0.0,0.0,0.0,0.0,0.48808873390445423,0.5119112660955457
2016-11-21,0.0,0.0,0.0,0.0,0.0,0.0,0.48845121658230095,0.5115487834176992
2016-11-22,0.0,0.0,0.0,0.0,0.0,0.0,0.4877273143339256,0.5122726856660744
2016-11-23,0.0,0.0,0.0,0.0,0.0,0.0,0.48767576096570037,0.5123242390342996
2016-11-25,0.0,0.0,0.0,0.0,0.0,0.0,0.4880266652463319,0.511973334753668
2016-11-28,0.0,0.0,0.0,0.0,0.0,0.0,0.4887272031943866,0.5112727968056133
2016-11-29,0.0,0.0,0.0,0.0,0.0,0.0,0.48943105609257437,0.5105689439074257
2016-11-30,0.0,0.0,0.0,0.0,0.0,0.0,0.48628948833081226,0.5137105116691878
2016-12-01,0.5,0.0,0.0,0.0,0.0,0.0,0.0,0.5
2016-12-02,0.4989844689025232,0.0,0.0,0.0,0.0,0.0,0.0,0.5010155310974769
2016-12-05,0.4999458759798072,0.0,0.0,0.0,0.0,0.0,0.0,0.5000541240201927
2016-12-06,0.5007577786000589,0.0,0.0,0.0,0.0,0.0,0.0,0.49924222139994107
2016-12-07,0.5029586906648025,0.0,0.0,0.0,0.0,0.0,0.0,0.4970413093351976
2016-12-08,0.5045968246236354,0.0,0.0,0.0,0.0,0.0,0.0,0.49540317537636464
2016-12-09,0.5070682629106048,0.0,0.0,0.0,0.0,0.0,0.0,0.4929317370893953
2016-12-12,0.5070178444404247,0.0,0.0,0.0,0.0,0.0,0.0,0.4929821555595754
2016-12-13,0.5081212690496245,0.0,0.0,0.0,0.0,0.0,0.0,0.49187873095037543
2016-12-14,0.5076443882911517,0.0,0.0,0.0,0.0,0.0,0.0,0.4923556117088483
2016-12-15,0.5084984966281639,0.0,0.0,0.0,0.0,0.0,0.0,0.4915015033718361
2016-12-16,0.5082035804236931,0.0,0.0,0.0,0.0,0.0,0.0,0.49179641957630704
2016-12-19,0.507539413466215,0.0,0.0,0.0,0.0,0.0,0.0,0.4924605865337849
2016-12-20,0.5086523233588436,0.0,0.0,0.0,0.0,0.0,0.0,0.4913476766411564
2016-12-21,0.5071606564845341,0.0,0.0,0.0,0.0,0.0,0.0,0.492839343515466
2016-12-22,0.5067110619053896,0.0,0.0,0.0,0.0,0.0,0.0,0.49328893809461033
2016-12-23,0.5066898554690563,0.0,0.0,0.0,0.0,0.0,0.0,0.4933101445309437
2016-12-27,0.5077607638925512,0.0,0.0,0.0,0.0,0.0,0.0,0.4922392361074489
2016-12-28,0.5047626142229454,0.0,0.0,0.0,0.0,0.0,0.0,0.49523738577705456
2016-12-29,0.5037434716803356,0.0,0.0,0.0,0.0,0.0,0.0,0.4962565283196644
2016-12-30,0.5024439010165338,0.0,0.0,0.0,0.0,0.0,0.0,0.49755609898346614
2017-01-03,0.0,0.0,0.5,0.0,0.0,0.0,0.0,0.5
2017-01-04,0.0,0.0,0.5032834192740901,0.0,0.0,0.0,0.0,0.4967165807259098
2017-01-05,0.0,0.0,0.4990469002946314,0.0,0.0,0.0,0.0,0.5009530997053686
2017-01-06,0.0,0.0,0.49944088291939615,0.0,0.0,0.0,0.0,0.500559117080604
2017-01-09,0.0,0.0,0.4973077128970324,0.0,0.0,0.0,0.0,0.5026922871029675
2017-01-10,0.0,0.0,0.49983718446859576,0.0,0.0,0.0,0.0,0.5001628155314043
2017-01-11,0.0,0.0,0.49989621458670114,0.0,0.0,0.0,0.0,0.5001037854132989
2017-01-12,0.0,0.0,0.4979842963141539,0.0,0.0,0.0,0.0,0.502015703685846
2017-01-13,0.0,0.0,0.5002976867963462,0.0,0.0,0.0,0.0,0.49970231320365377
2017-01-17,0.0,0.0,0.4958002459582232,0.0,0.0,0.0,0.0,0.5041997540417767
2017-01-18,0.0,0.0,0.4982712212786997,0.0,0.0,0.0,0.0,0.5017287787213003
2017-01-19,0.0,0.0,0.4970758680158827,0.0,0.0,0.0,0.0,0.5029241319841173
2017-01-20,0.0,0.0,0.4979144089042847,0.0,0.0,0.0,0.0,0.5020855910957153
2017-01-23,0.0,0.0,0.4957228428519254,0.0,0.0,0.0,0.0,0.5042771571480746
2017-01-24,0.0,0.0,0.5002653823899249,0.0,0.0,0.0,0.0,0.49973461761007515
2017-01-25,0.0,0.0,0.5035677647687142,0.0,0.0,0.0,0.0,0.49643223523128566
2017-01-26,0.0,0.0,0.5022646192104429,0.0,0.0,0.0,0.0,0.4977353807895572
2017-01-27,0.0,0.0,0.5011049519772297,0.0,0.0,0.0,0.0,0.4988950480227704
2017-01-30,0.0,0.0,0.49801912501707346,0.0,0.0,0.0,0.0,0.5019808749829265
2017-01-31,0.0,0.0,0.4993150938109766,0.0,0.0,0.0,0.0,0.5006849061890234
2017-02-01,0.5,0.0,0.5,0.0,0.0,0.0,0.0,0.0
2017-02-02,0.5007943856894155,0.0,0.4992056143105845,0.0,0.0,0.0,0.0,0.0
2017-02-03,0.49872029156255554,0.0,0.5012797084374444,0.0,0.0,0.0,0.0,0.0
2017-02-06,0.5001614869553597,0.0,0.49983851304464016,0.0,0.0,0.0,0.0,0.0
2017-02-07,0.5012791039448149,0.0,0.49872089605518516,0.0,0.0,0.0,0.0,0.0
2017-02-08,0.5020505406124518,0.0,0.4979494593875483,0.0,0.0,0.0,0.0,0.0
2017-02-09,0.5000353776229418,0.0,0.4999646223770582,0.0,0.0,0.0,0.0,0.0
2017-02-10,0.49912787705791306,0.0,0.5008721229420868,0.0,0.0,0.0,0.0,0.0
2017-02-13,0.49983341570431633,0.0,0.5001665842956837,0.0,0.0,0.0,0.0,0.0
2017-02-14,0.49999995783338647,0.0,0.5000000421666135,0.0,0.0,0.0,0.0,0.0
2017-02-15,0.4998107840792593,0.0,0.5001892159207407,0.0,0.0,0.0,0.0,0.0
2017-02-16,0.500297281708926,0.0,0.49970271829107404,0.0,0.0,0.0,0.0,0.0
2017-02-17,0.5008527114077739,0.0,0.49914728859222607,0.0,0.0,0.0,0.0,0.0
2017-02-21,0.5003859442157755,0.0,0.49961405578422446,0.0,0.0,0.0,0.0,0.0
2017-02-22,0.5012718732120496,0.0,0.4987281267879505,0.0,0.0,0.0,0.0,0.0
2017-02-23,0.5029320177710855,0.0,0.4970679822289144,0.0,0.0,0.0,0.0,0.0
2017-02-24,0.5034292668015417,0.0,0.4965707331984583,0.0,0.0,0.0,0.0,0.0
2017-02-27,0.5013974224365819,0.0,0.4986025775634182,0.0,0.0,0.0,0.0,0.0
2017-02-28,0.5046087043755006,0.0,0.4953912956244993,0.0,0.0,0.0,0.0,0.0
2017-03-01,0.0,0.5,0.5,0.0,0.0,0.0,0.0,0.0
2017-03-02,0.0,0.5016256910277468,0.4983743089722532,0.0,0.0,0.0,0.0,0.0
2017-03-03,0.0,0.5022643716475453,0.4977356283524548,0.0,0.0,0.0,0.0,0.0
2017-03-06,0.0,0.5034292131991351,0.4965707868008649,0.0,0.0,0.0,0.0,0.0
2017-03-07,0.0,0.5046472456322831,0.49535275436771675,0.0,0.0,0.0,0.0,0.0
2017-03-08,0.0,0.506737508128183,0.49326249187181714,0.0,0.0,0.0,0.0,0.0
2017-03-09,0.0,0.5079235592450838,0.4920764407549161,0.0,0.0,0.0,0.0,0.0
2017-03-10,0.0,0.5078666819063573,0.4921333180936427,0.0,0.0,0.0,0.0,0.0
2017-03-13,0.0,0.5076972248287985,0.4923027751712014,0.0,0.0,0.0,0.0,0.0
2017-03-14,0.0,0.5082836785174298,0.49171632148257016,0.0,0.0,0.0,0.0,0.0
2017-03-15,0.0,0.5059806937326307,0.49401930626736945,0.0,0.0,0.0,0.0,0.0
2017-03-16,0.0,0.5054839384179912,0.4945160615820088,0.0,0.0,0.0,0.0,0.0
2017-03-17,0.0,0.5044017309290435,0.49559826907095655,0.0,0.0,0.0,0.0,0.0
2017-03-20,0.0,0.5057149226625501,0.49428507733745,0.0,0.0,0.0,0.0,0.0
2017-03-21,0.0,0.5090474670919166,0.4909525329080832,0.0,0.0,0.0,0.0,0.0
2017-03-22,0.0,0.510679886622991,0.489320113377009,0.0,0.0,0.0,0.0,0.0
2017-03-23,0.0,0.5085976339388051,0.4914023660611949,0.0,0.0,0.0,0.0,0.0
2017-03-24,0.0,0.5089343831647168,0.4910656168352832,0.0,0.0,0.0,0.0,0.0
2017-03-27,0.0,0.5088716943619548,0.4911283056380452,0.0,0.0,0.0,0.0,0.0
2017-03-28,0.0,0.5084551631824208,0.49154483681757905,0.0,0.0,0.0,0.0,0.0
2017-03-29,0.0,0.5088020171569679,0.49119798284303207,0.0,0.0,0.0,0.0,0.0
2017-03-30,0.0,0.5073349194411,0.49266508055889996,0.0,0.0,0.0,0.0,0.0
2017-03-31,0.0,0.5067647724697841,0.493235227530216,0.0,0.0,0.0,0.0,0.0
2017-04-03,0.0,0.5,0.5,0.0,0.0,0.0,0.0,0.0
2017-04-04,0.0,0.5006906827541648,0.4993093172458351,0.0,0.0,0.0,0.0,0.0
2017-04-05,0.0,0.5025195808860562,0.49748041911394375,0.0,0.0,0.0,0.0,0.0
2017-04-06,0.0,0.5003366486034329,0.4996633513965671,0.0,0.0,0.0,0.0,0.0
2017-04-07,0.0,0.5003147297381653,0.49968527026183474,0.0,0.0,0.0,0.0,0.0
2017-04-10,0.0,0.49985665350307357,0.5001433464969264,0.0,0.0,0.0,0.0,0.0
2017-04-11,0.0,0.4967948365175152,0.5032051634824848,0.0,0.0,0.0,0.0,0.0
2017-04-12,0.0,0.499204699337238,0.5007953006627621,0.0,0.0,0.0,0.0,0.0
2017-04-13,0.0,0.5006654679688401,0.49933453203115985,0.0,0.0,0.0,0.0,0.0
2017-04-17,0.0,0.49980926039990925,0.5001907396000909,0.0,0.0,0.0,0.0,0.0
2017-04-18,0.0,0.4993733314656601,0.5006266685343399,0.0,0.0,0.0,0.0,0.0
2017-04-19,0.0,0.4989062026949224,0.5010937973050775,0.0,0.0,0.0,0.0,0.0
2017-04-20,0.0,0.4978239117924606,0.5021760882075393,0.0,0.0,0.0,0.0,0.0
2017-04-21,0.0,0.49833146055061317,0.5016685394493868,0.0,0.0,0.0,0.0,0.0
2017-04-24,0.0,0.4982345668297551,0.5017654331702449,0.0,0.0,0.0,0.0,0.0
2017-04-25,0.0,0.4976178491742776,0.5023821508257224,0.0,0.0,0.0,0.0,0.0
2017-04-26,0.0,0.49598613483566545,0.5040138651643346,0.0,0.0,0.0,0.0,0.0
2017-04-27,0.0,0.49755319595919467,0.5024468040408053,0.0,0.0,0.0,0.0,0.0
2017-04-28,0.0,0.5013697290578533,0.49863027094214685,0.0,0.0,0.0,0.0,0.0
2017-05-01,0.0,0.5,0.5,0.0,0.0,0.0,0.0,0.0
2017-05-02,0.0,0.5016911976269981,0.4983088023730018,0.0,0.0,0.0,0.0,0.0
2017-05-03,0.0,0.5024393080463482,0.4975606919536518,0.0,0.0,0.0,0.0,0.0
2017-05-04,0.0,0.5028741465947787,0.4971258534052213,0.0,0.0,0.0,0.0,0.0
2017-05-05,0.0,0.5021787507427058,0.4978212492572943,0.0,0.0,0.0,0.0,0.0
2017-05-08,0.0,0.5037688319101422,0.49623116808985773,0.0,0.0,0.0,0.0,0.0
2017-05-09,0.0,0.5047461704345172,0.4952538295654828,0.0,0.0,0.0,0.0,0.0
2017-05-10,0.0,0.5033416300538557,0.49665836994614426,0.0,0.0,0.0,0.0,0.0
2017-05-11,0.0,0.5048908124665463,0.49510918753345357,0.0,0.0,0.0,0.0,0.0
2017-05-12,0.0,0.5067740520380873,0.49322594796191266,0.0,0.0,0.0,0.0,0.0
2017-05-15,0.0,0.505628742961702,0.4943712570382979,0.0,0.0,0.0,0.0,0.0
2017-05-16,0.0,0.506579147941857,0.4934208520581429,0.0,0.0,0.0,0.0,0.0
2017-05-17,0.0,0.5069776572487196,0.49302234275128043,0.0,0.0,0.0,0.0,0.0
2017-05-18,0.0,0.5082476480047723,0.49175235199522777,0.0,0.0,0.0,0.0,0.0
2017-05-19,0.0,0.5081043604318733,0.49189563956812665,0.0,0.0,0.0,0.0,0.0
2017-05-22,0.0,0.5085142711805178,0.4914857288194822,0.0,0.0,0.0,0.0,0.0
2017-05-23,0.0,0.5079459907727653,0.4920540092272347,0.0,0.0,0.0,0.0,0.0
2017-05-24,0.0,0.508929290335316,0.4910707096646841,0.0,0.0,0.0,0.0,0.0
2017-05-25,0.0,0.510884260462582,0.48911573953741816,0.0,0.0,0.0,0.0,0.0
2017-05-26,0.0,0.5113996440064302,0.4886003559935699,0.0,0.0,0.0,0.0,0.0
2017-05-30,0.0,0.5135813894568404,0.4864186105431596,0.0,0.0,0.0,0.0,0.0
2017-05-31,0.0,0.5137494549597329,0.48625054504026716,0.0,0.0,0.0,0.0,0.0
2017-06-01,0.5,0.5,0.0,0.0,0.0,0.0,0.0,0.0
2017-06-02,0.49799147459195037,0.5020085254080495,0.0,0.0,0.0,0.0,0.0,0.0
2017-06-05,0.4978593828290594,0.5021406171709407,0.0,0.0,0.0,0.0,0.0,0.0
2017-06-06,0.4980543780778136,0.5019456219221863,0.0,0.0,0.0,0.0,0.0,0.0
2017-06-07,0.49753833587495816,0.5024616641250418,0.0,0.0,0.0,0.0,0.0,0.0
2017-06-08,0.4974002785140872,0.5025997214859128,0.0,0.0,0.0,0.0,0.0,0.0
2017-06-09,0.503351214001497,0.49664878599850304,0.0,0.0,0.0,0.0,0.0,0.0
2017-06-12,0.5046428127166652,0.4953571872833348,0.0,0.0,0.0,0.0,0.0,0.0
2017-06-13,0.5038415713389853,0.49615842866101456,0.0,0.0,0.0,0.0,0.0,0.0
2017-06-14,0.5046133648593699,0.49538663514063014,0.0,0.0,0.0,0.0,0.0,0.0
2017-06-15,0.5052432848157811,0.494756715184219,0.0,0.0,0.0,0.0,0.0,0.0
2017-06-16,0.5063846948496448,0.4936153051503551,0.0,0.0,0.0,0.0,0.0,0.0
2017-06-19,0.5043118995145981,0.49568810048540196,0.0,0.0,0.0,0.0,0.0,0.0
2017-06-20,0.5045857176310587,0.4954142823689413,0.0,0.0,0.0,0.0,0.0,0.0
2017-06-21,0.5020606796476197,0.49793932035238037,0.0,0.0,0.0,0.0,0.0,0.0
2017-06-22,0.5020185311489804,0.4979814688510197,0.0,0.0,0.0,0.0,0.0,0.0
2017-06-23,0.501359213705152,0.4986407862948481,0.0,0.0,0.0,0.0,0.0,0.0
2017-06-26,0.5026947498873748,0.4973052501126253,0.0,0.0,0.0,0.0,0.0,0.0
2017-06-27,0.5052487079446598,0.4947512920553402,0.0,0.0,0.0,0.0,0.0,0.0
2017-06-28,0.5038979537308472,0.4961020462691528,0.0,0.0,0.0,0.0,0.0,0.0
2017-06-29,0.5060675351825508,0.4939324648174493,0.0,0.0,0.0,0.0,0.0,0.0
2017-06-30,0.5064422811770358,0.49355771882296406,0.0,0.0,0.0,0.0,0.0,0.0
2017-07-03,0.0,0.5,0.5,0.0,0.0,0.0,0.0,0.0
2017-07-05,0.0,0.5033465248060073,0.4966534751939928,0.0,0.0,0.0,0.0,0.0
2017-07-06,0.0,0.5043684843823063,0.4956315156176937,0.0,0.0,0.0,0.0,0.0
2017-07-07,0.0,0.5046363946182869,0.49536360538171303,0.0,0.0,0.0,0.0,0.0
2017-07-10,0.0,0.5073519061252539,0.492648093874746,0.0,0.0,0.0,0.0,0.0
2017-07-11,0.0,0.5073223471355022,0.49267765286449783,0.0,0.0,0.0,0.0,0.0
2017-07-12,0.0,0.5083541022289727,0.4916458977710272,0.0,0.0,0.0,0.0,0.0
2017-07-13,0.0,0.5086918423987338,0.4913081576012662,0.0,0.0,0.0,0.0,0.0
2017-07-14,0.0,0.5102281095117406,0.4897718904882593,0.0,0.0,0.0,0.0,0.0
2017-07-17,0.0,0.5097699025066206,0.49023009749337954,0.0,0.0,0.0,0.0,0.0
2017-07-18,0.0,0.5120854895061531,0.4879145104938468,0.0,0.0,0.0,0.0,0.0
2017-07-19,0.0,0.5110731897784478,0.48892681022155227,0.0,0.0,0.0,0.0,0.0
2017-07-20,0.0,0.5112282640375483,0.48877173596245177,0.0,0.0,0.0,0.0,0.0
2017-07-21,0.0,0.5122608540182619,0.487739145981738,0.0,0.0,0.0,0.0,0.0
2017-07-24,0.0,0.5130523217731574,0.48694767822684265,0.0,0.0,0.0,0.0,0.0
2017-07-25,0.0,0.5101477074898807,0.48985229251011936,0.0,0.0,0.0,0.0,0.0
2017-07-26,0.0,0.512351364724896,0.48764863527510405,0.0,0.0,0.0,0.0,0.0
2017-07-27,0.0,0.5123691865992904,0.48763081340070963,0.0,0.0,0.0,0.0,0.0
2017-07-28,0.0,0.5128286363876347,0.48717136361236546,0.0,0.0,0.0,0.0,0.0
2017-07-31,0.0,0.5125601084115631,0.4874398915884368,0.0,0.0,0.0,0.0,0.0
2017-08-01,0.0,0.5,0.0,0.5,0.0,0.0,0.0,0.0
2017-08-02,0.0,0.500566830690704,0.0,0.4994331693092961,0.0,0.0,0.0,0.0
2017-08-03,0.0,0.49944398365571796,0.0,0.500556016344282,0.0,0.0,0.0,0.0
2017-08-04,0.0,0.49956306047478694,0.0,0.5004369395252131,0.0,0.0,0.0,0.0
2017-08-07,0.0,0.5010306204414969,0.0,0.4989693795585031,0.0,0.0,0.0,0.0
2017-08-08,0.0,0.5019351075564289,0.0,0.4980648924435711,0.0,0.0,0.0,0.0
2017-08-09,0.0,0.5020155917166829,0.0,0.497984408283317,0.0,0.0,0.0,0.0
2017-08-10,0.0,0.5001662300753047,0.0,0.4998337699246953,0.0,0.0,0.0,0.0
2017-08-11,0.0,0.5025104000022456,0.0,0.49748959999775455,0.0,0.0,0.0,0.0
2017-08-14,0.0,0.5038962738348405,0.0,0.4961037261651595,0.0,0.0,0.0,0.0
2017-08-15,0.0,0.5042582385020571,0.0,0.49574176149794297,0.0,0.0,0.0,0.0
2017-08-16,0.0,0.5032647169316645,0.0,0.4967352830683354,0.0,0.0,0.0,0.0
2017-08-17,0.0,0.5009245447764782,0.0,0.49907545522352187,0.0,0.0,0.0,0.0
2017-08-18,0.0,0.5000669562238989,0.0,0.4999330437761012,0.0,0.0,0.0,0.0
2017-08-21,0.0,0.4998237085260759,0.0,0.5001762914739241,0.0,0.0,0.0,0.0
2017-08-22,0.0,0.5023994088784367,0.0,0.4976005911215632,0.0,0.0,0.0,0.0
2017-08-23,0.0,0.5014700602889434,0.0,0.4985299397110566,0.0,0.0,0.0,0.0
2017-08-24,0.0,0.5012976043291886,0.0,0.49870239567081137,0.0,0.0,0.0,0.0
2017-08-25,0.0,0.4992672241386837,0.0,0.5007327758613163,0.0,0.0,0.0,0.0
2017-08-28,0.0,0.500040814284286,0.0,0.4999591857157139,0.0,0.0,0.0,0.0
2017-08-29,0.0,0.5020352220394619,0.0,0.497964777960538,0.0,0.0,0.0,0.0
2017-08-30,0.0,0.5052942455614515,0.0,0.49470575443854853,0.0,0.0,0.0,0.0
2017-08-31,0.0,0.5060456743772781,0.0,0.4939543256227218,0.0,0.0,0.0,0.0
2017-09-01,0.0,0.5,0.0,0.5,0.0,0.0,0.0,0.0
2017-09-05,0.0,0.4994317888980711,0.0,0.500568211101929,0.0,0.0,0.0,0.0
2017-09-06,0.0,0.49865514671932065,0.0,0.5013448532806792,0.0,0.0,0.0,0.0
2017-09-07,0.0,0.4971947622274564,0.0,0.5028052377725435,0.0,0.0,0.0,0.0
2017-09-08,0.0,0.4949830843703852,0.0,0.5050169156296148,0.0,0.0,0.0,0.0
2017-09-11,0.0,0.49588924288071656,0.0,0.5041107571192834,0.0,0.0,0.0,0.0
2017-09-12,0.0,0.49571800883047623,0.0,0.5042819911695237,0.0,0.0,0.0,0.0
2017-09-13,0.0,0.4974186995568313,0.0,0.5025813004431686,0.0,0.0,0.0,0.0
2017-09-14,0.0,0.4955044175004301,0.0,0.5044955824995698,0.0,0.0,0.0,0.0
2017-09-15,0.0,0.4961412082336011,0.0,0.5038587917663989,0.0,0.0,0.0,0.0
2017-09-18,0.0,0.49548299790323375,0.0,0.5045170020967663,0.0,0.0,0.0,0.0
2017-09-19,0.0,0.49474103477282116,0.0,0.5052589652271788,0.0,0.0,0.0,0.0
2017-09-20,0.0,0.4945165852220747,0.0,0.5054834147779252,0.0,0.0,0.0,0.0
2017-09-21,0.0,0.4934940397526807,0.0,0.5065059602473194,0.0,0.0,0.0,0.0
2017-09-22,0.0,0.49248292420661716,0.0,0.5075170757933828,0.0,0.0,0.0,0.0
2017-09-25,0.0,0.4912659826885419,0.0,0.5087340173114582,0.0,0.0,0.0,0.0
2017-09-26,0.0,0.49246467802827026,0.0,0.5075353219717297,0.0,0.0,0.0,0.0
2017-09-27,0.0,0.4945226413517206,0.0,0.5054773586482794,0.0,0.0,0.0,0.0
2017-09-28,0.0,0.4937742830928552,0.0,0.5062257169071449,0.0,0.0,0.0,0.0
2017-09-29,0.0,0.49410364360653,0.0,0.50589635639347,0.0,0.0,0.0,0.0
2017-10-02,0.5,0.5,0.0,0.0,0.0,0.0,0.0,0.0
2017-10-03,0.5000027165733915,0.4999972834266085,0.0,0.0,0.0,0.0,0.0,0.0
2017-10-04,0.5000593377373943,0.49994066226260575,0.0,0.0,0.0,0.0,0.0,0.0
2017-10-05,0.4991000074019334,0.5008999925980665,0.0,0.0,0.0,0.0,0.0,0.0
2017-10-06,0.4984762181856816,0.5015237818143183,0.0,0.0,0.0,0.0,0.0,0.0
2017-10-09,0.4983510967566269,0.501648903243373,0.0,0.0,0.0,0.0,0.0,0.0
2017-10-10,0.4988234590552882,0.5011765409447119,0.0,0.0,0.0,0.0,0.0,0.0
2017-10-11,0.49847186299658686,0.5015281370034131,0.0,0.0,0.0,0.0,0.0,0.0
2017-10-12,0.4985553224573154,0.5014446775426847,0.0,0.0,0.0,0.0,0.0,0.0
2017-10-13,0.49789708154513007,0.50210291845487,0.0,0.0,0.0,0.0,0.0,0.0
2017-10-16,0.497372082107427,0.502627917892573,0.0,0.0,0.0,0.0,0.0,0.0
2017-10-17,0.49722948173689785,0.5027705182631022,0.0,0.0,0.0,0.0,0.0,0.0
2017-10-18,0.497776102916946,0.5022238970830539,0.0,0.0,0.0,0.0,0.0,0.0
2017-10-19,0.49876990476455435,0.5012300952354456,0.0,0.0,0.0,0.0,0.0,0.0
2017-10-20,0.4993834308509834,0.5006165691490166,0.0,0.0,0.0,0.0,0.0,0.0
2017-10-23,0.5000451735150134,0.49995482648498657,0.0,0.0,0.0,0.0,0.0,0.0
2017-10-24,0.5000613432030117,0.4999386567969883,0.0,0.0,0.0,0.0,0.0,0.0
2017-10-25,0.4997685602196866,0.5002314397803135,0.0,0.0,0.0,0.0,0.0,0.0
2017-10-26,0.5008897428575991,0.4991102571424008,0.0,0.0,0.0,0.0,0.0,0.0
2017-10-27,0.4957487582744649,0.504251241725535,0.0,0.0,0.0,0.0,0.0,0.0
2017-10-30,0.49425443934385277,0.5057455606561473,0.0,0.0,0.0,0.0,0.0,0.0
2017-10-31,0.49370542974087767,0.5062945702591223,0.0,0.0,0.0,0.0,0.0,0.0
2017-11-01,0.5,0.5,0.0,0.0,0.0,0.0,0.0,0.0
2017-11-02,0.5005741613452511,0.49942583865474893,0.0,0.0,0.0,0.0,0.0,0.0
2017-11-03,0.49901451492770366,0.5009854850722963,0.0,0.0,0.0,0.0,0.0,0.0
2017-11-06,0.49855444353708683,0.5014455564629132,0.0,0.0,0.0,0.0,0.0,0.0
2017-11-07,0.4982342091749765,0.5017657908250235,0.0,0.0,0.0,0.0,0.0,0.0
2017-11-08,0.49765394625479115,0.5023460537452088,0.0,0.0,0.0,0.0,0.0,0.0
2017-11-09,0.4980593796473943,0.5019406203526057,0.0,0.0,0.0,0.0,0.0,0.0
2017-11-10,0.4979982731804629,0.502001726819537,0.0,0.0,0.0,0.0,0.0,0.0
2017-11-13,0.4979216859271851,0.5020783140728148,0.0,0.0,0.0,0.0,0.0,0.0
2017-11-14,0.4982520238203457,0.5017479761796544,0.0,0.0,0.0,0.0,0.0,0.0
2017-11-15,0.498174402961153,0.501825597038847,0.0,0.0,0.0,0.0,0.0,0.0
2017-11-16,0.49711596034567157,0.5028840396543284,0.0,0.0,0.0,0.0,0.0,0.0
2017-11-17,0.49733651377838095,0.5026634862216189,0.0,0.0,0.0,0.0,0.0,0.0
2017-11-20,0.497957627037747,0.5020423729622531,0.0,0.0,0.0,0.0,0.0,0.0
2017-11-21,0.49688870344512903,0.503111296554871,0.0,0.0,0.0,0.0,0.0,0.0
2017-11-22,0.49636213825671344,0.5036378617432865,0.0,0.0,0.0,0.0,0.0,0.0
2017-11-24,0.4960253151030257,0.5039746848969742,0.0,0.0,0.0,0.0,0.0,0.0
2017-11-27,0.4960124790862394,0.5039875209137605,0.0,0.0,0.0,0.0,0.0,0.0
2017-11-28,0.497896448247966,0.5021035517520341,0.0,0.0,0.0,0.0,0.0,0.0
2017-11-29,0.5021411891672747,0.49785881083272526,0.0,0.0,0.0,0.0,0.0,0.0
2017-11-30,0.502233060576684,0.49776693942331596,0.0,0.0,0.0,0.0,0.0,0.0
2017-12-01,0.0,0.5,0.0,0.5,0.0,0.0,0.0,0.0
2017-12-04,0.0,0.49799948107177977,0.0,0.5020005189282203,0.0,0.0,0.0,0.0
2017-12-05,0.0,0.4987026772998878,0.0,0.5012973227001122,0.0,0.0,0.0,0.0
2017-12-06,0.0,0.5003335979638369,0.0,0.49966640203616297,0.0,0.0,0.0,0.0
2017-12-07,0.0,0.5005305140780336,0.0,0.4994694859219665,0.0,0.0,0.0,0.0
2017-12-08,0.0,0.5003038639942305,0.0,0.49969613600576956,0.0,0.0,0.0,0.0
2017-12-11,0.0,0.5015920551718863,0.0,0.4984079448281136,0.0,0.0,0.0,0.0
2017-12-12,0.0,0.5009339742024637,0.0,0.4990660257975364,0.0,0.0,0.0,0.0
2017-12-13,0.0,0.500454450751733,0.0,0.499545549248267,0.0,0.0,0.0,0.0
2017-12-14,0.0,0.5016672364713094,0.0,0.4983327635286906,0.0,0.0,0.0,0.0
2017-12-15,0.0,0.5045611626417793,0.0,0.4954388373582207,0.0,0.0,0.0,0.0
2017-12-18,0.0,0.5037004244106817,0.0,0.49629957558931825,0.0,0.0,0.0,0.0
2017-12-19,0.0,0.5031335837251067,0.0,0.4968664162748933,0.0,0.0,0.0,0.0
2017-12-20,0.0,0.5032940431371431,0.0,0.49670595686285696,0.0,0.0,0.0,0.0
2017-12-21,0.0,0.5024304821089077,0.0,0.4975695178910923,0.0,0.0,0.0,0.0
2017-12-22,0.0,0.5015020249810346,0.0,0.4984979750189655,0.0,0.0,0.0,0.0
2017-12-26,0.0,0.5002194093846741,0.0,0.49978059061532587,0.0,0.0,0.0,0.0
2017-12-27,0.0,0.49978798705221794,0.0,0.500212012947782,0.0,0.0,0.0,0.0
2017-12-28,0.0,0.4999489449752666,0.0,0.5000510550247335,0.0,0.0,0.0,0.0
2017-12-29,0.0,0.4982190774329529,0.0,0.501780922567047,0.0,0.0,0.0,0.0
2018-01-02,0.0,0.5,0.0,0.5,0.0,0.0,0.0,0.0
2018-01-03,0.0,0.5012202772650546,0.0,0.49877972273494553,0.0,0.0,0.0,0.0
2018-01-04,0.0,0.498932260947825,0.0,0.501067739052175,0.0,0.0,0.0,0.0
2018-01-05,0.0,0.5000446180972435,0.0,0.4999553819027564,0.0,0.0,0.0,0.0
2018-01-08,0.0,0.5010844586216467,0.0,0.4989155413783532,0.0,0.0,0.0,0.0
2018-01-09,0.0,0.5008234212319929,0.0,0.4991765787680071,0.0,0.0,0.0,0.0
2018-01-10,0.0,0.5007222128206444,0.0,0.49927778717935556,0.0,0.0,0.0,0.0
2018-01-11,0.0,0.500703863452244,0.0,0.4992961365477559,0.0,0.0,0.0,0.0
2018-01-12,0.0,0.5000389152403775,0.0,0.4999610847596225,0.0,0.0,0.0,0.0
2018-01-16,0.0,0.4995618162449577,0.0,0.5004381837550423,0.0,0.0,0.0,0.0
2018-01-17,0.0,0.5009547428157823,0.0,0.4990452571842176,0.0,0.0,0.0,0.0
2018-01-18,0.0,0.5013050165712928,0.0,0.4986949834287072,0.0,0.0,0.0,0.0
2018-01-19,0.0,0.5007012239860555,0.0,0.49929877601394435,0.0,0.0,0.0,0.0
2018-01-22,0.0,0.5020840055603591,0.0,0.49791599443964074,0.0,0.0,0.0,0.0
2018-01-23,0.0,0.5033384589432144,0.0,0.4966615410567855,0.0,0.0,0.0,0.0
2018-01-24,0.0,0.5012765728129616,0.0,0.49872342718703844,0.0,0.0,0.0,0.0
2018-01-25,0.0,0.5021575223647085,0.0,0.49784247763529155,0.0,0.0,0.0,0.0
2018-01-26,0.0,0.5037573046889213,0.0,0.4962426953110786,0.0,0.0,0.0,0.0
2018-01-29,0.0,0.5048431921252239,0.0,0.4951568078747762,0.0,0.0,0.0,0.0
2018-01-30,0.0,0.5048646152333597,0.0,0.49513538476664043,0.0,0.0,0.0,0.0
2018-01-31,0.0,0.5062380253439213,0.0,0.49376197465607874,0.0,0.0,0.0,0.0
2018-02-01,0.0,0.5,0.0,0.5,0.0,0.0,0.0,0.0
2018-02-02,0.0,0.5000793154858626,0.0,0.4999206845141374,0.0,0.0,0.0,0.0
2018-02-05,0.0,0.500724473614479,0.0,0.49927552638552103,0.0,0.0,0.0,0.0
2018-02-06,0.0,0.5023835326338498,0.0,0.49761646736615023,0.0,0.0,0.0,0.0
2018-02-07,0.0,0.5017872818387809,0.0,0.49821271816121926,0.0,0.0,0.0,0.0
2018-02-08,0.0,0.49761977334157076,0.0,0.5023802266584293,0.0,0.0,0.0,0.0
2018-02-09,0.0,0.5008409965893627,0.0,0.49915900341063735,0.0,0.0,0.0,0.0
2018-02-12,0.0,0.5014402920660457,0.0,0.49855970793395427,0.0,0.0,0.0,0.0
2018-02-13,0.0,0.5034824027744408,0.0,0.4965175972255593,0.0,0.0,0.0,0.0
2018-02-14,0.0,0.503729899795421,0.0,0.49627010020457896,0.0,0.0,0.0,0.0
2018-02-15,0.0,0.5067760986545795,0.0,0.49322390134542055,0.0,0.0,0.0,0.0
2018-02-16,0.0,0.5045347948964464,0.0,0.4954652051035537,0.0,0.0,0.0,0.0
2018-02-20,0.0,0.5073903548780186,0.0,0.49260964512198135,0.0,0.0,0.0,0.0
2018-02-21,0.0,0.5078826175851217,0.0,0.4921173824148784,0.0,0.0,0.0,0.0
2018-02-22,0.0,0.5065422891547042,0.0,0.49345771084529577,0.0,0.0,0.0,0.0
2018-02-23,0.0,0.509631940000334,0.0,0.490368059999666,0.0,0.0,0.0,0.0
2018-02-26,0.0,0.5105878998614761,0.0,0.4894121001385239,0.0,0.0,0.0,0.0
2018-02-27,0.0,0.5112152519361794,0.0,0.4887847480638206,0.0,0.0,0.0,0.0
2018-02-28,0.0,0.5119776161990535,0.0,0.4880223838009465,0.0,0.0,0.0,0.0
2018-03-01,0.0,0.5,0.0,0.5,0.0,0.0,0.0,0.0
2018-03-02,0.0,0.5010935083615283,0.0,0.4989064916384716,0.0,0.0,0.0,0.0
2018-03-05,0.0,0.50252049968461,0.0,0.49747950031539,0.0,0.0,0.0,0.0
2018-03-06,0.0,0.5021114893874349,0.0,0.49788851061256517,0.0,0.0,0.0,0.0
2018-03-07,0.0,0.502760539577847,0.0,0.49723946042215295,0.0,0.0,0.0,0.0
2018-03-08,0.0,0.5035992866591256,0.0,0.4964007133408744,0.0,0.0,0.0,0.0
2018-03-09,0.0,0.5068148275536232,0.0,0.4931851724463768,0.0,0.0,0.0,0.0
2018-03-12,0.0,0.5078569395480357,0.0,0.4921430604519643,0.0,0.0,0.0,0.0
2018-03-13,0.0,0.5060939276303265,0.0,0.4939060723696736,0.0,0.0,0.0,0.0
2018-03-14,0.0,0.5054473206312521,0.0,0.49455267936874797,0.0,0.0,0.0,0.0
2018-03-15,0.0,0.5053705720764823,0.0,0.4946294279235178,0.0,0.0,0.0,0.0
2018-03-16,0.0,0.504803540716468,0.0,0.49519645928353195,0.0,0.0,0.0,0.0
2018-03-19,0.0,0.5014423090471102,0.0,0.4985576909528898,0.0,0.0,0.0,0.0
2018-03-20,0.0,0.5022994932203809,0.0,0.4977005067796192,0.0,0.0,0.0,0.0
2018-03-21,0.0,0.500815412518112,0.0,0.49918458748188793,0.0,0.0,0.0,0.0
2018-03-22,0.0,0.49925395876478246,0.0,0.5007460412352175,0.0,0.0,0.0,0.0
2018-03-23,0.0,0.49535890197993193,0.0,0.504641098020068,0.0,0.0,0.0,0.0
2018-03-26,0.0,0.5000304219364239,0.0,0.4999695780635761,0.0,0.0,0.0,0.0
2018-03-27,0.0,0.49365747376165087,0.0,0.5063425262383492,0.0,0.0,0.0,0.0
2018-03-28,0.0,0.4893135675824712,0.0,0.5106864324175288,0.0,0.0,0.0,0.0
2018-03-29,0.0,0.4915795018492634,0.0,0.5084204981507366,0.0,0.0,0.0,0.0
2018-04-02,0.0,0.5,0.0,0.5,0.0,0.0,0.0,0.0
2018-04-03,0.0,0.501201879545944,0.0,0.498798120454056,0.0,0.0,0.0,0.0
2018-04-04,0.0,0.504247548522486,0.0,0.495752451477514,0.0,0.0,0.0,0.0
2018-04-05,0.0,0.5040161956432556,0.0,0.49598380435674444,0.0,0.0,0.0,0.0
2018-04-06,0.0,0.499332498842094,0.0,0.500667501157906,0.0,0.0,0.0,0.0
2018-04-09,0.0,0.4990371143566667,0.0,0.5009628856433332,0.0,0.0,0.0,0.0
2018-04-10,0.0,0.5018273745688058,0.0,0.4981726254311943,0.0,0.0,0.0,0.0
2018-04-11,0.0,0.5013372904001607,0.0,0.4986627095998394,0.0,0.0,0.0,0.0
2018-04-12,0.0,0.5033732639923094,0.0,0.49662673600769064,0.0,0.0,0.0,0.0
2018-04-13,0.0,0.5018280428373925,0.0,0.49817195716260754,0.0,0.0,0.0,0.0
2018-04-16,0.0,0.5033382695369829,0.0,0.496661730463017,0.0,0.0,0.0,0.0
2018-04-17,0.0,0.5075360451369342,0.0,0.4924639548630657,0.0,0.0,0.0,0.0
2018-04-18,0.0,0.5067520738359882,0.0,0.4932479261640118,0.0,0.0,0.0,0.0
2018-04-19,0.0,0.5053880847965689,0.0,0.49461191520343106,0.0,0.0,0.0,0.0
2018-04-20,0.0,0.5023482065756054,0.0,0.4976517934243946,0.0,0.0,0.0,0.0
2018-04-23,0.0,0.5020327853010564,0.0,0.4979672146989436,0.0,0.0,0.0,0.0
2018-04-24,0.0,0.4977028824395645,0.0,0.5022971175604355,0.0,0.0,0.0,0.0
2018-04-25,0.0,0.49842725931995246,0.0,0.5015727406800474,0.0,0.0,0.0,0.0
2018-04-26,0.0,0.5023985747660004,0.0,0.4976014252339996,0.0,0.0,0.0,0.0
2018-04-27,0.0,0.50230618241833,0.0,0.49769381758167,0.0,0.0,0.0,0.0
2018-04-30,0.0,0.5013376141874821,0.0,0.4986623858125178,0.0,0.0,0.0,0.0
2018-05-01,0.0,0.5,0.0,0.5,0.0,0.0,0.0,0.0
2018-05-02,0.0,0.49862762599292454,0.0,0.5013723740070755,0.0,0.0,0.0,0.0
2018-05-03,0.0,0.49781735725915044,0.0,0.5021826427408497,0.0,0.0,0.0,0.0
2018-05-04,0.0,0.5016337144449231,0.0,0.4983662855550769,0.0,0.0,0.0,0.0
2018-05-07,0.0,0.5036672073279209,0.0,0.4963327926720791,0.0,0.0,0.0,0.0
2018-05-08,0.0,0.5033762445545961,0.0,0.49662375544540394,0.0,0.0,0.0,0.0
2018-05-09,0.0,0.505487670974958,0.0,0.4945123290250421,0.0,0.0,0.0,0.0
2018-05-10,0.0,0.5064535604099564,0.0,0.4935464395900436,0.0,0.0,0.0,0.0
2018-05-11,0.0,0.5055551687868467,0.0,0.49444483121315336,0.0,0.0,0.0,0.0
2018-05-14,0.0,0.5055300567590358,0.0,0.4944699432409642,0.0,0.0,0.0,0.0
2018-05-15,0.0,0.5045606184924066,0.0,0.49543938150759326,0.0,0.0,0.0,0.0
2018-05-16,0.0,0.5058581056443617,0.0,0.4941418943556383,0.0,0.0,0.0,0.0
2018-05-17,0.0,0.504510333882843,0.0,0.49548966611715684,0.0,0.0,0.0,0.0
2018-05-18,0.0,0.5041244692920609,0.0,0.4958755307079392,0.0,0.0,0.0,0.0
2018-05-21,0.0,0.5039517513386489,0.0,0.49604824866135117,0.0,0.0,0.0,0.0
2018-05-22,0.0,0.5039385426989205,0.0,0.4960614573010796,0.0,0.0,0.0,0.0
2018-05-23,0.0,0.5088098624823224,0.0,0.4911901375176775,0.0,0.0,0.0,0.0
2018-05-24,0.0,0.5095129398370817,0.0,0.49048706016291826,0.0,0.0,0.0,0.0
2018-05-25,0.0,0.5113948715224027,0.0,0.48860512847759735,0.0,0.0,0.0,0.0
2018-05-29,0.0,0.5154284827569302,0.0,0.48457151724306974,0.0,0.0,0.0,0.0
2018-05-30,0.0,0.5134268629753839,0.0,0.48657313702461613,0.0,0.0,0.0,0.0
2018-05-31,0.0,0.5148441869791085,0.0,0.48515581302089145,0.0,0.0,0.0,0.0
2018-06-01,0.0,0.5,0.5,0.0,0.0,0.0,0.0,0.0
2018-06-04,0.0,0.5009235205168503,0.4990764794831498,0.0,0.0,0.0,0.0,0.0
2018-06-05,0.0,0.5001533640173679,0.4998466359826321,0.0,0.0,0.0,0.0,0.0
2018-06-06,0.0,0.4998040460465254,0.5001959539534747,0.0,0.0,0.0,0.0,0.0
2018-06-07,0.0,0.49912928183199257,0.5008707181680074,0.0,0.0,0.0,0.0,0.0
2018-06-08,0.0,0.49839199486875907,0.5016080051312409,0.0,0.0,0.0,0.0,0.0
2018-06-11,0.0,0.49868960023762804,0.501310399762372,0.0,0.0,0.0,0.0,0.0
2018-06-12,0.0,0.4988645119521493,0.5011354880478506,0.0,0.0,0.0,0.0,0.0
2018-06-13,0.0,0.49983710475255355,0.5001628952474465,0.0,0.0,0.0,0.0,0.0
2018-06-14,0.0,0.501025456439764,0.4989745435602359,0.0,0.0,0.0,0.0,0.0
2018-06-15,0.0,0.5000767238555681,0.49992327614443194,0.0,0.0,0.0,0.0,0.0
2018-06-18,0.0,0.49875811307654044,0.5012418869234596,0.0,0.0,0.0,0.0,0.0
2018-06-19,0.0,0.4980341679879506,0.5019658320120495,0.0,0.0,0.0,0.0,0.0
2018-06-20,0.0,0.49779495982638045,0.5022050401736196,0.0,0.0,0.0,0.0,0.0
2018-06-21,0.0,0.49796302859672087,0.5020369714032791,0.0,0.0,0.0,0.0,0.0
2018-06-22,0.0,0.49824040312554835,0.5017595968744517,0.0,0.0,0.0,0.0,0.0
2018-06-25,0.0,0.4966588963295251,0.5033411036704749,0.0,0.0,0.0,0.0,0.0
2018-06-26,0.0,0.496228389734252,0.5037716102657479,0.0,0.0,0.0,0.0,0.0
2018-06-27,0.0,0.4968427712715511,0.5031572287284489,0.0,0.0,0.0,0.0,0.0
2018-06-28,0.0,0.4982200065533946,0.5017799934466053,0.0,0.0,0.0,0.0,0.0
2018-06-29,0.0,0.49905872115809513,0.5009412788419049,0.0,0.0,0.0,0.0,0.0
2018-07-02,0.0,0.5,0.5,0.0,0.0,0.0,0.0,0.0
2018-07-03,0.0,0.4960950708584825,0.5039049291415175,0.0,0.0,0.0,0.0,0.0
2018-07-05,0.0,0.49634596130124203,0.5036540386987579,0.0,0.0,0.0,0.0,0.0
2018-07-06,0.0,0.4981011215092788,0.5018988784907211,0.0,0.0,0.0,0.0,0.0
2018-07-09,0.0,0.49877021169210645,0.5012297883078936,0.0,0.0,0.0,0.0,0.0
2018-07-10,0.0,0.5000931893091595,0.49990681069084053,0.0,0.0,0.0,0.0,0.0
2018-07-11,0.0,0.5009512216446309,0.49904877835536915,0.0,0.0,0.0,0.0,0.0
2018-07-12,0.0,0.5040135471794605,0.49598645282053944,0.0,0.0,0.0,0.0,0.0
2018-07-13,0.0,0.5049678351178452,0.4950321648821549,0.0,0.0,0.0,0.0,0.0
2018-07-16,0.0,0.5053409690932447,0.4946590309067554,0.0,0.0,0.0,0.0,0.0
2018-07-17,0.0,0.5057503543376964,0.49424964566230367,0.0,0.0,0.0,0.0,0.0
2018-07-18,0.0,0.5045780743015782,0.4954219256984218,0.0,0.0,0.0,0.0,0.0
2018-07-19,0.0,0.5015596241362358,0.4984403758637643,0.0,0.0,0.0,0.0,0.0
2018-07-20,0.0,0.5025255494327209,0.4974744505672792,0.0,0.0,0.0,0.0,0.0
2018-07-23,0.0,0.5030090891133256,0.49699091088667435,0.0,0.0,0.0,0.0,0.0
2018-07-24,0.0,0.5067187904167088,0.49328120958329125,0.0,0.0,0.0,0.0,0.0
2018-07-25,0.0,0.5092760137487082,0.49072398625129177,0.0,0.0,0.0,0.0,0.0
2018-07-26,0.0,0.5041205033155614,0.49587949668443865,0.0,0.0,0.0,0.0,0.0
2018-07-27,0.0,0.5054288322297069,0.494571167770293,0.0,0.0,0.0,0.0,0.0
2018-07-30,0.0,0.5034796517551781,0.4965203482448219,0.0,0.0,0.0,0.0,0.0
2018-07-31,0.0,0.5028557530898283,0.4971442469101717,0.0,0.0,0.0,0.0,0.0
2018-08-01,0.0,0.5,0.5,0.0,0.0,0.0,0.0,0.0
2018-08-02,0.0,0.501560457182728,0.49843954281727193,0.0,0.0,0.0,0.0,0.0
2018-08-03,0.0,0.5031951279456686,0.49680487205433155,0.0,0.0,0.0,0.0,0.0
2018-08-06,0.0,0.5032687255276983,0.49673127447230164,0.0,0.0,0.0,0.0,0.0
2018-08-07,0.0,0.5035812482461449,0.4964187517538551,0.0,0.0,0.0,0.0,0.0
2018-08-08,0.0,0.50410719375613,0.49589280624386994,0.0,0.0,0.0,0.0,0.0
2018-08-09,0.0,0.5033154003442335,0.4966845996557665,0.0,0.0,0.0,0.0,0.0
2018-08-10,0.0,0.5020982236313273,0.4979017763686727,0.0,0.0,0.0,0.0,0.0
2018-08-13,0.0,0.5032877164263291,0.4967122835736708,0.0,0.0,0.0,0.0,0.0
2018-08-14,0.0,0.5023849073279418,0.4976150926720581,0.0,0.0,0.0,0.0,0.0
2018-08-15,0.0,0.5024633351663633,0.4975366648336367,0.0,0.0,0.0,0.0,0.0
2018-08-16,0.0,0.5009777539697875,0.4990222460302124,0.0,0.0,0.0,0.0,0.0
2018-08-17,0.0,0.49996173153102236,0.5000382684689776,0.0,0.0,0.0,0.0,0.0
2018-08-20,0.0,0.4990423926859143,0.5009576073140858,0.0,0.0,0.0,0.0,0.0
2018-08-21,0.0,0.4971023914778526,0.5028976085221474,0.0,0.0,0.0,0.0,0.0
2018-08-22,0.0,0.4974566758836745,0.5025433241163254,0.0,0.0,0.0,0.0,0.0
2018-08-23,0.0,0.4978580194504071,0.502141980549593,0.0,0.0,0.0,0.0,0.0
2018-08-24,0.0,0.4988116006253969,0.501188399374603,0.0,0.0,0.0,0.0,0.0
2018-08-27,0.0,0.5009827635690685,0.49901723643093154,0.0,0.0,0.0,0.0,0.0
2018-08-28,0.0,0.501116181259276,0.4988838187407239,0.0,0.0,0.0,0.0,0.0
2018-08-29,0.0,0.5032584683437221,0.496741531656278,0.0,0.0,0.0,0.0,0.0
2018-08-30,0.0,0.5030192139202182,0.4969807860797819,0.0,0.0,0.0,0.0,0.0
2018-08-31,0.0,0.5023852657153287,0.4976147342846713,0.0,0.0,0.0,0.0,0.0
2018-09-04,0.0,0.5,0.5,0.0,0.0,0.0,0.0,0.0
2018-09-05,0.0,0.4974191669979104,0.5025808330020897,0.0,0.0,0.0,0.0,0.0
2018-09-06,0.0,0.49686798532213605,0.503132014677864,0.0,0.0,0.0,0.0,0.0
2018-09-07,0.0,0.49603561213726255,0.5039643878627375,0.0,0.0,0.0,0.0,0.0
2018-09-10,0.0,0.49656841603983504,0.503431583960165,0.0,0.0,0.0,0.0,0.0
2018-09-11,0.0,0.4980775525119128,0.5019224474880872,0.0,0.0,0.0,0.0,0.0
2018-09-12,0.0,0.49793914806346695,0.5020608519365332,0.0,0.0,0.0,0.0,0.0
2018-09-13,0.0,0.5005363782675558,0.4994636217324443,0.0,0.0,0.0,0.0,0.0
2018-09-14,0.0,0.49875127493795535,0.5012487250620447,0.0,0.0,0.0,0.0,0.0
2018-09-17,0.0,0.49779355192536645,0.5022064480746335,0.0,0.0,0.0,0.0,0.0
2018-09-18,0.0,0.4988082982950403,0.5011917017049597,0.0,0.0,0.0,0.0,0.0
2018-09-19,0.0,0.49952873240051543,0.5004712675994845,0.0,0.0,0.0,0.0,0.0
2018-09-20,0.0,0.4999748109109176,0.5000251890890823,0.0,0.0,0.0,0.0,0.0
2018-09-21,0.0,0.4998042036725213,0.5001957963274787,0.0,0.0,0.0,0.0,0.0
2018-09-24,0.0,0.5014246266019617,0.49857537339803826,0.0,0.0,0.0,0.0,0.0
2018-09-25,0.0,0.5013815864914886,0.4986184135085113,0.0,0.0,0.0,0.0,0.0
2018-09-26,0.0,0.5038534605676264,0.49614653943237363,0.0,0.0,0.0,0.0,0.0
2018-09-27,0.0,0.5059460396382844,0.49405396036171567,0.0,0.0,0.0,0.0,0.0
2018-09-28,0.0,0.5051347628955266,0.4948652371044734,0.0,0.0,0.0,0.0,0.0
2018-10-01,0.5,0.5,0.0,0.0,0.0,0.0,0.0,0.0
2018-10-02,0.5004187803422969,0.4995812196577031,0.0,0.0,0.0,0.0,0.0,0.0
2018-10-03,0.5002869484345471,0.49971305156545287,0.0,0.0,0.0,0.0,0.0,0.0
2018-10-04,0.5031716842627681,0.4968283157372318,0.0,0.0,0.0,0.0,0.0,0.0
2018-10-05,0.5048441991134739,0.49515580088652617,0.0,0.0,0.0,0.0,0.0,0.0
2018-10-08,0.5063751269347737,0.4936248730652263,0.0,0.0,0.0,0.0,0.0,0.0
2018-10-09,0.5052017130376522,0.4947982869623478,0.0,0.0,0.0,0.0,0.0,0.0
2018-10-10,0.5084010770225488,0.4915989229774512,0.0,0.0,0.0,0.0,0.0,0.0
2018-10-11,0.5059536638229889,0.49404633617701105,0.0,0.0,0.0,0.0,0.0,0.0
2018-10-12,0.5025395813572897,0.49746041864271023,0.0,0.0,0.0,0.0,0.0,0.0
2018-10-15,0.5041757486858743,0.4958242513141258,0.0,0.0,0.0,0.0,0.0,0.0
2018-10-16,0.5024140975974349,0.4975859024025651,0.0,0.0,0.0,0.0,0.0,0.0
2018-10-17,0.5023600602672327,0.49763993973276727,0.0,0.0,0.0,0.0,0.0,0.0
2018-10-18,0.5045871320874143,0.49541286791258576,0.0,0.0,0.0,0.0,0.0,0.0
2018-10-19,0.5046825056054648,0.4953174943945352,0.0,0.0,0.0,0.0,0.0,0.0
2018-10-22,0.5022753616673968,0.4977246383326032,0.0,0.0,0.0,0.0,0.0,0.0
2018-10-23,0.5019210686262254,0.49807893137377446,0.0,0.0,0.0,0.0,0.0,0.0
2018-10-24,0.5059407979891921,0.4940592020108078,0.0,0.0,0.0,0.0,0.0,0.0
2018-10-25,0.5018838116213076,0.4981161883786925,0.0,0.0,0.0,0.0,0.0,0.0
2018-10-26,0.5039623454813306,0.49603765451866944,0.0,0.0,0.0,0.0,0.0,0.0
2018-10-29,0.5077718496298708,0.4922281503701293,0.0,0.0,0.0,0.0,0.0,0.0
2018-10-30,0.5073630390916608,0.4926369609083391,0.0,0.0,0.0,0.0,0.0,0.0
2018-10-31,0.5042111921006349,0.495788807899365,0.0,0.0,0.0,0.0,0.0,0.0
2018-11-01,0.5,0.5,0.0,0.0,0.0,0.0,0.0,0.0
2018-11-02,0.5024394590506945,0.4975605409493054,0.0,0.0,0.0,0.0,0.0,0.0
2018-11-05,0.5044354919989709,0.49556450800102914,0.0,0.0,0.0,0.0,0.0,0.0
2018-11-06,0.5041257636055305,0.49587423639446954,0.0,0.0,0.0,0.0,0.0,0.0
2018-11-07,0.5017001667759431,0.49829983322405685,0.0,0.0,0.0,0.0,0.0,0.0
2018-11-08,0.5028457326694714,0.4971542673305287,0.0,0.0,0.0,0.0,0.0,0.0
2018-11-09,0.5046405457336741,0.4953594542663259,0.0,0.0,0.0,0.0,0.0,0.0
2018-11-12,0.5076060929962274,0.4923939070037726,0.0,0.0,0.0,0.0,0.0,0.0
2018-11-13,0.5069276431924211,0.4930723568075788,0.0,0.0,0.0,0.0,0.0,0.0
2018-11-14,0.5071271226952456,0.49287287730475426,0.0,0.0,0.0,0.0,0.0,0.0
2018-11-15,0.5053875296497667,0.4946124703502332,0.0,0.0,0.0,0.0,0.0,0.0
2018-11-16,0.5069155822512086,0.49308441774879147,0.0,0.0,0.0,0.0,0.0,0.0
2018-11-19,0.5109035105601861,0.489096489439814,0.0,0.0,0.0,0.0,0.0,0.0
2018-11-20,0.510747940721104,0.48925205927889603,0.0,0.0,0.0,0.0,0.0,0.0
2018-11-21,0.5097054148760561,0.4902945851239438,0.0,0.0,0.0,0.0,0.0,0.0
2018-11-23,0.5098449850443221,0.490155014955678,0.0,0.0,0.0,0.0,0.0,0.0
2018-11-26,0.5081367220892195,0.4918632779107806,0.0,0.0,0.0,0.0,0.0,0.0
2018-11-27,0.5081337261304933,0.49186627386950665,0.0,0.0,0.0,0.0,0.0,0.0
2018-11-28,0.5059060673902858,0.4940939326097143,0.0,0.0,0.0,0.0,0.0,0.0
2018-11-29,0.5061755663741426,0.4938244336258574,0.0,0.0,0.0,0.0,0.0,0.0
2018-11-30,0.5058874651363588,0.49411253486364115,0.0,0.0,0.0,0.0,0.0,0.0
2018-12-03,0.5,0.0,0.0,0.0,0.0,0.0,0.0,0.5
2018-12-04,0.49172124676685874,0.0,0.0,0.0,0.0,0.0,0.0,0.5082787532331412
2018-12-06,0.4905810807330095,0.0,0.0,0.0,0.0,0.0,0.0,0.5094189192669905
2018-12-07,0.48468481753090953,0.0,0.0,0.0,0.0,0.0,0.0,0.5153151824690905
2018-12-10,0.48440043214245304,0.0,0.0,0.0,0.0,0.0,0.0,0.5155995678575469
2018-12-11,0.48401251975129095,0.0,0.0,0.0,0.0,0.0,0.0,0.5159874802487091
2018-12-12,0.4850004882763092,0.0,0.0,0.0,0.0,0.0,0.0,0.5149995117236909
2018-12-13,0.4842508997328775,0.0,0.0,0.0,0.0,0.0,0.0,0.5157491002671226
2018-12-14,0.47986331585380826,0.0,0.0,0.0,0.0,0.0,0.0,0.5201366841461919
2018-12-17,0.47465475087430387,0.0,0.0,0.0,0.0,0.0,0.0,0.5253452491256961
2018-12-18,0.4734919838446913,0.0,0.0,0.0,0.0,0.0,0.0,0.5265080161553086
2018-12-19,0.4699306174577672,0.0,0.0,0.0,0.0,0.0,0.0,0.5300693825422328
2018-12-20,0.4666621099706961,0.0,0.0,0.0,0.0,0.0,0.0,0.5333378900293038
2018-12-21,0.4617565029574035,0.0,0.0,0.0,0.0,0.0,0.0,0.5382434970425964
2018-12-24,0.45568298602809715,0.0,0.0,0.0,0.0,0.0,0.0,0.5443170139719028
2018-12-26,0.4681330339183814,0.0,0.0,0.0,0.0,0.0,0.0,0.5318669660816185
2018-12-27,0.47003773865654774,0.0,0.0,0.0,0.0,0.0,0.0,0.5299622613434524
2018-12-28,0.468540224169233,0.0,0.0,0.0,0.0,0.0,0.0,0.531459775830767
2018-12-31,0.4700267836449938,0.0,0.0,0.0,0.0,0.0,0.0,0.5299732163550063
2019-01-02,0.0,0.0,0.0,0.0,0.0,0.0,0.5,0.5
2019-01-03,0.0,0.0,0.0,0.0,0.0,0.0,0.5027181982663128,0.4972818017336872
2019-01-04,0.0,0.0,0.0,0.0,0.0,0.0,0.4999621707868422,0.5000378292131578
2019-01-07,0.0,0.0,0.0,0.0,0.0,0.0,0.49920193902873644,0.5007980609712637
2019-01-08,0.0,0.0,0.0,0.0,0.0,0.0,0.49799237920714334,0.5020076207928565
2019-01-09,0.0,0.0,0.0,0.0,0.0,0.0,0.4966548209976858,0.5033451790023142
2019-01-10,0.0,0.0,0.0,0.0,0.0,0.0,0.4957008989054704,0.5042991010945297
2019-01-11,0.0,0.0,0.0,0.0,0.0,0.0,0.49621245827968513,0.5037875417203148
2019-01-14,0.0,0.0,0.0,0.0,0.0,0.0,0.4959409189498485,0.5040590810501515
2019-01-15,0.0,0.0,0.0,0.0,0.0,0.0,0.4948719493560818,0.5051280506439182
2019-01-16,0.0,0.0,0.0,0.0,0.0,0.0,0.49463775818167016,0.5053622418183299
2019-01-17,0.0,0.0,0.0,0.0,0.0,0.0,0.4941953210806513,0.5058046789193488
2019-01-18,0.0,0.0,0.0,0.0,0.0,0.0,0.49244323159394887,0.5075567684060511
2019-01-22,0.0,0.0,0.0,0.0,0.0,0.0,0.49371538258520253,0.5062846174147975
2019-01-23,0.0,0.0,0.0,0.0,0.0,0.0,0.4929785370918181,0.507021462908182
2019-01-24,0.0,0.0,0.0,0.0,0.0,0.0,0.493960905768355,0.5060390942316451
2019-01-25,0.0,0.0,0.0,0.0,0.0,0.0,0.4925438721492383,0.5074561278507618
2019-01-28,0.0,0.0,0.0,0.0,0.0,0.0,0.4923382951356395,0.5076617048643605
2019-01-29,0.0,0.0,0.0,0.0,0.0,0.0,0.49305861022678804,0.5069413897732119
2019-01-30,0.0,0.0,0.0,0.0,0.0,0.0,0.491726198894026,0.5082738011059741
2019-01-31,0.0,0.0,0.0,0.0,0.0,0.0,0.49212448281033583,0.5078755171896641
2019-02-01,0.0,0.0,0.0,0.0,0.5,0.0,0.0,0.5
2019-02-04,0.0,0.0,0.0,0.0,0.5022082056748921,0.0,0.0,0.49779179432510795
2019-02-05,0.0,0.0,0.0,0.0,0.5026290683972485,0.0,0.0,0.49737093160275153
2019-02-06,0.0,0.0,0.0,0.0,0.501459771994251,0.0,0.0,0.498540228005749
2019-02-07,0.0,0.0,0.0,0.0,0.5035617692350669,0.0,0.0,0.49643823076493304
2019-02-08,0.0,0.0,0.0,0.0,0.5029378019778094,0.0,0.0,0.4970621980221907
2019-02-11,0.0,0.0,0.0,0.0,0.5041798488295208,0.0,0.0,0.49582015117047923
2019-02-12,0.0,0.0,0.0,0.0,0.5022597288227023,0.0,0.0,0.49774027117729774
2019-02-13,0.0,0.0,0.0,0.0,0.5041848851194423,0.0,0.0,0.49581511488055763
2019-02-14,0.0,0.0,0.0,0.0,0.5047046542569564,0.0,0.0,0.4952953457430436
2019-02-15,0.0,0.0,0.0,0.0,0.5060834162804936,0.0,0.0,0.4939165837195064
2019-02-19,0.0,0.0,0.0,0.0,0.5058741531746065,0.0,0.0,0.4941258468253936
2019-02-20,0.0,0.0,0.0,0.0,0.5045271068944303,0.0,0.0,0.4954728931055697
2019-02-21,0.0,0.0,0.0,0.0,0.50547438185186,0.0,0.0,0.49452561814814006
2019-02-22,0.0,0.0,0.0,0.0,0.5058275758767604,0.0,0.0,0.49417242412323964
2019-02-25,0.0,0.0,0.0,0.0,0.5039381847792499,0.0,0.0,0.4960618152207501
2019-02-26,0.0,0.0,0.0,0.0,0.502780919327883,0.0,0.0,0.49721908067211684
2019-02-27,0.0,0.0,0.0,0.0,0.5022396709475871,0.0,0.0,0.4977603290524128
2019-02-28,0.0,0.0,0.0,0.0,0.5032399138343195,0.0,0.0,0.49676008616568046
2019-03-01,0.0,0.0,0.0,0.0,0.5,0.0,0.0,0.5
2019-03-04,0.0,0.0,0.0,0.0,0.5005696771311413,0.0,0.0,0.4994303228688587
2019-03-05,0.0,0.0,0.0,0.0,0.5011661582108068,0.0,0.0,0.4988338417891933
2019-03-06,0.0,0.0,0.0,0.0,0.4997698705377116,0.0,0.0,0.5002301294622885
2019-03-07,0.0,0.0,0.0,0.0,0.49841467795824224,0.0,0.0,0.5015853220417577
2019-03-08,0.0,0.0,0.0,0.0,0.49836082133501897,0.0,0.0,0.501639178664981
2019-03-11,0.0,0.0,0.0,0.0,0.501722115046544,0.0,0.0,0.4982778849534561
2019-03-12,0.0,0.0,0.0,0.0,0.5021797600779176,0.0,0.0,0.4978202399220823
2019-03-13,0.0,0.0,0.0,0.0,0.5038119576763241,0.0,0.0,0.49618804232367586
2019-03-14,0.0,0.0,0.0,0.0,0.5046832851218748,0.0,0.0,0.49531671487812523
2019-03-15,0.0,0.0,0.0,0.0,0.5029973044230324,0.0,0.0,0.4970026955769677
2019-03-18,0.0,0.0,0.0,0.0,0.5018691235063313,0.0,0.0,0.4981308764936686
2019-03-19,0.0,0.0,0.0,0.0,0.5010634210564254,0.0,0.0,0.49893657894357446
2019-03-20,0.0,0.0,0.0,0.0,0.5001414493774256,0.0,0.0,0.49985855062257445
2019-03-21,0.0,0.0,0.0,0.0,0.5040880065029911,0.0,0.0,0.49591199349700893
2019-03-22,0.0,0.0,0.0,0.0,0.500745218744793,0.0,0.0,0.49925478125520695
2019-03-25,0.0,0.0,0.0,0.0,0.5005585087691571,0.0,0.0,0.4994414912308429
2019-03-26,0.0,0.0,0.0,0.0,0.5024434102616506,0.0,0.0,0.49755658973834943
2019-03-27,0.0,0.0,0.0,0.0,0.5013877866982339,0.0,0.0,0.498612213301766
2019-03-28,0.0,0.0,0.0,0.0,0.5034868330361659,0.0,0.0,0.4965131669638341
2019-03-29,0.0,0.0,0.0,0.0,0.5034458323492816,0.0,0.0,0.4965541676507183
2019-04-01,0.0,0.0,0.0,0.0,0.5,0.0,0.0,0.5
2019-04-02,0.0,0.0,0.0,0.0,0.5014114651235795,0.0,0.0,0.49858853487642063
2019-04-03,0.0,0.0,0.0,0.0,0.5016539896286287,0.0,0.0,0.49834601037137133
2019-04-04,0.0,0.0,0.0,0.0,0.5008513441021073,0.0,0.0,0.4991486558978926
2019-04-05,0.0,0.0,0.0,0.0,0.5021925051713301,0.0,0.0,0.49780749482867
2019-04-08,0.0,0.0,0.0,0.0,0.5011527415370469,0.0,0.0,0.49884725846295314
2019-04-09,0.0,0.0,0.0,0.0,0.4993053679001939,0.0,0.0,0.500694632099806
2019-04-10,0.0,0.0,0.0,0.0,0.5003773297926505,0.0,0.0,0.49962267020734946
2019-04-11,0.0,0.0,0.0,0.0,0.50045798147242,0.0,0.0,0.49954201852757996
2019-04-12,0.0,0.0,0.0,0.0,0.5018003435811889,0.0,0.0,0.4981996564188112
2019-04-15,0.0,0.0,0.0,0.0,0.5009186786876625,0.0,0.0,0.49908132131233746
2019-04-16,0.0,0.0,0.0,0.0,0.49589857865227516,0.0,0.0,0.5041014213477248
2019-04-17,0.0,0.0,0.0,0.0,0.49365303418006695,0.0,0.0,0.506346965819933
2019-04-18,0.0,0.0,0.0,0.0,0.4953500228837663,0.0,0.0,0.5046499771162337
2019-04-22,0.0,0.0,0.0,0.0,0.49298712048691873,0.0,0.0,0.5070128795130814
2019-04-23,0.0,0.0,0.0,0.0,0.4952441751989842,0.0,0.0,0.5047558248010157
2019-04-24,0.0,0.0,0.0,0.0,0.4962360290546215,0.0,0.0,0.5037639709453784
2019-04-25,0.0,0.0,0.0,0.0,0.4958398494191366,0.0,0.0,0.5041601505808634
2019-04-26,0.0,0.0,0.0,0.0,0.4969267817459916,0.0,0.0,0.5030732182540084
2019-04-29,0.0,0.0,0.0,0.0,0.49545069431051886,0.0,0.0,0.5045493056894811
2019-04-30,0.0,0.0,0.0,0.0,0.4977196388633239,0.0,0.0,0.5022803611366762
2019-05-01,0.0,0.0,0.0,0.0,0.5,0.0,0.0,0.5
2019-05-02,0.0,0.0,0.0,0.0,0.5011653119932792,0.0,0.0,0.49883468800672076
2019-05-03,0.0,0.0,0.0,0.0,0.5021677767787619,0.0,0.0,0.497832223221238
2019-05-06,0.0,0.0,0.0,0.0,0.5010319292045783,0.0,0.0,0.49896807079542177
2019-05-07,0.0,0.0,0.0,0.0,0.49649168430022383,0.0,0.0,0.5035083156997763
2019-05-08,0.0,0.0,0.0,0.0,0.4970706700246601,0.0,0.0,0.5029293299753399
2019-05-09,0.0,0.0,0.0,0.0,0.49747972939697793,0.0,0.0,0.5025202706030221
2019-05-10,0.0,0.0,0.0,0.0,0.4999944801631569,0.0,0.0,0.5000055198368432
2019-05-13,0.0,0.0,0.0,0.0,0.4995881499133396,0.0,0.0,0.5004118500866603
2019-05-14,0.0,0.0,0.0,0.0,0.5001513066245249,0.0,0.0,0.499848693375475
2019-05-15,0.0,0.0,0.0,0.0,0.5011475140988748,0.0,0.0,0.49885248590112524
2019-05-16,0.0,0.0,0.0,0.0,0.5025414942249337,0.0,0.0,0.49745850577506634
2019-05-17,0.0,0.0,0.0,0.0,0.502037396401124,0.0,0.0,0.497962603598876
2019-05-20,0.0,0.0,0.0,0.0,0.4989849519016835,0.0,0.0,0.5010150480983164
2019-05-21,0.0,0.0,0.0,0.0,0.5009023372026153,0.0,0.0,0.49909766279738466
2019-05-22,0.0,0.0,0.0,0.0,0.5013307935146188,0.0,0.0,0.4986692064853812
2019-05-23,0.0,0.0,0.0,0.0,0.5013562534161502,0.0,0.0,0.4986437465838499
2019-05-24,0.0,0.0,0.0,0.0,0.5016014306014535,0.0,0.0,0.49839856939854654
2019-05-28,0.0,0.0,0.0,0.0,0.4989523063186724,0.0,0.0,0.5010476936813275
2019-05-29,0.0,0.0,0.0,0.0,0.49549971248594965,0.0,0.0,0.5045002875140503
2019-05-30,0.0,0.0,0.0,0.0,0.49510861182152727,0.0,0.0,0.5048913881784728
2019-05-31,0.0,0.0,0.0,0.0,0.4959713488169157,0.0,0.0,0.5040286511830843
2019-06-03,0.0,0.0,0.0,0.0,0.0,0.0,0.5,0.5
2019-06-04,0.0,0.0,0.0,0.0,0.0,0.0,0.4970503888935389,0.5029496111064611
2019-06-05,0.0,0.0,0.0,0.0,0.0,0.0,0.49579906107605676,0.5042009389239432
2019-06-06,0.0,0.0,0.0,0.0,0.0,0.0,0.4961287528154053,0.5038712471845948
2019-06-07,0.0,0.0,0.0,0.0,0.0,0.0,0.4971693788969187,0.5028306211030813
2019-06-10,0.0,0.0,0.0,0.0,0.0,0.0,0.4957116224543411,0.5042883775456588
2019-06-11,0.0,0.0,0.0,0.0,0.0,0.0,0.49563812141916636,0.5043618785808337
2019-06-12,0.0,0.0,0.0,0.0,0.0,0.0,0.49545835071037114,0.504541649289629
2019-06-13,0.0,0.0,0.0,0.0,0.0,0.0,0.49568030867417834,0.5043196913258217
2019-06-14,0.0,0.0,0.0,0.0,0.0,0.0,0.496205934621696,0.503794065378304
2019-06-17,0.0,0.0,0.0,0.0,0.0,0.0,0.4965196620251854,0.5034803379748146
2019-06-18,0.0,0.0,0.0,0.0,0.0,0.0,0.496112957897053,0.5038870421029471
2019-06-19,0.0,0.0,0.0,0.0,0.0,0.0,0.49488668793754786,0.5051133120624521
2019-06-20,0.0,0.0,0.0,0.0,0.0,0.0,0.49419258227306617,0.5058074177269338
2019-06-21,0.0,0.0,0.0,0.0,0.0,0.0,0.49233931915278467,0.5076606808472153
2019-06-24,0.0,0.0,0.0,0.0,0.0,0.0,0.49357036887827777,0.5064296311217223
2019-06-25,0.0,0.0,0.0,0.0,0.0,0.0,0.49509030990139524,0.5049096900986048
2019-06-26,0.0,0.0,0.0,0.0,0.0,0.0,0.49399174589727496,0.506008254102725
2019-06-27,0.0,0.0,0.0,0.0,0.0,0.0,0.49429193956637124,0.5057080604336288
2019-06-28,0.0,0.0,0.0,0.0,0.0,0.0,0.4934787164439802,0.5065212835560197
2019-07-01,0.0,0.0,0.0,0.0,0.0,0.0,0.5,0.5
2019-07-02,0.0,0.0,0.0,0.0,0.0,0.0,0.5012379862844768,0.4987620137155232
2019-07-03,0.0,0.0,0.0,0.0,0.0,0.0,0.5023325055217843,0.49766749447821557
2019-07-05,0.0,0.0,0.0,0.0,0.0,0.0,0.5012056050740115,0.4987943949259884
2019-07-08,0.0,0.0,0.0,0.0,0.0,0.0,0.5018886702649907,0.4981113297350093
2019-07-09,0.0,0.0,0.0,0.0,0.0,0.0,0.5023205011683184,0.49767949883168167
2019-07-10,0.0,0.0,0.0,0.0,0.0,0.0,0.5003734029241295,0.4996265970758705
2019-07-11,0.0,0.0,0.0,0.0,0.0,0.0,0.498493176484299,0.5015068235157009
2019-07-12,0.0,0.0,0.0,0.0,0.0,0.0,0.49853747107855273,0.5014625289214473
2019-07-15,0.0,0.0,0.0,0.0,0.0,0.0,0.4995469742139039,0.500453025786096
2019-07-16,0.0,0.0,0.0,0.0,0.0,0.0,0.49932940342364635,0.5006705965763537
2019-07-17,0.0,0.0,0.0,0.0,0.0,0.0,0.5006967542381662,0.4993032457618339
2019-07-18,0.0,0.0,0.0,0.0,0.0,0.0,0.5001301284126491,0.49986987158735086
2019-07-19,0.0,0.0,0.0,0.0,0.0,0.0,0.4999257753330067,0.5000742246669934
2019-07-22,0.0,0.0,0.0,0.0,0.0,0.0,0.4996337126739479,0.500366287326052
2019-07-23,0.0,0.0,0.0,0.0,0.0,0.0,0.4981246803631424,0.5018753196368576
2019-07-24,0.0,0.0,0.0,0.0,0.0,0.0,0.49850497010396155,0.5014950298960386
2019-07-25,0.0,0.0,0.0,0.0,0.0,0.0,0.4981111517784491,0.5018888482215508
2019-07-26,0.0,0.0,0.0,0.0,0.0,0.0,0.4983591826163088,0.5016408173836913
2019-07-29,0.0,0.0,0.0,0.0,0.0,0.0,0.4985960832016365,0.5014039167983635
2019-07-30,0.0,0.0,0.0,0.0,0.0,0.0,0.49928422442677445,0.5007157755732256
2019-07-31,0.0,0.0,0.0,0.0,0.0,0.0,0.5010650939354435,0.4989349060645564
2019-08-01,0.0,0.0,0.0,0.0,0.0,0.0,0.5,0.5
2019-08-02,0.0,0.0,0.0,0.0,0.0,0.0,0.5020398163946073,0.4979601836053927
2019-08-05,0.0,0.0,0.0,0.0,0.0,0.0,0.506145027622843,0.493854972377157
2019-08-06,0.0,0.0,0.0,0.0,0.0,0.0,0.506582492599669,0.49341750740033097
2019-08-07,0.0,0.0,0.0,0.0,0.0,0.0,0.5067115293932545,0.4932884706067455
2019-08-08,0.0,0.0,0.0,0.0,0.0,0.0,0.5065726916751669,0.49342730832483306
2019-08-09,0.0,0.0,0.0,0.0,0.0,0.0,0.5068068408182975,0.4931931591817024
2019-08-12,0.0,0.0,0.0,0.0,0.0,0.0,0.5104011378493153,0.4895988621506847
2019-08-13,0.0,0.0,0.0,0.0,0.0,0.0,0.5097405784845116,0.49025942151548835
2019-08-14,0.0,0.0,0.0,0.0,0.0,0.0,0.5145780959397288,0.48542190406027125
2019-08-15,0.0,0.0,0.0,0.0,0.0,0.0,0.5161236422657297,0.48387635773427035
2019-08-16,0.0,0.0,0.0,0.0,0.0,0.0,0.513665068978275,0.486334931021725
2019-08-19,0.0,0.0,0.0,0.0,0.0,0.0,0.5108879814905654,0.4891120185094346
2019-08-20,0.0,0.0,0.0,0.0,0.0,0.0,0.5120126291236896,0.4879873708763104
2019-08-21,0.0,0.0,0.0,0.0,0.0,0.0,0.5098934098430904,0.49010659015690955
2019-08-22,0.0,0.0,0.0,0.0,0.0,0.0,0.5091449099454317,0.49085509005456823
2019-08-23,0.0,0.0,0.0,0.0,0.0,0.0,0.5123018346136078,0.48769816538639216
2019-08-26,0.0,0.0,0.0,0.0,0.0,0.0,0.5112704047714942,0.48872959522850584
2019-08-27,0.0,0.0,0.0,0.0,0.0,0.0,0.5137517668168434,0.48624823318315663
2019-08-28,0.0,0.0,0.0,0.0,0.0,0.0,0.5140731645568987,0.48592683544310133
2019-08-29,0.0,0.0,0.0,0.0,0.0,0.0,0.5136671430497723,0.4863328569502276
2019-08-30,0.0,0.0,0.0,0.0,0.0,0.0,0.5137738675087562,0.4862261324912438
2019-09-03,0.0,0.0,0.0,0.0,0.0,0.5,0.5,0.0
2019-09-04,0.0,0.0,0.0,0.0,0.0,0.5011827805091907,0.4988172194908093,0.0
2019-09-05,0.0,0.0,0.0,0.0,0.0,0.4996784056824825,0.5003215943175174,0.0
2019-09-06,0.0,0.0,0.0,0.0,0.0,0.49576609257270593,0.504233907427294,0.0
2019-09-09,0.0,0.0,0.0,0.0,0.0,0.4993118851168741,0.5006881148831258,0.0
2019-09-10,0.0,0.0,0.0,0.0,0.0,0.5015840746501895,0.49841592534981055,0.0
2019-09-11,0.0,0.0,0.0,0.0,0.0,0.5035399222131898,0.49646007778681017,0.0
2019-09-12,0.0,0.0,0.0,0.0,0.0,0.5056963906803447,0.49430360931965533,0.0
2019-09-13,0.0,0.0,0.0,0.0,0.0,0.5090146403255779,0.49098535967442203,0.0
2019-09-16,0.0,0.0,0.0,0.0,0.0,0.5079278386680248,0.4920721613319752,0.0
2019-09-17,0.0,0.0,0.0,0.0,0.0,0.507070543091026,0.492929456908974,0.0
2019-09-18,0.0,0.0,0.0,0.0,0.0,0.5044358899953437,0.49556411000465633,0.0
2019-09-19,0.0,0.0,0.0,0.0,0.0,0.5046956407595549,0.495304359240445,0.0
2019-09-20,0.0,0.0,0.0,0.0,0.0,0.5043525156662435,0.4956474843337564,0.0
2019-09-23,0.0,0.0,0.0,0.0,0.0,0.5058004275023162,0.4941995724976838,0.0
2019-09-24,0.0,0.0,0.0,0.0,0.0,0.5041232815969194,0.4958767184030806,0.0
2019-09-25,0.0,0.0,0.0,0.0,0.0,0.503127237380323,0.496872762619677,0.0
2019-09-26,0.0,0.0,0.0,0.0,0.0,0.5014537163465175,0.49854628365348247,0.0
2019-09-27,0.0,0.0,0.0,0.0,0.0,0.4995495532919419,0.500450446708058,0.0
2019-09-30,0.0,0.0,0.0,0.0,0.0,0.4950256096126643,0.5049743903873357,0.0
2019-10-01,0.0,0.0,0.0,0.0,0.0,0.5,0.5,0.0
2019-10-02,0.0,0.0,0.0,0.0,0.0,0.5022913217123183,0.4977086782876818,0.0
2019-10-03,0.0,0.0,0.0,0.0,0.0,0.5011513437831964,0.4988486562168037,0.0
2019-10-04,0.0,0.0,0.0,0.0,0.0,0.49931227902313885,0.5006877209768612,0.0
2019-10-07,0.0,0.0,0.0,0.0,0.0,0.4992520813885187,0.5007479186114814,0.0
2019-10-08,0.0,0.0,0.0,0.0,0.0,0.5007557313779403,0.49924426862205973,0.0
2019-10-09,0.0,0.0,0.0,0.0,0.0,0.5024007437333985,0.49759925626660145,0.0
2019-10-10,0.0,0.0,0.0,0.0,0.0,0.5039603806514678,0.49603961934853225,0.0
2019-10-11,0.0,0.0,0.0,0.0,0.0,0.50568509180868,0.49431490819131996,0.0
2019-10-14,0.0,0.0,0.0,0.0,0.0,0.5048737411502218,0.4951262588497782,0.0
2019-10-15,0.0,0.0,0.0,0.0,0.0,0.5061654100097224,0.4938345899902775,0.0
2019-10-16,0.0,0.0,0.0,0.0,0.0,0.5072896788510879,0.49271032114891217,0.0
2019-10-17,0.0,0.0,0.0,0.0,0.0,0.5082535167731224,0.4917464832268776,0.0
2019-10-18,0.0,0.0,0.0,0.0,0.0,0.5079867605515678,0.4920132394484322,0.0
2019-10-21,0.0,0.0,0.0,0.0,0.0,0.5086789954015067,0.4913210045984933,0.0
2019-10-22,0.0,0.0,0.0,0.0,0.0,0.507953720411881,0.49204627958811903,0.0
2019-10-23,0.0,0.0,0.0,0.0,0.0,0.5082903828062657,0.49170961719373424,0.0
2019-10-24,0.0,0.0,0.0,0.0,0.0,0.5105646150159316,0.48943538498406847,0.0
2019-10-25,0.0,0.0,0.0,0.0,0.0,0.5123701271865887,0.48762987281341136,0.0
2019-10-28,0.0,0.0,0.0,0.0,0.0,0.5124952916043772,0.4875047083956227,0.0
2019-10-29,0.0,0.0,0.0,0.0,0.0,0.511637566742691,0.4883624332573091,0.0
2019-10-30,0.0,0.0,0.0,0.0,0.0,0.5093755238779334,0.49062447612206656,0.0
2019-10-31,0.0,0.0,0.0,0.0,0.0,0.5085128802737463,0.4914871197262537,0.0
2019-11-01,0.0,0.0,0.0,0.0,0.0,0.0,0.5,0.5
2019-11-04,0.0,0.0,0.0,0.0,0.0,0.0,0.49786709719072775,0.5021329028092723
2019-11-05,0.0,0.0,0.0,0.0,0.0,0.0,0.4964820743089574,0.5035179256910426
2019-11-06,0.0,0.0,0.0,0.0,0.0,0.0,0.49658739562804555,0.5034126043719546
2019-11-07,0.0,0.0,0.0,0.0,0.0,0.0,0.4939751186207278,0.5060248813792723
2019-11-08,0.0,0.0,0.0,0.0,0.0,0.0,0.49325886969942295,0.506741130300577
2019-11-11,0.0,0.0,0.0,0.0,0.0,0.0,0.4933460237854238,0.5066539762145761
2019-11-12,0.0,0.0,0.0,0.0,0.0,0.0,0.49425298535937695,0.505747014640623
2019-11-13,0.0,0.0,0.0,0.0,0.0,0.0,0.4952746232259179,0.504725376774082
2019-11-14,0.0,0.0,0.0,0.0,0.0,0.0,0.49653951703955723,0.5034604829604428
2019-11-15,0.0,0.0,0.0,0.0,0.0,0.0,0.4962277823606033,0.5037722176393968
2019-11-18,0.0,0.0,0.0,0.0,0.0,0.0,0.4964053232897515,0.5035946767102486
2019-11-19,0.0,0.0,0.0,0.0,0.0,0.0,0.4979882877826395,0.5020117122173605
2019-11-20,0.0,0.0,0.0,0.0,0.0,0.0,0.50020850671652,0.49979149328348005
2019-11-21,0.0,0.0,0.0,0.0,0.0,0.0,0.49922824039672425,0.5007717596032758
2019-11-22,0.0,0.0,0.0,0.0,0.0,0.0,0.4988625758219676,0.5011374241780323
2019-11-25,0.0,0.0,0.0,0.0,0.0,0.0,0.49873270593830893,0.5012672940616911
2019-11-26,0.0,0.0,0.0,0.0,0.0,0.0,0.499545410392413,0.500454589607587
2019-11-27,0.0,0.0,0.0,0.0,0.0,0.0,0.49883752629888467,0.5011624737011153
2019-11-29,0.0,0.0,0.0,0.0,0.0,0.0,0.4988115351080115,0.5011884648919884
2019-12-02,0.0,0.0,0.0,0.0,0.0,0.0,0.5,0.5
2019-12-03,0.0,0.0,0.0,0.0,0.0,0.0,0.5032669007640728,0.4967330992359273
2019-12-04,0.0,0.0,0.0,0.0,0.0,0.0,0.5010902326431591,0.49890976735684095
2019-12-05,0.0,0.0,0.0,0.0,0.0,0.0,0.5001452652036142,0.49985473479638576
2019-12-06,0.0,0.0,0.0,0.0,0.0,0.0,0.49889477980322855,0.5011052201967714
2019-12-09,0.0,0.0,0.0,0.0,0.0,0.0,0.4994751887703539,0.5005248112296461
2019-12-10,0.0,0.0,0.0,0.0,0.0,0.0,0.4994933803180617,0.5005066196819382
2019-12-11,0.0,0.0,0.0,0.0,0.0,0.0,0.5004735626658628,0.4995264373341371
2019-12-12,0.0,0.0,0.0,0.0,0.0,0.0,0.49747844886825554,0.5025215511317445
2019-12-13,0.0,0.0,0.0,0.0,0.0,0.0,0.4987323998309617,0.5012676001690384
2019-12-16,0.0,0.0,0.0,0.0,0.0,0.0,0.49704009038404545,0.5029599096159546
2019-12-17,0.0,0.0,0.0,0.0,0.0,0.0,0.4968903869860064,0.5031096130139937
2019-12-18,0.0,0.0,0.0,0.0,0.0,0.0,0.495004840057489,0.504995159942511
2019-12-19,0.0,0.0,0.0,0.0,0.0,0.0,0.49515765068701134,0.5048423493129887
2019-12-20,0.0,0.0,0.0,0.0,0.0,0.0,0.49556544377695905,0.5044345562230409
2019-12-23,0.0,0.0,0.0,0.0,0.0,0.0,0.495081861106373,0.504918138893627
2019-12-24,0.0,0.0,0.0,0.0,0.0,0.0,0.49554111521143285,0.5044588847885672
2019-12-26,0.0,0.0,0.0,0.0,0.0,0.0,0.4956938654897194,0.5043061345102807
2019-12-27,0.0,0.0,0.0,0.0,0.0,0.0,0.4956160891887969,0.5043839108112032
2019-12-30,0.0,0.0,0.0,0.0,0.0,0.0,0.49425637092381414,0.5057436290761859
2019-12-31,0.0,0.0,0.0,0.0,0.0,0.0,0.49282941355680254,0.5071705864431975
2020-01-02,0.5,0.5,0.0,0.0,0.0,0.0,0.0,0.0
2020-01-03,0.5004001863875082,0.49959981361249195,0.0,0.0,0.0,0.0,0.0,0.0
2020-01-06,0.4997465344422852,0.5002534655577148,0.0,0.0,0.0,0.0,0.0,0.0
2020-01-07,0.4990774458671785,0.5009225541328215,0.0,0.0,0.0,0.0,0.0,0.0
2020-01-08,0.4985342312090344,0.5014657687909656,0.0,0.0,0.0,0.0,0.0,0.0
2020-01-09,0.49811421008135726,0.5018857899186429,0.0,0.0,0.0,0.0,0.0,0.0
2020-01-10,0.49803385854510657,0.5019661414548935,0.0,0.0,0.0,0.0,0.0,0.0
2020-01-13,0.4968796856584049,0.5031203143415951,0.0,0.0,0.0,0.0,0.0,0.0
2020-01-14,0.497484501249653,0.5025154987503471,0.0,0.0,0.0,0.0,0.0,0.0
2020-01-15,0.49794661137411306,0.502053388625887,0.0,0.0,0.0,0.0,0.0,0.0
2020-01-16,0.49763311888390144,0.5023668811160985,0.0,0.0,0.0,0.0,0.0,0.0
2020-01-17,0.4971759423626369,0.5028240576373632,0.0,0.0,0.0,0.0,0.0,0.0
2020-01-21,0.4967979046821629,0.5032020953178371,0.0,0.0,0.0,0.0,0.0,0.0
2020-01-22,0.4961683924039933,0.5038316075960066,0.0,0.0,0.0,0.0,0.0,0.0
2020-01-23,0.49565224360403687,0.5043477563959632,0.0,0.0,0.0,0.0,0.0,0.0
2020-01-24,0.4955316888552991,0.504468311144701,0.0,0.0,0.0,0.0,0.0,0.0
2020-01-27,0.4967098029389303,0.5032901970610697,0.0,0.0,0.0,0.0,0.0,0.0
2020-01-28,0.49550530318201713,0.5044946968179829,0.0,0.0,0.0,0.0,0.0,0.0
2020-01-29,0.49489274774375547,0.5051072522562445,0.0,0.0,0.0,0.0,0.0,0.0
2020-01-30,0.4948138148479616,0.5051861851520384,0.0,0.0,0.0,0.0,0.0,0.0
2020-01-31,0.49422911685048887,0.505770883149511,0.0,0.0,0.0,0.0,0.0,0.0
2020-02-03,0.0,0.5,0.0,0.0,0.0,0.0,0.0,0.5
2020-02-04,0.0,0.506270352430203,0.0,0.0,0.0,0.0,0.0,0.49372964756979704
2020-02-05,0.0,0.5072467172613305,0.0,0.0,0.0,0.0,0.0,0.49275328273866953
2020-02-06,0.0,0.5095099081606561,0.0,0.0,0.0,0.0,0.0,0.49049009183934383
2020-02-07,0.0,0.5074747422010266,0.0,0.0,0.0,0.0,0.0,0.4925252577989734
2020-02-10,0.0,0.509884987821907,0.0,0.0,0.0,0.0,0.0,0.49011501217809295
2020-02-11,0.0,0.5102908458611254,0.0,0.0,0.0,0.0,0.0,0.4897091541388746
2020-02-12,0.0,0.5128276078745665,0.0,0.0,0.0,0.0,0.0,0.48717239212543356
2020-02-13,0.0,0.5126794163744064,0.0,0.0,0.0,0.0,0.0,0.4873205836255935
2020-02-14,0.0,0.5127826513388253,0.0,0.0,0.0,0.0,0.0,0.48721734866117483
2020-02-18,0.0,0.5124020501493435,0.0,0.0,0.0,0.0,0.0,0.4875979498506565
2020-02-19,0.0,0.5151281026694161,0.0,0.0,0.0,0.0,0.0,0.484871897330584
2020-02-20,0.0,0.5119608222578914,0.0,0.0,0.0,0.0,0.0,0.4880391777421087
2020-02-21,0.0,0.5066197739994895,0.0,0.0,0.0,0.0,0.0,0.4933802260005104
2020-02-24,0.0,0.49675058054750554,0.0,0.0,0.0,0.0,0.0,0.5032494194524945
2020-02-25,0.0,0.4896135120368795,0.0,0.0,0.0,0.0,0.0,0.5103864879631206
2020-02-26,0.0,0.4918282958473842,0.0,0.0,0.0,0.0,0.0,0.5081717041526159
2020-02-27,0.0,0.48033020945407257,0.0,0.0,0.0,0.0,0.0,0.5196697905459273
2020-02-28,0.0,0.47773338185443204,0.0,0.0,0.0,0.0,0.0,0.522266618145568
2020-03-02,0.0,0.0,0.0,0.0,0.0,0.0,0.5,0.5
2020-03-03,0.0,0.0,0.0,0.0,0.0,0.0,0.5010202633464431,0.4989797366535568
2020-03-04,0.0,0.0,0.0,0.0,0.0,0.0,0.4979950663829801,0.5020049336170198
2020-03-05,0.0,0.0,0.0,0.0,0.0,0.0,0.504235716369838,0.49576428363016195
2020-03-06,0.0,0.0,0.0,0.0,0.0,0.0,0.5151769412619805,0.48482305873801945
2020-03-09,0.0,0.0,0.0,0.0,0.0,0.0,0.5279828159714213,0.4720171840285786
2020-03-10,0.0,0.0,0.0,0.0,0.0,0.0,0.5205395065514892,0.4794604934485107
2020-03-11,0.0,0.0,0.0,0.0,0.0,0.0,0.519525263959006,0.48047473604099405
2020-03-12,0.0,0.0,0.0,0.0,0.0,0.0,0.5332540228112427,0.46674597718875727
2020-03-13,0.0,0.0,0.0,0.0,0.0,0.0,0.5169774451812248,0.48302255481877515
2020-03-16,0.0,0.0,0.0,0.0,0.0,0.0,0.5361900677523711,0.4638099322476289
2020-03-17,0.0,0.0,0.0,0.0,0.0,0.0,0.5294258471927584,0.4705741528072417
2020-03-18,0.0,0.0,0.0,0.0,0.0,0.0,0.5277462166334944,0.4722537833665056
2020-03-19,0.0,0.0,0.0,0.0,0.0,0.0,0.5470180593021956,0.45298194069780445
2020-03-20,0.0,0.0,0.0,0.0,0.0,0.0,0.560987941326158,0.439012058673842
2020-03-23,0.0,0.0,0.0,0.0,0.0,0.0,0.5533566274417309,0.4466433725582691
2020-03-24,0.0,0.0,0.0,0.0,0.0,0.0,0.5436779977415184,0.45632200225848163
2020-03-25,0.0,0.0,0.0,0.0,0.0,0.0,0.5314892769253783,0.4685107230746217
2020-03-26,0.0,0.0,0.0,0.0,0.0,0.0,0.5325087016749523,0.46749129832504766
2020-03-27,0.0,0.0,0.0,0.0,0.0,0.0,0.5395673360974629,0.4604326639025371
2020-03-30,0.0,0.0,0.0,0.0,0.0,0.0,0.5345054383708593,0.4654945616291407
2020-03-31,0.0,0.0,0.0,0.0,0.0,0.0,0.5333019108807061,0.4666980891192939
2020-04-01,0.0,0.0,0.0,0.0,0.0,0.5,0.5,0.0
2020-04-02,0.0,0.0,0.0,0.0,0.0,0.5024837014213316,0.4975162985786684,0.0
2020-04-03,0.0,0.0,0.0,0.0,0.0,0.5031209018413165,0.49687909815868353,0.0
2020-04-06,0.0,0.0,0.0,0.0,0.0,0.5106063603809946,0.4893936396190054,0.0
2020-04-07,0.0,0.0,0.0,0.0,0.0,0.5118953848421451,0.48810461515785486,0.0
2020-04-08,0.0,0.0,0.0,0.0,0.0,0.511484469519572,0.48851553048042795,0.0
2020-04-09,0.0,0.0,0.0,0.0,0.0,0.5174723925860012,0.4825276074139988,0.0
2020-04-13,0.0,0.0,0.0,0.0,0.0,0.5240026526946341,0.4759973473053659,0.0
2020-04-14,0.0,0.0,0.0,0.0,0.0,0.5260180571278522,0.47398194287214784,0.0
2020-04-15,0.0,0.0,0.0,0.0,0.0,0.5182187079446757,0.4817812920553243,0.0
2020-04-16,0.0,0.0,0.0,0.0,0.0,0.515182447211469,0.48481755278853106,0.0
2020-04-17,0.0,0.0,0.0,0.0,0.0,0.5136554662443572,0.4863445337556427,0.0
2020-04-20,0.0,0.0,0.0,0.0,0.0,0.5134276685738347,0.4865723314261652,0.0
2020-04-21,0.0,0.0,0.0,0.0,0.0,0.508589582661422,0.49141041733857804,0.0
2020-04-22,0.0,0.0,0.0,0.0,0.0,0.516022423469016,0.48397757653098394,0.0
2020-04-23,0.0,0.0,0.0,0.0,0.0,0.5171737465299477,0.4828262534700523,0.0
2020-04-24,0.0,0.0,0.0,0.0,0.0,0.5155158247239588,0.48448417527604104,0.0
2020-04-27,0.0,0.0,0.0,0.0,0.0,0.5185440580571584,0.4814559419428416,0.0
2020-04-28,0.0,0.0,0.0,0.0,0.0,0.514570386354269,0.48542961364573095,0.0
2020-04-29,0.0,0.0,0.0,0.0,0.0,0.5172478275936582,0.48275217240634183,0.0
2020-04-30,0.0,0.0,0.0,0.0,0.0,0.5156152945563885,0.48438470544361145,0.0
2020-05-01,0.0,0.0,0.0,0.0,0.0,0.5,0.5,0.0
2020-05-04,0.0,0.0,0.0,0.0,0.0,0.5020533780198246,0.49794662198017525,0.0
2020-05-05,0.0,0.0,0.0,0.0,0.0,0.5047166875127691,0.4952833124872308,0.0
2020-05-06,0.0,0.0,0.0,0.0,0.0,0.5055486183810689,0.4944513816189311,0.0
2020-05-07,0.0,0.0,0.0,0.0,0.0,0.5052150640211668,0.4947849359788333,0.0
2020-05-08,0.0,0.0,0.0,0.0,0.0,0.5069793752104335,0.4930206247895666,0.0
2020-05-11,0.0,0.0,0.0,0.0,0.0,0.5073751226853738,0.49262487731462623,0.0
2020-05-12,0.0,0.0,0.0,0.0,0.0,0.5057928308400254,0.49420716915997465,0.0
2020-05-13,0.0,0.0,0.0,0.0,0.0,0.5064438084713133,0.4935561915286866,0.0
2020-05-14,0.0,0.0,0.0,0.0,0.0,0.5062117423307487,0.4937882576692512,0.0
2020-05-15,0.0,0.0,0.0,0.0,0.0,0.5082621717555125,0.49173782824448753,0.0
2020-05-18,0.0,0.0,0.0,0.0,0.0,0.5119122587251066,0.48808774127489335,0.0
2020-05-19,0.0,0.0,0.0,0.0,0.0,0.5133787751250948,0.48662122487490517,0.0
2020-05-20,0.0,0.0,0.0,0.0,0.0,0.5132243935716305,0.4867756064283694,0.0
2020-05-21,0.0,0.0,0.0,0.0,0.0,0.50893197615919,0.49106802384081,0.0
2020-05-22,0.0,0.0,0.0,0.0,0.0,0.5089072630790435,0.49109273692095645,0.0
2020-05-26,0.0,0.0,0.0,0.0,0.0,0.5087033136538098,0.4912966863461901,0.0
2020-05-27,0.0,0.0,0.0,0.0,0.0,0.5096128255105671,0.4903871744894329,0.0
2020-05-28,0.0,0.0,0.0,0.0,0.0,0.5113699225622258,0.4886300774377742,0.0
2020-05-29,0.0,0.0,0.0,0.0,0.0,0.5114236982982835,0.48857630170171656,0.0
2020-06-01,0.0,0.0,0.0,0.0,0.0,0.5,0.5,0.0
2020-06-02,0.0,0.0,0.0,0.0,0.0,0.4992861925555304,0.5007138074444696,0.0
2020-06-03,0.0,0.0,0.0,0.0,0.0,0.49797713460413895,0.5020228653958612,0.0
2020-06-04,0.0,0.0,0.0,0.0,0.0,0.5042409938743143,0.49575900612568563,0.0
2020-06-05,0.0,0.0,0.0,0.0,0.0,0.5009074511330048,0.4990925488669952,0.0
2020-06-08,0.0,0.0,0.0,0.0,0.0,0.5026394809301401,0.49736051906985984,0.0
2020-06-09,0.0,0.0,0.0,0.0,0.0,0.5022146621747441,0.4977853378252559,0.0
2020-06-10,0.0,0.0,0.0,0.0,0.0,0.5020908503647576,0.49790914963524235,0.0
2020-06-11,0.0,0.0,0.0,0.0,0.0,0.4955997626749168,0.5044002373250832,0.0
2020-06-12,0.0,0.0,0.0,0.0,0.0,0.4983754792868722,0.5016245207131279,0.0
2020-06-15,0.0,0.0,0.0,0.0,0.0,0.49779061930360546,0.5022093806963945,0.0
2020-06-16,0.0,0.0,0.0,0.0,0.0,0.5015306060321444,0.49846939396785567,0.0
2020-06-17,0.0,0.0,0.0,0.0,0.0,0.500977977514291,0.49902202248570904,0.0
2020-06-18,0.0,0.0,0.0,0.0,0.0,0.49785220844885586,0.5021477915511441,0.0
2020-06-19,0.0,0.0,0.0,0.0,0.0,0.5003951095610734,0.4996048904389267,0.0
2020-06-22,0.0,0.0,0.0,0.0,0.0,0.501974663610856,0.498025336389144,0.0
2020-06-23,0.0,0.0,0.0,0.0,0.0,0.5057851911014594,0.49421480889854064,0.0
2020-06-24,0.0,0.0,0.0,0.0,0.0,0.502245824017707,0.49775417598229293,0.0
2020-06-25,0.0,0.0,0.0,0.0,0.0,0.5013753905324897,0.4986246094675103,0.0
2020-06-26,0.0,0.0,0.0,0.0,0.0,0.4998271092099745,0.5001728907900256,0.0
2020-06-29,0.0,0.0,0.0,0.0,0.0,0.5007501185659139,0.4992498814340861,0.0
2020-06-30,0.0,0.0,0.0,0.0,0.0,0.5030748922778033,0.49692510772219656,0.0
2020-07-01,0.0,0.0,0.0,0.0,0.0,0.5,0.5,0.0
2020-07-02,0.0,0.0,0.0,0.0,0.0,0.5002796645754072,0.4997203354245928,0.0
2020-07-06,0.0,0.0,0.0,0.0,0.0,0.5027983702849969,0.49720162971500315,0.0
2020-07-07,0.0,0.0,0.0,0.0,0.0,0.5008814047098402,0.4991185952901597,0.0
2020-07-08,0.0,0.0,0.0,0.0,0.0,0.5034301534380735,0.4965698465619266,0.0
2020-07-09,0.0,0.0,0.0,0.0,0.0,0.49880405761710317,0.5011959423828968,0.0
2020-07-10,0.0,0.0,0.0,0.0,0.0,0.49941420931611685,0.5005857906838832,0.0
2020-07-13,0.0,0.0,0.0,0.0,0.0,0.49889894471498675,0.5011010552850131,0.0
2020-07-14,0.0,0.0,0.0,0.0,0.0,0.499702768207189,0.500297231792811,0.0
2020-07-15,0.0,0.0,0.0,0.0,0.0,0.5010926101040054,0.49890738989599454,0.0
2020-07-16,0.0,0.0,0.0,0.0,0.0,0.49753387914280156,0.5024661208571984,0.0
2020-07-17,0.0,0.0,0.0,0.0,0.0,0.5001090213854461,0.49989097861455395,0.0
2020-07-20,0.0,0.0,0.0,0.0,0.0,0.5006974855510837,0.49930251444891616,0.0
2020-07-21,0.0,0.0,0.0,0.0,0.0,0.5035426409354428,0.49645735906455724,0.0
2020-07-22,0.0,0.0,0.0,0.0,0.0,0.5065681253620815,0.49343187463791854,0.0
2020-07-23,0.0,0.0,0.0,0.0,0.0,0.5058613681601344,0.49413863183986556,0.0
2020-07-24,0.0,0.0,0.0,0.0,0.0,0.5080114394351586,0.4919885605648415,0.0
2020-07-27,0.0,0.0,0.0,0.0,0.0,0.5138283648013854,0.4861716351986146,0.0
2020-07-28,0.0,0.0,0.0,0.0,0.0,0.5141812071391488,0.4858187928608513,0.0
2020-07-29,0.0,0.0,0.0,0.0,0.0,0.5164756765898324,0.4835243234101676,0.0
2020-07-30,0.0,0.0,0.0,0.0,0.0,0.5129800838115038,0.48701991618849616,0.0
2020-07-31,0.0,0.0,0.0,0.0,0.0,0.5154005727357065,0.4845994272642935,0.0
2020-08-03,0.0,0.5,0.0,0.0,0.0,0.5,0.0,0.0
2020-08-04,0.0,0.4956628268632318,0.0,0.0,0.0,0.5043371731367682,0.0,0.0
2020-08-05,0.0,0.49397164997772297,0.0,0.0,0.0,0.5060283500222771,0.0,0.0
2020-08-06,0.0,0.4939644825260416,0.0,0.0,0.0,0.5060355174739584,0.0,0.0
2020-08-07,0.0,0.4950650888401305,0.0,0.0,0.0,0.5049349111598694,0.0,0.0
2020-08-10,0.0,0.4948608043181676,0.0,0.0,0.0,0.5051391956818325,0.0,0.0
2020-08-11,0.0,0.5038772118921634,0.0,0.0,0.0,0.4961227881078365,0.0,0.0
2020-08-12,0.0,0.5112554026824907,0.0,0.0,0.0,0.4887445973175093,0.0,0.0
2020-08-13,0.0,0.5059906781246262,0.0,0.0,0.0,0.4940093218753738,0.0,0.0
2020-08-14,0.0,0.5067763164660952,0.0,0.0,0.0,0.49322368353390483,0.0,0.0
2020-08-17,0.0,0.504297134126322,0.0,0.0,0.0,0.49570286587367784,0.0,0.0
2020-08-18,0.0,0.5044500069443649,0.0,0.0,0.0,0.4955499930556351,0.0,0.0
2020-08-19,0.0,0.5107795607866343,0.0,0.0,0.0,0.4892204392133657,0.0,0.0
2020-08-20,0.0,0.5125001443528673,0.0,0.0,0.0,0.48749985564713266,0.0,0.0
2020-08-21,0.0,0.5162345051770016,0.0,0.0,0.0,0.4837654948229983,0.0,0.0
2020-08-24,0.0,0.5192055458862684,0.0,0.0,0.0,0.4807944541137317,0.0,0.0
2020-08-25,0.0,0.5208571013022958,0.0,0.0,0.0,0.47914289869770416,0.0,0.0
2020-08-26,0.0,0.5231962420277741,0.0,0.0,0.0,0.47680375797222585,0.0,0.0
2020-08-27,0.0,0.5253181669050988,0.0,0.0,0.0,0.4746818330949013,0.0,0.0
2020-08-28,0.0,0.5222853733598939,0.0,0.0,0.0,0.4777146266401061,0.0,0.0
2020-08-31,0.0,0.5236868870562918,0.0,0.0,0.0,0.4763131129437081,0.0,0.0
2020-09-01,0.0,0.5,0.0,0.0,0.0,0.5,0.0,0.0
2020-09-02,0.0,0.5056605773283073,0.0,0.0,0.0,0.49433942267169273,0.0,0.0
2020-09-03,0.0,0.49468765920211377,0.0,0.0,0.0,0.5053123407978862,0.0,0.0
2020-09-04,0.0,0.49064561255105565,0.0,0.0,0.0,0.5093543874489443,0.0,0.0
2020-09-08,0.0,0.47882494155367467,0.0,0.0,0.0,0.5211750584463254,0.0,0.0
2020-09-09,0.0,0.4836409502724453,0.0,0.0,0.0,0.5163590497275546,0.0,0.0
2020-09-10,0.0,0.479419305537888,0.0,0.0,0.0,0.520580694462112,0.0,0.0
2020-09-11,0.0,0.47769523800835373,0.0,0.0,0.0,0.5223047619916463,0.0,0.0
2020-09-14,0.0,0.4800419578167295,0.0,0.0,0.0,0.5199580421832705,0.0,0.0
2020-09-15,0.0,0.48415406232574904,0.0,0.0,0.0,0.515845937674251,0.0,0.0
2020-09-16,0.0,0.47943388106460416,0.0,0.0,0.0,0.520566118935396,0.0,0.0
2020-09-17,0.0,0.4768788492617653,0.0,0.0,0.0,0.5231211507382346,0.0,0.0
2020-09-18,0.0,0.473348671359462,0.0,0.0,0.0,0.526651328640538,0.0,0.0
2020-09-21,0.0,0.47900746161688684,0.0,0.0,0.0,0.5209925383831131,0.0,0.0
2020-09-22,0.0,0.4848164747423697,0.0,0.0,0.0,0.5151835252576302,0.0,0.0
2020-09-23,0.0,0.48252721473312654,0.0,0.0,0.0,0.5174727852668733,0.0,0.0
2020-09-24,0.0,0.4827602791420577,0.0,0.0,0.0,0.5172397208579422,0.0,0.0
2020-09-25,0.0,0.4892142054795218,0.0,0.0,0.0,0.5107857945204781,0.0,0.0
2020-09-28,0.0,0.49184980307055626,0.0,0.0,0.0,0.5081501969294437,0.0,0.0
2020-09-29,0.0,0.4886218935736801,0.0,0.0,0.0,0.5113781064263199,0.0,0.0
2020-09-30,0.0,0.4918327496609919,0.0,0.0,0.0,0.5081672503390081,0.0,0.0
2020-10-01,0.0,0.5,0.0,0.0,0.0,0.5,0.0,0.0
2020-10-02,0.0,0.4930907887609842,0.0,0.0,0.0,0.5069092112390158,0.0,0.0
2020-10-05,0.0,0.4971506343288792,0.0,0.0,0.0,0.5028493656711208,0.0,0.0
2020-10-06,0.0,0.4956062945112107,0.0,0.0,0.0,0.5043937054887893,0.0,0.0
2020-10-07,0.0,0.5000068020666131,0.0,0.0,0.0,0.4999931979333869,0.0,0.0
2020-10-08,0.0,0.500446874544268,0.0,0.0,0.0,0.4995531254557321,0.0,0.0
2020-10-09,0.0,0.499738293572744,0.0,0.0,0.0,0.500261706427256,0.0,0.0
2020-10-12,0.0,0.5080575915337023,0.0,0.0,0.0,0.49194240846629766,0.0,0.0
2020-10-13,0.0,0.5120108769070093,0.0,0.0,0.0,0.48798912309299064,0.0,0.0
2020-10-14,0.0,0.5091428368700749,0.0,0.0,0.0,0.49085716312992517,0.0,0.0
2020-10-15,0.0,0.5065501377010055,0.0,0.0,0.0,0.4934498622989945,0.0,0.0
2020-10-16,0.0,0.5060440279571443,0.0,0.0,0.0,0.49395597204285563,0.0,0.0
2020-10-19,0.0,0.5018031305133202,0.0,0.0,0.0,0.4981968694866798,0.0,0.0
2020-10-20,0.0,0.501137620336881,0.0,0.0,0.0,0.498862379663119,0.0,0.0
2020-10-21,0.0,0.49906835072602235,0.0,0.0,0.0,0.5009316492739777,0.0,0.0
2020-10-22,0.0,0.5015218148981465,0.0,0.0,0.0,0.49847818510185343,0.0,0.0
2020-10-23,0.0,0.5022797556299041,0.0,0.0,0.0,0.4977202443700958,0.0,0.0
2020-10-26,0.0,0.4986282953621096,0.0,0.0,0.0,0.5013717046378904,0.0,0.0
2020-10-27,0.0,0.4999156909575284,0.0,0.0,0.0,0.5000843090424716,0.0,0.0
2020-10-28,0.0,0.49404289362059167,0.0,0.0,0.0,0.5059571063794083,0.0,0.0
2020-10-29,0.0,0.4994148128920994,0.0,0.0,0.0,0.5005851871079006,0.0,0.0
2020-10-30,0.0,0.4918553511753269,0.0,0.0,0.0,0.5081446488246731,0.0,0.0
2020-11-02,0.0,0.5,0.0,0.0,0.0,0.5,0.0,0.0
2020-11-03,0.0,0.5028721094830431,0.0,0.0,0.0,0.497127890516957,0.0,0.0
2020-11-04,0.0,0.5139260641930631,0.0,0.0,0.0,0.486073935806937,0.0,0.0
2020-11-05,0.0,0.5146787094377538,0.0,0.0,0.0,0.48532129056224615,0.0,0.0
2020-11-06,0.0,0.5145104838438475,0.0,0.0,0.0,0.48548951615615266,0.0,0.0
2020-11-09,0.0,0.5206616364076938,0.0,0.0,0.0,0.47933836359230614,0.0,0.0
2020-11-10,0.0,0.5153226280175552,0.0,0.0,0.0,0.48467737198244476,0.0,0.0
2020-11-11,0.0,0.5219280181928952,0.0,0.0,0.0,0.47807198180710475,0.0,0.0
2020-11-12,0.0,0.5192458860730587,0.0,0.0,0.0,0.48075411392694134,0.0,0.0
2020-11-13,0.0,0.5197295711338362,0.0,0.0,0.0,0.48027042886616383,0.0,0.0
2020-11-16,0.0,0.521683474183708,0.0,0.0,0.0,0.47831652581629197,0.0,0.0
2020-11-17,0.0,0.5218078319554353,0.0,0.0,0.0,0.47819216804456477,0.0,0.0
2020-11-18,0.0,0.5213888926552134,0.0,0.0,0.0,0.47861110734478657,0.0,0.0
2020-11-19,0.0,0.5238031124975396,0.0,0.0,0.0,0.47619688750246036,0.0,0.0
2020-11-20,0.0,0.5213368788503413,0.0,0.0,0.0,0.4786631211496587,0.0,0.0
2020-11-23,0.0,0.5263066303447187,0.0,0.0,0.0,0.47369336965528125,0.0,0.0
2020-11-24,0.0,0.5336299607167384,0.0,0.0,0.0,0.46637003928326154,0.0,0.0
2020-11-25,0.0,0.5352720697026466,0.0,0.0,0.0,0.46472793029735343,0.0,0.0
2020-11-27,0.0,0.5400871484530569,0.0,0.0,0.0,0.45991285154694306,0.0,0.0
2020-11-30,0.0,0.5422562117998352,0.0,0.0,0.0,0.4577437882001649,0.0,0.0
2020-12-01,0.0,0.5,0.0,0.0,0.0,0.5,0.0,0.0
2020-12-02,0.0,0.4984477169433006,0.0,0.0,0.0,0.5015522830566994,0.0,0.0
2020-12-03,0.0,0.4968406947646234,0.0,0.0,0.0,0.5031593052353767,0.0,0.0
2020-12-04,0.0,0.4985672016320601,0.0,0.0,0.0,0.5014327983679399,0.0,0.0
2020-12-07,0.0,0.49627789801651356,0.0,0.0,0.0,0.5037221019834864,0.0,0.0
2020-12-08,0.0,0.49625222492527304,0.0,0.0,0.0,0.503747775074727,0.0,0.0
2020-12-09,0.0,0.49483750887725547,0.0,0.0,0.0,0.5051624911227446,0.0,0.0
2020-12-10,0.0,0.49631805773511783,0.0,0.0,0.0,0.5036819422648822,0.0,0.0
2020-12-11,0.0,0.49529963853962844,0.0,0.0,0.0,0.5047003614603716,0.0,0.0
2020-12-14,0.0,0.4984873598089009,0.0,0.0,0.0,0.501512640191099,0.0,0.0
2020-12-15,0.0,0.4976721012945825,0.0,0.0,0.0,0.5023278987054175,0.0,0.0
2020-12-16,0.0,0.497667354042811,0.0,0.0,0.0,0.5023326459571891,0.0,0.0
2020-12-17,0.0,0.4966800952887558,0.0,0.0,0.0,0.5033199047112442,0.0,0.0
2020-12-18,0.0,0.4963480240733704,0.0,0.0,0.0,0.5036519759266296,0.0,0.0
2020-12-21,0.0,0.49667463673670115,0.0,0.0,0.0,0.5033253632632989,0.0,0.0
2020-12-22,0.0,0.4993370165135301,0.0,0.0,0.0,0.50066298348647,0.0,0.0
2020-12-23,0.0,0.4964184396545875,0.0,0.0,0.0,0.5035815603454126,0.0,0.0
2020-12-24,0.0,0.496524777955172,0.0,0.0,0.0,0.503475222044828,0.0,0.0
2020-12-28,0.0,0.4999407987069886,0.0,0.0,0.0,0.5000592012930114,0.0,0.0
2020-12-29,0.0,0.49925557113067914,0.0,0.0,0.0,0.5007444288693208,0.0,0.0
2020-12-30,0.0,0.49735717971245597,0.0,0.0,0.0,0.502642820287544,0.0,0.0
2020-12-31,0.0,0.49704461433984076,0.0,0.0,0.0,0.5029553856601592,0.0,0.0
2021-01-04,0.0,0.5,0.0,0.0,0.0,0.5,0.0,0.0
2021-01-05,0.0,0.5013132949659588,0.0,0.0,0.0,0.4986867050340413,0.0,0.0
2021-01-06,0.0,0.501919617359603,0.0,0.0,0.0,0.498080382640397,0.0,0.0
2021-01-07,0.0,0.5084791099609015,0.0,0.0,0.0,0.49152089003909843,0.0,0.0
2021-01-08,0.0,0.5203648540616866,0.0,0.0,0.0,0.4796351459383133,0.0,0.0
2021-01-11,0.0,0.5172213556770802,0.0,0.0,0.0,0.4827786443229198,0.0,0.0
2021-01-12,0.0,0.5152122897958629,0.0,0.0,0.0,0.4847877102041372,0.0,0.0
2021-01-13,0.0,0.5179710377605036,0.0,0.0,0.0,0.4820289622394964,0.0,0.0
2021-01-14,0.0,0.5167619115632017,0.0,0.0,0.0,0.4832380884367982,0.0,0.0
2021-01-15,0.0,0.5178936434012816,0.0,0.0,0.0,0.48210635659871837,0.0,0.0
2021-01-19,0.0,0.5194033051453023,0.0,0.0,0.0,0.4805966948546977,0.0,0.0
2021-01-20,0.0,0.5211112416669749,0.0,0.0,0.0,0.478888758333025,0.0,0.0
2021-01-21,0.0,0.5232558973794442,0.0,0.0,0.0,0.4767441026205557,0.0,0.0
2021-01-22,0.0,0.5245079724701692,0.0,0.0,0.0,0.47549202752983066,0.0,0.0
2021-01-25,0.0,0.52634573515963,0.0,0.0,0.0,0.47365426484037,0.0,0.0
2021-01-26,0.0,0.5273268573325351,0.0,0.0,0.0,0.4726731426674649,0.0,0.0
2021-01-27,0.0,0.521860890285621,0.0,0.0,0.0,0.478139109714379,0.0,0.0
2021-01-28,0.0,0.5231014550966613,0.0,0.0,0.0,0.47689854490333866,0.0,0.0
2021-01-29,0.0,0.517895964094985,0.0,0.0,0.0,0.482104035905015,0.0,0.0
2021-02-01,0.0,0.5,0.0,0.0,0.0,0.5,0.0,0.0
2021-02-02,0.0,0.5071057007151162,0.0,0.0,0.0,0.4928942992848838,0.0,0.0
2021-02-03,0.0,0.5064899727864517,0.0,0.0,0.0,0.49351002721354825,0.0,0.0
2021-02-04,0.0,0.5148666566034388,0.0,0.0,0.0,0.4851333433965612,0.0,0.0
2021-02-05,0.0,0.513258380527287,0.0,0.0,0.0,0.48674161947271305,0.0,0.0
2021-02-08,0.0,0.5124233914038449,0.0,0.0,0.0,0.48757660859615515,0.0,0.0
2021-02-09,0.0,0.5115564870626377,0.0,0.0,0.0,0.48844351293736227,0.0,0.0
2021-02-10,0.0,0.5100733024309742,0.0,0.0,0.0,0.48992669756902596,0.0,0.0
2021-02-11,0.0,0.5136230997562201,0.0,0.0,0.0,0.4863769002437799,0.0,0.0
2021-02-12,0.0,0.5157750991599171,0.0,0.0,0.0,0.4842249008400828,0.0,0.0
2021-02-16,0.0,0.5187088981895801,0.0,0.0,0.0,0.48129110181041995,0.0,0.0
2021-02-17,0.0,0.5203584135759287,0.0,0.0,0.0,0.47964158642407134,0.0,0.0
2021-02-18,0.0,0.519279669256604,0.0,0.0,0.0,0.48072033074339615,0.0,0.0
2021-02-19,0.0,0.5171548204613393,0.0,0.0,0.0,0.48284517953866063,0.0,0.0
2021-02-22,0.0,0.5068811893882901,0.0,0.0,0.0,0.4931188106117099,0.0,0.0
2021-02-23,0.0,0.5067115228405147,0.0,0.0,0.0,0.49328847715948526,0.0,0.0
2021-02-24,0.0,0.5089407201253963,0.0,0.0,0.0,0.4910592798746037,0.0,0.0
2021-02-25,0.0,0.5048193083019328,0.0,0.0,0.0,0.49518069169806717,0.0,0.0
2021-02-26,0.0,0.5119819185045915,0.0,0.0,0.0,0.4880180814954085,0.0,0.0
2021-03-01,0.0,0.5,0.5,0.0,0.0,0.0,0.0,0.0
2021-03-02,0.0,0.5008152245211955,0.4991847754788045,0.0,0.0,0.0,0.0,0.0
2021-03-03,0.0,0.4961736994512176,0.5038263005487824,0.0,0.0,0.0,0.0,0.0
2021-03-04,0.0,0.49913511498324586,0.5008648850167542,0.0,0.0,0.0,0.0,0.0
2021-03-05,0.0,0.49762721610290167,0.5023727838970984,0.0,0.0,0.0,0.0,0.0
2021-03-08,0.0,0.4892682636745834,0.5107317363254166,0.0,0.0,0.0,0.0,0.0
2021-03-09,0.0,0.49373483139927266,0.5062651686007273,0.0,0.0,0.0,0.0,0.0
2021-03-10,0.0,0.4887159042019824,0.5112840957980176,0.0,0.0,0.0,0.0,0.0
2021-03-11,0.0,0.4889666747042779,0.5110333252957221,0.0,0.0,0.0,0.0,0.0
2021-03-12,0.0,0.48546206267177844,0.5145379373282215,0.0,0.0,0.0,0.0,0.0
2021-03-15,0.0,0.4872305240588181,0.5127694759411818,0.0,0.0,0.0,0.0,0.0
2021-03-16,0.0,0.4928125922388986,0.5071874077611013,0.0,0.0,0.0,0.0,0.0
2021-03-17,0.0,0.4918846608530175,0.5081153391469825,0.0,0.0,0.0,0.0,0.0
2021-03-18,0.0,0.4918338597221371,0.5081661402778629,0.0,0.0,0.0,0.0,0.0
2021-03-19,0.0,0.49083404450064627,0.5091659554993538,0.0,0.0,0.0,0.0,0.0
2021-03-22,0.0,0.4973689452798928,0.5026310547201073,0.0,0.0,0.0,0.0,0.0
2021-03-23,0.0,0.5055126499570436,0.4944873500429564,0.0,0.0,0.0,0.0,0.0
2021-03-24,0.0,0.5071097601309126,0.49289023986908737,0.0,0.0,0.0,0.0,0.0
2021-03-25,0.0,0.5008187895862312,0.49918121041376884,0.0,0.0,0.0,0.0,0.0
2021-03-26,0.0,0.5000242317695922,0.49997576823040774,0.0,0.0,0.0,0.0,0.0
2021-03-29,0.0,0.5070908320433294,0.49290916795667056,0.0,0.0,0.0,0.0,0.0
2021-03-30,0.0,0.5016554398244116,0.49834456017558837,0.0,0.0,0.0,0.0,0.0
2021-03-31,0.0,0.5021146457977311,0.49788535420226876,0.0,0.0,0.0,0.0,0.0
2021-04-01,0.0,0.5,0.5,0.0,0.0,0.0,0.0,0.0
2021-04-05,0.0,0.5035713902852709,0.4964286097147291,0.0,0.0,0.0,0.0,0.0
2021-04-06,0.0,0.5041321168448107,0.4958678831551892,0.0,0.0,0.0,0.0,0.0
2021-04-07,0.0,0.5088026438453748,0.49119735615462523,0.0,0.0,0.0,0.0,0.0
2021-04-08,0.0,0.5092879095545582,0.49071209044544184,0.0,0.0,0.0,0.0,0.0
2021-04-09,0.0,0.5107636265433775,0.4892363734566226,0.0,0.0,0.0,0.0,0.0
2021-04-12,0.0,0.5114159418664586,0.4885840581335415,0.0,0.0,0.0,0.0,0.0
2021-04-13,0.0,0.5149695787683006,0.4850304212316993,0.0,0.0,0.0,0.0,0.0
2021-04-14,0.0,0.5095001848398184,0.4904998151601816,0.0,0.0,0.0,0.0,0.0
2021-04-15,0.0,0.512175945179161,0.48782405482083907,0.0,0.0,0.0,0.0,0.0
2021-04-16,0.0,0.5120675681764427,0.4879324318235573,0.0,0.0,0.0,0.0,0.0
2021-04-19,0.0,0.5130393044107695,0.4869606955892305,0.0,0.0,0.0,0.0,0.0
2021-04-20,0.0,0.5163795450255726,0.48362045497442735,0.0,0.0,0.0,0.0,0.0
2021-04-21,0.0,0.5124752856067727,0.4875247143932273,0.0,0.0,0.0,0.0,0.0
2021-04-22,0.0,0.5104802086946328,0.48951979130536716,0.0,0.0,0.0,0.0,0.0
2021-04-23,0.0,0.5089363280082827,0.49106367199171724,0.0,0.0,0.0,0.0,0.0
2021-04-26,0.0,0.5079702857679513,0.4920297142320486,0.0,0.0,0.0,0.0,0.0
2021-04-27,0.0,0.5065129318340443,0.49348706816595567,0.0,0.0,0.0,0.0,0.0
2021-04-28,0.0,0.5052398534831489,0.4947601465168511,0.0,0.0,0.0,0.0,0.0
2021-04-29,0.0,0.5070680743993924,0.49293192560060756,0.0,0.0,0.0,0.0,0.0
2021-04-30,0.0,0.5088462552239065,0.4911537447760934,0.0,0.0,0.0,0.0,0.0
2021-05-03,0.0,0.5,0.5,0.0,0.0,0.0,0.0,0.0
2021-05-04,0.0,0.49846492691246713,0.5015350730875329,0.0,0.0,0.0,0.0,0.0
2021-05-05,0.0,0.498621359214525,0.5013786407854751,0.0,0.0,0.0,0.0,0.0
2021-05-06,0.0,0.5002852439845702,0.49971475601542986,0.0,0.0,0.0,0.0,0.0
2021-05-07,0.0,0.4991804691094811,0.500819530890519,0.0,0.0,0.0,0.0,0.0
2021-05-10,0.0,0.4992234946410602,0.5007765053589398,0.0,0.0,0.0,0.0,0.0
2021-05-11,0.0,0.4996759577415607,0.5003240422584393,0.0,0.0,0.0,0.0,0.0
2021-05-12,0.0,0.5013726819479452,0.4986273180520549,0.0,0.0,0.0,0.0,0.0
2021-05-13,0.0,0.4987375739168083,0.5012624260831917,0.0,0.0,0.0,0.0,0.0
2021-05-14,0.0,0.4981635065501106,0.5018364934498893,0.0,0.0,0.0,0.0,0.0
2021-05-17,0.0,0.4963032823868211,0.5036967176131788,0.0,0.0,0.0,0.0,0.0
2021-05-18,0.0,0.49651484527670664,0.5034851547232934,0.0,0.0,0.0,0.0,0.0
2021-05-19,0.0,0.49873275063337,0.50126724936663,0.0,0.0,0.0,0.0,0.0
2021-05-20,0.0,0.5018645864903122,0.49813541350968776,0.0,0.0,0.0,0.0,0.0
2021-05-21,0.0,0.4998284841453859,0.5001715158546141,0.0,0.0,0.0,0.0,0.0
2021-05-24,0.0,0.5023783280305265,0.49762167196947343,0.0,0.0,0.0,0.0,0.0
2021-05-25,0.0,0.5051519233400406,0.4948480766599594,0.0,0.0,0.0,0.0,0.0
2021-05-26,0.0,0.5014010961452658,0.4985989038547341,0.0,0.0,0.0,0.0,0.0
2021-05-27,0.0,0.4979027610621969,0.5020972389378031,0.0,0.0,0.0,0.0,0.0
2021-05-28,0.0,0.49885637485595746,0.5011436251440425,0.0,0.0,0.0,0.0,0.0
2021-06-01,0.5,0.0,0.5,0.0,0.0,0.0,0.0,0.0
2021-06-02,0.5000970447624844,0.0,0.4999029552375156,0.0,0.0,0.0,0.0,0.0
2021-06-03,0.501267588129743,0.0,0.49873241187025696,0.0,0.0,0.0,0.0,0.0
2021-06-04,0.5024638736387336,0.0,0.4975361263612665,0.0,0.0,0.0,0.0,0.0
2021-06-07,0.4988903801492565,0.0,0.5011096198507434,0.0,0.0,0.0,0.0,0.0
2021-06-08,0.4963106191170165,0.0,0.5036893808829834,0.0,0.0,0.0,0.0,0.0
2021-06-09,0.4976067704534927,0.0,0.5023932295465072,0.0,0.0,0.0,0.0,0.0
2021-06-10,0.5006270164086101,0.0,0.49937298359139,0.0,0.0,0.0,0.0,0.0
2021-06-11,0.4984149419707521,0.0,0.5015850580292479,0.0,0.0,0.0,0.0,0.0
2021-06-14,0.4997088991203926,0.0,0.5002911008796074,0.0,0.0,0.0,0.0,0.0
2021-06-15,0.49996509456162364,0.0,0.5000349054383765,0.0,0.0,0.0,0.0,0.0
2021-06-16,0.49909772933823277,0.0,0.5009022706617672,0.0,0.0,0.0,0.0,0.0
2021-06-17,0.501836616277549,0.0,0.49816338372245095,0.0,0.0,0.0,0.0,0.0
2021-06-18,0.5041819711825065,0.0,0.4958180288174935,0.0,0.0,0.0,0.0,0.0
2021-06-21,0.5024459625478318,0.0,0.49755403745216825,0.0,0.0,0.0,0.0,0.0
2021-06-22,0.5026466287160503,0.0,0.4973533712839497,0.0,0.0,0.0,0.0,0.0
2021-06-23,0.5015237925391081,0.0,0.49847620746089194,0.0,0.0,0.0,0.0,0.0
2021-06-24,0.49949158842383,0.0,0.50050841157617,0.0,0.0,0.0,0.0,0.0
2021-06-25,0.4999579852730507,0.0,0.5000420147269493,0.0,0.0,0.0,0.0,0.0
2021-06-28,0.5024496502008237,0.0,0.4975503497991764,0.0,0.0,0.0,0.0,0.0
2021-06-29,0.5037803773891941,0.0,0.49621962261080593,0.0,0.0,0.0,0.0,0.0
2021-06-30,0.5039579424018609,0.0,0.4960420575981391,0.0,0.0,0.0,0.0,0.0
2021-07-01,0.5,0.0,0.5,0.0,0.0,0.0,0.0,0.0
2021-07-02,0.504291777889731,0.0,0.495708222110269,0.0,0.0,0.0,0.0,0.0
2021-07-06,0.507494625896749,0.0,0.49250537410325107,0.0,0.0,0.0,0.0,0.0
2021-07-07,0.5107106978727843,0.0,0.4892893021272157,0.0,0.0,0.0,0.0,0.0
2021-07-08,0.5109774650051804,0.0,0.4890225349948196,0.0,0.0,0.0,0.0,0.0
2021-07-09,0.508410555296402,0.0,0.491589444703598,0.0,0.0,0.0,0.0,0.0
2021-07-12,0.5090944882997092,0.0,0.49090551170029084,0.0,0.0,0.0,0.0,0.0
2021-07-13,0.5129954186149785,0.0,0.48700458138502145,0.0,0.0,0.0,0.0,0.0
2021-07-14,0.5172517043632728,0.0,0.4827482956367271,0.0,0.0,0.0,0.0,0.0
2021-07-15,0.5178160806535977,0.0,0.48218391934640215,0.0,0.0,0.0,0.0,0.0
2021-07-16,0.5189436832790378,0.0,0.4810563167209622,0.0,0.0,0.0,0.0,0.0
2021-07-19,0.5189974849959471,0.0,0.4810025150040528,0.0,0.0,0.0,0.0,0.0
2021-07-20,0.51491974099886,0.0,0.48508025900114,0.0,0.0,0.0,0.0,0.0
2021-07-21,0.512668008150699,0.0,0.4873319918493009,0.0,0.0,0.0,0.0,0.0
2021-07-22,0.5171930684059888,0.0,0.4828069315940112,0.0,0.0,0.0,0.0,0.0
2021-07-23,0.5185859435799598,0.0,0.4814140564200402,0.0,0.0,0.0,0.0,0.0
2021-07-26,0.5184713917959839,0.0,0.481528608204016,0.0,0.0,0.0,0.0,0.0
2021-07-27,0.5202617960145229,0.0,0.47973820398547706,0.0,0.0,0.0,0.0,0.0
2021-07-28,0.5165149722901851,0.0,0.48348502770981494,0.0,0.0,0.0,0.0,0.0
2021-07-29,0.5156333275362083,0.0,0.48436667246379184,0.0,0.0,0.0,0.0,0.0
2021-07-30,0.5160727951793327,0.0,0.48392720482066726,0.0,0.0,0.0,0.0,0.0
2021-08-02,0.5,0.0,0.5,0.0,0.0,0.0,0.0,0.0
2021-08-03,0.5009934045120991,0.0,0.49900659548790094,0.0,0.0,0.0,0.0,0.0
2021-08-04,0.5028930024825553,0.0,0.49710699751744475,0.0,0.0,0.0,0.0,0.0
2021-08-05,0.5000179662690515,0.0,0.4999820337309486,0.0,0.0,0.0,0.0,0.0
2021-08-06,0.4989041695820071,0.0,0.5010958304179929,0.0,0.0,0.0,0.0,0.0
2021-08-09,0.500080901382923,0.0,0.499919098617077,0.0,0.0,0.0,0.0,0.0
2021-08-10,0.4998971408104289,0.0,0.5001028591895711,0.0,0.0,0.0,0.0,0.0
2021-08-11,0.49929636678644934,0.0,0.5007036332135506,0.0,0.0,0.0,0.0,0.0
2021-08-12,0.5006375886470291,0.0,0.499362411352971,0.0,0.0,0.0,0.0,0.0
2021-08-13,0.5033765270475863,0.0,0.4966234729524137,0.0,0.0,0.0,0.0,0.0
2021-08-16,0.506304100501566,0.0,0.4936958994984339,0.0,0.0,0.0,0.0,0.0
2021-08-17,0.5077253493086723,0.0,0.49227465069132764,0.0,0.0,0.0,0.0,0.0
2021-08-18,0.5071672081416884,0.0,0.49283279185831164,0.0,0.0,0.0,0.0,0.0
2021-08-19,0.5105661884852932,0.0,0.4894338115147068,0.0,0.0,0.0,0.0,0.0
2021-08-20,0.5083607224528746,0.0,0.4916392775471255,0.0,0.0,0.0,0.0,0.0
2021-08-23,0.5058395286047611,0.0,0.4941604713952389,0.0,0.0,0.0,0.0,0.0
2021-08-24,0.5037894342081198,0.0,0.4962105657918802,0.0,0.0,0.0,0.0,0.0
2021-08-25,0.5034358644035797,0.0,0.4965641355964203,0.0,0.0,0.0,0.0,0.0
2021-08-26,0.5046206868904369,0.0,0.4953793131095631,0.0,0.0,0.0,0.0,0.0
2021-08-27,0.4998933115063128,0.0,0.5001066884936872,0.0,0.0,0.0,0.0,0.0
2021-08-30,0.5020193123577762,0.0,0.49798068764222386,0.0,0.0,0.0,0.0,0.0
2021-08-31,0.5011612849211227,0.0,0.4988387150788774,0.0,0.0,0.0,0.0,0.0
2021-09-01,0.0,0.0,0.5,0.0,0.5,0.0,0.0,0.0
2021-09-02,0.0,0.0,0.5004197681519243,0.0,0.49958023184807565,0.0,0.0,0.0
2021-09-03,0.0,0.0,0.49921493663952793,0.0,0.500785063360472,0.0,0.0,0.0
2021-09-07,0.0,0.0,0.5003204900599795,0.0,0.4996795099400205,0.0,0.0,0.0
2021-09-08,0.0,0.0,0.49632735370993214,0.0,0.5036726462900678,0.0,0.0,0.0
2021-09-09,0.0,0.0,0.5013375182882732,0.0,0.49866248171172683,0.0,0.0,0.0
2021-09-10,0.0,0.0,0.502564278658983,0.0,0.49743572134101693,0.0,0.0,0.0
2021-09-13,0.0,0.0,0.5022955807817594,0.0,0.49770441921824055,0.0,0.0,0.0
2021-09-14,0.0,0.0,0.4995333867768532,0.0,0.5004666132231468,0.0,0.0,0.0
2021-09-15,0.0,0.0,0.5009905927505901,0.0,0.4990094072494099,0.0,0.0,0.0
2021-09-16,0.0,0.0,0.5009609465517895,0.0,0.4990390534482106,0.0,0.0,0.0
2021-09-17,0.0,0.0,0.5035324542268769,0.0,0.49646754577312313,0.0,0.0,0.0
2021-09-20,0.0,0.0,0.4990483472066722,0.0,0.5009516527933279,0.0,0.0,0.0
2021-09-21,0.0,0.0,0.49930973959791847,0.0,0.5006902604020815,0.0,0.0,0.0
2021-09-22,0.0,0.0,0.5007424499244546,0.0,0.4992575500755454,0.0,0.0,0.0
2021-09-23,0.0,0.0,0.5056205583048644,0.0,0.49437944169513554,0.0,0.0,0.0
2021-09-24,0.0,0.0,0.5070990646820428,0.0,0.49290093531795715,0.0,0.0,0.0
2021-09-27,0.0,0.0,0.514252119239748,0.0,0.48574788076025205,0.0,0.0,0.0
2021-09-28,0.0,0.0,0.5102010342965108,0.0,0.48979896570348924,0.0,0.0,0.0
2021-09-29,0.0,0.0,0.5078032213446598,0.0,0.4921967786553402,0.0,0.0,0.0
2021-09-30,0.0,0.0,0.5096134138657995,0.0,0.49038658613420055,0.0,0.0,0.0
2021-10-01,0.0,0.0,0.5,0.0,0.5,0.0,0.0,0.0
2021-10-04,0.0,0.0,0.4976693150614472,0.0,0.5023306849385528,0.0,0.0,0.0
2021-10-05,0.0,0.0,0.500255726432449,0.0,0.4997442735675511,0.0,0.0,0.0
2021-10-06,0.0,0.0,0.4965733306749288,0.0,0.5034266693250712,0.0,0.0,0.0
2021-10-07,0.0,0.0,0.49972303248447697,0.0,0.500276967515523,0.0,0.0,0.0
2021-10-08,0.0,0.0,0.5002065084135144,0.0,0.4997934915864856,0.0,0.0,0.0
2021-10-11,0.0,0.0,0.4981381137963128,0.0,0.5018618862036872,0.0,0.0,0.0
2021-10-12,0.0,0.0,0.4962541997927029,0.0,0.5037458002072971,0.0,0.0,0.0
2021-10-13,0.0,0.0,0.4956234570327596,0.0,0.5043765429672403,0.0,0.0,0.0
2021-10-14,0.0,0.0,0.4962788999541485,0.0,0.5037211000458516,0.0,0.0,0.0
2021-10-15,0.0,0.0,0.4956797835550532,0.0,0.5043202164449468,0.0,0.0,0.0
2021-10-18,0.0,0.0,0.4949017684945339,0.0,0.5050982315054661,0.0,0.0,0.0
2021-10-19,0.0,0.0,0.4957160016887251,0.0,0.5042839983112749,0.0,0.0,0.0
2021-10-20,0.0,0.0,0.4934653380475378,0.0,0.5065346619524622,0.0,0.0,0.0
2021-10-21,0.0,0.0,0.493756507173779,0.0,0.5062434928262209,0.0,0.0,0.0
2021-10-22,0.0,0.0,0.4919918726731792,0.0,0.5080081273268208,0.0,0.0,0.0
2021-10-25,0.0,0.0,0.493553701070917,0.0,0.506446298929083,0.0,0.0,0.0
2021-10-26,0.0,0.0,0.4909785284565124,0.0,0.5090214715434875,0.0,0.0,0.0
2021-10-27,0.0,0.0,0.488467918343854,0.0,0.511532081656146,0.0,0.0,0.0
2021-10-28,0.0,0.0,0.4899339239577416,0.0,0.5100660760422584,0.0,0.0,0.0
2021-10-29,0.0,0.0,0.4926943193308942,0.0,0.5073056806691059,0.0,0.0,0.0
2021-11-01,0.5,0.0,0.0,0.0,0.5,0.0,0.0,0.0
2021-11-02,0.4998251160268483,0.0,0.0,0.0,0.5001748839731517,0.0,0.0,0.0
2021-11-03,0.5005080942281578,0.0,0.0,0.0,0.4994919057718424,0.0,0.0,0.0
2021-11-04,0.5040709663583898,0.0,0.0,0.0,0.4959290336416103,0.0,0.0,0.0
2021-11-05,0.5036606639856248,0.0,0.0,0.0,0.49633933601437513,0.0,0.0,0.0
2021-11-08,0.5040786522513738,0.0,0.0,0.0,0.4959213477486262,0.0,0.0,0.0
2021-11-09,0.502819130768101,0.0,0.0,0.0,0.497180869231899,0.0,0.0,0.0
2021-11-10,0.5019607239198308,0.0,0.0,0.0,0.4980392760801693,0.0,0.0,0.0
2021-11-11,0.5016312350729393,0.0,0.0,0.0,0.49836876492706067,0.0,0.0,0.0
2021-11-12,0.5036930721001271,0.0,0.0,0.0,0.49630692789987285,0.0,0.0,0.0
2021-11-15,0.5020296350563714,0.0,0.0,0.0,0.4979703649436286,0.0,0.0,0.0
2021-11-16,0.5046749387328247,0.0,0.0,0.0,0.49532506126717546,0.0,0.0,0.0
2021-11-17,0.5032934774757608,0.0,0.0,0.0,0.496706522524239,0.0,0.0,0.0
2021-11-18,0.5040955779740599,0.0,0.0,0.0,0.4959044220259401,0.0,0.0,0.0
2021-11-19,0.505128761149602,0.0,0.0,0.0,0.494871238850398,0.0,0.0,0.0
2021-11-22,0.5056607413414282,0.0,0.0,0.0,0.4943392586585717,0.0,0.0,0.0
2021-11-23,0.5039797497136819,0.0,0.0,0.0,0.49602025028631813,0.0,0.0,0.0
2021-11-24,0.5016352622415795,0.0,0.0,0.0,0.4983647377584204,0.0,0.0,0.0
2021-11-26,0.5030487399700471,0.0,0.0,0.0,0.496951260029953,0.0,0.0,0.0
2021-11-29,0.5042515157400944,0.0,0.0,0.0,0.4957484842599056,0.0,0.0,0.0
2021-11-30,0.5041181089766344,0.0,0.0,0.0,0.4958818910233656,0.0,0.0,0.0
2021-12-01,0.5,0.0,0.0,0.0,0.5,0.0,0.0,0.0
2021-12-02,0.49640891839003554,0.0,0.0,0.0,0.5035910816099646,0.0,0.0,0.0
2021-12-03,0.49505799168368986,0.0,0.0,0.0,0.5049420083163102,0.0,0.0,0.0
2021-12-06,0.4936552143828441,0.0,0.0,0.0,0.5063447856171559,0.0,0.0,0.0
2021-12-07,0.49519711763922675,0.0,0.0,0.0,0.5048028823607732,0.0,0.0,0.0
2021-12-08,0.4940668693423288,0.0,0.0,0.0,0.5059331306576713,0.0,0.0,0.0
2021-12-09,0.49601421058127226,0.0,0.0,0.0,0.5039857894187277,0.0,0.0,0.0
2021-12-10,0.4975880059341698,0.0,0.0,0.0,0.5024119940658301,0.0,0.0,0.0
2021-12-13,0.49302746100800543,0.0,0.0,0.0,0.5069725389919947,0.0,0.0,0.0
2021-12-14,0.49451952327369236,0.0,0.0,0.0,0.5054804767263077,0.0,0.0,0.0
2021-12-15,0.4949090897008397,0.0,0.0,0.0,0.5050909102991603,0.0,0.0,0.0
2021-12-16,0.4927843996414088,0.0,0.0,0.0,0.5072156003585911,0.0,0.0,0.0
2021-12-17,0.4904230615370073,0.0,0.0,0.0,0.5095769384629928,0.0,0.0,0.0
2021-12-20,0.4897048894274563,0.0,0.0,0.0,0.5102951105725437,0.0,0.0,0.0
2021-12-21,0.4913022510585443,0.0,0.0,0.0,0.5086977489414557,0.0,0.0,0.0
2021-12-22,0.49123839108033407,0.0,0.0,0.0,0.5087616089196659,0.0,0.0,0.0
2021-12-23,0.4930536189403782,0.0,0.0,0.0,0.5069463810596218,0.0,0.0,0.0
2021-12-27,0.4923585185014416,0.0,0.0,0.0,0.5076414814985586,0.0,0.0,0.0
2021-12-28,0.49123508769464297,0.0,0.0,0.0,0.508764912305357,0.0,0.0,0.0
2021-12-29,0.48987843844800316,0.0,0.0,0.0,0.5101215615519967,0.0,0.0,0.0
2021-12-30,0.4881043516811275,0.0,0.0,0.0,0.5118956483188724,0.0,0.0,0.0
2021-12-31,0.4867838273617117,0.0,0.0,0.0,0.5132161726382882,0.0,0.0,0.0
2022-01-03,0.5,0.0,0.0,0.0,0.5,0.0,0.0,0.0
2022-01-04,0.5002204936742297,0.0,0.0,0.0,0.49977950632577023,0.0,0.0,0.0
2022-01-05,0.5026322374904213,0.0,0.0,0.0,0.49736776250957887,0.0,0.0,0.0
2022-01-06,0.5021734211885029,0.0,0.0,0.0,0.4978265788114971,0.0,0.0,0.0
2022-01-07,0.5028438541161728,0.0,0.0,0.0,0.4971561458838271,0.0,0.0,0.0
2022-01-10,0.5039777069149212,0.0,0.0,0.0,0.4960222930850788,0.0,0.0,0.0
2022-01-11,0.5058596181404732,0.0,0.0,0.0,0.49414038185952686,0.0,0.0,0.0
2022-01-12,0.5062406969451054,0.0,0.0,0.0,0.4937593030548946,0.0,0.0,0.0
2022-01-13,0.5032697901081687,0.0,0.0,0.0,0.49673020989183136,0.0,0.0,0.0
2022-01-14,0.5056451274728564,0.0,0.0,0.0,0.49435487252714366,0.0,0.0,0.0
2022-01-18,0.5038184711476845,0.0,0.0,0.0,0.4961815288523154,0.0,0.0,0.0
2022-01-19,0.5046014971366336,0.0,0.0,0.0,0.4953985028633664,0.0,0.0,0.0
2022-01-20,0.5050448216343827,0.0,0.0,0.0,0.4949551783656173,0.0,0.0,0.0
2022-01-21,0.5007055227221208,0.0,0.0,0.0,0.49929447727787923,0.0,0.0,0.0
2022-01-24,0.5012902395071801,0.0,0.0,0.0,0.49870976049281984,0.0,0.0,0.0
2022-01-25,0.49921711357201193,0.0,0.0,0.0,0.500782886427988,0.0,0.0,0.0
2022-01-26,0.5025243493550198,0.0,0.0,0.0,0.4974756506449801,0.0,0.0,0.0
2022-01-27,0.5054567919286369,0.0,0.0,0.0,0.4945432080713631,0.0,0.0,0.0
2022-01-28,0.5036274206299743,0.0,0.0,0.0,0.49637257937002566,0.0,0.0,0.0
2022-01-31,0.5050358233382432,0.0,0.0,0.0,0.49496417666175685,0.0,0.0,0.0
2022-02-01,0.5,0.0,0.0,0.0,0.5,0.0,0.0,0.0
2022-02-02,0.4992487786223872,0.0,0.0,0.0,0.5007512213776127,0.0,0.0,0.0
2022-02-03,0.49597509380897337,0.0,0.0,0.0,0.5040249061910267,0.0,0.0,0.0
2022-02-04,0.4996349411222551,0.0,0.0,0.0,0.500365058877745,0.0,0.0,0.0
2022-02-07,0.49918862687248444,0.0,0.0,0.0,0.5008113731275154,0.0,0.0,0.0
2022-02-08,0.5024079988048136,0.0,0.0,0.0,0.4975920011951865,0.0,0.0,0.0
2022-02-09,0.5004511569022184,0.0,0.0,0.0,0.4995488430977815,0.0,0.0,0.0
2022-02-10,0.5018917824155413,0.0,0.0,0.0,0.49810821758445867,0.0,0.0,0.0
2022-02-11,0.49920213587630424,0.0,0.0,0.0,0.5007978641236956,0.0,0.0,0.0
2022-02-14,0.5006694947345139,0.0,0.0,0.0,0.4993305052654861,0.0,0.0,0.0
2022-02-15,0.502431508288638,0.0,0.0,0.0,0.49756849171136197,0.0,0.0,0.0
2022-02-16,0.5015519331721178,0.0,0.0,0.0,0.4984480668278823,0.0,0.0,0.0
2022-02-17,0.49881907890682037,0.0,0.0,0.0,0.5011809210931796,0.0,0.0,0.0
2022-02-18,0.4987098427188657,0.0,0.0,0.0,0.5012901572811344,0.0,0.0,0.0
2022-02-22,0.4969209434010461,0.0,0.0,0.0,0.5030790565989539,0.0,0.0,0.0
2022-02-23,0.4966132740674653,0.0,0.0,0.0,0.5033867259325346,0.0,0.0,0.0
2022-02-24,0.49618072912996336,0.0,0.0,0.0,0.5038192708700366,0.0,0.0,0.0
2022-02-25,0.4956821570496038,0.0,0.0,0.0,0.5043178429503962,0.0,0.0,0.0
2022-02-28,0.4987923554754057,0.0,0.0,0.0,0.5012076445245943,0.0,0.0,0.0
2022-03-01,0.5,0.0,0.0,0.0,0.5,0.0,0.0,0.0
2022-03-02,0.49991915799075604,0.0,0.0,0.0,0.500080842009244,0.0,0.0,0.0
2022-03-03,0.49663486286541564,0.0,0.0,0.0,0.5033651371345844,0.0,0.0,0.0
2022-03-04,0.49345283760753883,0.0,0.0,0.0,0.5065471623924612,0.0,0.0,0.0
2022-03-07,0.49096337389912587,0.0,0.0,0.0,0.5090366261008742,0.0,0.0,0.0
2022-03-08,0.49027567143661577,0.0,0.0,0.0,0.5097243285633841,0.0,0.0,0.0
2022-03-09,0.4930709954736628,0.0,0.0,0.0,0.5069290045263373,0.0,0.0,0.0
2022-03-10,0.4913171265824471,0.0,0.0,0.0,0.508682873417553,0.0,0.0,0.0
2022-03-11,0.4901120700812757,0.0,0.0,0.0,0.5098879299187242,0.0,0.0,0.0
2022-03-14,0.4902391053354165,0.0,0.0,0.0,0.5097608946645834,0.0,0.0,0.0
2022-03-15,0.49400476764951134,0.0,0.0,0.0,0.5059952323504887,0.0,0.0,0.0
2022-03-16,0.4965354420891929,0.0,0.0,0.0,0.503464557910807,0.0,0.0,0.0
2022-03-17,0.49580815360645314,0.0,0.0,0.0,0.5041918463935467,0.0,0.0,0.0
2022-03-18,0.4985313706786496,0.0,0.0,0.0,0.5014686293213504,0.0,0.0,0.0
2022-03-21,0.49999024450980933,0.0,0.0,0.0,0.5000097554901907,0.0,0.0,0.0
2022-03-22,0.5022611284014682,0.0,0.0,0.0,0.4977388715985318,0.0,0.0,0.0
2022-03-23,0.5018412902710961,0.0,0.0,0.0,0.4981587097289038,0.0,0.0,0.0
2022-03-24,0.5040040737853322,0.0,0.0,0.0,0.4959959262146679,0.0,0.0,0.0
2022-03-25,0.5021199278107782,0.0,0.0,0.0,0.4978800721892218,0.0,0.0,0.0
2022-03-28,0.501246673014815,0.0,0.0,0.0,0.49875332698518504,0.0,0.0,0.0
2022-03-29,0.4970908076303027,0.0,0.0,0.0,0.5029091923696973,0.0,0.0,0.0
2022-03-30,0.49735870393467835,0.0,0.0,0.0,0.5026412960653215,0.0,0.0,0.0
2022-03-31,0.4965533081282778,0.0,0.0,0.0,0.5034466918717222,0.0,0.0,0.0
2022-04-01,0.5,0.0,0.0,0.0,0.5,0.0,0.0,0.0
2022-04-04,0.5033573743072114,0.0,0.0,0.0,0.49664262569278855,0.0,0.0,0.0
2022-04-05,0.5014104164750299,0.0,0.0,0.0,0.49858958352497007,0.0,0.0,0.0
2022-04-06,0.4959448128480434,0.0,0.0,0.0,0.5040551871519566,0.0,0.0,0.0
2022-04-07,0.49969794210785573,0.0,0.0,0.0,0.5003020578921443,0.0,0.0,0.0
2022-04-08,0.49861837968212946,0.0,0.0,0.0,0.5013816203178705,0.0,0.0,0.0
2022-04-11,0.4970101209687857,0.0,0.0,0.0,0.5029898790312144,0.0,0.0,0.0
2022-04-12,0.4964506589919849,0.0,0.0,0.0,0.5035493410080152,0.0,0.0,0.0
2022-04-13,0.4975288865794643,0.0,0.0,0.0,0.5024711134205356,0.0,0.0,0.0
2022-04-14,0.4954747117583599,0.0,0.0,0.0,0.5045252882416401,0.0,0.0,0.0
2022-04-18,0.49659102858264065,0.0,0.0,0.0,0.5034089714173594,0.0,0.0,0.0
2022-04-19,0.49520528748867804,0.0,0.0,0.0,0.5047947125113219,0.0,0.0,0.0
2022-04-20,0.49089801288050644,0.0,0.0,0.0,0.5091019871194935,0.0,0.0,0.0
2022-04-21,0.4888715402948736,0.0,0.0,0.0,0.5111284597051264,0.0,0.0,0.0
2022-04-22,0.48634230941747814,0.0,0.0,0.0,0.5136576905825219,0.0,0.0,0.0
2022-04-25,0.4884247998233327,0.0,0.0,0.0,0.5115752001766672,0.0,0.0,0.0
2022-04-26,0.4852244459338003,0.0,0.0,0.0,0.5147755540661996,0.0,0.0,0.0
2022-04-27,0.4875785118839174,0.0,0.0,0.0,0.5124214881160827,0.0,0.0,0.0
2022-04-28,0.4892517577032737,0.0,0.0,0.0,0.5107482422967262,0.0,0.0,0.0
2022-04-29,0.4915828785390506,0.0,0.0,0.0,0.5084171214609493,0.0,0.0,0.0
2022-05-02,0.0,0.0,0.0,0.0,0.5,0.5,0.0,0.0
2022-05-03,0.0,0.0,0.0,0.0,0.5024250270291544,0.49757497297084563,0.0,0.0
2022-05-04,0.0,0.0,0.0,0.0,0.5028377122211835,0.4971622877788165,0.0,0.0
2022-05-05,0.0,0.0,0.0,0.0,0.49703488390933986,0.5029651160906602,0.0,0.0
2022-05-06,0.0,0.0,0.0,0.0,0.49363649577314733,0.5063635042268526,0.0,0.0
2022-05-09,0.0,0.0,0.0,0.0,0.4860251360281651,0.5139748639718349,0.0,0.0
2022-05-10,0.0,0.0,0.0,0.0,0.4835508028843151,0.5164491971156849,0.0,0.0
2022-05-11,0.0,0.0,0.0,0.0,0.48098668426002167,0.5190133157399783,0.0,0.0
2022-05-12,0.0,0.0,0.0,0.0,0.48678681390781964,0.5132131860921805,0.0,0.0
2022-05-13,0.0,0.0,0.0,0.0,0.49533582178133434,0.5046641782186657,0.0,0.0
2022-05-16,0.0,0.0,0.0,0.0,0.49138251482181283,0.5086174851781872,0.0,0.0
2022-05-17,0.0,0.0,0.0,0.0,0.49633892258429324,0.5036610774157068,0.0,0.0
2022-05-18,0.0,0.0,0.0,0.0,0.48884253613440026,0.5111574638655997,0.0,0.0
2022-05-19,0.0,0.0,0.0,0.0,0.484086710382072,0.515913289617928,0.0,0.0
2022-05-20,0.0,0.0,0.0,0.0,0.485497719357098,0.514502280642902,0.0,0.0
2022-05-23,0.0,0.0,0.0,0.0,0.4872197840158269,0.512780215984173,0.0,0.0
2022-05-24,0.0,0.0,0.0,0.0,0.48744825801267727,0.5125517419873228,0.0,0.0
2022-05-25,0.0,0.0,0.0,0.0,0.49106880375121126,0.5089311962487887,0.0,0.0
2022-05-26,0.0,0.0,0.0,0.0,0.49183856454149066,0.5081614354585094,0.0,0.0
2022-05-27,0.0,0.0,0.0,0.0,0.4983248236167924,0.5016751763832075,0.0,0.0
2022-05-31,0.0,0.0,0.0,0.0,0.4977256389258686,0.5022743610741314,0.0,0.0
2022-06-01,0.0,0.0,0.0,0.0,0.5,0.5,0.0,0.0
2022-06-02,0.0,0.0,0.0,0.0,0.5003532436814868,0.49964675631851313,0.0,0.0
2022-06-03,0.0,0.0,0.0,0.0,0.49954334996896316,0.5004566500310369,0.0,0.0
2022-06-06,0.0,0.0,0.0,0.0,0.49985685518879497,0.5001431448112049,0.0,0.0
2022-06-07,0.0,0.0,0.0,0.0,0.5016543168335624,0.4983456831664375,0.0,0.0
2022-06-08,0.0,0.0,0.0,0.0,0.4960534651127688,0.5039465348872312,0.0,0.0
2022-06-09,0.0,0.0,0.0,0.0,0.49085349953619944,0.5091465004638005,0.0,0.0
2022-06-10,0.0,0.0,0.0,0.0,0.48192458147899425,0.5180754185210058,0.0,0.0
2022-06-13,0.0,0.0,0.0,0.0,0.4758069796086041,0.5241930203913958,0.0,0.0
2022-06-14,0.0,0.0,0.0,0.0,0.47590471786710725,0.5240952821328927,0.0,0.0
2022-06-15,0.0,0.0,0.0,0.0,0.4785149219889055,0.5214850780110946,0.0,0.0
2022-06-16,0.0,0.0,0.0,0.0,0.46908583036163615,0.5309141696383638,0.0,0.0
2022-06-17,0.0,0.0,0.0,0.0,0.4730252707510795,0.5269747292489205,0.0,0.0
2022-06-21,0.0,0.0,0.0,0.0,0.47740412973858354,0.5225958702614164,0.0,0.0
2022-06-22,0.0,0.0,0.0,0.0,0.4795629122588859,0.5204370877411141,0.0,0.0
2022-06-23,0.0,0.0,0.0,0.0,0.4857974490218276,0.5142025509781724,0.0,0.0
2022-06-24,0.0,0.0,0.0,0.0,0.4913076450386326,0.5086923549613674,0.0,0.0
2022-06-27,0.0,0.0,0.0,0.0,0.4912109040104281,0.5087890959895718,0.0,0.0
2022-06-28,0.0,0.0,0.0,0.0,0.4885675052249384,0.5114324947750616,0.0,0.0
2022-06-29,0.0,0.0,0.0,0.0,0.48720362953995233,0.5127963704600477,0.0,0.0
2022-06-30,0.0,0.0,0.0,0.0,0.48826085038453554,0.5117391496154644,0.0,0.0
2022-07-01,0.0,0.0,0.0,0.0,0.0,0.5,0.0,0.5
2022-07-05,0.0,0.0,0.0,0.0,0.0,0.49470827935314826,0.0,0.5052917206468517
2022-07-06,0.0,0.0,0.0,0.0,0.0,0.4919573554296538,0.0,0.5080426445703462
2022-07-07,0.0,0.0,0.0,0.0,0.0,0.4921186728910823,0.0,0.5078813271089178
2022-07-08,0.0,0.0,0.0,0.0,0.0,0.4926338144665624,0.0,0.5073661855334377
2022-07-11,0.0,0.0,0.0,0.0,0.0,0.4905893485451453,0.0,0.5094106514548546
2022-07-12,0.0,0.0,0.0,0.0,0.0,0.48929776215190574,0.0,0.5107022378480942
2022-07-13,0.0,0.0,0.0,0.0,0.0,0.4886266614819578,0.0,0.5113733385180421
2022-07-14,0.0,0.0,0.0,0.0,0.0,0.48668610787203004,0.0,0.51331389212797
2022-07-15,0.0,0.0,0.0,0.0,0.0,0.4841880097747645,0.0,0.5158119902252356
2022-07-18,0.0,0.0,0.0,0.0,0.0,0.48617175093675874,0.0,0.5138282490632412
2022-07-19,0.0,0.0,0.0,0.0,0.0,0.48607114821377223,0.0,0.5139288517862277
2022-07-20,0.0,0.0,0.0,0.0,0.0,0.4839809508431282,0.0,0.5160190491568718
2022-07-21,0.0,0.0,0.0,0.0,0.0,0.4840909111263805,0.0,0.5159090888736196
2022-07-22,0.0,0.0,0.0,0.0,0.0,0.48279393579071467,0.0,0.5172060642092853
2022-07-25,0.0,0.0,0.0,0.0,0.0,0.4842279369199822,0.0,0.5157720630800178
2022-07-26,0.0,0.0,0.0,0.0,0.0,0.4839759359731862,0.0,0.5160240640268138
2022-07-27,0.0,0.0,0.0,0.0,0.0,0.484849584044448,0.0,0.515150415955552
2022-07-28,0.0,0.0,0.0,0.0,0.0,0.4858128280629191,0.0,0.514187171937081
2022-07-29,0.0,0.0,0.0,0.0,0.0,0.4859249720845489,0.0,0.5140750279154511
2022-08-01,0.0,0.0,0.0,0.0,0.0,0.5,0.0,0.5
2022-08-02,0.0,0.0,0.0,0.0,0.0,0.5015849498057119,0.0,0.4984150501942882
2022-08-03,0.0,0.0,0.0,0.0,0.0,0.49949107329581355,0.0,0.5005089267041865
2022-08-04,0.0,0.0,0.0,0.0,0.0,0.5031990866569804,0.0,0.49680091334301957
2022-08-05,0.0,0.0,0.0,0.0,0.0,0.5037769005483954,0.0,0.4962230994516046
2022-08-08,0.0,0.0,0.0,0.0,0.0,0.5048920250007246,0.0,0.4951079749992753
2022-08-09,0.0,0.0,0.0,0.0,0.0,0.5067816744270295,0.0,0.49321832557297046
2022-08-10,0.0,0.0,0.0,0.0,0.0,0.5037963062165387,0.0,0.4962036937834613
2022-08-11,0.0,0.0,0.0,0.0,0.0,0.5055590497252525,0.0,0.49444095027474755
2022-08-12,0.0,0.0,0.0,0.0,0.0,0.5049647981235983,0.0,0.49503520187640165
2022-08-15,0.0,0.0,0.0,0.0,0.0,0.5019024156511614,0.0,0.4980975843488386
2022-08-16,0.0,0.0,0.0,0.0,0.0,0.5024299530933469,0.0,0.49757004690665296
2022-08-17,0.0,0.0,0.0,0.0,0.0,0.5031709820190977,0.0,0.49682901798090234
2022-08-18,0.0,0.0,0.0,0.0,0.0,0.5018732671901468,0.0,0.49812673280985315
2022-08-19,0.0,0.0,0.0,0.0,0.0,0.5030203109375211,0.0,0.49697968906247886
2022-08-22,0.0,0.0,0.0,0.0,0.0,0.5030412083165452,0.0,0.49695879168345475
2022-08-23,0.0,0.0,0.0,0.0,0.0,0.5045123165208562,0.0,0.4954876834791438
2022-08-24,0.0,0.0,0.0,0.0,0.0,0.5059927869005147,0.0,0.49400721309948536
2022-08-25,0.0,0.0,0.0,0.0,0.0,0.5041949193410384,0.0,0.4958050806589616
2022-08-26,0.0,0.0,0.0,0.0,0.0,0.5026410525123145,0.0,0.49735894748768544
2022-08-29,0.0,0.0,0.0,0.0,0.0,0.5046474063322364,0.0,0.49535259366776363
2022-08-30,0.0,0.0,0.0,0.0,0.0,0.5022364897566984,0.0,0.49776351024330157
2022-08-31,0.0,0.0,0.0,0.0,0.0,0.5029375810611806,0.0,0.49706241893881936
2022-09-01,0.0,0.0,0.0,0.0,0.0,0.5,0.0,0.5
2022-09-02,0.0,0.0,0.0,0.0,0.0,0.5020069078266015,0.0,0.4979930921733985
2022-09-06,0.0,0.0,0.0,0.0,0.0,0.5039563772372947,0.0,0.4960436227627053
2022-09-07,0.0,0.0,0.0,0.0,0.0,0.5030951030172349,0.0,0.4969048969827651
2022-09-08,0.0,0.0,0.0,0.0,0.0,0.5021673432476694,0.0,0.4978326567523306
2022-09-09,0.0,0.0,0.0,0.0,0.0,0.5029074766818267,0.0,0.4970925233181733
2022-09-12,0.0,0.0,0.0,0.0,0.0,0.5047254451027945,0.0,0.4952745548972054
2022-09-13,0.0,0.0,0.0,0.0,0.0,0.503261105247732,0.0,0.496738894752268
2022-09-14,0.0,0.0,0.0,0.0,0.0,0.5011126291018383,0.0,0.4988873708981616
2022-09-15,0.0,0.0,0.0,0.0,0.0,0.49760670757497333,0.0,0.5023932924250266
2022-09-16,0.0,0.0,0.0,0.0,0.0,0.49957302839221984,0.0,0.5004269716077802
2022-09-19,0.0,0.0,0.0,0.0,0.0,0.4993456229119608,0.0,0.5006543770880393
2022-09-20,0.0,0.0,0.0,0.0,0.0,0.5004209605269464,0.0,0.4995790394730537
2022-09-21,0.0,0.0,0.0,0.0,0.0,0.5006392124442614,0.0,0.4993607875557386
2022-09-22,0.0,0.0,0.0,0.0,0.0,0.504037071189098,0.0,0.495962928810902
2022-09-23,0.0,0.0,0.0,0.0,0.0,0.500394871375563,0.0,0.49960512862443696
2022-09-26,0.0,0.0,0.0,0.0,0.0,0.5018487911880178,0.0,0.4981512088119821
2022-09-27,0.0,0.0,0.0,0.0,0.0,0.5061515136045159,0.0,0.4938484863954841
2022-09-28,0.0,0.0,0.0,0.0,0.0,0.5063171542293438,0.0,0.49368284577065624
2022-09-29,0.0,0.0,0.0,0.0,0.0,0.5081355186418297,0.0,0.4918644813581704
2022-09-30,0.0,0.0,0.0,0.0,0.0,0.508785175012551,0.0,0.4912148249874489
2022-10-03,0.0,0.0,0.0,0.0,0.0,0.5,0.0,0.5
2022-10-04,0.0,0.0,0.0,0.0,0.0,0.5024054013625984,0.0,0.4975945986374017
2022-10-05,0.0,0.0,0.0,0.0,0.0,0.502914428936206,0.0,0.49708557106379414
2022-10-06,0.0,0.0,0.0,0.0,0.0,0.5032120483761771,0.0,0.496787951623823
2022-10-07,0.0,0.0,0.0,0.0,0.0,0.502957881456392,0.0,0.4970421185436081
2022-10-10,0.0,0.0,0.0,0.0,0.0,0.5013840776693324,0.0,0.4986159223306677
2022-10-11,0.0,0.0,0.0,0.0,0.0,0.5013867707344586,0.0,0.49861322926554147
2022-10-12,0.0,0.0,0.0,0.0,0.0,0.503016871548436,0.0,0.496983128451564
2022-10-13,0.0,0.0,0.0,0.0,0.0,0.5008356209480698,0.0,0.4991643790519303
2022-10-14,0.0,0.0,0.0,0.0,0.0,0.5001056536760392,0.0,0.49989434632396074
2022-10-17,0.0,0.0,0.0,0.0,0.0,0.49963099820205353,0.0,0.5003690017979464
2022-10-18,0.0,0.0,0.0,0.0,0.0,0.4986853290971304,0.0,0.5013146709028695
2022-10-19,0.0,0.0,0.0,0.0,0.0,0.49876178461753695,0.0,0.501238215382463
2022-10-20,0.0,0.0,0.0,0.0,0.0,0.5005489628554965,0.0,0.49945103714450345
2022-10-21,0.0,0.0,0.0,0.0,0.0,0.504261793399318,0.0,0.4957382066006821
2022-10-24,0.0,0.0,0.0,0.0,0.0,0.5035752879665063,0.0,0.49642471203349375
2022-10-25,0.0,0.0,0.0,0.0,0.0,0.5008222956390977,0.0,0.4991777043609022
2022-10-26,0.0,0.0,0.0,0.0,0.0,0.5012694476659129,0.0,0.49873055233408714
2022-10-27,0.0,0.0,0.0,0.0,0.0,0.4997238566163201,0.0,0.5002761433836799
2022-10-28,0.0,0.0,0.0,0.0,0.0,0.49664235717077687,0.0,0.5033576428292231
2022-10-31,0.0,0.0,0.0,0.0,0.0,0.4959466949121094,0.0,0.5040533050878906
2022-11-01,0.0,0.0,0.0,0.0,0.0,0.5,0.0,0.5
2022-11-02,0.0,0.0,0.0,0.0,0.0,0.4994573281576769,0.0,0.5005426718423232
2022-11-03,0.0,0.0,0.0,0.0,0.0,0.49939421506407433,0.0,0.5006057849359257
2022-11-04,0.0,0.0,0.0,0.0,0.0,0.5064574762896035,0.0,0.4935425237103966
2022-11-07,0.0,0.0,0.0,0.0,0.0,0.5063813384088081,0.0,0.4936186615911919
2022-11-08,0.0,0.0,0.0,0.0,0.0,0.5110490228255289,0.0,0.48895097717447106
2022-11-09,0.0,0.0,0.0,0.0,0.0,0.5104351643485393,0.0,0.48956483565146075
2022-11-10,0.0,0.0,0.0,0.0,0.0,0.5096962895653936,0.0,0.49030371043460635
2022-11-11,0.0,0.0,0.0,0.0,0.0,0.5106718105830121,0.0,0.4893281894169879
2022-11-14,0.0,0.0,0.0,0.0,0.0,0.5124874894192442,0.0,0.48751251058075584
2022-11-15,0.0,0.0,0.0,0.0,0.0,0.5099062722316194,0.0,0.49009372776838056
2022-11-16,0.0,0.0,0.0,0.0,0.0,0.5072084999957089,0.0,0.49279150000429106
2022-11-17,0.0,0.0,0.0,0.0,0.0,0.506728126666926,0.0,0.49327187333307404
2022-11-18,0.0,0.0,0.0,0.0,0.0,0.5050226369904932,0.0,0.49497736300950673
2022-11-21,0.0,0.0,0.0,0.0,0.0,0.5039996089227174,0.0,0.49600039107728255
2022-11-22,0.0,0.0,0.0,0.0,0.0,0.5020784582583344,0.0,0.4979215417416655
2022-11-23,0.0,0.0,0.0,0.0,0.0,0.5011345069799608,0.0,0.4988654930200393
2022-11-25,0.0,0.0,0.0,0.0,0.0,0.5010937240041256,0.0,0.49890627599587445
2022-11-28,0.0,0.0,0.0,0.0,0.0,0.5009259879729187,0.0,0.49907401202708135
2022-11-29,0.0,0.0,0.0,0.0,0.0,0.5033994504611308,0.0,0.4966005495388693
2022-11-30,0.0,0.0,0.0,0.0,0.0,0.5035404188159314,0.0,0.49645958118406863
2022-12-01,0.0,0.0,0.0,0.0,0.0,0.5,0.0,0.5
2022-12-02,0.0,0.0,0.0,0.0,0.0,0.4976221622911241,0.0,0.502377837708876
2022-12-05,0.0,0.0,0.0,0.0,0.0,0.49542928035096007,0.0,0.5045707196490399
2022-12-06,0.0,0.0,0.0,0.0,0.0,0.4953533255061211,0.0,0.5046466744938789
2022-12-07,0.0,0.0,0.0,0.0,0.0,0.4948384984209801,0.0,0.50516150157902
2022-12-08,0.0,0.0,0.0,0.0,0.0,0.4958452773397762,0.0,0.5041547226602238
2022-12-09,0.0,0.0,0.0,0.0,0.0,0.49860578490373053,0.0,0.5013942150962695
2022-12-12,0.0,0.0,0.0,0.0,0.0,0.4968538768739817,0.0,0.5031461231260184
2022-12-13,0.0,0.0,0.0,0.0,0.0,0.49891301669823684,0.0,0.5010869833017632
2022-12-14,0.0,0.0,0.0,0.0,0.0,0.498076159008318,0.0,0.5019238409916821
2022-12-15,0.0,0.0,0.0,0.0,0.0,0.49374275345052876,0.0,0.5062572465494712
2022-12-16,0.0,0.0,0.0,0.0,0.0,0.49698523648698745,0.0,0.5030147635130126
2022-12-19,0.0,0.0,0.0,0.0,0.0,0.49881412371762957,0.0,0.5011858762823704
2022-12-20,0.0,0.0,0.0,0.0,0.0,0.5058867599116711,0.0,0.4941132400883289
2022-12-21,0.0,0.0,0.0,0.0,0.0,0.5037678759908143,0.0,0.49623212400918576
2022-12-22,0.0,0.0,0.0,0.0,0.0,0.5007980235796223,0.0,0.4992019764203777
2022-12-23,0.0,0.0,0.0,0.0,0.0,0.5023159031804278,0.0,0.49768409681957204
2022-12-27,0.0,0.0,0.0,0.0,0.0,0.5076575438909116,0.0,0.49234245610908844
2022-12-28,0.0,0.0,0.0,0.0,0.0,0.5073103817408083,0.0,0.4926896182591916
2022-12-29,0.0,0.0,0.0,0.0,0.0,0.5069326111605901,0.0,0.49306738883940987
2022-12-30,0.0,0.0,0.0,0.0,0.0,0.5096824827340101,0.0,0.49031751726599004
2023-01-03,0.0,0.0,0.0,0.0,0.0,0.5,0.0,0.5
2023-01-04,0.0,0.0,0.0,0.0,0.0,0.5005352606007231,0.0,0.499464739399277
2023-01-05,0.0,0.0,0.0,0.0,0.0,0.49759001698795513,0.0,0.502409983012045
2023-01-06,0.0,0.0,0.0,0.0,0.0,0.4981622862889895,0.0,0.5018377137110105
2023-01-09,0.0,0.0,0.0,0.0,0.0,0.4977349562227046,0.0,0.5022650437772955
2023-01-10,0.0,0.0,0.0,0.0,0.0,0.49950212316326265,0.0,0.5004978768367373
2023-01-11,0.0,0.0,0.0,0.0,0.0,0.4971998101268397,0.0,0.5028001898731602
2023-01-12,0.0,0.0,0.0,0.0,0.0,0.4972624445795023,0.0,0.5027375554204978
2023-01-13,0.0,0.0,0.0,0.0,0.0,0.5010583123288994,0.0,0.49894168767110053
2023-01-17,0.0,0.0,0.0,0.0,0.0,0.5003235069970878,0.0,0.49967649300291217
2023-01-18,0.0,0.0,0.0,0.0,0.0,0.496691661081267,0.0,0.503308338918733
2023-01-19,0.0,0.0,0.0,0.0,0.0,0.501144471877082,0.0,0.498855528122918
2023-01-20,0.0,0.0,0.0,0.0,0.0,0.501617412380501,0.0,0.4983825876194991
2023-01-23,0.0,0.0,0.0,0.0,0.0,0.5028157110420579,0.0,0.497184288957942
2023-01-24,0.0,0.0,0.0,0.0,0.0,0.5024067820684008,0.0,0.49759321793159905
2023-01-25,0.0,0.0,0.0,0.0,0.0,0.5034423531008083,0.0,0.4965576468991917
2023-01-26,0.0,0.0,0.0,0.0,0.0,0.5012584937405834,0.0,0.4987415062594167
2023-01-27,0.0,0.0,0.0,0.0,0.0,0.5016328751749357,0.0,0.49836712482506434
2023-01-30,0.0,0.0,0.0,0.0,0.0,0.5019424697125908,0.0,0.4980575302874093
2023-01-31,0.0,0.0,0.0,0.0,0.0,0.5010621327392192,0.0,0.49893786726078077
2023-02-01,0.0,0.0,0.0,0.0,0.0,0.5,0.0,0.5
2023-02-02,0.0,0.0,0.0,0.0,0.0,0.49439960672718053,0.0,0.5056003932728196
2023-02-03,0.0,0.0,0.0,0.0,0.0,0.49093771776082124,0.0,0.5090622822391788
2023-02-06,0.0,0.0,0.0,0.0,0.0,0.4933851444956137,0.0,0.5066148555043862
2023-02-07,0.0,0.0,0.0,0.0,0.0,0.494436876446404,0.0,0.5055631235535961
2023-02-08,0.0,0.0,0.0,0.0,0.0,0.4948024907534406,0.0,0.5051975092465594
2023-02-09,0.0,0.0,0.0,0.0,0.0,0.4949270994466569,0.0,0.5050729005533431
2023-02-10,0.0,0.0,0.0,0.0,0.0,0.49716027817555414,0.0,0.5028397218244459
2023-02-13,0.0,0.0,0.0,0.0,0.0,0.49496188827814214,0.0,0.5050381117218579
2023-02-14,0.0,0.0,0.0,0.0,0.0,0.4957750403729344,0.0,0.5042249596270656
2023-02-15,0.0,0.0,0.0,0.0,0.0,0.4942233882828076,0.0,0.5057766117171923
2023-02-16,0.0,0.0,0.0,0.0,0.0,0.496026682839516,0.0,0.5039733171604839
2023-02-17,0.0,0.0,0.0,0.0,0.0,0.49578945725718493,0.0,0.5042105427428151
2023-02-21,0.0,0.0,0.0,0.0,0.0,0.4984289672329448,0.0,0.5015710327670552
2023-02-22,0.0,0.0,0.0,0.0,0.0,0.496308582573354,0.0,0.5036914174266459
2023-02-23,0.0,0.0,0.0,0.0,0.0,0.49422292015339647,0.0,0.5057770798466035
2023-02-24,0.0,0.0,0.0,0.0,0.0,0.49430013511168736,0.0,0.5056998648883126
2023-02-27,0.0,0.0,0.0,0.0,0.0,0.49520728669105385,0.0,0.5047927133089462
2023-02-28,0.0,0.0,0.0,0.0,0.0,0.4962492054582528,0.0,0.5037507945417473
2023-03-01,0.0,0.0,0.0,0.0,0.0,0.5,0.0,0.5
2023-03-02,0.0,0.0,0.0,0.0,0.0,0.49963917558815835,0.0,0.5003608244118417
2023-03-03,0.0,0.0,0.0,0.0,0.0,0.49948777007001705,0.0,0.500512229929983
2023-03-06,0.0,0.0,0.0,0.0,0.0,0.4989073782602196,0.0,0.5010926217397804
2023-03-07,0.0,0.0,0.0,0.0,0.0,0.4952081244711946,0.0,0.5047918755288053
2023-03-08,0.0,0.0,0.0,0.0,0.0,0.49549237573944777,0.0,0.5045076242605523
2023-03-09,0.0,0.0,0.0,0.0,0.0,0.4981798370652052,0.0,0.5018201629347948
2023-03-10,0.0,0.0,0.0,0.0,0.0,0.49995393910562114,0.0,0.5000460608943789
2023-03-13,0.0,0.0,0.0,0.0,0.0,0.5054154240861304,0.0,0.4945845759138696
2023-03-14,0.0,0.0,0.0,0.0,0.0,0.5047129864333283,0.0,0.4952870135666718
2023-03-15,0.0,0.0,0.0,0.0,0.0,0.5042754436439494,0.0,0.49572455635605067
2023-03-16,0.0,0.0,0.0,0.0,0.0,0.5051519449697031,0.0,0.494848055030297
2023-03-17,0.0,0.0,0.0,0.0,0.0,0.5110731506276103,0.0,0.4889268493723898
2023-03-20,0.0,0.0,0.0,0.0,0.0,0.5119098654463747,0.0,0.48809013455362527
2023-03-21,0.0,0.0,0.0,0.0,0.0,0.5059434193132955,0.0,0.49405658068670455
2023-03-22,0.0,0.0,0.0,0.0,0.0,0.5087105744802762,0.0,0.4912894255197237
2023-03-23,0.0,0.0,0.0,0.0,0.0,0.5111134773957826,0.0,0.48888652260421744
2023-03-24,0.0,0.0,0.0,0.0,0.0,0.5075080720618685,0.0,0.49249192793813135
2023-03-27,0.0,0.0,0.0,0.0,0.0,0.508192719173446,0.0,0.4918072808265541
2023-03-28,0.0,0.0,0.0,0.0,0.0,0.5106470805264994,0.0,0.4893529194735005
2023-03-29,0.0,0.0,0.0,0.0,0.0,0.5082497384784247,0.0,0.49175026152157536
2023-03-30,0.0,0.0,0.0,0.0,0.0,0.5101533476078841,0.0,0.48984665239211594
2023-03-31,0.0,0.0,0.0,0.0,0.0,0.506602726564492,0.0,0.49339727343550804
2023-04-03,0.0,0.0,0.0,0.0,0.0,0.5,0.0,0.5
2023-04-04,0.0,0.0,0.0,0.0,0.0,0.5042991041061794,0.0,0.4957008958938206
2023-04-05,0.0,0.0,0.0,0.0,0.0,0.5032833447382956,0.0,0.49671665526170444
2023-04-06,0.0,0.0,0.0,0.0,0.0,0.5017199353787587,0.0,0.49828006462124136
2023-04-10,0.0,0.0,0.0,0.0,0.0,0.5010214581989295,0.0,0.4989785418010706
2023-04-11,0.0,0.0,0.0,0.0,0.0,0.5026648859338086,0.0,0.49733511406619135
2023-04-12,0.0,0.0,0.0,0.0,0.0,0.5044073981451788,0.0,0.49559260185482135
2023-04-13,0.0,0.0,0.0,0.0,0.0,0.5073300541683949,0.0,0.4926699458316051
2023-04-14,0.0,0.0,0.0,0.0,0.0,0.5036845610134122,0.0,0.49631543898658786
2023-04-17,0.0,0.0,0.0,0.0,0.0,0.5041505877791905,0.0,0.4958494122208094
2023-04-18,0.0,0.0,0.0,0.0,0.0,0.5042923261427039,0.0,0.49570767385729614
2023-04-19,0.0,0.0,0.0,0.0,0.0,0.5043357408193092,0.0,0.49566425918069085
2023-04-20,0.0,0.0,0.0,0.0,0.0,0.5043756546382742,0.0,0.49562434536172584
2023-04-21,0.0,0.0,0.0,0.0,0.0,0.5017308843093004,0.0,0.49826911569069954
2023-04-24,0.0,0.0,0.0,0.0,0.0,0.5013910676225476,0.0,0.4986089323774524
2023-04-25,0.0,0.0,0.0,0.0,0.0,0.5015657471879087,0.0,0.4984342528120913
2023-04-26,0.0,0.0,0.0,0.0,0.0,0.5012963692589367,0.0,0.4987036307410632
2023-04-27,0.0,0.0,0.0,0.0,0.0,0.5022249646175013,0.0,0.4977750353824987
2023-04-28,0.0,0.0,0.0,0.0,0.0,0.500351992430522,0.0,0.499648007569478
2023-05-01,0.0,0.0,0.0,0.5,0.0,0.5,0.0,0.0
2023-05-02,0.0,0.0,0.0,0.492692858974303,0.0,0.5073071410256971,0.0,0.0
2023-05-03,0.0,0.0,0.0,0.4912343122618748,0.0,0.5087656877381251,0.0,0.0
2023-05-04,0.0,0.0,0.0,0.4889686527603669,0.0,0.5110313472396332,0.0,0.0
2023-05-05,0.0,0.0,0.0,0.4965570161281106,0.0,0.5034429838718895,0.0,0.0
2023-05-08,0.0,0.0,0.0,0.4963181582795116,0.0,0.5036818417204884,0.0,0.0
2023-05-09,0.0,0.0,0.0,0.4935362041528507,0.0,0.5064637958471493,0.0,0.0
2023-05-10,0.0,0.0,0.0,0.4933835200366627,0.0,0.5066164799633374,0.0,0.0
2023-05-11,0.0,0.0,0.0,0.4949249002243668,0.0,0.5050750997756333,0.0,0.0
2023-05-12,0.0,0.0,0.0,0.4949088420040716,0.0,0.5050911579959284,0.0,0.0
2023-05-15,0.0,0.0,0.0,0.4962808159750793,0.0,0.5037191840249207,0.0,0.0
2023-05-16,0.0,0.0,0.0,0.4970394756642461,0.0,0.5029605243357539,0.0,0.0
2023-05-17,0.0,0.0,0.0,0.4990680715405743,0.0,0.5009319284594257,0.0,0.0
2023-05-18,0.0,0.0,0.0,0.5019572748030932,0.0,0.49804272519690684,0.0,0.0
2023-05-19,0.0,0.0,0.0,0.5009584779353475,0.0,0.4990415220646526,0.0,0.0
2023-05-22,0.0,0.0,0.0,0.5016123759102961,0.0,0.4983876240897039,0.0,0.0
2023-05-23,0.0,0.0,0.0,0.4976208242161138,0.0,0.5023791757838862,0.0,0.0
2023-05-24,0.0,0.0,0.0,0.4959690977220349,0.0,0.5040309022779652,0.0,0.0
2023-05-25,0.0,0.0,0.0,0.49803547958850297,0.0,0.501964520411497,0.0,0.0
2023-05-26,0.0,0.0,0.0,0.4994762764664839,0.0,0.500523723533516,0.0,0.0
2023-05-30,0.0,0.0,0.0,0.4953908249036534,0.0,0.5046091750963466,0.0,0.0
2023-05-31,0.0,0.0,0.0,0.4924028396933519,0.0,0.507597160306648,0.0,0.0
2023-06-01,0.0,0.5,0.0,0.0,0.0,0.5,0.0,0.0
2023-06-02,0.0,0.5055820135192731,0.0,0.0,0.0,0.49441798648072693,0.0,0.0
2023-06-05,0.0,0.5042577406516209,0.0,0.0,0.0,0.4957422593483791,0.0,0.0
2023-06-06,0.0,0.5039410828449219,0.0,0.0,0.0,0.49605891715507805,0.0,0.0
2023-06-07,0.0,0.5026842790301067,0.0,0.0,0.0,0.4973157209698934,0.0,0.0
2023-06-08,0.0,0.5024873053987394,0.0,0.0,0.0,0.49751269460126046,0.0,0.0
2023-06-09,0.0,0.5041131085522472,0.0,0.0,0.0,0.49588689144775283,0.0,0.0
2023-06-12,0.0,0.5085211754935395,0.0,0.0,0.0,0.4914788245064606,0.0,0.0
2023-06-13,0.0,0.5122818965969749,0.0,0.0,0.0,0.487718103403025,0.0,0.0
2023-06-14,0.0,0.5139526086945937,0.0,0.0,0.0,0.48604739130540636,0.0,0.0
2023-06-15,0.0,0.5151614262533932,0.0,0.0,0.0,0.4848385737466068,0.0,0.0
2023-06-16,0.0,0.5139693373586701,0.0,0.0,0.0,0.48603066264132994,0.0,0.0
2023-06-20,0.0,0.5162103207898057,0.0,0.0,0.0,0.4837896792101943,0.0,0.0
2023-06-21,0.0,0.5131444424479338,0.0,0.0,0.0,0.4868555575520663,0.0,0.0
2023-06-22,0.0,0.5185630847276003,0.0,0.0,0.0,0.4814369152723998,0.0,0.0
2023-06-23,0.0,0.5153876495964018,0.0,0.0,0.0,0.48461235040359824,0.0,0.0
2023-06-26,0.0,0.5115819077262489,0.0,0.0,0.0,0.488418092273751,0.0,0.0
2023-06-27,0.0,0.5169904279540102,0.0,0.0,0.0,0.4830095720459899,0.0,0.0
2023-06-28,0.0,0.5180540238906067,0.0,0.0,0.0,0.4819459761093932,0.0,0.0
2023-06-29,0.0,0.517821311247534,0.0,0.0,0.0,0.4821786887524659,0.0,0.0
2023-06-30,0.0,0.5199835064098232,0.0,0.0,0.0,0.48001649359017684,0.0,0.0
2023-07-03,0.0,0.5,0.0,0.5,0.0,0.0,0.0,0.0
2023-07-05,0.0,0.5028051481804503,0.0,0.49719485181954964,0.0,0.0,0.0,0.0
2023-07-06,0.0,0.5052606552604506,0.0,0.4947393447395494,0.0,0.0,0.0,0.0
2023-07-07,0.0,0.5025535787643491,0.0,0.49744642123565075,0.0,0.0,0.0,0.0
2023-07-10,0.0,0.5019313567276205,0.0,0.4980686432723796,0.0,0.0,0.0,0.0
2023-07-11,0.0,0.5009230829318733,0.0,0.49907691706812685,0.0,0.0,0.0,0.0
2023-07-12,0.0,0.49933168624767055,0.0,0.5006683137523293,0.0,0.0,0.0,0.0
2023-07-13,0.0,0.49957157758158033,0.0,0.5004284224184197,0.0,0.0,0.0,0.0
2023-07-14,0.0,0.5009363850669906,0.0,0.49906361493300944,0.0,0.0,0.0,0.0
2023-07-17,0.0,0.5035649691807783,0.0,0.49643503081922163,0.0,0.0,0.0,0.0
2023-07-18,0.0,0.5039803644546779,0.0,0.4960196355453222,0.0,0.0,0.0,0.0
2023-07-19,0.0,0.5040567126890699,0.0,0.49594328731093,0.0,0.0,0.0,0.0
2023-07-20,0.0,0.49950979104113685,0.0,0.5004902089588631,0.0,0.0,0.0,0.0
2023-07-21,0.0,0.49825144680762334,0.0,0.5017485531923767,0.0,0.0,0.0,0.0
2023-07-24,0.0,0.4992595021871877,0.0,0.5007404978128124,0.0,0.0,0.0,0.0
2023-07-25,0.0,0.5006773368297258,0.0,0.4993226631702742,0.0,0.0,0.0,0.0
2023-07-26,0.0,0.4991685132959078,0.0,0.5008314867040923,0.0,0.0,0.0,0.0
2023-07-27,0.0,0.49914610584347263,0.0,0.5008538941565275,0.0,0.0,0.0,0.0
2023-07-28,0.0,0.50187253030045,0.0,0.4981274696995501,0.0,0.0,0.0,0.0
2023-07-31,0.0,0.5019356949925076,0.0,0.4980643050074924,0.0,0.0,0.0,0.0
2023-08-01,0.0,0.5,0.0,0.5,0.0,0.0,0.0,0.0
2023-08-02,0.0,0.4991548503203714,0.0,0.5008451496796286,0.0,0.0,0.0,0.0
2023-08-03,0.0,0.49944768764950265,0.0,0.5005523123504974,0.0,0.0,0.0,0.0
2023-08-04,0.0,0.497580673001736,0.0,0.502419326998264,0.0,0.0,0.0,0.0
2023-08-07,0.0,0.49758397281460226,0.0,0.5024160271853977,0.0,0.0,0.0,0.0
2023-08-08,0.0,0.496965467831708,0.0,0.503034532168292,0.0,0.0,0.0,0.0
2023-08-09,0.0,0.4942710434469358,0.0,0.5057289565530642,0.0,0.0,0.0,0.0
2023-08-10,0.0,0.49366324247668125,0.0,0.5063367575233189,0.0,0.0,0.0,0.0
2023-08-11,0.0,0.49375681748675215,0.0,0.506243182513248,0.0,0.0,0.0,0.0
2023-08-14,0.0,0.4976579737909634,0.0,0.5023420262090366,0.0,0.0,0.0,0.0
2023-08-15,0.0,0.4981087438010224,0.0,0.5018912561989777,0.0,0.0,0.0,0.0
2023-08-16,0.0,0.49750036697337324,0.0,0.5024996330266268,0.0,0.0,0.0,0.0
2023-08-17,0.0,0.4965380519071129,0.0,0.503461948092887,0.0,0.0,0.0,0.0
2023-08-18,0.0,0.49622414386266533,0.0,0.5037758561373346,0.0,0.0,0.0,0.0
2023-08-21,0.0,0.49929081576331646,0.0,0.5007091842366835,0.0,0.0,0.0,0.0
2023-08-22,0.0,0.4993974104411817,0.0,0.5006025895588183,0.0,0.0,0.0,0.0
2023-08-23,0.0,0.5006079672320454,0.0,0.4993920327679547,0.0,0.0,0.0,0.0
2023-08-24,0.0,0.49865835974421213,0.0,0.5013416402557879,0.0,0.0,0.0,0.0
2023-08-25,0.0,0.49891004538866557,0.0,0.5010899546113343,0.0,0.0,0.0,0.0
2023-08-28,0.0,0.49816438006704494,0.0,0.501835619932955,0.0,0.0,0.0,0.0
2023-08-29,0.0,0.5004847219752425,0.0,0.49951527802475754,0.0,0.0,0.0,0.0
2023-08-30,0.0,0.5020142900370315,0.0,0.49798570996296854,0.0,0.0,0.0,0.0
2023-08-31,0.0,0.5037393715839968,0.0,0.4962606284160031,0.0,0.0,0.0,0.0
2023-09-01,0.0,0.5,0.0,0.5,0.0,0.0,0.0,0.0
2023-09-05,0.0,0.5024951567984818,0.0,0.4975048432015182,0.0,0.0,0.0,0.0
2023-09-06,0.0,0.5008131743708072,0.0,0.49918682562919275,0.0,0.0,0.0,0.0
2023-09-07,0.0,0.4998332958998393,0.0,0.5001667041001607,0.0,0.0,0.0,0.0
2023-09-08,0.0,0.5005373173090019,0.0,0.4994626826909982,0.0,0.0,0.0,0.0
2023-09-11,0.0,0.5008864286890928,0.0,0.4991135713109072,0.0,0.0,0.0,0.0
2023-09-12,0.0,0.4991203176481776,0.0,0.5008796823518223,0.0,0.0,0.0,0.0
2023-09-13,0.0,0.5008485411143874,0.0,0.49915145888561263,0.0,0.0,0.0,0.0
2023-09-14,0.0,0.4996132697086607,0.0,0.5003867302913393,0.0,0.0,0.0,0.0
2023-09-15,0.0,0.49585522245434155,0.0,0.5041447775456583,0.0,0.0,0.0,0.0
2023-09-18,0.0,0.4969928541445485,0.0,0.5030071458554514,0.0,0.0,0.0,0.0
2023-09-19,0.0,0.49624863347188364,0.0,0.5037513665281164,0.0,0.0,0.0,0.0
2023-09-20,0.0,0.4932179198050892,0.0,0.5067820801949108,0.0,0.0,0.0,0.0
2023-09-21,0.0,0.49278301428516863,0.0,0.5072169857148314,0.0,0.0,0.0,0.0
2023-09-22,0.0,0.49260329168723754,0.0,0.5073967083127624,0.0,0.0,0.0,0.0
2023-09-25,0.0,0.49489880499201555,0.0,0.5051011950079844,0.0,0.0,0.0,0.0
2023-09-26,0.0,0.49437058823666885,0.0,0.5056294117633311,0.0,0.0,0.0,0.0
2023-09-27,0.0,0.49542926614617777,0.0,0.5045707338538223,0.0,0.0,0.0,0.0
2023-09-28,0.0,0.49547812261728874,0.0,0.5045218773827114,0.0,0.0,0.0,0.0
2023-09-29,0.0,0.4963839247192063,0.0,0.5036160752807937,0.0,0.0,0.0,0.0
2023-10-02,0.0,0.5,0.0,0.5,0.0,0.0,0.0,0.0
2023-10-03,0.0,0.498722486955198,0.0,0.5012775130448021,0.0,0.0,0.0,0.0
2023-10-04,0.0,0.5016547686747571,0.0,0.49834523132524294,0.0,0.0,0.0,0.0
2023-10-05,0.0,0.49873109948230654,0.0,0.5012689005176936,0.0,0.0,0.0,0.0
2023-10-06,0.0,0.5001336401667295,0.0,0.4998663598332706,0.0,0.0,0.0,0.0
2023-10-09,0.0,0.5017705075526349,0.0,0.4982294924473651,0.0,0.0,0.0,0.0
2023-10-10,0.0,0.49973988301763894,0.0,0.5002601169823611,0.0,0.0,0.0,0.0
2023-10-11,0.0,0.500474323651469,0.0,0.49952567634853096,0.0,0.0,0.0,0.0
2023-10-12,0.0,0.5016946263754256,0.0,0.49830537362457433,0.0,0.0,0.0,0.0
2023-10-13,0.0,0.5008594512829796,0.0,0.49914054871702035,0.0,0.0,0.0,0.0
2023-10-16,0.0,0.501850233942232,0.0,0.498149766057768,0.0,0.0,0.0,0.0
2023-10-17,0.0,0.5008850013740622,0.0,0.4991149986259379,0.0,0.0,0.0,0.0
2023-10-18,0.0,0.5019718045767905,0.0,0.4980281954232096,0.0,0.0,0.0,0.0
2023-10-19,0.0,0.5018447966493158,0.0,0.49815520335068414,0.0,0.0,0.0,0.0
2023-10-20,0.0,0.5003304008872306,0.0,0.4996695991127695,0.0,0.0,0.0,0.0
2023-10-23,0.0,0.5008959405141813,0.0,0.4991040594858187,0.0,0.0,0.0,0.0
2023-10-24,0.0,0.5018942417230113,0.0,0.49810575827698866,0.0,0.0,0.0,0.0
2023-10-25,0.0,0.4974967364674128,0.0,0.5025032635325871,0.0,0.0,0.0,0.0
2023-10-26,0.0,0.49449458457685824,0.0,0.5055054154231418,0.0,0.0,0.0,0.0
2023-10-27,0.0,0.496450067766375,0.0,0.5035499322336249,0.0,0.0,0.0,0.0
2023-10-30,0.0,0.49608134310929997,0.0,0.5039186568907,0.0,0.0,0.0,0.0
2023-10-31,0.0,0.4963759094893473,0.0,0.5036240905106527,0.0,0.0,0.0,0.0
2023-11-01,0.0,0.5,0.0,0.0,0.0,0.5,0.0,0.0
2023-11-02,0.0,0.5036679332721986,0.0,0.0,0.0,0.4963320667278015,0.0,0.0
2023-11-03,0.0,0.5056797896591942,0.0,0.0,0.0,0.4943202103408058,0.0,0.0
2023-11-06,0.0,0.5086526898264079,0.0,0.0,0.0,0.4913473101735921,0.0,0.0
2023-11-07,0.0,0.5120417094932447,0.0,0.0,0.0,0.4879582905067554,0.0,0.0
2023-11-08,0.0,0.5147051767147003,0.0,0.0,0.0,0.4852948232852997,0.0,0.0
2023-11-09,0.0,0.5117821030180294,0.0,0.0,0.0,0.4882178969819707,0.0,0.0
2023-11-10,0.0,0.5200742277497333,0.0,0.0,0.0,0.4799257722502666,0.0,0.0
2023-11-13,0.0,0.5179076693560679,0.0,0.0,0.0,0.482092330643932,0.0,0.0
2023-11-14,0.0,0.5210075826899366,0.0,0.0,0.0,0.47899241731006337,0.0,0.0
2023-11-15,0.0,0.5218538260156839,0.0,0.0,0.0,0.4781461739843161,0.0,0.0
2023-11-16,0.0,0.519266384581885,0.0,0.0,0.0,0.48073361541811505,0.0,0.0
2023-11-17,0.0,0.5193517813679684,0.0,0.0,0.0,0.4806482186320315,0.0,0.0
2023-11-20,0.0,0.5227796990079672,0.0,0.0,0.0,0.47722030099203283,0.0,0.0
2023-11-21,0.0,0.5186452268095865,0.0,0.0,0.0,0.4813547731904135,0.0,0.0
2023-11-22,0.0,0.5207309868746942,0.0,0.0,0.0,0.4792690131253058,0.0,0.0
2023-11-24,0.0,0.519083782207848,0.0,0.0,0.0,0.48091621779215205,0.0,0.0
2023-11-27,0.0,0.517189204349211,0.0,0.0,0.0,0.482810795650789,0.0,0.0
2023-11-28,0.0,0.5145353245277713,0.0,0.0,0.0,0.4854646754722287,0.0,0.0
2023-11-29,0.0,0.5139226271096765,0.0,0.0,0.0,0.4860773728903234,0.0,0.0
2023-11-30,0.0,0.5143371649155541,0.0,0.0,0.0,0.48566283508444597,0.0,0.0
2023-12-01,0.5,0.5,0.0,0.0,0.0,0.0,0.0,0.0
2023-12-04,0.5010158641293297,0.49898413587067014,0.0,0.0,0.0,0.0,0.0,0.0
2023-12-05,0.5003397246570569,0.4996602753429431,0.0,0.0,0.0,0.0,0.0,0.0
2023-12-06,0.5007803058101432,0.49921969418985684,0.0,0.0,0.0,0.0,0.0,0.0
2023-12-07,0.4992118164341619,0.5007881835658381,0.0,0.0,0.0,0.0,0.0,0.0
2023-12-08,0.4991725936631629,0.5008274063368372,0.0,0.0,0.0,0.0,0.0,0.0
2023-12-11,0.49801665464862793,0.501983345351372,0.0,0.0,0.0,0.0,0.0,0.0
2023-12-12,0.49717268712072465,0.5028273128792753,0.0,0.0,0.0,0.0,0.0,0.0
2023-12-13,0.4974374253489356,0.5025625746510644,0.0,0.0,0.0,0.0,0.0,0.0
2023-12-14,0.49845524135537544,0.5015447586446246,0.0,0.0,0.0,0.0,0.0,0.0
2023-12-15,0.49683775641230116,0.5031622435876989,0.0,0.0,0.0,0.0,0.0,0.0
2023-12-18,0.4966703790544136,0.5033296209455864,0.0,0.0,0.0,0.0,0.0,0.0
2023-12-19,0.4969118242085378,0.5030881757914621,0.0,0.0,0.0,0.0,0.0,0.0
2023-12-20,0.49716612806955246,0.5028338719304476,0.0,0.0,0.0,0.0,0.0,0.0
2023-12-21,0.496633365689951,0.5033666343100491,0.0,0.0,0.0,0.0,0.0,0.0
2023-12-22,0.49676155477977874,0.5032384452202212,0.0,0.0,0.0,0.0,0.0,0.0
2023-12-26,0.49628919909811403,0.5037108009018859,0.0,0.0,0.0,0.0,0.0,0.0
2023-12-27,0.4962324166742062,0.5037675833257939,0.0,0.0,0.0,0.0,0.0,0.0
2023-12-28,0.4964483401324067,0.5035516598675933,0.0,0.0,0.0,0.0,0.0,0.0
2023-12-29,0.4968078492012226,0.5031921507987774,0.0,0.0,0.0,0.0,0.0,0.0
2024-01-02,0.5,0.5,0.0,0.0,0.0,0.0,0.0,0.0
2024-01-03,0.5006094632451505,0.49939053675484946,0.0,0.0,0.0,0.0,0.0,0.0
2024-01-04,0.5010928189857724,0.4989071810142276,0.0,0.0,0.0,0.0,0.0,0.0
2024-01-05,0.5011386383994032,0.49886136160059674,0.0,0.0,0.0,0.0,0.0,0.0
2024-01-08,0.4995680890796891,0.5004319109203109,0.0,0.0,0.0,0.0,0.0,0.0
2024-01-09,0.49869512367293306,0.501304876327067,0.0,0.0,0.0,0.0,0.0,0.0
2024-01-10,0.4984163184328176,0.5015836815671825,0.0,0.0,0.0,0.0,0.0,0.0
2024-01-11,0.4977865257807366,0.5022134742192634,0.0,0.0,0.0,0.0,0.0,0.0
2024-01-12,0.49783140837972334,0.5021685916202766,0.0,0.0,0.0,0.0,0.0,0.0
2024-01-16,0.4969363889493336,0.5030636110506664,0.0,0.0,0.0,0.0,0.0,0.0
2024-01-17,0.496957034548229,0.5030429654517711,0.0,0.0,0.0,0.0,0.0,0.0
2024-01-18,0.4956468423893033,0.5043531576106967,0.0,0.0,0.0,0.0,0.0,0.0
2024-01-19,0.49383510680608855,0.5061648931939114,0.0,0.0,0.0,0.0,0.0,0.0
2024-01-22,0.4940368226090462,0.5059631773909538,0.0,0.0,0.0,0.0,0.0,0.0
2024-01-23,0.4937296991946536,0.5062703008053465,0.0,0.0,0.0,0.0,0.0,0.0
2024-01-24,0.4926195429450017,0.5073804570549982,0.0,0.0,0.0,0.0,0.0,0.0
2024-01-25,0.4936703041910458,0.5063296958089541,0.0,0.0,0.0,0.0,0.0,0.0
2024-01-26,0.4948462064160326,0.5051537935839675,0.0,0.0,0.0,0.0,0.0,0.0
2024-01-29,0.4942712168917302,0.5057287831082699,0.0,0.0,0.0,0.0,0.0,0.0
2024-01-30,0.49574732138676403,0.504252678613236,0.0,0.0,0.0,0.0,0.0,0.0
2024-01-31,0.4965794126011444,0.5034205873988556,0.0,0.0,0.0,0.0,0.0,0.0
2024-02-01,0.5,0.5,0.0,0.0,0.0,0.0,0.0,0.0
2024-02-02,0.4984282983500205,0.5015717016499794,0.0,0.0,0.0,0.0,0.0,0.0
2024-02-05,0.49784287640110525,0.5021571235988949,0.0,0.0,0.0,0.0,0.0,0.0
2024-02-06,0.49906998108734274,0.5009300189126572,0.0,0.0,0.0,0.0,0.0,0.0
2024-02-07,0.49858701629328384,0.5014129837067162,0.0,0.0,0.0,0.0,0.0,0.0
2024-02-08,0.49823484193067946,0.5017651580693205,0.0,0.0,0.0,0.0,0.0,0.0
2024-02-09,0.49722679430391387,0.5027732056960862,0.0,0.0,0.0,0.0,0.0,0.0
2024-02-12,0.498097104397127,0.5019028956028732,0.0,0.0,0.0,0.0,0.0,0.0
2024-02-13,0.49855990143572393,0.5014400985642761,0.0,0.0,0.0,0.0,0.0,0.0
2024-02-14,0.4981119959831408,0.5018880040168592,0.0,0.0,0.0,0.0,0.0,0.0
2024-02-15,0.49908767725286896,0.500912322747131,0.0,0.0,0.0,0.0,0.0,0.0
2024-02-16,0.5001168494201236,0.4998831505798765,0.0,0.0,0.0,0.0,0.0,0.0
2024-02-20,0.5006308452437123,0.4993691547562876,0.0,0.0,0.0,0.0,0.0,0.0
2024-02-21,0.5018596280511097,0.49814037194889027,0.0,0.0,0.0,0.0,0.0,0.0
2024-02-22,0.49976689768732446,0.5002331023126756,0.0,0.0,0.0,0.0,0.0,0.0
2024-02-23,0.5006764769041306,0.49932352309586936,0.0,0.0,0.0,0.0,0.0,0.0
2024-02-26,0.49989089364012795,0.500109106359872,0.0,0.0,0.0,0.0,0.0,0.0
2024-02-27,0.4997542648607831,0.5002457351392169,0.0,0.0,0.0,0.0,0.0,0.0
2024-02-28,0.5007583353194663,0.4992416646805336,0.0,0.0,0.0,0.0,0.0,0.0
2024-02-29,0.49952223893824843,0.5004777610617517,0.0,0.0,0.0,0.0,0.0,0.0
2024-03-01,0.5,0.5,0.0,0.0,0.0,0.0,0.0,0.0
2024-03-04,0.5006253806563417,0.49937461934365834,0.0,0.0,0.0,0.0,0.0,0.0
2024-03-05,0.5026424459656145,0.49735755403438564,0.0,0.0,0.0,0.0,0.0,0.0
2024-03-06,0.5023399923756846,0.49766000762431545,0.0,0.0,0.0,0.0,0.0,0.0
2024-03-07,0.5010434318923501,0.4989565681076498,0.0,0.0,0.0,0.0,0.0,0.0
2024-03-08,0.5031732837056908,0.49682671629430913,0.0,0.0,0.0,0.0,0.0,0.0
2024-03-11,0.5038880870681611,0.4961119129318389,0.0,0.0,0.0,0.0,0.0,0.0
2024-03-12,0.5030048010272333,0.49699519897276656,0.0,0.0,0.0,0.0,0.0,0.0
2024-03-13,0.5045415115494533,0.4954584884505468,0.0,0.0,0.0,0.0,0.0,0.0
2024-03-14,0.5046779361338356,0.4953220638661644,0.0,0.0,0.0,0.0,0.0,0.0
2024-03-15,0.505944715083903,0.49405528491609707,0.0,0.0,0.0,0.0,0.0,0.0
2024-03-18,0.505053132350801,0.49494686764919915,0.0,0.0,0.0,0.0,0.0,0.0
2024-03-19,0.5058163872741104,0.4941836127258897,0.0,0.0,0.0,0.0,0.0,0.0
2024-03-20,0.505171469221521,0.49482853077847905,0.0,0.0,0.0,0.0,0.0,0.0
2024-03-21,0.50481603586966,0.4951839641303399,0.0,0.0,0.0,0.0,0.0,0.0
2024-03-22,0.5040558889369936,0.49594411106300634,0.0,0.0,0.0,0.0,0.0,0.0
2024-03-25,0.5042731394821011,0.4957268605178988,0.0,0.0,0.0,0.0,0.0,0.0
2024-03-26,0.5046217049576031,0.4953782950423969,0.0,0.0,0.0,0.0,0.0,0.0
2024-03-27,0.5058636438434474,0.4941363561565527,0.0,0.0,0.0,0.0,0.0,0.0
2024-03-28,0.5062770968929534,0.49372290310704675,0.0,0.0,0.0,0.0,0.0,0.0
2024-04-01,0.5,0.5,0.0,0.0,0.0,0.0,0.0,0.0
2024-04-02,0.5005723517892126,0.49942764821078744,0.0,0.0,0.0,0.0,0.0,0.0
2024-04-03,0.500286350752412,0.49971364924758793,0.0,0.0,0.0,0.0,0.0,0.0
2024-04-04,0.5010682924824955,0.49893170751750465,0.0,0.0,0.0,0.0,0.0,0.0
2024-04-05,0.5007376589401589,0.4992623410598412,0.0,0.0,0.0,0.0,0.0,0.0
2024-04-08,0.5008037107469785,0.49919628925302156,0.0,0.0,0.0,0.0,0.0,0.0
2024-04-09,0.5001695668091792,0.49983043319082066,0.0,0.0,0.0,0.0,0.0,0.0
2024-04-10,0.49984532164265105,0.500154678357349,0.0,0.0,0.0,0.0,0.0,0.0
2024-04-11,0.4977645427885087,0.5022354572114912,0.0,0.0,0.0,0.0,0.0,0.0
2024-04-12,0.49830725836571416,0.5016927416342859,0.0,0.0,0.0,0.0,0.0,0.0
2024-04-15,0.4993024038884369,0.5006975961115631,0.0,0.0,0.0,0.0,0.0,0.0
2024-04-16,0.49882284648934044,0.5011771535106597,0.0,0.0,0.0,0.0,0.0,0.0
2024-04-17,0.5004079631452549,0.499592036854745,0.0,0.0,0.0,0.0,0.0,0.0
2024-04-18,0.5013236929521754,0.4986763070478247,0.0,0.0,0.0,0.0,0.0,0.0
2024-04-19,0.5043584343979172,0.49564156560208283,0.0,0.0,0.0,0.0,0.0,0.0
2024-04-22,0.5041486506485559,0.49585134935144415,0.0,0.0,0.0,0.0,0.0,0.0
2024-04-23,0.5033946940848621,0.4966053059151377,0.0,0.0,0.0,0.0,0.0,0.0
2024-04-24,0.5024305042140285,0.4975694957859714,0.0,0.0,0.0,0.0,0.0,0.0
2024-04-25,0.5026894213101153,0.49731057868988476,0.0,0.0,0.0,0.0,0.0,0.0
2024-04-26,0.5012182798646091,0.4987817201353909,0.0,0.0,0.0,0.0,0.0,0.0
2024-04-29,0.5010891018218809,0.4989108981781189,0.0,0.0,0.0,0.0,0.0,0.0
2024-04-30,0.5018560702309817,0.4981439297690182,0.0,0.0,0.0,0.0,0.0,0.0
2024-05-01,0.5,0.5,0.0,0.0,0.0,0.0,0.0,0.0
2024-05-02,0.49915683622630874,0.5008431637736911,0.0,0.0,0.0,0.0,0.0,0.0
2024-05-03,0.4972618565543352,0.5027381434456648,0.0,0.0,0.0,0.0,0.0,0.0
2024-05-06,0.4971068559403972,0.5028931440596027,0.0,0.0,0.0,0.0,0.0,0.0
2024-05-07,0.49734283176303246,0.5026571682369675,0.0,0.0,0.0,0.0,0.0,0.0
2024-05-08,0.49751465977654435,0.5024853402234556,0.0,0.0,0.0,0.0,0.0,0.0
2024-05-09,0.49840616689239126,0.5015938331076087,0.0,0.0,0.0,0.0,0.0,0.0
2024-05-10,0.49813917924851836,0.5018608207514816,0.0,0.0,0.0,0.0,0.0,0.0
2024-05-13,0.4975965822786653,0.5024034177213346,0.0,0.0,0.0,0.0,0.0,0.0
2024-05-14,0.4971381155907866,0.5028618844092133,0.0,0.0,0.0,0.0,0.0,0.0
2024-05-15,0.49633752065221426,0.5036624793477857,0.0,0.0,0.0,0.0,0.0,0.0
2024-05-16,0.4963309576940614,0.5036690423059387,0.0,0.0,0.0,0.0,0.0,0.0
2024-05-17,0.49681171398539575,0.5031882860146042,0.0,0.0,0.0,0.0,0.0,0.0
2024-05-20,0.4953626222230366,0.5046373777769634,0.0,0.0,0.0,0.0,0.0,0.0
2024-05-21,0.4954863472339003,0.5045136527660996,0.0,0.0,0.0,0.0,0.0,0.0
2024-05-22,0.4948149440611044,0.5051850559388956,0.0,0.0,0.0,0.0,0.0,0.0
2024-05-23,0.49410933983168975,0.5058906601683102,0.0,0.0,0.0,0.0,0.0,0.0
2024-05-24,0.4934052001515585,0.5065947998484416,0.0,0.0,0.0,0.0,0.0,0.0
2024-05-28,0.4926373645596298,0.5073626354403701,0.0,0.0,0.0,0.0,0.0,0.0
2024-05-29,0.4926488688843001,0.5073511311156998,0.0,0.0,0.0,0.0,0.0,0.0
2024-05-30,0.49367755998556334,0.5063224400144365,0.0,0.0,0.0,0.0,0.0,0.0
2024-05-31,0.4964094433614342,0.5035905566385657,0.0,0.0,0.0,0.0,0.0,0.0
2024-06-03,0.5,0.5,0.0,0.0,0.0,0.0,0.0,0.0
2024-06-04,0.49959613014856064,0.5004038698514393,0.0,0.0,0.0,0.0,0.0,0.0
2024-06-05,0.4975600924618782,0.5024399075381217,0.0,0.0,0.0,0.0,0.0,0.0
2024-06-06,0.4976416886730836,0.5023583113269164,0.0,0.0,0.0,0.0,0.0,0.0
2024-06-07,0.4975588906457331,0.5024411093542669,0.0,0.0,0.0,0.0,0.0,0.0
2024-06-10,0.49732240690937335,0.5026775930906267,0.0,0.0,0.0,0.0,0.0,0.0
2024-06-11,0.4962139744059601,0.5037860255940397,0.0,0.0,0.0,0.0,0.0,0.0
2024-06-12,0.49500579832752745,0.5049942016724727,0.0,0.0,0.0,0.0,0.0,0.0
2024-06-13,0.49415735614486644,0.5058426438551336,0.0,0.0,0.0,0.0,0.0,0.0
2024-06-14,0.49301762022044954,0.5069823797795506,0.0,0.0,0.0,0.0,0.0,0.0
2024-06-17,0.4919559180256718,0.5080440819743283,0.0,0.0,0.0,0.0,0.0,0.0
2024-06-18,0.4925128358898998,0.5074871641101002,0.0,0.0,0.0,0.0,0.0,0.0
2024-06-20,0.4937669614139724,0.5062330385860275,0.0,0.0,0.0,0.0,0.0,0.0
2024-06-21,0.4941022525295039,0.5058977474704962,0.0,0.0,0.0,0.0,0.0,0.0
2024-06-24,0.4961505690009812,0.5038494309990187,0.0,0.0,0.0,0.0,0.0,0.0
2024-06-25,0.494268913615332,0.5057310863846681,0.0,0.0,0.0,0.0,0.0,0.0
2024-06-26,0.4940650127559571,0.5059349872440428,0.0,0.0,0.0,0.0,0.0,0.0
2024-06-27,0.4938143652225068,0.5061856347774931,0.0,0.0,0.0,0.0,0.0,0.0
2024-06-28,0.4941297128611452,0.5058702871388547,0.0,0.0,0.0,0.0,0.0,0.0
2024-07-01,0.5,0.5,0.0,0.0,0.0,0.0,0.0,0.0
2024-07-02,0.4990654973245682,0.5009345026754317,0.0,0.0,0.0,0.0,0.0,0.0
2024-07-03,0.49810317334354826,0.5018968266564517,0.0,0.0,0.0,0.0,0.0,0.0
2024-07-05,0.49694741341937254,0.5030525865806276,0.0,0.0,0.0,0.0,0.0,0.0
2024-07-08,0.4966418639094148,0.5033581360905853,0.0,0.0,0.0,0.0,0.0,0.0
2024-07-09,0.49666886276563266,0.5033311372343673,0.0,0.0,0.0,0.0,0.0,0.0
2024-07-10,0.49653734285513307,0.5034626571448669,0.0,0.0,0.0,0.0,0.0,0.0
2024-07-11,0.49991590257807955,0.5000840974219205,0.0,0.0,0.0,0.0,0.0,0.0
2024-07-12,0.5000233838134596,0.4999766161865404,0.0,0.0,0.0,0.0,0.0,0.0
2024-07-15,0.5000389261325394,0.4999610738674606,0.0,0.0,0.0,0.0,0.0,0.0
2024-07-16,0.5014213002169936,0.4985786997830064,0.0,0.0,0.0,0.0,0.0,0.0
2024-07-17,0.5053396586272066,0.49466034137279347,0.0,0.0,0.0,0.0,0.0,0.0
2024-07-18,0.5045970389329085,0.4954029610670915,0.0,0.0,0.0,0.0,0.0,0.0
2024-07-19,0.5051570338650239,0.4948429661349761,0.0,0.0,0.0,0.0,0.0,0.0
2024-07-22,0.5040244801951893,0.49597551980481075,0.0,0.0,0.0,0.0,0.0,0.0
2024-07-23,0.5045146845533299,0.49548531544667,0.0,0.0,0.0,0.0,0.0,0.0
2024-07-24,0.5079156717104809,0.49208432828951904,0.0,0.0,0.0,0.0,0.0,0.0
2024-07-25,0.5093815453177141,0.49061845468228604,0.0,0.0,0.0,0.0,0.0,0.0
2024-07-26,0.5096148203723976,0.49038517962760253,0.0,0.0,0.0,0.0,0.0,0.0
2024-07-29,0.5092602521889484,0.49073974781105145,0.0,0.0,0.0,0.0,0.0,0.0
2024-07-30,0.511446094731748,0.4885539052682521,0.0,0.0,0.0,0.0,0.0,0.0
2024-07-31,0.5081871992751805,0.4918128007248195,0.0,0.0,0.0,0.0,0.0,0.0
2024-08-01,0.5,0.0,0.0,0.0,0.0,0.5,0.0,0.0
2024-08-02,0.49577821921272563,0.0,0.0,0.0,0.0,0.5042217807872743,0.0,0.0
2024-08-05,0.4915831450657247,0.0,0.0,0.0,0.0,0.5084168549342754,0.0,0.0
2024-08-06,0.49588501052760053,0.0,0.0,0.0,0.0,0.5041149894723994,0.0,0.0
2024-08-07,0.49437845745130615,0.0,0.0,0.0,0.0,0.5056215425486937,0.0,0.0
2024-08-08,0.49620031302247475,0.0,0.0,0.0,0.0,0.5037996869775252,0.0,0.0
2024-08-09,0.49668727698694776,0.0,0.0,0.0,0.0,0.5033127230130522,0.0,0.0
2024-08-12,0.4925691686946264,0.0,0.0,0.0,0.0,0.5074308313053736,0.0,0.0
2024-08-13,0.49703002222459447,0.0,0.0,0.0,0.0,0.5029699777754055,0.0,0.0
2024-08-14,0.49986473277902344,0.0,0.0,0.0,0.0,0.5001352672209766,0.0,0.0
2024-08-15,0.5033299475841557,0.0,0.0,0.0,0.0,0.4966700524158441,0.0,0.0
2024-08-16,0.49835467538131367,0.0,0.0,0.0,0.0,0.5016453246186864,0.0,0.0
2024-08-19,0.5011435707440647,0.0,0.0,0.0,0.0,0.4988564292559353,0.0,0.0
2024-08-20,0.49982085095054424,0.0,0.0,0.0,0.0,0.5001791490494558,0.0,0.0
2024-08-21,0.5010121219297745,0.0,0.0,0.0,0.0,0.4989878780702255,0.0,0.0
2024-08-22,0.5020540526540901,0.0,0.0,0.0,0.0,0.49794594734590997,0.0,0.0
2024-08-23,0.5018245997876507,0.0,0.0,0.0,0.0,0.4981754002123493,0.0,0.0
2024-08-26,0.5004318750651473,0.0,0.0,0.0,0.0,0.49956812493485264,0.0,0.0
2024-08-27,0.5000991683303775,0.0,0.0,0.0,0.0,0.49990083166962246,0.0,0.0
2024-08-28,0.5004064967852038,0.0,0.0,0.0,0.0,0.49959350321479623,0.0,0.0
2024-08-29,0.4991377793836344,0.0,0.0,0.0,0.0,0.5008622206163655,0.0,0.0
2024-08-30,0.5033007905827096,0.0,0.0,0.0,0.0,0.4966992094172904,0.0,0.0
2024-09-03,0.5,0.0,0.0,0.0,0.0,0.5,0.0,0.0
2024-09-04,0.499335810059836,0.0,0.0,0.0,0.0,0.5006641899401639,0.0,0.0
2024-09-05,0.4966526524957069,0.0,0.0,0.0,0.0,0.5033473475042931,0.0,0.0
2024-09-06,0.49426707167888456,0.0,0.0,0.0,0.0,0.5057329283211155,0.0,0.0
2024-09-09,0.4960010897989746,0.0,0.0,0.0,0.0,0.5039989102010253,0.0,0.0
2024-09-10,0.4959890794828534,0.0,0.0,0.0,0.0,0.5040109205171466,0.0,0.0
2024-09-11,0.4989386024777583,0.0,0.0,0.0,0.0,0.5010613975222417,0.0,0.0
2024-09-12,0.49668195242790575,0.0,0.0,0.0,0.0,0.5033180475720942,0.0,0.0
2024-09-13,0.49551064529293154,0.0,0.0,0.0,0.0,0.5044893547070685,0.0,0.0
2024-09-16,0.49590056689697903,0.0,0.0,0.0,0.0,0.504099433103021,0.0,0.0
2024-09-17,0.4973891748723284,0.0,0.0,0.0,0.0,0.5026108251276715,0.0,0.0
2024-09-18,0.49858164946503425,0.0,0.0,0.0,0.0,0.5014183505349656,0.0,0.0
2024-09-19,0.49895646543538713,0.0,0.0,0.0,0.0,0.5010435345646129,0.0,0.0
2024-09-20,0.49536642890610233,0.0,0.0,0.0,0.0,0.5046335710938977,0.0,0.0
2024-09-23,0.49550574540308023,0.0,0.0,0.0,0.0,0.5044942545969198,0.0,0.0
2024-09-24,0.49275234884334135,0.0,0.0,0.0,0.0,0.5072476511566587,0.0,0.0
2024-09-25,0.49254604149464554,0.0,0.0,0.0,0.0,0.5074539585053545,0.0,0.0
2024-09-26,0.4922668181968533,0.0,0.0,0.0,0.0,0.5077331818031466,0.0,0.0
2024-09-27,0.49389556798159545,0.0,0.0,0.0,0.0,0.5061044320184046,0.0,0.0
2024-09-30,0.4969029615961045,0.0,0.0,0.0,0.0,0.5030970384038955,0.0,0.0
2024-10-01,0.5,0.0,0.0,0.0,0.0,0.5,0.0,0.0
2024-10-02,0.5000546743837185,0.0,0.0,0.0,0.0,0.49994532561628136,0.0,0.0
2024-10-03,0.49977020822144724,0.0,0.0,0.0,0.0,0.5002297917785528,0.0,0.0
2024-10-04,0.5025313214859497,0.0,0.0,0.0,0.0,0.49746867851405047,0.0,0.0
2024-10-07,0.501109293324553,0.0,0.0,0.0,0.0,0.49889070667544694,0.0,0.0
2024-10-08,0.50531222307345,0.0,0.0,0.0,0.0,0.49468777692654997,0.0,0.0
2024-10-09,0.5084025203188378,0.0,0.0,0.0,0.0,0.49159747968116213,0.0,0.0
2024-10-10,0.5061361443863008,0.0,0.0,0.0,0.0,0.4938638556136993,0.0,0.0
2024-10-11,0.5049152406056718,0.0,0.0,0.0,0.0,0.49508475939432806,0.0,0.0
2024-10-14,0.5073588871015078,0.0,0.0,0.0,0.0,0.49264111289849216,0.0,0.0
2024-10-15,0.5045436765644473,0.0,0.0,0.0,0.0,0.4954563234355527,0.0,0.0
2024-10-16,0.5043806049379018,0.0,0.0,0.0,0.0,0.49561939506209807,0.0,0.0
2024-10-17,0.50290959790381,0.0,0.0,0.0,0.0,0.49709040209619,0.0,0.0
2024-10-18,0.5012288707008432,0.0,0.0,0.0,0.0,0.49877112929915673,0.0,0.0
2024-10-21,0.5008677152998803,0.0,0.0,0.0,0.0,0.4991322847001197,0.0,0.0
2024-10-22,0.49805255166687956,0.0,0.0,0.0,0.0,0.5019474483331205,0.0,0.0
2024-10-23,0.49878861473987685,0.0,0.0,0.0,0.0,0.5012113852601231,0.0,0.0
2024-10-24,0.4974127631837097,0.0,0.0,0.0,0.0,0.5025872368162903,0.0,0.0
2024-10-25,0.49681275568115296,0.0,0.0,0.0,0.0,0.503187244318847,0.0,0.0
2024-10-28,0.497574511563932,0.0,0.0,0.0,0.0,0.5024254884360679,0.0,0.0
2024-10-29,0.49526990061488385,0.0,0.0,0.0,0.0,0.504730099385116,0.0,0.0
2024-10-30,0.49314001748938635,0.0,0.0,0.0,0.0,0.5068599825106136,0.0,0.0
2024-10-31,0.49209494280537414,0.0,0.0,0.0,0.0,0.5079050571946259,0.0,0.0
2024-11-01,0.5,0.0,0.0,0.0,0.0,0.5,0.0,0.0
2024-11-04,0.4991046700339035,0.0,0.0,0.0,0.0,0.5008953299660964,0.0,0.0
2024-11-05,0.5015465368496058,0.0,0.0,0.0,0.0,0.4984534631503942,0.0,0.0
2024-11-06,0.5153965426811365,0.0,0.0,0.0,0.0,0.48460345731886345,0.0,0.0
2024-11-07,0.5133366598314767,0.0,0.0,0.0,0.0,0.48666334016852336,0.0,0.0
2024-11-08,0.516112932198264,0.0,0.0,0.0,0.0,0.4838870678017358,0.0,0.0
2024-11-11,0.522279673755142,0.0,0.0,0.0,0.0,0.47772032624485794,0.0,0.0
2024-11-12,0.5236662053103498,0.0,0.0,0.0,0.0,0.47633379468965026,0.0,0.0
2024-11-13,0.5263140646955913,0.0,0.0,0.0,0.0,0.47368593530440883,0.0,0.0
2024-11-14,0.525357056427739,0.0,0.0,0.0,0.0,0.47464294357226094,0.0,0.0
2024-11-15,0.5225840115442314,0.0,0.0,0.0,0.0,0.4774159884557686,0.0,0.0
2024-11-18,0.5189022416543634,0.0,0.0,0.0,0.0,0.4810977583456366,0.0,0.0
2024-11-19,0.5175863286797974,0.0,0.0,0.0,0.0,0.4824136713202026,0.0,0.0
2024-11-20,0.5162684717432922,0.0,0.0,0.0,0.0,0.4837315282567078,0.0,0.0
2024-11-21,0.515531435826278,0.0,0.0,0.0,0.0,0.48446856417372197,0.0,0.0
2024-11-22,0.5131046338101078,0.0,0.0,0.0,0.0,0.48689536618989226,0.0,0.0
2024-11-25,0.5214165468068548,0.0,0.0,0.0,0.0,0.4785834531931451,0.0,0.0
2024-11-26,0.5222328050164129,0.0,0.0,0.0,0.0,0.4777671949835871,0.0,0.0
2024-11-27,0.5209215083843984,0.0,0.0,0.0,0.0,0.4790784916156015,0.0,0.0
2024-11-29,0.5203239197294228,0.0,0.0,0.0,0.0,0.47967608027057723,0.0,0.0
2024-12-02,0.5,0.0,0.5,0.0,0.0,0.0,0.0,0.0
2024-12-03,0.501900974109968,0.0,0.498099025890032,0.0,0.0,0.0,0.0,0.0
2024-12-04,0.5025544432786718,0.0,0.4974455567213283,0.0,0.0,0.0,0.0,0.0
2024-12-05,0.505075897763012,0.0,0.49492410223698813,0.0,0.0,0.0,0.0,0.0
2024-12-06,0.504658521404579,0.0,0.49534147859542094,0.0,0.0,0.0,0.0,0.0
2024-12-09,0.5046265136341791,0.0,0.49537348636582074,0.0,0.0,0.0,0.0,0.0
2024-12-10,0.5049335069903064,0.0,0.49506649300969374,0.0,0.0,0.0,0.0,0.0
2024-12-11,0.5057310353928596,0.0,0.49426896460714037,0.0,0.0,0.0,0.0,0.0
2024-12-12,0.5077094053647749,0.0,0.4922905946352252,0.0,0.0,0.0,0.0,0.0
2024-12-13,0.5093802945608238,0.0,0.4906197054391762,0.0,0.0,0.0,0.0,0.0
2024-12-16,0.5089804229696528,0.0,0.49101957703034715,0.0,0.0,0.0,0.0,0.0
2024-12-17,0.5108261585909168,0.0,0.4891738414090831,0.0,0.0,0.0,0.0,0.0
2024-12-18,0.514580162812418,0.0,0.48541983718758197,0.0,0.0,0.0,0.0,0.0
2024-12-19,0.5156142644307993,0.0,0.4843857355692008,0.0,0.0,0.0,0.0,0.0
2024-12-20,0.5162669816764653,0.0,0.48373301832353466,0.0,0.0,0.0,0.0,0.0
2024-12-23,0.5183323167440586,0.0,0.48166768325594156,0.0,0.0,0.0,0.0,0.0
2024-12-24,0.5188692698279409,0.0,0.48113073017205915,0.0,0.0,0.0,0.0,0.0
2024-12-26,0.5163393247859209,0.0,0.483660675214079,0.0,0.0,0.0,0.0,0.0
2024-12-27,0.51736393418906,0.0,0.48263606581094,0.0,0.0,0.0,0.0,0.0
2024-12-30,0.5164254532645796,0.0,0.48357454673542044,0.0,0.0,0.0,0.0,0.0
2024-12-31,0.5151984836391152,0.0,0.48480151636088464,0.0,0.0,0.0,0.0,0.0
2025-01-02,0.5,0.0,0.0,0.0,0.0,0.5,0.0,0.0
2025-01-03,0.5050800948247459,0.0,0.0,0.0,0.0,0.494919905175254,0.0,0.0
2025-01-06,0.5068240829725236,0.0,0.0,0.0,0.0,0.49317591702747643,0.0,0.0
2025-01-07,0.5025779578193272,0.0,0.0,0.0,0.0,0.4974220421806728,0.0,0.0
2025-01-08,0.501617568868023,0.0,0.0,0.0,0.0,0.4983824311319771,0.0,0.0
2025-01-10,0.495393178669146,0.0,0.0,0.0,0.0,0.504606821330854,0.0,0.0
2025-01-13,0.49828064706708863,0.0,0.0,0.0,0.0,0.5017193529329115,0.0,0.0
2025-01-14,0.49731546508440744,0.0,0.0,0.0,0.0,0.5026845349155927,0.0,0.0
2025-01-15,0.4999568240925698,0.0,0.0,0.0,0.0,0.5000431759074301,0.0,0.0
2025-01-16,0.497753789433669,0.0,0.0,0.0,0.0,0.5022462105663311,0.0,0.0
2025-01-17,0.5015816313342347,0.0,0.0,0.0,0.0,0.4984183686657653,0.0,0.0
2025-01-21,0.5000179148031655,0.0,0.0,0.0,0.0,0.4999820851968345,0.0,0.0
2025-01-22,0.500138768825842,0.0,0.0,0.0,0.0,0.49986123117415815,0.0,0.0
2025-01-23,0.5018535342366641,0.0,0.0,0.0,0.0,0.4981464657633358,0.0,0.0
2025-01-24,0.4995727708452584,0.0,0.0,0.0,0.0,0.5004272291547417,0.0,0.0
2025-01-27,0.4986259842411795,0.0,0.0,0.0,0.0,0.5013740157588206,0.0,0.0
2025-01-28,0.49861010848374293,0.0,0.0,0.0,0.0,0.5013898915162571,0.0,0.0
2025-01-29,0.49844882159155146,0.0,0.0,0.0,0.0,0.5015511784084485,0.0,0.0
2025-01-30,0.4960290870782193,0.0,0.0,0.0,0.0,0.5039709129217805,0.0,0.0
2025-01-31,0.4942016340680099,0.0,0.0,0.0,0.0,0.50579836593199,0.0,0.0
2025-02-03,0.5,0.0,0.0,0.0,0.0,0.5,0.0,0.0
2025-02-04,0.49922140746415977,0.0,0.0,0.0,0.0,0.5007785925358402,0.0,0.0
2025-02-05,0.498685415494322,0.0,0.0,0.0,0.0,0.501314584505678,0.0,0.0
2025-02-06,0.500216225810986,0.0,0.0,0.0,0.0,0.49978377418901393,0.0,0.0
2025-02-07,0.49747167720310065,0.0,0.0,0.0,0.0,0.5025283227968993,0.0,0.0
2025-02-10,0.4949648424009688,0.0,0.0,0.0,0.0,0.5050351575990313,0.0,0.0
2025-02-11,0.4960693709660614,0.0,0.0,0.0,0.0,0.5039306290339386,0.0,0.0
2025-02-12,0.49500108701583934,0.0,0.0,0.0,0.0,0.5049989129841606,0.0,0.0
2025-02-13,0.49517306367216624,0.0,0.0,0.0,0.0,0.5048269363278339,0.0,0.0
2025-02-14,0.4989064571144645,0.0,0.0,0.0,0.0,0.5010935428855354,0.0,0.0
2025-02-18,0.4955331412180705,0.0,0.0,0.0,0.0,0.5044668587819294,0.0,0.0
2025-02-19,0.49598267224377374,0.0,0.0,0.0,0.0,0.5040173277562262,0.0,0.0
2025-02-20,0.494811347756823,0.0,0.0,0.0,0.0,0.505188652243177,0.0,0.0
2025-02-21,0.49072990812500406,0.0,0.0,0.0,0.0,0.509270091874996,0.0,0.0
2025-02-24,0.4882370742627438,0.0,0.0,0.0,0.0,0.5117629257372561,0.0,0.0
2025-02-25,0.4903087768169746,0.0,0.0,0.0,0.0,0.5096912231830255,0.0,0.0
2025-02-26,0.4900537756701313,0.0,0.0,0.0,0.0,0.5099462243298687,0.0,0.0
2025-02-27,0.48987045766326304,0.0,0.0,0.0,0.0,0.5101295423367369,0.0,0.0
2025-02-28,0.49531184404064527,0.0,0.0,0.0,0.0,0.5046881559593548,0.0,0.0
2025-03-03,0.5,0.0,0.0,0.0,0.0,0.5,0.0,0.0
2025-03-04,0.49485825724601734,0.0,0.0,0.0,0.0,0.5051417427539826,0.0,0.0
2025-03-05,0.49701101174632634,0.0,0.0,0.0,0.0,0.5029889882536738,0.0,0.0
2025-03-06,0.49380715730027613,0.0,0.0,0.0,0.0,0.506192842699724,0.0,0.0
2025-03-07,0.49507385655535086,0.0,0.0,0.0,0.0,0.5049261434446491,0.0,0.0
2025-03-10,0.4905242873138142,0.0,0.0,0.0,0.0,0.5094757126861857,0.0,0.0
2025-03-11,0.4855254643890084,0.0,0.0,0.0,0.0,0.5144745356109915,0.0,0.0
2025-03-12,0.48576403066951396,0.0,0.0,0.0,0.0,0.5142359693304861,0.0,0.0
2025-03-13,0.47801927164397096,0.0,0.0,0.0,0.0,0.5219807283560289,0.0,0.0
2025-03-14,0.48302305552389563,0.0,0.0,0.0,0.0,0.5169769444761043,0.0,0.0
2025-03-17,0.4835930751504255,0.0,0.0,0.0,0.0,0.5164069248495745,0.0,0.0
2025-03-18,0.47798351738942546,0.0,0.0,0.0,0.0,0.5220164826105747,0.0,0.0
2025-03-19,0.47966368692900413,0.0,0.0,0.0,0.0,0.5203363130709958,0.0,0.0
2025-03-20,0.47926073548360065,0.0,0.0,0.0,0.0,0.5207392645163993,0.0,0.0
2025-03-21,0.48136056189100257,0.0,0.0,0.0,0.0,0.5186394381089974,0.0,0.0
2025-03-24,0.48690804677017857,0.0,0.0,0.0,0.0,0.5130919532298215,0.0,0.0
2025-03-25,0.4864109364256102,0.0,0.0,0.0,0.0,0.5135890635743898,0.0,0.0
2025-03-26,0.48361752199567165,0.0,0.0,0.0,0.0,0.5163824780043283,0.0,0.0
2025-03-27,0.4796289416690728,0.0,0.0,0.0,0.0,0.5203710583309273,0.0,0.0
2025-03-28,0.4727126621171006,0.0,0.0,0.0,0.0,0.5272873378828994,0.0,0.0
2025-03-31,0.47082603596050965,0.0,0.0,0.0,0.0,0.5291739640394904,0.0,0.0
2025-04-01,0.0,0.0,0.0,0.0,0.0,0.5,0.0,0.5
2025-04-02,0.0,0.0,0.0,0.0,0.0,0.4999378807621079,0.0,0.5000621192378921
2025-04-03,0.0,0.0,0.0,0.0,0.0,0.49844667347404403,0.0,0.501553326525956
2025-04-04,0.0,0.0,0.0,0.0,0.0,0.49280527795112183,0.0,0.5071947220488782
2025-04-07,0.0,0.0,0.0,0.0,0.0,0.4922957092289526,0.0,0.5077042907710475
2025-04-08,0.0,0.0,0.0,0.0,0.0,0.49683687448915903,0.0,0.503163125510841
2025-04-09,0.0,0.0,0.0,0.0,0.0,0.5017740519582842,0.0,0.4982259480417157
2025-04-10,0.0,0.0,0.0,0.0,0.0,0.5120902864184025,0.0,0.48790971358159746
2025-04-11,0.0,0.0,0.0,0.0,0.0,0.5168605093621551,0.0,0.4831394906378449
2025-04-14,0.0,0.0,0.0,0.0,0.0,0.5138932608876878,0.0,0.4861067391123121
2025-04-15,0.0,0.0,0.0,0.0,0.0,0.5138557476228457,0.0,0.4861442523771543
2025-04-16,0.0,0.0,0.0,0.0,0.0,0.5207982855569094,0.0,0.4792017144430906
2025-04-17,0.0,0.0,0.0,0.0,0.0,0.5200504680688014,0.0,0.4799495319311986
2025-04-21,0.0,0.0,0.0,0.0,0.0,0.5303483759977441,0.0,0.469651624002256
2025-04-22,0.0,0.0,0.0,0.0,0.0,0.5261726657306639,0.0,0.47382733426933604
2025-04-23,0.0,0.0,0.0,0.0,0.0,0.5190122856018125,0.0,0.48098771439818744
2025-04-24,0.0,0.0,0.0,0.0,0.0,0.520073746112311,0.0,0.4799262538876889
2025-04-25,0.0,0.0,0.0,0.0,0.0,0.5160307717041476,0.0,0.48396922829585254
2025-04-28,0.0,0.0,0.0,0.0,0.0,0.5189844581151475,0.0,0.4810155418848526
2025-04-29,0.0,0.0,0.0,0.0,0.0,0.5159647031375402,0.0,0.48403529686245983
2025-04-30,0.0,0.0,0.0,0.0,0.0,0.5152658068167,0.0,0.4847341931833
2025-05-01,0.0,0.0,0.0,0.0,0.0,0.5,0.0,0.5
2025-05-02,0.0,0.0,0.0,0.0,0.0,0.5010438607736465,0.0,0.49895613922635357
2025-05-05,0.0,0.0,0.0,0.0,0.0,0.5087516019235685,0.0,0.49124839807643145
2025-05-06,0.0,0.0,0.0,0.0,0.0,0.5151662229797266,0.0,0.4848337770202734
2025-05-07,0.0,0.0,0.0,0.0,0.0,0.5108788858642463,0.0,0.4891211141357536
2025-05-08,0.0,0.0,0.0,0.0,0.0,0.5071700029382282,0.0,0.4928299970617717
2025-05-09,0.0,0.0,0.0,0.0,0.0,0.5090704133772127,0.0,0.49092958662278724
2025-05-12,0.0,0.0,0.0,0.0,0.0,0.5019693913360089,0.0,0.4980306086639912
2025-05-13,0.0,0.0,0.0,0.0,0.0,0.5028208399447709,0.0,0.4971791600552291
2025-05-14,0.0,0.0,0.0,0.0,0.0,0.4987740195180082,0.0,0.5012259804819917
2025-05-15,0.0,0.0,0.0,0.0,0.0,0.5009497848806486,0.0,0.4990502151193514
2025-05-16,0.0,0.0,0.0,0.0,0.0,0.49744231311213627,0.0,0.5025576868878637
2025-05-19,0.0,0.0,0.0,0.0,0.0,0.5006186132829306,0.0,0.4993813867170694
2025-05-20,0.0,0.0,0.0,0.0,0.0,0.5058386262680143,0.0,0.49416137373198576
2025-05-21,0.0,0.0,0.0,0.0,0.0,0.5104751452533893,0.0,0.48952485474661067
2025-05-22,0.0,0.0,0.0,0.0,0.0,0.50697658944522,0.0,0.49302341055478016
2025-05-23,0.0,0.0,0.0,0.0,0.0,0.5122037922578313,0.0,0.4877962077421687
2025-05-27,0.0,0.0,0.0,0.0,0.0,0.5056843129518478,0.0,0.49431568704815226
2025-05-28,0.0,0.0,0.0,0.0,0.0,0.5057239955169212,0.0,0.4942760044830789
2025-05-29,0.0,0.0,0.0,0.0,0.0,0.5060815853583788,0.0,0.49391841464162134
2025-05-30,0.0,0.0,0.0,0.0,0.0,0.5037119622669881,0.0,0.4962880377330118
2025-06-02,0.0,0.0,0.0,0.0,0.0,0.5,0.0,0.5
2025-06-03,0.0,0.0,0.0,0.0,0.0,0.4976596294188152,0.0,0.5023403705811849
2025-06-04,0.0,0.0,0.0,0.0,0.0,0.4974511157066809,0.0,0.5025488842933192
2025-06-05,0.0,0.0,0.0,0.0,0.0,0.49695120889501415,0.0,0.5030487911049858
2025-06-06,0.0,0.0,0.0,0.0,0.0,0.4950898582301799,0.0,0.5049101417698201
2025-06-09,0.0,0.0,0.0,0.0,0.0,0.4955195659684021,0.0,0.5044804340315978
2025-06-10,0.0,0.0,0.0,0.0,0.0,0.49498759195664843,0.0,0.5050124080433517
2025-06-11,0.0,0.0,0.0,0.0,0.0,0.4955475885728684,0.0,0.5044524114271317
2025-06-12,0.0,0.0,0.0,0.0,0.0,0.4972462653360571,0.0,0.5027537346639428
2025-06-13,0.0,0.0,0.0,0.0,0.0,0.5020031005385548,0.0,0.49799689946144515
2025-06-16,0.0,0.0,0.0,0.0,0.0,0.49885379268963775,0.0,0.5011462073103622
2025-06-17,0.0,0.0,0.0,0.0,0.0,0.4981238514016684,0.0,0.5018761485983315
2025-06-18,0.0,0.0,0.0,0.0,0.0,0.49658866579426886,0.0,0.503411334205731
2025-06-20,0.0,0.0,0.0,0.0,0.0,0.49627576948412855,0.0,0.5037242305158713
2025-06-23,0.0,0.0,0.0,0.0,0.0,0.4964169595723291,0.0,0.5035830404276709
2025-06-24,0.0,0.0,0.0,0.0,0.0,0.4912834406477097,0.0,0.5087165593522903
2025-06-25,0.0,0.0,0.0,0.0,0.0,0.49233990686406043,0.0,0.5076600931359396
2025-06-26,0.0,0.0,0.0,0.0,0.0,0.4911457218399136,0.0,0.5088542781600864
2025-06-27,0.0,0.0,0.0,0.0,0.0,0.4869877147596959,0.0,0.5130122852403042
2025-06-30,0.0,0.0,0.0,0.0,0.0,0.48859288103230264,0.0,0.5114071189676973
2025-07-01,0.0,0.0,0.0,0.5,0.0,0.5,0.0,0.0
2025-07-02,0.0,0.0,0.0,0.4993492036992096,0.0,0.5006507963007903,0.0,0.0
2025-07-03,0.0,0.0,0.0,0.5011166418160398,0.0,0.49888335818396023,0.0,0.0
2025-07-07,0.0,0.0,0.0,0.49820584421394487,0.0,0.5017941557860551,0.0,0.0
2025-07-08,0.0,0.0,0.0,0.502658814316815,0.0,0.49734118568318486,0.0,0.0
2025-07-09,0.0,0.0,0.0,0.5034142521987681,0.0,0.4965857478012319,0.0,0.0
2025-07-10,0.0,0.0,0.0,0.5026914652510326,0.0,0.4973085347489673,0.0,0.0
2025-07-11,0.0,0.0,0.0,0.497897081261491,0.0,0.5021029187385089,0.0,0.0
2025-07-14,0.0,0.0,0.0,0.4988125746995071,0.0,0.5011874253004929,0.0,0.0
2025-07-15,0.0,0.0,0.0,0.497226111026976,0.0,0.502773888973024,0.0,0.0
2025-07-16,0.0,0.0,0.0,0.49700260102734584,0.0,0.5029973989726542,0.0,0.0
2025-07-17,0.0,0.0,0.0,0.4981963078967661,0.0,0.5018036921032338,0.0,0.0
2025-07-18,0.0,0.0,0.0,0.4968406297109253,0.0,0.5031593702890746,0.0,0.0
2025-07-21,0.0,0.0,0.0,0.4943537963661427,0.0,0.5056462036338574,0.0,0.0
2025-07-22,0.0,0.0,0.0,0.4933691371180843,0.0,0.5066308628819157,0.0,0.0
2025-07-23,0.0,0.0,0.0,0.5026260602170948,0.0,0.4973739397829052,0.0,0.0
2025-07-24,0.0,0.0,0.0,0.5022963118198026,0.0,0.49770368818019733,0.0,0.0
2025-07-25,0.0,0.0,0.0,0.5043166056890551,0.0,0.4956833943109449,0.0,0.0
2025-07-28,0.0,0.0,0.0,0.5018856303685076,0.0,0.4981143696314923,0.0,0.0
2025-07-29,0.0,0.0,0.0,0.5006945023791044,0.0,0.4993054976208955,0.0,0.0
2025-07-30,0.0,0.0,0.0,0.5032485632604667,0.0,0.49675143673953326,0.0,0.0
2025-07-31,0.0,0.0,0.0,0.4988936907071489,0.0,0.5011063092928512,0.0,0.0
2025-08-01,0.0,0.5,0.0,0.0,0.0,0.5,0.0,0.0
2025-08-04,0.0,0.5031191790656466,0.0,0.0,0.0,0.49688082093435343,0.0,0.0
2025-08-05,0.0,0.5012151727587485,0.0,0.0,0.0,0.49878482724125134,0.0,0.0
2025-08-06,0.0,0.5048720131710236,0.0,0.0,0.0,0.49512798682897646,0.0,0.0
2025-08-07,0.0,0.5036161148241505,0.0,0.0,0.0,0.49638388517584964,0.0,0.0
2025-08-08,0.0,0.5059930412051701,0.0,0.0,0.0,0.49400695879482986,0.0,0.0
2025-08-11,0.0,0.5088713309374701,0.0,0.0,0.0,0.49112866906252983,0.0,0.0
2025-08-12,0.0,0.5122193946183877,0.0,0.0,0.0,0.4877806053816123,0.0,0.0
2025-08-13,0.0,0.511583587630121,0.0,0.0,0.0,0.4884164123698789,0.0,0.0
2025-08-14,0.0,0.5129785333253425,0.0,0.0,0.0,0.48702146667465757,0.0,0.0
2025-08-15,0.0,0.5117311049309395,0.0,0.0,0.0,0.4882688950690605,0.0,0.0
2025-08-18,0.0,0.5120219043552544,0.0,0.0,0.0,0.48797809564474554,0.0,0.0
2025-08-19,0.0,0.509979877648619,0.0,0.0,0.0,0.49002012235138104,0.0,0.0
2025-08-20,0.0,0.5059743447049694,0.0,0.0,0.0,0.4940256552950307,0.0,0.0
2025-08-21,0.0,0.505683254018799,0.0,0.0,0.0,0.49431674598120107,0.0,0.0
2025-08-22,0.0,0.5068481151391542,0.0,0.0,0.0,0.4931518848608458,0.0,0.0
2025-08-25,0.0,0.506730342836436,0.0,0.0,0.0,0.4932696571635639,0.0,0.0
2025-08-26,0.0,0.505923342455469,0.0,0.0,0.0,0.49407665754453106,0.0,0.0
2025-08-27,0.0,0.5058030727175689,0.0,0.0,0.0,0.49419692728243114,0.0,0.0
2025-08-28,0.0,0.5055153057603092,0.0,0.0,0.0,0.4944846942396907,0.0,0.0
2025-08-29,0.0,0.5002038650981917,0.0,0.0,0.0,0.49979613490180824,0.0,0.0
2025-09-02,0.0,0.0,0.0,0.5,0.0,0.5,0.0,0.0
2025-09-03,0.0,0.0,0.0,0.49843571963543054,0.0,0.5015642803645696,0.0,0.0
2025-09-04,0.0,0.0,0.0,0.5013550954988895,0.0,0.49864490450111054,0.0,0.0
2025-09-05,0.0,0.0,0.0,0.49915986736100815,0.0,0.500840132638992,0.0,0.0
2025-09-08,0.0,0.0,0.0,0.49882218648826643,0.0,0.5011778135117336,0.0,0.0
2025-09-09,0.0,0.0,0.0,0.4985529571795886,0.0,0.5014470428204113,0.0,0.0
2025-09-10,0.0,0.0,0.0,0.49760240387017557,0.0,0.5023975961298245,0.0,0.0
2025-09-11,0.0,0.0,0.0,0.5006136500282502,0.0,0.4993863499717498,0.0,0.0
2025-09-12,0.0,0.0,0.0,0.4991284751634824,0.0,0.5008715248365176,0.0,0.0
2025-09-15,0.0,0.0,0.0,0.498202028526169,0.0,0.501797971473831,0.0,0.0
2025-09-16,0.0,0.0,0.0,0.4970056150084157,0.0,0.5029943849915842,0.0,0.0
2025-09-17,0.0,0.0,0.0,0.49800276309641706,0.0,0.501997236903583,0.0,0.0
2025-09-18,0.0,0.0,0.0,0.4999722336648828,0.0,0.5000277663351171,0.0,0.0
2025-09-19,0.0,0.0,0.0,0.4963685640576622,0.0,0.5036314359423378,0.0,0.0
2025-09-22,0.0,0.0,0.0,0.49288455807284176,0.0,0.5071154419271582,0.0,0.0
2025-09-23,0.0,0.0,0.0,0.49138261817250684,0.0,0.5086173818274932,0.0,0.0
2025-09-24,0.0,0.0,0.0,0.49220453075266746,0.0,0.5077954692473327,0.0,0.0
2025-09-25,0.0,0.0,0.0,0.489377742415785,0.0,0.5106222575842151,0.0,0.0
2025-09-26,0.0,0.0,0.0,0.4898622239083371,0.0,0.5101377760916629,0.0,0.0
2025-09-29,0.0,0.0,0.0,0.48674318237218006,0.0,0.5132568176278198,0.0,0.0
2025-09-30,0.0,0.0,0.0,0.4856376283378356,0.0,0.5143623716621645,0.0,0.0
2025-10-01,0.0,0.5,0.0,0.0,0.0,0.5,0.0,0.0
2025-10-02,0.0,0.5018978941505472,0.0,0.0,0.0,0.4981021058494528,0.0,0.0
2025-10-03,0.0,0.4988430186548445,0.0,0.0,0.0,0.5011569813451555,0.0,0.0
2025-10-06,0.0,0.49604603250336793,0.0,0.0,0.0,0.503953967496632,0.0,0.0
2025-10-07,0.0,0.49343992243982243,0.0,0.0,0.0,0.5065600775601776,0.0,0.0
2025-10-08,0.0,0.492200689949634,0.0,0.0,0.0,0.507799310050366,0.0,0.0
2025-10-09,0.0,0.4965536821936777,0.0,0.0,0.0,0.5034463178063222,0.0,0.0
2025-10-10,0.0,0.4852133816601722,0.0,0.0,0.0,0.5147866183398278,0.0,0.0
2025-10-13,0.0,0.48446128233294006,0.0,0.0,0.0,0.5155387176670599,0.0,0.0
2025-10-14,0.0,0.48101566975736865,0.0,0.0,0.0,0.5189843302426314,0.0,0.0
2025-10-15,0.0,0.4784818499896952,0.0,0.0,0.0,0.5215181500103049,0.0,0.0
2025-10-16,0.0,0.47179159121395814,0.0,0.0,0.0,0.5282084087860419,0.0,0.0
2025-10-17,0.0,0.47816092266689425,0.0,0.0,0.0,0.5218390773331057,0.0,0.0
2025-10-20,0.0,0.472366898411825,0.0,0.0,0.0,0.527633101588175,0.0,0.0
2025-10-21,0.0,0.4888819639667314,0.0,0.0,0.0,0.5111180360332686,0.0,0.0
2025-10-22,0.0,0.48643677086611153,0.0,0.0,0.0,0.5135632291338885,0.0,0.0
2025-10-23,0.0,0.4875302918064627,0.0,0.0,0.0,0.5124697081935372,0.0,0.0
2025-10-24,0.0,0.4910236986511083,0.0,0.0,0.0,0.5089763013488917,0.0,0.0
2025-10-27,0.0,0.5024944300908778,0.0,0.0,0.0,0.49750556990912215,0.0,0.0
2025-10-28,0.0,0.5062071902094489,0.0,0.0,0.0,0.49379280979055107,0.0,0.0
2025-10-29,0.0,0.50827859819647,0.0,0.0,0.0,0.49172140180352997,0.0,0.0
2025-10-30,0.0,0.499564824212336,0.0,0.0,0.0,0.5004351757876639,0.0,0.0
2025-10-31,0.0,0.5021292406014174,0.0,0.0,0.0,0.4978707593985826,0.0,0.0
2025-11-03,0.0,0.0,0.0,0.5,0.0,0.5,0.0,0.0
2025-11-04,0.0,0.0,0.0,0.5018395186959458,0.0,0.49816048130405416,0.0,0.0
2025-11-05,0.0,0.0,0.0,0.5005631702210189,0.0,0.499436829778981,0.0,0.0
2025-11-06,0.0,0.0,0.0,0.5003052769535631,0.0,0.4996947230464369,0.0,0.0
2025-11-07,0.0,0.0,0.0,0.4997098241926575,0.0,0.5002901758073425,0.0,0.0
2025-11-10,0.0,0.0,0.0,0.49557732562127654,0.0,0.5044226743787236,0.0,0.0
2025-11-11,0.0,0.0,0.0,0.4964245459628206,0.0,0.5035754540371794,0.0,0.0
2025-11-12,0.0,0.0,0.0,0.4939093312315689,0.0,0.5060906687684311,0.0,0.0
2025-11-13,0.0,0.0,0.0,0.49325735785485647,0.0,0.5067426421451435,0.0,0.0
2025-11-14,0.0,0.0,0.0,0.49710260976939086,0.0,0.5028973902306091,0.0,0.0
2025-11-17,0.0,0.0,0.0,0.4967095312152796,0.0,0.5032904687847203,0.0,0.0
2025-11-18,0.0,0.0,0.0,0.491635398430047,0.0,0.5083646015699531,0.0,0.0
2025-11-19,0.0,0.0,0.0,0.49047327695159637,0.0,0.5095267230484037,0.0,0.0
2025-11-20,0.0,0.0,0.0,0.4870654951251774,0.0,0.5129345048748227,0.0,0.0
2025-11-21,0.0,0.0,0.0,0.49128452329081895,0.0,0.5087154767091812,0.0,0.0
2025-11-24,0.0,0.0,0.0,0.4875719516989858,0.0,0.5124280483010141,0.0,0.0
2025-11-25,0.0,0.0,0.0,0.49062420717051186,0.0,0.5093757928294882,0.0,0.0
2025-11-26,0.0,0.0,0.0,0.49136144666603565,0.0,0.5086385533339643,0.0,0.0
2025-11-28,0.0,0.0,0.0,0.4891172050259577,0.0,0.5108827949740422,0.0,0.0
2025-12-01,0.0,0.0,0.0,0.5,0.0,0.5,0.0,0.0
2025-12-02,0.0,0.0,0.0,0.5024583751939234,0.0,0.4975416248060766,0.0,0.0
2025-12-03,0.0,0.0,0.0,0.5040287911039458,0.0,0.4959712088960541,0.0,0.0
2025-12-04,0.0,0.0,0.0,0.5045465683221984,0.0,0.49545343167780165,0.0,0.0
2025-12-05,0.0,0.0,0.0,0.5049925136061071,0.0,0.49500748639389297,0.0,0.0
2025-12-08,0.0,0.0,0.0,0.5048692558397128,0.0,0.4951307441602872,0.0,0.0
2025-12-09,0.0,0.0,0.0,0.5032478280820245,0.0,0.4967521719179754,0.0,0.0
2025-12-10,0.0,0.0,0.0,0.5049482478892425,0.0,0.49505175211075747,0.0,0.0
2025-12-11,0.0,0.0,0.0,0.5037435261662688,0.0,0.4962564738337313,0.0,0.0
2025-12-12,0.0,0.0,0.0,0.5010310871693003,0.0,0.4989689128306996,0.0,0.0
2025-12-15,0.0,0.0,0.0,0.5023273955398643,0.0,0.4976726044601358,0.0,0.0
2025-12-16,0.0,0.0,0.0,0.5011091440255208,0.0,0.4988908559744792,0.0,0.0
2025-12-17,0.0,0.0,0.0,0.4969350048894687,0.0,0.5030649951105313,0.0,0.0
2025-12-18,0.0,0.0,0.0,0.4991589464436688,0.0,0.5008410535563312,0.0,0.0
2025-12-19,0.0,0.0,0.0,0.500558589396269,0.0,0.49944141060373104,0.0,0.0
2025-12-22,0.0,0.0,0.0,0.4954816408859817,0.0,0.5045183591140183,0.0,0.0
2025-12-23,0.0,0.0,0.0,0.4937270900879769,0.0,0.5062729099120231,0.0,0.0
2025-12-24,0.0,0.0,0.0,0.4950739556957099,0.0,0.5049260443042902,0.0,0.0
2025-12-26,0.0,0.0,0.0,0.49258660171449425,0.0,0.5074133982855058,0.0,0.0
2025-12-29,0.0,0.0,0.0,0.5029601583801778,0.0,0.4970398416198222,0.0,0.0
2025-12-30,0.0,0.0,0.0,0.5031934373171123,0.0,0.49680656268288764,0.0,0.0
2025-12-31,0.0,0.0,0.0,0.5037505447740298,0.0,0.49624945522597025,0.0,0.0
