Date,nav,return,turnover,fee
2012-01-03,0.999000999000999,-0.0009990009990009652,0.999000999000999,0.0009990009990009994
2012-01-04,1.0005682924888615,0.001568860781350212,0.0,0.0
2012-01-05,1.0032321283375503,0.0026623228705984214,0.0,0.0
2012-01-06,1.0006468924228304,-0.0025769070205156064,0.0,0.0
2012-01-09,1.003075314140783,0.00242685180590807,0.0,0.0
2012-01-10,1.011772909811196,0.008670929837270691,0.0,0.0
2012-01-11,1.0123211038576783,0.000541815303776616,0.0,0.0
2012-01-12,1.0147499883771935,0.002399322221239286,0.0,0.0
2012-01-13,1.0095005309436256,-0.005173153479866466,0.0,0.0
2012-01-17,1.0134181861545035,0.0038807856863789514,0.0,0.0
2012-01-18,1.0246227263434127,0.011056186223996622,0.0,0.0
2012-01-19,1.030029537913791,0.005276880388622285,0.0,0.0
2012-01-20,1.0338681303861044,0.003726681935828813,0.0,0.0
2012-01-23,1.031204680201509,-0.002576199136345103,0.0,0.0
2012-01-24,1.030029537913791,-0.0011395819959703068,0.0,0.0
2012-01-25,1.0386476851633475,0.008366893309692536,0.0,0.0
2012-01-26,1.033320244871301,-0.0051292082658506155,0.0,0.0
2012-01-27,1.0328500336853192,-0.00045504884697222803,0.0,0.0
2012-01-30,1.029323912598084,-0.0034139719922878786,0.0,0.0
2012-01-31,1.0289319928042817,-0.00038075457978337113,0.0,0.0
2012-02-01,1.037942445519822,0.008757092576141101,0.0,0.0
2012-02-02,1.0395877990036322,0.0015852068589277124,0.0,0.0
2012-02-03,1.054161800354915,0.014019019235557373,0.0,0.0
2012-02-06,1.0534565607113895,-0.0006690051216881043,0.0,0.0
2012-02-07,1.0561207050897354,0.0025289551346538985,0.0,0.0
2012-02-08,1.059254752132494,0.0029675083801072866,0.0,0.0
2012-02-09,1.0605872485590444,0.001257956524497894,0.0,0.0
2012-02-10,1.0527513981982561,-0.007388218528399548,0.0,0.0
2012-02-13,1.0605872485590444,0.007443210594826999,0.0,0.0
2012-02-14,1.0592547521324938,-0.001256376058038633,0.0,0.0
2012-02-15,1.0543185374101687,-0.0046600826783052,0.0,0.0
2012-02-16,1.0659929802533805,0.01107297503455551,0.0,0.0
2012-02-17,1.0688139388274824,0.002646320028703464,0.0,0.0
2012-02-21,1.0692844585552537,0.0004402260399853919,0.0,0.0
2012-02-22,1.065836166047514,-0.003224859839821126,0.0,0.0
2012-02-23,1.0705374294426877,0.004410868710345683,0.0,0.0
2012-02-24,1.0728880225700235,0.0021957131648908668,0.0,0.0
2012-02-27,1.074690267379982,0.0016798069994681253,0.0,0.0
2012-02-28,1.0778245458139175,0.002916448142381123,0.0,0.0
2012-02-29,1.0735934164844436,-0.003925619755002718,0.0,0.0
2012-03-01,1.0791564251771097,0.005181671764421303,0.0,0.0
2012-03-02,1.0758657182094895,-0.003049332692505735,0.0,0.0
2012-03-05,1.0714779289450438,-0.004078380034032603,0.0,0.0
2012-03-06,1.0558070766982224,-0.01462545501263901,0.0,0.0
2012-03-07,1.0631725616122443,0.006976165510327537,0.0,0.0
2012-03-08,1.0737501535396974,0.009949082876455018,0.0,0.0
2012-03-09,1.0779025286744182,0.0038671707017057244,0.0,0.0
2012-03-12,1.077980820076708,7.263310012461943e-05,0.0,0.0
2012-03-13,1.0974125133366293,0.01802601020168293,0.0,0.0
2012-03-14,1.0962372939084086,-0.0010709003350503066,0.0,0.0
2012-03-15,1.1025841421785691,0.005789666439400376,0.0,0.0
2012-03-16,1.1041106315809723,0.0013844652249279665,0.0,0.0
2012-03-19,1.108438873099016,0.003920115787533041,0.0,0.0
2012-03-20,1.1052124962148702,-0.0029107395657510526,0.0,0.0
2012-03-21,1.1034020751587081,-0.0016380750872455607,0.0,0.0
2012-03-22,1.0954545342069562,-0.007202760562697752,0.0,0.0
2012-03-23,1.09899538796748,0.0032323146693507,0.0,0.0
2012-03-26,1.114419795872318,0.01403500694699411,0.0,0.0
2012-03-27,1.1109573106444763,-0.0031069846754934183,0.0,0.0
2012-03-28,1.1054482960167769,-0.004958799564047767,0.0,0.0
2012-03-29,1.1035597378292197,-0.00170840933435068,0.0,0.0
2012-03-30,1.1081240876909593,0.004136024272431316,0.0,0.0
2012-04-02,1.1162302169284803,0.0073151818713841354,0.0,0.0
2012-04-03,1.1116657127958463,-0.004089213912515488,0.0,0.0
2012-04-04,1.1006482234835233,-0.009910793492599379,0.0,0.0
2012-04-05,1.1000972526013781,-0.0005005876268090459,0.0,0.0
2012-04-09,1.0877420217228584,-0.011231035119216526,0.0,0.0
2012-04-10,1.0694844680050055,-0.01678481970286949,0.0,0.0
2012-04-11,1.07814118245249,0.008094287207024653,0.0,0.0
2012-04-12,1.0922273859784475,0.013065268032814714,0.0,0.0
2012-04-13,1.0792422757420248,-0.011888651029190456,0.0,0.0
2012-04-16,1.078534336393229,-0.0006559596160270464,0.0,0.0
2012-04-17,1.094509715180212,0.014812118861608825,0.0,0.0
2012-04-18,1.090811044468172,-0.003379294546902112,0.0,0.0
2012-04-19,1.0838067798746591,-0.006421152984317113,0.0,0.0
2012-04-20,1.0856170466599266,0.0016702855332542121,0.0,0.0
2012-04-23,1.0764883469364477,-0.00840876601151841,0.0,0.0
2012-04-24,1.0805805572512979,0.0038014441368512397,0.0,0.0
2012-04-25,1.0953753171995197,0.013691491901219877,0.0,0.0
2012-04-26,1.10300892121797,0.00696893922894537,0.0,0.0
2012-04-27,1.104818879461448,0.001640928018496357,0.0,0.0
2012-04-30,1.1007266691465976,-0.0037039648678389714,0.0,0.0
2012-05-01,1.1075736567518908,0.006220424922203316,0.0,0.0
2012-05-02,1.1042683713919867,-0.002984257832203463,0.0,0.0
2012-05-03,1.095847765278088,-0.0076255069257159525,0.0,0.0
2012-05-04,1.0781411824524902,-0.016157885599287103,0.0,0.0
2012-05-07,1.0789278760061496,0.0007296758221124744,0.0,0.0
2012-05-08,1.0745997887488903,-0.004011470417541241,0.0,0.0
2012-05-09,1.0682251721018834,-0.005932084403653781,0.0,0.0
2012-05-10,1.0704287470987843,0.002062837550031782,0.0,0.0
2012-05-11,1.0672017531310598,-0.0030146742382159974,0.0,0.0
2012-05-14,1.055397724535972,-0.011060728264787767,0.0,0.0
2012-05-15,1.0493379704375245,-0.005741678191614308,0.0,0.0
2012-05-16,1.0453245143174277,-0.0038247506839226286,0.0,0.0
2012-05-17,1.0298215836191231,-0.014830734844506699,0.0,0.0
2012-05-18,1.0210075150328062,-0.008558830700888476,0.0,0.0
2012-05-21,1.0385566665992894,0.0171880728673377,0.0,0.0
2012-05-22,1.0403667019832699,0.0017428373840278066,0.0,0.0
2012-05-23,1.0409175957350227,0.0005295188232212755,0.0,0.0
2012-05-24,1.0429636623221967,0.0019656374294731993,0.0,0.0
2012-05-25,1.0395796227574292,-0.003244638032002811,0.0,0.0
2012-05-29,1.0521708848492526,0.012111878509532215,0.0,0.0
2012-05-30,1.036903908213639,-0.014509978232101317,0.0,0.0
2012-05-31,1.034621887553664,-0.0022008024484222455,0.0,0.0
2012-06-01,1.0085732985501583,-0.025176916627094315,0.0,0.0
2012-06-04,1.0081012361377053,-0.00046804968278613135,0.0,0.0
2012-06-05,1.0157348401500894,0.007572259351283472,0.0,0.0
2012-06-06,1.0385566665992896,0.022468291474404767,0.0,0.0
2012-06-07,1.0391859288736143,0.0006059007607019939,0.0,0.0
2012-06-08,1.0474493351094654,0.007951807281308954,0.0,0.0
2012-06-11,1.0341496708763824,-0.012697190964079397,0.0,0.0
2012-06-12,1.046032839338405,0.011490762697774937,0.0,0.0
2012-06-13,1.0393437458251307,-0.006394726113479465,0.0,0.0
2012-06-14,1.050361080866559,0.010600280307341281,0.0,0.0
2012-06-15,1.0611032775637903,0.010227146543138055,0.0,0.0
2012-06-18,1.0631600658416533,0.0019383488123656534,0.0,0.0
2012-06-19,1.073443621518347,0.0096726316263136,0.0,0.0
2012-06-20,1.0717031613372667,-0.0016213801509373793,0.0,0.0
2012-06-21,1.0476555153141205,-0.02243871893887084,0.0,0.0
2012-06-22,1.0557240029689714,0.007701470127259968,0.0,0.0
2012-06-25,1.0387962459825089,-0.016034263632215717,0.0,0.0
2012-06-26,1.0440169322915587,0.00502570771625388,0.0,0.0
2012-06-27,1.053430489284054,0.009016670804211202,0.0,0.0
2012-06-28,1.0504242539233788,-0.002853757690949643,0.0,0.0
2012-06-29,1.0766076738204282,0.02492651878443719,0.0,0.0
2012-07-02,1.0798512516818464,0.00301277609317796,0.0,0.0
2012-07-03,1.0869704465045593,0.006592755077724721,0.0,0.0
2012-07-05,1.0820658568910055,-0.004512164640102068,0.0,0.0
2012-07-06,1.071782609756101,-0.00950334683366727,0.0,0.0
2012-07-09,1.0704379260906378,-0.0012546235152752772,0.0,0.0
2012-07-10,1.0611032775637903,-0.008720401528502175,0.0,0.0
2012-07-11,1.0612614801874878,0.00014909257849127222,0.0,0.0
2012-07-12,1.0561197023440858,-0.004844967936171174,0.0,0.0
2012-07-13,1.0738390123516723,0.016777747795309716,0.0,0.0
2012-07-16,1.071308001905228,-0.002356973826925568,0.0,0.0
2012-07-17,1.0786643849577888,0.006866730239555974,0.0,0.0
2012-07-18,1.0866539641469917,0.007406918500897364,0.0,0.0
2012-07-19,1.08950168835229,0.0026206357306521877,0.0,0.0
2012-07-20,1.0795347693141686,-0.009148144646930256,0.0,0.0
2012-07-23,1.068618788845196,-0.010111745151022422,0.0,0.0
2012-07-24,1.0594424972129408,-0.008587058105324452,0.0,0.0
2012-07-25,1.0596794540313919,0.00022366180238608813,0.0,0.0
2012-07-26,1.0771614986787381,0.016497483820072656,0.0,0.0
2012-07-27,1.0970163511589412,0.018432567915356524,0.0,0.0
2012-07-30,1.0970163511589412,0.0,0.0,0.0
2012-07-31,1.089343562869095,-0.006994233296286123,0.0,0.0
2012-08-01,1.0883943471774598,-0.0008713648512644889,0.0,0.0
2012-08-02,1.0808792987087372,-0.006904711043576595,0.0,0.0
2012-08-03,1.1023168715488967,0.0198334567659586,0.0,0.0
2012-08-06,1.104452568292408,0.0019374617214289458,0.0,0.0
2012-08-07,1.109989659828633,0.005013426284829814,0.0,0.0
2012-08-08,1.1113341892232016,0.0012112990266739398,0.0,0.0
2012-08-09,1.1122838677275209,0.0008545390878176296,0.0,0.0
2012-08-10,1.1141033906350335,0.0016358440145589626,0.0,0.0
2012-08-13,1.1135495657868335,-0.0004971036376474336,0.0,0.0
2012-08-14,1.1137076912599186,0.0001420012884414401,0.0,0.0
2012-08-15,1.1149730036470502,0.0011361261101645592,0.0,0.0
2012-08-16,1.123200310999067,0.007378929646821408,0.0,0.0
2012-08-17,1.12470327440851,0.0013381080780738852,0.0,0.0
2012-08-20,1.124782645686842,7.057086089989895e-05,0.0,0.0
2012-08-21,1.121381019482731,-0.003024252034075303,0.0,0.0
2012-08-22,1.1218557044639959,0.00042330391991463046,0.0,0.0
2012-08-23,1.1126794899621328,-0.008179496226965566,0.0,0.0
2012-08-24,1.1194032939616307,0.006042893807386207,0.0,0.0
2012-08-27,1.1196405593117609,0.00021195698762910276,0.0,0.0
2012-08-28,1.118533141006538,-0.0009890837697980048,0.0,0.0
2012-08-29,1.1194032939616307,0.00077794114737606,0.0,0.0
2012-08-30,1.1113341892232014,-0.007208398243918279,0.0,0.0
2012-08-31,1.1166345553523724,0.004769371968008862,0.0,0.0
2012-09-04,1.1156061226532998,-0.0009210109915934739,0.0,0.0
2012-09-05,1.114657061222449,-0.0008507137165881806,0.0,0.0
2012-09-06,1.1372810379840916,0.020296804774045052,0.0,0.0
2012-09-07,1.1417105569441992,0.0038948323344589753,0.0,0.0
2012-09-10,1.1352237097732627,-0.005681691503579223,0.0,0.0
2012-09-11,1.1383880706171332,0.0027874337160405105,0.0,0.0
2012-09-12,1.1421853961963588,0.0033357039459900317,0.0,0.0
2012-09-13,1.1595876067627995,0.015235889571336259,0.0,0.0
2012-09-14,1.164729847398665,0.004434542595898261,0.0,0.0
2012-09-17,1.1607747048780332,-0.0033957595655895734,0.0,0.0
2012-09-18,1.1598253349256133,-0.0008178761549767488,0.0,0.0
2012-09-19,1.1604580682495713,0.000545541906099567,0.0,0.0
2012-09-20,1.1605373623874007,6.833003276796035e-05,0.0,0.0
2012-09-21,1.1600521099964511,-0.000418127331938134,0.0,0.0
2012-09-24,1.1583027022450247,-0.0015080423856405067,0.0,0.0
2012-09-25,1.1459760110776043,-0.010642029189372404,0.0,0.0
2012-09-26,1.1395342875215706,-0.005621167889872547,0.0,0.0
2012-09-27,1.150270236343616,0.009421347773041155,0.0,0.0
2012-09-28,1.144942410379388,-0.004631803723935013,0.0,0.0
2012-10-01,1.1479646125602885,0.002639610650721824,0.0,0.0
2012-10-02,1.1491578043000341,0.0010393976666966953,0.0,0.0
2012-10-03,1.1538492716197761,0.004082526614001214,0.0,0.0
2012-10-04,1.1621196199447836,0.007167615847603281,0.0,0.0
2012-10-05,1.1621994540357994,6.869696513644996e-05,0.0,0.0
2012-10-08,1.1582230224249042,-0.0034214708990671916,0.0,0.0
2012-10-09,1.1467715750813279,-0.009887083162620103,0.0,0.0
2012-10-10,1.1394549933736313,-0.006380156141538196,0.0,0.0
2012-10-11,1.140091274887725,0.0005584086407921518,0.0,0.0
2012-10-12,1.1363531885131122,-0.003278760619390697,0.0,0.0
2012-10-15,1.1458176541931226,0.008328806374358289,0.0,0.0
2012-10-16,1.1574278440933627,0.010132668018992819,0.0,0.0
2012-10-17,1.1626764530501534,0.0045347180678050325,0.0,0.0
2012-10-18,1.1596544822705397,-0.002599150237958203,0.0,0.0
2012-10-19,1.1403296201240074,-0.0166643275578906,0.0,0.0
2012-10-22,1.1404887483528525,0.00013954581731190352,0.0,0.0
2012-10-23,1.1246630102610722,-0.013876277266774095,0.0,0.0
2012-10-24,1.121481525580432,-0.0028288337498550975,0.0,0.0
2012-10-25,1.124742381539404,0.0029076323457797315,0.0,0.0
2012-10-26,1.1241063314367075,-0.0005655073669633692,0.0,0.0
2012-10-31,1.1241063314367075,0.0,0.0,0.0
2012-11-01,1.1358759580974715,0.010470207605468573,0.0,0.0
2012-11-02,1.1257759822477305,-0.008891794722601598,0.0,0.0
2012-11-05,1.1280827630476025,0.0020490584594514694,0.0,0.0
2012-11-06,1.1369097130665824,0.00782473618791335,0.0,0.0
2012-11-07,1.1111433587653032,-0.02266350089646052,0.0,0.0
2012-11-08,1.0977829126287717,-0.012024052550138609,0.0,0.0
2012-11-09,1.098737373460053,0.000869444058840152,0.0,0.0
2012-11-12,1.0996120002104288,0.0007960289433148748,0.0,0.0
2012-11-13,1.0957950053701682,-0.00347121970252251,0.0,0.0
2012-11-14,1.081002790856322,-0.013499070940599212,0.0,0.0
2012-11-15,1.0791738575455592,-0.0016918858362188205,0.0,0.0
2012-11-16,1.0845020691819687,0.004937306069040526,0.0,0.0
2012-11-19,1.106451428642987,0.020239112570411777,0.0,0.0
2012-11-20,1.106928504787733,0.00043117676239190494,0.0,0.0
2012-11-21,1.1089963232677444,0.0018680686883276731,0.0,0.0
2012-11-23,1.124106331436707,0.013624939823461135,0.0,0.0
2012-11-26,1.1217202564990054,-0.0021226416674052784,0.0,0.0
2012-11-27,1.1159945713974686,-0.005104378804219212,0.0,0.0
2012-11-28,1.1249812667187622,0.008052633544659793,0.0,0.0
2012-11-29,1.1302300299464478,0.004665645004911623,0.0,0.0
2012-11-30,1.1304681437814434,0.0002106773211527635,0.0,0.0
2012-12-03,1.1249017411695361,-0.00492398007190864,0.0,0.0
2012-12-04,1.1233108445633766,-0.001414253839189139,0.0,0.0
2012-12-05,1.1252994460460608,0.0017703038231213775,0.0,0.0
2012-12-06,1.1291169036888953,0.003392392714888226,0.0,0.0
2012-12-07,1.1325363479336363,0.0030284235702870976,0.0,0.0
2012-12-10,1.1330134240783822,0.00042124576894719823,0.0,0.0
2012-12-11,1.1407273249904217,0.006808304957475864,0.0,0.0
2012-12-12,1.141283849554002,0.0004878681797029216,0.0,0.0
2012-12-13,1.1342856014242777,-0.006131908492755023,0.0,0.0
2012-12-14,1.1300708245872104,-0.003715798588798891,0.0,0.0
2012-12-17,1.1433520537061945,0.011752563494270785,0.0,0.0
2012-12-18,1.1560761411982403,0.011128757280664647,0.0,0.0
2012-12-19,1.1474869964724665,-0.007429566634660767,0.0,0.0
2012-12-20,1.1540877711269533,0.0057523742532843425,0.0,0.0
2012-12-21,1.1436119965745297,-0.009077103851636958,0.0,0.0
2012-12-24,1.1400881123697708,-0.003081363447842489,0.0,0.0
2012-12-26,1.135282563305694,-0.004215068126697696,0.0,0.0
2012-12-27,1.1337610105011477,-0.0013402414990993927,0.0,0.0
2012-12-28,1.1215068256634049,-0.010808437337535781,0.0,0.0
2012-12-31,1.14056865956415,0.016996627630393224,0.0,0.0
2013-01-02,1.1698012786846936,0.025629863555705956,0.0,0.0
2013-01-03,1.1671584233865013,-0.0022592344070301307,0.0,0.0
2013-01-04,1.1722844658109648,0.004391899438630054,0.0,0.0
2013-01-07,1.169080843565306,-0.0027328027787544285,0.0,0.0
2013-01-08,1.1657167818033627,-0.002877527059363949,0.0,0.0
2013-01-09,1.1686805161341236,0.00254241371233932,0.0,0.0
2013-01-10,1.1779707352499291,0.007949323179046841,0.0,0.0
2013-01-11,1.1778904383563398,-6.816544009669023e-05,0.0,0.0
2013-01-14,1.1770898606142572,-0.0006796708046969968,0.0,0.0
2013-01-15,1.1778904383563398,0.0006801330712888909,0.0,0.0
2013-01-16,1.177730384512237,-0.00013588177549517244,0.0,0.0
2013-01-17,1.1853387655882166,0.006460206152472336,0.0,0.0
2013-01-18,1.1879822379598775,0.002230140824213356,0.0,0.0
2013-01-22,1.1943896367220899,0.005393513941097217,0.0,0.0
2013-01-23,1.1963109770147422,0.00160863777914666,0.0,0.0
2013-01-24,1.1966319331777029,0.0002682882370281803,0.0,0.0
2013-01-25,1.2033596710192975,0.005622228234983595,0.0,0.0
2013-01-28,1.2019179523057668,-0.0011980779714094725,0.0,0.0
2013-01-29,1.2066427416837906,0.003931041523225209,0.0,0.0
2013-01-30,1.2019179523057668,-0.003915648944633476,0.0,0.0
2013-01-31,1.1989548350585846,-0.0024653240610124083,0.0,0.0
2013-02-01,1.2112885454455538,0.010287051710639705,0.0,0.0
2013-02-04,1.1976729387878697,-0.011240597220933624,0.0,0.0
2013-02-05,1.2097671469220121,0.010098089171475033,0.0,0.0
2013-02-06,1.2106480215475741,0.0007281356811541517,0.0,0.0
2013-02-07,1.2090458633177592,-0.0013233889630174245,0.0,0.0
2013-02-08,1.2157735240289615,0.005564437971559588,0.0,0.0
2013-02-11,1.215533250441882,-0.0001976302184005796,0.0,0.0
2013-02-12,1.217535196159803,0.0016469691118636831,0.0,0.0
2013-02-13,1.218576741713046,0.0008554541638943203,0.0,0.0
2013-02-14,1.2196976585345107,0.0009198573902609031,0.0,0.0
2013-02-15,1.2182567882957354,-0.0011813339385324806,0.0,0.0
2013-02-19,1.2273873392396193,0.007494767139083258,0.0,0.0
2013-02-20,1.2120891231876363,-0.012464049092652751,0.0,0.0
2013-02-21,1.2047214013810281,-0.0060785314096639675,0.0,0.0
2013-02-22,1.2164942676901387,0.0097722729052665,0.0,0.0
2013-02-25,1.1933479369080626,-0.01902707755954003,0.0,0.0
2013-02-26,1.2015174706036902,0.006845894179692946,0.0,0.0
2013-02-27,1.216654244393739,0.01259804718648283,0.0,0.0
2013-02-28,1.2142515084319518,-0.0019748716390532994,0.0,0.0
2013-03-01,1.2182567882957354,0.0032985586890115215,0.0,0.0
2013-03-04,1.2247434812058873,0.005324569477036523,0.0,0.0
2013-03-05,1.2357161554349867,0.008959161161074869,0.0,0.0
2013-03-06,1.2373978392140281,0.0013608981088779615,0.0,0.0
2013-03-07,1.2396402899405359,0.001812231002384923,0.0,0.0
2013-03-08,1.2449270804129626,0.0042647778676832004,0.0,0.0
2013-03-11,1.2496519469213787,0.0037952957910183382,0.0,0.0
2013-03-12,1.246848343575223,-0.00224350736464074,0.0,0.0
2013-03-13,1.2486106327795325,0.0014133949917729538,0.0,0.0
2013-03-14,1.2552584593997191,0.005324179088070036,0.0,0.0
2013-03-15,1.253601072958001,-0.0013203547279903027,0.0,0.0
2013-03-18,1.2466827360597947,-0.005518770721758881,0.0,0.0
2013-03-19,1.2437868028520316,-0.002322911133682548,0.0,0.0
2013-03-20,1.2524747567259957,0.006985082856677982,0.0,0.0
2013-03-21,1.2417752153295736,-0.008542720193731479,0.0,0.0
2013-03-22,1.2517510048278693,0.00803349058279279,0.0,0.0
2013-03-25,1.2465216023295398,-0.004177669902528769,0.0,0.0
2013-03-26,1.2564970061556537,0.008002592018840016,0.0,0.0
2013-03-27,1.2564970061556537,0.0,0.0,0.0
2013-03-28,1.2603586618082434,0.003073350460583102,0.0,0.0
2013-04-01,1.2553707670641507,-0.003957520105377421,0.0,0.0
2013-04-02,1.2615651206629437,0.004934282174882343,0.0,0.0
2013-04-03,1.248774389064445,-0.010138780304719708,0.0,0.0
2013-04-04,1.2538418093577641,0.004057914974630039,0.0,0.0
2013-04-05,1.248210922411708,-0.004490906990045618,0.0,0.0
2013-04-08,1.256658062745406,0.006767398187300877,0.0,0.0
2013-04-09,1.2610025024849618,0.00345713752081811,0.0,0.0
2013-04-10,1.2764476595369871,0.012248315940363907,0.0,0.0
2013-04-11,1.2806308884260058,0.003277242789991197,0.0,0.0
2013-04-12,1.277493370343724,-0.002449978452525148,0.0,0.0
2013-04-15,1.2478885778309157,-0.023174126144265395,0.0,0.0
2013-04-16,1.2663108905894411,0.014762786586721699,0.0,0.0
2013-04-17,1.2478083580778285,-0.014611366489156619,0.0,0.0
2013-04-18,1.2400056754943172,-0.006253109728749484,0.0,0.0
2013-04-19,1.250785359513434,0.008693253774680887,0.0,0.0
2013-04-22,1.2563356410342215,0.00443743722979506,0.0,0.0
2013-04-23,1.2692882005567256,0.010309792303465626,0.0,0.0
2013-04-24,1.2700924807497282,0.0006336466317498068,0.0,0.0
2013-04-25,1.2752417406253629,0.004054240107456586,0.0,0.0
2013-04-26,1.2729888767600654,-0.001766617099745127,0.0,0.0
2013-04-29,1.2815156969037746,0.006698267596344731,0.0,0.0
2013-04-30,1.2845725324303958,0.002385328196920833,0.0,0.0
2013-05-01,1.273309832912916,-0.008767663353482225,0.0,0.0
2013-05-02,1.2851357676717357,0.009287554727953173,0.0,0.0
2013-05-03,1.2981685469574369,0.010141169216161927,0.0,0.0
2013-05-06,1.301466658826898,0.002540588336692462,0.0,0.0
2013-05-07,1.3080634996190672,0.005068774330427628,0.0,0.0
2013-05-08,1.3140161140724471,0.004550707557479772,0.0,0.0
2013-05-09,1.3103156692805045,-0.0028161334951015693,0.0,0.0
2013-05-10,1.3145791950530026,0.0032538157578769766,0.0,0.0
2013-05-13,1.3156252915319209,0.0007957652782388802,0.0,0.0
2013-05-14,1.3292208432563886,0.010333908759565524,0.0,0.0
2013-05-15,1.3363812278519072,0.005386903637454754,0.0,0.0
2013-05-16,1.3301057288746596,-0.004695889800348962,0.0,0.0
2013-05-17,1.3429774515706083,0.009677217695196916,0.0,0.0
2013-05-20,1.342896151931369,-6.053686094609212e-05,0.0,0.0
2013-05-21,1.3448272882994532,0.001438038500078287,0.0,0.0
2013-05-22,1.334851653072052,-0.007417781684081914,0.0,0.0
2013-05-23,1.3309899974194623,-0.002892947425058301,0.0,0.0
2013-05-24,1.3298646068027147,-0.0008455289813820155,0.0,0.0
2013-05-28,1.3378284231063706,0.005988441426983071,0.0,0.0
2013-05-29,1.3291406235033012,-0.006493956514167065,0.0,0.0
2013-05-30,1.3340477585512305,0.003691960776125658,0.0,0.0
2013-05-31,1.3149011539616124,-0.01435226322812544,0.0,0.0
2013-06-03,1.3221417583102184,0.00550657692161205,0.0,0.0
2013-06-04,1.3157857310482046,-0.004807371994767995,0.0,0.0
2013-06-05,1.2973640353631475,-0.014000528543793966,0.0,0.0
2013-06-06,1.309109133295412,0.009053047265162428,0.0,0.0
2013-06-07,1.325761674807285,0.012720514346999945,0.0,0.0
2013-06-10,1.325761674807285,0.0,0.0,0.0
2013-06-11,1.3120855947879415,-0.010315639891559925,0.0,0.0
2013-06-12,1.3012250739422693,-0.008277296000210654,0.0,0.0
2013-06-13,1.3210154420782134,0.015209027655750607,0.0,0.0
2013-06-14,1.3127292040633731,-0.006272627670274922,0.0,0.0
2013-06-17,1.3228660501413112,0.007721962798238113,0.0,0.0
2013-06-18,1.333323620980923,0.007905237902578799,0.0,0.0
2013-06-19,1.3149011539616127,-0.013816950910805037,0.0,0.0
2013-06-20,1.2823201313676724,-0.024778305575121173,0.0,0.0
2013-06-21,1.2864368704110223,0.003210383228530622,0.0,0.0
2013-06-24,1.270181339561703,-0.012636089048136179,0.0,0.0
2013-06-25,1.2823931776202058,0.009614247728372938,0.0,0.0
2013-06-26,1.2950905766215572,0.009901330748588899,0.0,0.0
2013-06-27,1.30269201559827,0.005869426520376919,0.0,0.0
2013-06-28,1.2973543164282182,-0.00409743754175107,0.0,0.0
2013-07-01,1.3049563724885096,0.005859660667889788,0.0,0.0
2013-07-02,1.3037428944041505,-0.0009298993513822129,0.0,0.0
2013-07-03,1.3043095235647315,0.00043461725698601406,0.0,0.0
2013-07-05,1.318381611500979,0.010788917570568657,0.0,0.0
2013-07-08,1.3259025221828156,0.005704653809054605,0.0,0.0
2013-07-09,1.3354452792651157,0.007197178467230003,0.0,0.0
2013-07-10,1.3359309173282465,0.00036365253647696605,0.0,0.0
2013-07-11,1.354126455005824,0.013620118706412665,0.0,0.0
2013-07-12,1.3546929298955106,0.00041833234081822823,0.0,0.0
2013-07-15,1.3598691096732363,0.003820924774535328,0.0,0.0
2013-07-16,1.354774075263855,-0.003746709424560346,0.0,0.0
2013-07-17,1.3582516016966644,0.0025668681563248974,0.0,0.0
2013-07-18,1.3656915212810512,0.005477571000169101,0.0,0.0
2013-07-19,1.36811816890798,0.0017768636541379834,0.0,0.0
2013-07-22,1.3707867099613271,0.0019505194171034468,0.0,0.0
2013-07-23,1.3678755041473094,-0.0021237482044890177,0.0,0.0
2013-07-24,1.3628602266985521,-0.0036664721559463986,0.0,0.0
2013-07-25,1.3661771593441825,0.0024338025137511377,0.0,0.0
2013-07-26,1.367632376584065,0.0010651746224341618,0.0,0.0
2013-07-29,1.363427318661707,-0.0030746990158722065,0.0,0.0
2013-07-30,1.363427318661707,0.0,0.0,0.0
2013-07-31,1.3643978234436058,0.0007118126273510939,0.0,0.0
2013-08-01,1.3801681019120855,0.01155841661244894,0.0,0.0
2013-08-02,1.3825128328263065,0.0016988734277894046,0.0,0.0
2013-08-05,1.3804914492385272,-0.0014621083723663775,0.0,0.0
2013-08-06,1.3726468826884595,-0.0056824448672933014,0.0,0.0
2013-08-07,1.3681986972028568,-0.0032405897989513655,0.0,0.0
2013-08-08,1.373213049046467,0.003664929555817764,0.0,0.0
2013-08-09,1.3692495760087373,-0.00288627685302123,0.0,0.0
2013-08-12,1.367632376584065,-0.0011810844808777254,0.0,0.0
2013-08-13,1.3716760693748817,0.0029567103412078133,0.0,0.0
2013-08-14,1.3646404882143865,-0.005129185612825826,0.0,0.0
2013-08-15,1.345554048434529,-0.013986423490066513,0.0,0.0
2013-08-16,1.3411063257616098,-0.0033054953668295584,0.0,0.0
2013-08-19,1.332533919190314,-0.006392040963961287,0.0,0.0
2013-08-20,1.339084633632041,0.004915983261204682,0.0,0.0
2013-08-21,1.3308361914606552,-0.006159761649279227,0.0,0.0
2013-08-22,1.3429664984887422,0.009114800984464821,0.0,0.0
2013-08-23,1.3474955208110104,0.0033724015657612405,0.0,0.0
2013-08-26,1.3424810146965056,-0.003721352714765813,0.0,0.0
2013-08-27,1.3208881703493158,-0.016084282839613384,0.0,0.0
2013-08-28,1.3255790205955897,0.0035512849244712097,0.0,0.0
2013-08-29,1.327681395280819,0.0015860047968205837,0.0,0.0
2013-08-30,1.3234757202951024,-0.0031676839041847593,0.0,0.0
2013-09-03,1.3294610397231852,0.004522424806363778,0.0,0.0
2013-09-04,1.3404594768378313,0.008272854025821008,0.0,0.0
2013-09-05,1.3421575130991688,0.0012667568775321936,0.0,0.0
2013-09-06,1.3428049790964152,0.00048240686426681556,0.0,0.0
2013-09-09,1.355663897490093,0.009576162282575629,0.0,0.0
2013-09-10,1.3656915212810508,0.007396836199240253,0.0,0.0
2013-09-11,1.3699777245717535,0.0031384856857588073,0.0,0.0
2013-09-12,1.3663392958200864,-0.0026558305922853576,0.0,0.0
2013-09-13,1.3694118667454254,0.002248761295776669,0.0,0.0
2013-09-16,1.3773372701321587,0.005787450495495561,0.0,0.0
2013-09-17,1.3834838004107786,0.0044626181342135585,0.0,0.0
2013-09-18,1.3994961265664612,0.011573916623330405,0.0,0.0
2013-09-19,1.397151087120561,-0.0016756312514086824,0.0,0.0
2013-09-20,1.3873832519169336,-0.006991251908022633,0.0,0.0
2013-09-23,1.380962277497977,-0.004628118733655429,0.0,0.0
2013-09-24,1.377711834687905,-0.002353752063351977,0.0,0.0
2013-09-25,1.3737303122082583,-0.0028899530216698333,0.0,0.0
2013-09-26,1.379011857541039,0.0038446740862045914,0.0,0.0
2013-09-27,1.3726737254500474,-0.004596140385836445,0.0,0.0
2013-09-30,1.3653593806450477,-0.005328538508014069,0.0,0.0
2013-10-01,1.3761683757196266,0.007916593409621031,0.0,0.0
2013-10-02,1.3748678900538085,-0.0009450047601464728,0.0,0.0
2013-10-03,1.3621902374641046,-0.009220996927354008,0.0,0.0
2013-10-04,1.3725109719107846,0.007576573493797367,0.0,0.0
2013-10-07,1.3606463156932527,-0.008644489159175373,0.0,0.0
2013-10-08,1.3447989028491374,-0.01164697442776741,0.0,0.0
2013-10-09,1.3457746527706826,0.000725573109464861,0.0,0.0
2013-10-10,1.3747868989563583,0.02155802691479236,0.0,0.0
2013-10-11,1.3836448570005309,0.006443149880826615,0.0,0.0
2013-10-14,1.3891709183244976,0.003993843720812906,0.0,0.0
2013-10-15,1.3790943913272145,-0.007253626507986888,0.0,0.0
2013-10-16,1.3983536121129434,0.013965121536890779,0.0,0.0
2013-10-17,1.4076990594507621,0.006683178887561647,0.0,0.0
2013-10-18,1.417208031672207,0.006754975189906753,0.0,0.0
2013-10-21,1.4172891770405516,5.725720326932304e-05,0.0,0.0
2013-10-22,1.4254968922518156,0.005791136589642587,0.0,0.0
2013-10-23,1.4186708080747146,-0.004788564755352165,0.0,0.0
2013-10-24,1.423384335829083,0.0033224957668405164,0.0,0.0
2013-10-25,1.4298856842619108,0.004567528438509161,0.0,0.0
2013-10-28,1.4321605314314427,0.0015909293970630678,0.0,0.0
2013-10-29,1.4397997662516102,0.00533406322301877,0.0,0.0
2013-10-30,1.432648174985873,-0.004967073501029762,0.0,0.0
2013-10-31,1.4285847357935189,-0.002836313383356881,0.0,0.0
2013-11-01,1.4319977778820694,0.0023891072073192188,0.0,0.0
2013-11-04,1.4370366584642897,0.0035187768165902966,0.0,0.0
2013-11-05,1.432485884249184,-0.003166776705591401,0.0,0.0
2013-11-06,1.4397997662516102,0.005105727101987867,0.0,0.0
2013-11-07,1.4215965151405132,-0.012642904616165906,0.0,0.0
2013-11-08,1.440774899099687,0.01349073647474297,0.0,0.0
2013-11-11,1.4410187980174043,0.00016928315302400243,0.0,0.0
2013-11-12,1.4380933994832843,-0.0020300904735904846,0.0,0.0
2013-11-13,1.4496330114147538,0.008024243721315827,0.0,0.0
2013-11-14,1.4568665193931984,0.004989889110889711,0.0,0.0
2013-11-15,1.4632044972132952,0.0043504176502981995,0.0,0.0
2013-11-18,1.4580852426172035,-0.003498659692367956,0.0,0.0
2013-11-19,1.4549156366336868,-0.0021738139107885246,0.0,0.0
2013-11-20,1.4503643996160074,-0.0031281793274350322,0.0,0.0
2013-11-21,1.4620670736386392,0.008068781904554623,0.0,0.0
2013-11-22,1.4693809556410657,0.0050024257671192895,0.0,0.0
2013-11-25,1.467918333509453,-0.0009954002234734416,0.0,0.0
2013-11-26,1.468324368892965,0.00027660624861969296,0.0,0.0
2013-11-27,1.4719000102599937,0.002435184924244327,0.0,0.0
2013-11-29,1.4709247231410225,-0.0006626041933370796,0.0,0.0
2013-12-02,1.4671054913980652,-0.002596483479318845,0.0,0.0
2013-12-03,1.4607664337019264,-0.0043207920175515335,0.0,0.0
2013-12-04,1.4606042972361317,-0.00011099410696602252,0.0,0.0
2013-12-05,1.454184094161538,-0.004395580025844392,0.0,0.0
2013-12-06,1.4704375423891656,0.011177022423009664,0.0,0.0
2013-12-09,1.4741759373055678,0.0025423690626995565,0.0,0.0
2013-12-10,1.46889315781574,-0.0035835474967007563,0.0,0.0
2013-12-11,1.4523965820147577,-0.011230616544986027,0.0,0.0
2013-12-12,1.4476017546211501,-0.0033013210392964787,0.0,0.0
2013-12-13,1.447439001081887,-0.00011242977479386518,0.0,0.0
2013-12-16,1.4564595584045381,0.006232081155688629,0.0,0.0
2013-12-17,1.4518274845501933,-0.0031803655842109757,0.0,0.0
2013-12-18,1.4766136922751465,0.01707241940844817,0.0,0.0
2013-12-19,1.474907171235926,-0.0011556990485378504,0.0,0.0
2013-12-20,1.4834865198963783,0.0058168736499280005,0.0,0.0
2013-12-23,1.491412077543896,0.0053425208394015655,0.0,0.0
2013-12-24,1.4946802612642056,0.0021913351578135565,0.0,0.0
2013-12-26,1.5022790776761508,0.0050839076482604995,0.0,0.0
2013-12-27,1.502197623766017,-5.42202253522861e-05,0.0,0.0
2013-12-30,1.5019521821696835,-0.00016338835346996206,0.0,0.0
2013-12-31,1.5090611952650035,0.004733182041155581,0.0,0.0
2014-01-02,1.4945986530932875,-0.009583800986398217,0.0,0.0
2014-01-03,1.4943535200286333,-0.00016401263586507397,0.0,0.0
2014-01-06,1.4900227330762137,-0.0028981006799091436,0.0,0.0
2014-01-07,1.499173956036893,0.006141666672283774,0.0,0.0
2014-01-08,1.4995014686168286,0.00021846202611564003,0.0,0.0
2014-01-09,1.5004821551362304,0.0006540083754011938,0.0,0.0
2014-01-10,1.5045668834188481,0.002722277148472285,0.0,0.0
2014-01-13,1.4845485060550192,-0.013305076420624729,0.0,0.0
2014-01-14,1.5007263625856269,0.010897492715544965,0.0,0.0
2014-01-15,1.5088163707320281,0.0053907283486795965,0.0,0.0
2014-01-16,1.5068543806197559,-0.0013003504934934185,0.0,0.0
2014-01-17,1.5004821551362302,-0.004228826332180025,0.0,0.0
2014-01-21,1.5048942417278888,0.002940445893712118,0.0,0.0
2014-01-22,1.5058741569029277,0.0006511521858929559,0.0,0.0
2014-01-23,1.4935360498611776,-0.008193318801038019,0.0,0.0
2014-01-24,1.4616696773039024,-0.021336192427519385,0.0,0.0
2014-01-27,1.4544796731111325,-0.00491903492588841,0.0,0.0
2014-01-28,1.4631410927551871,0.005954995318379286,0.0,0.0
2014-01-29,1.4490872085317512,-0.009605282971699936,0.0,0.0
2014-01-30,1.4644485205101616,0.01060068151037985,0.0,0.0
2014-01-31,1.4558690175788147,-0.005858521355436963,0.0,0.0
2014-02-03,1.4231044922984242,-0.022505132594194288,0.0,0.0
2014-02-04,1.4330728768847694,0.007004675089069101,0.0,0.0
2014-02-05,1.431274874468807,-0.0012546482771139678,0.0,0.0
2014-02-06,1.450149040419498,0.01318696100055261,0.0,0.0
2014-02-07,1.4681248993761786,0.012395869980012852,0.0,0.0
2014-02-10,1.470821208806372,0.0018365667875661629,0.0,0.0
2014-02-11,1.486917611426846,0.010943820040191676,0.0,0.0
2014-02-12,1.4876534734233826,0.0004948909010704661,0.0,0.0
2014-02-13,1.4953342065480353,0.005162985373857065,0.0,0.0
2014-02-14,1.5035869682438094,0.005519008165288719,0.0,0.0
2014-02-18,1.505383427971046,0.0011947827197085203,0.0,0.0
2014-02-19,1.4954155061872747,-0.00662151688304824,0.0,0.0
2014-02-20,1.5042401421832758,0.005901126449130212,0.0,0.0
2014-02-21,1.502524519282595,-0.0011405246094489119,0.0,0.0
2014-02-24,1.5108584263366034,0.005546603031801212,0.0,0.0
2014-02-25,1.5102865520363762,-0.00037850952164575347,0.0,0.0
2014-02-26,1.5103692400934465,5.47499128287221e-05,0.0,0.0
2014-02-27,1.5182940263966012,0.005246919821185081,0.0,0.0
2014-02-28,1.5221339301563537,0.0025290910014748036,0.0,0.0
2014-03-03,1.5114307634495139,-0.007031685251074005,0.0,0.0
2014-03-04,1.53267465185561,0.014055482341520875,0.0,0.0
2014-03-05,1.5340630707181446,0.0009058797056855639,0.0,0.0
2014-03-06,1.5375770045765773,0.002290605859371686,0.0,0.0
2014-03-07,1.5382298699742545,0.00042460663481169725,0.0,0.0
2014-03-10,1.5374131711511623,-0.0005309341854776717,0.0,0.0
2014-03-11,1.5298145090101118,-0.004942498401624085,0.0,0.0
2014-03-12,1.530223321229287,0.0002672299267443279,0.0,0.0
2014-03-13,1.513064469637488,-0.01121329896999268,0.0,0.0
2014-03-14,1.508816370732029,-0.0028076126237216448,0.0,0.0
2014-03-17,1.5224608256628216,0.009043151436760155,0.0,0.0
2014-03-18,1.5333278257950766,0.00713778637130047,0.0,0.0
2014-03-19,1.5251572893537992,-0.005328629862332734,0.0,0.0
2014-03-20,1.534063070718145,0.005839254368393165,0.0,0.0
2014-03-21,1.5281133873713224,-0.0038783824866062133,0.0,0.0
2014-03-24,1.5217939218058267,-0.004135469015402404,0.0,0.0
2014-03-25,1.5290158596289372,0.004745673983597376,0.0,0.0
2014-03-26,1.518019273734696,-0.007191937104504498,0.0,0.0
2014-03-27,1.5148180426525184,-0.0021088211049533623,0.0,0.0
2014-03-28,1.522286501958114,0.004930268253550807,0.0,0.0
2014-03-31,1.534760982590222,0.008194568247213763,0.0,0.0
2014-04-01,1.5449376300130242,0.006630770223013505,0.0,0.0
2014-04-02,1.5501079475776356,0.003346618959995107,0.0,0.0
2014-04-03,1.5480563273090262,-0.001323533804091226,0.0,0.0
2014-04-04,1.5297543441902413,-0.011822556321706368,0.0,0.0
2014-04-07,1.5128491104409791,-0.011050946717991339,0.0,0.0
2014-04-08,1.5190855794177252,0.004122333769907893,0.0,0.0
2014-04-09,1.53541724190714,0.010750982505985496,0.0,0.0
2014-04-10,1.5031651974514688,-0.021005394218193696,0.0,0.0
2014-04-11,1.4896234855210737,-0.009008798203520296,0.0,0.0
2014-04-14,1.5013593273209822,0.007878394717846016,0.0,0.0
2014-04-15,1.5116998081691997,0.0068874124002473724,0.0,0.0
2014-04-16,1.527538890496217,0.010477663780482871,0.0,0.0
2014-04-17,1.5296730445510023,0.001397119293042648,0.0,0.0
2014-04-21,1.5350073498119234,0.0034872192328438967,0.0,0.0
2014-04-22,1.5419824576107586,0.004544022411156368,0.0,0.0
2014-04-23,1.538371642965043,-0.0023416703788644577,0.0,0.0
2014-04-24,1.5414904945319394,0.0020273719820298464,0.0,0.0
2014-04-25,1.5288521804744162,-0.008198762238466273,0.0,0.0
2014-04-28,1.5336934427602555,0.003166599327043551,0.0,0.0
2014-04-29,1.540833926683342,0.004655743921181177,0.0,0.0
2014-04-30,1.5454303644463163,0.0029830844735281303,0.0,0.0
2014-05-01,1.5455940436008366,0.00010591169831131175,0.0,0.0
2014-05-02,1.5433781271042386,-0.001433698910637271,0.0,0.0
2014-05-05,1.5463332995065042,0.0019147429592061282,0.0,0.0
2014-05-06,1.532873350017922,-0.008704429693700555,0.0,0.0
2014-05-07,1.5419008494398396,0.0058892663388088184,0.0,0.0
2014-05-08,1.5402595840791309,-0.0010644428669359662,0.0,0.0
2014-05-09,1.5425574172884364,0.0014918480190333483,0.0,0.0
2014-05-12,1.5575759440806571,0.009736121731287462,0.0,0.0
2014-05-13,1.5589709964905591,0.0008956561092277049,0.0,0.0
2014-05-14,1.551585225242034,-0.00473759374943572,0.0,0.0
2014-05-15,1.537961133796357,-0.008780756109321497,0.0,0.0
2014-05-16,1.5432960561206361,0.003468827792227902,0.0,0.0
2014-05-19,1.54895879956664,0.0036692528459110196,0.0,0.0
2014-05-20,1.5391928155935275,-0.006304870068748691,0.0,0.0
2014-05-21,1.552159567846244,0.008424384600389745,0.0,0.0
2014-05-22,1.5559339073755853,0.0024316697893236316,0.0,0.0
2014-05-23,1.562172381843631,0.004009472663635272,0.0,0.0
2014-05-27,1.5717740695887548,0.006146368900589616,0.0,0.0
2014-05-28,1.5706247673068656,-0.0007312134130001979,0.0,0.0
2014-05-29,1.5787497944711686,0.005173117942253613,0.0,0.0
2014-05-30,1.581293686350276,0.001611333149822869,0.0,0.0
2014-06-02,1.5830989394072943,0.0011416304716835857,0.0,0.0
2014-06-03,1.582279309477645,-0.0005177376531855238,0.0,0.0
2014-06-04,1.585479306402776,0.002022396997776177,0.0,0.0
2014-06-05,1.595819632990209,0.006521893124479705,0.0,0.0
2014-06-06,1.6034530055972622,0.004783355492844699,0.0,0.0
2014-06-09,1.6050933453427132,0.0010230045655998943,0.0,0.0
2014-06-10,1.6052577958415966,0.0001024554113071563,0.0,0.0
2014-06-11,1.599676660576621,-0.0034767844015044513,0.0,0.0
2014-06-12,1.588351173684613,-0.007079860056172671,0.0,0.0
2014-06-13,1.5931938243882835,0.003048853920910144,0.0,0.0
2014-06-16,1.5945068058246936,0.0008241190847662061,0.0,0.0
2014-06-17,1.59893863881789,0.0027794381165429094,0.0,0.0
2014-06-18,1.6106744806177986,0.007339769966773213,0.0,0.0
2014-06-19,1.6124794251330274,0.001120614088662153,0.0,0.0
2014-06-20,1.6157537796082413,0.002030633336573384,0.0,0.0
2014-06-23,1.6152584226101812,-0.0003065795075412048,0.0,0.0
2014-06-24,1.6055280747183291,-0.006024019287346083,0.0,0.0
2014-06-25,1.6127847230175523,0.004519789104588723,0.0,0.0
2014-06-26,1.6116301755960167,-0.0007158719977055084,0.0,0.0
2014-06-27,1.6147633741539102,0.0019441175806569344,0.0,0.0
2014-06-30,1.613939578970767,-0.0005101646447579489,0.0,0.0
2014-07-01,1.6247417862169737,0.0066930679357251055,0.0,0.0
2014-07-02,1.6263910735529907,0.001015107354293665,0.0,0.0
2014-07-03,1.6343897545935442,0.004918055177885128,0.0,0.0
2014-07-07,1.6286995513124831,-0.0034815461031056927,0.0,0.0
2014-07-08,1.618226707866617,-0.006430187469153914,0.0,0.0
2014-07-09,1.625484127500093,0.004484797833453014,0.0,0.0
2014-07-10,1.6190522000093808,-0.003956930358098409,0.0,0.0
2014-07-11,1.6212781439725874,0.0013748438519731732,0.0,0.0
2014-07-14,1.629442355398177,0.005035663655827083,0.0,0.0
2014-07-15,1.6263910735529912,-0.0018725926910376778,0.0,0.0
2014-07-16,1.6324111034571867,0.00370146516547476,0.0,0.0
2014-07-17,1.613856736642802,-0.011366234139849607,0.0,0.0
2014-07-18,1.6303496099827537,0.010219539916697107,0.0,0.0
2014-07-21,1.627297865334994,-0.0018718345004491432,0.0,0.0
2014-07-22,1.6343897545935446,0.00435807691365131,0.0,0.0
2014-07-23,1.63801769307603,0.0022197511164572248,0.0,0.0
2014-07-24,1.6381008439356741,5.0763102251938363e-05,0.0,0.0
2014-07-25,1.6304315266954612,-0.004681834618793568,0.0,0.0
2014-07-28,1.6310908713898309,0.00040439888678189817,0.0,0.0
2014-07-29,1.6240824415327142,-0.0042967746187830835,0.0,0.0
2014-07-30,1.6243289630151996,0.00015179123681230422,0.0,0.0
2014-07-31,1.5922517050566993,-0.019748005908209687,0.0,0.0
2014-08-01,1.5873863768449339,-0.0030556275721446147,0.0,0.0
2014-08-04,1.5988491629324473,0.007221169498945024,0.0,0.0
2014-08-05,1.5833459236923537,-0.009696498956573874,0.0,0.0
2014-08-06,1.5838412806904139,0.00031285456364771314,0.0,0.0
2014-08-07,1.5752642460630504,-0.005415337213350524,0.0,0.0
2014-08-08,1.5934886319935164,0.01156909767742964,0.0,0.0
2014-08-11,1.5981062045758594,0.00289777566631666,0.0,0.0
2014-08-12,1.595880260612653,-0.0013928636012005002,0.0,0.0
2014-08-13,1.606683239203223,0.006769291441967473,0.0,0.0
2014-08-14,1.6142690970420026,0.004721439580424924,0.0,0.0
2014-08-15,1.6139395789707673,-0.0002041283400884275,0.0,0.0
2014-08-18,1.6274629329174566,0.00837909555159011,0.0,0.0
2014-08-19,1.6359566624142812,0.005219000276460051,0.0,0.0
2014-08-20,1.6403274049723495,0.002671673803154473,0.0,0.0
2014-08-21,1.6451095823345812,0.0029153797880443477,0.0,0.0
2014-08-22,1.6425533489456663,-0.0015538377603315778,0.0,0.0
2014-08-25,1.6508821651410337,0.005070651860844322,0.0,0.0
2014-08-26,1.6519543330270678,0.0006494514924646477,0.0,0.0
2014-08-27,1.6512940627275505,-0.0003996904068815921,0.0,0.0
2014-08-28,1.6503875794873368,-0.0005489532486517845,0.0,0.0
2014-08-29,1.6550872230532823,0.0028475999361345927,0.0,0.0
2014-09-02,1.6542626565156657,-0.000498201258599118,0.0,0.0
2014-09-03,1.653355401931089,-0.0005484344224317983,0.0,0.0
2014-09-04,1.6509643903854205,-0.0014461570348853758,0.0,0.0
2014-09-05,1.6583861062569956,0.0044953821625688395,0.0,0.0
2014-09-08,1.6540980517458879,-0.0025856792305055665,0.0,0.0
2014-09-09,1.643625362570916,-0.006331359355582267,0.0,0.0
2014-09-10,1.64980999724489,0.003762800705569669,0.0,0.0
2014-09-11,1.6517065773976454,0.0011495748940317796,0.0,0.0
2014-09-12,1.6420586090210747,-0.00584121205824073,0.0,0.0
2014-09-15,1.6408219906260473,-0.0007530902905863446,0.0,0.0
2014-09-16,1.65319110569299,0.007538365000961056,0.0,0.0
2014-09-17,1.6554175124688808,0.0013467328539475965,0.0,0.0
2014-09-18,1.6642409143179453,0.005330016012640382,0.0,0.0
2014-09-19,1.6627414219480254,-0.0009010067935593113,0.0,0.0
2014-09-22,1.6499000901936909,-0.007722987822899152,0.0,0.0
2014-09-23,1.6404559108582943,-0.005724091653506069,0.0,0.0
2014-09-24,1.6532963169973711,0.007827339981577808,0.0,0.0
2014-09-25,1.6266198541252403,-0.016135318634580398,0.0,0.0
2014-09-26,1.6395441824683243,0.00794551247503028,0.0,0.0
2014-09-29,1.6365615502310014,-0.0018191838129257842,0.0,0.0
2014-09-30,1.632253749318356,-0.0026322266413000284,0.0,0.0
2014-10-01,1.610133922874445,-0.013551708153924258,0.0,0.0
2014-10-02,1.6103816785038672,0.00015387268468947113,0.0,0.0
2014-10-03,1.628111787322425,0.011009879865889971,0.0,0.0
2014-10-06,1.6262053339638451,-0.0011709597420918039,0.0,0.0
2014-10-07,1.6011027210117168,-0.015436312025211008,0.0,0.0
2014-10-08,1.6291055866858868,0.017489737108481895,0.0,0.0
2014-10-09,1.5967950743699657,-0.019833283109445876,0.0,0.0
2014-10-10,1.578568528677306,-0.011414455107742194,0.0,0.0
2014-10-13,1.5526373381948517,-0.016427028672731825,0.0,0.0
2014-10-14,1.5550399198958544,0.0015474197624256725,0.0,0.0
2014-10-15,1.5445184817955624,-0.006766024438135787,0.0,0.0
2014-10-16,1.543192850317666,-0.0008582813954776114,0.0,0.0
2014-10-17,1.5614186246659632,0.011810432082124622,0.0,0.0
2014-10-20,1.5765803128668037,0.009710200686304793,0.0,0.0
2014-10-21,1.607814029230513,0.01981105314382292,0.0,0.0
2014-10-22,1.596380708469356,-0.007111096528140681,0.0,0.0
2014-10-23,1.6149386234637666,0.011624993271313278,0.0,0.0
2014-10-24,1.6273657435883855,0.007695103667757275,0.0,0.0
2014-10-27,1.6251283837407393,-0.0013748352860818436,0.0,0.0
2014-10-28,1.6437691410530049,0.011470329051393557,0.0,0.0
2014-10-29,1.6412835627632525,-0.0015121212752297053,0.0,0.0
2014-10-30,1.651805155134439,0.006410587792320621,0.0,0.0
2014-10-31,1.6706953650458576,0.011436100591344367,0.0,0.0
2014-11-03,1.671605550747102,0.0005447945330352422,0.0,0.0
2014-11-04,1.6658068965133135,-0.0034689130047437233,0.0,0.0
2014-11-05,1.676328180352821,0.006316028503381421,0.0,0.0
2014-11-06,1.683039025769043,0.004003300484282102,0.0,0.0
2014-11-07,1.6846133384916193,0.0009353988222922105,0.0,0.0
2014-11-10,1.6899149387677268,0.0031470724794655514,0.0,0.0
2014-11-11,1.6915722480689426,0.0009807057522221996,0.0,0.0
2014-11-12,1.689750179727054,-0.0010771448538297035,0.0,0.0
2014-11-13,1.6916550903969074,0.0011273327221430485,0.0,0.0
2014-11-14,1.6920691477557284,0.0002447646456842367,0.0,0.0
2014-11-17,1.6931460979788346,0.0006364693928346821,0.0,0.0
2014-11-18,1.702922417970455,0.005774055767125308,0.0,0.0
2014-11-19,1.7001883126968071,-0.0016055371899480475,0.0,0.0
2014-11-20,1.7031704821416664,0.001754023023560869,0.0,0.0
2014-11-21,1.7122837549879966,0.005350769604033134,0.0,0.0
2014-11-24,1.7170887641191075,0.0028061990993686337,0.0,0.0
2014-11-25,1.7158462835109656,-0.000723597192006209,0.0,0.0
2014-11-26,1.7202372352832556,0.002559058940469372,0.0,0.0
2014-11-28,1.7165923272450057,-0.0021188403340482997,0.0,0.0
2014-12-01,1.704661952526168,-0.006950033813785561,0.0,0.0
2014-12-02,1.71568075312593,0.00646392123871431,0.0,0.0
2014-12-03,1.7223086019432923,0.0038631014571250955,0.0,0.0
2014-12-04,1.7204030741999703,-0.0011063799723068923,0.0,0.0
2014-12-05,1.723219713259794,0.0016371971790003492,0.0,0.0
2014-12-08,1.7117041672441404,-0.00668257560370511,0.0,0.0
2014-12-09,1.7105437576196008,-0.0006779265054941419,0.0,0.0
2014-12-10,1.68312125102354,-0.016031455771831293,0.0,0.0
2014-12-11,1.6916550903969076,0.005070246346291496,0.0,0.0
2014-12-12,1.6643154261288122,-0.016161488487396514,0.0,0.0
2014-12-15,1.6528825681702295,-0.006869405750312252,0.0,0.0
2014-12-16,1.639627179067184,-0.008019558895656753,0.0,0.0
2014-12-17,1.671771235392922,0.019604491030714266,0.0,0.0
2014-12-18,1.7131127953107863,0.024729196819891275,0.0,0.0
2014-12-19,1.7204015315112442,0.00425467384308198,0.0,0.0
2014-12-22,1.728315056200854,0.004599812627845257,0.0,0.0
2014-12-23,1.7306483712205256,0.0013500518966724773,0.0,0.0
2014-12-24,1.7308146729499245,9.609215376404912e-05,0.0,0.0
2014-12-26,1.736396271027584,0.0032248386640647553,0.0,0.0
2014-12-29,1.7387281976294242,0.0013429691371429353,0.0,0.0
2014-12-30,1.729398331439649,-0.005365914121882587,0.0,0.0
2014-12-31,1.7122374743565503,-0.00992302164927683,0.0,0.0
2015-01-02,1.7113211179105128,-0.0005351806976318096,0.0,0.0
2015-01-05,1.6804150683976338,-0.018059760491131338,0.0,0.0
2015-01-06,1.6645874019550562,-0.009418902948585273,0.0,0.0
2015-01-07,1.6853308425044504,0.012461610922340993,0.0,0.0
2015-01-08,1.7152364590862799,0.017744656317681073,0.0,0.0
2015-01-09,1.7014914209375043,-0.008013494626914364,0.0,0.0
2015-01-12,1.6881625998996337,-0.007833610486573384,0.0,0.0
2015-01-13,1.6834145159400469,-0.0028125750208357614,0.0,0.0
2015-01-14,1.6732512898929837,-0.006037268866835199,0.0,0.0
2015-01-15,1.657923299972855,-0.009160602482553015,0.0,0.0
2015-01-16,1.6796653222126732,0.013114009701277629,0.0,0.0
2015-01-20,1.6832477514080741,0.0021328232166404337,0.0,0.0
2015-01-21,1.6917447205532454,0.005047961084791774,0.0,0.0
2015-01-22,1.7169024074564927,0.0148708529115551,0.0,0.0
2015-01-23,1.707489390396963,-0.005482558017653738,0.0,0.0
2015-01-26,1.7114880367133791,0.002341827913487915,0.0,0.0
2015-01-27,1.6889128088871672,-0.013190409364218447,0.0,0.0
2015-01-28,1.6672531661626298,-0.01282460681840003,0.0,0.0
2015-01-29,1.6826643069525131,0.009243431713105599,0.0,0.0
2015-01-30,1.661505574897361,-0.01257454143867398,0.0,0.0
2015-02-02,1.682081788102099,0.012384077137995275,0.0,0.0
2015-02-03,1.7064065779607422,0.014461121944664201,0.0,0.0
2015-02-04,1.699908314895256,-0.003808156361687298,0.0,0.0
2015-02-05,1.7170693262492496,0.010095257022759485,0.0,0.0
2015-02-06,1.7123210880288782,-0.002765315382310951,0.0,0.0
2015-02-09,1.7046567073966323,-0.004476018362343792,0.0,0.0
2015-02-10,1.7228175345980965,0.010653656611717244,0.0,0.0
2015-02-11,1.7238173504354575,0.0005803376255943959,0.0,0.0
2015-02-12,1.740394454531316,0.009616508437898519,0.0,0.0
2015-02-13,1.7475588501094337,0.004116535512661779,0.0,0.0
2015-02-17,1.750307765176652,0.0015730028588429867,0.0,0.0
2015-02-18,1.7504745297086246,9.527726225666555e-05,0.0,0.0
2015-02-19,1.7492249527404313,-0.0007138504142653046,0.0,0.0
2015-02-20,1.7597210907678607,0.006000450663012469,0.0,0.0
2015-02-23,1.7594716381788176,-0.00014175688997064562,0.0,0.0
2015-02-24,1.7644691747274472,0.002840362095181348,0.0,0.0
2015-02-25,1.7629701451601012,-0.0008495640438590524,0.0,0.0
2015-02-26,1.7608873626055146,-0.0011814054595901125,0.0,0.0
2015-02-27,1.7548893931460554,-0.003406219833723023,0.0,0.0
2015-03-02,1.7659688213581515,0.00631346240701447,0.0,0.0
2015-03-03,1.7587215834621783,-0.004103831170926053,0.0,0.0
2015-03-04,1.751307426753228,-0.004215651174505397,0.0,0.0
2015-03-05,1.7532239075885263,0.0010943143425430346,0.0,0.0
2015-03-06,1.7285655886659386,-0.014064557764617791,0.0,0.0
2015-03-09,1.735729521441483,0.00414443792154473,0.0,0.0
2015-03-10,1.707572695527501,-0.016221897228894444,0.0,0.0
2015-03-11,1.7035742034920895,-0.0023416233147112164,0.0,0.0
2015-03-12,1.7252333834039433,0.012713963305769349,0.0,0.0
2015-03-13,1.7146534774434012,-0.006132449129675144,0.0,0.0
2015-03-16,1.7375619257917687,0.01336039535085809,0.0,0.0
2015-03-17,1.7323976247111665,-0.0029721536849680597,0.0,0.0
2015-03-18,1.753223907588526,0.012021652870155553,0.0,0.0
2015-03-19,1.7452264606949093,-0.0045615661861564405,0.0,0.0
2015-03-20,1.7606314307298887,0.008826917527279265,0.0,0.0
2015-03-23,1.7572006477311004,-0.0019486094243847951,0.0,0.0
2015-03-24,1.747326058544476,-0.005619500083484663,0.0,0.0
2015-03-25,1.7217214550368098,-0.014653592203045851,0.0,0.0
2015-03-26,1.7176212998871532,-0.002381427691257376,0.0,0.0
2015-03-27,1.7215546905048376,0.002290022031016248,0.0,0.0
2015-03-30,1.7425566854946255,0.01219943525792333,0.0,0.0
2015-03-31,1.7273281989265474,-0.008739162803048428,0.0,0.0
2015-04-01,1.7212200815648504,-0.003536164908031325,0.0,0.0
2015-04-02,1.7274113497861914,0.00359702299993625,0.0,0.0
2015-04-06,1.739042443104513,0.006733250490545517,0.0,0.0
2015-04-07,1.7344406059309982,-0.002646190259335879,0.0,0.0
2015-04-08,1.7402975737440314,0.0033768627147017227,0.0,0.0
2015-04-09,1.747995584976348,0.0044233879012745,0.0,0.0
2015-04-10,1.7575352566811964,0.005457491876318166,0.0,0.0
2015-04-13,1.749585787368537,-0.0045230781473315496,0.0,0.0
2015-04-14,1.7529326481633183,0.0019129446632137892,0.0,0.0
2015-04-15,1.760798349532755,0.00448716690722728,0.0,0.0
2015-04-16,1.7602962047164328,-0.0002851801947993948,0.0,0.0
2015-04-17,1.7400464242054783,-0.0115036210705326,0.0,0.0
2015-04-20,1.7559450542788977,0.009136899942585597,0.0,0.0
2015-04-21,1.7538537869464288,-0.001190963992508176,0.0,0.0
2015-04-22,1.7624721655972724,0.004913966440639683,0.0,0.0
2015-04-23,1.7669066211653466,0.0025160428939718926,0.0,0.0
2015-04-24,1.7710063135124299,0.0023202654277107992,0.0,0.0
2015-04-27,1.763643682574573,-0.004157314901523268,0.0,0.0
2015-04-28,1.7692496551199477,0.0031786310357153624,0.0,0.0
2015-04-29,1.761969866510056,-0.004114619205280001,0.0,0.0
2015-04-30,1.7443147323150492,-0.010020111314375968,0.0,0.0
2015-05-01,1.7632249971596847,0.010841085323826771,0.0,0.0
2015-05-04,1.7682458282898776,0.0028475271949301995,0.0,0.0
2015-05-05,1.7479955849763493,-0.011452165185150132,0.0,0.0
2015-05-06,1.740800027102144,-0.004116462270299603,0.0,0.0
2015-05-07,1.747744743969475,0.003989382329509628,0.0,0.0
2015-05-08,1.7707553182346614,0.013165866665932446,0.0,0.0
2015-05-11,1.7623047839918324,-0.0047722766413903495,0.0,0.0
2015-05-12,1.7570331118547653,-0.0029913509768305646,0.0,0.0
2015-05-13,1.7573675665339676,0.00019035195008321182,0.0,0.0
2015-05-14,1.775692689963421,0.010427598516339787,0.0,0.0
2015-05-15,1.777617038503133,0.001083717104084947,0.0,0.0
2015-05-18,1.783140322991437,0.0031071284583068515,0.0,0.0
2015-05-19,1.7825542559609977,-0.0003286712901294786,0.0,0.0
2015-05-20,1.7812991253113692,-0.0007041191848333739,0.0,0.0
2015-05-21,1.7864867209735344,0.002912254089418198,0.0,0.0
2015-05-22,1.782219184208327,-0.002388787285741434,0.0,0.0
2015-05-26,1.7630580783568175,-0.010751262258475225,0.0,0.0
2015-05-27,1.7797928451231873,0.009491897613473244,0.0,0.0
2015-05-28,1.7777853457238308,-0.0011279399200064821,0.0,0.0
2015-05-29,1.766739393830801,-0.0062133214899082745,0.0,0.0
2015-06-01,1.7703377126958146,0.002036700419755455,0.0,0.0
2015-06-02,1.7685801286981853,-0.0009927958857934849,0.0,0.0
2015-06-03,1.7732661966073866,0.0026496214862770096,0.0,0.0
2015-06-04,1.7582882425043938,-0.00844653449755528,0.0,0.0
2015-06-05,1.75527568211792,-0.0017133484224308715,0.0,0.0
2015-06-08,1.7444816511078063,-0.006149479036301364,0.0,0.0
2015-06-09,1.744230964371827,-0.00014370270723118583,0.0,0.0
2015-06-10,1.7651498085019708,0.011993161775841754,0.0,0.0
2015-06-11,1.7708395489804583,0.0032233754047856777,0.0,0.0
2015-06-12,1.7572836443299606,-0.0076550722273524,0.0,0.0
2015-06-15,1.7497533232448739,-0.004285205242411494,0.0,0.0
2015-06-16,1.7592925321471486,0.005451744983449691,0.0,0.0
2015-06-17,1.7621372481154975,0.0016169658634752615,0.0,0.0
2015-06-18,1.780462371555061,0.01039937352164877,0.0,0.0
2015-06-19,1.772558720071275,-0.00443910054492358,0.0,0.0
2015-06-22,1.7816394422036863,0.005122945733524897,0.0,0.0
2015-06-23,1.7829004350664293,0.0007077710747036559,0.0,0.0
2015-06-24,1.7699518865265245,-0.007262631319859603,0.0,0.0
2015-06-25,1.7645699122264351,-0.0030407461022295967,0.0,0.0
2015-06-26,1.7642346862028695,-0.00018997605095882886,0.0,0.0
2015-06-29,1.7272376431650633,-0.02097059043626115,0.0,0.0
2015-06-30,1.7308535486795305,0.002093461504139693,0.0,0.0
2015-07-01,1.7447269384433552,0.008015345824266218,0.0,0.0
2015-07-02,1.743129331139216,-0.0009156775590136723,0.0,0.0
2015-07-06,1.7381678934845304,-0.002846282009059564,0.0,0.0
2015-07-07,1.7490992237002598,0.006288995589381896,0.0,0.0
2015-07-08,1.7197545283266815,-0.016777032987013163,0.0,0.0
2015-07-09,1.7228650493764799,0.0018087006014892992,0.0,0.0
2015-07-10,1.744558631222657,0.012591573468872852,0.0,0.0
2015-07-13,1.7638141495574657,0.011037472739631404,0.0,0.0
2015-07-14,1.771465263084867,0.004337822966961058,0.0,0.0
2015-07-15,1.7708768820213387,-0.0003321437206754707,0.0,0.0
2015-07-16,1.7850868862265603,0.008024275628355282,0.0,0.0
2015-07-17,1.786600417055798,0.0008478751599800827,0.0,0.0
2015-07-20,1.7875251040088236,0.000517567859157575,0.0,0.0
2015-07-21,1.7804622172841662,-0.003951209808923939,0.0,0.0
2015-07-22,1.7772673112176764,-0.0017944250855056465,0.0,0.0
2015-07-23,1.7672603594334035,-0.005630527113795192,0.0,0.0
2015-07-24,1.7489310707504566,-0.010371583669099849,0.0,0.0
2015-07-27,1.7387568916215272,-0.005817369991925281,0.0,0.0
2015-07-28,1.7601144761098864,0.012283249366989768,0.0,0.0
2015-07-29,1.7722222599007729,0.006878975177595503,0.0,0.0
2015-07-30,1.7726429508069612,0.00023738044358601051,0.0,0.0
2015-07-31,1.7699518865265245,-0.0015181084714277482,0.0,0.0
2015-08-03,1.763981839704696,-0.003372999496356055,0.0,0.0
2015-08-04,1.760534704213501,-0.0019541785598949923,0.0,0.0
2015-08-05,1.7663365980855257,0.00329552939691502,0.0,0.0
2015-08-06,1.7518740559138095,-0.00818787437648727,0.0,0.0
2015-08-07,1.7485102255632634,-0.0019201325227636845,0.0,0.0
2015-08-10,1.7705405761217319,0.012599497696029527,0.0,0.0
2015-08-11,1.754564657401783,-0.009023187005938738,0.0,0.0
2015-08-12,1.7566667235452234,0.0011980556741368886,0.0,0.0
2015-08-13,1.7544810437294551,-0.0012442199686900635,0.0,0.0
2015-08-14,1.760870855852324,0.003641995532357667,0.0,0.0
2015-08-17,1.7707087290715358,0.005586936251750219,0.0,0.0
2015-08-18,1.7655792927379412,-0.002896826705250488,0.0,0.0
2015-08-19,1.7516215179574253,-0.007905493023126264,0.0,0.0
2015-08-20,1.715045628628381,-0.020881160087423134,0.0,0.0
2015-08-21,1.6634183532716287,-0.030102566657682184,0.0,0.0
2015-08-24,1.593377404215238,-0.04210663476126342,0.0,0.0
2015-08-25,1.5746269618033086,-0.01176773460093361,0.0,0.0
2015-08-26,1.6350828841386613,0.03839380615337418,0.0,0.0
2015-08-27,1.6755264455941943,0.02473486931326918,0.0,0.0
2015-08-28,1.675610676339991,5.0271212381103325e-05,0.0,0.0
2015-08-31,1.6620729754023047,-0.008079263953638893,0.0,0.0
2015-09-01,1.6124641525267749,-0.02984756001072819,0.0,0.0
2015-09-02,1.6430701492947755,0.018980885075826404,0.0,0.0
2015-09-03,1.6442473742244057,0.0007164788004550005,0.0,0.0
2015-09-04,1.6193593491143128,-0.015136423813255417,0.0,0.0
2015-09-08,1.6600549857236568,0.025130701614562545,0.0,0.0
2015-09-09,1.637857099288853,-0.013371777818026453,0.0,0.0
2015-09-10,1.64676997701325,0.005441792039285298,0.0,0.0
2015-09-11,1.654253863195995,0.004544585028395165,0.0,0.0
2015-09-14,1.6481153548926841,-0.0037107414042555353,0.0,0.0
2015-09-15,1.6687164053677113,0.012499762479531329,0.0,0.0
2015-09-16,1.6831778676532752,0.008666219280307974,0.0,0.0
2015-09-17,1.6793944262725828,-0.002247796536183788,0.0,0.0
2015-09-18,1.6519500135026801,-0.016341850574564276,0.0,0.0
2015-09-21,1.660487401066184,0.005168066523636439,0.0,0.0
2015-09-22,1.6389343580537485,-0.012979949741621977,0.0,0.0
2015-09-23,1.6363142574041534,-0.0015986611280188745,0.0,0.0
2015-09-24,1.630397741844718,-0.0036157575066425585,0.0,0.0
2015-09-25,1.629975816781483,-0.00025878658465117166,0.0,0.0
2015-09-28,1.5890671350087198,-0.025097723138948647,0.0,0.0
2015-09-29,1.589997221372286,0.000585303378992208,0.0,0.0
2015-09-30,1.6196632585708963,0.01865791763648894,0.0,0.0
2015-10-01,1.6238899141151972,0.002609589074725527,0.0,0.0
2015-10-02,1.648147442793919,0.014937914490305015,0.0,0.0
2015-10-05,1.677475322872517,0.01779445170808369,0.0,0.0
2015-10-06,1.6717286572123957,-0.0034257825326936553,0.0,0.0
2015-10-07,1.685420781192467,0.008190398556009004,0.0,0.0
2015-10-08,1.7006346122277591,0.009026725672937275,0.0,0.0
2015-10-09,1.7016486208054424,0.000596253051885709,0.0,0.0
2015-10-12,1.7032540958038858,0.0009434820907288088,0.0,0.0
2015-10-13,1.6925200753427478,-0.006302066431298825,0.0,0.0
2015-10-14,1.684406464072994,-0.004793805041343857,0.0,0.0
2015-10-15,1.710269622031164,0.015354463729396528,0.0,0.0
2015-10-16,1.7180458475151579,0.004546783374868468,0.0,0.0
2015-10-19,1.7188906232568857,0.0004917073330432675,0.0,0.0
2015-10-20,1.7166932190148885,-0.001278385146946448,0.0,0.0
2015-10-21,1.7060438921021208,-0.006203395455175564,0.0,0.0
2015-10-22,1.7348651535590036,0.01689362248550963,0.0,0.0
2015-10-23,1.7538823266676404,0.010961758652898057,0.0,0.0
2015-10-26,1.7495712861066484,-0.002457998746804746,0.0,0.0
2015-10-27,1.7461911032636956,-0.0019320063548109445,0.0,0.0
2015-10-28,1.7660530521039497,0.011374441665136903,0.0,0.0
2015-10-29,1.7650388892654818,-0.0005742538918973583,0.0,0.0
2015-10-30,1.757431588065544,-0.004309990701170108,0.0,0.0
2015-11-02,1.7782236232794744,0.011830921530673555,0.0,0.0
2015-11-03,1.7833791310302944,0.0028992460134524833,0.0,0.0
2015-11-04,1.7779703139686165,-0.0030329036420613242,0.0,0.0
2015-11-05,1.776195451863323,-0.0009982518219507908,0.0,0.0
2015-11-06,1.7752659825732249,-0.0005232922362924386,0.0,0.0
2015-11-09,1.7586990602148693,-0.009332078979140901,0.0,0.0
2015-11-10,1.7627563286624301,0.0023069714082095683,0.0,0.0
2015-11-11,1.755825958796206,-0.003931552962559981,0.0,0.0
2015-11-12,1.7313148122749473,-0.01395989528373498,0.0,0.0
2015-11-13,1.711875251300502,-0.011228206930720908,0.0,0.0
2015-11-16,1.7379076420845176,0.01520694382621568,0.0,0.0
2015-11-17,1.7366400156744073,-0.000729398029799766,0.0,0.0
2015-11-18,1.7641931879084962,0.015865793708196296,0.0,0.0
2015-11-19,1.7626719436457392,-0.0008622889336515893,0.0,0.0
2015-11-20,1.769095386358569,0.0036441509924667326,0.0,0.0
2015-11-23,1.767067369213312,-0.0011463582805624206,0.0,0.0
2015-11-24,1.7694336977595861,0.0013391275213958664,0.0,0.0
2015-11-25,1.7691803884487283,-0.00014315840778811317,0.0,0.0
2015-11-27,1.7712084055939854,0.0011463032026006736,0.0,0.0
2015-11-30,1.7638550307783738,-0.004151614678649662,0.0,0.0
2015-12-01,1.780674799634903,0.009535800030633368,0.0,0.0
2015-12-02,1.762502865080678,-0.010205083240325985,0.0,0.0
2015-12-03,1.7378232570779368,-0.014002591707339751,0.0,0.0
2015-12-04,1.7717154870182745,0.019502690968312697,0.0,0.0
2015-12-07,1.7609817750888157,-0.0060583722432336895,0.0,0.0
2015-12-08,1.7491493610434132,-0.006719214368249626,0.0,0.0
2015-12-09,1.735541005006565,-0.007779985140165868,0.0,0.0
2015-12-10,1.7400208155908288,0.002581218519954742,0.0,0.0
2015-12-11,1.7062973556737633,-0.019381066947532277,0.0,0.0
2015-12-14,1.714918665441274,0.005052642049079736,0.0,0.0
2015-12-15,1.7329204415442858,0.010497160282747053,0.0,0.0
2015-12-16,1.7582769808908505,0.014632258203364668,0.0,0.0
2015-12-17,1.7314841993716883,-0.015238089226185192,0.0,0.0
2015-12-18,1.7006380061368902,-0.017814885776024636,0.0,0.0
2015-12-21,1.7146662817456741,0.008248831061143935,0.0,0.0
2015-12-22,1.7302256748129288,0.009074298149383209,0.0,0.0
2015-12-23,1.751651908899041,0.012383491008147729,0.0,0.0
2015-12-24,1.7487609122992447,-0.0016504401274641811,0.0,0.0
2015-12-28,1.744764734286812,-0.0022851482923291755,0.0,0.0
2015-12-29,1.7633849738632872,0.010672063236128126,0.0,0.0
2015-12-30,1.750886427305253,-0.00708781505076117,0.0,0.0
2015-12-31,1.7333712148705196,-0.010003625684442907,0.0,0.0
2016-01-04,1.7091403746926022,-0.013979025364008635,0.0,0.0
2016-01-05,1.7120305999480352,0.0016910403020307108,0.0,0.0
2016-01-06,1.6904349787550728,-0.01261403925468263,0.0,0.0
2016-01-07,1.649879109645218,-0.023991380691685826,0.0,0.0
2016-01-08,1.6317685740578,-0.01097688641643102,0.0,0.0
2016-01-11,1.6333843850747511,0.0009902206983511963,0.0,0.0
2016-01-12,1.6465624855312668,0.008067972595386719,0.0,0.0
2016-01-13,1.605496449619671,-0.024940466136240014,0.0,0.0
2016-01-14,1.6318532676061703,0.016416615553863645,0.0,0.0
2016-01-15,1.5968237683620716,-0.021466083954646775,0.0,0.0
2016-01-19,1.5989497461706537,0.0013313791106470685,0.0,0.0
2016-01-20,1.578458843587754,-0.012815226139516689,0.0,0.0
2016-01-21,1.5873015290256725,0.005602100728720583,0.0,0.0
2016-01-22,1.6198653506524512,0.02051520837806242,0.0,0.0
2016-01-25,1.5953784243280134,-0.015116643068249447,0.0,0.0
2016-01-26,1.6171449753064422,0.013643503413678815,0.0,0.0
2016-01-27,1.5995449150524441,-0.010883415230389604,0.0,0.0
2016-01-28,1.6078766623543685,0.005208823599461843,0.0,0.0
2016-01-29,1.6470732694064762,0.02437786925441987,0.0,0.0
2016-02-01,1.6464774834411076,-0.0003617240206826855,0.0,0.0
2016-02-02,1.6168049669559144,-0.01802181735469477,0.0,0.0
2016-02-03,1.6264973647334169,0.005994784761053307,0.0,0.0
2016-02-04,1.6290472730965337,0.0015677297845082538,0.0,0.0
2016-02-05,1.5980139518547574,-0.019049982007451227,0.0,0.0
2016-02-08,1.5765036412937437,-0.013460652540641105,0.0,0.0
2016-02-09,1.5765886433839031,5.391810582167089e-05,0.0,0.0
2016-02-10,1.5752281471691094,-0.0008629367086354645,0.0,0.0
2016-02-11,1.5547372445862095,-0.013008212568906052,0.0,0.0
2016-02-12,1.5867912079530366,0.020616965007073107,0.0,0.0
2016-02-16,1.6135734991929065,0.016878270503161596,0.0,0.0
2016-02-17,1.6399309342629842,0.016334821489855544,0.0,0.0
2016-02-18,1.6332133010183902,-0.004096290340186215,0.0,0.0
2016-02-19,1.632448899300644,-0.00046803544721896184,0.0,0.0
2016-02-22,1.6560853419411343,0.014479131720825267,0.0,0.0
2016-02-23,1.635169737459337,-0.012629545079652527,0.0,0.0
2016-02-24,1.6426516181406725,0.004575598795609093,0.0,0.0
2016-02-25,1.6625478146544659,0.012112243578656035,0.0,0.0
2016-02-26,1.658721332280563,-0.002301577338212235,0.0,0.0
2016-02-29,1.6457126189207876,-0.007842615336651981,0.0,0.0
2016-03-01,1.6843984420976863,0.02350703441908819,0.0,0.0
2016-03-02,1.6919648620767176,0.004492060660901798,0.0,0.0
2016-03-03,1.6985968761475736,0.003919711466534803,0.0,0.0
2016-03-04,1.7041237088159031,0.0032537635891951577,0.0,0.0
2016-03-07,1.705483279415439,0.0007978121497298485,0.0,0.0
2016-03-08,1.6868633483807534,-0.010917686065540222,0.0,0.0
2016-03-09,1.6951961755587202,0.004939835337560483,0.0,0.0
2016-03-10,1.6965560547000456,0.0008021957345893949,0.0,0.0
2016-03-11,1.7239335148217059,0.016137079612439154,0.0,0.0
2016-03-14,1.7217233062673274,-0.001282072965909653,0.0,0.0
2016-03-15,1.7189176202893697,-0.001629580065359293,0.0,0.0
2016-03-16,1.7288650243373507,0.005787016160964331,0.0,0.0
2016-03-17,1.7398329162394879,0.006343983912995732,0.0,0.0
2016-03-18,1.7466705705719228,0.003930063782914273,0.0,0.0
2016-03-21,1.7491490525016242,0.0014189750325328543,0.0,0.0
2016-03-22,1.7482086301296604,-0.0005376456458178192,0.0,0.0
2016-03-23,1.7366713322312797,-0.006599497165006629,0.0,0.0
2016-03-24,1.7359018396447823,-0.00044308475197130104,0.0,0.0
2016-03-28,1.7369272641069056,0.0005907156952682513,0.0,0.0
2016-03-29,1.7529943556719179,0.009250296139069247,0.0,0.0
2016-03-30,1.7606863504101153,0.0043879175727574715,0.0,0.0
2016-03-31,1.7564127971608987,-0.002427208712228124,0.0,0.0
2016-04-01,1.76837757381406,0.006812052766013377,0.0,0.0
2016-04-04,1.762651425899839,-0.003238079920834358,0.0,0.0
2016-04-05,1.7450467375897734,-0.009987617546718508,0.0,0.0
2016-04-06,1.7641043291066323,0.010920963379571713,0.0,0.0
2016-04-07,1.742995425862953,-0.011965790738901028,0.0,0.0
2016-04-08,1.7476961493049408,0.002696922420011738,0.0,0.0
2016-04-11,1.743594142924769,-0.002347093561889002,0.0,0.0
2016-04-12,1.7598318557334582,0.009312782378043227,0.0,0.0
2016-04-13,1.7776077823808893,0.010100923329418032,0.0,0.0
2016-04-14,1.7776929387318334,4.790502820029019e-05,0.0,0.0
2016-04-15,1.7757267833660673,-0.001106015174459074,0.0,0.0
2016-04-18,1.7882045036364118,0.0070268243894433535,0.0,0.0
2016-04-19,1.7938458037313678,0.0031547287144642056,0.0,0.0
2016-04-20,1.7955544845428923,0.0009525237943921461,0.0,0.0
2016-04-21,1.7858972600339658,-0.005378407946994179,0.0,0.0
2016-04-22,1.7858972600339658,0.0,0.0,0.0
2016-04-25,1.782820832386812,-0.0017226229727768105,0.0,0.0
2016-04-26,1.7854696270285113,0.0014857323818417978,0.0,0.0
2016-04-27,1.7891449260184857,0.002058449460207834,0.0,0.0
2016-04-28,1.7729072131996866,-0.009075683351674635,0.0,0.0
2016-04-29,1.7633352993227092,-0.005398993137211261,0.0,0.0
2016-05-02,1.777351079160901,0.00794844851320975,0.0,0.0
2016-05-03,1.7618825503969202,-0.008703136338873319,0.0,0.0
2016-05-04,1.7520545503734224,-0.0055781243881913856,0.0,0.0
2016-05-05,1.751712536521485,-0.00019520730782296436,0.0,0.0
2016-05-06,1.758121632243318,0.003658759978141246,0.0,0.0
2016-05-09,1.7595749982526852,0.0008266583965028662,0.0,0.0
2016-05-10,1.7814529312701783,0.01243364621526144,0.0,0.0
2016-05-11,1.7647885110611818,-0.009354398264743824,0.0,0.0
2016-05-12,1.7653008376251171,0.0002903047933076053,0.0,0.0
2016-05-13,1.7499182365564432,-0.008713869466786428,0.0,0.0
2016-05-16,1.7671813738272555,0.009865110786423603,0.0,0.0
2016-05-17,1.750687266330257,-0.009333567986446356,0.0,0.0
2016-05-18,1.7512002099676602,0.00029299558365925016,0.0,0.0
2016-05-19,1.745132202482507,-0.003465056394245991,0.0,0.0
2016-05-20,1.7561564024826997,0.006317114534079682,0.0,0.0
2016-05-23,1.753763693987521,-0.0013624689075506513,0.0,0.0
2016-05-24,1.7764958131398816,0.012961905432467224,0.0,0.0
2016-05-25,1.7885468260200288,0.006783586423909194,0.0,0.0
2016-05-26,1.789059461115643,0.0002866210088303678,0.0,0.0
2016-05-27,1.7967506845195875,0.004299031737686532,0.0,0.0
2016-05-31,1.7933320887496018,-0.0019026544970538461,0.0,0.0
2016-06-01,1.7970073877395762,0.0020494246509228375,0.0,0.0
2016-06-02,1.8024768324236984,0.0030436406224250145,0.0,0.0
2016-06-03,1.7970926983614148,-0.00298707532070952,0.0,0.0
2016-06-06,1.8062379048481951,0.005088889680047615,0.0,0.0
2016-06-07,1.809057783546255,0.0015611889721121042,0.0,0.0
2016-06-08,1.8149545527041526,0.0032595803249237942,0.0,0.0
2016-06-09,1.8124757622326624,-0.001365758976056508,0.0,0.0
2016-06-10,1.7952983983963724,-0.009477292990186181,0.0,0.0
2016-06-13,1.7814529312701783,-0.007712070115230563,0.0,0.0
2016-06-14,1.7779491791492485,-0.0019667946648647128,0.0,0.0
2016-06-15,1.775471160022121,-0.0013937513828788939,0.0,0.0
2016-06-16,1.7807695206599923,0.0029841997759092465,0.0,0.0
2016-06-17,1.7741382779233892,-0.0037238074100377494,0.0,0.0
2016-06-20,1.7855629596256588,0.0064395666586045675,0.0,0.0
2016-06-21,1.7906317683469193,0.002838773448976095,0.0,0.0
2016-06-22,1.787710997868867,-0.0016311396512017629,0.0,0.0
2016-06-23,1.8109912339373178,0.01302237111938287,0.0,0.0
2016-06-24,1.7459603172001488,-0.03590901795575441,0.0,0.0
2016-06-27,1.7146903476716007,-0.017909897046625378,0.0,0.0
2016-06-28,1.7456167606594857,0.018036150392915173,0.0,0.0
2016-06-29,1.7753406486549879,0.017027728345294202,0.0,0.0
2016-06-30,1.7995660894223648,0.013645516867836216,0.0,0.0
2016-07-01,1.8033453655596732,0.0021001041081638583,0.0,0.0
2016-07-05,1.7903738309698844,-0.0071930395793946555,0.0,0.0
2016-07-06,1.8011120166946264,0.005997733846972553,0.0,0.0
2016-07-07,1.7999955736583348,-0.0006198631878212568,0.0,0.0
2016-07-08,1.826798228373211,0.014890400347153054,0.0,0.0
2016-07-11,1.833241108945789,0.003526870385852865,0.0,0.0
2016-07-12,1.8465566628687045,0.007263394791846345,0.0,0.0
2016-07-13,1.8462988797726738,-0.00013960205024532435,0.0,0.0
2016-07-14,1.856608198334914,0.005583775560493054,0.0,0.0
2016-07-15,1.8541166035510426,-0.0013420143173481502,0.0,0.0
2016-07-18,1.8590990217643124,0.0026872194573563934,0.0,0.0
2016-07-19,1.85720861235635,-0.0010168416990334883,0.0,0.0
2016-07-20,1.8649405627001965,0.004163210472105439,0.0,0.0
2016-07-21,1.8578961882200298,-0.0037772648743117365,0.0,0.0
2016-07-22,1.8662296324815748,0.004485419752935149,0.0,0.0
2016-07-25,1.861160515228635,-0.002716234467994849,0.0,0.0
2016-07-26,1.8620196379613594,0.00046160593118904636,0.0,0.0
2016-07-27,1.8600439179315589,-0.0010610629391447635,0.0,0.0
2016-07-28,1.862191647632978,0.0011546661241244038,0.0,0.0
2016-07-29,1.8651981915354428,0.0016145190567717904,0.0,0.0
2016-08-01,1.8636518014707175,-0.0008290754686247626,0.0,0.0
2016-08-02,1.851711245014377,-0.006407074780233946,0.0,0.0
2016-08-03,1.8571229931927224,0.0029225659199922926,0.0,0.0
2016-08-04,1.859099021764312,0.0010640267655037672,0.0,0.0
2016-08-05,1.874304522292616,0.008178962147951552,0.0,0.0
2016-08-08,1.8731880792563245,-0.0005956572280613193,0.0,0.0
2016-08-09,1.874304522292616,0.0005960122470642926,0.0,0.0
2016-08-10,1.8696655063491148,-0.002475059889321951,0.0,0.0
2016-08-11,1.8783414272550607,0.004640359934161342,0.0,0.0
2016-08-12,1.8767101893609603,-0.000868445890843228,0.0,0.0
2016-08-15,1.8821216289975164,0.002883471122623771,0.0,0.0
2016-08-16,1.8724147299581222,-0.005157423882623635,0.0,0.0
2016-08-17,1.8759366857918636,0.0018809699461295182,0.0,0.0
2016-08-18,1.880145754696821,0.0022437158656987144,0.0,0.0
2016-08-19,1.8773968396194924,-0.0014620755175290823,0.0,0.0
2016-08-22,1.8773110661950803,-4.568742345889554e-05,0.0,0.0
2016-08-23,1.881090650864068,0.0020132969634318876,0.0,0.0
2016-08-24,1.8714699880516594,-0.0051144067979866925,0.0,0.0
2016-08-25,1.8701812268221802,-0.0006886357984403624,0.0,0.0
2016-08-26,1.8666591167175444,-0.0018832988237298398,0.0,0.0
2016-08-29,1.875850758086446,0.004924113506629357,0.0,0.0
2016-08-30,1.872758595020354,-0.0016484056915307965,0.0,0.0
2016-08-31,1.8674318489422779,-0.0028443314008756992,0.0,0.0
2016-09-01,1.8675179309084795,4.6096443225174255e-05,0.0,0.0
2016-09-02,1.8759366857918631,0.004507991459706151,0.0,0.0
2016-09-06,1.881606217066239,0.003022240205288629,0.0,0.0
2016-09-07,1.8814346701971942,-9.117044123729823e-05,0.0,0.0
2016-09-08,1.877139210794356,-0.0022830765643262474,0.0,0.0
2016-09-09,1.8322107478858076,-0.023934539670894206,0.0,0.0
2016-09-12,1.8584973735858281,0.014346944384183269,0.0,0.0
2016-09-13,1.8317812636498374,-0.014375113097116698,0.0,0.0
2016-09-14,1.8310933792443687,-0.0003755275911591083,0.0,0.0
2016-09-15,1.8493918141831278,0.009993174103611446,0.0,0.0
2016-09-16,1.8422428454821584,-0.003865578211249443,0.0,0.0
2016-09-19,1.8425877904305428,0.00018724184448881687,0.0,0.0
2016-09-20,1.8426746437411072,4.7136592902452534e-05,0.0,0.0
2016-09-21,1.8633958695950905,0.011245189661867716,0.0,0.0
2016-09-22,1.8751381906815823,0.0063015708460507636,0.0,0.0
2016-09-23,1.8648640453980285,-0.0054791403292892005,0.0,0.0
2016-09-26,1.8497543457708552,-0.008102306258979008,0.0,0.0
2016-09-27,1.8612378038751638,0.00620809900004482,0.0,0.0
2016-09-28,1.8704758801565176,0.004963404602098542,0.0,0.0
2016-09-29,1.8535532140388065,-0.009047251716656768,0.0,0.0
2016-09-30,1.8675407626874683,0.0075463431762952116,0.0,0.0
2016-10-03,1.863050616104917,-0.0024043098133450513,0.0,0.0
2016-10-04,1.8535532140388065,-0.0050977692092804006,0.0,0.0
2016-10-05,1.8617553755787448,0.0044251017331551346,0.0,0.0
2016-10-06,1.863050616104917,0.0006957092984192226,0.0,0.0
2016-10-07,1.8566615753264106,-0.0034293436384803533,0.0,0.0
2016-10-10,1.8663319126692868,0.005208454503172533,0.0,0.0
2016-10-11,1.84276010864395,-0.012630017128959503,0.0,0.0
2016-10-12,1.8451781172119917,0.0013121667637037149,0.0,0.0
2016-10-13,1.8391338671210853,-0.003275700071730281,0.0,0.0
2016-10-14,1.8400840084279784,0.0005166243327248132,0.0,0.0
2016-10-17,1.8336948133785775,-0.003472230083048866,0.0,0.0
2016-10-18,1.8451781172119917,0.006262385512372237,0.0,0.0
2016-10-19,1.8500994449901336,0.002667128843679256,0.0,0.0
2016-10-20,1.8466456759515713,-0.001866801834849885,0.0,0.0
2016-10-21,1.847509272479579,0.0004676568652308699,0.0,0.0
2016-10-24,1.8553663348002387,0.004252786406919951,0.0,0.0
2016-10-25,1.8491497664959247,-0.0033505880686270917,0.0,0.0
2016-10-26,1.8454372887359638,-0.002007667430310889,0.0,0.0
2016-10-27,1.840515498155248,-0.0026670050566101056,0.0,0.0
2016-10-28,1.8350762901418458,-0.0029552633590176347,0.0,0.0
2016-10-31,1.8351629891815158,4.724546883183578e-05,0.0,0.0
2016-11-01,1.821865947513201,-0.007245700652586229,0.0,0.0
2016-11-02,1.8109011409885158,-0.006018448579958369,0.0,0.0
2016-11-03,1.802612434669692,-0.004577116956422822,0.0,0.0
2016-11-04,1.8006268414340676,-0.0011015086756506198,0.0,0.0
2016-11-07,1.8403428714101617,0.022056779929184644,0.0,0.0
2016-11-08,1.8486317319897698,0.004503976247239638,0.0,0.0
2016-11-09,1.8682309611260266,0.010602019210803615,0.0,0.0
2016-11-10,1.8728931173903067,0.0024954924531761513,0.0,0.0
2016-11-11,1.8685762146162004,-0.00230493813769872,0.0,0.0
2016-11-14,1.8700442361583536,0.0007856364277090133,0.0,0.0
2016-11-15,1.8846354384767983,0.007802597412572165,0.0,0.0
2016-11-16,1.8810960502644978,-0.0018780227411838712,0.0,0.0
2016-11-17,1.8907659248048005,0.005140553316744789,0.0,0.0
2016-11-18,1.886535412548795,-0.0022374595398118036,0.0,0.0
2016-11-21,1.9007808985744923,0.007551136295104621,0.0,0.0
2016-11-22,1.904493684866132,0.00195329524535115,0.0,0.0
2016-11-23,1.905530062410121,0.0005441748388164136,0.0,0.0
2016-11-25,1.9126102272424426,0.003715588104323375,0.0,0.0
2016-11-28,1.9036303968698032,-0.004695065541705401,0.0,0.0
2016-11-29,1.9073434917032324,0.0019505334856675383,0.0,0.0
2016-11-30,1.9027672631544794,-0.002399268180408587,0.0,0.0
2016-12-01,1.8957734888200386,-0.0036755805451720303,0.0,0.0
2016-12-02,1.8967233215952521,0.0005010265101896838,0.0,0.0
2016-12-05,1.9081202349206756,0.0060087379090367765,0.0,0.0
2016-12-06,1.914164485021692,0.00316764635183886,0.0,0.0
2016-12-07,1.9392024593586668,0.013080367195659859,0.0,0.0
2016-12-08,1.9439517774651904,0.0024491089538398736,0.0,0.0
2016-12-09,1.9556937900200029,0.006040279749183641,0.0,0.0
2016-12-12,1.9534490252604064,-0.0011478099337696168,0.0,0.0
2016-12-13,1.9664855069970275,0.006673571497409991,0.0,0.0
2016-12-14,1.9502541192040266,-0.00825400834903045,0.0,0.0
2016-12-15,1.9582841168014522,0.004117410914995512,0.0,0.0
2016-12-16,1.954454240518418,-0.001955730657352106,0.0,0.0
2016-12-19,1.9587097443156074,0.0021773361120291934,0.0,0.0
2016-12-20,1.9662655197444516,0.0038575268493823422,0.0,0.0
2016-12-21,1.9607942238298146,-0.002782582443569548,0.0,0.0
2016-12-22,1.957406790355916,-0.001727582340222411,0.0,0.0
2016-12-23,1.9602727954145285,0.001464184692079984,0.0,0.0
2016-12-27,1.9651359638641002,0.0024808631028025996,0.0,0.0
2016-12-28,1.9488954742197484,-0.008264308395444342,0.0,0.0
2016-12-29,1.9484612076467058,-0.0002228270211446226,0.0,0.0
2016-12-30,1.9413401615934778,-0.0036547025033301095,0.0,0.0
2017-01-03,1.9561909982384684,0.007649785925615937,0.0,0.0
2017-01-04,1.9678285708433731,0.005949098332107772,0.0,0.0
2017-01-05,1.966265519744452,-0.0007943024723191527,0.0,0.0
2017-01-06,1.9733004838314787,0.003577830164026352,0.0,0.0
2017-01-09,1.9667861768153752,-0.0033012240505080337,0.0,0.0
2017-01-10,1.9667861768153752,0.0,0.0,0.0
2017-01-11,1.9723452516558344,0.0028264764650016705,0.0,0.0
2017-01-12,1.96739461281212,-0.002510026497418827,0.0,0.0
2017-01-13,1.9719105222802178,0.0022953755381300844,0.0,0.0
2017-01-17,1.9649627200455448,-0.00352338615579717,0.0,0.0
2017-01-18,1.9693049228925141,0.0022098143657751645,0.0,0.0
2017-01-19,1.9620097074054732,-0.0037044621187082294,0.0,0.0
2017-01-20,1.9692185323845235,0.003674204542332804,0.0,0.0
2017-01-23,1.9640946497222542,-0.0026019878332471658,0.0,0.0
2017-01-24,1.9766874545028035,0.0064115060760081555,0.0,0.0
2017-01-25,1.9937967858148087,0.008655557191416863,0.0,0.0
2017-01-26,1.9917119977689226,-0.0010456371786325969,0.0,0.0
2017-01-27,1.9885858955710805,-0.0015695553379926341,0.0,0.0
2017-01-30,1.9762531879297611,-0.006201747517563305,0.0,0.0
2017-01-31,1.976079635579527,-8.781888438902374e-05,0.0,0.0
2017-02-01,1.9768611611239326,0.0003954929398259921,0.0,0.0
2017-02-02,1.9781639608228396,0.0006590243789130756,0.0,0.0
2017-02-03,1.9917986968085928,0.00689262177240435,0.0,0.0
2017-02-06,1.9882380195161393,-0.0017876692550098383,0.0,0.0
2017-02-07,1.9883250270975983,4.3761149623344764e-05,0.0,0.0
2017-02-08,1.9909307807561967,0.0013105270129813995,0.0,0.0
2017-02-09,2.002741751450551,0.005932386403644019,0.0,0.0
2017-02-10,2.010644631589974,0.0039460305522163175,0.0,0.0
2017-02-13,2.021588766097864,0.005443097370834593,0.0,0.0
2017-02-14,2.0296650443267366,0.0039950153880512485,0.0,0.0
2017-02-15,2.0402608399771114,0.005220465159998744,0.0,0.0
2017-02-16,2.038523773725382,-0.000851394202982747,0.0,0.0
2017-02-17,2.0417375005680416,0.0015764971123131133,0.0,0.0
2017-02-21,2.0538960387755485,0.005954995783798989,0.0,0.0
2017-02-22,2.052072427744934,-0.0008878789365120987,0.0,0.0
2017-02-23,2.0534617722126165,0.0006770445569550532,0.0,0.0
2017-02-24,2.056066908797747,0.001268655993689638,0.0,0.0
2017-02-27,2.0592810984530905,0.0015632709429787006,0.0,0.0
2017-02-28,2.05372264069621,-0.002699222442752447,0.0,0.0
2017-03-01,2.082469698884015,0.01399753677451776,0.0,0.0
2017-03-02,2.0693560827616477,-0.00629714618627808,0.0,0.0
2017-03-03,2.0706581111161917,0.0006291949294712218,0.0,0.0
2017-03-06,2.0644921429677137,-0.0029777818536901313,0.0,0.0
2017-03-07,2.058325403474872,-0.002987049146128906,0.0,0.0
2017-03-08,2.054504166240615,-0.0018564786830138624,0.0,0.0
2017-03-09,2.0571097656283186,0.0012682375779609067,0.0,0.0
2017-03-10,2.0643179735339006,0.0035040463207272055,0.0,0.0
2017-03-13,2.0653605218327935,0.000505032806117578,0.0,0.0
2017-03-14,2.0574570246097923,-0.0038266913400608615,0.0,0.0
2017-03-15,2.0752611824366434,0.008653477381977304,0.0,0.0
2017-03-16,2.0711796938023723,-0.001966734919350621,0.0,0.0
2017-03-17,2.067542036395068,-0.0017563214906893831,0.0,0.0
2017-03-20,2.0652738227830136,-0.0010970580390273765,0.0,0.0
2017-03-21,2.0387568738220194,-0.012839434978777708,0.0,0.0
2017-03-22,2.0435540152386054,0.0023529737548317886,0.0,0.0
2017-03-23,2.0413738890941624,-0.0010668306921108872,0.0,0.0
2017-03-24,2.0398907492166494,-0.0007265400451316184,0.0,0.0
2017-03-27,2.03779778492456,-0.001026017835951909,0.0,0.0
2017-03-28,2.0526259440614556,0.007276560631576334,0.0,0.0
2017-03-29,2.054545510264095,0.00093517584545455,0.0,0.0
2017-03-30,2.0610868143126817,0.0031838204682776983,0.0,0.0
2017-03-31,2.056289364354306,-0.0023276311919814274,0.0,0.0
2017-04-03,2.0527131059138086,-0.0017391805367918955,0.0,0.0
2017-04-04,2.0540219220866143,0.0006376030673915789,0.0,0.0
2017-04-05,2.0479159644871117,-0.002972683754660088,0.0,0.0
2017-04-06,2.0536731204164154,0.0028112266465707414,0.0,0.0
2017-04-07,2.0515790762482835,-0.0010196579715213705,0.0,0.0
2017-04-10,2.0528007305687357,0.0005954702573229831,0.0,0.0
2017-04-11,2.0503580389911895,-0.0011899311711903726,0.0,0.0
2017-04-12,2.041373889094162,-0.004381746858928115,0.0,0.0
2017-04-13,2.02811526034277,-0.0064949536301138755,0.0,0.0
2017-04-17,2.0460841772102945,0.008859909108167363,0.0,0.0
2017-04-18,2.039977756798108,-0.0029844424194277464,0.0,0.0
2017-04-19,2.0362274831946925,-0.0018383894583742233,0.0,0.0
2017-04-20,2.052800730568736,0.008139192458026079,0.0,0.0
2017-04-21,2.0462586551757864,-0.00318690231133012,0.0,0.0
2017-04-24,2.0687624565685834,0.010997535104311451,0.0,0.0
2017-04-25,2.0808008194173544,0.00581911316620598,0.0,0.0
2017-04-26,2.079491848963544,-0.0006290705201553726,0.0,0.0
2017-04-27,2.081236628669013,0.0008390413775070105,0.0,0.0
2017-04-28,2.0767008185284825,-0.0021793822374879257,0.0,0.0
2017-05-01,2.081934386280306,0.002520135642615884,0.0,0.0
2017-05-02,2.0827196142756312,0.00037716270046739275,0.0,0.0
2017-05-03,2.0801902236483047,-0.0012144652645460496,0.0,0.0
2017-05-04,2.0826319896207037,0.001173818598241727,0.0,0.0
2017-05-05,2.09083137431487,0.003937030034605105,0.0,0.0
2017-05-08,2.090482264112991,-0.0001669719548728077,0.0,0.0
2017-05-09,2.0885639320572884,-0.0009176504812475894,0.0,0.0
2017-05-10,2.0923142056607036,0.001795623081416009,0.0,0.0
2017-05-11,2.0880404981405927,-0.0020425744415195624,0.0,0.0
2017-05-12,2.0845510930207696,-0.0016711386215595425,0.0,0.0
2017-05-15,2.0960650963375866,0.005523492974274902,0.0,0.0
2017-05-16,2.0941461472084155,-0.0009155007315966301,0.0,0.0
2017-05-17,2.056987584768173,-0.01774401585571117,0.0,0.0
2017-05-18,2.065273822783013,0.004028336425654366,0.0,0.0
2017-05-19,2.0787069295100067,0.006504273950895367,0.0,0.0
2017-05-22,2.0892612268558968,0.00507733783731501,0.0,0.0
2017-05-23,2.09388450739057,0.0022128781577164247,0.0,0.0
2017-05-24,2.098768964930405,0.0023327253831788575,0.0,0.0
2017-05-25,2.1088001369114986,0.004779550369149899,0.0,0.0
2017-05-26,2.108364019118051,-0.00020680850015797336,0.0,0.0
2017-05-30,2.1065322318412334,-0.000868819264703613,0.0,0.0
2017-05-31,2.1060086436637535,-0.0002485545531017985,0.0,0.0
2017-06-01,2.122756677545078,0.007952500067705648,0.0,0.0
2017-06-02,2.1298221868446134,0.0033284593445286337,0.0,0.0
2017-06-05,2.1282518851147465,-0.0007372924085241594,0.0,0.0
2017-06-06,2.121447861362162,-0.0031970011633363216,0.0,0.0
2017-06-07,2.1253729214728585,0.0018501798616801235,0.0,0.0
2017-06-08,2.1264202520987134,0.0004927749926959546,0.0,0.0
2017-06-09,2.1231923325258415,-0.0015180064099211688,0.0,0.0
2017-06-12,2.1227566775450777,-0.00020518865582264123,0.0,0.0
2017-06-13,2.1331364969254762,0.0048897829365928125,0.0,0.0
2017-06-14,2.130432782603553,-0.0012674830353426314,0.0,0.0
2017-06-15,2.1263329359855754,-0.0019244196068778363,0.0,0.0
2017-06-16,2.126797439229337,0.00021845273423592992,0.0,0.0
2017-06-19,2.1445030193092847,0.008324995955591996,0.0,0.0
2017-06-20,2.1300401686058894,-0.006744150310431185,0.0,0.0
2017-06-21,2.1295148834687887,-0.00024660808976406656,0.0,0.0
2017-06-22,2.128550703702578,-0.00045276967712004623,0.0,0.0
2017-06-23,2.131092281558707,0.0011940414910989183,0.0,0.0
2017-06-26,2.132494893141344,0.000658165577706038,0.0,0.0
2017-06-27,2.115314598198497,-0.008056429583068625,0.0,0.0
2017-06-28,2.134248157624695,0.008950706170289147,0.0,0.0
2017-06-29,2.11549046458182,-0.008788899723709442,0.0,0.0
2017-06-30,2.1194343454787967,0.0018642867755758186,0.0,0.0
2017-07-03,2.123028344829532,0.0016957351655653152,0.0,0.0
2017-07-05,2.1279371768370825,0.00231218392326471,0.0,0.0
2017-07-06,2.108478640815573,-0.00914431884236,0.0,0.0
2017-07-07,2.122151789728359,0.006484841083093551,0.0,0.0
2017-07-10,2.124430339338701,0.0010736977540299897,0.0,0.0
2017-07-11,2.122852786977888,-0.0007425766482433982,0.0,0.0
2017-07-12,2.1388055653871687,0.007514783176270523,0.0,0.0
2017-07-13,2.142399873279693,0.0016805211051869051,0.0,0.0
2017-07-14,2.1523918609893906,0.004663922843871848,0.0,0.0
2017-07-17,2.152128832753714,-0.00012220276448915435,0.0,0.0
2017-07-18,2.1532682618297794,0.0005294427818280933,0.0,0.0
2017-07-19,2.1649263521704745,0.005414137452055545,0.0,0.0
2017-07-20,2.1658908404784745,0.00044550629033324185,0.0,0.0
2017-07-21,2.163961863872584,-0.0008906158010549836,0.0,0.0
2017-07-24,2.1634358074012305,-0.00024309877181116768,0.0,0.0
2017-07-25,2.1686952922993847,0.0024310797113376026,0.0,0.0
2017-07-26,2.1687832254961017,4.054658901564423e-05,0.0,0.0
2017-07-27,2.166766778506179,-0.0009297595841840645,0.0,0.0
2017-07-28,2.1642250463791557,-0.0011730529340936435,0.0,0.0
2017-07-31,2.162997838377268,-0.0005670426945391105,0.0,0.0
2017-08-01,2.167818582927317,0.0022287329485570773,0.0,0.0
2017-08-02,2.1688706958801345,0.00048533256477423237,0.0,0.0
2017-08-03,2.164663323934797,-0.0019398906321752563,0.0,0.0
2017-08-04,2.1686073591026687,0.0018220085887084014,0.0,0.0
2017-08-07,2.1726396360090456,0.0018593854205333216,0.0,0.0
2017-08-08,2.1672928349876432,-0.002460970025946918,0.0,0.0
2017-08-09,2.1672049017909263,-4.057282675296037e-05,0.0,0.0
2017-08-10,2.136614640431754,-0.014115075752132666,0.0,0.0
2017-08-11,2.1397702079559533,0.0014769006373378524,0.0,0.0
2017-08-14,2.1609818542000294,0.009913048684016879,0.0,0.0
2017-08-15,2.160719134496032,-0.00012157422955072494,0.0,0.0
2017-08-16,2.1644882288958374,0.0017443703531994093,0.0,0.0
2017-08-17,2.130741937199782,-0.0155908871416085,0.0,0.0
2017-08-18,2.1274114288974078,-0.0015630744597590063,0.0,0.0
2017-08-21,2.1290764516422533,0.0007826519695386391,0.0,0.0
2017-08-22,2.151340210839147,0.010457003166664425,0.0,0.0
2017-08-23,2.143626927010686,-0.0035853389387690004,0.0,0.0
2017-08-24,2.1386306246191027,-0.002330770493982559,0.0,0.0
2017-08-25,2.1436269270106854,0.0023362156765489583,0.0,0.0
2017-08-28,2.143714397394718,4.080485411450674e-05,0.0,0.0
2017-08-29,2.146168967669388,0.0011450080652781747,0.0,0.0
2017-08-30,2.156336358969945,0.004737460774860702,0.0,0.0
2017-08-31,2.1693086648939865,0.006015900937754504,0.0,0.0
2017-09-01,2.1723766077632582,0.001414249119509936,0.0,0.0
2017-09-05,2.156774636525587,-0.007181982710509627,0.0,0.0
2017-09-06,2.1641371131925493,0.0034136513580402816,0.0,0.0
2017-09-07,2.1638742392176566,-0.00012146826247294573,0.0,0.0
2017-09-08,2.1613328156324227,-0.0011744784143059572,0.0,0.0
2017-09-11,2.184385196743883,0.010665817381167786,0.0,0.0
2017-09-12,2.1917481362134192,0.003370714780759121,0.0,0.0
2017-09-13,2.192799632092768,0.00047975214942597155,0.0,0.0
2017-09-14,2.1920983263014495,-0.00031982210369541075,0.0,0.0
2017-09-15,2.195049487721116,0.0013462723748554062,0.0,0.0
2017-09-18,2.1997179690010844,0.0021268227919613025,0.0,0.0
2017-09-19,2.2019207726536223,0.0010014027632543332,0.0,0.0
2017-09-20,2.20271278847732,0.0003596931522396041,0.0,0.0
2017-09-21,2.1968112369823496,-0.0026792196993825623,0.0,0.0
2017-09-22,2.197251520029291,0.0002004191527835708,0.0,0.0
2017-09-25,2.192759522216224,-0.0020443712393047875,0.0,0.0
2017-09-26,2.1940805256279425,0.0006024387983882828,0.0,0.0
2017-09-27,2.2026250095514976,0.0038943346990920613,0.0,0.0
2017-09-28,2.205267633438293,0.0011997611374319206,0.0,0.0
2017-09-29,2.2130191759228928,0.003515012131436457,0.0,0.0
2017-10-02,2.2226210179389105,0.0043387974765349835,0.0,0.0
2017-10-03,2.22737758668649,0.002140071883235617,0.0,0.0
2017-10-04,2.2300203648441803,0.0011864975985600434,0.0,0.0
2017-10-05,2.2432328672350192,0.005924834857623518,0.0,0.0
2017-10-06,2.2406784850766193,-0.0011387057472764806,0.0,0.0
2017-10-09,2.2369792744316133,-0.0016509332640285423,0.0,0.0
2017-10-10,2.242880980187368,0.0026382478475373006,0.0,0.0
2017-10-11,2.2464044787098354,0.0015709699059345272,0.0,0.0
2017-10-12,2.2430573093833748,-0.0014900118648192295,0.0,0.0
2017-10-13,2.245788020737782,0.0012174059677314553,0.0,0.0
2017-10-16,2.2487828402140173,0.001333527229008702,0.0,0.0
2017-10-17,2.2503679517475645,0.000704875324198273,0.0,0.0
2017-10-18,2.2525702925975284,0.0009786581115562853,0.0,0.0
2017-10-19,2.2531869048404767,0.0002737371814653944,0.0,0.0
2017-10-20,2.2648149127712367,0.0051606939068302715,0.0,0.0
2017-10-23,2.256005857923279,-0.0038895252756786514,0.0,0.0
2017-10-24,2.2599701023053713,0.0017571959612470156,0.0,0.0
2017-10-25,2.2487828402140164,-0.004950181455915192,0.0,0.0
2017-10-26,2.2516894179618565,0.0012925115292872214,0.0,0.0
2017-10-27,2.2701000062941534,0.008176344475145925,0.0,0.0
2017-10-30,2.2616436098280994,-0.0037251206742466847,0.0,0.0
2017-10-31,2.2651671083606773,0.0015579371202723014,0.0,0.0
2017-11-01,2.2681619278369127,0.0013221185603400354,0.0,0.0
2017-11-02,2.2690428024624745,0.0003883649640490372,0.0,0.0
2017-11-03,2.276618170021962,0.003338574112073278,0.0,0.0
2017-11-06,2.280141668544429,0.0015476897131296852,0.0,0.0
2017-11-07,2.278555939937413,-0.0006954517909530944,0.0,0.0
2017-11-08,2.2824320968518945,0.0017011462595857285,0.0,0.0
2017-11-09,2.274151721060279,-0.003627873882003585,0.0,0.0
2017-11-10,2.2734476384231876,-0.00030960231481957923,0.0,0.0
2017-11-13,2.2755612747320724,0.0009297052956762641,0.0,0.0
2017-11-14,2.2702761812192658,-0.0023225450228444577,0.0,0.0
2017-11-15,2.2589130527445875,-0.00500517451078375,0.0,0.0
2017-11-16,2.278115656890472,0.0085008159665787,0.0,0.0
2017-11-17,2.2714210096957617,-0.0029386774874494703,0.0,0.0
2017-11-20,2.2752968580785637,0.0017063540251929243,0.0,0.0
2017-11-21,2.2901834850757092,0.006542718566278305,0.0,0.0
2017-11-22,2.2881576276926467,-0.0008845830023070933,0.0,0.0
2017-11-24,2.2934430297472423,0.0023098942094847974,0.0,0.0
2017-11-27,2.292297892728957,-0.0004993091188367771,0.0,0.0
2017-11-28,2.3155529829853294,0.010144881400509176,0.0,0.0
2017-11-29,2.31414389211611,-0.0006085332011720457,0.0,0.0
2017-11-30,2.334403700093673,0.008754774517947927,0.0,0.0
2017-12-01,2.3295585810860184,-0.002075527470874028,0.0,0.0
2017-12-04,2.326740399337469,-0.0012097492509657304,0.0,0.0
2017-12-05,2.3183714732655583,-0.003596845644788571,0.0,0.0
2017-12-06,2.3188126819277572,0.00019030973564282405,0.0,0.0
2017-12-07,2.3261236328236263,0.0031528855059526073,0.0,0.0
2017-12-08,2.338807764710023,0.005452905300222355,0.0,0.0
2017-12-11,2.3458549160258526,0.0030131383272122836,0.0,0.0
2017-12-12,2.349995489593842,0.0017650595267861835,0.0,0.0
2017-12-13,2.3497299930642916,-0.00011297746345739768,0.0,0.0
2017-12-14,2.3401287681217418,-0.004086097113664033,0.0,0.0
2017-12-15,2.3596169237506133,0.008327813364096714,0.0,0.0
2017-12-18,2.3745789881738832,0.006340887062077805,0.0,0.0
2017-12-19,2.365459698843544,-0.0038403815479527426,0.0,0.0
2017-12-20,2.364220303602744,-0.0005239553400152586,0.0,0.0
2017-12-21,2.3690894885464346,0.0020595309736028966,0.0,0.0
2017-12-22,2.368470716541292,-0.00026118557704735146,0.0,0.0
2017-12-26,2.3656371079155933,-0.0011963874435553246,0.0,0.0
2017-12-27,2.366787644344419,0.0004863537289705455,0.0,0.0
2017-12-28,2.3716572920805734,0.0020574924614764623,0.0,0.0
2017-12-29,2.3627149490298196,-0.0037705038921997946,0.0,0.0
2018-01-02,2.3796258907213015,0.007157419348629457,0.0,0.0
2018-01-03,2.394677739561693,0.006325300501680564,0.0,0.0
2018-01-04,2.4047703105095937,0.004214584192755666,0.0,0.0
2018-01-05,2.42079621231191,0.006664213098555916,0.0,0.0
2018-01-08,2.42522280016546,0.0018285669115958303,0.0,0.0
2018-01-09,2.4307122997929085,0.0022635032241467012,0.0,0.0
2018-01-10,2.426993342746365,-0.001529986517474824,0.0,0.0
2018-01-11,2.444701391140407,0.007296290468602473,0.0,0.0
2018-01-12,2.4606378170572807,0.006518761749237489,0.0,0.0
2018-01-16,2.452227392690995,-0.0034179854946486676,0.0,0.0
2018-01-17,2.4756006528249137,0.009531440764255494,0.0,0.0
2018-01-18,2.471439870042703,-0.0016807164667139718,0.0,0.0
2018-01-19,2.4826848286398344,0.0045499624463600785,0.0,0.0
2018-01-22,2.5028704333483196,0.008130554662286293,0.0,0.0
2018-01-23,2.508182061091036,0.0021222144270609533,0.0,0.0
2018-01-24,2.5072090880051534,-0.0003879196414710018,0.0,0.0
2018-01-25,2.508271382705584,0.0004236960951971014,0.0,0.0
2018-01-26,2.5373110887364265,0.011577577383001803,0.0,0.0
2018-01-29,2.520489468659492,-0.006629703449296587,0.0,0.0
2018-01-30,2.4946361839071463,-0.010257247678997716,0.0,0.0
2018-01-31,2.4958749620643683,0.0004965766812865535,0.0,0.0
2018-02-01,2.493042433324822,-0.0011348840717579911,0.0,0.0
2018-02-02,2.438769757235501,-0.021769655968887913,0.0,0.0
2018-02-05,2.33677419388333,-0.04182254722880829,0.0,0.0
2018-02-06,2.382813854688524,0.01970222922082332,0.0,0.0
2018-02-07,2.369887366583246,-0.005424883727213281,0.0,0.0
2018-02-08,2.2809952376058282,-0.03750901001914564,0.0,0.0
2018-02-09,2.3152589467244598,0.015021385645064056,0.0,0.0
2018-02-12,2.349257930647794,0.014684743566776737,0.0,0.0
2018-02-13,2.355101014282514,0.0024872039627887865,0.0,0.0
2018-02-14,2.3868856243878662,0.013496070832033968,0.0,0.0
2018-02-15,2.417343214607601,0.012760389483490897,0.0,0.0
2018-02-16,2.4180508454247174,0.0002927308016671404,0.0,0.0
2018-02-20,2.4029116804610773,-0.006260896040414354,0.0,0.0
2018-02-21,2.3909583197024658,-0.004974531879722632,0.0,0.0
2018-02-22,2.3940568077943567,0.0012959189068073584,0.0,0.0
2018-02-23,2.4322173458341547,0.015939696132338366,0.0,0.0
2018-02-26,2.460460562246017,0.011612126876833884,0.0,0.0
2018-02-27,2.429737938299306,-0.012486533788887977,0.0,0.0
2018-02-28,2.4051245115802242,-0.010130074659948751,0.0,0.0
2018-03-01,2.3701524003102232,-0.014540665608627212,0.0,0.0
2018-03-02,2.382370794805921,0.005155109221710141,0.0,0.0
2018-03-05,2.409905917598093,0.011557866160970542,0.0,0.0
2018-03-06,2.416014497762363,0.0025347795196746237,0.0,0.0
2018-03-07,2.4151297664149864,-0.0003661945523074639,0.0,0.0
2018-03-08,2.4268170135604694,0.004839179785702141,0.0,0.0
2018-03-09,2.469048858497036,0.017402154633243905,0.0,0.0
2018-03-12,2.465950216144361,-0.0012549943440817168,0.0,0.0
2018-03-13,2.4500133274148035,-0.00646277796900363,0.0,0.0
2018-03-14,2.4374407318484757,-0.005131643744809344,0.0,0.0
2018-03-15,2.434784532304936,-0.0010897493870651864,0.0,0.0
2018-03-16,2.4374249964396473,0.0010844754842480597,0.0,0.0
2018-03-19,2.4044463461096846,-0.013530119030589538,0.0,0.0
2018-03-20,2.4085350853749015,0.001700490955779621,0.0,0.0
2018-03-21,2.403912730455486,-0.0019191561490979892,0.0,0.0
2018-03-22,2.343821962282739,-0.024997067244350912,0.0,0.0
2018-03-23,2.29386402919522,-0.021314730338503507,0.0,0.0
2018-03-26,2.356621487200909,0.0273588395854949,0.0,0.0
2018-03-27,2.316531972545111,-0.01701143559690388,0.0,0.0
2018-03-28,2.309686759039941,-0.002954940223704128,0.0,0.0
2018-03-29,2.3391994530924283,0.012777790727239058,0.0,0.0
2018-04-02,2.288708675705184,-0.02158463970248259,0.0,0.0
2018-04-03,2.3180424179968964,0.01281672176240356,0.0,0.0
2018-04-04,2.3428443611306777,0.010699520828964637,0.0,0.0
2018-04-05,2.3613336265273355,0.007891802675161319,0.0,0.0
2018-04-06,2.3087094664296695,-0.02228577931829867,0.0,0.0
2018-04-09,2.320087096166239,0.004928134051516153,0.0,0.0
2018-04-10,2.356977230960264,0.015900323248632775,0.0,0.0
2018-04-11,2.3446215372690604,-0.00524217778979974,0.0,0.0
2018-04-12,2.3639116118090873,0.008227372406761857,0.0,0.0
2018-04-13,2.3569772309602635,-0.002933434911095101,0.0,0.0
2018-04-16,2.3763555472286866,0.008221681573278516,0.0,0.0
2018-04-17,2.4017785764108095,0.010698327197616209,0.0,0.0
2018-04-18,2.4035571409670236,0.0007405197854966072,0.0,0.0
2018-04-19,2.390223383321186,-0.005547510154251145,0.0,0.0
2018-04-20,2.3699558619101033,-0.008479341952935537,0.0,0.0
2018-04-23,2.369600426682427,-0.00014997546299866382,0.0,0.0
2018-04-24,2.33768761923292,-0.013467590185315181,0.0,0.0
2018-04-25,2.343465601439803,0.0024716656576977414,0.0,0.0
2018-04-26,2.367289172087271,0.01016595704790002,0.0,0.0
2018-04-27,2.3695123392148147,0.0009391193749193061,0.0,0.0
2018-04-30,2.3512881075552436,-0.007691131781829008,0.0,0.0
2018-05-01,2.355466476976798,0.0017770554821112672,0.0,0.0
2018-05-02,2.339643284319393,-0.006717647146357919,0.0,0.0
2018-05-03,2.3344874680267838,-0.002203676230117746,0.0,0.0
2018-05-04,2.3647107240029452,0.012946420312852425,0.0,0.0
2018-05-07,2.372711719076588,0.003383498451809963,0.0,0.0
2018-05-08,2.372711719076588,0.0,0.0,0.0
2018-05-09,2.3956457760396077,0.009665757866254898,0.0,0.0
2018-05-10,2.4180462173585386,0.009350481420488777,0.0,0.0
2018-05-11,2.4254244294444396,0.00305131144017623,0.0,0.0
2018-05-14,2.4265802110028014,0.0004765275488820553,0.0,0.0
2018-05-15,2.4098688930888894,-0.006886777464902294,0.0,0.0
2018-05-16,2.4200021909969123,0.004204916681186832,0.0,0.0
2018-05-17,2.4179579756301433,-0.0008447163289249104,0.0,0.0
2018-05-18,2.4119123371112954,-0.0025003075238611006,0.0,0.0
2018-05-21,2.4300472471664287,0.007518892696097401,0.0,0.0
2018-05-22,2.4232913552656963,-0.0027801483730862664,0.0,0.0
2018-05-23,2.429958388354455,0.002751230500728452,0.0,0.0
2018-05-24,2.4249802896756836,-0.0020486353604360907,0.0,0.0
2018-05-25,2.419202461729585,-0.002382628828241362,0.0,0.0
2018-05-29,2.391379164889658,-0.011501020390015215,0.0,0.0
2018-05-30,2.4232913552656963,0.013344680276793586,0.0,0.0
2018-05-31,2.408446226573036,-0.006126018920672771,0.0,0.0
2018-06-01,2.4320914625331977,0.009817630844017877,0.0,0.0
2018-06-04,2.4436477354887534,0.004751578274740931,0.0,0.0
2018-06-05,2.445425837242394,0.0007276424207209864,0.0,0.0
2018-06-06,2.4658710762673146,0.008360604813097083,0.0,0.0
2018-06-07,2.4656038827781437,-0.000108356633784501,0.0,0.0
2018-06-08,2.472894007396433,0.002956729858031748,0.0,0.0
2018-06-11,2.4761817832473856,0.001329525584646607,0.0,0.0
2018-06-12,2.4793822429852006,0.0012924978931141418,0.0,0.0
2018-06-13,2.4714707237970006,-0.003190923549841407,0.0,0.0
2018-06-14,2.477693154314429,0.002517703510510838,0.0,0.0
2018-06-15,2.4745320331087948,-0.0012758324008482758,0.0,0.0
2018-06-18,2.4694428609226384,-0.0020566200469681606,0.0,0.0
2018-06-19,2.4599775467577625,-0.0038329755730163173,0.0,0.0
2018-06-20,2.4641750454972753,0.0017063158747303575,0.0,0.0
2018-06-21,2.4487271887500897,-0.00626897702556195,0.0,0.0
2018-06-22,2.453191109644521,0.0018229555807356412,0.0,0.0
2018-06-25,2.4197962421935433,-0.013612827520729454,0.0,0.0
2018-06-26,2.425154304838601,0.002214261908350057,0.0,0.0
2018-06-27,2.4050638839577783,-0.008284182511908211,0.0,0.0
2018-06-28,2.4188144757980994,0.005717349934877047,0.0,0.0
2018-06-29,2.4222969388287656,0.0014397396185241718,0.0,0.0
2018-07-02,2.427476203973833,0.0021381627751928534,0.0,0.0
2018-07-03,2.4189031803290684,-0.003531661249955964,0.0,0.0
2018-07-05,2.4386370860960622,0.008158204068469344,0.0,0.0
2018-07-06,2.459263899466746,0.008458336621011808,0.0,0.0
2018-07-09,2.4814079460973675,0.009004339320974442,0.0,0.0
2018-07-10,2.490336713511597,0.0035982666325673485,0.0,0.0
2018-07-11,2.4721208123590137,-0.007314633821904892,0.0,0.0
2018-07-12,2.494533595177642,0.009066216629292079,0.0,0.0
2018-07-13,2.496498670667366,0.0007877526658781608,0.0,0.0
2018-07-16,2.4942653218023194,-0.000894592451134546,0.0,0.0
2018-07-17,2.5043558872589204,0.004045506052784198,0.0,0.0
2018-07-18,2.509623702674173,0.002103461190181788,0.0,0.0
2018-07-19,2.500159005582766,-0.0037713610535802244,0.0,0.0
2018-07-20,2.497301022499462,-0.001143120528303232,0.0,0.0
2018-07-23,2.5019452835826095,0.0018597121617718315,0.0,0.0
2018-07-24,2.5145357743199592,0.005032280609798656,0.0,0.0
2018-07-25,2.53596432243916,0.00852187045340247,0.0,0.0
2018-07-26,2.529981471315061,-0.0023592016146128936,0.0,0.0
2018-07-27,2.5128383551320903,-0.006775984874727081,0.0,0.0
2018-07-30,2.499712243249242,-0.005223619679332159,0.0,0.0
2018-07-31,2.5120338435378007,0.004929207480514952,0.0,0.0
2018-08-01,2.5078380417477977,-0.001670280757083198,0.0,0.0
2018-08-02,2.521500083317934,0.005447736792689728,0.0,0.0
2018-08-03,2.532304141794656,0.004284774189856622,0.0,0.0
2018-08-06,2.5415906584595414,0.0036672201066274557,0.0,0.0
2018-08-07,2.5499839589991673,0.0033023809367922485,0.0,0.0
2018-08-08,2.5489127167081707,-0.00042009765873862737,0.0,0.0
2018-08-09,2.5454291738014625,-0.0013666779893534153,0.0,0.0
2018-08-10,2.5283753792330397,-0.006699771788563957,0.0,0.0
2018-08-13,2.5189096022655906,-0.0037438178860610405,0.0,0.0
2018-08-14,2.5349824017728224,0.006380856023088466,0.0,0.0
2018-08-15,2.516052236255755,-0.007467572754678131,0.0,0.0
2018-08-16,2.5364115475853692,0.008091768142266975,0.0,0.0
2018-08-17,2.545340314989489,0.003520236064458837,0.0,0.0
2018-08-20,2.5507875449782005,0.0021400792485910536,0.0,0.0
2018-08-21,2.5567691619553634,0.0023450079129243573,0.0,0.0
2018-08-22,2.5552527000296785,-0.000593116480067768,0.0,0.0
2018-08-23,2.5518581701856187,-0.001328451719871171,0.0,0.0
2018-08-24,2.567216859599261,0.00601862971582201,0.0,0.0
2018-08-27,2.5874859236990693,0.007895345507731077,0.0,0.0
2018-08-28,2.5887362720116256,0.00048322902981001725,0.0,0.0
2018-08-29,2.6026655070709324,0.005380708421288016,0.0,0.0
2018-08-30,2.5921292591669594,-0.004048252791358786,0.0,0.0
2018-08-31,2.5922187350524015,3.4518296155860995e-05,0.0,0.0
2018-09-04,2.587753888532603,-0.0017224034605661798,0.0,0.0
2018-09-05,2.5807901966182074,-0.002691017853457489,0.0,0.0
2018-09-06,2.573021221765159,-0.0030103085726336243,0.0,0.0
2018-09-07,2.568020754109972,-0.0019434226243016939,0.0,0.0
2018-09-10,2.572485600619661,0.0017386333434195045,0.0,0.0
2018-09-11,2.580967451429472,0.0032971421911041077,0.0,0.0
2018-09-12,2.581591622835045,0.00024183621735618388,0.0,0.0
2018-09-13,2.5968609906341396,0.005914710779207688,0.0,0.0
2018-09-14,2.597308370041132,0.0001722769946508329,0.0,0.0
2018-09-17,2.5835571611374526,-0.005294407495965325,0.0,0.0
2018-09-18,2.5975758720720914,0.005426127645059342,0.0,0.0
2018-09-19,2.6003440707382732,0.0010656853938104671,0.0,0.0
2018-09-20,2.6214168750981184,0.008103852331304173,0.0,0.0
2018-09-21,2.6190210812254877,-0.000913930895688253,0.0,0.0
2018-09-24,2.61032155719619,-0.003321670104780905,0.0,0.0
2018-09-25,2.6078992290936496,-0.0009279807293712805,0.0,0.0
2018-09-26,2.600095698035383,-0.002992267098057555,0.0,0.0
2018-09-27,2.607361448185957,0.0027944164347735168,0.0,0.0
2018-09-28,2.607630492905643,0.00010318658346086806,0.0,0.0
2018-10-01,2.616689463155327,0.0034740237446717614,0.0,0.0
2018-10-02,2.6151640536390763,-0.0005829539720816346,0.0,0.0
2018-10-03,2.6165996787382055,0.0005489617743603681,0.0,0.0
2018-10-04,2.596148886031849,-0.007815789657292349,0.0,0.0
2018-10-05,2.5816195454827855,-0.005596497422484692,0.0,0.0
2018-10-08,2.5816195454827855,0.0,0.0,0.0
2018-10-09,2.577852302313495,-0.0014592557512520532,0.0,0.0
2018-10-10,2.496228391800745,-0.03166353263897104,0.0,0.0
2018-10-11,2.441245308058645,-0.02202646357308513,0.0,0.0
2018-10-12,2.4751497252277854,0.01388816480556887,0.0,0.0
2018-10-15,2.4612467158565994,-0.00561703772078137,0.0,0.0
2018-10-16,2.5150642991054077,0.021865984788151493,0.0,0.0
2018-10-17,2.515513221201126,0.00017849328777730378,0.0,0.0
2018-10-18,2.4791861673876565,-0.01444120965348139,0.0,0.0
2018-10-19,2.477841252320906,-0.0005424824825347452,0.0,0.0
2018-10-22,2.4667190916573882,-0.004488649405243406,0.0,0.0
2018-10-23,2.4541616144264204,-0.005090760951840023,0.0,0.0
2018-10-24,2.379803608335139,-0.030298740577710537,0.0,0.0
2018-10-25,2.4224981052950625,0.01794034466137795,0.0,0.0
2018-10-26,2.3798935470231557,-0.017587034713786753,0.0,0.0
2018-10-29,2.3667081959356944,-0.005540311289954136,0.0,0.0
2018-10-30,2.4017791934842783,0.014818471330268146,0.0,0.0
2018-10-31,2.427432083114691,0.010680786018967048,0.0,0.0
2018-11-01,2.4532643873084528,0.010641823667674188,0.0,0.0
2018-11-02,2.4387341211542415,-0.005922829283864006,0.0,0.0
2018-11-05,2.4521882084297095,0.005516832342961742,0.0,0.0
2018-11-06,2.467705948931695,0.006328119696783929,0.0,0.0
2018-11-07,2.5205366748960873,0.02140884167632029,0.0,0.0
2018-11-08,2.5159619890259504,-0.0018149650095155012,0.0,0.0
2018-11-09,2.491385278284391,-0.009768315598072452,0.0,0.0
2018-11-12,2.444833136654477,-0.01868524392259807,0.0,0.0
2018-11-13,2.440258142252661,-0.0018712910640914515,0.0,0.0
2018-11-14,2.4235755183308525,-0.0068364176858798364,0.0,0.0
2018-11-15,2.4488698873561368,0.010436798372474465,0.0,0.0
2018-11-16,2.455238101846953,0.002600470741094263,0.0,0.0
2018-11-19,2.4137081797751736,-0.016914824692781827,0.0,0.0
2018-11-20,2.36903965973496,-0.018506180827698282,0.0,0.0
2018-11-21,2.3771128525863805,0.0034077913462722265,0.0,0.0
2018-11-23,2.3612365914792672,-0.006678799910504574,0.0,0.0
2018-11-26,2.3993576367261,0.016144525874449034,0.0,0.0
2018-11-27,2.4074299039622633,0.0033643451533043045,0.0,0.0
2018-11-28,2.4628614469975076,0.023025195019806155,0.0,0.0
2018-11-29,2.4574794726974183,-0.0021852525673543566,0.0,0.0
2018-11-30,2.4724592780208163,0.006095597334514258,0.0,0.0
2018-12-03,2.505197886154876,0.01324131338586354,0.0,0.0
2018-12-04,2.4240238233531017,-0.032402255825931925,0.0,0.0
2018-12-06,2.42034559325657,-0.001517406743735683,0.0,0.0
2018-12-07,2.3641070703331626,-0.023235740829778972,0.0,0.0
2018-12-10,2.3685918175152834,0.0018970152572188592,0.0,0.0
2018-12-11,2.369129598422976,0.00022704667968365122,0.0,0.0
2018-12-12,2.381059047516446,0.00503537210518612,0.0,0.0
2018-12-13,2.3802522218890676,-0.0003388515829625405,0.0,0.0
2018-12-14,2.3363013601325795,-0.018464791820089865,0.0,0.0
2018-12-17,2.2904670310572857,-0.01961832914940942,0.0,0.0
2018-12-18,2.287955535611092,-0.0010964992781555827,0.0,0.0
2018-12-19,2.253691672221566,-0.014975755803040447,0.0,0.0
2018-12-20,2.2170057892712887,-0.01627812863776268,0.0,0.0
2018-12-21,2.171580889498748,-0.02048930137772509,0.0,0.0
2018-12-24,2.11420108626876,-0.026423055897877523,0.0,0.0
2018-12-26,2.2210206338092173,0.050524781315374856,0.0,0.0
2018-12-27,2.238072268605336,0.007677386934885844,0.0,0.0
2018-12-28,2.235185591529928,-0.0012898051219797368,0.0,0.0
2018-12-31,2.2547629145125625,0.008758701316267103,0.0,0.0
2019-01-02,2.257108571031931,0.0010403118235939868,0.0,0.0
2019-01-03,2.2032477925392375,-0.02386273269436434,0.0,0.0
2019-01-04,2.277046882913568,0.03349559256304846,0.0,0.0
2019-01-07,2.2950011442381957,0.007884888738722173,0.0,0.0
2019-01-08,2.3165629805703025,0.009395130972478904,0.0,0.0
2019-01-09,2.3273897165551194,0.00467362039177166,0.0,0.0
2019-01-10,2.3355995915386876,0.00352750333352847,0.0,0.0
2019-01-11,2.336501755254513,0.00038626642986816506,0.0,0.0
2019-01-14,2.3222471673774647,-0.006100824809992633,0.0,0.0
2019-01-15,2.3488616141992105,0.011460643464494602,0.0,0.0
2019-01-16,2.3545458010063727,0.0024199751798064106,0.0,0.0
2019-01-17,2.3724088894960476,0.007586638782749455,0.0,0.0
2019-01-18,2.4039856995877362,0.013310020136704237,0.0,0.0
2019-01-22,2.371506880041007,-0.013510404638554685,0.0,0.0
2019-01-23,2.3764689347691608,0.0020923636232790255,0.0,0.0
2019-01-24,2.3777313160497355,0.0005312004133970483,0.0,0.0
2019-01-25,2.3978507394543414,0.00846160508918703,0.0,0.0
2019-01-28,2.379626662065665,-0.007600171724126414,0.0,0.0
2019-01-29,2.3764689347691617,-0.001326984331971759,0.0,0.0
2019-01-30,2.414090303493546,0.015830784982694857,0.0,0.0
2019-01-31,2.4352914594583304,0.008782254721003246,0.0,0.0
2019-02-01,2.4364643648534616,0.00048162834496712215,0.0,0.0
2019-02-04,2.453606555421175,0.007035682858733017,0.0,0.0
2019-02-05,2.463891808057489,0.004191891570223039,0.0,0.0
2019-02-06,2.4606430621969273,-0.001318542417300006,0.0,0.0
2019-02-07,2.4371866512033646,-0.009532634518970129,0.0,0.0
2019-02-08,2.4401635754984676,0.0012214592976016458,0.0,0.0
2019-02-11,2.441517129613995,0.00055469810676545,0.0,0.0
2019-02-12,2.4729134452561823,0.012859346863214993,0.0,0.0
2019-02-13,2.480942980051034,0.0032469938688128863,0.0,0.0
2019-02-14,2.475439596235162,-0.002218262918625702,0.0,0.0
2019-02-15,2.50241472342423,0.010897105802983198,0.0,0.0
2019-02-19,2.506745356105755,0.0017305815223140897,0.0,0.0
2019-02-20,2.5117981208763984,0.00201566735062908,0.0,0.0
2019-02-21,2.5028662680847167,-0.003555959659912955,0.0,0.0
2019-02-22,2.5183838543259176,0.006199926236200914,0.0,0.0
2019-02-25,2.521811706218149,0.0013611316187336353,0.0,0.0
2019-02-26,2.5200079958498565,-0.0007152438716360177,0.0,0.0
2019-02-27,2.5189259547478886,-0.00042938002726577995,0.0,0.0
2019-02-28,2.5142337160837838,-0.0018627934081431041,0.0,0.0
2019-03-01,2.529932568118848,0.00624399073747095,0.0,0.0
2019-03-04,2.5207296651161806,-0.003637608021114347,0.0,0.0
2019-03-05,2.5173010418795863,-0.0013601709394078787,0.0,0.0
2019-03-06,2.5020543515986966,-0.006056760803429984,0.0,0.0
2019-03-07,2.4811237830423236,-0.008365353271802212,0.0,0.0
2019-03-08,2.4761614197723807,-0.0020000466336500544,0.0,0.0
2019-03-11,2.5120683997430207,0.014501065917560618,0.0,0.0
2019-03-12,2.5215421986857787,0.003771314086721267,0.0,0.0
2019-03-13,2.5382322275094276,0.006618976605804017,0.0,0.0
2019-03-14,2.5366083945272777,-0.0006397495723797775,0.0,0.0
2019-03-15,2.549140725946167,0.004940585801863628,0.0,0.0
2019-03-18,2.558383276012694,0.0036257512080257737,0.0,0.0
2019-03-19,2.559018400510243,0.0002482522863185288,0.0,0.0
2019-03-20,2.551314989877496,-0.0030102990393547913,0.0,0.0
2019-03-21,2.5801319318099907,0.01129493694303818,0.0,0.0
2019-03-22,2.5304738972065666,-0.019246316047330403,0.0,0.0
2019-03-25,2.5285709920179023,-0.0007519955810509904,0.0,0.0
2019-03-26,2.547418778019688,0.007453927954280903,0.0,0.0
2019-03-27,2.5340975161545525,-0.005229317605757511,0.0,0.0
2019-03-28,2.5437036776949595,0.00379076238351872,0.0,0.0
2019-03-29,2.559742538070441,0.006305317917382425,0.0,0.0
2019-04-01,2.5900996993329772,0.011859458836598336,0.0,0.0
2019-04-02,2.591367480013982,0.00048947176872427,0.0,0.0
2019-04-03,2.595446037551806,0.0015739016443172549,0.0,0.0
2019-04-04,2.602332286548777,0.0026532044578613245,0.0,0.0
2019-04-05,2.614928330967562,0.004840290567001526,0.0,0.0
2019-04-08,2.6169217919076004,0.0007623386524329145,0.0,0.0
2019-04-09,2.603510282812659,-0.005124917808554397,0.0,0.0
2019-04-10,2.6123915354383955,0.0034112608213483497,0.0,0.0
2019-04-11,2.6116658551894716,-0.0002777838769877361,0.0,0.0
2019-04-12,2.62933518211469,0.006765538895455947,0.0,0.0
2019-04-15,2.6276141598034686,-0.0006545465648231108,0.0,0.0
2019-04-16,2.62933518211469,0.0006549752766404904,0.0,0.0
2019-04-17,2.6229031003530836,-0.002446276840381123,0.0,0.0
2019-04-18,2.6280674014235754,0.0019689256037696,0.0,0.0
2019-04-22,2.6303339180760092,0.0008624271398847139,0.0,0.0
2019-04-23,2.653984553446712,0.00899149541743438,0.0,0.0
2019-04-24,2.648094263575397,-0.0022194137730249253,0.0,0.0
2019-04-25,2.6464627171496176,-0.0006161209773464238,0.0,0.0
2019-04-26,2.6587869400029445,0.004656866228820666,0.0,0.0
2019-04-29,2.66295528195789,0.0015677608055879588,0.0,0.0
2019-04-30,2.664315006828321,0.0005106074742009525,0.0,0.0
2019-05-01,2.6442881446764996,-0.00751670207933175,0.0,0.0
2019-05-02,2.638578966328154,-0.0021590606000483348,0.0,0.0
2019-05-03,2.664405099777122,0.009787894839815126,0.0,0.0
2019-05-06,2.6534406017942254,-0.004115176773912488,0.0,0.0
2019-05-07,2.6091290596603045,-0.016699654819466447,0.0,0.0
2019-05-08,2.6055037437526973,-0.0013894735847521655,0.0,0.0
2019-05-09,2.5976199929413437,-0.003025806748601645,0.0,0.0
2019-05-10,2.610669896063815,0.005023792224394752,0.0,0.0
2019-05-13,2.5450629397527047,-0.025130314793926134,0.0,0.0
2019-05-14,2.5680790677094363,0.009043441557861076,0.0,0.0
2019-05-15,2.5831222774909413,0.00585776737587862,0.0,0.0
2019-05-16,2.607045505761355,0.009261361136047697,0.0,0.0
2019-05-17,2.5901897922918864,-0.006465446587801682,0.0,0.0
2019-05-20,2.5730628743304274,-0.006612225101197966,0.0,0.0
2019-05-21,2.5962621193014286,0.009016198244684581,0.0,0.0
2019-05-22,2.5882873499159063,-0.0030716349193847803,0.0,0.0
2019-05-23,2.556661945169792,-0.012218660631765577,0.0,0.0
2019-05-24,2.5624612164669385,0.00226829804703077,0.0,0.0
2019-05-28,2.538629006770693,-0.009300515279253574,0.0,0.0
2019-05-29,2.521592953112508,-0.006710729930505255,0.0,0.0
2019-05-30,2.5284799734538423,0.002731218110691991,0.0,0.0
2019-05-31,2.494407866137472,-0.013475332086506087,0.0,0.0
2019-06-03,2.488065105990413,-0.002542791911925857,0.0,0.0
2019-06-04,2.542071976998284,0.0217063737109775,0.0,0.0
2019-06-05,2.564092300090144,0.008662352321692213,0.0,0.0
2019-06-06,2.580765976421386,0.0065027597995033215,0.0,0.0
2019-06-07,2.606591338525991,0.01000685933577583,0.0,0.0
2019-06-10,2.618553955406848,0.0045893718374825365,0.0,0.0
2019-06-11,2.6179186766485145,-0.00024260670933362594,0.0,0.0
2019-06-12,2.613296784541783,-0.0017654834536908748,0.0,0.0
2019-06-13,2.624081096616967,0.004126707742869273,0.0,0.0
2019-06-14,2.6211811524266047,-0.0011051275031481733,0.0,0.0
2019-06-17,2.6221780371675187,0.00038031890317502537,0.0,0.0
2019-06-18,2.649634482895329,0.010470854891862613,0.0,0.0
2019-06-19,2.655615791330702,0.0022574088894091737,0.0,0.0
2019-06-20,2.6809877575443055,0.00955408018600834,0.0,0.0
2019-06-21,2.6770903115395606,-0.0014537350996017828,0.0,0.0
2019-06-24,2.6738121003526425,-0.0012245426210640842,0.0,0.0
2019-06-25,2.647587953495471,-0.009807774769854838,0.0,0.0
2019-06-26,2.6449471808290803,-0.0009974258505385247,0.0,0.0
2019-06-27,2.6543264130176447,0.0035460943252652033,0.0,0.0
2019-06-28,2.6679856777420077,0.005146038052205482,0.0,0.0
2019-07-01,2.692205873379848,0.009078083079643307,0.0,0.0
2019-07-02,2.699218314229675,0.002604719393551891,0.0,0.0
2019-07-03,2.7207986628062724,0.007995036363983798,0.0,0.0
2019-07-05,2.71770279728926,-0.0011378517489490925,0.0,0.0
2019-07-08,2.7027695811289885,-0.005494793682063626,0.0,0.0
2019-07-09,2.7061378852849276,0.001246241699424555,0.0,0.0
2019-07-10,2.7190680758411268,0.004778097460040431,0.0,0.0
2019-07-11,2.725442461086846,0.002344327198850138,0.0,0.0
2019-07-12,2.7376432689330903,0.0044766338018300544,0.0,0.0
2019-07-15,2.7385546887812713,0.00033292133366091825,0.0,0.0
2019-07-16,2.7297218765390663,-0.003225355432334265,0.0,0.0
2019-07-17,2.7111454493001648,-0.006805245398279869,0.0,0.0
2019-07-18,2.7210714099768776,0.003661168632348666,0.0,0.0
2019-07-19,2.705956465220168,-0.005554776953405227,0.0,0.0
2019-07-22,2.712603597636494,0.002456481655104925,0.0,0.0
2019-07-23,2.7319982663973232,0.007149835227575396,0.0,0.0
2019-07-24,2.7448377469211427,0.004699666424294868,0.0,0.0
2019-07-25,2.731724902143139,-0.004777275011141224,0.0,0.0
2019-07-26,2.7500276566062865,0.00670007234212644,0.0,0.0
2019-07-29,2.745019166985901,-0.0018212506366448444,0.0,0.0
2019-07-30,2.7382819416106643,-0.0024543454764414108,0.0,0.0
2019-07-31,2.7083232565589057,-0.010940686784844611,0.0,0.0
2019-08-01,2.6847395738364455,-0.00870785371182936,0.0,0.0
2019-08-02,2.664524503801604,-0.007529620463691544,0.0,0.0
2019-08-05,2.5843929892886126,-0.030073476298928425,0.0,0.0
2019-08-06,2.6206356580853916,0.014023667819480945,0.0,0.0
2019-08-07,2.6221835908388424,0.0005906707209279993,0.0,0.0
2019-08-08,2.6736303717460936,0.01961982413702512,0.0,0.0
2019-08-09,2.655418944388794,-0.006811497785838783,0.0,0.0
2019-08-12,2.6230943936135547,-0.012173051202916452,0.0,0.0
2019-08-13,2.6638870652810764,0.015551354829944186,0.0,0.0
2019-08-14,2.585122217727672,-0.029567637675020464,0.0,0.0
2019-08-15,2.5919515415531196,0.0026417798658087133,0.0,0.0
2019-08-16,2.630196310338714,0.014755202083244878,0.0,0.0
2019-08-19,2.6618843482086825,0.012047784321424837,0.0,0.0
2019-08-20,2.641487241035614,-0.007662657164949627,0.0,0.0
2019-08-21,2.662977188121621,0.00813554831996166,0.0,0.0
2019-08-22,2.662157095379288,-0.0003079608589930949,0.0,0.0
2019-08-23,2.5937734556342233,-0.025687304428336888,0.0,0.0
2019-08-26,2.6224560294777692,0.01105824172162806,0.0,0.0
2019-08-27,2.612166611587961,-0.003923580709895624,0.0,0.0
2019-08-28,2.6305606931569563,0.007041695383210422,0.0,0.0
2019-08-29,2.6641607380568297,0.012772959387433724,0.0,0.0
2019-08-30,2.662977188121621,-0.0004442486965227088,0.0,0.0
2019-09-03,2.6474062248990324,-0.005847201129639434,0.0,0.0
2019-09-04,2.6774553114312707,0.011350387503672232,0.0,0.0
2019-09-05,2.711875140541798,0.012855426181558771,0.0,0.0
2019-09-06,2.7139688761782508,0.0007720619600630751,0.0,0.0
2019-09-09,2.7153350803352643,0.0005033971350980604,0.0,0.0
2019-09-10,2.7146982588882045,-0.00023452775742915932,0.0,0.0
2019-09-11,2.734002217616655,0.007110904007562313,0.0,0.0
2019-09-12,2.7434724683793874,0.0034638782301310567,0.0,0.0
2019-09-13,2.7416502457564937,-0.0006642029923377146,0.0,0.0
2019-09-16,2.733181507800853,-0.0030889198827416253,0.0,0.0
2019-09-17,2.740102313003043,0.002532142553444361,0.0,0.0
2019-09-18,2.7417418814041308,0.0005983602850547776,0.0,0.0
2019-09-19,2.7415595357241145,-6.650723806389536e-05,0.0,0.0
2019-09-20,2.728606513388927,-0.004724691244673673,0.0,0.0
2019-09-23,2.727965989490947,-0.00023474395990663588,0.0,0.0
2019-09-24,2.7065596560772676,-0.007846994242649674,0.0,0.0
2019-09-25,2.722569051126393,0.005915034982945322,0.0,0.0
2019-09-26,2.7168968972771386,-0.0020833829161863715,0.0,0.0
2019-09-27,2.7022608027551884,-0.0053870629160120975,0.0,0.0
2019-09-30,2.714793288444973,0.004637777995745829,0.0,0.0
2019-10-01,2.682501442644437,-0.011894771487015454,0.0,0.0
2019-10-02,2.6351156326255567,-0.017664784542358647,0.0,0.0
2019-10-03,2.656704620261041,0.008192804660330566,0.0,0.0
2019-10-04,2.692655412559145,0.013532099889437932,0.0,0.0
2019-10-07,2.681037123553204,-0.004314807216605043,0.0,0.0
2019-10-08,2.639416028636362,-0.015524251623073804,0.0,0.0
2019-10-09,2.6644806914741412,0.00949629106053762,0.0,0.0
2019-10-10,2.6825014426444374,0.006763325862318759,0.0,0.0
2019-10-11,2.7103105467541524,0.010366855229833716,0.0,0.0
2019-10-14,2.7072921241545638,-0.0011136814573531328,0.0,0.0
2019-10-15,2.734095087411229,0.009900284870453468,0.0,0.0
2019-10-16,2.7297042898997232,-0.001605941772735875,0.0,0.0
2019-10-17,2.7377543424404753,0.002949056632448599,0.0,0.0
2019-10-18,2.725770745011144,-0.0043771631528666255,0.0,0.0
2019-10-21,2.7442499829310836,0.00677945419795889,0.0,0.0
2019-10-22,2.735283573954404,-0.003267344094907365,0.0,0.0
2019-10-23,2.743242607920988,0.002909765569599765,0.0,0.0
2019-10-24,2.747724732528231,0.001633878314043713,0.0,0.0
2019-10-25,2.758977096027203,0.004095156754883034,0.0,0.0
2019-10-28,2.7745280043165748,0.005636476037356175,0.0,0.0
2019-10-29,2.7737048262069,-0.00029669122401865256,0.0,0.0
2019-10-30,2.7822121313503585,0.0030671270652444793,0.0,0.0
2019-10-31,2.7748019856442276,-0.002663400688478146,0.0,0.0
2019-11-01,2.8005080979952446,0.009264124966037457,0.0,0.0
2019-11-04,2.8117595358789593,0.004017641617165557,0.0,0.0
2019-11-05,2.8086494776418447,-0.0011060896913228646,0.0,0.0
2019-11-06,2.809289692998035,0.00022794419926253084,0.0,0.0
2019-11-07,2.8191690645217315,0.0035166795180718857,0.0,0.0
2019-11-08,2.8261210320098984,0.002465963313678099,0.0,0.0
2019-11-11,2.8207247107188125,-0.0019094445106790925,0.0,0.0
2019-11-12,2.826670845875499,0.002108016827764514,0.0,0.0
2019-11-13,2.827584734027664,0.00032330900978383426,0.0,0.0
2019-11-14,2.8317018587431946,0.001456057060283511,0.0,0.0
2019-11-15,2.8521927613260947,0.00723625000267325,0.0,0.0
2019-11-18,2.854296987241839,0.0007377572597042636,0.0,0.0
2019-11-19,2.8534738091321645,-0.0002883996000956346,0.0,0.0
2019-11-20,2.8428625866046406,-0.0037187033199899133,0.0,0.0
2019-11-21,2.8382885178079715,-0.001608965842465171,0.0,0.0
2019-11-22,2.844600269939948,0.002223788065369492,0.0,0.0
2019-11-25,2.8666471272516074,0.007750423686813779,0.0,0.0
2019-11-26,2.8731415335952786,0.0022655060268605975,0.0,0.0
2019-11-27,2.885948309144395,0.004457411999850391,0.0,0.0
2019-11-29,2.8752448338957657,-0.0037088243107870067,0.0,0.0
2019-12-02,2.850820077882498,-0.008494843891319603,0.0,0.0
2019-12-03,2.831701858743194,-0.0067062173750033205,0.0,0.0
2019-12-04,2.849174647268295,0.006170419555699969,0.0,0.0
2019-12-05,2.8542969872418387,0.0017978329192471776,0.0,0.0
2019-12-06,2.8803674824110983,0.009133771042673544,0.0,0.0
2019-12-09,2.871312523154123,-0.0031436819476226008,0.0,0.0
2019-12-10,2.8681102121959032,-0.0011152777457684726,0.0,0.0
2019-12-11,2.8762519003741827,0.0028386943234115503,0.0,0.0
2019-12-12,2.9010422733526298,0.008618985345206331,0.0,0.0
2019-12-13,2.9027802652297265,0.0005990922273215737,0.0,0.0
2019-12-16,2.9227235137092196,0.006870395502676763,0.0,0.0
2019-12-17,2.923362803460263,0.00021873083377355051,0.0,0.0
2019-12-18,2.923545457671958,6.248085645710333e-05,0.0,0.0
2019-12-19,2.9355290551012887,0.004098994731853267,0.0,0.0
2019-12-20,2.9483996979211953,0.0043844372098924556,0.0,0.0
2019-12-23,2.9529037286921698,0.0015276187872865776,0.0,0.0
2019-12-24,2.952995364339807,3.1032385765517034e-05,0.0,0.0
2019-12-26,2.9687159682677087,0.005323612802696109,0.0,0.0
2019-12-27,2.9679801062711717,-0.0002478721455344557,0.0,0.0
2019-12-30,2.9516158930678387,-0.005513585879082017,0.0,0.0
2019-12-31,2.958786922203434,0.002429526535765447,0.0,0.0
2020-01-02,2.9864578015124947,0.009352102749073277,0.0,0.0
2020-01-03,2.963843235143992,-0.007572370973080389,0.0,0.0
2020-01-06,2.9751505183231886,0.0038150746453522455,0.0,0.0
2020-01-07,2.966785140441414,-0.0028117494662049936,0.0,0.0
2020-01-08,2.982596762933374,0.0053295475551720095,0.0,0.0
2020-01-09,3.002820472016993,0.006780570989331158,0.0,0.0
2020-01-10,2.9941789530453704,-0.002877800738389835,0.0,0.0
2020-01-13,3.0147716730134095,0.006877584904233736,0.0,0.0
2020-01-14,3.0101747724377512,-0.00152479228089053,0.0,0.0
2020-01-15,3.016977407772505,0.0022598805215701123,0.0,0.0
2020-01-16,3.042073232896261,0.008318201209960296,0.0,0.0
2020-01-17,3.0515422495120568,0.003112685294160533,0.0,0.0
2020-01-21,3.045566803289798,-0.0019581725349582246,0.0,0.0
2020-01-22,3.0459348885488504,0.0001208593614347997,0.0,0.0
2020-01-23,3.049428150400599,0.0011468603169690894,0.0,0.0
2020-01-24,3.022308319114184,-0.008893415404082283,0.0,0.0
2020-01-27,2.9738632997723253,-0.016029145350748952,0.0,0.0
2020-01-28,3.005027132391345,0.010479241806913508,0.0,0.0
2020-01-29,3.0025455650841923,-0.0008258052915408598,0.0,0.0
2020-01-30,3.0122882544858522,0.0032448098423401017,0.0,0.0
2020-01-31,2.957593190520613,-0.01815731408964194,0.0,0.0
2020-02-03,2.9795626049249586,0.007428139365061925,0.0,0.0
2020-02-04,3.024975008937017,0.015241298819160809,0.0,0.0
2020-02-05,3.059907935935622,0.011548170446168626,0.0,0.0
2020-02-06,3.0702035245803336,0.0033646726830569573,0.0,0.0
2020-02-07,3.0538405455340474,-0.005329607276938764,0.0,0.0
2020-02-10,3.0766383831776034,0.007465300595637103,0.0,0.0
2020-02-11,3.08197052866622,0.0017331076403945822,0.0,0.0
2020-02-12,3.1018276951795123,0.006443009862876936,0.0,0.0
2020-02-13,3.0985167790077806,-0.0010674081532243695,0.0,0.0
2020-02-14,3.1034817648424915,0.0016023750035334405,0.0,0.0
2020-02-18,3.0954841636880905,-0.002576977008533099,0.0,0.0
2020-02-19,3.110283783103777,0.0047810354158146495,0.0,0.0
2020-02-20,3.097506627151912,-0.004108035421486411,0.0,0.0
2020-02-21,3.0656072410882547,-0.010298407688311584,0.0,0.0
2020-02-24,2.9639361049385666,-0.033165088725976566,0.0,0.0
2020-02-25,2.8741208316968496,-0.03030270223844067,0.0,0.0
2020-02-26,2.863550336129448,-0.003677818778816233,0.0,0.0
2020-02-27,2.7349435655937673,-0.04491165002865416,0.0,0.0
2020-02-28,2.7234520855141495,-0.004201724753732816,0.0,0.0
2020-03-02,2.841395799209424,0.043306696792136945,0.0,0.0
2020-03-03,2.7600390821858447,-0.028632659007314487,0.0,0.0
2020-03-04,2.8760522765966128,0.04203317089223613,0.0,0.0
2020-03-05,2.780447296711674,-0.03324173926284579,0.0,0.0
2020-03-06,2.73448291907182,-0.016531288938371302,0.0,0.0
2020-03-09,2.520934842575185,-0.07809450006333207,0.0,0.0
2020-03-10,2.6513811138212025,0.05174519747315798,0.0,0.0
2020-03-11,2.522129808404943,-0.04874867092569002,0.0,0.0
2020-03-12,2.2808198340250785,-0.09567706371642903,0.0,0.0
2020-03-13,2.4757984253719685,0.085486187220146,0.0,0.0
2020-03-16,2.20488751521122,-0.10942365395520681,0.0,0.0
2020-03-17,2.323933787754363,0.05399199356967577,0.0,0.0
2020-03-18,2.206266523680615,-0.050632795432373534,0.0,0.0
2020-03-19,2.2109547513520105,0.0021249598002213155,0.0,0.0
2020-03-20,2.1156754328266016,-0.04309419650815782,0.0,0.0
2020-03-23,2.0615815542372715,-0.02556813665745472,0.0,0.0
2020-03-24,2.2483672401765786,0.0906031030183585,0.0,0.0
2020-03-25,2.2820257529367014,0.014970202446767278,0.0,0.0
2020-03-26,2.4152729278236045,0.05838986466976959,0.0,0.0
2020-03-27,2.343332313226896,-0.029785708177308856,0.0,0.0
2020-03-30,2.4194337106058152,0.03247571714407127,0.0,0.0
2020-03-31,2.3833713819876428,-0.014905276577775184,0.0,0.0
2020-04-01,2.276108003230329,-0.04500489498529603,0.0,0.0
2020-04-02,2.328629883130172,0.023075302149679233,0.0,0.0
2020-04-03,2.294971678911838,-0.01445408068588816,0.0,0.0
2020-04-06,2.449115946025938,0.06716608685436465,0.0,0.0
2020-04-07,2.451612631678561,0.0010194232154154825,0.0,0.0
2020-04-08,2.533909462532315,0.033568447882162955,0.0,0.0
2020-04-09,2.5724687853246793,0.015217324597631476,0.0,0.0
2020-04-13,2.548982137660397,-0.009130002975456075,0.0,0.0
2020-04-14,2.6241588480761804,0.02949283531848712,0.0,0.0
2020-04-15,2.568400563805363,-0.021248059854187207,0.0,0.0
2020-04-16,2.5807908136916744,0.004824111184570823,0.0,0.0
2020-04-17,2.6505122721535477,0.027015540388622528,0.0,0.0
2020-04-20,2.6038151178844995,-0.017618161877479888,0.0,0.0
2020-04-21,2.5247554627359725,-0.03036300642295986,0.0,0.0
2020-04-22,2.580790813691674,0.022194367645798962,0.0,0.0
2020-04-23,2.58060584544689,-7.167114971218247e-05,0.0,0.0
2020-04-24,2.6165768469592146,0.013938975444774071,0.0,0.0
2020-04-27,2.6543026556335065,0.014418001412086934,0.0,0.0
2020-04-28,2.6420975282527634,-0.00459824253833252,0.0,0.0
2020-04-29,2.7112633106258124,0.026178360803656098,0.0,0.0
2020-04-30,2.6860200045589373,-0.009310532830929086,0.0,0.0
2020-05-01,2.6149119784751536,-0.026473379186712442,0.0,0.0
2020-05-04,2.622124660176018,0.0027582885237578125,0.0,0.0
2020-05-05,2.64635195217391,0.009239565290639407,0.0,0.0
2020-05-06,2.6284114207668106,-0.006779344445232205,0.0,0.0
2020-05-07,2.660128769702351,0.01206711730322918,0.0,0.0
2020-05-08,2.7041450414082453,0.016546669547436776,0.0,0.0
2020-05-11,2.7046985577348766,0.00020469180393623,0.0,0.0
2020-05-12,2.6507899559220096,-0.01993146395508638,0.0,0.0
2020-05-13,2.603907370605603,-0.017686269412507838,0.0,0.0
2020-05-14,2.635069660535897,0.01196751093455628,0.0,0.0
2020-05-15,2.6471834608006826,0.004597146119591278,0.0,0.0
2020-05-18,2.727815731722275,0.03045964592767736,0.0,0.0
2020-05-19,2.6997983647761035,-0.010270989576147804,0.0,0.0
2020-05-20,2.745662467719543,0.016987973450840688,0.0,0.0
2020-05-21,2.7267059222434606,-0.006904179118501386,0.0,0.0
2020-05-22,2.7318834904390172,0.0018988363040253198,0.0,0.0
2020-05-26,2.765542466001714,0.01232079467535696,0.0,0.0
2020-05-27,2.806691807043849,0.01487930181799979,0.0,0.0
2020-05-28,2.801513621784934,-0.0018449425925280982,0.0,0.0
2020-05-29,2.8139967414658185,0.00445584828994372,0.0,0.0
2020-06-01,2.8253691260627423,0.004041363811601251,0.0,0.0
2020-06-02,2.848764600902182,0.008280502049671012,0.0,0.0
2020-06-03,2.8866761491656203,0.013308066328622692,0.0,0.0
2020-06-04,2.879093839506867,-0.002626657535153454,0.0,0.0
2020-06-05,2.952883056685483,0.02562931994993778,0.0,0.0
2020-06-08,2.988576837221808,0.01208777315292342,0.0,0.0
2020-06-09,2.9662914804029716,-0.007456845860972727,0.0,0.0
2020-06-10,2.949740293463554,-0.005579757434076904,0.0,0.0
2020-06-11,2.779690762708448,-0.05764898392306794,0.0,0.0
2020-06-12,2.8129785676346404,0.011975362645648246,0.0,0.0
2020-06-15,2.8392394304592243,0.009335607148498903,0.0,0.0
2020-06-16,2.893888830866485,0.019247901329132233,0.0,0.0
2020-06-17,2.881867283312695,-0.004154115191145946,0.0,0.0
2020-06-18,2.8829777098649774,0.00038531495142479777,0.0,0.0
2020-06-19,2.8665014975390015,-0.005714998166512886,0.0,0.0
2020-06-22,2.8848909510519287,0.006415295274994737,0.0,0.0
2020-06-23,2.8981722573114155,0.004603746375454465,0.0,0.0
2020-06-24,2.8242426555598414,-0.025509043351397365,0.0,0.0
2020-06-25,2.8545197513300753,0.010720430027720829,0.0,0.0
2020-06-26,2.786721098729298,-0.023751334202254615,0.0,0.0
2020-06-29,2.827679455042639,0.014697687663116854,0.0,0.0
2020-06-30,2.8639005262174755,0.012809468594554785,0.0,0.0
2020-07-01,2.8839619445644047,0.00700492847544032,0.0,0.0
2020-07-02,2.899844222155528,0.005507103733132679,0.0,0.0
2020-07-06,2.9446093144412355,0.01543706794444022,0.0,0.0
2020-07-07,2.914239040334639,-0.010313855205731914,0.0,0.0
2020-07-08,2.9365287166778637,0.007648540848819829,0.0,0.0
2020-07-09,2.9198124621660946,-0.005692522064173922,0.0,0.0
2020-07-10,2.9496249004317816,0.010210394897612884,0.0,0.0
2020-07-13,2.924084472726585,-0.008658873099917752,0.0,0.0
2020-07-14,2.961977200203743,0.012958834750018244,0.0,0.0
2020-07-15,2.9891899012847305,0.009187343197346598,0.0,0.0
2020-07-16,2.979345085966252,-0.003293472694473998,0.0,0.0
2020-07-17,2.987982902486954,0.002899233311840721,0.0,0.0
2020-07-20,3.012130591805227,0.00808160224015153,0.0,0.0
2020-07-21,3.0185386076409078,0.0021274030591882376,0.0,0.0
2020-07-22,3.035719211135654,0.0056916957932082735,0.0,0.0
2020-07-23,2.9994993741077542,-0.011931221074412246,0.0,0.0
2020-07-24,2.9801809141174127,-0.006440561434052028,0.0,0.0
2020-07-27,3.0019136802349857,0.007292431816680267,0.0,0.0
2020-07-28,2.982874138170154,-0.006342468202930274,0.0,0.0
2020-07-29,3.0195595583077472,0.01229868188809946,0.0,0.0
2020-07-30,3.0087866621170027,-0.0035677044889228515,0.0,0.0
2020-07-31,3.032562255183513,0.007902053464229786,0.0,0.0
2020-08-03,3.0536458583543293,0.006952405720535015,0.0,0.0
2020-08-04,3.065440013743593,0.0038623193180691295,0.0,0.0
2020-08-05,3.0844795558185356,0.006211030713235477,0.0,0.0
2020-08-06,3.105097884391117,0.006684540519546367,0.0,0.0
2020-08-07,3.1073270680026694,0.0007179108983192961,0.0,0.0
2020-08-10,3.116614047480238,0.0029887357443638685,0.0,0.0
2020-08-11,3.090887880185895,-0.008254524590602497,0.0,0.0
2020-08-12,3.133981933242748,0.013942289312112166,0.0,0.0
2020-08-13,3.128316875763655,-0.0018076228899096547,0.0,0.0
2020-08-14,3.1284094370265496,2.9588199204511056e-05,0.0,0.0
2020-08-17,3.1383477392130694,0.0031767907579149934,0.0,0.0
2020-08-18,3.145126617153576,0.00216001491989104,0.0,0.0
2020-08-19,3.132031976088384,-0.004163470237978251,0.0,0.0
2020-08-20,3.14178330453882,0.00311341918756991,0.0,0.0
2020-08-21,3.152928914054795,0.003547542410029747,0.0,0.0
2020-08-24,3.1848779746691407,0.010133136992694691,0.0,0.0
2020-08-25,3.196022967111648,0.0034993467665476174,0.0,0.0
2020-08-26,3.228064897520567,0.010025563251154113,0.0,0.0
2020-08-27,3.2351223848447943,0.002186290408736191,0.0,0.0
2020-08-28,3.256019939884674,0.0064595871667099125,0.0,0.0
2020-08-31,3.2442248588801528,-0.003622545691455037,0.0,0.0
2020-09-01,3.2747805640341068,0.009418491776338023,0.0,0.0
2020-09-02,3.322146936183129,0.01446398353197531,0.0,0.0
2020-09-03,3.2078177395844905,-0.03441425042144375,0.0,0.0
2020-09-04,3.1816272233172795,-0.008164589884275486,0.0,0.0
2020-09-08,3.0946955417735182,-0.02732302543386056,0.0,0.0
2020-09-09,3.1558088033119414,0.019747746010387868,0.0,0.0
2020-09-10,3.1010113048880945,-0.017364010888853088,0.0,0.0
2020-09-11,3.1025910170111017,0.0005094183695870669,0.0,0.0
2020-09-14,3.1434546523094644,0.013170809518338933,0.0,0.0
2020-09-15,3.1593369298904763,0.005052491394887282,0.0,0.0
2020-09-16,3.146799199071156,-0.003968469048267975,0.0,0.0
2020-09-17,3.119122149017301,-0.008795302242998071,0.0,0.0
2020-09-18,3.0832123922008887,-0.01151277670472961,0.0,0.0
2020-09-21,3.0488980829365318,-0.011129401708152353,0.0,0.0
2020-09-22,3.079948990817651,0.010184304964111046,0.0,0.0
2020-09-23,3.008521628390026,-0.023191086164275343,0.0,0.0
2020-09-24,3.0165408271764798,0.002665494810069058,0.0,0.0
2020-09-25,3.0653085767612023,0.016166779227838157,0.0,0.0
2020-09-28,3.1162218962851496,0.016609525027898586,0.0,0.0
2020-09-29,3.099251098315586,-0.0054459529951298435,0.0,0.0
2020-09-30,3.1227493161453133,0.007581901912529165,0.0,0.0
2020-10-01,3.1427977759190777,0.0064201310268836576,0.0,0.0
2020-10-02,3.112958494891802,-0.009494496036592581,0.0,0.0
2020-10-05,3.168161103083904,0.017733165502426873,0.0,0.0
2020-10-06,3.1231223380123336,-0.014216058971158185,0.0,0.0
2020-10-07,3.177485724134033,0.017406742432093836,0.0,0.0
2020-10-08,3.205646561020504,0.008862616336111406,0.0,0.0
2020-10-09,3.2342726725052096,0.008929902576531257,0.0,0.0
2020-10-12,3.2863047490985373,0.016087721061880833,0.0,0.0
2020-10-13,3.264858305798204,-0.006526005631771192,0.0,0.0
2020-10-14,3.244343337289378,-0.006283570858922838,0.0,0.0
2020-10-15,3.2403332750885223,-0.0012360165937943535,0.0,0.0
2020-10-16,3.238375604500639,-0.0006041571720211136,0.0,0.0
2020-10-19,3.1891413461808544,-0.015203381056650644,0.0,0.0
2020-10-20,3.2019163423604144,0.004005779234231399,0.0,0.0
2020-10-21,3.195855431235312,-0.0018929011495143477,0.0,0.0
2020-10-22,3.213385916276299,0.0054853811188233514,0.0,0.0
2020-10-23,3.2242954945890814,0.003395041428893908,0.0,0.0
2020-10-26,3.1647107279544713,-0.018479933596223908,0.0,0.0
2020-10-27,3.153801149641689,-0.0034472592443967054,0.0,0.0
2020-10-28,3.0460070863367346,-0.034179093161026075,0.0,0.0
2020-10-29,3.076964507339702,0.010163279377067402,0.0,0.0
2020-10-30,3.0448889463408224,-0.010424416961056115,0.0,0.0
2020-11-02,3.0790165904108853,0.011208173654765119,0.0,0.0
2020-11-03,3.133379668000906,0.017655987226351977,0.0,0.0
2020-11-04,3.2034084298284933,0.02234927434512457,0.0,0.0
2020-11-05,3.2658841930628992,0.019502902799612976,0.0,0.0
2020-11-06,3.2651384578706493,-0.000228340978481123,0.0,0.0
2020-11-09,3.306166852199574,0.01256559097211496,0.0,0.0
2020-11-10,3.3013181850118944,-0.0014665524773663785,0.0,0.0
2020-11-11,3.3258416730328504,0.007428392734845524,0.0,0.0
2020-11-12,3.293577287067372,-0.009701119036149564,0.0,0.0
2020-11-13,3.339176356283835,0.013844845662348115,0.0,0.0
2020-11-16,3.380857307478759,0.012482404865046037,0.0,0.0
2020-11-17,3.362673648498305,-0.0053784165750593305,0.0,0.0
2020-11-18,3.3222043241673354,-0.0120348652772303,0.0,0.0
2020-11-19,3.336192181357786,0.004210414479535851,0.0,0.0
2020-11-20,3.313346520383947,-0.006847825224667092,0.0,0.0
2020-11-23,3.333207697879838,0.005994295306483544,0.0,0.0
2020-11-24,3.386917910062072,0.016113670989178708,0.0,0.0
2020-11-25,3.381695912475693,-0.0015418140400937919,0.0,0.0
2020-11-27,3.3911140203938634,0.0027850250767449403,0.0,0.0
2020-11-30,3.3761012015438627,-0.004427105299236511,0.0,0.0
2020-12-01,3.413026972419148,0.01093740047199998,0.0,0.0
2020-12-02,3.420207566218778,0.0021038784216054207,0.0,0.0
2020-12-03,3.419274857280334,-0.00027270536082557584,0.0,0.0
2020-12-04,3.4487411164405892,0.008617692461170723,0.0,0.0
2020-12-07,3.441653700977322,-0.0020550732061275223,0.0,0.0
2020-12-08,3.451725599908428,0.0029264707626586173,0.0,0.0
2020-12-09,3.4207675618218816,-0.008968858384156508,0.0,0.0
2020-12-10,3.4196484962309324,-0.0003271387402753456,0.0,0.0
2020-12-11,3.4156390511035446,-0.0011724728818786057,0.0,0.0
2020-12-14,3.40034515457595,-0.004477609108800129,0.0,0.0
2020-12-15,3.446316937117644,0.013519740041633144,0.0,0.0
2020-12-16,3.4517255999084275,0.0015694037691458274,0.0,0.0
2020-12-17,3.4710267818012146,0.005591748629525828,0.0,0.0
2020-12-18,3.4571675847574914,-0.003992823425156944,0.0,0.0
2020-12-21,3.4448069544684317,-0.003575363353387151,0.0,0.0
2020-12-22,3.4390008953429128,-0.0016854526834915173,0.0,0.0
2020-12-23,3.442090898646811,0.0008985177375449016,0.0,0.0
2020-12-24,3.4554817357249563,0.0038903205849123434,0.0,0.0
2020-12-28,3.4851673650643202,0.008590880117366861,0.0,0.0
2020-12-29,3.478518381427589,-0.0019077946452102923,0.0,0.0
2020-12-30,3.4834821331052535,0.0014269729618698879,0.0,0.0
2020-12-31,3.501180462564366,0.005080643098730686,0.0,0.0
2021-01-04,3.453516351703554,-0.013613725819177525,0.0,0.0
2021-01-05,3.4773012008923105,0.006887139589486502,0.0,0.0
2021-01-06,3.498090459260468,0.005978561294265328,0.0,0.0
2021-01-07,3.5500632966390726,0.014857488102120842,0.0,0.0
2021-01-08,3.5702894740266746,0.005697413171970922,0.0,0.0
2021-01-11,3.5462235471603245,-0.006740609421568289,0.0,0.0
2021-01-12,3.5469729848034954,0.00021133401016726339,0.0,0.0
2021-01-13,3.556523763861104,0.0026926562729763237,0.0,0.0
2021-01-14,3.544069646704002,-0.0035017668892450837,0.0,0.0
2021-01-15,3.5182243839269645,-0.007292538057505071,0.0,0.0
2021-01-19,3.5458492911362582,0.00785194580979498,0.0,0.0
2021-01-20,3.594919098957159,0.013838661429735,0.0,0.0
2021-01-21,3.5981960760072504,0.0009115579404950225,0.0,0.0
2021-01-22,3.585460264088976,-0.0035394991404712473,0.0,0.0
2021-01-25,3.599601155893871,0.003943954405666306,0.0,0.0
2021-01-26,3.593982379036115,-0.001560944286440158,0.0,0.0
2021-01-27,3.5061439057103505,-0.024440429602028857,0.0,0.0
2021-01-28,3.53629789500518,0.008600328482159192,0.0,0.0
2021-01-29,3.465501183279821,-0.0200200078803755,0.0,0.0
2021-02-01,3.523186592926012,0.016645618222411507,0.0,0.0
2021-02-02,3.573006146931873,0.01414048126372025,0.0,0.0
2021-02-03,3.575815072548067,0.0007861519126146632,0.0,0.0
2021-02-04,3.6164565608215495,0.011365657185544054,0.0,0.0
2021-02-05,3.630690939494486,0.003936001562176328,0.0,0.0
2021-02-08,3.6569113839007374,0.007221888297080481,0.0,0.0
2021-02-09,3.6544760972250314,-0.0006659408500919728,0.0,0.0
2021-02-10,3.652884660675796,-0.0004354759771021399,0.0,0.0
2021-02-11,3.6587835895958882,0.0016148686498633769,0.0,0.0
2021-02-12,3.6768580262893624,0.004940012507126834,0.0,0.0
2021-02-16,3.6736729934286965,-0.0008662376512481584,0.0,0.0
2021-02-17,3.674516535023488,0.0002296180406640147,0.0,0.0
2021-02-18,3.6588770764639307,-0.004256194906320454,0.0,0.0
2021-02-19,3.6524163007102204,-0.0017657810357363246,0.0,0.0
2021-02-22,3.6243230335353505,-0.0076916936246854695,0.0,0.0
2021-02-23,3.6287252469312947,0.001214630526918059,0.0,0.0
2021-02-24,3.66871016735618,0.011018999153683318,0.0,0.0
2021-02-25,3.5803107728120547,-0.02409549692169588,0.0,0.0
2021-02-26,3.5618623886363032,-0.005152732638698199,0.0,0.0
2021-03-01,3.648202295207405,0.024240101708184802,0.0,0.0
2021-03-02,3.6197338464033204,-0.0078034183689548176,0.0,0.0
2021-03-03,3.5717883493231257,-0.013245586309566626,0.0,0.0
2021-03-04,3.5275884977801684,-0.012374711830652974,0.0,0.0
2021-03-05,3.5924838122814524,0.018396509270319106,0.0,0.0
2021-03-08,3.5745982005545778,-0.004978619991474975,0.0,0.0
2021-03-09,3.625634318012139,0.014277441713489214,0.0,0.0
2021-03-10,3.648202295207405,0.006224559681363484,0.0,0.0
2021-03-11,3.6851919333534804,0.010139141185966594,0.0,0.0
2021-03-12,3.6901559935729344,0.001347028949707063,0.0,0.0
2021-03-15,3.712161506861114,0.005963301639959395,0.0,0.0
2021-03-16,3.7074797584763006,-0.0012611919972124186,0.0,0.0
2021-03-17,3.720121157911276,0.003409701538106491,0.0,0.0
2021-03-18,3.665994420066238,-0.014549724470648173,0.0,0.0
2021-03-19,3.6592115311431326,-0.001850218016148264,0.0,0.0
2021-03-22,3.6884303432056447,0.007985002182528733,0.0,0.0
2021-03-23,3.659400047567942,-0.007870636811992071,0.0,0.0
2021-03-24,3.640797086099131,-0.005083609670162859,0.0,0.0
2021-03-25,3.661278732549675,0.005625594057066419,0.0,0.0
2021-03-26,3.7202794376653654,0.016114781043890414,0.0,0.0
2021-03-29,3.718401061215311,-0.0005049019788774256,0.0,0.0
2021-03-30,3.7085364994952954,-0.002652904180484361,0.0,0.0
2021-03-31,3.723568756205044,0.004053420186586942,0.0,0.0
2021-04-01,3.7637801431690887,0.01079915253264363,0.0,0.0
2021-04-05,3.8178016697198562,0.014352997384507571,0.0,0.0
2021-04-06,3.8155465689518615,-0.000590680439447766,0.0,0.0
2021-04-07,3.8199620494627617,0.0011572340767191935,0.0,0.0
2021-04-08,3.8380947997455905,0.004746840426171017,0.0,0.0
2021-04-09,3.865998624880393,0.007270228222776565,0.0,0.0
2021-04-12,3.8674083328331914,0.0003646426420655935,0.0,0.0
2021-04-13,3.8788692677002996,0.00296346645628498,0.0,0.0
2021-04-14,3.865622826177711,-0.003415026547270661,0.0,0.0
2021-04-15,3.9071482744643173,0.010742240035783945,0.0,0.0
2021-04-16,3.9202083593141803,0.0033426130600722193,0.0,0.0
2021-04-19,3.900948212913194,-0.004913041510976157,0.0,0.0
2021-04-20,3.8723875113880046,-0.007321476719594933,0.0,0.0
2021-04-21,3.909028193592987,0.009462039141802991,0.0,0.0
2021-04-22,3.8733273166865003,-0.009132928988591527,0.0,0.0
2021-04-23,3.9153220505438306,0.01084203074612744,0.0,0.0
2021-04-26,3.9234970607803916,0.002087953463604686,0.0,0.0
2021-04-27,3.92265012527647,-0.0002158624030556,0.0,0.0
2021-04-28,3.92152365478368,-0.0002871707791453071,0.0,0.0
2021-04-29,3.9465142686131656,0.006372679608600773,0.0,0.0
2021-04-30,3.9205838494851846,-0.006570461263552763,0.0,0.0
2021-05-03,3.9290399373993385,0.0021568440412935708,0.0,0.0
2021-05-04,3.904800612443539,-0.006169274260888202,0.0,0.0
2021-05-05,3.9060208783461596,0.0003125040235683052,0.0,0.0
2021-05-06,3.9372137134889624,0.007985834206807985,0.0,0.0
2021-05-07,3.965867901882193,0.0072777833458876895,0.0,0.0
2021-05-10,3.926597245821792,-0.009902159384018727,0.0,0.0
2021-05-11,3.8915535538474813,-0.008924697334721565,0.0,0.0
2021-05-12,3.808876296224867,-0.021245308969440546,0.0,0.0
2021-05-13,3.8546296341926003,0.012012292972885863,0.0,0.0
2021-05-14,3.9138188557331004,0.015355358920986939,0.0,0.0
2021-05-17,3.9038608071450427,-0.0025443304749454,0.0,0.0
2021-05-18,3.870227131645099,-0.008615490449450869,0.0,0.0
2021-05-19,3.860079023943506,-0.0026220961603562465,0.0,0.0
2021-05-20,3.90160539784537,0.010757907712324544,0.0,0.0
2021-05-21,3.898411417394138,-0.0008186323642559445,0.0,0.0
2021-05-24,3.938152901713989,0.010194276607781827,0.0,0.0
2021-05-25,3.929415736112131,-0.002218594813333752,0.0,0.0
2021-05-26,3.9372137134889624,0.001984513194968507,0.0,0.0
2021-05-27,3.939280297822037,0.0005248849779209142,0.0,0.0
2021-05-28,3.946326369261824,0.0017886697333222568,0.0,0.0
2021-06-01,3.94285069404942,-0.0008807368897504331,0.0,0.0
2021-06-02,3.949050755600543,0.0015724819508078358,0.0,0.0
2021-06-03,3.9343952232087345,-0.0037111532109391776,0.0,0.0
2021-06-04,3.9703781034080716,0.009145720792633316,0.0,0.0
2021-06-07,3.9665257038878377,-0.0009702853027844238,0.0,0.0
2021-06-08,3.967370788161244,0.0002130540267464287,0.0,0.0
2021-06-09,3.961452112839614,-0.0014918382066257951,0.0,0.0
2021-06-10,3.9798668664254047,0.00464848572221932,0.0,0.0
2021-06-11,3.9864430352108893,0.0016523589874228861,0.0,0.0
2021-06-14,3.9953693343211354,0.0022391638439087647,0.0,0.0
2021-06-15,3.9880400254314496,-0.001834450904632301,0.0,0.0
2021-06-16,3.9657744150141507,-0.005583096025945755,0.0,0.0
2021-06-17,3.9644591195446512,-0.0003316616962678598,0.0,0.0
2021-06-18,3.9109772251320924,-0.013490338227702958,0.0,0.0
2021-06-21,3.966965678392989,0.014315719585660691,0.0,0.0
2021-06-22,3.988174547791293,0.005346370782541188,0.0,0.0
2021-06-23,3.9833675331688827,-0.0012053170102779287,0.0,0.0
2021-06-24,4.006931469489805,0.00591558175958129,0.0,0.0
2021-06-25,4.021165231089273,0.0035522847615061526,0.0,0.0
2021-06-28,4.029271437457186,0.0020158849244096277,0.0,0.0
2021-06-29,4.0314398391754,0.0005381622340099312,0.0,0.0
2021-06-30,4.034832517788945,0.0008415550644156333,0.0,0.0
2021-07-01,4.0571718686828575,0.005536624084251818,0.0,0.0
2021-07-02,4.088182975219112,0.007643527940146777,0.0,0.0
2021-07-06,4.080737347692506,-0.0018212559397998707,0.0,0.0
2021-07-07,4.095158083028059,0.0035338553077195467,0.0,0.0
2021-07-08,4.061790366880459,-0.008148089883486809,0.0,0.0
2021-07-09,4.105149453664287,0.010674870652453095,0.0,0.0
2021-07-12,4.1198540435232065,0.0035819864842663307,0.0,0.0
2021-07-13,4.105809415432127,-0.0034090110821181074,0.0,0.0
2021-07-14,4.111935736506635,0.0014921104353948778,0.0,0.0
2021-07-15,4.0978911084155545,-0.0034155757752704075,0.0,0.0
2021-07-16,4.065749828925479,-0.007843370807015693,0.0,0.0
2021-07-19,4.0057068840627945,-0.014767988043807634,0.0,0.0
2021-07-20,4.063109981864235,0.014330329068716008,0.0,0.0
2021-07-21,4.0960065612207055,0.00809640386386401,0.0,0.0
2021-07-22,4.104584212921537,0.0020941498927373736,0.0,0.0
2021-07-23,4.1468118926147195,0.010287931128382333,0.0,0.0
2021-07-26,4.156992088217548,0.0024549451160200686,0.0,0.0
2021-07-27,4.138046033020758,-0.004557635616023958,0.0,0.0
2021-07-28,4.13634969370893,-0.00040993727432969695,0.0,0.0
2021-07-29,4.153504380047236,0.004147300786583985,0.0,0.0
2021-07-30,4.133333430871537,-0.004856368822577228,0.0,0.0
2021-08-02,4.1246613666874055,-0.0020980799950375273,0.0,0.0
2021-08-03,4.158216982186346,0.008135362522109224,0.0,0.0
2021-08-04,4.137763412644328,-0.004918831708311533,0.0,0.0
2021-08-05,4.163966887484705,0.006332762951188231,0.0,0.0
2021-08-06,4.170847891342029,0.0016525116657402084,0.0,0.0
2021-08-09,4.167453978581547,-0.000813722496935565,0.0,0.0
2021-08-10,4.1726389516688345,0.0012441584511635462,0.0,0.0
2021-08-11,4.183006738091325,0.002484707290177468,0.0,0.0
2021-08-12,4.195543543305497,0.0029970798516794073,0.0,0.0
2021-08-13,4.203177687267023,0.0018195840140204922,0.0,0.0
2021-08-16,4.213075571035211,0.002354857325725712,0.0,0.0
2021-08-17,4.18545745164418,-0.006555334440451199,0.0,0.0
2021-08-18,4.139647959839175,-0.010944918765572353,0.0,0.0
2021-08-19,4.146058135437051,0.0015484832671917026,0.0,0.0
2021-08-20,4.179048201661564,0.007956971452604877,0.0,0.0
2021-08-23,4.215809522037965,0.008796577259335026,0.0,0.0
2021-08-24,4.222501083855223,0.001587254306030239,0.0,0.0
2021-08-25,4.231362590079421,0.002098639182848361,0.0,0.0
2021-08-26,4.2063833921343745,-0.005903346123920183,0.0,0.0
2021-08-27,4.243992882161636,0.008941051378623222,0.0,0.0
2021-08-30,4.262656316992105,0.0043976121894351294,0.0,0.0
2021-08-31,4.256340862419319,-0.0014815772380267767,0.0,0.0
2021-09-01,4.258602133932107,0.0005312712458613866,0.0,0.0
2021-09-02,4.271704179889029,0.0030766071928922667,0.0,0.0
2021-09-03,4.27066749380325,-0.00024268676905558895,0.0,0.0
2021-09-07,4.255398280275051,-0.003575369318813748,0.0,0.0
2021-09-08,4.250213924261232,-0.0012183010078868906,0.0,0.0
2021-09-09,4.232021626232,-0.004280325262073448,0.0,0.0
2021-09-10,4.1986539100844,-0.007884580726329915,0.0,0.0
2021-09-13,4.209399963513556,0.0025594044327745813,0.0,0.0
2021-09-14,4.1866829626864455,-0.005396731368845553,0.0,0.0
2021-09-15,4.2216535312778305,0.008352810304257163,0.0,0.0
2021-09-16,4.214960735303525,-0.0015853494193018847,0.0,0.0
2021-09-17,4.173902721367238,-0.00974101931541016,0.0,0.0
2021-09-20,4.104305912079604,-0.01667427679407829,0.0,0.0
2021-09-21,4.100429446623334,-0.00094448745763831,0.0,0.0
2021-09-22,4.140428251236643,0.009754784257109295,0.0,0.0
2021-09-23,4.190734677452571,0.012150053850324083,0.0,0.0
2021-09-24,4.197637896015417,0.0016472573651553635,0.0,0.0
2021-09-27,4.185628072897965,-0.0028610907884293324,0.0,0.0
2021-09-28,4.101280701651644,-0.020151664165402594,0.0,0.0
2021-09-29,4.108182994599233,0.0016829603847425822,0.0,0.0
2021-09-30,4.057971597940073,-0.01222228822941196,0.0,0.0
2021-10-01,4.106196630019246,0.011884024053705478,0.0,0.0
2021-10-04,4.053244494539071,-0.012895664833256326,0.0,0.0
2021-10-05,4.09541694601024,0.010404615741287593,0.0,0.0
2021-10-06,4.112438344135639,0.004156206400909079,0.0,0.0
2021-10-07,4.147992974256054,0.008645632382821233,0.0,0.0
2021-10-08,4.140428251236644,-0.0018237068062456618,0.0,0.0
2021-10-11,4.110452905170909,-0.007239672866395375,0.0,0.0
2021-10-12,4.100334725608357,-0.0024615729205470505,0.0,0.0
2021-10-13,4.115086521703869,0.003597705329611678,0.0,0.0
2021-10-14,4.184304138379691,0.016820452330893243,0.0,0.0
2021-10-15,4.216171436552224,0.007615913451471279,0.0,0.0
2021-10-18,4.228653013544382,0.0029604054721183992,0.0,0.0
2021-10-19,4.261276845720136,0.007714946596767414,0.0,0.0
2021-10-20,4.278013463717022,0.003927606349654278,0.0,0.0
2021-10-21,4.289172648879632,0.0026084969711417383,0.0,0.0
2021-10-22,4.284727240239802,-0.0010364256708088604,0.0,0.0
2021-10-25,4.307705572342968,0.0053628459443968435,0.0,0.0
2021-10-26,4.311582346330917,0.0008999626188102017,0.0,0.0
2021-10-27,4.292481405289168,-0.004430146407386593,0.0,0.0
2021-10-28,4.333899791050988,0.009649054206917418,0.0,0.0
2021-10-29,4.342693110490118,0.002028962334866824,0.0,0.0
2021-11-01,4.350163729557908,0.0017202733137517967,0.0,0.0
2021-11-02,4.367751294041314,0.004042966098932066,0.0,0.0
2021-11-03,4.394417883707621,0.006105336103428449,0.0,0.0
2021-11-04,4.415126922312581,0.0047125783557679934,0.0,0.0
2021-11-05,4.43044519330789,0.003469497313405956,0.0,0.0
2021-11-08,4.4342281718860095,0.0008538596942431198,0.0,0.0
2021-11-09,4.419571713889053,-0.0033053008164716235,0.0,0.0
2021-11-10,4.38401615815338,-0.008045022920192713,0.0,0.0
2021-11-11,4.3854338880814865,0.00032338610921178734,0.0,0.0
2021-11-12,4.418530091205417,0.0075468480356932766,0.0,0.0
2021-11-15,4.420044393368908,0.0003427162726592492,0.0,0.0
2021-11-16,4.437537853910804,0.003957756751977515,0.0,0.0
2021-11-17,4.426758786975266,-0.002429064785563151,0.0,0.0
2021-11-18,4.441791969290162,0.003395979550349093,0.0,0.0
2021-11-19,4.433849287815985,-0.0017881705242145385,0.0,0.0
2021-11-22,4.421367402282036,-0.0028151352749513636,0.0,0.0
2021-11-23,4.4272305408499735,0.0013260916893971242,0.0,0.0
2021-11-24,4.439050304853889,0.0026697873297663044,0.0,0.0
2021-11-26,4.340046475610611,-0.02230293023150054,0.0,0.0
2021-11-29,4.393282774155943,0.012266296880574679,0.0,0.0
2021-11-30,4.307800293357945,-0.019457541249304433,0.0,0.0
2021-12-01,4.259953219743649,-0.011107077941396204,0.0,0.0
2021-12-02,4.325199032874752,0.015316086765626347,0.0,0.0
2021-12-03,4.287565168379777,-0.008701071143531247,0.0,0.0
2021-12-06,4.338343657012202,0.011843199260715531,0.0,0.0
2021-12-07,4.428081178804815,0.02068474258547215,0.0,0.0
2021-12-08,4.439806838867221,0.002648022831770014,0.0,0.0
2021-12-09,4.409830875717908,-0.006751636779982251,0.0,0.0
2021-12-10,4.451343365421239,0.009413623985426112,0.0,0.0
2021-12-13,4.411911652781195,-0.00885838485216739,0.0,0.0
2021-12-14,4.381556805551748,-0.0068802028731269615,0.0,0.0
2021-12-15,4.450019430902963,0.01562518264386492,0.0,0.0
2021-12-16,4.410776851761198,-0.008818518604491232,0.0,0.0
2021-12-17,4.363833484561563,-0.010642879650756054,0.0,0.0
2021-12-20,4.317431600710431,-0.010633284706048851,0.0,0.0
2021-12-21,4.394104101045213,0.017758822241020766,0.0,0.0
2021-12-22,4.4380401529980205,0.009998864601855173,0.0,0.0
2021-12-23,4.4656533357911945,0.006221931717882434,0.0,0.0
2021-12-27,4.528852002448972,0.014152165854714793,0.0,0.0
2021-12-28,4.525151094844346,-0.0008171844879508727,0.0,0.0
2021-12-29,4.530940184403989,0.0012793140910232204,0.0,0.0
2021-12-30,4.51841356093743,-0.0027646852434021207,0.0,0.0
2021-12-31,4.507026983610293,-0.0025200387643963262,0.0,0.0
2022-01-03,4.533122778852416,0.005790024186014264,0.0,0.0
2022-01-04,4.531603540080959,-0.0003351417655274025,0.0,0.0
2022-01-05,4.444587319259722,-0.019202081570375507,0.0,0.0
2022-01-06,4.440410955339578,-0.0009396516752064876,0.0,0.0
2022-01-07,4.422856404372665,-0.003953361781932396,0.0,0.0
2022-01-10,4.417352403473214,-0.0012444448555934962,0.0,0.0
2022-01-11,4.457587547831506,0.009108429820237074,0.0,0.0
2022-01-12,4.469638714982547,0.0027035177709304747,0.0,0.0
2022-01-13,4.408053391037737,-0.013778591038772658,0.0,0.0
2022-01-14,4.409856484332561,0.00040904524851947954,0.0,0.0
2022-01-18,4.33175915770962,-0.0177097206905501,0.0,0.0
2022-01-19,4.2867808659997095,-0.01038337776232523,0.0,0.0
2022-01-20,4.2393339655558115,-0.011068188910755783,0.0,0.0
2022-01-21,4.156113681885858,-0.019630509024792575,0.0,0.0
2022-01-24,4.1737632624095395,0.004246654897965385,0.0,0.0
2022-01-25,4.122805822016339,-0.012208991547781878,0.0,0.0
2022-01-26,4.112463644208501,-0.0025085289616624262,0.0,0.0
2022-01-27,4.092155704379086,-0.004938144525122867,0.0,0.0
2022-01-28,4.193786113568651,0.024835420871402558,0.0,0.0
2022-01-31,4.269319801900837,0.01801085851464923,0.0,0.0
2022-02-01,4.298167443316735,0.006756964283409772,0.0,0.0
2022-02-02,4.339920283757757,0.009714102810476577,0.0,0.0
2022-02-03,4.237910681956378,-0.023504948278232685,0.0,0.0
2022-02-04,4.257838195016933,0.004702202230311148,0.0,0.0
2022-02-07,4.244173685152924,-0.0032092600136851557,0.0,0.0
2022-02-08,4.2790942706619415,0.008227887946993695,0.0,0.0
2022-02-09,4.341724611199518,0.014636354465705104,0.0,0.0
2022-02-10,4.263721697059876,-0.017965882483295337,0.0,0.0
2022-02-11,4.179646147379014,-0.01971881742160564,0.0,0.0
2022-02-14,4.165981946056793,-0.0032692244368076606,0.0,0.0
2022-02-15,4.23316691752118,0.01612704335600368,0.0,0.0
2022-02-16,4.237910681956378,0.0011206183284584448,0.0,0.0
2022-02-17,4.147383612644051,-0.02136124994275168,0.0,0.0
2022-02-18,4.120528815084613,-0.006475117825504584,0.0,0.0
2022-02-22,4.076308908608439,-0.010731609572609213,0.0,0.0
2022-02-23,4.004000363013463,-0.017738730605591058,0.0,0.0
2022-02-24,4.06425681584214,0.01504906277863749,0.0,0.0
2022-02-25,4.153931704510899,0.022064277119303588,0.0,0.0
2022-02-28,4.143303512427611,-0.002558586139427166,0.0,0.0
2022-03-01,4.080199258253133,-0.015230420360275332,0.0,0.0
2022-03-02,4.155259650021885,0.018396256412459566,0.0,0.0
2022-03-03,4.1345731346440155,-0.004978392957407762,0.0,0.0
2022-03-04,4.100980803177662,-0.00812473993624152,0.0,0.0
2022-03-07,3.980087162219769,-0.029479201869030525,0.0,0.0
2022-03-08,3.9499112667510965,-0.007581717243559716,0.0,0.0
2022-03-09,4.055812143812426,0.026810950907369735,0.0,0.0
2022-03-10,4.037497356391371,-0.004515689280381707,0.0,0.0
2022-03-11,3.9861607233762473,-0.012714963870838814,0.0,0.0
2022-03-14,3.9570276847482577,-0.007308545904118557,0.0,0.0
2022-03-15,4.044044831184752,0.0219905326343528,0.0,0.0
2022-03-16,4.133718485706575,0.022174248373886707,0.0,0.0
2022-03-17,4.1854349284069805,0.0125108767999631,0.0,0.0
2022-03-18,4.231277125186689,0.010952791660568506,0.0,0.0
2022-03-21,4.230040198249871,-0.00029232945520274445,0.0,0.0
2022-03-22,4.2795373305445485,0.011701338515685,0.0,0.0
2022-03-23,4.224424198237889,-0.01287829221941772,0.0,0.0
2022-03-24,4.288104491976198,0.015074313267325667,0.0,0.0
2022-03-25,4.3090458593435415,0.004883595398976093,0.0,0.0
2022-03-28,4.339696902596052,0.007113185668713218,0.0,0.0
2022-03-29,4.393381506163633,0.01237058826284998,0.0,0.0
2022-03-30,4.36625396143359,-0.006174638986390146,0.0,0.0
2022-03-31,4.299051094788072,-0.015391424145070332,0.0,0.0
2022-04-01,4.31123555015202,0.0028342197139084035,0.0,0.0
2022-04-04,4.348168108855677,0.008566583355055668,0.0,0.0
2022-04-05,4.293244418589085,-0.012631455107435241,0.0,0.0
2022-04-06,4.250314507499437,-0.009999409980891882,0.0,0.0
2022-04-07,4.271731948265876,0.005039024930661107,0.0,0.0
2022-04-08,4.260310197660053,-0.0026737985304672307,0.0,0.0
2022-04-11,4.187491331002551,-0.01709238606557273,0.0,0.0
2022-04-12,4.171975595991866,-0.0037052578224610055,0.0,0.0
2022-04-13,4.219759727950629,0.01145359814776259,0.0,0.0
2022-04-14,4.16721609614784,-0.012451806545940025,0.0,0.0
2022-04-18,4.168929713557222,0.00041121395431487073,0.0,0.0
2022-04-19,4.236227301227829,0.0161426534613327,0.0,0.0
2022-04-20,4.233086389226306,-0.0007414408572014031,0.0,0.0
2022-04-21,4.169786522266968,-0.014953596770536981,0.0,0.0
2022-04-22,4.05537062661855,-0.027439269381640652,0.0,0.0
2022-04-25,4.078882420094911,0.0057976928969289965,0.0,0.0
2022-04-26,3.960754509499216,-0.028960852123054437,0.0,0.0
2022-04-27,3.9718911714246246,0.00281175263417599,0.0,0.0
2022-04-28,4.072218626654499,0.025259366608952005,0.0,0.0
2022-04-29,3.9217275980856385,-0.036955537599044797,0.0,0.0
2022-05-02,3.945333804045299,0.0060193385107072395,0.0,0.0
2022-05-03,3.963419348091533,0.004584033935909337,0.0,0.0
2022-05-04,4.084117067732887,0.030452926889876553,0.0,0.0
2022-05-05,3.9389566419639164,-0.03554267014425949,0.0,0.0
2022-05-06,3.915445157019234,-0.005968962616699325,0.0,0.0
2022-05-09,3.7900829671007314,-0.032017353044459185,0.0,0.0
2022-05-10,3.7988404961775957,0.0023106431054102927,0.0,0.0
2022-05-11,3.7384917906278137,-0.015886085664956195,0.0,0.0
2022-05-12,3.734588790951744,-0.0010440038108026073,0.0,0.0
2022-05-13,3.8238746138028663,0.023907805611007582,0.0,0.0
2022-05-16,3.8083585702605016,-0.004057675815613115,0.0,0.0
2022-05-17,3.886698407373219,0.020570499249853658,0.0,0.0
2022-05-18,3.730019350221253,-0.040311606595134775,0.0,0.0
2022-05-19,3.7071749234044606,-0.006124479438809671,0.0,0.0
2022-05-20,3.7087928941836057,0.00043644306313428416,0.0,0.0
2022-05-23,3.7781851430958127,0.018710197870857925,0.0,0.0
2022-05-24,3.7493427468094507,-0.007633928776377696,0.0,0.0
2022-05-25,3.782467952467275,0.008834936652833969,0.0,0.0
2022-05-26,3.858047304347329,0.019981491668886298,0.0,0.0
2022-05-27,3.95275875956522,0.024549065303364204,0.0,0.0
2022-05-31,3.9305795396458016,-0.0056110734979074595,0.0,0.0
2022-06-01,3.8987872160968204,-0.00808845698918137,0.0,0.0
2022-06-02,3.9730339944199327,0.01904355744693409,0.0,0.0
2022-06-03,3.9078301423857775,-0.016411601845273127,0.0,0.0
2022-06-06,3.9197288920059536,0.00304484821157347,0.0,0.0
2022-06-07,3.9573275832222428,0.009592166257459622,0.0,0.0
2022-06-08,3.9143029511075063,-0.010872143184998517,0.0,0.0
2022-06-09,3.8212097752105496,-0.023782823419586596,0.0,0.0
2022-06-10,3.710410864952641,-0.028995767512345894,0.0,0.0
2022-06-13,3.569533248555132,-0.03796819854323796,0.0,0.0
2022-06-14,3.558777630472051,-0.0030131721247965704,0.0,0.0
2022-06-15,3.609512306777013,0.014256208612346555,0.0,0.0
2022-06-16,3.4900515140724764,-0.03309610344872471,0.0,0.0
2022-06-17,3.497575818673554,0.002155929381196353,0.0,0.0
2022-06-21,3.5856222462838763,0.025173557965560756,0.0,0.0
2022-06-22,3.579121360653622,-0.0018130425303424236,0.0,0.0
2022-06-23,3.614205471046266,0.009802436647813773,0.0,0.0
2022-06-24,3.7291162608901702,0.03179420505128028,0.0,0.0
2022-06-27,3.7148713919379412,-0.003819904759104653,0.0,0.0
2022-06-28,3.638965915895783,-0.02043286779910858,0.0,0.0
2022-06-29,3.6360030300498876,-0.0008142109363962202,0.0,0.0
2022-06-30,3.6064624133496594,-0.00812447527025928,0.0,0.0
2022-07-01,3.6446072159806286,0.010576791952627174,0.0,0.0
2022-07-05,3.6514897625266793,0.0018884192831185587,0.0,0.0
2022-07-06,3.663821698823636,0.003377234252033956,0.0,0.0
2022-07-07,3.71869571454965,0.014977261514563578,0.0,0.0
2022-07-08,3.7156368735317296,-0.000822557491314102,0.0,0.0
2022-07-11,3.673190440743018,-0.011423730098890417,0.0,0.0
2022-07-12,3.6406866296652147,-0.008848931631006973,0.0,0.0
2022-07-13,3.621567484910654,-0.005251521676920223,0.0,0.0
2022-07-14,3.6127720057093304,-0.0024286387698062573,0.0,0.0
2022-07-15,3.6817949352155486,0.01910525474542535,0.0,0.0
2022-07-18,3.6513947329699112,-0.008256897187528311,0.0,0.0
2022-07-19,3.7500511489709307,0.027018830670431537,0.0,0.0
2022-07-20,3.773951391191461,0.006373310995261727,0.0,0.0
2022-07-21,3.812381899566202,0.010183095750634141,0.0,0.0
2022-07-22,3.777010540741061,-0.00927802086909657,0.0,0.0
2022-07-25,3.7815994193313,0.0012149499030358335,0.0,0.0
2022-07-26,3.7368596271285663,-0.011830917884645964,0.0,0.0
2022-07-27,3.8338922101272157,0.02596634411799137,0.0,0.0
2022-07-28,3.8819780917904776,0.012542314449071723,0.0,0.0
2022-07-29,3.9385725127441353,0.014578758461657015,0.0,0.0
2022-08-01,3.926909177263794,-0.002961310333274736,0.0,0.0
2022-08-02,3.901002206978161,-0.006597292964051871,0.0,0.0
2022-08-03,3.962089859901932,0.015659476637694958,0.0,0.0
2022-08-04,3.959413296883387,-0.00067554323934782,0.0,0.0
2022-08-05,3.952720809450871,-0.0016902725052178047,0.0,0.0
2022-08-08,3.9481322393923106,-0.0011608636885228618,0.0,0.0
2022-08-09,3.932455139260194,-0.003970763688130541,0.0,0.0
2022-08-10,4.0150515600461425,0.021003779537453804,0.0,0.0
2022-08-11,4.0150515600461425,0.0,0.0,0.0
2022-08-12,4.083022376589433,0.01692900216267934,0.0,0.0
2022-08-15,4.099847544856503,0.004120763178653952,0.0,0.0
2022-08-16,4.107878159527396,0.0019587593399583714,0.0,0.0
2022-08-17,4.078719820816434,-0.007098150816215232,0.0,0.0
2022-08-18,4.090573832493889,0.0029063069291879184,0.0,0.0
2022-08-19,4.035605404284575,-0.013437828153269549,0.0,0.0
2022-08-22,3.9515739754729657,-0.02082250874240421,0.0,0.0
2022-08-23,3.9420148658982592,-0.0024190638044584434,0.0,0.0
2022-08-24,3.954633742096034,0.003201123442465592,0.0,0.0
2022-08-25,4.010463607071161,0.014117581706956317,0.0,0.0
2022-08-26,3.874712341639905,-0.03384926999260196,0.0,0.0
2022-08-29,3.84909231125509,-0.0066121115907076256,0.0,0.0
2022-08-30,3.8068377888003186,-0.010977788797430277,0.0,0.0
2022-08-31,3.777870743359938,-0.007609214536432707,0.0,0.0
2022-09-01,3.7897256806425403,0.0031379944121801007,0.0,0.0
2022-09-02,3.749764826143581,-0.010544524291843715,0.0,0.0
2022-09-06,3.735616837978635,-0.0037730334623401474,0.0,0.0
2022-09-07,3.8027271433713694,0.017964986320451404,0.0,0.0
2022-09-08,3.8275826177675443,0.006536223467808133,0.0,0.0
2022-09-09,3.88704489501033,0.015535204117283596,0.0,0.0
2022-09-12,3.928821492835489,0.010747649938076753,0.0,0.0
2022-09-13,3.757986425543268,-0.04348252207532255,0.0,0.0
2022-09-14,3.7723266325839435,0.003815928376750932,0.0,0.0
2022-09-15,3.7294982303376467,-0.011353312270565574,0.0,0.0
2022-09-16,3.701046134025969,-0.007628934123157349,0.0,0.0
2022-09-19,3.7297475286557944,0.007754941060030607,0.0,0.0
2022-09-20,3.6869360959753714,-0.0114783728259088,0.0,0.0
2022-09-21,3.6226208320205178,-0.01744409511872469,0.0,0.0
2022-09-22,3.5921916272510983,-0.008399776344367615,0.0,0.0
2022-09-23,3.532005829511473,-0.016754617789052073,0.0,0.0
2022-09-26,3.4970645719957703,-0.009892751938219702,0.0,0.0
2022-09-27,3.4881373472702664,-0.002552776633577891,0.0,0.0
2022-09-28,3.556771210948737,0.019676365018189923,0.0,0.0
2022-09-29,3.4824738324799,-0.020888995682412537,0.0,0.0
2022-09-30,3.4286223101094517,-0.015463582775035567,0.0,0.0
2022-10-03,3.51914166598826,0.026401086994011447,0.0,0.0
2022-10-04,3.6281887001806488,0.030986827056808997,0.0,0.0
2022-10-05,3.6197412513051614,-0.002328282670376769,0.0,0.0
2022-10-06,3.5824008059975867,-0.010315777486612054,0.0,0.0
2022-10-07,3.4824738324799003,-0.027893856363138014,0.0,0.0
2022-10-10,3.455884377199338,-0.0076352204092881015,0.0,0.0
2022-10-11,3.4339982679356424,-0.006332998119986999,0.0,0.0
2022-10-12,3.4226706212713296,-0.0032986757069980444,0.0,0.0
2022-10-13,3.512998992421345,0.02639119598264572,0.0,0.0
2022-10-14,3.432942452521795,-0.022788660079965162,0.0,0.0
2022-10-17,3.521158575780757,0.025696942048696325,0.0,0.0
2022-10-18,3.562530372379451,0.011749484071310379,0.0,0.0
2022-10-19,3.5372855236238503,-0.007086212920828894,0.0,0.0
2022-10-20,3.5076236516787342,-0.00838548987550436,0.0,0.0
2022-10-21,3.592863621976846,0.024301344375220024,0.0,0.0
2022-10-24,3.6368277508482887,0.012236514796309717,0.0,0.0
2022-10-25,3.694902843385586,0.015968612350076627,0.0,0.0
2022-10-26,3.667064736741979,-0.007534191783538091,0.0,0.0
2022-10-27,3.6474827857032763,-0.0053399523718526964,0.0,0.0
2022-10-28,3.7342592728703994,0.023790787308785477,0.0,0.0
2022-10-31,3.7072859969118466,-0.007223193138868322,0.0,0.0
2022-11-01,3.691062785365049,-0.004376034533162931,0.0,0.0
2022-11-02,3.5984314901369765,-0.02509610391764472,0.0,0.0
2022-11-03,3.5613798359506252,-0.01029661236789059,0.0,0.0
2022-11-04,3.6126377918912773,0.014392723691874831,0.0,0.0
2022-11-07,3.6471952287289895,0.009565707615437624,0.0,0.0
2022-11-08,3.6668737520131853,0.005395522326084423,0.0,0.0
2022-11-09,3.591328339254771,-0.020602130825185472,0.0,0.0
2022-11-10,3.788687143336358,0.05495426355879807,0.0,0.0
2022-11-11,3.825355902459975,0.009678486962986899,0.0,0.0
2022-11-14,3.7928138327260332,-0.008506939109381828,0.0,0.0
2022-11-15,3.825163375042456,0.008529166930709042,0.0,0.0
2022-11-16,3.795982204552504,-0.007628738338432028,0.0,0.0
2022-11-17,3.784366692392336,-0.0030599490551450614,0.0,0.0
2022-11-18,3.801548838565698,0.004540296321681403,0.0,0.0
2022-11-21,3.7877269745628563,-0.0036358506992262285,0.0,0.0
2022-11-22,3.838697682071011,0.013456806113655295,0.0,0.0
2022-11-23,3.8628882581014907,0.006301766389018804,0.0,0.0
2022-11-25,3.8620237359582257,-0.00022380200655602867,0.0,0.0
2022-11-28,3.8003979935950825,-0.01595685230760313,0.0,0.0
2022-11-29,3.7938699566614504,-0.001717724550069244,0.0,0.0
2022-11-30,3.91337888121784,0.0315005326807658,0.0,0.0
2022-12-01,3.9104993005125936,-0.0007358297759173515,0.0,0.0
2022-12-02,3.9059878648296684,-0.0011536725456858798,0.0,0.0
2022-12-05,3.83572183765195,-0.017989310159001848,0.0,0.0
2022-12-06,3.780430987731452,-0.014414718340041155,0.0,0.0
2022-12-07,3.773999523043314,-0.001701251711513918,0.0,0.0
2022-12-08,3.8035645142112577,0.007833861924842811,0.0,0.0
2022-12-09,3.7751512936190768,-0.007470156082806212,0.0,0.0
2022-12-12,3.829579164085035,0.01441740111395129,0.0,0.0
2022-12-13,3.8585681156891476,0.007569748623028838,0.0,0.0
2022-12-14,3.8338983808821196,-0.006393494702534697,0.0,0.0
2022-12-15,3.740115006546606,-0.024461622353677437,0.0,0.0
2022-12-16,3.695958041715855,-0.011806312039458589,0.0,0.0
2022-12-19,3.6646180341717227,-0.008479535533250426,0.0,0.0
2022-12-20,3.6696320774836537,0.0013682308129185916,0.0,0.0
2022-12-21,3.7245017736751684,0.014952369892389905,0.0,0.0
2022-12-22,3.671367909588446,-0.014266032697923037,0.0,0.0
2022-12-23,3.6924869945696277,0.005752375000616317,0.0,0.0
2022-12-27,3.6779258746611188,-0.003943445144132807,0.0,0.0
2022-12-28,3.632216657552528,-0.012427987584932576,0.0,0.0
2022-12-29,3.697597610116943,0.018000289830857774,0.0,0.0
2022-12-30,3.6878573890192667,-0.002634202561962451,0.0,0.0
2023-01-03,3.6723323978863363,-0.004209759081019948,0.0,0.0
2023-01-04,3.70068421951171,0.007720385453585887,0.0,0.0
2023-01-05,3.658446049549345,-0.011413610958661558,0.0,0.0
2023-01-06,3.742342956001112,0.02293238859217328,0.0,0.0
2023-01-09,3.7402208349143446,-0.0005670568175384361,0.0,0.0
2023-01-10,3.7664499183693736,0.007012709840602094,0.0,0.0
2023-01-11,3.814088112073744,0.01264803587910035,0.0,0.0
2023-01-12,3.8279735348055874,0.003640561603149184,0.0,0.0
2023-01-13,3.842824679992366,0.0038796363276145662,0.0,0.0
2023-01-17,3.835785087839162,-0.0018318796040464047,0.0,0.0
2023-01-18,3.775225959700839,-0.015787935651118135,0.0,0.0
2023-01-19,3.74774236266965,-0.007279987297334367,0.0,0.0
2023-01-20,3.8175594677617597,0.018629110097732715,0.0,0.0
2023-01-23,3.8633646400423762,0.011998548462028857,0.0,0.0
2023-01-24,3.8592185127929515,-0.0010731907639397464,0.0,0.0
2023-01-25,3.8606649367030523,0.0003747971008394302,0.0,0.0
2023-01-26,3.903095017009467,0.010990355548091024,0.0,0.0
2023-01-27,3.9120632772166624,0.0022977304339535376,0.0,0.0
2023-01-30,3.8629789681338704,-0.012546910825459445,0.0,0.0
2023-01-31,3.9197776409312755,0.014703334723265016,0.0,0.0
2023-02-01,3.961436068888999,0.010627752840547844,0.0,0.0
2023-02-02,4.019103274812268,0.014557146681264621,0.0,0.0
2023-02-03,3.9763837863111617,-0.010629109425684513,0.0,0.0
2023-02-06,3.9520824453150865,-0.006111417383737883,0.0,0.0
2023-02-07,4.003770811096857,0.01307876707962996,0.0,0.0
2023-02-08,3.959989644978898,-0.010934983090594153,0.0,0.0
2023-02-09,3.925660217369071,-0.00866907004500772,0.0,0.0
2023-02-10,3.9348216220672527,0.0023337232951663456,0.0,0.0
2023-02-13,3.981012157714586,0.01173891476764477,0.0,0.0
2023-02-14,3.9791803704377684,-0.0004601310431238126,0.0,0.0
2023-02-15,3.992102539018658,0.0032474447946344576,0.0,0.0
2023-02-16,3.9371353449562814,-0.013768983518115951,0.0,0.0
2023-02-17,3.9272988601549006,-0.002498386247752893,0.0,0.0
2023-02-21,3.848514420470854,-0.02006071920916641,0.0,0.0
2023-02-22,3.8432106604325518,-0.001378131782510783,0.0,0.0
2023-02-23,3.8636540482370676,0.0053193513472964415,0.0,0.0
2023-02-24,3.822380983646062,-0.010682391351740761,0.0,0.0
2023-02-27,3.8353994159407656,0.003405843726829616,0.0,0.0
2023-02-28,3.8212239679306523,-0.0036959509226592857,0.0,0.0
2023-03-01,3.806566275776649,-0.003835863136266493,0.0,0.0
2023-03-02,3.836170451205879,0.007777133848323681,0.0,0.0
2023-03-03,3.897694684725671,0.016037930092614117,0.0,0.0
2023-03-06,3.900394696596674,0.000692720207558617,0.0,0.0
2023-03-07,3.8406066037335735,-0.015328728888711951,0.0,0.0
2023-03-08,3.8468754691432343,0.0016322591862354408,0.0,0.0
2023-03-09,3.7759004227305684,-0.018450050432350817,0.0,0.0
2023-03-10,3.721417015510917,-0.014429248952558704,0.0,0.0
2023-03-13,3.7161123298573577,-0.0014254477881542327,0.0,0.0
2023-03-14,3.777539991131656,0.016530087312149666,0.0,0.0
2023-03-15,3.7539140387704575,-0.006254322235281107,0.0,0.0
2023-03-16,3.8197775440205515,0.01754528861605653,0.0,0.0
2023-03-17,3.775114269119984,-0.011692637695743024,0.0,0.0
2023-03-20,3.811414017359181,0.009615536286179394,0.0,0.0
2023-03-21,3.8614600379042003,0.01313056527500911,0.0,0.0
2023-03-22,3.795635716915392,-0.01704648509700346,0.0,0.0
2023-03-23,3.8058967493548854,0.002703376510492017,0.0,0.0
2023-03-24,3.8308703936184965,0.006561829158356458,0.0,0.0
2023-03-27,3.8380337093205723,0.001869892469870127,0.0,0.0
2023-03-28,3.8294190331105393,-0.0022445545981298887,0.0,0.0
2023-03-29,3.885078585363558,0.014534724920873376,0.0,0.0
2023-03-30,3.907827674091904,0.00585550284981351,0.0,0.0
2023-03-31,3.9629068672668133,0.014094580869078,0.0,0.0
2023-04-03,3.978007002229952,0.0038103683656722787,0.0,0.0
2023-04-04,3.955937004597514,-0.005548003716450589,0.0,0.0
2023-04-05,3.945579399912527,-0.002618243079439697,0.0,0.0
2023-04-06,3.9609707943008723,0.0039009212154459405,0.0,0.0
2023-04-10,3.9650360847237414,0.0010263368840583986,0.0,0.0
2023-04-11,3.966100847718045,0.0002685380338418586,0.0,0.0
2023-04-12,3.9499347156035562,-0.004076076916649796,0.0,0.0
2023-04-13,4.00240121303071,0.013282877111840286,0.0,0.0
2023-04-14,3.9926233503503643,-0.002442999129750434,0.0,0.0
2023-04-17,4.006950907359664,0.0035885070421286525,0.0,0.0
2023-04-18,4.009564220190996,0.0006521948713005266,0.0,0.0
2023-04-19,4.008886671783815,-0.00016898305401114033,0.0,0.0
2023-04-20,3.987009818642364,-0.005457089444665275,0.0,0.0
2023-04-21,3.9901072268481026,0.0007768749881817971,0.0,0.0
2023-04-24,3.994270015121612,0.001043277294780376,0.0,0.0
2023-04-25,3.930865553931361,-0.01587385453417345,0.0,0.0
2023-04-26,3.9142156349842563,-0.004235687717798586,0.0,0.0
2023-04-27,3.992140180591216,0.019908087053377876,0.0,0.0
2023-04-28,4.026213213522843,0.00853502917990756,0.0,0.0
2023-05-01,4.022148231641763,-0.0010096290647070294,0.0,0.0
2023-05-02,3.9769425477673255,-0.011239188928645172,0.0,0.0
2023-05-03,3.9496449988670737,-0.006863953545312551,0.0,0.0
2023-05-04,3.9216695930279606,-0.007083017802141156,0.0,0.0
2023-05-05,3.9942700151216126,0.018512631003571256,0.0,0.0
2023-05-08,3.9953347781159168,0.00026657261283613565,0.0,0.0
2023-05-09,3.9778138577389637,-0.004385344745807651,0.0,0.0
2023-05-10,3.9963992325785416,0.004672258558157338,0.0,0.0
2023-05-11,3.9894296784409216,-0.0017439584315812606,0.0,0.0
2023-05-12,3.984202435714897,-0.0013102731837267845,0.0,0.0
2023-05-15,3.9979480909472507,0.00345003936274324,0.0,0.0
2023-05-16,3.971231518198576,-0.006682571194250975,0.0,0.0
2023-05-17,4.019438346564937,0.01213901233041903,0.0,0.0
2023-05-18,4.058157954602691,0.009633089177955467,0.0,0.0
2023-05-19,4.052252546396016,-0.0014551942710798738,0.0,0.0
2023-05-22,4.053898285552007,0.0004061294643284974,0.0,0.0
2023-05-23,4.008402884941089,-0.011222630023319247,0.0,0.0
2023-05-24,3.9793627161076714,-0.007244822855136723,0.0,0.0
2023-05-25,4.013823272168211,0.008659817794706148,0.0,0.0
2023-05-26,4.0658053656791715,0.012950767880440361,0.0,0.0
2023-05-30,4.06735422404788,0.0003809474948759384,0.0,0.0
2023-05-31,4.044799822509358,-0.005545226773014056,0.0,0.0
2023-06-01,4.083229405268841,0.009500985078574775,0.0,0.0
2023-06-02,4.142277625152805,0.014461156605056535,0.0,0.0
2023-06-05,4.134340188818274,-0.0019162009533917335,0.0,0.0
2023-06-06,4.143342696688897,0.0021774956727005357,0.0,0.0
2023-06-07,4.129015139689708,-0.003457970544082478,0.0,0.0
2023-06-08,4.1539897095685765,0.006048553718973615,0.0,0.0
2023-06-09,4.16144366761228,0.0017944093666226735,0.0,0.0
2023-06-12,4.199195393443014,0.00907178586233126,0.0,0.0
2023-06-13,4.226880774003857,0.006593020321005616,0.0,0.0
2023-06-14,4.231914255175536,0.0011908263896716065,0.0,0.0
2023-06-15,4.284380135519112,0.012397670930929472,0.0,0.0
2023-06-16,4.2697866191776885,-0.0034062141733031126,0.0,0.0
2023-06-20,4.2476339334881805,-0.005188241864361398,0.0,0.0
2023-06-21,4.2258703136163085,-0.005123704211016933,0.0,0.0
2023-06-22,4.241124717340828,0.0036097661765359668,0.0,0.0
2023-06-23,4.209061497841645,-0.007560074658517935,0.0,0.0
2023-06-26,4.191864541864602,-0.0040856984355923665,0.0,0.0
2023-06-27,4.237820897539257,0.010963225365629992,0.0,0.0
2023-06-28,4.239958754034852,0.0005044707049408625,0.0,0.0
2023-06-29,4.256669763417085,0.003941314138098617,0.0,0.0
2023-06-30,4.306901832093041,0.01180079063395123,0.0,0.0
2023-07-03,4.3118572532637165,0.001150576763498723,0.0,0.0
2023-07-05,4.305444609361858,-0.0014872115483425263,0.0,0.0
2023-07-06,4.271730405577149,-0.007830597497735958,0.0,0.0
2023-07-07,4.260944859344917,-0.002524865852524205,0.0,0.0
2023-07-10,4.2717304055771494,0.0025312569367279547,0.0,0.0
2023-07-11,4.298934776141039,0.006368466167333775,0.0,0.0
2023-07-12,4.333523375274838,0.008045853434614836,0.0,0.0
2023-07-13,4.367918212844182,0.007936922127981472,0.0,0.0
2023-07-14,4.365197220414594,-0.0006229494914959943,0.0,0.0
2023-07-17,4.3803547433619405,0.003472356959373979,0.0,0.0
2023-07-18,4.412903292382464,0.007430573761143089,0.0,0.0
2023-07-19,4.422716019789598,0.0022236443350283075,0.0,0.0
2023-07-20,4.393373792720003,-0.006634436156041201,0.0,0.0
2023-07-21,4.393373792720003,0.0,0.0,0.0
2023-07-24,4.413000173159638,0.004467268519732226,0.0,0.0
2023-07-25,4.425048254943338,0.002730133992964179,0.0,0.0
2023-07-26,4.425728888717861,0.00015381386491397642,0.0,0.0
2023-07-27,4.396385736033009,-0.006630128826836668,0.0,0.0
2023-07-28,4.43942795478709,0.009790364480828817,0.0,0.0
2023-07-31,4.447880957333902,0.0019040747215410825,0.0,0.0
2023-08-01,4.4351525503174685,-0.0028616788845139407,0.0,0.0
2023-08-02,4.3734564613969535,-0.013910702782049422,0.0,0.0
2023-08-03,4.360922741560232,-0.00286586134956468,0.0,0.0
2023-08-04,4.341199171801636,-0.0045227973361298135,0.0,0.0
2023-08-07,4.379092207810474,0.00872870248731572,0.0,0.0
2023-08-08,4.360048346211143,-0.0043488149359732775,0.0,0.0
2023-08-09,4.330899880706004,-0.006685353737067912,0.0,0.0
2023-08-10,4.3324542927561485,0.00035891202589777293,0.0,0.0
2023-08-11,4.3299286045797425,-0.0005829693761868482,0.0,0.0
2023-08-14,4.35382977241553,0.005519991209671948,0.0,0.0
2023-08-15,4.303112682760022,-0.01164884533998889,0.0,0.0
2023-08-16,4.271535718397439,-0.007338168133289358,0.0,0.0
2023-08-17,4.238987477908594,-0.007619798272705647,0.0,0.0
2023-08-18,4.241027219480079,0.00048118603372038216,0.0,0.0
2023-08-21,4.268621272945185,0.006506455166889635,0.0,0.0
2023-08-22,4.257058520692937,-0.0027087791380165926,0.0,0.0
2023-08-23,4.304472716162133,0.011137783340003926,0.0,0.0
2023-08-24,4.24481729442836,-0.01385893828755902,0.0,0.0
2023-08-25,4.2747417318065795,0.007049640844965843,0.0,0.0
2023-08-28,4.301849530135086,0.006341388563151806,0.0,0.0
2023-08-29,4.364031874192201,0.014454792902801161,0.0,0.0
2023-08-30,4.382006036189261,0.004118705480442131,0.0,0.0
2023-08-31,4.375593700829191,-0.0014633333014862915,0.0,0.0
2023-09-01,4.383755443950797,0.0018652881596521453,0.0,0.0
2023-09-05,4.3648090802122175,-0.0043219481517208225,0.0,0.0
2023-09-06,4.335466853142623,-0.00672245372715552,0.0,0.0
2023-09-07,4.3221556187440955,-0.003070311652568214,0.0,0.0
2023-09-08,4.328665451954806,0.0015061542861805055,0.0,0.0
2023-09-11,4.357133283685422,0.0065765839486995326,0.0,0.0
2023-09-12,4.3332321158496345,-0.005485525982251049,0.0,0.0
2023-09-13,4.338284726349383,0.0011660142740259616,0.0,0.0
2023-09-14,4.375690581606364,0.008622268388653431,0.0,0.0
2023-09-15,4.3229713919519295,-0.012048198717716563,0.0,0.0
2023-09-18,4.325506336250581,0.0005863893301192302,0.0,0.0
2023-09-19,4.316536224812871,-0.0020737714247544003,0.0,0.0
2023-09-20,4.276852437008906,-0.009193433284736208,0.0,0.0
2023-09-21,4.206162787808332,-0.016528428380852,0.0,0.0
2023-09-22,4.196705804160555,-0.002248363680832588,0.0,0.0
2023-09-25,4.214353841995511,0.004205212054049667,0.0,0.0
2023-09-26,4.152438999969355,-0.014691419929950267,0.0,0.0
2023-09-27,4.154096772093365,0.00039922853147800197,0.0,0.0
2023-09-28,4.178179977067379,0.005797458820844481,0.0,0.0
2023-09-29,4.1680398913410945,-0.0024269145374158363,0.0,0.0
2023-10-02,4.166382427758874,-0.00039766020130083124,0.0,0.0
2023-10-03,4.110610567841423,-0.01338615954835698,0.0,0.0
2023-10-04,4.140544261351999,0.007282055309436597,0.0,0.0
2023-10-05,4.138983678546951,-0.00037690281918123514,0.0,0.0
2023-10-06,4.188125067082272,0.011872815249315716,0.0,0.0
2023-10-09,4.2149385206081185,0.006402257118965915,0.0,0.0
2023-10-10,4.236876772706266,0.005204880685894864,0.0,0.0
2023-10-11,4.254232625510866,0.004096378945077195,0.0,0.0
2023-10-12,4.228296035627982,-0.006096655299795639,0.0,0.0
2023-10-13,4.207235572777944,-0.0049808392488559505,0.0,0.0
2023-10-16,4.251502068427355,0.010521515822842886,0.0,0.0
2023-10-17,4.251306455632384,-4.601027867856544e-05,0.0,0.0
2023-10-18,4.19465773207197,-0.013325015298617848,0.0,0.0
2023-10-19,4.157801690680589,-0.00878642400536811,0.0,0.0
2023-10-20,4.106710345001015,-0.01228806698359175,0.0,0.0
2023-10-23,4.099592692856918,-0.001733176081619936,0.0,0.0
2023-10-24,4.130501982018143,0.007539600022968385,0.0,0.0
2023-10-25,4.071218965077922,-0.014352496911587465,0.0,0.0
2023-10-26,4.022468493590753,-0.011974416484433759,0.0,0.0
2023-10-27,4.004234851538042,-0.004532948382756419,0.0,0.0
2023-10-30,4.052108767913927,0.011955821311903314,0.0,0.0
2023-10-31,4.077557251429697,0.006280306125363788,0.0,0.0
2023-11-01,4.121043764213318,0.010664844195228174,0.0,0.0
2023-11-02,4.200021039856672,0.0191643865394453,0.0,0.0
2023-11-03,4.238339240577092,0.009123335420654799,0.0,0.0
2023-11-06,4.248089334870482,0.002300451601429998,0.0,0.0
2023-11-07,4.26017937775113,0.0028459954411521604,0.0,0.0
2023-11-08,4.263300234809326,0.0007325647071330099,0.0,0.0
2023-11-09,4.230051305602631,-0.007798871150387576,0.0,0.0
2023-11-10,4.296060440565328,0.015604807174624424,0.0,0.0
2023-11-13,4.291965222013529,-0.000953249752524532,0.0,0.0
2023-11-14,4.375233020461865,0.019400855818042295,0.0,0.0
2023-11-15,4.384495316929929,0.002116983581159415,0.0,0.0
2023-11-16,4.389858007631054,0.0012231033023157867,0.0,0.0
2023-11-17,4.3953178876612515,0.0012437486635572537,0.0,0.0
2023-11-20,4.429151495470444,0.007697647513544403,0.0,0.0
2023-11-21,4.4194985904960165,-0.0021794027556518714,0.0,0.0
2023-11-22,4.436561641186685,0.003860856687987635,0.0,0.0
2023-11-24,4.439291581196729,0.0006153278666749529,0.0,0.0
2023-11-27,4.431296448336201,-0.0018009929544597902,0.0,0.0
2023-11-28,4.4356844690019335,0.0009902340583376468,0.0,0.0
2023-11-29,4.432563920485527,-0.0007035100305745612,0.0,0.0
2023-11-30,4.450016962609089,0.003937459771962137,0.0,0.0
2023-12-01,4.47634323538308,0.005915993802988906,0.0,0.0
2023-12-04,4.452844709011563,-0.005249491635443415,0.0,0.0
2023-12-05,4.451967536836921,-0.00019699141379592167,0.0,0.0
2023-12-06,4.434026696888033,-0.004029867648503882,0.0,0.0
2023-12-07,4.467860304697226,0.007630447474062052,0.0,0.0
2023-12-08,4.487067999721971,0.004299081375608749,0.0,0.0
2023-12-11,4.5045210418354245,0.0038896317404895075,0.0,0.0
2023-12-12,4.525094015401926,0.004567183364320382,0.0,0.0
2023-12-13,4.587495421096359,0.013790079384436993,0.0,0.0
2023-12-14,4.60221852320988,0.003209398759465465,0.0,0.0
2023-12-15,4.5946411501590925,-0.0016464609432543797,0.0,0.0
2023-12-18,4.62048641293613,0.005625088430712966,0.0,0.0
2023-12-19,4.64858338256192,0.006080954928711746,0.0,0.0
2023-12-20,4.5841666097536065,-0.01385729102977018,0.0,0.0
2023-12-21,4.627632450530542,0.009481732335917759,0.0,0.0
2023-12-22,4.6369326971129565,0.0020097202363917877,0.0,0.0
2023-12-26,4.6565127969211435,0.0042226405012042445,0.0,0.0
2023-12-27,4.6649321688779954,0.0018080852182815743,0.0,0.0
2023-12-28,4.66669360960755,0.00037759192755371096,0.0,0.0
2023-12-29,4.653183985578389,-0.0028949027211360168,0.0,0.0
2024-01-02,4.627143110016491,-0.00559635631056199,0.0,0.0
2024-01-03,4.589354976760135,-0.008166622980507188,0.0,0.0
2024-01-04,4.574572018368534,-0.003221140763017827,0.0,0.0
2024-01-05,4.580837798410852,0.0013696975404822176,0.0,0.0
2024-01-08,4.646233252237159,0.014275871948356889,0.0,0.0
2024-01-09,4.639184712503497,-0.0015170438828631116,0.0,0.0
2024-01-10,4.665421509392046,0.00565547580328829,0.0,0.0
2024-01-11,4.663365723869942,-0.00044064304114110886,0.0,0.0
2024-01-12,4.666595803205008,0.0006926497998072101,0.0,0.0
2024-01-16,4.649463948645693,-0.0036711674380603965,0.0,0.0
2024-01-17,4.623618994410444,-0.0055586954798899635,0.0,0.0
2024-01-18,4.664735630477876,0.008892738808526035,0.0,0.0
2024-01-19,4.722887857390808,0.012466349975545077,0.0,0.0
2024-01-22,4.7328730572822435,0.002114214902606548,0.0,0.0
2024-01-23,4.7466767175722735,0.0029165498679055712,0.0,0.0
2024-01-24,4.751865084578802,0.001093052532379346,0.0,0.0
2024-01-25,4.777710347345729,0.0054389723417869185,0.0,0.0
2024-01-26,4.77164079717185,-0.001270388896064234,0.0,0.0
2024-01-29,4.809429238969995,0.007919381069199982,0.0,0.0
2024-01-30,4.80570889350562,-0.000773552386264309,0.0,0.0
2024-01-31,4.727292847622415,-0.016317269235590848,0.0,0.0
2024-02-01,4.789164494394575,0.013088177264769518,0.0,0.0
2024-02-02,4.839581685576099,0.010527345895204654,0.0,0.0
2024-02-05,4.821959873429263,-0.0036411849807921337,0.0,0.0
2024-02-06,4.835960072119412,0.002903424967780177,0.0,0.0
2024-02-07,4.876293331411922,0.008340279632382153,0.0,0.0
2024-02-08,4.878447231868245,0.00044170854990355224,0.0,0.0
2024-02-09,4.9066413908129975,0.005779330513318914,0.0,0.0
2024-02-12,4.904488107430144,-0.0004388507761919902,0.0,0.0
2024-02-13,4.836938444615835,-0.013773030199007552,0.0,0.0
2024-02-14,4.880894860043648,0.009087652433688254,0.0,0.0
2024-02-15,4.914572039329267,0.0068997960929888524,0.0,0.0
2024-02-16,4.890097608775421,-0.00497997187913557,0.0,0.0
2024-02-20,4.863175241504383,-0.005505486684504124,0.0,0.0
2024-02-21,4.8675799231942,0.0009057213592111868,0.0,0.0
2024-02-22,4.968317424790186,0.02069560298660278,0.0,0.0
2024-02-23,4.971744042535481,0.0006896938042237899,0.0,0.0
2024-02-26,4.953534466398586,-0.0036626133568229413,0.0,0.0
2024-02-27,4.962736906598678,0.0018577523306875232,0.0,0.0
2024-02-28,4.956178015910748,-0.001321627725058283,0.0,0.0
2024-02-29,4.9739951323107645,0.003594930679006847,0.0,0.0
2024-03-01,5.020692595111492,0.009388320969070385,0.0,0.0
2024-03-04,5.015308306778314,-0.001072419438389982,0.0,0.0
2024-03-05,4.96518515184755,-0.009994032642623663,0.0,0.0
2024-03-06,4.990343918626838,0.0050670349664456715,0.0,0.0
2024-03-07,5.039881160798058,0.009926618882181382,0.0,0.0
2024-03-08,5.009629982184266,-0.006002359509802768,0.0,0.0
2024-03-11,5.005322798345089,-0.0008597808330144119,0.0,0.0
2024-03-12,5.059166915813696,0.010757371629739776,0.0,0.0
2024-03-13,5.051236884370896,-0.0015674579579521009,0.0,0.0
2024-03-14,5.041251375947781,-0.0019768442169106892,0.0,0.0
2024-03-15,5.006635008437136,-0.006866621981161947,0.0,0.0
2024-03-18,5.036390058718616,0.00594312352135451,0.0,0.0
2024-03-19,5.064378114599215,0.0055571660563003,0.0,0.0
2024-03-20,5.111220281497289,0.009249342335446942,0.0,0.0
2024-03-21,5.128110859703654,0.0033046077602074675,0.0,0.0
2024-03-22,5.11838915086058,-0.0018957680730865567,0.0,0.0
2024-03-25,5.104247950524005,-0.002762822427090472,0.0,0.0
2024-03-26,5.0948208950152685,-0.001846903912214759,0.0,0.0
2024-03-27,5.13763664723019,0.008403779661187327,0.0,0.0
2024-03-28,5.136654880824636,-0.00019109300111419536,0.0,0.0
2024-04-01,5.12771716582995,-0.0017399874435891638,0.0,0.0
2024-04-02,5.0951155483496064,-0.0063579203817235586,0.0,0.0
2024-04-03,5.100712727575309,0.0010985382318788872,0.0,0.0
2024-04-04,5.03845294060077,-0.012206095559538555,0.0,0.0
2024-04-05,5.091088516592985,0.010446773367290607,0.0,0.0
2024-04-08,5.0939369350122545,0.0005594910420405608,0.0,0.0
2024-04-09,5.0998284590305065,0.0011565757671159194,0.0,0.0
2024-04-10,5.048763339039052,-0.01001310542142475,0.0,0.0
2024-04-11,5.086866489104753,0.007547026371997223,0.0,0.0
2024-04-12,5.016651679156339,-0.013803155655608967,0.0,0.0
2024-04-15,4.953802894044803,-0.01252803446024875,0.0,0.0
2024-04-16,4.9447679897311545,-0.0018238320148971088,0.0,0.0
2024-04-17,4.915503514120773,-0.005918270719911578,0.0,0.0
2024-04-18,4.905389036999031,-0.002057668577122529,0.0,0.0
2024-04-19,4.862572667720751,-0.008728434983512279,0.0,0.0
2024-04-22,4.907353186883607,0.009209223640013198,0.0,0.0
2024-04-23,4.965586867706674,0.011866617014384406,0.0,0.0
2024-04-24,4.963229949553539,-0.00047465047252781556,0.0,0.0
2024-04-25,4.944375221462597,-0.0037988826394470543,0.0,0.0
2024-04-26,4.991218005434139,0.009473954114203709,0.0,0.0
2024-04-29,5.008894120187731,0.0035414431375961897,0.0,0.0
2024-04-30,4.929547216596597,-0.015841202007312538,0.0,0.0
2024-05-01,4.9135399813096665,-0.0032472019403806396,0.0,0.0
2024-05-02,4.959498188204726,0.00935338006200781,0.0,0.0
2024-05-03,5.020972438642151,0.012395256153864498,0.0,0.0
2024-05-06,5.07282309517072,0.010326815604387418,0.0,0.0
2024-05-07,5.078421817075039,0.0011036698499597986,0.0,0.0
2024-05-08,5.078911774662559,9.647831652581651e-05,0.0,0.0
2024-05-09,5.108175633209582,0.005761836362862871,0.0,0.0
2024-05-10,5.114756121519454,0.0012882267138762948,0.0,0.0
2024-05-13,5.115443543122349,0.00013439968330120067,0.0,0.0
2024-05-14,5.13891368403344,0.004588094993765779,0.0,0.0
2024-05-15,5.20254862275556,0.01238295535490952,0.0,0.0
2024-05-16,5.191844221891674,-0.002057530191465484,0.0,0.0
2024-05-17,5.199306510452476,0.001437309796264108,0.0,0.0
2024-05-20,5.205298309167142,0.001152422674566278,0.0,0.0
2024-05-21,5.218063740692777,0.002452391922121766,0.0,0.0
2024-05-22,5.203039197416548,-0.002879333029043085,0.0,0.0
2024-05-23,5.165034470816747,-0.0073043321716030896,0.0,0.0
2024-05-24,5.1992102467487715,0.00661675660155292,0.0,0.0
2024-05-28,5.202843584631687,0.0006988249581150185,0.0,0.0
2024-05-29,5.166409931106115,-0.0070026424844272794,0.0,0.0
2024-05-30,5.132138508543854,-0.006633508184458736,0.0,0.0
2024-05-31,5.17888132636077,0.00910786365938887,0.0,0.0
2024-06-03,5.183103970912362,0.0008153584308059347,0.0,0.0
2024-06-04,5.188898305621762,0.0011179275472608108,0.0,0.0
2024-06-05,5.250569402990983,0.011885200621952086,0.0,0.0
2024-06-06,5.250470053909828,-1.8921582314312957e-05,0.0,0.0
2024-06-07,5.24408702961533,-0.0012157053042792798,0.0,0.0
2024-06-10,5.260291420375847,0.0030900308612356042,0.0,0.0
2024-06-11,5.272958736967263,0.0024081016770951535,0.0,0.0
2024-06-12,5.31626568090653,0.008213025380922057,0.0,0.0
2024-06-13,5.326970081770416,0.0020135187942791344,0.0,0.0
2024-06-14,5.330211577000032,0.0006085063703864524,0.0,0.0
2024-06-17,5.372634869478075,0.007959025990844415,0.0,0.0
2024-06-18,5.386284569538403,0.002540597005367351,0.0,0.0
2024-06-20,5.371651868925585,-0.002716659401096666,0.0,0.0
2024-06-21,5.3644512201826275,-0.001340490582536158,0.0,0.0
2024-06-24,5.3470126793310655,-0.003250759515894819,0.0,0.0
2024-06-25,5.367603239536911,0.003850853072677074,0.0,0.0
2024-06-26,5.3743028233294785,0.0012481518274709558,0.0,0.0
2024-06-27,5.382775263736039,0.0015764724625828563,0.0,0.0
2024-06-28,5.361592928567645,-0.0039352070503667624,0.0,0.0
2024-07-01,5.372628081649703,0.002058185548414304,0.0,0.0
2024-07-02,5.408783125791554,0.0067294894774754255,0.0,0.0
2024-07-03,5.432922484592729,0.004462992551146572,0.0,0.0
2024-07-05,5.464250150637164,0.005766264130084187,0.0,0.0
2024-07-08,5.470555423472447,0.00115391364989903,0.0,0.0
2024-07-09,5.475876461608304,0.000972668718979719,0.0,0.0
2024-07-10,5.530059970353971,0.00989494725192408,0.0,0.0
2024-07-11,5.482377964322137,-0.0086223307319363,0.0,0.0
2024-07-12,5.516957615865371,0.006307418380904872,0.0,0.0
2024-07-15,5.532130874221545,0.0027502945305470927,0.0,0.0
2024-07-16,5.564935200846799,0.005929781375584309,0.0,0.0
2024-07-17,5.486909763469958,-0.014020906724119264,0.0,0.0
2024-07-18,5.444743791285372,-0.007684830624573591,0.0,0.0
2024-07-19,5.408586278849649,-0.00664081062796662,0.0,0.0
2024-07-22,5.464349499718322,0.010310128745978586,0.0,0.0
2024-07-23,5.455777093147026,-0.0015687881186475794,0.0,0.0
2024-07-24,5.332135616997958,-0.022662486761853673,0.0,0.0
2024-07-25,5.304354281254979,-0.0052101705092451045,0.0,0.0
2024-07-26,5.363760096128814,0.011199443273193221,0.0,0.0
2024-07-29,5.366914583776971,0.0005881112487551299,0.0,0.0
2024-07-30,5.339723171786247,-0.005066488681023218,0.0,0.0
2024-07-31,5.426517245592714,0.016254414510674442,0.0,0.0
2024-08-01,5.349673506940785,-0.014160784011944316,0.0,0.0
2024-08-02,5.250070806354687,-0.01861846343648277,0.0,0.0
2024-08-05,5.097169174109515,-0.029123727638130092,0.0,0.0
2024-08-06,5.144163141475096,0.009219620883740953,0.0,0.0
2024-08-07,5.109778485643256,-0.006684207884974036,0.0,0.0
2024-08-08,5.227903619403287,0.023117466655731445,0.0,0.0
2024-08-09,5.250958160276943,0.004409901664615301,0.0,0.0
2024-08-12,5.253715251590365,0.00052506442239042,0.0,0.0
2024-08-13,5.340116248596594,0.016445694688168366,0.0,0.0
2024-08-14,5.356963014475496,0.00315475639380125,0.0,0.0
2024-08-15,5.4487825474783325,0.01714022156858719,0.0,0.0
2024-08-16,5.460998782201726,0.0022420117919821347,0.0,0.0
2024-08-19,5.513215055695475,0.009561670964646662,0.0,0.0
2024-08-20,5.504248955250474,-0.0016262925270325024,0.0,0.0
2024-08-21,5.523164156692966,0.003436472731570106,0.0,0.0
2024-08-22,5.479815251646639,-0.007848563579953782,0.0,0.0
2024-08-23,5.538040601952607,0.010625422141462115,0.0,0.0
2024-08-26,5.52483889837274,-0.0023838221004036653,0.0,0.0
2024-08-27,5.532425219014093,0.0013731297474732784,0.0,0.0
2024-08-28,5.500307079844796,-0.0058054357533675605,0.0,0.0
2024-08-29,5.5008007398832355,8.975135956479363e-05,0.0,0.0
2024-08-30,5.553311358169533,0.00954599535038092,0.0,0.0
2024-09-03,5.439029676339169,-0.020579015736663653,0.0,0.0
2024-09-04,5.4278964083228916,-0.002046921726628792,0.0,0.0
2024-09-05,5.414695321826602,-0.002432081510628681,0.0,0.0
2024-09-06,5.323565678730644,-0.016830059251647156,0.0,0.0
2024-09-09,5.383168340546386,0.011196003846420943,0.0,0.0
2024-09-10,5.406616575293746,0.004355842742413518,0.0,0.0
2024-09-11,5.46208236599242,0.010258872610299896,0.0,0.0
2024-09-12,5.5080908645015265,0.008423252420278526,0.0,0.0
2024-09-13,5.536857669090868,0.005222645249870039,0.0,0.0
2024-09-16,5.545036381768239,0.0014771397724431257,0.0,0.0
2024-09-17,5.547301664273736,0.0004085243719851306,0.0,0.0
2024-09-18,5.530848592268539,-0.0029659594882246454,0.0,0.0
2024-09-19,5.625229603789826,0.01706447210527884,0.0,0.0
2024-09-20,5.6155057351845565,-0.0017286171925708915,0.0,0.0
2024-09-23,5.629538638849408,0.002498956340998282,0.0,0.0
2024-09-24,5.645646765906221,0.0028613582906511503,0.0,0.0
2024-09-25,5.633194191437846,-0.002205694933586022,0.0,0.0
2024-09-26,5.655527988650324,0.003964677313348153,0.0,0.0
2024-09-27,5.647326444183854,-0.0014501819251764303,0.0,0.0
2024-09-30,5.669955820345927,0.00400709546114153,0.0,0.0
2024-10-01,5.619161287772994,-0.00895854115664596,0.0,0.0
2024-10-02,5.621534558408424,0.0004223531793960955,0.0,0.0
2024-10-03,5.611255939329586,-0.0018284365188974139,0.0,0.0
2024-10-04,5.662248553001474,0.009087557976900973,0.0,0.0
2024-10-07,5.611058475314211,-0.009040591773409101,0.0,0.0
2024-10-08,5.664126312367949,0.00945772304587611,0.0,0.0
2024-10-09,5.7033580926987435,0.006926360424754252,0.0,0.0
2024-10-10,5.693378137946954,-0.0017498383565578424,0.0,0.0
2024-10-11,5.727469683133182,0.005987929197782238,0.0,0.0
2024-10-14,5.774311850031256,0.00817850979395307,0.0,0.0
2024-10-15,5.729446791580815,-0.007769767136874939,0.0,0.0
2024-10-16,5.7543482380666475,0.004346221789235161,0.0,0.0
2024-10-17,5.754843749335603,8.611075459019624e-05,0.0,0.0
2024-10-18,5.776980082532703,0.003846556772224563,0.0,0.0
2024-10-21,5.767492553672417,-0.0016422990428810458,0.0,0.0
2024-10-22,5.764430010203576,-0.0005310008535496236,0.0,0.0
2024-10-23,5.7117577182540575,-0.009137467513055664,0.0,0.0
2024-10-24,5.72411032656781,0.0021626632156113157,0.0,0.0
2024-10-25,5.722134452267114,-0.000345184524401132,0.0,0.0
2024-10-28,5.739823525593871,0.0030913417841393898,0.0,0.0
2024-10-29,5.749112356291844,0.0016183129422977505,0.0,0.0
2024-10-30,5.731719478988152,-0.0030253152531725114,0.0,0.0
2024-10-31,5.619360603008774,-0.019602996341895884,0.0,0.0
2024-11-01,5.643077265412461,0.0042205268675921115,0.0,0.0
2024-11-04,5.630921504040616,-0.0021541015300906574,0.0,0.0
2024-11-05,5.6990101819095536,0.012091924531371756,0.0,0.0
2024-11-06,5.840719615475624,0.024865622106782892,0.0,0.0
2024-11-07,5.88588025286555,0.007732033099186575,0.0,0.0
2024-11-08,5.911375942628025,0.004331669804199967,0.0,0.0
2024-11-11,5.917007986590626,0.0009527467069023743,0.0,0.0
2024-11-12,5.898629023356991,-0.003106124459403503,0.0,0.0
2024-11-13,5.901494102800346,0.0004857195514431645,0.0,0.0
2024-11-14,5.863547072726541,-0.006430071675543658,0.0,0.0
2024-11-15,5.788442868630327,-0.012808663964778422,0.0,0.0
2024-11-18,5.81216076517084,0.0040974571363654455,0.0,0.0
2024-11-19,5.833406659078346,0.0036554208952410683,0.0,0.0
2024-11-20,5.83538315045251,0.0003388228336675958,0.0,0.0
2024-11-21,5.866708348192961,0.005368147546236379,0.0,0.0
2024-11-22,5.884891698641736,0.0030994127148618045,0.0,0.0
2024-11-25,5.904855310586125,0.0033923499304153726,0.0,0.0
2024-11-26,5.935686231214669,0.00522128299626079,0.0,0.0
2024-11-27,5.91770034479138,-0.003030127557737905,0.0,0.0
2024-11-29,5.9544632078565085,0.006212356307883304,0.0,0.0
2024-12-02,5.965134903735582,0.0017922179559348717,0.0,0.0
2024-12-03,5.9679018682548275,0.00046385615143629266,0.0,0.0
2024-12-04,6.004960310259442,0.006209626569387838,0.0,0.0
2024-12-05,5.995077236294935,-0.0016458183657969139,0.0,0.0
2024-12-06,6.006443141605276,0.0018958730408893398,0.0,0.0
2024-12-09,5.97551163773853,-0.005149720581302253,0.0,0.0
2024-12-10,5.956932742195645,-0.0031091723469417465,0.0,0.0
2024-12-11,6.002983818885279,0.007730669235768595,0.0,0.0
2024-12-12,5.972052315028642,-0.00515268819471526,0.0,0.0
2024-12-13,5.970866296779341,-0.00019859475214523137,0.0,0.0
2024-12-16,5.996361986541816,0.004270015186276677,0.0,0.0
2024-12-17,5.971656769914312,-0.004120034227912184,0.0,0.0
2024-12-18,5.793680601635648,-0.029803482540276316,0.0,0.0
2024-12-19,5.791900957193281,-0.000307169926119899,0.0,0.0
2024-12-20,5.861468146883665,0.012011115211489232,0.0,0.0
2024-12-23,5.896568609768714,0.005988339782023955,0.0,0.0
2024-12-24,5.962109384775943,0.011115070364593027,0.0,0.0
2024-12-26,5.9625061640271,6.655014618983657e-05,0.0,0.0
2024-12-27,5.899740992598002,-0.010526642606723202,0.0,0.0
2024-12-30,5.832416253624018,-0.01141147366612405,0.0,0.0
2024-12-31,5.8111975110198895,-0.003638070686560524,0.0,0.0
2025-01-02,5.796918394414343,-0.0024571728251309155,0.0,0.0
2025-01-03,5.869400029556979,0.01250347688393827,0.0,0.0
2025-01-06,5.903211422660651,0.005760621687635137,0.0,0.0
2025-01-07,5.836480926963308,-0.01130410058518061,0.0,0.0
2025-01-08,5.845008287060203,0.0014610447979879204,0.0,0.0
2025-01-10,5.755769978977355,-0.015267439103620384,0.0,0.0
2025-01-13,5.764694118325408,0.0015504683788003515,0.0,0.0
2025-01-14,5.772625383915145,0.0013758345936385474,0.0,0.0
2025-01-15,5.877629959473763,0.018190090050049568,0.0,0.0
2025-01-16,5.866326378745487,-0.0019231528364688222,0.0,0.0
2025-01-17,5.925224957924139,0.010040112904738718,0.0,0.0
2025-01-21,5.979460300972579,0.009153296867810523,0.0,0.0
2025-01-22,6.013074847144453,0.0056216689266097575,0.0,0.0
2025-01-23,6.045894600646858,0.005458065022754699,0.0,0.0
2025-01-24,6.028244403049708,-0.002919369053383969,0.0,0.0
2025-01-27,5.942972036308572,-0.01414547271805977,0.0,0.0
2025-01-28,5.9940362306847685,0.0085923665910288,0.0,0.0
2025-01-29,5.967165697716504,-0.0044828779697241306,0.0,0.0
2025-01-30,5.999191892716594,0.005367069832223015,0.0,0.0
2025-01-31,5.967265046797659,-0.005321857758491699,0.0,0.0
2025-02-03,5.927108270972051,-0.006729511008926714,0.0,0.0
2025-02-04,5.966868884619972,0.006708265115157097,0.0,0.0
2025-02-05,5.991061928954435,0.004054562753477375,0.0,0.0
2025-02-06,6.011883892297296,0.0034755046083281282,0.0,0.0
2025-02-07,5.956853756589496,-0.00915355929915862,0.0,0.0
2025-02-10,5.997309196742151,0.00679141066840927,0.0,0.0
2025-02-11,6.0018699984238655,0.0007604746615685887,0.0,0.0
2025-02-12,5.98253395179418,-0.0032216703518676004,0.0,0.0
2025-02-13,6.045696519558012,0.01055782855104237,0.0,0.0
2025-02-14,6.045398472314543,-4.929907455741844e-05,0.0,0.0
2025-02-18,6.0631467848459115,0.0029358383260671417,0.0,0.0
2025-02-19,6.077425284377991,0.0023549651754708467,0.0,0.0
2025-02-20,6.052141251361105,-0.004160319844964455,0.0,0.0
2025-02-21,5.9486238266727085,-0.017104264489054333,0.0,0.0
2025-02-24,5.92155459554213,-0.00455050309438032,0.0,0.0
2025-02-25,5.892106540094685,-0.0049730277703787795,0.0,0.0
2025-02-26,5.8950814589085985,0.0005048990193354808,0.0,0.0
2025-02-27,5.800983684827098,-0.015962082074252093,0.0,0.0
2025-02-28,5.891511062681214,0.015605521886037588,0.0,0.0
2025-03-03,5.788292302319865,-0.017519912848024788,0.0,0.0
2025-03-04,5.719775991425253,-0.011837050949751071,0.0,0.0
2025-03-05,5.781252710166661,0.01074809902233409,0.0,0.0
2025-03-06,5.678628193071844,-0.017751259500271677,0.0,0.0
2025-03-07,5.710456306983089,0.005604894849442266,0.0,0.0
2025-03-10,5.558355329610392,-0.026635520735304286,0.0,0.0
2025-03-11,5.51214936708591,-0.00831288389900775,0.0,0.0
2025-03-12,5.541399341444509,0.0053064553245338875,0.0,0.0
2025-03-13,5.4675305215862755,-0.01333035489894474,0.0,0.0
2025-03-14,5.580466979808101,0.020655844128522505,0.0,0.0
2025-03-17,5.623498708282888,0.007711133966116002,0.0,0.0
2025-03-18,5.5627174331297935,-0.010808444761189251,0.0,0.0
2025-03-19,5.623300627194042,0.010890935013782022,0.0,0.0
2025-03-20,5.607039465522785,-0.0028917468137162894,0.0,0.0
2025-03-21,5.608889456522525,0.00032994078445769404,0.0,0.0
2025-03-24,5.709336315766772,0.017908511127356697,0.0,0.0
2025-03-25,5.723060064835394,0.0024037380720982604,0.0,0.0
2025-03-26,5.654736898441879,-0.011938222842237556,0.0,0.0
2025-03-27,5.639719142994022,-0.0026557832340519116,0.0,0.0
2025-03-28,5.526145246251669,-0.0201382185642065,0.0,0.0
2025-03-31,5.563241329838953,0.006712831808473707,0.0,0.0
2025-04-01,5.578953911791546,0.002824357424208168,0.0,0.0
2025-04-02,5.614259860667282,0.006328417376080919,0.0,0.0
2025-04-03,5.337584389665281,-0.049280845181454924,0.0,0.0
2025-04-04,5.025106532923553,-0.05854293514248743,0.0,0.0
2025-04-07,5.016156167887381,-0.0017811294103978748,0.0,0.0
2025-04-08,4.937588938620247,-0.015662835573204137,0.0,0.0
2025-04-09,5.456131294227764,0.10501934487734355,0.0,0.0
2025-04-10,5.2170492693125174,-0.04381896476138325,0.0,0.0
2025-04-11,5.310136274454569,0.01784284570391237,0.0,0.0
2025-04-14,5.361651550698789,0.009701309642851097,0.0,0.0
2025-04-15,5.346635029397869,-0.0028007268206310387,0.0,0.0
2025-04-16,5.22778884344498,-0.022228221170778717,0.0,0.0
2025-04-17,5.23524804662833,0.0014268371211478836,0.0,0.0
2025-04-21,5.110634985811209,-0.023802704228575444,0.0,0.0
2025-04-22,5.243603242772602,0.026017952236964126,0.0,0.0
2025-04-23,5.32485474850191,0.015495357289150302,0.0,0.0
2025-04-24,5.436937174859763,0.021048917135136014,0.0,0.0
2025-04-25,5.476220789493329,0.00722532068518511,0.0,0.0
2025-04-28,5.478309588531924,0.00038143075651775327,0.0,0.0
2025-04-29,5.512817659360737,0.006299036275907222,0.0,0.0
2025-04-30,5.515007041637537,0.00039714396740153646,0.0,0.0
2025-05-01,5.554091341025212,0.00708689927185846,0.0,0.0
2025-05-02,5.636536886969021,0.01484411056311341,0.0,0.0
2025-05-05,5.604215113029445,-0.0057343320176436174,0.0,0.0
2025-05-06,5.55737356320484,-0.00835827120834487,0.0,0.0
2025-05-07,5.580744046503096,0.004205310841975951,0.0,0.0
2025-05-08,5.619630881885507,0.006968037784635062,0.0,0.0
2025-05-09,5.6124697259456235,-0.0012743107315049684,0.0,0.0
2025-05-12,5.797947058514698,0.03304736446267853,0.0,0.0
2025-05-13,5.836236565253123,0.006603976606201378,0.0,0.0
2025-05-14,5.843695151352894,0.0012779787139158838,0.0,0.0
2025-05-15,5.872237957696951,0.004884376341474539,0.0,0.0
2025-05-16,5.909433390375501,0.006334115365641102,0.0,0.0
2025-05-19,5.915897868580132,0.001093925217121372,0.0,0.0
2025-05-20,5.896006454403412,-0.0033623660547564826,0.0,0.0
2025-05-21,5.796654286292508,-0.016850756334688688,0.0,0.0
2025-05-22,5.798942400566885,0.0003947301600835118,0.0,0.0
2025-05-23,5.759360121616381,-0.006825775497724229,0.0,0.0
2025-05-27,5.879100449309786,0.020790560959018434,0.0,0.0
2025-05-28,5.845087272666349,-0.005785438935208109,0.0,0.0
2025-05-29,5.868160325784496,0.0039474266237296,0.0,0.0
2025-05-30,5.861596498498709,-0.0011185494126576545,0.0,0.0
2025-06-02,5.894614950173535,0.005633013409108489,0.0,0.0
2025-06-03,5.928228879261832,0.005702480886780714,0.0,0.0
2025-06-04,5.9266386768595325,-0.0002682424101172476,0.0,0.0
2025-06-05,5.897995287277273,-0.004832990695737394,0.0,0.0
2025-06-06,5.9585624374010155,0.010269107921193843,0.0,0.0
2025-06-09,5.963932224462193,0.0009011883516520935,0.0,0.0
2025-06-10,5.9977467029534255,0.00566982943778882,0.0,0.0
2025-06-11,5.980640765540442,-0.002852060658807165,0.0,0.0
2025-06-12,6.0044086451633225,0.003974135975500781,0.0,0.0
2025-06-13,5.937279518994418,-0.011179972939213245,0.0,0.0
2025-06-16,5.993769037185484,0.009514377419884923,0.0,0.0
2025-06-17,5.942550574047906,-0.008545284748180615,0.0,0.0
2025-06-18,5.941655198160453,-0.0001506719844106552,0.0,0.0
2025-06-20,5.927701280091641,-0.0023484900424939337,0.0,0.0
2025-06-23,5.9862518289545665,0.009877445926563366,0.0,0.0
2025-06-24,6.052383761850877,0.01104730218271821,0.0,0.0
2025-06-25,6.055775206317485,0.0005603485502660988,0.0,0.0
2025-06-26,6.103154845581462,0.007823876820022946,0.0,0.0
2025-06-27,6.133476679294418,0.004968222907683284,0.0,0.0
2025-06-30,6.162802553881715,0.004781280849456282,0.0,0.0
2025-07-01,6.16080755024284,-0.0003237169488122804,0.0,0.0
2025-07-02,6.188736366918827,0.004533304513770542,0.0,0.0
2025-07-03,6.237512447020647,0.007881428002418422,0.0,0.0
2025-07-07,6.1910306519481075,-0.007451976323468723,0.0,0.0
2025-07-08,6.1876392074815,-0.0005477996568374888,0.0,0.0
2025-07-09,6.22474393012767,0.005996587939598452,0.0,0.0
2025-07-10,6.242299715241519,0.0028203224599938626,0.0,0.0
2025-07-11,6.2203559094619365,-0.00351533998375686,0.0,0.0
2025-07-14,6.232224730932962,0.0019080614749023006,0.0,0.0
2025-07-15,6.205593006003552,-0.004273229236620102,0.0,0.0
2025-07-16,6.226340303274761,0.00334332226608125,0.0,0.0
2025-07-17,6.264442219193525,0.006119472123732761,0.0,0.0
2025-07-18,6.2598555003553695,-0.000732183118251517,0.0,0.0
2025-07-21,6.271724938909974,0.001896120214584851,0.0,0.0
2025-07-22,6.272622166027943,0.00014305906695666337,0.0,0.0
2025-07-23,6.325987433261791,0.00850764892597411,0.0,0.0
2025-07-24,6.328081168898243,0.00033097372679602444,0.0,0.0
2025-07-25,6.354812242898698,0.004224198977066829,0.0,0.0
2025-07-28,6.353217103898542,-0.0002510127662604944,0.0,0.0
2025-07-29,6.3364598138949715,-0.0026376070153950604,0.0,0.0
2025-07-30,6.328480416453383,-0.0012592832079658667,0.0,0.0
2025-07-31,6.304740305207348,-0.0037513130615547396,0.0,0.0
2025-08-01,6.201403683510241,-0.01639030581668155,0.0,0.0
2025-08-04,6.295663131244852,0.015199695511719291,0.0,0.0
2025-08-05,6.263744924384804,-0.005069872099992101,0.0,0.0
2025-08-06,6.311722509376344,0.007659568767681257,0.0,0.0
2025-08-07,6.306436027435596,-0.0008375656459699288,0.0,0.0
2025-08-08,6.355611355092556,0.007797641559040169,0.0,0.0
2025-08-11,6.343042770508828,-0.001977557135185326,0.0,0.0
2025-08-12,6.410571144242983,0.010646053664988608,0.0,0.0
2025-08-13,6.432515567106145,0.0034231618945324005,0.0,0.0
2025-08-14,6.433114129897065,9.30526766202977e-05,0.0,0.0
2025-08-15,6.418051945048275,-0.002341352033347288,0.0,0.0
2025-08-18,6.416655504220542,-0.0002175801691369772,0.0,0.0
2025-08-19,6.381843832456715,-0.005425205037254965,0.0,0.0
2025-08-20,6.364887227217365,-0.00265700723560669,0.0,0.0
2025-08-21,6.339352661725284,-0.004011786003511708,0.0,0.0
2025-08-22,6.4367042725259855,0.015356711638472964,0.0,0.0
2025-08-25,6.408376208294858,-0.004401019999014211,0.0,0.0
2025-08-26,6.435208482617096,0.004187062907996308,0.0,0.0
2025-08-27,6.449870802827167,0.002278453021324456,0.0,0.0
2025-08-28,6.472712452808297,0.003541412018845058,0.0,0.0
2025-08-29,6.434110706106301,-0.005963766656318592,0.0,0.0
2025-09-02,6.386432402515276,-0.007410239855801026,0.0,0.0
2025-09-03,6.4210447590332125,0.005419670065607285,0.0,0.0
2025-09-04,6.474707456437061,0.0083573155798915,0.0,0.0
2025-09-05,6.455955162804727,-0.00289623797808658,0.0,0.0
2025-09-08,6.471814608616861,0.002456560712116751,0.0,0.0
2025-09-09,6.486776827300916,0.00231190471125875,0.0,0.0
2025-09-10,6.50552912094336,0.0028908492062686975,0.0,0.0
2025-09-11,6.559591682975818,0.008310248256120145,0.0,0.0
2025-09-12,6.557396129954226,-0.00033470879403829645,0.0,0.0
2025-09-15,6.592307767872677,0.005324009290665677,0.0,0.0
2025-09-16,6.58323121099376,-0.001376840584286998,0.0,0.0
2025-09-17,6.575052498306278,-0.0012423553761599093,0.0,0.0
2025-09-18,6.605774196647843,0.004672464341460181,0.0,0.0
2025-09-19,6.638491515691638,0.00495283642307931,0.0,0.0
2025-09-22,6.669898784415691,0.0047310851644255525,0.0,0.0
2025-09-23,6.633590705659396,-0.005443572673266006,0.0,0.0
2025-09-24,6.61248488779317,-0.0031816581400205823,0.0,0.0
2025-09-25,6.581978548638005,-0.004613445576485242,0.0,0.0
2025-09-26,6.619687387756532,0.005729103922152756,0.0,0.0
2025-09-29,6.638291583372279,0.002810434167957343,0.0,0.0
2025-09-30,6.663296698473766,0.0037667997537378373,0.0,0.0
2025-10-01,6.686001974864538,0.0034075139406553046,0.0,0.0
2025-10-02,6.693702454390727,0.0011517315662092908,0.0,0.0
2025-10-03,6.693604339456507,-1.4657797368200498e-05,0.0,0.0
2025-10-06,6.717609175897839,0.0035862347434896247,0.0,0.0
2025-10-07,6.692703409887618,-0.0037075342369693454,0.0,0.0
2025-10-08,6.732612121542015,0.00596301811244726,0.0,0.0
2025-10-09,6.713107613430849,-0.002897019427089531,0.0,0.0
2025-10-10,6.531667185824219,-0.027027784754056983,0.0,0.0
2025-10-13,6.6318894297497115,0.015344052456164103,0.0,0.0
2025-10-14,6.623787234374508,-0.0012217024214634664,0.0,0.0
2025-10-15,6.653193945788361,0.004439561594195673,0.0,0.0
2025-10-16,6.607883976234912,-0.006810258339475017,0.0,0.0
2025-10-17,6.645392883034079,0.005676387014975859,0.0,0.0
2025-10-20,6.714508373782971,0.010400512349743263,0.0,0.0
2025-10-21,6.714408407628347,-1.4888082501274269e-05,0.0,0.0
2025-10-22,6.679500472160816,-0.005198959215509058,0.0,0.0
2025-10-23,6.719109285341229,0.0059299064870939056,0.0,0.0
2025-10-24,6.774021559723383,0.008172552648005427,0.0,0.0
2025-10-27,6.85393956627038,0.011797719544054841,0.0,0.0
2025-10-28,6.872143280184051,0.0026559489965822802,0.0,0.0
2025-10-29,6.8754452487652165,0.0004804859920028992,0.0,0.0
2025-10-30,6.799827638229024,-0.010998212886616066,0.0,0.0
2025-10-31,6.822131815844251,0.0032801092618630623,0.0,0.0
2025-11-03,6.834935506015915,0.0018767872737268654,0.0,0.0
2025-11-04,6.753917254654137,-0.011853550233278387,0.0,0.0
2025-11-05,6.777322294147502,0.0034654021674955793,0.0,0.0
2025-11-06,6.704606170490397,-0.010729329446217739,0.0,0.0
2025-11-07,6.711207022275276,0.0009845249097450992,0.0,0.0
2025-11-10,6.815930828687981,0.015604317683110436,0.0,0.0
2025-11-11,6.8315341883535945,0.002289248535202182,0.0,0.0
2025-11-12,6.835335987717993,0.0005565074051565588,0.0,0.0
2025-11-13,6.721910188992227,-0.016594034138127878,0.0,0.0
2025-11-14,6.720809327103979,-0.0001637721804214065,0.0,0.0
2025-11-17,6.658195339048699,-0.009316435715973514,0.0,0.0
2025-11-18,6.602282786026612,-0.008397553717622852,0.0,0.0
2025-11-19,6.627788966058269,0.0038632365286805914,0.0,0.0
2025-11-20,6.52676637579198,-0.015242276237767638,0.0,0.0
2025-11-21,6.591780785775957,0.0099611976652203,0.0,0.0
2025-11-24,6.688802261431957,0.014718553120782962,0.0,0.0
2025-11-25,6.751716765034689,0.009405944613656958,0.0,0.0
2025-11-26,6.798327528785637,0.00690354251711689,0.0,0.0
2025-11-28,6.835435336799149,0.005458373086084656,0.0,0.0
2025-12-01,6.804228000394454,-0.0045655228770414835,0.0,0.0
2025-12-02,6.8168311411834015,0.0018522513925482986,0.0,0.0
2025-12-03,6.8404367300695945,0.003462839022604136,0.0,0.0
2025-12-04,6.845437506256461,0.0007310609518371702,0.0,0.0
2025-12-05,6.858441128747485,0.0018996042954360082,0.0,0.0
2025-12-08,6.837836375811427,-0.003004290996928227,0.0,0.0
2025-12-09,6.831934052982204,-0.0008631857366611095,0.0,0.0
2025-12-10,6.877245256682591,0.006632265965829776,0.0,0.0
2025-12-11,6.893247863903344,0.0023268920364885037,0.0,0.0
2025-12-12,6.819132214030945,-0.010751920043454044,0.0,0.0
2025-12-15,6.808829529026182,-0.001510849867900177,0.0,0.0
2025-12-16,6.790225333410435,-0.0027323632551582433,0.0,0.0
2025-12-17,6.715508035359552,-0.011003655163436932,0.0,0.0
2025-12-18,6.766219879885523,0.00755145318253736,0.0,0.0
2025-12-19,6.827544798159423,0.009063394238222333,0.0,0.0
2025-12-22,6.870079781228431,0.00622990904145726,0.0,0.0
2025-12-23,6.901479027967064,0.004570434076242913,0.0,0.0
2025-12-24,6.9257559945055345,0.0035176469333735305,0.0,0.0
2025-12-26,6.9250531460356,-0.0001014832850727565,0.0,0.0
2025-12-29,6.900375080711474,-0.003563592192538323,0.0,0.0
2025-12-30,6.891948920926251,-0.0012211161982740304,0.0,0.0
2025-12-31,6.840886577780569,-0.007408984560323573,0.0,0.0
